[2025-07-01T21:16:45.340+0000] {processor.py:186} INFO - Started process (PID=69) to work on /home/airflow/.local/lib/python3.12/site-packages/airflow/example_dags/example_dag_decorator.py
[2025-07-01T21:16:45.341+0000] {processor.py:914} INFO - Processing file /home/airflow/.local/lib/python3.12/site-packages/airflow/example_dags/example_dag_decorator.py for tasks to queue
[2025-07-01T21:16:45.346+0000] {logging_mixin.py:190} INFO - [2025-07-01T21:16:45.346+0000] {dagbag.py:588} INFO - Filling up the DagBag from /home/airflow/.local/lib/python3.12/site-packages/airflow/example_dags/example_dag_decorator.py
[2025-07-01T21:16:45.357+0000] {processor.py:925} INFO - DAG(s) 'example_dag_decorator' retrieved from /home/airflow/.local/lib/python3.12/site-packages/airflow/example_dags/example_dag_decorator.py
[2025-07-01T21:16:45.460+0000] {logging_mixin.py:190} INFO - [2025-07-01T21:16:45.460+0000] {dag.py:3239} INFO - Sync 1 DAGs
[2025-07-01T21:16:45.471+0000] {logging_mixin.py:190} INFO - [2025-07-01T21:16:45.471+0000] {dag.py:4180} INFO - Setting next_dagrun for example_dag_decorator to None, run_after=None
[2025-07-01T21:16:45.489+0000] {processor.py:208} INFO - Processing /home/airflow/.local/lib/python3.12/site-packages/airflow/example_dags/example_dag_decorator.py took 0.154 seconds
[2025-07-01T21:17:16.017+0000] {processor.py:186} INFO - Started process (PID=131) to work on /home/airflow/.local/lib/python3.12/site-packages/airflow/example_dags/example_dag_decorator.py
[2025-07-01T21:17:16.018+0000] {processor.py:914} INFO - Processing file /home/airflow/.local/lib/python3.12/site-packages/airflow/example_dags/example_dag_decorator.py for tasks to queue
[2025-07-01T21:17:16.022+0000] {logging_mixin.py:190} INFO - [2025-07-01T21:17:16.021+0000] {dagbag.py:588} INFO - Filling up the DagBag from /home/airflow/.local/lib/python3.12/site-packages/airflow/example_dags/example_dag_decorator.py
[2025-07-01T21:17:16.034+0000] {processor.py:925} INFO - DAG(s) 'example_dag_decorator' retrieved from /home/airflow/.local/lib/python3.12/site-packages/airflow/example_dags/example_dag_decorator.py
[2025-07-01T21:17:16.141+0000] {logging_mixin.py:190} INFO - [2025-07-01T21:17:16.140+0000] {dag.py:3239} INFO - Sync 1 DAGs
[2025-07-01T21:17:16.152+0000] {logging_mixin.py:190} INFO - [2025-07-01T21:17:16.151+0000] {dag.py:4180} INFO - Setting next_dagrun for example_dag_decorator to None, run_after=None
[2025-07-01T21:17:16.174+0000] {processor.py:208} INFO - Processing /home/airflow/.local/lib/python3.12/site-packages/airflow/example_dags/example_dag_decorator.py took 0.162 seconds
[2025-07-01T21:17:46.532+0000] {processor.py:186} INFO - Started process (PID=193) to work on /home/airflow/.local/lib/python3.12/site-packages/airflow/example_dags/example_dag_decorator.py
[2025-07-01T21:17:46.533+0000] {processor.py:914} INFO - Processing file /home/airflow/.local/lib/python3.12/site-packages/airflow/example_dags/example_dag_decorator.py for tasks to queue
[2025-07-01T21:17:46.535+0000] {logging_mixin.py:190} INFO - [2025-07-01T21:17:46.535+0000] {dagbag.py:588} INFO - Filling up the DagBag from /home/airflow/.local/lib/python3.12/site-packages/airflow/example_dags/example_dag_decorator.py
[2025-07-01T21:17:46.545+0000] {processor.py:925} INFO - DAG(s) 'example_dag_decorator' retrieved from /home/airflow/.local/lib/python3.12/site-packages/airflow/example_dags/example_dag_decorator.py
[2025-07-01T21:17:46.629+0000] {logging_mixin.py:190} INFO - [2025-07-01T21:17:46.629+0000] {dag.py:3239} INFO - Sync 1 DAGs
[2025-07-01T21:17:46.639+0000] {logging_mixin.py:190} INFO - [2025-07-01T21:17:46.638+0000] {dag.py:4180} INFO - Setting next_dagrun for example_dag_decorator to None, run_after=None
[2025-07-01T21:17:46.657+0000] {processor.py:208} INFO - Processing /home/airflow/.local/lib/python3.12/site-packages/airflow/example_dags/example_dag_decorator.py took 0.130 seconds
[2025-07-01T21:18:17.290+0000] {processor.py:186} INFO - Started process (PID=256) to work on /home/airflow/.local/lib/python3.12/site-packages/airflow/example_dags/example_dag_decorator.py
[2025-07-01T21:18:17.291+0000] {processor.py:914} INFO - Processing file /home/airflow/.local/lib/python3.12/site-packages/airflow/example_dags/example_dag_decorator.py for tasks to queue
[2025-07-01T21:18:17.294+0000] {logging_mixin.py:190} INFO - [2025-07-01T21:18:17.293+0000] {dagbag.py:588} INFO - Filling up the DagBag from /home/airflow/.local/lib/python3.12/site-packages/airflow/example_dags/example_dag_decorator.py
[2025-07-01T21:18:17.304+0000] {processor.py:925} INFO - DAG(s) 'example_dag_decorator' retrieved from /home/airflow/.local/lib/python3.12/site-packages/airflow/example_dags/example_dag_decorator.py
[2025-07-01T21:18:17.385+0000] {logging_mixin.py:190} INFO - [2025-07-01T21:18:17.385+0000] {dag.py:3239} INFO - Sync 1 DAGs
[2025-07-01T21:18:17.395+0000] {logging_mixin.py:190} INFO - [2025-07-01T21:18:17.395+0000] {dag.py:4180} INFO - Setting next_dagrun for example_dag_decorator to None, run_after=None
[2025-07-01T21:18:17.414+0000] {processor.py:208} INFO - Processing /home/airflow/.local/lib/python3.12/site-packages/airflow/example_dags/example_dag_decorator.py took 0.129 seconds
[2025-07-01T21:18:48.014+0000] {processor.py:186} INFO - Started process (PID=318) to work on /home/airflow/.local/lib/python3.12/site-packages/airflow/example_dags/example_dag_decorator.py
[2025-07-01T21:18:48.015+0000] {processor.py:914} INFO - Processing file /home/airflow/.local/lib/python3.12/site-packages/airflow/example_dags/example_dag_decorator.py for tasks to queue
[2025-07-01T21:18:48.017+0000] {logging_mixin.py:190} INFO - [2025-07-01T21:18:48.016+0000] {dagbag.py:588} INFO - Filling up the DagBag from /home/airflow/.local/lib/python3.12/site-packages/airflow/example_dags/example_dag_decorator.py
[2025-07-01T21:18:48.027+0000] {processor.py:925} INFO - DAG(s) 'example_dag_decorator' retrieved from /home/airflow/.local/lib/python3.12/site-packages/airflow/example_dags/example_dag_decorator.py
[2025-07-01T21:18:48.112+0000] {logging_mixin.py:190} INFO - [2025-07-01T21:18:48.112+0000] {dag.py:3239} INFO - Sync 1 DAGs
[2025-07-01T21:18:48.123+0000] {logging_mixin.py:190} INFO - [2025-07-01T21:18:48.123+0000] {dag.py:4180} INFO - Setting next_dagrun for example_dag_decorator to None, run_after=None
[2025-07-01T21:18:48.141+0000] {processor.py:208} INFO - Processing /home/airflow/.local/lib/python3.12/site-packages/airflow/example_dags/example_dag_decorator.py took 0.132 seconds
[2025-07-01T21:19:18.741+0000] {processor.py:186} INFO - Started process (PID=386) to work on /home/airflow/.local/lib/python3.12/site-packages/airflow/example_dags/example_dag_decorator.py
[2025-07-01T21:19:18.742+0000] {processor.py:914} INFO - Processing file /home/airflow/.local/lib/python3.12/site-packages/airflow/example_dags/example_dag_decorator.py for tasks to queue
[2025-07-01T21:19:18.744+0000] {logging_mixin.py:190} INFO - [2025-07-01T21:19:18.744+0000] {dagbag.py:588} INFO - Filling up the DagBag from /home/airflow/.local/lib/python3.12/site-packages/airflow/example_dags/example_dag_decorator.py
[2025-07-01T21:19:18.754+0000] {processor.py:925} INFO - DAG(s) 'example_dag_decorator' retrieved from /home/airflow/.local/lib/python3.12/site-packages/airflow/example_dags/example_dag_decorator.py
[2025-07-01T21:19:18.854+0000] {logging_mixin.py:190} INFO - [2025-07-01T21:19:18.853+0000] {dag.py:3239} INFO - Sync 1 DAGs
[2025-07-01T21:19:18.868+0000] {logging_mixin.py:190} INFO - [2025-07-01T21:19:18.868+0000] {dag.py:4180} INFO - Setting next_dagrun for example_dag_decorator to None, run_after=None
[2025-07-01T21:19:18.895+0000] {processor.py:208} INFO - Processing /home/airflow/.local/lib/python3.12/site-packages/airflow/example_dags/example_dag_decorator.py took 0.159 seconds
[2025-07-01T21:19:49.815+0000] {processor.py:186} INFO - Started process (PID=448) to work on /home/airflow/.local/lib/python3.12/site-packages/airflow/example_dags/example_dag_decorator.py
[2025-07-01T21:19:49.816+0000] {processor.py:914} INFO - Processing file /home/airflow/.local/lib/python3.12/site-packages/airflow/example_dags/example_dag_decorator.py for tasks to queue
[2025-07-01T21:19:49.819+0000] {logging_mixin.py:190} INFO - [2025-07-01T21:19:49.819+0000] {dagbag.py:588} INFO - Filling up the DagBag from /home/airflow/.local/lib/python3.12/site-packages/airflow/example_dags/example_dag_decorator.py
[2025-07-01T21:19:49.831+0000] {processor.py:925} INFO - DAG(s) 'example_dag_decorator' retrieved from /home/airflow/.local/lib/python3.12/site-packages/airflow/example_dags/example_dag_decorator.py
[2025-07-01T21:19:49.922+0000] {logging_mixin.py:190} INFO - [2025-07-01T21:19:49.922+0000] {dag.py:3239} INFO - Sync 1 DAGs
[2025-07-01T21:19:49.931+0000] {logging_mixin.py:190} INFO - [2025-07-01T21:19:49.931+0000] {dag.py:4180} INFO - Setting next_dagrun for example_dag_decorator to None, run_after=None
[2025-07-01T21:19:49.950+0000] {processor.py:208} INFO - Processing /home/airflow/.local/lib/python3.12/site-packages/airflow/example_dags/example_dag_decorator.py took 0.141 seconds
[2025-07-01T21:20:20.442+0000] {processor.py:186} INFO - Started process (PID=510) to work on /home/airflow/.local/lib/python3.12/site-packages/airflow/example_dags/example_dag_decorator.py
[2025-07-01T21:20:20.443+0000] {processor.py:914} INFO - Processing file /home/airflow/.local/lib/python3.12/site-packages/airflow/example_dags/example_dag_decorator.py for tasks to queue
[2025-07-01T21:20:20.445+0000] {logging_mixin.py:190} INFO - [2025-07-01T21:20:20.445+0000] {dagbag.py:588} INFO - Filling up the DagBag from /home/airflow/.local/lib/python3.12/site-packages/airflow/example_dags/example_dag_decorator.py
[2025-07-01T21:20:20.455+0000] {processor.py:925} INFO - DAG(s) 'example_dag_decorator' retrieved from /home/airflow/.local/lib/python3.12/site-packages/airflow/example_dags/example_dag_decorator.py
[2025-07-01T21:20:20.552+0000] {logging_mixin.py:190} INFO - [2025-07-01T21:20:20.552+0000] {dag.py:3239} INFO - Sync 1 DAGs
[2025-07-01T21:20:20.562+0000] {logging_mixin.py:190} INFO - [2025-07-01T21:20:20.562+0000] {dag.py:4180} INFO - Setting next_dagrun for example_dag_decorator to None, run_after=None
[2025-07-01T21:20:20.583+0000] {processor.py:208} INFO - Processing /home/airflow/.local/lib/python3.12/site-packages/airflow/example_dags/example_dag_decorator.py took 0.145 seconds
[2025-07-01T21:20:51.396+0000] {processor.py:186} INFO - Started process (PID=572) to work on /home/airflow/.local/lib/python3.12/site-packages/airflow/example_dags/example_dag_decorator.py
[2025-07-01T21:20:51.398+0000] {processor.py:914} INFO - Processing file /home/airflow/.local/lib/python3.12/site-packages/airflow/example_dags/example_dag_decorator.py for tasks to queue
[2025-07-01T21:20:51.400+0000] {logging_mixin.py:190} INFO - [2025-07-01T21:20:51.400+0000] {dagbag.py:588} INFO - Filling up the DagBag from /home/airflow/.local/lib/python3.12/site-packages/airflow/example_dags/example_dag_decorator.py
[2025-07-01T21:20:51.410+0000] {processor.py:925} INFO - DAG(s) 'example_dag_decorator' retrieved from /home/airflow/.local/lib/python3.12/site-packages/airflow/example_dags/example_dag_decorator.py
[2025-07-01T21:20:51.515+0000] {logging_mixin.py:190} INFO - [2025-07-01T21:20:51.515+0000] {dag.py:3239} INFO - Sync 1 DAGs
[2025-07-01T21:20:51.526+0000] {logging_mixin.py:190} INFO - [2025-07-01T21:20:51.526+0000] {dag.py:4180} INFO - Setting next_dagrun for example_dag_decorator to None, run_after=None
[2025-07-01T21:20:51.546+0000] {processor.py:208} INFO - Processing /home/airflow/.local/lib/python3.12/site-packages/airflow/example_dags/example_dag_decorator.py took 0.155 seconds
[2025-07-01T21:21:22.277+0000] {processor.py:186} INFO - Started process (PID=634) to work on /home/airflow/.local/lib/python3.12/site-packages/airflow/example_dags/example_dag_decorator.py
[2025-07-01T21:21:22.278+0000] {processor.py:914} INFO - Processing file /home/airflow/.local/lib/python3.12/site-packages/airflow/example_dags/example_dag_decorator.py for tasks to queue
[2025-07-01T21:21:22.280+0000] {logging_mixin.py:190} INFO - [2025-07-01T21:21:22.280+0000] {dagbag.py:588} INFO - Filling up the DagBag from /home/airflow/.local/lib/python3.12/site-packages/airflow/example_dags/example_dag_decorator.py
[2025-07-01T21:21:22.290+0000] {processor.py:925} INFO - DAG(s) 'example_dag_decorator' retrieved from /home/airflow/.local/lib/python3.12/site-packages/airflow/example_dags/example_dag_decorator.py
[2025-07-01T21:21:22.380+0000] {logging_mixin.py:190} INFO - [2025-07-01T21:21:22.380+0000] {dag.py:3239} INFO - Sync 1 DAGs
[2025-07-01T21:21:22.391+0000] {logging_mixin.py:190} INFO - [2025-07-01T21:21:22.390+0000] {dag.py:4180} INFO - Setting next_dagrun for example_dag_decorator to None, run_after=None
[2025-07-01T21:21:22.411+0000] {processor.py:208} INFO - Processing /home/airflow/.local/lib/python3.12/site-packages/airflow/example_dags/example_dag_decorator.py took 0.139 seconds
[2025-07-01T21:21:52.649+0000] {processor.py:186} INFO - Started process (PID=696) to work on /home/airflow/.local/lib/python3.12/site-packages/airflow/example_dags/example_dag_decorator.py
[2025-07-01T21:21:52.650+0000] {processor.py:914} INFO - Processing file /home/airflow/.local/lib/python3.12/site-packages/airflow/example_dags/example_dag_decorator.py for tasks to queue
[2025-07-01T21:21:52.653+0000] {logging_mixin.py:190} INFO - [2025-07-01T21:21:52.652+0000] {dagbag.py:588} INFO - Filling up the DagBag from /home/airflow/.local/lib/python3.12/site-packages/airflow/example_dags/example_dag_decorator.py
[2025-07-01T21:21:52.663+0000] {processor.py:925} INFO - DAG(s) 'example_dag_decorator' retrieved from /home/airflow/.local/lib/python3.12/site-packages/airflow/example_dags/example_dag_decorator.py
[2025-07-01T21:21:52.753+0000] {logging_mixin.py:190} INFO - [2025-07-01T21:21:52.753+0000] {dag.py:3239} INFO - Sync 1 DAGs
[2025-07-01T21:21:52.763+0000] {logging_mixin.py:190} INFO - [2025-07-01T21:21:52.763+0000] {dag.py:4180} INFO - Setting next_dagrun for example_dag_decorator to None, run_after=None
[2025-07-01T21:21:52.784+0000] {processor.py:208} INFO - Processing /home/airflow/.local/lib/python3.12/site-packages/airflow/example_dags/example_dag_decorator.py took 0.140 seconds
[2025-07-01T21:22:23.246+0000] {processor.py:186} INFO - Started process (PID=758) to work on /home/airflow/.local/lib/python3.12/site-packages/airflow/example_dags/example_dag_decorator.py
[2025-07-01T21:22:23.246+0000] {processor.py:914} INFO - Processing file /home/airflow/.local/lib/python3.12/site-packages/airflow/example_dags/example_dag_decorator.py for tasks to queue
[2025-07-01T21:22:23.248+0000] {logging_mixin.py:190} INFO - [2025-07-01T21:22:23.248+0000] {dagbag.py:588} INFO - Filling up the DagBag from /home/airflow/.local/lib/python3.12/site-packages/airflow/example_dags/example_dag_decorator.py
[2025-07-01T21:22:23.258+0000] {processor.py:925} INFO - DAG(s) 'example_dag_decorator' retrieved from /home/airflow/.local/lib/python3.12/site-packages/airflow/example_dags/example_dag_decorator.py
[2025-07-01T21:22:23.343+0000] {logging_mixin.py:190} INFO - [2025-07-01T21:22:23.343+0000] {dag.py:3239} INFO - Sync 1 DAGs
[2025-07-01T21:22:23.352+0000] {logging_mixin.py:190} INFO - [2025-07-01T21:22:23.352+0000] {dag.py:4180} INFO - Setting next_dagrun for example_dag_decorator to None, run_after=None
[2025-07-01T21:22:23.371+0000] {processor.py:208} INFO - Processing /home/airflow/.local/lib/python3.12/site-packages/airflow/example_dags/example_dag_decorator.py took 0.131 seconds
[2025-07-01T21:22:53.742+0000] {processor.py:186} INFO - Started process (PID=820) to work on /home/airflow/.local/lib/python3.12/site-packages/airflow/example_dags/example_dag_decorator.py
[2025-07-01T21:22:53.742+0000] {processor.py:914} INFO - Processing file /home/airflow/.local/lib/python3.12/site-packages/airflow/example_dags/example_dag_decorator.py for tasks to queue
[2025-07-01T21:22:53.744+0000] {logging_mixin.py:190} INFO - [2025-07-01T21:22:53.744+0000] {dagbag.py:588} INFO - Filling up the DagBag from /home/airflow/.local/lib/python3.12/site-packages/airflow/example_dags/example_dag_decorator.py
[2025-07-01T21:22:53.754+0000] {processor.py:925} INFO - DAG(s) 'example_dag_decorator' retrieved from /home/airflow/.local/lib/python3.12/site-packages/airflow/example_dags/example_dag_decorator.py
[2025-07-01T21:22:53.772+0000] {logging_mixin.py:190} INFO - [2025-07-01T21:22:53.772+0000] {dag.py:3239} INFO - Sync 1 DAGs
[2025-07-01T21:22:53.783+0000] {logging_mixin.py:190} INFO - [2025-07-01T21:22:53.783+0000] {dag.py:4180} INFO - Setting next_dagrun for example_dag_decorator to None, run_after=None
[2025-07-01T21:22:53.799+0000] {processor.py:208} INFO - Processing /home/airflow/.local/lib/python3.12/site-packages/airflow/example_dags/example_dag_decorator.py took 0.063 seconds
[2025-07-01T21:23:24.012+0000] {processor.py:186} INFO - Started process (PID=882) to work on /home/airflow/.local/lib/python3.12/site-packages/airflow/example_dags/example_dag_decorator.py
[2025-07-01T21:23:24.013+0000] {processor.py:914} INFO - Processing file /home/airflow/.local/lib/python3.12/site-packages/airflow/example_dags/example_dag_decorator.py for tasks to queue
[2025-07-01T21:23:24.015+0000] {logging_mixin.py:190} INFO - [2025-07-01T21:23:24.015+0000] {dagbag.py:588} INFO - Filling up the DagBag from /home/airflow/.local/lib/python3.12/site-packages/airflow/example_dags/example_dag_decorator.py
[2025-07-01T21:23:24.025+0000] {processor.py:925} INFO - DAG(s) 'example_dag_decorator' retrieved from /home/airflow/.local/lib/python3.12/site-packages/airflow/example_dags/example_dag_decorator.py
[2025-07-01T21:23:24.108+0000] {logging_mixin.py:190} INFO - [2025-07-01T21:23:24.107+0000] {dag.py:3239} INFO - Sync 1 DAGs
[2025-07-01T21:23:24.116+0000] {logging_mixin.py:190} INFO - [2025-07-01T21:23:24.116+0000] {dag.py:4180} INFO - Setting next_dagrun for example_dag_decorator to None, run_after=None
[2025-07-01T21:23:24.135+0000] {processor.py:208} INFO - Processing /home/airflow/.local/lib/python3.12/site-packages/airflow/example_dags/example_dag_decorator.py took 0.128 seconds
[2025-07-01T21:23:54.441+0000] {processor.py:186} INFO - Started process (PID=944) to work on /home/airflow/.local/lib/python3.12/site-packages/airflow/example_dags/example_dag_decorator.py
[2025-07-01T21:23:54.442+0000] {processor.py:914} INFO - Processing file /home/airflow/.local/lib/python3.12/site-packages/airflow/example_dags/example_dag_decorator.py for tasks to queue
[2025-07-01T21:23:54.444+0000] {logging_mixin.py:190} INFO - [2025-07-01T21:23:54.444+0000] {dagbag.py:588} INFO - Filling up the DagBag from /home/airflow/.local/lib/python3.12/site-packages/airflow/example_dags/example_dag_decorator.py
[2025-07-01T21:23:54.454+0000] {processor.py:925} INFO - DAG(s) 'example_dag_decorator' retrieved from /home/airflow/.local/lib/python3.12/site-packages/airflow/example_dags/example_dag_decorator.py
[2025-07-01T21:23:54.542+0000] {logging_mixin.py:190} INFO - [2025-07-01T21:23:54.542+0000] {dag.py:3239} INFO - Sync 1 DAGs
[2025-07-01T21:23:54.552+0000] {logging_mixin.py:190} INFO - [2025-07-01T21:23:54.551+0000] {dag.py:4180} INFO - Setting next_dagrun for example_dag_decorator to None, run_after=None
[2025-07-01T21:23:54.570+0000] {processor.py:208} INFO - Processing /home/airflow/.local/lib/python3.12/site-packages/airflow/example_dags/example_dag_decorator.py took 0.133 seconds
[2025-07-01T21:24:24.734+0000] {processor.py:186} INFO - Started process (PID=1006) to work on /home/airflow/.local/lib/python3.12/site-packages/airflow/example_dags/example_dag_decorator.py
[2025-07-01T21:24:24.735+0000] {processor.py:914} INFO - Processing file /home/airflow/.local/lib/python3.12/site-packages/airflow/example_dags/example_dag_decorator.py for tasks to queue
[2025-07-01T21:24:24.737+0000] {logging_mixin.py:190} INFO - [2025-07-01T21:24:24.737+0000] {dagbag.py:588} INFO - Filling up the DagBag from /home/airflow/.local/lib/python3.12/site-packages/airflow/example_dags/example_dag_decorator.py
[2025-07-01T21:24:24.747+0000] {processor.py:925} INFO - DAG(s) 'example_dag_decorator' retrieved from /home/airflow/.local/lib/python3.12/site-packages/airflow/example_dags/example_dag_decorator.py
[2025-07-01T21:24:24.833+0000] {logging_mixin.py:190} INFO - [2025-07-01T21:24:24.833+0000] {dag.py:3239} INFO - Sync 1 DAGs
[2025-07-01T21:24:24.842+0000] {logging_mixin.py:190} INFO - [2025-07-01T21:24:24.841+0000] {dag.py:4180} INFO - Setting next_dagrun for example_dag_decorator to None, run_after=None
[2025-07-01T21:24:24.858+0000] {processor.py:208} INFO - Processing /home/airflow/.local/lib/python3.12/site-packages/airflow/example_dags/example_dag_decorator.py took 0.128 seconds
[2025-07-01T21:24:55.091+0000] {processor.py:186} INFO - Started process (PID=1069) to work on /home/airflow/.local/lib/python3.12/site-packages/airflow/example_dags/example_dag_decorator.py
[2025-07-01T21:24:55.092+0000] {processor.py:914} INFO - Processing file /home/airflow/.local/lib/python3.12/site-packages/airflow/example_dags/example_dag_decorator.py for tasks to queue
[2025-07-01T21:24:55.094+0000] {logging_mixin.py:190} INFO - [2025-07-01T21:24:55.094+0000] {dagbag.py:588} INFO - Filling up the DagBag from /home/airflow/.local/lib/python3.12/site-packages/airflow/example_dags/example_dag_decorator.py
[2025-07-01T21:24:55.105+0000] {processor.py:925} INFO - DAG(s) 'example_dag_decorator' retrieved from /home/airflow/.local/lib/python3.12/site-packages/airflow/example_dags/example_dag_decorator.py
[2025-07-01T21:24:55.212+0000] {logging_mixin.py:190} INFO - [2025-07-01T21:24:55.211+0000] {dag.py:3239} INFO - Sync 1 DAGs
[2025-07-01T21:24:55.228+0000] {logging_mixin.py:190} INFO - [2025-07-01T21:24:55.227+0000] {dag.py:4180} INFO - Setting next_dagrun for example_dag_decorator to None, run_after=None
[2025-07-01T21:24:55.247+0000] {processor.py:208} INFO - Processing /home/airflow/.local/lib/python3.12/site-packages/airflow/example_dags/example_dag_decorator.py took 0.161 seconds
[2025-07-01T21:25:25.559+0000] {processor.py:186} INFO - Started process (PID=1132) to work on /home/airflow/.local/lib/python3.12/site-packages/airflow/example_dags/example_dag_decorator.py
[2025-07-01T21:25:25.560+0000] {processor.py:914} INFO - Processing file /home/airflow/.local/lib/python3.12/site-packages/airflow/example_dags/example_dag_decorator.py for tasks to queue
[2025-07-01T21:25:25.562+0000] {logging_mixin.py:190} INFO - [2025-07-01T21:25:25.562+0000] {dagbag.py:588} INFO - Filling up the DagBag from /home/airflow/.local/lib/python3.12/site-packages/airflow/example_dags/example_dag_decorator.py
[2025-07-01T21:25:25.572+0000] {processor.py:925} INFO - DAG(s) 'example_dag_decorator' retrieved from /home/airflow/.local/lib/python3.12/site-packages/airflow/example_dags/example_dag_decorator.py
[2025-07-01T21:25:25.661+0000] {logging_mixin.py:190} INFO - [2025-07-01T21:25:25.661+0000] {dag.py:3239} INFO - Sync 1 DAGs
[2025-07-01T21:25:25.672+0000] {logging_mixin.py:190} INFO - [2025-07-01T21:25:25.672+0000] {dag.py:4180} INFO - Setting next_dagrun for example_dag_decorator to None, run_after=None
[2025-07-01T21:25:25.690+0000] {processor.py:208} INFO - Processing /home/airflow/.local/lib/python3.12/site-packages/airflow/example_dags/example_dag_decorator.py took 0.137 seconds
[2025-07-01T21:25:56.365+0000] {processor.py:186} INFO - Started process (PID=1194) to work on /home/airflow/.local/lib/python3.12/site-packages/airflow/example_dags/example_dag_decorator.py
[2025-07-01T21:25:56.367+0000] {processor.py:914} INFO - Processing file /home/airflow/.local/lib/python3.12/site-packages/airflow/example_dags/example_dag_decorator.py for tasks to queue
[2025-07-01T21:25:56.370+0000] {logging_mixin.py:190} INFO - [2025-07-01T21:25:56.369+0000] {dagbag.py:588} INFO - Filling up the DagBag from /home/airflow/.local/lib/python3.12/site-packages/airflow/example_dags/example_dag_decorator.py
[2025-07-01T21:25:56.393+0000] {processor.py:925} INFO - DAG(s) 'example_dag_decorator' retrieved from /home/airflow/.local/lib/python3.12/site-packages/airflow/example_dags/example_dag_decorator.py
[2025-07-01T21:25:56.547+0000] {logging_mixin.py:190} INFO - [2025-07-01T21:25:56.547+0000] {dag.py:3239} INFO - Sync 1 DAGs
[2025-07-01T21:25:56.559+0000] {logging_mixin.py:190} INFO - [2025-07-01T21:25:56.558+0000] {dag.py:4180} INFO - Setting next_dagrun for example_dag_decorator to None, run_after=None
[2025-07-01T21:25:56.584+0000] {processor.py:208} INFO - Processing /home/airflow/.local/lib/python3.12/site-packages/airflow/example_dags/example_dag_decorator.py took 0.227 seconds
[2025-07-01T21:26:26.921+0000] {processor.py:186} INFO - Started process (PID=1256) to work on /home/airflow/.local/lib/python3.12/site-packages/airflow/example_dags/example_dag_decorator.py
[2025-07-01T21:26:26.922+0000] {processor.py:914} INFO - Processing file /home/airflow/.local/lib/python3.12/site-packages/airflow/example_dags/example_dag_decorator.py for tasks to queue
[2025-07-01T21:26:26.924+0000] {logging_mixin.py:190} INFO - [2025-07-01T21:26:26.924+0000] {dagbag.py:588} INFO - Filling up the DagBag from /home/airflow/.local/lib/python3.12/site-packages/airflow/example_dags/example_dag_decorator.py
[2025-07-01T21:26:26.936+0000] {processor.py:925} INFO - DAG(s) 'example_dag_decorator' retrieved from /home/airflow/.local/lib/python3.12/site-packages/airflow/example_dags/example_dag_decorator.py
[2025-07-01T21:26:27.042+0000] {logging_mixin.py:190} INFO - [2025-07-01T21:26:27.042+0000] {dag.py:3239} INFO - Sync 1 DAGs
[2025-07-01T21:26:27.052+0000] {logging_mixin.py:190} INFO - [2025-07-01T21:26:27.052+0000] {dag.py:4180} INFO - Setting next_dagrun for example_dag_decorator to None, run_after=None
[2025-07-01T21:26:27.072+0000] {processor.py:208} INFO - Processing /home/airflow/.local/lib/python3.12/site-packages/airflow/example_dags/example_dag_decorator.py took 0.156 seconds
[2025-07-01T21:26:57.469+0000] {processor.py:186} INFO - Started process (PID=1317) to work on /home/airflow/.local/lib/python3.12/site-packages/airflow/example_dags/example_dag_decorator.py
[2025-07-01T21:26:57.470+0000] {processor.py:914} INFO - Processing file /home/airflow/.local/lib/python3.12/site-packages/airflow/example_dags/example_dag_decorator.py for tasks to queue
[2025-07-01T21:26:57.472+0000] {logging_mixin.py:190} INFO - [2025-07-01T21:26:57.471+0000] {dagbag.py:588} INFO - Filling up the DagBag from /home/airflow/.local/lib/python3.12/site-packages/airflow/example_dags/example_dag_decorator.py
[2025-07-01T21:26:57.482+0000] {processor.py:925} INFO - DAG(s) 'example_dag_decorator' retrieved from /home/airflow/.local/lib/python3.12/site-packages/airflow/example_dags/example_dag_decorator.py
[2025-07-01T21:26:57.578+0000] {logging_mixin.py:190} INFO - [2025-07-01T21:26:57.578+0000] {dag.py:3239} INFO - Sync 1 DAGs
[2025-07-01T21:26:57.587+0000] {logging_mixin.py:190} INFO - [2025-07-01T21:26:57.587+0000] {dag.py:4180} INFO - Setting next_dagrun for example_dag_decorator to None, run_after=None
[2025-07-01T21:26:57.606+0000] {processor.py:208} INFO - Processing /home/airflow/.local/lib/python3.12/site-packages/airflow/example_dags/example_dag_decorator.py took 0.142 seconds
[2025-07-01T21:27:28.171+0000] {processor.py:186} INFO - Started process (PID=1379) to work on /home/airflow/.local/lib/python3.12/site-packages/airflow/example_dags/example_dag_decorator.py
[2025-07-01T21:27:28.172+0000] {processor.py:914} INFO - Processing file /home/airflow/.local/lib/python3.12/site-packages/airflow/example_dags/example_dag_decorator.py for tasks to queue
[2025-07-01T21:27:28.178+0000] {logging_mixin.py:190} INFO - [2025-07-01T21:27:28.177+0000] {dagbag.py:588} INFO - Filling up the DagBag from /home/airflow/.local/lib/python3.12/site-packages/airflow/example_dags/example_dag_decorator.py
[2025-07-01T21:27:28.193+0000] {processor.py:925} INFO - DAG(s) 'example_dag_decorator' retrieved from /home/airflow/.local/lib/python3.12/site-packages/airflow/example_dags/example_dag_decorator.py
[2025-07-01T21:27:28.279+0000] {logging_mixin.py:190} INFO - [2025-07-01T21:27:28.279+0000] {dag.py:3239} INFO - Sync 1 DAGs
[2025-07-01T21:27:28.289+0000] {logging_mixin.py:190} INFO - [2025-07-01T21:27:28.289+0000] {dag.py:4180} INFO - Setting next_dagrun for example_dag_decorator to None, run_after=None
[2025-07-01T21:27:28.306+0000] {processor.py:208} INFO - Processing /home/airflow/.local/lib/python3.12/site-packages/airflow/example_dags/example_dag_decorator.py took 0.143 seconds
[2025-07-01T21:27:58.579+0000] {processor.py:186} INFO - Started process (PID=1442) to work on /home/airflow/.local/lib/python3.12/site-packages/airflow/example_dags/example_dag_decorator.py
[2025-07-01T21:27:58.580+0000] {processor.py:914} INFO - Processing file /home/airflow/.local/lib/python3.12/site-packages/airflow/example_dags/example_dag_decorator.py for tasks to queue
[2025-07-01T21:27:58.582+0000] {logging_mixin.py:190} INFO - [2025-07-01T21:27:58.582+0000] {dagbag.py:588} INFO - Filling up the DagBag from /home/airflow/.local/lib/python3.12/site-packages/airflow/example_dags/example_dag_decorator.py
[2025-07-01T21:27:58.593+0000] {processor.py:925} INFO - DAG(s) 'example_dag_decorator' retrieved from /home/airflow/.local/lib/python3.12/site-packages/airflow/example_dags/example_dag_decorator.py
[2025-07-01T21:27:58.687+0000] {logging_mixin.py:190} INFO - [2025-07-01T21:27:58.687+0000] {dag.py:3239} INFO - Sync 1 DAGs
[2025-07-01T21:27:58.698+0000] {logging_mixin.py:190} INFO - [2025-07-01T21:27:58.697+0000] {dag.py:4180} INFO - Setting next_dagrun for example_dag_decorator to None, run_after=None
[2025-07-01T21:27:58.719+0000] {processor.py:208} INFO - Processing /home/airflow/.local/lib/python3.12/site-packages/airflow/example_dags/example_dag_decorator.py took 0.144 seconds
[2025-07-01T21:28:28.964+0000] {processor.py:186} INFO - Started process (PID=1504) to work on /home/airflow/.local/lib/python3.12/site-packages/airflow/example_dags/example_dag_decorator.py
[2025-07-01T21:28:28.965+0000] {processor.py:914} INFO - Processing file /home/airflow/.local/lib/python3.12/site-packages/airflow/example_dags/example_dag_decorator.py for tasks to queue
[2025-07-01T21:28:28.967+0000] {logging_mixin.py:190} INFO - [2025-07-01T21:28:28.967+0000] {dagbag.py:588} INFO - Filling up the DagBag from /home/airflow/.local/lib/python3.12/site-packages/airflow/example_dags/example_dag_decorator.py
[2025-07-01T21:28:28.978+0000] {processor.py:925} INFO - DAG(s) 'example_dag_decorator' retrieved from /home/airflow/.local/lib/python3.12/site-packages/airflow/example_dags/example_dag_decorator.py
[2025-07-01T21:28:29.070+0000] {logging_mixin.py:190} INFO - [2025-07-01T21:28:29.070+0000] {dag.py:3239} INFO - Sync 1 DAGs
[2025-07-01T21:28:29.079+0000] {logging_mixin.py:190} INFO - [2025-07-01T21:28:29.079+0000] {dag.py:4180} INFO - Setting next_dagrun for example_dag_decorator to None, run_after=None
[2025-07-01T21:28:29.099+0000] {processor.py:208} INFO - Processing /home/airflow/.local/lib/python3.12/site-packages/airflow/example_dags/example_dag_decorator.py took 0.140 seconds
[2025-07-01T21:29:00.088+0000] {processor.py:186} INFO - Started process (PID=1566) to work on /home/airflow/.local/lib/python3.12/site-packages/airflow/example_dags/example_dag_decorator.py
[2025-07-01T21:29:00.089+0000] {processor.py:914} INFO - Processing file /home/airflow/.local/lib/python3.12/site-packages/airflow/example_dags/example_dag_decorator.py for tasks to queue
[2025-07-01T21:29:00.091+0000] {logging_mixin.py:190} INFO - [2025-07-01T21:29:00.091+0000] {dagbag.py:588} INFO - Filling up the DagBag from /home/airflow/.local/lib/python3.12/site-packages/airflow/example_dags/example_dag_decorator.py
[2025-07-01T21:29:00.101+0000] {processor.py:925} INFO - DAG(s) 'example_dag_decorator' retrieved from /home/airflow/.local/lib/python3.12/site-packages/airflow/example_dags/example_dag_decorator.py
[2025-07-01T21:29:00.128+0000] {logging_mixin.py:190} INFO - [2025-07-01T21:29:00.128+0000] {dag.py:3239} INFO - Sync 1 DAGs
[2025-07-01T21:29:00.142+0000] {logging_mixin.py:190} INFO - [2025-07-01T21:29:00.142+0000] {dag.py:4180} INFO - Setting next_dagrun for example_dag_decorator to None, run_after=None
[2025-07-01T21:29:00.162+0000] {processor.py:208} INFO - Processing /home/airflow/.local/lib/python3.12/site-packages/airflow/example_dags/example_dag_decorator.py took 0.079 seconds
[2025-07-01T21:29:30.595+0000] {processor.py:186} INFO - Started process (PID=1628) to work on /home/airflow/.local/lib/python3.12/site-packages/airflow/example_dags/example_dag_decorator.py
[2025-07-01T21:29:30.596+0000] {processor.py:914} INFO - Processing file /home/airflow/.local/lib/python3.12/site-packages/airflow/example_dags/example_dag_decorator.py for tasks to queue
[2025-07-01T21:29:30.599+0000] {logging_mixin.py:190} INFO - [2025-07-01T21:29:30.598+0000] {dagbag.py:588} INFO - Filling up the DagBag from /home/airflow/.local/lib/python3.12/site-packages/airflow/example_dags/example_dag_decorator.py
[2025-07-01T21:29:30.609+0000] {processor.py:925} INFO - DAG(s) 'example_dag_decorator' retrieved from /home/airflow/.local/lib/python3.12/site-packages/airflow/example_dags/example_dag_decorator.py
[2025-07-01T21:29:30.628+0000] {logging_mixin.py:190} INFO - [2025-07-01T21:29:30.628+0000] {dag.py:3239} INFO - Sync 1 DAGs
[2025-07-01T21:29:30.639+0000] {logging_mixin.py:190} INFO - [2025-07-01T21:29:30.639+0000] {dag.py:4180} INFO - Setting next_dagrun for example_dag_decorator to None, run_after=None
[2025-07-01T21:29:30.656+0000] {processor.py:208} INFO - Processing /home/airflow/.local/lib/python3.12/site-packages/airflow/example_dags/example_dag_decorator.py took 0.066 seconds
[2025-07-01T21:30:00.853+0000] {processor.py:186} INFO - Started process (PID=1690) to work on /home/airflow/.local/lib/python3.12/site-packages/airflow/example_dags/example_dag_decorator.py
[2025-07-01T21:30:00.854+0000] {processor.py:914} INFO - Processing file /home/airflow/.local/lib/python3.12/site-packages/airflow/example_dags/example_dag_decorator.py for tasks to queue
[2025-07-01T21:30:00.856+0000] {logging_mixin.py:190} INFO - [2025-07-01T21:30:00.856+0000] {dagbag.py:588} INFO - Filling up the DagBag from /home/airflow/.local/lib/python3.12/site-packages/airflow/example_dags/example_dag_decorator.py
[2025-07-01T21:30:00.867+0000] {processor.py:925} INFO - DAG(s) 'example_dag_decorator' retrieved from /home/airflow/.local/lib/python3.12/site-packages/airflow/example_dags/example_dag_decorator.py
[2025-07-01T21:30:00.960+0000] {logging_mixin.py:190} INFO - [2025-07-01T21:30:00.960+0000] {dag.py:3239} INFO - Sync 1 DAGs
[2025-07-01T21:30:00.970+0000] {logging_mixin.py:190} INFO - [2025-07-01T21:30:00.970+0000] {dag.py:4180} INFO - Setting next_dagrun for example_dag_decorator to None, run_after=None
[2025-07-01T21:30:00.990+0000] {processor.py:208} INFO - Processing /home/airflow/.local/lib/python3.12/site-packages/airflow/example_dags/example_dag_decorator.py took 0.143 seconds
[2025-07-01T21:30:31.159+0000] {processor.py:186} INFO - Started process (PID=1752) to work on /home/airflow/.local/lib/python3.12/site-packages/airflow/example_dags/example_dag_decorator.py
[2025-07-01T21:30:31.160+0000] {processor.py:914} INFO - Processing file /home/airflow/.local/lib/python3.12/site-packages/airflow/example_dags/example_dag_decorator.py for tasks to queue
[2025-07-01T21:30:31.162+0000] {logging_mixin.py:190} INFO - [2025-07-01T21:30:31.161+0000] {dagbag.py:588} INFO - Filling up the DagBag from /home/airflow/.local/lib/python3.12/site-packages/airflow/example_dags/example_dag_decorator.py
[2025-07-01T21:30:31.172+0000] {processor.py:925} INFO - DAG(s) 'example_dag_decorator' retrieved from /home/airflow/.local/lib/python3.12/site-packages/airflow/example_dags/example_dag_decorator.py
[2025-07-01T21:30:31.258+0000] {logging_mixin.py:190} INFO - [2025-07-01T21:30:31.258+0000] {dag.py:3239} INFO - Sync 1 DAGs
[2025-07-01T21:30:31.269+0000] {logging_mixin.py:190} INFO - [2025-07-01T21:30:31.269+0000] {dag.py:4180} INFO - Setting next_dagrun for example_dag_decorator to None, run_after=None
[2025-07-01T21:30:31.289+0000] {processor.py:208} INFO - Processing /home/airflow/.local/lib/python3.12/site-packages/airflow/example_dags/example_dag_decorator.py took 0.136 seconds
[2025-07-01T21:31:01.811+0000] {processor.py:186} INFO - Started process (PID=1814) to work on /home/airflow/.local/lib/python3.12/site-packages/airflow/example_dags/example_dag_decorator.py
[2025-07-01T21:31:01.812+0000] {processor.py:914} INFO - Processing file /home/airflow/.local/lib/python3.12/site-packages/airflow/example_dags/example_dag_decorator.py for tasks to queue
[2025-07-01T21:31:01.814+0000] {logging_mixin.py:190} INFO - [2025-07-01T21:31:01.814+0000] {dagbag.py:588} INFO - Filling up the DagBag from /home/airflow/.local/lib/python3.12/site-packages/airflow/example_dags/example_dag_decorator.py
[2025-07-01T21:31:01.824+0000] {processor.py:925} INFO - DAG(s) 'example_dag_decorator' retrieved from /home/airflow/.local/lib/python3.12/site-packages/airflow/example_dags/example_dag_decorator.py
[2025-07-01T21:31:01.842+0000] {logging_mixin.py:190} INFO - [2025-07-01T21:31:01.842+0000] {dag.py:3239} INFO - Sync 1 DAGs
[2025-07-01T21:31:01.853+0000] {logging_mixin.py:190} INFO - [2025-07-01T21:31:01.852+0000] {dag.py:4180} INFO - Setting next_dagrun for example_dag_decorator to None, run_after=None
[2025-07-01T21:31:01.870+0000] {processor.py:208} INFO - Processing /home/airflow/.local/lib/python3.12/site-packages/airflow/example_dags/example_dag_decorator.py took 0.064 seconds
[2025-07-01T21:31:32.159+0000] {processor.py:186} INFO - Started process (PID=1876) to work on /home/airflow/.local/lib/python3.12/site-packages/airflow/example_dags/example_dag_decorator.py
[2025-07-01T21:31:32.160+0000] {processor.py:914} INFO - Processing file /home/airflow/.local/lib/python3.12/site-packages/airflow/example_dags/example_dag_decorator.py for tasks to queue
[2025-07-01T21:31:32.162+0000] {logging_mixin.py:190} INFO - [2025-07-01T21:31:32.162+0000] {dagbag.py:588} INFO - Filling up the DagBag from /home/airflow/.local/lib/python3.12/site-packages/airflow/example_dags/example_dag_decorator.py
[2025-07-01T21:31:32.173+0000] {processor.py:925} INFO - DAG(s) 'example_dag_decorator' retrieved from /home/airflow/.local/lib/python3.12/site-packages/airflow/example_dags/example_dag_decorator.py
[2025-07-01T21:31:32.196+0000] {logging_mixin.py:190} INFO - [2025-07-01T21:31:32.196+0000] {dag.py:3239} INFO - Sync 1 DAGs
[2025-07-01T21:31:32.208+0000] {logging_mixin.py:190} INFO - [2025-07-01T21:31:32.208+0000] {dag.py:4180} INFO - Setting next_dagrun for example_dag_decorator to None, run_after=None
[2025-07-01T21:31:32.227+0000] {processor.py:208} INFO - Processing /home/airflow/.local/lib/python3.12/site-packages/airflow/example_dags/example_dag_decorator.py took 0.073 seconds
[2025-07-01T21:32:02.562+0000] {processor.py:186} INFO - Started process (PID=1939) to work on /home/airflow/.local/lib/python3.12/site-packages/airflow/example_dags/example_dag_decorator.py
[2025-07-01T21:32:02.563+0000] {processor.py:914} INFO - Processing file /home/airflow/.local/lib/python3.12/site-packages/airflow/example_dags/example_dag_decorator.py for tasks to queue
[2025-07-01T21:32:02.565+0000] {logging_mixin.py:190} INFO - [2025-07-01T21:32:02.565+0000] {dagbag.py:588} INFO - Filling up the DagBag from /home/airflow/.local/lib/python3.12/site-packages/airflow/example_dags/example_dag_decorator.py
[2025-07-01T21:32:02.575+0000] {processor.py:925} INFO - DAG(s) 'example_dag_decorator' retrieved from /home/airflow/.local/lib/python3.12/site-packages/airflow/example_dags/example_dag_decorator.py
[2025-07-01T21:32:02.596+0000] {logging_mixin.py:190} INFO - [2025-07-01T21:32:02.596+0000] {dag.py:3239} INFO - Sync 1 DAGs
[2025-07-01T21:32:02.608+0000] {logging_mixin.py:190} INFO - [2025-07-01T21:32:02.608+0000] {dag.py:4180} INFO - Setting next_dagrun for example_dag_decorator to None, run_after=None
[2025-07-01T21:32:02.625+0000] {processor.py:208} INFO - Processing /home/airflow/.local/lib/python3.12/site-packages/airflow/example_dags/example_dag_decorator.py took 0.067 seconds
[2025-07-01T21:32:33.282+0000] {processor.py:186} INFO - Started process (PID=2002) to work on /home/airflow/.local/lib/python3.12/site-packages/airflow/example_dags/example_dag_decorator.py
[2025-07-01T21:32:33.283+0000] {processor.py:914} INFO - Processing file /home/airflow/.local/lib/python3.12/site-packages/airflow/example_dags/example_dag_decorator.py for tasks to queue
[2025-07-01T21:32:33.285+0000] {logging_mixin.py:190} INFO - [2025-07-01T21:32:33.285+0000] {dagbag.py:588} INFO - Filling up the DagBag from /home/airflow/.local/lib/python3.12/site-packages/airflow/example_dags/example_dag_decorator.py
[2025-07-01T21:32:33.296+0000] {processor.py:925} INFO - DAG(s) 'example_dag_decorator' retrieved from /home/airflow/.local/lib/python3.12/site-packages/airflow/example_dags/example_dag_decorator.py
[2025-07-01T21:32:33.315+0000] {logging_mixin.py:190} INFO - [2025-07-01T21:32:33.315+0000] {dag.py:3239} INFO - Sync 1 DAGs
[2025-07-01T21:32:33.328+0000] {logging_mixin.py:190} INFO - [2025-07-01T21:32:33.328+0000] {dag.py:4180} INFO - Setting next_dagrun for example_dag_decorator to None, run_after=None
[2025-07-01T21:32:33.347+0000] {processor.py:208} INFO - Processing /home/airflow/.local/lib/python3.12/site-packages/airflow/example_dags/example_dag_decorator.py took 0.070 seconds
[2025-07-01T21:33:03.627+0000] {processor.py:186} INFO - Started process (PID=2065) to work on /home/airflow/.local/lib/python3.12/site-packages/airflow/example_dags/example_dag_decorator.py
[2025-07-01T21:33:03.628+0000] {processor.py:914} INFO - Processing file /home/airflow/.local/lib/python3.12/site-packages/airflow/example_dags/example_dag_decorator.py for tasks to queue
[2025-07-01T21:33:03.631+0000] {logging_mixin.py:190} INFO - [2025-07-01T21:33:03.630+0000] {dagbag.py:588} INFO - Filling up the DagBag from /home/airflow/.local/lib/python3.12/site-packages/airflow/example_dags/example_dag_decorator.py
[2025-07-01T21:33:03.641+0000] {processor.py:925} INFO - DAG(s) 'example_dag_decorator' retrieved from /home/airflow/.local/lib/python3.12/site-packages/airflow/example_dags/example_dag_decorator.py
[2025-07-01T21:33:03.743+0000] {logging_mixin.py:190} INFO - [2025-07-01T21:33:03.743+0000] {dag.py:3239} INFO - Sync 1 DAGs
[2025-07-01T21:33:03.754+0000] {logging_mixin.py:190} INFO - [2025-07-01T21:33:03.754+0000] {dag.py:4180} INFO - Setting next_dagrun for example_dag_decorator to None, run_after=None
[2025-07-01T21:33:03.775+0000] {processor.py:208} INFO - Processing /home/airflow/.local/lib/python3.12/site-packages/airflow/example_dags/example_dag_decorator.py took 0.154 seconds
[2025-07-01T21:33:34.917+0000] {processor.py:186} INFO - Started process (PID=2128) to work on /home/airflow/.local/lib/python3.12/site-packages/airflow/example_dags/example_dag_decorator.py
[2025-07-01T21:33:34.918+0000] {processor.py:914} INFO - Processing file /home/airflow/.local/lib/python3.12/site-packages/airflow/example_dags/example_dag_decorator.py for tasks to queue
[2025-07-01T21:33:34.922+0000] {logging_mixin.py:190} INFO - [2025-07-01T21:33:34.921+0000] {dagbag.py:588} INFO - Filling up the DagBag from /home/airflow/.local/lib/python3.12/site-packages/airflow/example_dags/example_dag_decorator.py
[2025-07-01T21:33:34.938+0000] {processor.py:925} INFO - DAG(s) 'example_dag_decorator' retrieved from /home/airflow/.local/lib/python3.12/site-packages/airflow/example_dags/example_dag_decorator.py
[2025-07-01T21:33:34.968+0000] {logging_mixin.py:190} INFO - [2025-07-01T21:33:34.968+0000] {dag.py:3239} INFO - Sync 1 DAGs
[2025-07-01T21:33:34.986+0000] {logging_mixin.py:190} INFO - [2025-07-01T21:33:34.986+0000] {dag.py:4180} INFO - Setting next_dagrun for example_dag_decorator to None, run_after=None
[2025-07-01T21:33:35.012+0000] {processor.py:208} INFO - Processing /home/airflow/.local/lib/python3.12/site-packages/airflow/example_dags/example_dag_decorator.py took 0.103 seconds
[2025-07-01T21:34:05.259+0000] {processor.py:186} INFO - Started process (PID=2191) to work on /home/airflow/.local/lib/python3.12/site-packages/airflow/example_dags/example_dag_decorator.py
[2025-07-01T21:34:05.260+0000] {processor.py:914} INFO - Processing file /home/airflow/.local/lib/python3.12/site-packages/airflow/example_dags/example_dag_decorator.py for tasks to queue
[2025-07-01T21:34:05.262+0000] {logging_mixin.py:190} INFO - [2025-07-01T21:34:05.262+0000] {dagbag.py:588} INFO - Filling up the DagBag from /home/airflow/.local/lib/python3.12/site-packages/airflow/example_dags/example_dag_decorator.py
[2025-07-01T21:34:05.273+0000] {processor.py:925} INFO - DAG(s) 'example_dag_decorator' retrieved from /home/airflow/.local/lib/python3.12/site-packages/airflow/example_dags/example_dag_decorator.py
[2025-07-01T21:34:05.377+0000] {logging_mixin.py:190} INFO - [2025-07-01T21:34:05.376+0000] {dag.py:3239} INFO - Sync 1 DAGs
[2025-07-01T21:34:05.387+0000] {logging_mixin.py:190} INFO - [2025-07-01T21:34:05.387+0000] {dag.py:4180} INFO - Setting next_dagrun for example_dag_decorator to None, run_after=None
[2025-07-01T21:34:05.410+0000] {processor.py:208} INFO - Processing /home/airflow/.local/lib/python3.12/site-packages/airflow/example_dags/example_dag_decorator.py took 0.160 seconds
[2025-07-01T21:34:35.614+0000] {processor.py:186} INFO - Started process (PID=2254) to work on /home/airflow/.local/lib/python3.12/site-packages/airflow/example_dags/example_dag_decorator.py
[2025-07-01T21:34:35.615+0000] {processor.py:914} INFO - Processing file /home/airflow/.local/lib/python3.12/site-packages/airflow/example_dags/example_dag_decorator.py for tasks to queue
[2025-07-01T21:34:35.619+0000] {logging_mixin.py:190} INFO - [2025-07-01T21:34:35.618+0000] {dagbag.py:588} INFO - Filling up the DagBag from /home/airflow/.local/lib/python3.12/site-packages/airflow/example_dags/example_dag_decorator.py
[2025-07-01T21:34:35.630+0000] {processor.py:925} INFO - DAG(s) 'example_dag_decorator' retrieved from /home/airflow/.local/lib/python3.12/site-packages/airflow/example_dags/example_dag_decorator.py
[2025-07-01T21:34:35.735+0000] {logging_mixin.py:190} INFO - [2025-07-01T21:34:35.735+0000] {dag.py:3239} INFO - Sync 1 DAGs
[2025-07-01T21:34:35.746+0000] {logging_mixin.py:190} INFO - [2025-07-01T21:34:35.746+0000] {dag.py:4180} INFO - Setting next_dagrun for example_dag_decorator to None, run_after=None
[2025-07-01T21:34:35.769+0000] {processor.py:208} INFO - Processing /home/airflow/.local/lib/python3.12/site-packages/airflow/example_dags/example_dag_decorator.py took 0.161 seconds
[2025-07-01T21:35:06.109+0000] {processor.py:186} INFO - Started process (PID=2317) to work on /home/airflow/.local/lib/python3.12/site-packages/airflow/example_dags/example_dag_decorator.py
[2025-07-01T21:35:06.110+0000] {processor.py:914} INFO - Processing file /home/airflow/.local/lib/python3.12/site-packages/airflow/example_dags/example_dag_decorator.py for tasks to queue
[2025-07-01T21:35:06.112+0000] {logging_mixin.py:190} INFO - [2025-07-01T21:35:06.112+0000] {dagbag.py:588} INFO - Filling up the DagBag from /home/airflow/.local/lib/python3.12/site-packages/airflow/example_dags/example_dag_decorator.py
[2025-07-01T21:35:06.122+0000] {processor.py:925} INFO - DAG(s) 'example_dag_decorator' retrieved from /home/airflow/.local/lib/python3.12/site-packages/airflow/example_dags/example_dag_decorator.py
[2025-07-01T21:35:06.218+0000] {logging_mixin.py:190} INFO - [2025-07-01T21:35:06.218+0000] {dag.py:3239} INFO - Sync 1 DAGs
[2025-07-01T21:35:06.229+0000] {logging_mixin.py:190} INFO - [2025-07-01T21:35:06.229+0000] {dag.py:4180} INFO - Setting next_dagrun for example_dag_decorator to None, run_after=None
[2025-07-01T21:35:06.251+0000] {processor.py:208} INFO - Processing /home/airflow/.local/lib/python3.12/site-packages/airflow/example_dags/example_dag_decorator.py took 0.146 seconds
[2025-07-01T21:35:37.037+0000] {processor.py:186} INFO - Started process (PID=2381) to work on /home/airflow/.local/lib/python3.12/site-packages/airflow/example_dags/example_dag_decorator.py
[2025-07-01T21:35:37.038+0000] {processor.py:914} INFO - Processing file /home/airflow/.local/lib/python3.12/site-packages/airflow/example_dags/example_dag_decorator.py for tasks to queue
[2025-07-01T21:35:37.040+0000] {logging_mixin.py:190} INFO - [2025-07-01T21:35:37.040+0000] {dagbag.py:588} INFO - Filling up the DagBag from /home/airflow/.local/lib/python3.12/site-packages/airflow/example_dags/example_dag_decorator.py
[2025-07-01T21:35:37.051+0000] {processor.py:925} INFO - DAG(s) 'example_dag_decorator' retrieved from /home/airflow/.local/lib/python3.12/site-packages/airflow/example_dags/example_dag_decorator.py
[2025-07-01T21:35:37.140+0000] {logging_mixin.py:190} INFO - [2025-07-01T21:35:37.140+0000] {dag.py:3239} INFO - Sync 1 DAGs
[2025-07-01T21:35:37.151+0000] {logging_mixin.py:190} INFO - [2025-07-01T21:35:37.150+0000] {dag.py:4180} INFO - Setting next_dagrun for example_dag_decorator to None, run_after=None
[2025-07-01T21:35:37.169+0000] {processor.py:208} INFO - Processing /home/airflow/.local/lib/python3.12/site-packages/airflow/example_dags/example_dag_decorator.py took 0.138 seconds
[2025-07-01T21:36:07.692+0000] {processor.py:186} INFO - Started process (PID=2443) to work on /home/airflow/.local/lib/python3.12/site-packages/airflow/example_dags/example_dag_decorator.py
[2025-07-01T21:36:07.694+0000] {processor.py:914} INFO - Processing file /home/airflow/.local/lib/python3.12/site-packages/airflow/example_dags/example_dag_decorator.py for tasks to queue
[2025-07-01T21:36:07.697+0000] {logging_mixin.py:190} INFO - [2025-07-01T21:36:07.696+0000] {dagbag.py:588} INFO - Filling up the DagBag from /home/airflow/.local/lib/python3.12/site-packages/airflow/example_dags/example_dag_decorator.py
[2025-07-01T21:36:07.710+0000] {processor.py:925} INFO - DAG(s) 'example_dag_decorator' retrieved from /home/airflow/.local/lib/python3.12/site-packages/airflow/example_dags/example_dag_decorator.py
[2025-07-01T21:36:07.806+0000] {logging_mixin.py:190} INFO - [2025-07-01T21:36:07.806+0000] {dag.py:3239} INFO - Sync 1 DAGs
[2025-07-01T21:36:07.817+0000] {logging_mixin.py:190} INFO - [2025-07-01T21:36:07.817+0000] {dag.py:4180} INFO - Setting next_dagrun for example_dag_decorator to None, run_after=None
[2025-07-01T21:36:07.838+0000] {processor.py:208} INFO - Processing /home/airflow/.local/lib/python3.12/site-packages/airflow/example_dags/example_dag_decorator.py took 0.151 seconds
[2025-07-01T21:36:38.373+0000] {processor.py:186} INFO - Started process (PID=2506) to work on /home/airflow/.local/lib/python3.12/site-packages/airflow/example_dags/example_dag_decorator.py
[2025-07-01T21:36:38.374+0000] {processor.py:914} INFO - Processing file /home/airflow/.local/lib/python3.12/site-packages/airflow/example_dags/example_dag_decorator.py for tasks to queue
[2025-07-01T21:36:38.376+0000] {logging_mixin.py:190} INFO - [2025-07-01T21:36:38.376+0000] {dagbag.py:588} INFO - Filling up the DagBag from /home/airflow/.local/lib/python3.12/site-packages/airflow/example_dags/example_dag_decorator.py
[2025-07-01T21:36:38.386+0000] {processor.py:925} INFO - DAG(s) 'example_dag_decorator' retrieved from /home/airflow/.local/lib/python3.12/site-packages/airflow/example_dags/example_dag_decorator.py
[2025-07-01T21:36:38.473+0000] {logging_mixin.py:190} INFO - [2025-07-01T21:36:38.473+0000] {dag.py:3239} INFO - Sync 1 DAGs
[2025-07-01T21:36:38.483+0000] {logging_mixin.py:190} INFO - [2025-07-01T21:36:38.483+0000] {dag.py:4180} INFO - Setting next_dagrun for example_dag_decorator to None, run_after=None
[2025-07-01T21:36:38.501+0000] {processor.py:208} INFO - Processing /home/airflow/.local/lib/python3.12/site-packages/airflow/example_dags/example_dag_decorator.py took 0.134 seconds
[2025-07-01T21:37:09.185+0000] {processor.py:186} INFO - Started process (PID=2569) to work on /home/airflow/.local/lib/python3.12/site-packages/airflow/example_dags/example_dag_decorator.py
[2025-07-01T21:37:09.186+0000] {processor.py:914} INFO - Processing file /home/airflow/.local/lib/python3.12/site-packages/airflow/example_dags/example_dag_decorator.py for tasks to queue
[2025-07-01T21:37:09.188+0000] {logging_mixin.py:190} INFO - [2025-07-01T21:37:09.188+0000] {dagbag.py:588} INFO - Filling up the DagBag from /home/airflow/.local/lib/python3.12/site-packages/airflow/example_dags/example_dag_decorator.py
[2025-07-01T21:37:09.202+0000] {processor.py:925} INFO - DAG(s) 'example_dag_decorator' retrieved from /home/airflow/.local/lib/python3.12/site-packages/airflow/example_dags/example_dag_decorator.py
[2025-07-01T21:37:09.290+0000] {logging_mixin.py:190} INFO - [2025-07-01T21:37:09.290+0000] {dag.py:3239} INFO - Sync 1 DAGs
[2025-07-01T21:37:09.302+0000] {logging_mixin.py:190} INFO - [2025-07-01T21:37:09.302+0000] {dag.py:4180} INFO - Setting next_dagrun for example_dag_decorator to None, run_after=None
[2025-07-01T21:37:09.321+0000] {processor.py:208} INFO - Processing /home/airflow/.local/lib/python3.12/site-packages/airflow/example_dags/example_dag_decorator.py took 0.141 seconds
[2025-07-01T21:37:40.053+0000] {processor.py:186} INFO - Started process (PID=2632) to work on /home/airflow/.local/lib/python3.12/site-packages/airflow/example_dags/example_dag_decorator.py
[2025-07-01T21:37:40.054+0000] {processor.py:914} INFO - Processing file /home/airflow/.local/lib/python3.12/site-packages/airflow/example_dags/example_dag_decorator.py for tasks to queue
[2025-07-01T21:37:40.056+0000] {logging_mixin.py:190} INFO - [2025-07-01T21:37:40.056+0000] {dagbag.py:588} INFO - Filling up the DagBag from /home/airflow/.local/lib/python3.12/site-packages/airflow/example_dags/example_dag_decorator.py
[2025-07-01T21:37:40.066+0000] {processor.py:925} INFO - DAG(s) 'example_dag_decorator' retrieved from /home/airflow/.local/lib/python3.12/site-packages/airflow/example_dags/example_dag_decorator.py
[2025-07-01T21:37:40.157+0000] {logging_mixin.py:190} INFO - [2025-07-01T21:37:40.157+0000] {dag.py:3239} INFO - Sync 1 DAGs
[2025-07-01T21:37:40.167+0000] {logging_mixin.py:190} INFO - [2025-07-01T21:37:40.167+0000] {dag.py:4180} INFO - Setting next_dagrun for example_dag_decorator to None, run_after=None
[2025-07-01T21:37:40.187+0000] {processor.py:208} INFO - Processing /home/airflow/.local/lib/python3.12/site-packages/airflow/example_dags/example_dag_decorator.py took 0.139 seconds
[2025-07-01T21:38:10.775+0000] {processor.py:186} INFO - Started process (PID=2695) to work on /home/airflow/.local/lib/python3.12/site-packages/airflow/example_dags/example_dag_decorator.py
[2025-07-01T21:38:10.776+0000] {processor.py:914} INFO - Processing file /home/airflow/.local/lib/python3.12/site-packages/airflow/example_dags/example_dag_decorator.py for tasks to queue
[2025-07-01T21:38:10.778+0000] {logging_mixin.py:190} INFO - [2025-07-01T21:38:10.778+0000] {dagbag.py:588} INFO - Filling up the DagBag from /home/airflow/.local/lib/python3.12/site-packages/airflow/example_dags/example_dag_decorator.py
[2025-07-01T21:38:10.789+0000] {processor.py:925} INFO - DAG(s) 'example_dag_decorator' retrieved from /home/airflow/.local/lib/python3.12/site-packages/airflow/example_dags/example_dag_decorator.py
[2025-07-01T21:38:10.880+0000] {logging_mixin.py:190} INFO - [2025-07-01T21:38:10.879+0000] {dag.py:3239} INFO - Sync 1 DAGs
[2025-07-01T21:38:10.889+0000] {logging_mixin.py:190} INFO - [2025-07-01T21:38:10.889+0000] {dag.py:4180} INFO - Setting next_dagrun for example_dag_decorator to None, run_after=None
[2025-07-01T21:38:10.908+0000] {processor.py:208} INFO - Processing /home/airflow/.local/lib/python3.12/site-packages/airflow/example_dags/example_dag_decorator.py took 0.137 seconds
[2025-07-01T21:38:41.435+0000] {processor.py:186} INFO - Started process (PID=2758) to work on /home/airflow/.local/lib/python3.12/site-packages/airflow/example_dags/example_dag_decorator.py
[2025-07-01T21:38:41.436+0000] {processor.py:914} INFO - Processing file /home/airflow/.local/lib/python3.12/site-packages/airflow/example_dags/example_dag_decorator.py for tasks to queue
[2025-07-01T21:38:41.438+0000] {logging_mixin.py:190} INFO - [2025-07-01T21:38:41.437+0000] {dagbag.py:588} INFO - Filling up the DagBag from /home/airflow/.local/lib/python3.12/site-packages/airflow/example_dags/example_dag_decorator.py
[2025-07-01T21:38:41.448+0000] {processor.py:925} INFO - DAG(s) 'example_dag_decorator' retrieved from /home/airflow/.local/lib/python3.12/site-packages/airflow/example_dags/example_dag_decorator.py
[2025-07-01T21:38:41.536+0000] {logging_mixin.py:190} INFO - [2025-07-01T21:38:41.535+0000] {dag.py:3239} INFO - Sync 1 DAGs
[2025-07-01T21:38:41.545+0000] {logging_mixin.py:190} INFO - [2025-07-01T21:38:41.545+0000] {dag.py:4180} INFO - Setting next_dagrun for example_dag_decorator to None, run_after=None
[2025-07-01T21:38:41.564+0000] {processor.py:208} INFO - Processing /home/airflow/.local/lib/python3.12/site-packages/airflow/example_dags/example_dag_decorator.py took 0.134 seconds
[2025-07-01T21:39:12.396+0000] {processor.py:186} INFO - Started process (PID=2821) to work on /home/airflow/.local/lib/python3.12/site-packages/airflow/example_dags/example_dag_decorator.py
[2025-07-01T21:39:12.397+0000] {processor.py:914} INFO - Processing file /home/airflow/.local/lib/python3.12/site-packages/airflow/example_dags/example_dag_decorator.py for tasks to queue
[2025-07-01T21:39:12.400+0000] {logging_mixin.py:190} INFO - [2025-07-01T21:39:12.399+0000] {dagbag.py:588} INFO - Filling up the DagBag from /home/airflow/.local/lib/python3.12/site-packages/airflow/example_dags/example_dag_decorator.py
[2025-07-01T21:39:12.411+0000] {processor.py:925} INFO - DAG(s) 'example_dag_decorator' retrieved from /home/airflow/.local/lib/python3.12/site-packages/airflow/example_dags/example_dag_decorator.py
[2025-07-01T21:39:12.500+0000] {logging_mixin.py:190} INFO - [2025-07-01T21:39:12.500+0000] {dag.py:3239} INFO - Sync 1 DAGs
[2025-07-01T21:39:12.511+0000] {logging_mixin.py:190} INFO - [2025-07-01T21:39:12.511+0000] {dag.py:4180} INFO - Setting next_dagrun for example_dag_decorator to None, run_after=None
[2025-07-01T21:39:12.531+0000] {processor.py:208} INFO - Processing /home/airflow/.local/lib/python3.12/site-packages/airflow/example_dags/example_dag_decorator.py took 0.141 seconds
[2025-07-01T21:39:43.257+0000] {processor.py:186} INFO - Started process (PID=2884) to work on /home/airflow/.local/lib/python3.12/site-packages/airflow/example_dags/example_dag_decorator.py
[2025-07-01T21:39:43.258+0000] {processor.py:914} INFO - Processing file /home/airflow/.local/lib/python3.12/site-packages/airflow/example_dags/example_dag_decorator.py for tasks to queue
[2025-07-01T21:39:43.261+0000] {logging_mixin.py:190} INFO - [2025-07-01T21:39:43.260+0000] {dagbag.py:588} INFO - Filling up the DagBag from /home/airflow/.local/lib/python3.12/site-packages/airflow/example_dags/example_dag_decorator.py
[2025-07-01T21:39:43.272+0000] {processor.py:925} INFO - DAG(s) 'example_dag_decorator' retrieved from /home/airflow/.local/lib/python3.12/site-packages/airflow/example_dags/example_dag_decorator.py
[2025-07-01T21:39:43.365+0000] {logging_mixin.py:190} INFO - [2025-07-01T21:39:43.365+0000] {dag.py:3239} INFO - Sync 1 DAGs
[2025-07-01T21:39:43.375+0000] {logging_mixin.py:190} INFO - [2025-07-01T21:39:43.375+0000] {dag.py:4180} INFO - Setting next_dagrun for example_dag_decorator to None, run_after=None
[2025-07-01T21:39:43.396+0000] {processor.py:208} INFO - Processing /home/airflow/.local/lib/python3.12/site-packages/airflow/example_dags/example_dag_decorator.py took 0.145 seconds
[2025-07-01T21:40:14.185+0000] {processor.py:186} INFO - Started process (PID=2948) to work on /home/airflow/.local/lib/python3.12/site-packages/airflow/example_dags/example_dag_decorator.py
[2025-07-01T21:40:14.186+0000] {processor.py:914} INFO - Processing file /home/airflow/.local/lib/python3.12/site-packages/airflow/example_dags/example_dag_decorator.py for tasks to queue
[2025-07-01T21:40:14.188+0000] {logging_mixin.py:190} INFO - [2025-07-01T21:40:14.188+0000] {dagbag.py:588} INFO - Filling up the DagBag from /home/airflow/.local/lib/python3.12/site-packages/airflow/example_dags/example_dag_decorator.py
[2025-07-01T21:40:14.199+0000] {processor.py:925} INFO - DAG(s) 'example_dag_decorator' retrieved from /home/airflow/.local/lib/python3.12/site-packages/airflow/example_dags/example_dag_decorator.py
[2025-07-01T21:40:14.288+0000] {logging_mixin.py:190} INFO - [2025-07-01T21:40:14.288+0000] {dag.py:3239} INFO - Sync 1 DAGs
[2025-07-01T21:40:14.299+0000] {logging_mixin.py:190} INFO - [2025-07-01T21:40:14.299+0000] {dag.py:4180} INFO - Setting next_dagrun for example_dag_decorator to None, run_after=None
[2025-07-01T21:40:14.317+0000] {processor.py:208} INFO - Processing /home/airflow/.local/lib/python3.12/site-packages/airflow/example_dags/example_dag_decorator.py took 0.137 seconds
[2025-07-01T21:40:44.828+0000] {processor.py:186} INFO - Started process (PID=3011) to work on /home/airflow/.local/lib/python3.12/site-packages/airflow/example_dags/example_dag_decorator.py
[2025-07-01T21:40:44.829+0000] {processor.py:914} INFO - Processing file /home/airflow/.local/lib/python3.12/site-packages/airflow/example_dags/example_dag_decorator.py for tasks to queue
[2025-07-01T21:40:44.831+0000] {logging_mixin.py:190} INFO - [2025-07-01T21:40:44.831+0000] {dagbag.py:588} INFO - Filling up the DagBag from /home/airflow/.local/lib/python3.12/site-packages/airflow/example_dags/example_dag_decorator.py
[2025-07-01T21:40:44.841+0000] {processor.py:925} INFO - DAG(s) 'example_dag_decorator' retrieved from /home/airflow/.local/lib/python3.12/site-packages/airflow/example_dags/example_dag_decorator.py
[2025-07-01T21:40:44.928+0000] {logging_mixin.py:190} INFO - [2025-07-01T21:40:44.928+0000] {dag.py:3239} INFO - Sync 1 DAGs
[2025-07-01T21:40:44.939+0000] {logging_mixin.py:190} INFO - [2025-07-01T21:40:44.939+0000] {dag.py:4180} INFO - Setting next_dagrun for example_dag_decorator to None, run_after=None
[2025-07-01T21:40:44.958+0000] {processor.py:208} INFO - Processing /home/airflow/.local/lib/python3.12/site-packages/airflow/example_dags/example_dag_decorator.py took 0.135 seconds
[2025-07-01T21:41:15.585+0000] {processor.py:186} INFO - Started process (PID=3074) to work on /home/airflow/.local/lib/python3.12/site-packages/airflow/example_dags/example_dag_decorator.py
[2025-07-01T21:41:15.586+0000] {processor.py:914} INFO - Processing file /home/airflow/.local/lib/python3.12/site-packages/airflow/example_dags/example_dag_decorator.py for tasks to queue
[2025-07-01T21:41:15.588+0000] {logging_mixin.py:190} INFO - [2025-07-01T21:41:15.588+0000] {dagbag.py:588} INFO - Filling up the DagBag from /home/airflow/.local/lib/python3.12/site-packages/airflow/example_dags/example_dag_decorator.py
[2025-07-01T21:41:15.598+0000] {processor.py:925} INFO - DAG(s) 'example_dag_decorator' retrieved from /home/airflow/.local/lib/python3.12/site-packages/airflow/example_dags/example_dag_decorator.py
[2025-07-01T21:41:15.684+0000] {logging_mixin.py:190} INFO - [2025-07-01T21:41:15.684+0000] {dag.py:3239} INFO - Sync 1 DAGs
[2025-07-01T21:41:15.695+0000] {logging_mixin.py:190} INFO - [2025-07-01T21:41:15.695+0000] {dag.py:4180} INFO - Setting next_dagrun for example_dag_decorator to None, run_after=None
[2025-07-01T21:41:15.715+0000] {processor.py:208} INFO - Processing /home/airflow/.local/lib/python3.12/site-packages/airflow/example_dags/example_dag_decorator.py took 0.134 seconds
[2025-07-01T21:41:46.646+0000] {processor.py:186} INFO - Started process (PID=3137) to work on /home/airflow/.local/lib/python3.12/site-packages/airflow/example_dags/example_dag_decorator.py
[2025-07-01T21:41:46.647+0000] {processor.py:914} INFO - Processing file /home/airflow/.local/lib/python3.12/site-packages/airflow/example_dags/example_dag_decorator.py for tasks to queue
[2025-07-01T21:41:46.649+0000] {logging_mixin.py:190} INFO - [2025-07-01T21:41:46.648+0000] {dagbag.py:588} INFO - Filling up the DagBag from /home/airflow/.local/lib/python3.12/site-packages/airflow/example_dags/example_dag_decorator.py
[2025-07-01T21:41:46.661+0000] {processor.py:925} INFO - DAG(s) 'example_dag_decorator' retrieved from /home/airflow/.local/lib/python3.12/site-packages/airflow/example_dags/example_dag_decorator.py
[2025-07-01T21:41:46.751+0000] {logging_mixin.py:190} INFO - [2025-07-01T21:41:46.751+0000] {dag.py:3239} INFO - Sync 1 DAGs
[2025-07-01T21:41:46.761+0000] {logging_mixin.py:190} INFO - [2025-07-01T21:41:46.760+0000] {dag.py:4180} INFO - Setting next_dagrun for example_dag_decorator to None, run_after=None
[2025-07-01T21:41:46.779+0000] {processor.py:208} INFO - Processing /home/airflow/.local/lib/python3.12/site-packages/airflow/example_dags/example_dag_decorator.py took 0.139 seconds
[2025-07-01T21:42:17.411+0000] {processor.py:186} INFO - Started process (PID=3200) to work on /home/airflow/.local/lib/python3.12/site-packages/airflow/example_dags/example_dag_decorator.py
[2025-07-01T21:42:17.412+0000] {processor.py:914} INFO - Processing file /home/airflow/.local/lib/python3.12/site-packages/airflow/example_dags/example_dag_decorator.py for tasks to queue
[2025-07-01T21:42:17.415+0000] {logging_mixin.py:190} INFO - [2025-07-01T21:42:17.414+0000] {dagbag.py:588} INFO - Filling up the DagBag from /home/airflow/.local/lib/python3.12/site-packages/airflow/example_dags/example_dag_decorator.py
[2025-07-01T21:42:17.425+0000] {processor.py:925} INFO - DAG(s) 'example_dag_decorator' retrieved from /home/airflow/.local/lib/python3.12/site-packages/airflow/example_dags/example_dag_decorator.py
[2025-07-01T21:42:17.526+0000] {logging_mixin.py:190} INFO - [2025-07-01T21:42:17.525+0000] {dag.py:3239} INFO - Sync 1 DAGs
[2025-07-01T21:42:17.537+0000] {logging_mixin.py:190} INFO - [2025-07-01T21:42:17.537+0000] {dag.py:4180} INFO - Setting next_dagrun for example_dag_decorator to None, run_after=None
[2025-07-01T21:42:17.559+0000] {processor.py:208} INFO - Processing /home/airflow/.local/lib/python3.12/site-packages/airflow/example_dags/example_dag_decorator.py took 0.154 seconds
[2025-07-01T21:42:48.432+0000] {processor.py:186} INFO - Started process (PID=3264) to work on /home/airflow/.local/lib/python3.12/site-packages/airflow/example_dags/example_dag_decorator.py
[2025-07-01T21:42:48.433+0000] {processor.py:914} INFO - Processing file /home/airflow/.local/lib/python3.12/site-packages/airflow/example_dags/example_dag_decorator.py for tasks to queue
[2025-07-01T21:42:48.435+0000] {logging_mixin.py:190} INFO - [2025-07-01T21:42:48.435+0000] {dagbag.py:588} INFO - Filling up the DagBag from /home/airflow/.local/lib/python3.12/site-packages/airflow/example_dags/example_dag_decorator.py
[2025-07-01T21:42:48.446+0000] {processor.py:925} INFO - DAG(s) 'example_dag_decorator' retrieved from /home/airflow/.local/lib/python3.12/site-packages/airflow/example_dags/example_dag_decorator.py
[2025-07-01T21:42:48.536+0000] {logging_mixin.py:190} INFO - [2025-07-01T21:42:48.535+0000] {dag.py:3239} INFO - Sync 1 DAGs
[2025-07-01T21:42:48.546+0000] {logging_mixin.py:190} INFO - [2025-07-01T21:42:48.546+0000] {dag.py:4180} INFO - Setting next_dagrun for example_dag_decorator to None, run_after=None
[2025-07-01T21:42:48.697+0000] {processor.py:208} INFO - Processing /home/airflow/.local/lib/python3.12/site-packages/airflow/example_dags/example_dag_decorator.py took 0.271 seconds
[2025-07-01T21:43:19.518+0000] {processor.py:186} INFO - Started process (PID=3327) to work on /home/airflow/.local/lib/python3.12/site-packages/airflow/example_dags/example_dag_decorator.py
[2025-07-01T21:43:19.520+0000] {processor.py:914} INFO - Processing file /home/airflow/.local/lib/python3.12/site-packages/airflow/example_dags/example_dag_decorator.py for tasks to queue
[2025-07-01T21:43:19.522+0000] {logging_mixin.py:190} INFO - [2025-07-01T21:43:19.521+0000] {dagbag.py:588} INFO - Filling up the DagBag from /home/airflow/.local/lib/python3.12/site-packages/airflow/example_dags/example_dag_decorator.py
[2025-07-01T21:43:19.532+0000] {processor.py:925} INFO - DAG(s) 'example_dag_decorator' retrieved from /home/airflow/.local/lib/python3.12/site-packages/airflow/example_dags/example_dag_decorator.py
[2025-07-01T21:43:19.620+0000] {logging_mixin.py:190} INFO - [2025-07-01T21:43:19.619+0000] {dag.py:3239} INFO - Sync 1 DAGs
[2025-07-01T21:43:19.630+0000] {logging_mixin.py:190} INFO - [2025-07-01T21:43:19.630+0000] {dag.py:4180} INFO - Setting next_dagrun for example_dag_decorator to None, run_after=None
[2025-07-01T21:43:19.798+0000] {processor.py:208} INFO - Processing /home/airflow/.local/lib/python3.12/site-packages/airflow/example_dags/example_dag_decorator.py took 0.285 seconds
[2025-07-01T21:43:50.436+0000] {processor.py:186} INFO - Started process (PID=3390) to work on /home/airflow/.local/lib/python3.12/site-packages/airflow/example_dags/example_dag_decorator.py
[2025-07-01T21:43:50.437+0000] {processor.py:914} INFO - Processing file /home/airflow/.local/lib/python3.12/site-packages/airflow/example_dags/example_dag_decorator.py for tasks to queue
[2025-07-01T21:43:50.439+0000] {logging_mixin.py:190} INFO - [2025-07-01T21:43:50.439+0000] {dagbag.py:588} INFO - Filling up the DagBag from /home/airflow/.local/lib/python3.12/site-packages/airflow/example_dags/example_dag_decorator.py
[2025-07-01T21:43:50.449+0000] {processor.py:925} INFO - DAG(s) 'example_dag_decorator' retrieved from /home/airflow/.local/lib/python3.12/site-packages/airflow/example_dags/example_dag_decorator.py
[2025-07-01T21:43:50.536+0000] {logging_mixin.py:190} INFO - [2025-07-01T21:43:50.536+0000] {dag.py:3239} INFO - Sync 1 DAGs
[2025-07-01T21:43:50.546+0000] {logging_mixin.py:190} INFO - [2025-07-01T21:43:50.546+0000] {dag.py:4180} INFO - Setting next_dagrun for example_dag_decorator to None, run_after=None
[2025-07-01T21:43:50.564+0000] {processor.py:208} INFO - Processing /home/airflow/.local/lib/python3.12/site-packages/airflow/example_dags/example_dag_decorator.py took 0.133 seconds
[2025-07-01T21:44:21.152+0000] {processor.py:186} INFO - Started process (PID=3453) to work on /home/airflow/.local/lib/python3.12/site-packages/airflow/example_dags/example_dag_decorator.py
[2025-07-01T21:44:21.153+0000] {processor.py:914} INFO - Processing file /home/airflow/.local/lib/python3.12/site-packages/airflow/example_dags/example_dag_decorator.py for tasks to queue
[2025-07-01T21:44:21.156+0000] {logging_mixin.py:190} INFO - [2025-07-01T21:44:21.155+0000] {dagbag.py:588} INFO - Filling up the DagBag from /home/airflow/.local/lib/python3.12/site-packages/airflow/example_dags/example_dag_decorator.py
[2025-07-01T21:44:21.166+0000] {processor.py:925} INFO - DAG(s) 'example_dag_decorator' retrieved from /home/airflow/.local/lib/python3.12/site-packages/airflow/example_dags/example_dag_decorator.py
[2025-07-01T21:44:21.265+0000] {logging_mixin.py:190} INFO - [2025-07-01T21:44:21.264+0000] {dag.py:3239} INFO - Sync 1 DAGs
[2025-07-01T21:44:21.275+0000] {logging_mixin.py:190} INFO - [2025-07-01T21:44:21.275+0000] {dag.py:4180} INFO - Setting next_dagrun for example_dag_decorator to None, run_after=None
[2025-07-01T21:44:21.297+0000] {processor.py:208} INFO - Processing /home/airflow/.local/lib/python3.12/site-packages/airflow/example_dags/example_dag_decorator.py took 0.150 seconds
[2025-07-01T21:44:51.822+0000] {processor.py:186} INFO - Started process (PID=3522) to work on /home/airflow/.local/lib/python3.12/site-packages/airflow/example_dags/example_dag_decorator.py
[2025-07-01T21:44:51.823+0000] {processor.py:914} INFO - Processing file /home/airflow/.local/lib/python3.12/site-packages/airflow/example_dags/example_dag_decorator.py for tasks to queue
[2025-07-01T21:44:51.826+0000] {logging_mixin.py:190} INFO - [2025-07-01T21:44:51.826+0000] {dagbag.py:588} INFO - Filling up the DagBag from /home/airflow/.local/lib/python3.12/site-packages/airflow/example_dags/example_dag_decorator.py
[2025-07-01T21:44:51.840+0000] {processor.py:925} INFO - DAG(s) 'example_dag_decorator' retrieved from /home/airflow/.local/lib/python3.12/site-packages/airflow/example_dags/example_dag_decorator.py
[2025-07-01T21:44:52.117+0000] {logging_mixin.py:190} INFO - [2025-07-01T21:44:52.116+0000] {dag.py:3239} INFO - Sync 1 DAGs
[2025-07-01T21:44:52.128+0000] {logging_mixin.py:190} INFO - [2025-07-01T21:44:52.128+0000] {dag.py:4180} INFO - Setting next_dagrun for example_dag_decorator to None, run_after=None
[2025-07-01T21:44:52.147+0000] {processor.py:208} INFO - Processing /home/airflow/.local/lib/python3.12/site-packages/airflow/example_dags/example_dag_decorator.py took 0.331 seconds
[2025-07-01T21:45:22.901+0000] {processor.py:186} INFO - Started process (PID=3586) to work on /home/airflow/.local/lib/python3.12/site-packages/airflow/example_dags/example_dag_decorator.py
[2025-07-01T21:45:22.902+0000] {processor.py:914} INFO - Processing file /home/airflow/.local/lib/python3.12/site-packages/airflow/example_dags/example_dag_decorator.py for tasks to queue
[2025-07-01T21:45:22.904+0000] {logging_mixin.py:190} INFO - [2025-07-01T21:45:22.904+0000] {dagbag.py:588} INFO - Filling up the DagBag from /home/airflow/.local/lib/python3.12/site-packages/airflow/example_dags/example_dag_decorator.py
[2025-07-01T21:45:22.915+0000] {processor.py:925} INFO - DAG(s) 'example_dag_decorator' retrieved from /home/airflow/.local/lib/python3.12/site-packages/airflow/example_dags/example_dag_decorator.py
[2025-07-01T21:45:23.015+0000] {logging_mixin.py:190} INFO - [2025-07-01T21:45:23.014+0000] {dag.py:3239} INFO - Sync 1 DAGs
[2025-07-01T21:45:23.027+0000] {logging_mixin.py:190} INFO - [2025-07-01T21:45:23.027+0000] {dag.py:4180} INFO - Setting next_dagrun for example_dag_decorator to None, run_after=None
[2025-07-01T21:45:23.197+0000] {processor.py:208} INFO - Processing /home/airflow/.local/lib/python3.12/site-packages/airflow/example_dags/example_dag_decorator.py took 0.301 seconds
[2025-07-01T21:45:53.907+0000] {processor.py:186} INFO - Started process (PID=3648) to work on /home/airflow/.local/lib/python3.12/site-packages/airflow/example_dags/example_dag_decorator.py
[2025-07-01T21:45:53.908+0000] {processor.py:914} INFO - Processing file /home/airflow/.local/lib/python3.12/site-packages/airflow/example_dags/example_dag_decorator.py for tasks to queue
[2025-07-01T21:45:53.911+0000] {logging_mixin.py:190} INFO - [2025-07-01T21:45:53.910+0000] {dagbag.py:588} INFO - Filling up the DagBag from /home/airflow/.local/lib/python3.12/site-packages/airflow/example_dags/example_dag_decorator.py
[2025-07-01T21:45:53.923+0000] {processor.py:925} INFO - DAG(s) 'example_dag_decorator' retrieved from /home/airflow/.local/lib/python3.12/site-packages/airflow/example_dags/example_dag_decorator.py
[2025-07-01T21:45:54.015+0000] {logging_mixin.py:190} INFO - [2025-07-01T21:45:54.014+0000] {dag.py:3239} INFO - Sync 1 DAGs
[2025-07-01T21:45:54.027+0000] {logging_mixin.py:190} INFO - [2025-07-01T21:45:54.027+0000] {dag.py:4180} INFO - Setting next_dagrun for example_dag_decorator to None, run_after=None
[2025-07-01T21:45:54.049+0000] {processor.py:208} INFO - Processing /home/airflow/.local/lib/python3.12/site-packages/airflow/example_dags/example_dag_decorator.py took 0.148 seconds
[2025-07-01T21:46:24.643+0000] {processor.py:186} INFO - Started process (PID=3711) to work on /home/airflow/.local/lib/python3.12/site-packages/airflow/example_dags/example_dag_decorator.py
[2025-07-01T21:46:24.644+0000] {processor.py:914} INFO - Processing file /home/airflow/.local/lib/python3.12/site-packages/airflow/example_dags/example_dag_decorator.py for tasks to queue
[2025-07-01T21:46:24.646+0000] {logging_mixin.py:190} INFO - [2025-07-01T21:46:24.646+0000] {dagbag.py:588} INFO - Filling up the DagBag from /home/airflow/.local/lib/python3.12/site-packages/airflow/example_dags/example_dag_decorator.py
[2025-07-01T21:46:24.657+0000] {processor.py:925} INFO - DAG(s) 'example_dag_decorator' retrieved from /home/airflow/.local/lib/python3.12/site-packages/airflow/example_dags/example_dag_decorator.py
[2025-07-01T21:46:24.919+0000] {logging_mixin.py:190} INFO - [2025-07-01T21:46:24.919+0000] {dag.py:3239} INFO - Sync 1 DAGs
[2025-07-01T21:46:24.928+0000] {logging_mixin.py:190} INFO - [2025-07-01T21:46:24.928+0000] {dag.py:4180} INFO - Setting next_dagrun for example_dag_decorator to None, run_after=None
[2025-07-01T21:46:24.945+0000] {processor.py:208} INFO - Processing /home/airflow/.local/lib/python3.12/site-packages/airflow/example_dags/example_dag_decorator.py took 0.309 seconds
[2025-07-01T21:46:55.560+0000] {processor.py:186} INFO - Started process (PID=3774) to work on /home/airflow/.local/lib/python3.12/site-packages/airflow/example_dags/example_dag_decorator.py
[2025-07-01T21:46:55.561+0000] {processor.py:914} INFO - Processing file /home/airflow/.local/lib/python3.12/site-packages/airflow/example_dags/example_dag_decorator.py for tasks to queue
[2025-07-01T21:46:55.564+0000] {logging_mixin.py:190} INFO - [2025-07-01T21:46:55.563+0000] {dagbag.py:588} INFO - Filling up the DagBag from /home/airflow/.local/lib/python3.12/site-packages/airflow/example_dags/example_dag_decorator.py
[2025-07-01T21:46:55.576+0000] {processor.py:925} INFO - DAG(s) 'example_dag_decorator' retrieved from /home/airflow/.local/lib/python3.12/site-packages/airflow/example_dags/example_dag_decorator.py
[2025-07-01T21:46:55.675+0000] {logging_mixin.py:190} INFO - [2025-07-01T21:46:55.675+0000] {dag.py:3239} INFO - Sync 1 DAGs
[2025-07-01T21:46:55.836+0000] {logging_mixin.py:190} INFO - [2025-07-01T21:46:55.835+0000] {dag.py:4180} INFO - Setting next_dagrun for example_dag_decorator to None, run_after=None
[2025-07-01T21:46:55.853+0000] {processor.py:208} INFO - Processing /home/airflow/.local/lib/python3.12/site-packages/airflow/example_dags/example_dag_decorator.py took 0.300 seconds
[2025-07-01T21:47:26.621+0000] {processor.py:186} INFO - Started process (PID=3837) to work on /home/airflow/.local/lib/python3.12/site-packages/airflow/example_dags/example_dag_decorator.py
[2025-07-01T21:47:26.623+0000] {processor.py:914} INFO - Processing file /home/airflow/.local/lib/python3.12/site-packages/airflow/example_dags/example_dag_decorator.py for tasks to queue
[2025-07-01T21:47:26.625+0000] {logging_mixin.py:190} INFO - [2025-07-01T21:47:26.625+0000] {dagbag.py:588} INFO - Filling up the DagBag from /home/airflow/.local/lib/python3.12/site-packages/airflow/example_dags/example_dag_decorator.py
[2025-07-01T21:47:26.635+0000] {processor.py:925} INFO - DAG(s) 'example_dag_decorator' retrieved from /home/airflow/.local/lib/python3.12/site-packages/airflow/example_dags/example_dag_decorator.py
[2025-07-01T21:47:26.862+0000] {logging_mixin.py:190} INFO - [2025-07-01T21:47:26.861+0000] {dag.py:3239} INFO - Sync 1 DAGs
[2025-07-01T21:47:26.870+0000] {logging_mixin.py:190} INFO - [2025-07-01T21:47:26.869+0000] {dag.py:4180} INFO - Setting next_dagrun for example_dag_decorator to None, run_after=None
[2025-07-01T21:47:26.889+0000] {processor.py:208} INFO - Processing /home/airflow/.local/lib/python3.12/site-packages/airflow/example_dags/example_dag_decorator.py took 0.274 seconds
[2025-07-01T21:47:57.534+0000] {processor.py:186} INFO - Started process (PID=3900) to work on /home/airflow/.local/lib/python3.12/site-packages/airflow/example_dags/example_dag_decorator.py
[2025-07-01T21:47:57.535+0000] {processor.py:914} INFO - Processing file /home/airflow/.local/lib/python3.12/site-packages/airflow/example_dags/example_dag_decorator.py for tasks to queue
[2025-07-01T21:47:57.537+0000] {logging_mixin.py:190} INFO - [2025-07-01T21:47:57.537+0000] {dagbag.py:588} INFO - Filling up the DagBag from /home/airflow/.local/lib/python3.12/site-packages/airflow/example_dags/example_dag_decorator.py
[2025-07-01T21:47:57.547+0000] {processor.py:925} INFO - DAG(s) 'example_dag_decorator' retrieved from /home/airflow/.local/lib/python3.12/site-packages/airflow/example_dags/example_dag_decorator.py
[2025-07-01T21:47:57.787+0000] {logging_mixin.py:190} INFO - [2025-07-01T21:47:57.787+0000] {dag.py:3239} INFO - Sync 1 DAGs
[2025-07-01T21:47:57.796+0000] {logging_mixin.py:190} INFO - [2025-07-01T21:47:57.796+0000] {dag.py:4180} INFO - Setting next_dagrun for example_dag_decorator to None, run_after=None
[2025-07-01T21:47:57.815+0000] {processor.py:208} INFO - Processing /home/airflow/.local/lib/python3.12/site-packages/airflow/example_dags/example_dag_decorator.py took 0.287 seconds
[2025-07-01T21:48:28.367+0000] {processor.py:186} INFO - Started process (PID=3963) to work on /home/airflow/.local/lib/python3.12/site-packages/airflow/example_dags/example_dag_decorator.py
[2025-07-01T21:48:28.369+0000] {processor.py:914} INFO - Processing file /home/airflow/.local/lib/python3.12/site-packages/airflow/example_dags/example_dag_decorator.py for tasks to queue
[2025-07-01T21:48:28.372+0000] {logging_mixin.py:190} INFO - [2025-07-01T21:48:28.371+0000] {dagbag.py:588} INFO - Filling up the DagBag from /home/airflow/.local/lib/python3.12/site-packages/airflow/example_dags/example_dag_decorator.py
[2025-07-01T21:48:28.384+0000] {processor.py:925} INFO - DAG(s) 'example_dag_decorator' retrieved from /home/airflow/.local/lib/python3.12/site-packages/airflow/example_dags/example_dag_decorator.py
[2025-07-01T21:48:28.634+0000] {logging_mixin.py:190} INFO - [2025-07-01T21:48:28.634+0000] {dag.py:3239} INFO - Sync 1 DAGs
[2025-07-01T21:48:28.642+0000] {logging_mixin.py:190} INFO - [2025-07-01T21:48:28.642+0000] {dag.py:4180} INFO - Setting next_dagrun for example_dag_decorator to None, run_after=None
[2025-07-01T21:48:28.659+0000] {processor.py:208} INFO - Processing /home/airflow/.local/lib/python3.12/site-packages/airflow/example_dags/example_dag_decorator.py took 0.297 seconds
[2025-07-01T21:48:59.177+0000] {processor.py:186} INFO - Started process (PID=4029) to work on /home/airflow/.local/lib/python3.12/site-packages/airflow/example_dags/example_dag_decorator.py
[2025-07-01T21:48:59.178+0000] {processor.py:914} INFO - Processing file /home/airflow/.local/lib/python3.12/site-packages/airflow/example_dags/example_dag_decorator.py for tasks to queue
[2025-07-01T21:48:59.181+0000] {logging_mixin.py:190} INFO - [2025-07-01T21:48:59.180+0000] {dagbag.py:588} INFO - Filling up the DagBag from /home/airflow/.local/lib/python3.12/site-packages/airflow/example_dags/example_dag_decorator.py
[2025-07-01T21:48:59.190+0000] {processor.py:925} INFO - DAG(s) 'example_dag_decorator' retrieved from /home/airflow/.local/lib/python3.12/site-packages/airflow/example_dags/example_dag_decorator.py
[2025-07-01T21:48:59.280+0000] {logging_mixin.py:190} INFO - [2025-07-01T21:48:59.279+0000] {dag.py:3239} INFO - Sync 1 DAGs
[2025-07-01T21:48:59.453+0000] {logging_mixin.py:190} INFO - [2025-07-01T21:48:59.453+0000] {dag.py:4180} INFO - Setting next_dagrun for example_dag_decorator to None, run_after=None
[2025-07-01T21:48:59.470+0000] {processor.py:208} INFO - Processing /home/airflow/.local/lib/python3.12/site-packages/airflow/example_dags/example_dag_decorator.py took 0.298 seconds
[2025-07-01T21:49:29.816+0000] {processor.py:186} INFO - Started process (PID=4090) to work on /home/airflow/.local/lib/python3.12/site-packages/airflow/example_dags/example_dag_decorator.py
[2025-07-01T21:49:29.817+0000] {processor.py:914} INFO - Processing file /home/airflow/.local/lib/python3.12/site-packages/airflow/example_dags/example_dag_decorator.py for tasks to queue
[2025-07-01T21:49:29.820+0000] {logging_mixin.py:190} INFO - [2025-07-01T21:49:29.820+0000] {dagbag.py:588} INFO - Filling up the DagBag from /home/airflow/.local/lib/python3.12/site-packages/airflow/example_dags/example_dag_decorator.py
[2025-07-01T21:49:29.832+0000] {processor.py:925} INFO - DAG(s) 'example_dag_decorator' retrieved from /home/airflow/.local/lib/python3.12/site-packages/airflow/example_dags/example_dag_decorator.py
[2025-07-01T21:49:30.103+0000] {logging_mixin.py:190} INFO - [2025-07-01T21:49:30.103+0000] {dag.py:3239} INFO - Sync 1 DAGs
[2025-07-01T21:49:30.114+0000] {logging_mixin.py:190} INFO - [2025-07-01T21:49:30.113+0000] {dag.py:4180} INFO - Setting next_dagrun for example_dag_decorator to None, run_after=None
[2025-07-01T21:49:30.133+0000] {processor.py:208} INFO - Processing /home/airflow/.local/lib/python3.12/site-packages/airflow/example_dags/example_dag_decorator.py took 0.324 seconds
[2025-07-01T21:50:00.369+0000] {processor.py:186} INFO - Started process (PID=4154) to work on /home/airflow/.local/lib/python3.12/site-packages/airflow/example_dags/example_dag_decorator.py
[2025-07-01T21:50:00.371+0000] {processor.py:914} INFO - Processing file /home/airflow/.local/lib/python3.12/site-packages/airflow/example_dags/example_dag_decorator.py for tasks to queue
[2025-07-01T21:50:00.373+0000] {logging_mixin.py:190} INFO - [2025-07-01T21:50:00.373+0000] {dagbag.py:588} INFO - Filling up the DagBag from /home/airflow/.local/lib/python3.12/site-packages/airflow/example_dags/example_dag_decorator.py
[2025-07-01T21:50:00.384+0000] {processor.py:925} INFO - DAG(s) 'example_dag_decorator' retrieved from /home/airflow/.local/lib/python3.12/site-packages/airflow/example_dags/example_dag_decorator.py
[2025-07-01T21:50:00.633+0000] {logging_mixin.py:190} INFO - [2025-07-01T21:50:00.633+0000] {dag.py:3239} INFO - Sync 1 DAGs
[2025-07-01T21:50:00.641+0000] {logging_mixin.py:190} INFO - [2025-07-01T21:50:00.641+0000] {dag.py:4180} INFO - Setting next_dagrun for example_dag_decorator to None, run_after=None
[2025-07-01T21:50:00.657+0000] {processor.py:208} INFO - Processing /home/airflow/.local/lib/python3.12/site-packages/airflow/example_dags/example_dag_decorator.py took 0.295 seconds
[2025-07-01T21:50:31.817+0000] {processor.py:186} INFO - Started process (PID=4217) to work on /home/airflow/.local/lib/python3.12/site-packages/airflow/example_dags/example_dag_decorator.py
[2025-07-01T21:50:31.818+0000] {processor.py:914} INFO - Processing file /home/airflow/.local/lib/python3.12/site-packages/airflow/example_dags/example_dag_decorator.py for tasks to queue
[2025-07-01T21:50:31.820+0000] {logging_mixin.py:190} INFO - [2025-07-01T21:50:31.820+0000] {dagbag.py:588} INFO - Filling up the DagBag from /home/airflow/.local/lib/python3.12/site-packages/airflow/example_dags/example_dag_decorator.py
[2025-07-01T21:50:31.832+0000] {processor.py:925} INFO - DAG(s) 'example_dag_decorator' retrieved from /home/airflow/.local/lib/python3.12/site-packages/airflow/example_dags/example_dag_decorator.py
[2025-07-01T21:50:32.072+0000] {logging_mixin.py:190} INFO - [2025-07-01T21:50:32.072+0000] {dag.py:3239} INFO - Sync 1 DAGs
[2025-07-01T21:50:32.081+0000] {logging_mixin.py:190} INFO - [2025-07-01T21:50:32.081+0000] {dag.py:4180} INFO - Setting next_dagrun for example_dag_decorator to None, run_after=None
[2025-07-01T21:50:32.104+0000] {processor.py:208} INFO - Processing /home/airflow/.local/lib/python3.12/site-packages/airflow/example_dags/example_dag_decorator.py took 0.293 seconds
[2025-07-01T21:51:03.015+0000] {processor.py:186} INFO - Started process (PID=4280) to work on /home/airflow/.local/lib/python3.12/site-packages/airflow/example_dags/example_dag_decorator.py
[2025-07-01T21:51:03.016+0000] {processor.py:914} INFO - Processing file /home/airflow/.local/lib/python3.12/site-packages/airflow/example_dags/example_dag_decorator.py for tasks to queue
[2025-07-01T21:51:03.018+0000] {logging_mixin.py:190} INFO - [2025-07-01T21:51:03.018+0000] {dagbag.py:588} INFO - Filling up the DagBag from /home/airflow/.local/lib/python3.12/site-packages/airflow/example_dags/example_dag_decorator.py
[2025-07-01T21:51:03.030+0000] {processor.py:925} INFO - DAG(s) 'example_dag_decorator' retrieved from /home/airflow/.local/lib/python3.12/site-packages/airflow/example_dags/example_dag_decorator.py
[2025-07-01T21:51:03.307+0000] {logging_mixin.py:190} INFO - [2025-07-01T21:51:03.307+0000] {dag.py:3239} INFO - Sync 1 DAGs
[2025-07-01T21:51:03.317+0000] {logging_mixin.py:190} INFO - [2025-07-01T21:51:03.317+0000] {dag.py:4180} INFO - Setting next_dagrun for example_dag_decorator to None, run_after=None
[2025-07-01T21:51:03.335+0000] {processor.py:208} INFO - Processing /home/airflow/.local/lib/python3.12/site-packages/airflow/example_dags/example_dag_decorator.py took 0.326 seconds
[2025-07-01T21:51:33.613+0000] {processor.py:186} INFO - Started process (PID=4346) to work on /home/airflow/.local/lib/python3.12/site-packages/airflow/example_dags/example_dag_decorator.py
[2025-07-01T21:51:33.614+0000] {processor.py:914} INFO - Processing file /home/airflow/.local/lib/python3.12/site-packages/airflow/example_dags/example_dag_decorator.py for tasks to queue
[2025-07-01T21:51:33.617+0000] {logging_mixin.py:190} INFO - [2025-07-01T21:51:33.616+0000] {dagbag.py:588} INFO - Filling up the DagBag from /home/airflow/.local/lib/python3.12/site-packages/airflow/example_dags/example_dag_decorator.py
[2025-07-01T21:51:33.765+0000] {processor.py:925} INFO - DAG(s) 'example_dag_decorator' retrieved from /home/airflow/.local/lib/python3.12/site-packages/airflow/example_dags/example_dag_decorator.py
[2025-07-01T21:51:33.843+0000] {logging_mixin.py:190} INFO - [2025-07-01T21:51:33.842+0000] {dag.py:3239} INFO - Sync 1 DAGs
[2025-07-01T21:51:33.851+0000] {logging_mixin.py:190} INFO - [2025-07-01T21:51:33.850+0000] {dag.py:4180} INFO - Setting next_dagrun for example_dag_decorator to None, run_after=None
[2025-07-01T21:51:33.866+0000] {processor.py:208} INFO - Processing /home/airflow/.local/lib/python3.12/site-packages/airflow/example_dags/example_dag_decorator.py took 0.258 seconds
[2025-07-01T21:52:04.495+0000] {processor.py:186} INFO - Started process (PID=4407) to work on /home/airflow/.local/lib/python3.12/site-packages/airflow/example_dags/example_dag_decorator.py
[2025-07-01T21:52:04.496+0000] {processor.py:914} INFO - Processing file /home/airflow/.local/lib/python3.12/site-packages/airflow/example_dags/example_dag_decorator.py for tasks to queue
[2025-07-01T21:52:04.498+0000] {logging_mixin.py:190} INFO - [2025-07-01T21:52:04.498+0000] {dagbag.py:588} INFO - Filling up the DagBag from /home/airflow/.local/lib/python3.12/site-packages/airflow/example_dags/example_dag_decorator.py
[2025-07-01T21:52:04.509+0000] {processor.py:925} INFO - DAG(s) 'example_dag_decorator' retrieved from /home/airflow/.local/lib/python3.12/site-packages/airflow/example_dags/example_dag_decorator.py
[2025-07-01T21:52:04.601+0000] {logging_mixin.py:190} INFO - [2025-07-01T21:52:04.600+0000] {dag.py:3239} INFO - Sync 1 DAGs
[2025-07-01T21:52:04.610+0000] {logging_mixin.py:190} INFO - [2025-07-01T21:52:04.610+0000] {dag.py:4180} INFO - Setting next_dagrun for example_dag_decorator to None, run_after=None
[2025-07-01T21:52:04.627+0000] {processor.py:208} INFO - Processing /home/airflow/.local/lib/python3.12/site-packages/airflow/example_dags/example_dag_decorator.py took 0.137 seconds
[2025-07-01T21:52:34.882+0000] {processor.py:186} INFO - Started process (PID=4470) to work on /home/airflow/.local/lib/python3.12/site-packages/airflow/example_dags/example_dag_decorator.py
[2025-07-01T21:52:34.883+0000] {processor.py:914} INFO - Processing file /home/airflow/.local/lib/python3.12/site-packages/airflow/example_dags/example_dag_decorator.py for tasks to queue
[2025-07-01T21:52:34.885+0000] {logging_mixin.py:190} INFO - [2025-07-01T21:52:34.885+0000] {dagbag.py:588} INFO - Filling up the DagBag from /home/airflow/.local/lib/python3.12/site-packages/airflow/example_dags/example_dag_decorator.py
[2025-07-01T21:52:34.895+0000] {processor.py:925} INFO - DAG(s) 'example_dag_decorator' retrieved from /home/airflow/.local/lib/python3.12/site-packages/airflow/example_dags/example_dag_decorator.py
[2025-07-01T21:52:34.981+0000] {logging_mixin.py:190} INFO - [2025-07-01T21:52:34.981+0000] {dag.py:3239} INFO - Sync 1 DAGs
[2025-07-01T21:52:34.991+0000] {logging_mixin.py:190} INFO - [2025-07-01T21:52:34.991+0000] {dag.py:4180} INFO - Setting next_dagrun for example_dag_decorator to None, run_after=None
[2025-07-01T21:52:35.009+0000] {processor.py:208} INFO - Processing /home/airflow/.local/lib/python3.12/site-packages/airflow/example_dags/example_dag_decorator.py took 0.132 seconds
[2025-07-01T21:53:05.119+0000] {processor.py:186} INFO - Started process (PID=4533) to work on /home/airflow/.local/lib/python3.12/site-packages/airflow/example_dags/example_dag_decorator.py
[2025-07-01T21:53:05.120+0000] {processor.py:914} INFO - Processing file /home/airflow/.local/lib/python3.12/site-packages/airflow/example_dags/example_dag_decorator.py for tasks to queue
[2025-07-01T21:53:05.122+0000] {logging_mixin.py:190} INFO - [2025-07-01T21:53:05.122+0000] {dagbag.py:588} INFO - Filling up the DagBag from /home/airflow/.local/lib/python3.12/site-packages/airflow/example_dags/example_dag_decorator.py
[2025-07-01T21:53:05.132+0000] {processor.py:925} INFO - DAG(s) 'example_dag_decorator' retrieved from /home/airflow/.local/lib/python3.12/site-packages/airflow/example_dags/example_dag_decorator.py
[2025-07-01T21:53:05.220+0000] {logging_mixin.py:190} INFO - [2025-07-01T21:53:05.220+0000] {dag.py:3239} INFO - Sync 1 DAGs
[2025-07-01T21:53:05.230+0000] {logging_mixin.py:190} INFO - [2025-07-01T21:53:05.229+0000] {dag.py:4180} INFO - Setting next_dagrun for example_dag_decorator to None, run_after=None
[2025-07-01T21:53:05.248+0000] {processor.py:208} INFO - Processing /home/airflow/.local/lib/python3.12/site-packages/airflow/example_dags/example_dag_decorator.py took 0.133 seconds
[2025-07-01T21:53:35.586+0000] {processor.py:186} INFO - Started process (PID=4596) to work on /home/airflow/.local/lib/python3.12/site-packages/airflow/example_dags/example_dag_decorator.py
[2025-07-01T21:53:35.587+0000] {processor.py:914} INFO - Processing file /home/airflow/.local/lib/python3.12/site-packages/airflow/example_dags/example_dag_decorator.py for tasks to queue
[2025-07-01T21:53:35.589+0000] {logging_mixin.py:190} INFO - [2025-07-01T21:53:35.589+0000] {dagbag.py:588} INFO - Filling up the DagBag from /home/airflow/.local/lib/python3.12/site-packages/airflow/example_dags/example_dag_decorator.py
[2025-07-01T21:53:35.600+0000] {processor.py:925} INFO - DAG(s) 'example_dag_decorator' retrieved from /home/airflow/.local/lib/python3.12/site-packages/airflow/example_dags/example_dag_decorator.py
[2025-07-01T21:53:35.693+0000] {logging_mixin.py:190} INFO - [2025-07-01T21:53:35.692+0000] {dag.py:3239} INFO - Sync 1 DAGs
[2025-07-01T21:53:35.702+0000] {logging_mixin.py:190} INFO - [2025-07-01T21:53:35.702+0000] {dag.py:4180} INFO - Setting next_dagrun for example_dag_decorator to None, run_after=None
[2025-07-01T21:53:35.719+0000] {processor.py:208} INFO - Processing /home/airflow/.local/lib/python3.12/site-packages/airflow/example_dags/example_dag_decorator.py took 0.139 seconds
[2025-07-01T21:54:05.953+0000] {processor.py:186} INFO - Started process (PID=4659) to work on /home/airflow/.local/lib/python3.12/site-packages/airflow/example_dags/example_dag_decorator.py
[2025-07-01T21:54:05.954+0000] {processor.py:914} INFO - Processing file /home/airflow/.local/lib/python3.12/site-packages/airflow/example_dags/example_dag_decorator.py for tasks to queue
[2025-07-01T21:54:05.957+0000] {logging_mixin.py:190} INFO - [2025-07-01T21:54:05.956+0000] {dagbag.py:588} INFO - Filling up the DagBag from /home/airflow/.local/lib/python3.12/site-packages/airflow/example_dags/example_dag_decorator.py
[2025-07-01T21:54:05.967+0000] {processor.py:925} INFO - DAG(s) 'example_dag_decorator' retrieved from /home/airflow/.local/lib/python3.12/site-packages/airflow/example_dags/example_dag_decorator.py
[2025-07-01T21:54:06.058+0000] {logging_mixin.py:190} INFO - [2025-07-01T21:54:06.058+0000] {dag.py:3239} INFO - Sync 1 DAGs
[2025-07-01T21:54:06.067+0000] {logging_mixin.py:190} INFO - [2025-07-01T21:54:06.067+0000] {dag.py:4180} INFO - Setting next_dagrun for example_dag_decorator to None, run_after=None
[2025-07-01T21:54:06.086+0000] {processor.py:208} INFO - Processing /home/airflow/.local/lib/python3.12/site-packages/airflow/example_dags/example_dag_decorator.py took 0.138 seconds
[2025-07-01T21:54:36.375+0000] {processor.py:186} INFO - Started process (PID=4722) to work on /home/airflow/.local/lib/python3.12/site-packages/airflow/example_dags/example_dag_decorator.py
[2025-07-01T21:54:36.376+0000] {processor.py:914} INFO - Processing file /home/airflow/.local/lib/python3.12/site-packages/airflow/example_dags/example_dag_decorator.py for tasks to queue
[2025-07-01T21:54:36.379+0000] {logging_mixin.py:190} INFO - [2025-07-01T21:54:36.379+0000] {dagbag.py:588} INFO - Filling up the DagBag from /home/airflow/.local/lib/python3.12/site-packages/airflow/example_dags/example_dag_decorator.py
[2025-07-01T21:54:36.393+0000] {processor.py:925} INFO - DAG(s) 'example_dag_decorator' retrieved from /home/airflow/.local/lib/python3.12/site-packages/airflow/example_dags/example_dag_decorator.py
[2025-07-01T21:54:36.502+0000] {logging_mixin.py:190} INFO - [2025-07-01T21:54:36.501+0000] {dag.py:3239} INFO - Sync 1 DAGs
[2025-07-01T21:54:36.514+0000] {logging_mixin.py:190} INFO - [2025-07-01T21:54:36.514+0000] {dag.py:4180} INFO - Setting next_dagrun for example_dag_decorator to None, run_after=None
[2025-07-01T21:54:36.535+0000] {processor.py:208} INFO - Processing /home/airflow/.local/lib/python3.12/site-packages/airflow/example_dags/example_dag_decorator.py took 0.168 seconds
[2025-07-01T21:55:06.680+0000] {processor.py:186} INFO - Started process (PID=4785) to work on /home/airflow/.local/lib/python3.12/site-packages/airflow/example_dags/example_dag_decorator.py
[2025-07-01T21:55:06.682+0000] {processor.py:914} INFO - Processing file /home/airflow/.local/lib/python3.12/site-packages/airflow/example_dags/example_dag_decorator.py for tasks to queue
[2025-07-01T21:55:06.684+0000] {logging_mixin.py:190} INFO - [2025-07-01T21:55:06.684+0000] {dagbag.py:588} INFO - Filling up the DagBag from /home/airflow/.local/lib/python3.12/site-packages/airflow/example_dags/example_dag_decorator.py
[2025-07-01T21:55:06.695+0000] {processor.py:925} INFO - DAG(s) 'example_dag_decorator' retrieved from /home/airflow/.local/lib/python3.12/site-packages/airflow/example_dags/example_dag_decorator.py
[2025-07-01T21:55:06.792+0000] {logging_mixin.py:190} INFO - [2025-07-01T21:55:06.792+0000] {dag.py:3239} INFO - Sync 1 DAGs
[2025-07-01T21:55:06.802+0000] {logging_mixin.py:190} INFO - [2025-07-01T21:55:06.801+0000] {dag.py:4180} INFO - Setting next_dagrun for example_dag_decorator to None, run_after=None
[2025-07-01T21:55:06.822+0000] {processor.py:208} INFO - Processing /home/airflow/.local/lib/python3.12/site-packages/airflow/example_dags/example_dag_decorator.py took 0.146 seconds
[2025-07-01T21:55:37.191+0000] {processor.py:186} INFO - Started process (PID=4849) to work on /home/airflow/.local/lib/python3.12/site-packages/airflow/example_dags/example_dag_decorator.py
[2025-07-01T21:55:37.192+0000] {processor.py:914} INFO - Processing file /home/airflow/.local/lib/python3.12/site-packages/airflow/example_dags/example_dag_decorator.py for tasks to queue
[2025-07-01T21:55:37.194+0000] {logging_mixin.py:190} INFO - [2025-07-01T21:55:37.194+0000] {dagbag.py:588} INFO - Filling up the DagBag from /home/airflow/.local/lib/python3.12/site-packages/airflow/example_dags/example_dag_decorator.py
[2025-07-01T21:55:37.204+0000] {processor.py:925} INFO - DAG(s) 'example_dag_decorator' retrieved from /home/airflow/.local/lib/python3.12/site-packages/airflow/example_dags/example_dag_decorator.py
[2025-07-01T21:55:37.305+0000] {logging_mixin.py:190} INFO - [2025-07-01T21:55:37.305+0000] {dag.py:3239} INFO - Sync 1 DAGs
[2025-07-01T21:55:37.316+0000] {logging_mixin.py:190} INFO - [2025-07-01T21:55:37.315+0000] {dag.py:4180} INFO - Setting next_dagrun for example_dag_decorator to None, run_after=None
[2025-07-01T21:55:37.336+0000] {processor.py:208} INFO - Processing /home/airflow/.local/lib/python3.12/site-packages/airflow/example_dags/example_dag_decorator.py took 0.151 seconds
[2025-07-01T21:56:07.607+0000] {processor.py:186} INFO - Started process (PID=4912) to work on /home/airflow/.local/lib/python3.12/site-packages/airflow/example_dags/example_dag_decorator.py
[2025-07-01T21:56:07.608+0000] {processor.py:914} INFO - Processing file /home/airflow/.local/lib/python3.12/site-packages/airflow/example_dags/example_dag_decorator.py for tasks to queue
[2025-07-01T21:56:07.611+0000] {logging_mixin.py:190} INFO - [2025-07-01T21:56:07.610+0000] {dagbag.py:588} INFO - Filling up the DagBag from /home/airflow/.local/lib/python3.12/site-packages/airflow/example_dags/example_dag_decorator.py
[2025-07-01T21:56:07.621+0000] {processor.py:925} INFO - DAG(s) 'example_dag_decorator' retrieved from /home/airflow/.local/lib/python3.12/site-packages/airflow/example_dags/example_dag_decorator.py
[2025-07-01T21:56:07.714+0000] {logging_mixin.py:190} INFO - [2025-07-01T21:56:07.714+0000] {dag.py:3239} INFO - Sync 1 DAGs
[2025-07-01T21:56:07.724+0000] {logging_mixin.py:190} INFO - [2025-07-01T21:56:07.724+0000] {dag.py:4180} INFO - Setting next_dagrun for example_dag_decorator to None, run_after=None
[2025-07-01T21:56:07.741+0000] {processor.py:208} INFO - Processing /home/airflow/.local/lib/python3.12/site-packages/airflow/example_dags/example_dag_decorator.py took 0.139 seconds
[2025-07-01T21:56:37.904+0000] {processor.py:186} INFO - Started process (PID=4975) to work on /home/airflow/.local/lib/python3.12/site-packages/airflow/example_dags/example_dag_decorator.py
[2025-07-01T21:56:37.905+0000] {processor.py:914} INFO - Processing file /home/airflow/.local/lib/python3.12/site-packages/airflow/example_dags/example_dag_decorator.py for tasks to queue
[2025-07-01T21:56:37.907+0000] {logging_mixin.py:190} INFO - [2025-07-01T21:56:37.907+0000] {dagbag.py:588} INFO - Filling up the DagBag from /home/airflow/.local/lib/python3.12/site-packages/airflow/example_dags/example_dag_decorator.py
[2025-07-01T21:56:37.918+0000] {processor.py:925} INFO - DAG(s) 'example_dag_decorator' retrieved from /home/airflow/.local/lib/python3.12/site-packages/airflow/example_dags/example_dag_decorator.py
[2025-07-01T21:56:38.015+0000] {logging_mixin.py:190} INFO - [2025-07-01T21:56:38.015+0000] {dag.py:3239} INFO - Sync 1 DAGs
[2025-07-01T21:56:38.025+0000] {logging_mixin.py:190} INFO - [2025-07-01T21:56:38.025+0000] {dag.py:4180} INFO - Setting next_dagrun for example_dag_decorator to None, run_after=None
[2025-07-01T21:56:38.043+0000] {processor.py:208} INFO - Processing /home/airflow/.local/lib/python3.12/site-packages/airflow/example_dags/example_dag_decorator.py took 0.145 seconds
[2025-07-01T21:57:08.333+0000] {processor.py:186} INFO - Started process (PID=5039) to work on /home/airflow/.local/lib/python3.12/site-packages/airflow/example_dags/example_dag_decorator.py
[2025-07-01T21:57:08.334+0000] {processor.py:914} INFO - Processing file /home/airflow/.local/lib/python3.12/site-packages/airflow/example_dags/example_dag_decorator.py for tasks to queue
[2025-07-01T21:57:08.336+0000] {logging_mixin.py:190} INFO - [2025-07-01T21:57:08.336+0000] {dagbag.py:588} INFO - Filling up the DagBag from /home/airflow/.local/lib/python3.12/site-packages/airflow/example_dags/example_dag_decorator.py
[2025-07-01T21:57:08.346+0000] {processor.py:925} INFO - DAG(s) 'example_dag_decorator' retrieved from /home/airflow/.local/lib/python3.12/site-packages/airflow/example_dags/example_dag_decorator.py
[2025-07-01T21:57:08.434+0000] {logging_mixin.py:190} INFO - [2025-07-01T21:57:08.434+0000] {dag.py:3239} INFO - Sync 1 DAGs
[2025-07-01T21:57:08.444+0000] {logging_mixin.py:190} INFO - [2025-07-01T21:57:08.444+0000] {dag.py:4180} INFO - Setting next_dagrun for example_dag_decorator to None, run_after=None
[2025-07-01T21:57:08.462+0000] {processor.py:208} INFO - Processing /home/airflow/.local/lib/python3.12/site-packages/airflow/example_dags/example_dag_decorator.py took 0.134 seconds
[2025-07-01T21:57:38.517+0000] {processor.py:186} INFO - Started process (PID=5102) to work on /home/airflow/.local/lib/python3.12/site-packages/airflow/example_dags/example_dag_decorator.py
[2025-07-01T21:57:38.518+0000] {processor.py:914} INFO - Processing file /home/airflow/.local/lib/python3.12/site-packages/airflow/example_dags/example_dag_decorator.py for tasks to queue
[2025-07-01T21:57:38.520+0000] {logging_mixin.py:190} INFO - [2025-07-01T21:57:38.520+0000] {dagbag.py:588} INFO - Filling up the DagBag from /home/airflow/.local/lib/python3.12/site-packages/airflow/example_dags/example_dag_decorator.py
[2025-07-01T21:57:38.530+0000] {processor.py:925} INFO - DAG(s) 'example_dag_decorator' retrieved from /home/airflow/.local/lib/python3.12/site-packages/airflow/example_dags/example_dag_decorator.py
[2025-07-01T21:57:38.623+0000] {logging_mixin.py:190} INFO - [2025-07-01T21:57:38.622+0000] {dag.py:3239} INFO - Sync 1 DAGs
[2025-07-01T21:57:38.632+0000] {logging_mixin.py:190} INFO - [2025-07-01T21:57:38.632+0000] {dag.py:4180} INFO - Setting next_dagrun for example_dag_decorator to None, run_after=None
[2025-07-01T21:57:38.650+0000] {processor.py:208} INFO - Processing /home/airflow/.local/lib/python3.12/site-packages/airflow/example_dags/example_dag_decorator.py took 0.137 seconds
[2025-07-01T21:58:09.056+0000] {processor.py:186} INFO - Started process (PID=5164) to work on /home/airflow/.local/lib/python3.12/site-packages/airflow/example_dags/example_dag_decorator.py
[2025-07-01T21:58:09.057+0000] {processor.py:914} INFO - Processing file /home/airflow/.local/lib/python3.12/site-packages/airflow/example_dags/example_dag_decorator.py for tasks to queue
[2025-07-01T21:58:09.059+0000] {logging_mixin.py:190} INFO - [2025-07-01T21:58:09.059+0000] {dagbag.py:588} INFO - Filling up the DagBag from /home/airflow/.local/lib/python3.12/site-packages/airflow/example_dags/example_dag_decorator.py
[2025-07-01T21:58:09.070+0000] {processor.py:925} INFO - DAG(s) 'example_dag_decorator' retrieved from /home/airflow/.local/lib/python3.12/site-packages/airflow/example_dags/example_dag_decorator.py
[2025-07-01T21:58:09.163+0000] {logging_mixin.py:190} INFO - [2025-07-01T21:58:09.163+0000] {dag.py:3239} INFO - Sync 1 DAGs
[2025-07-01T21:58:09.173+0000] {logging_mixin.py:190} INFO - [2025-07-01T21:58:09.173+0000] {dag.py:4180} INFO - Setting next_dagrun for example_dag_decorator to None, run_after=None
[2025-07-01T21:58:09.191+0000] {processor.py:208} INFO - Processing /home/airflow/.local/lib/python3.12/site-packages/airflow/example_dags/example_dag_decorator.py took 0.140 seconds
[2025-07-01T21:58:39.375+0000] {processor.py:186} INFO - Started process (PID=5227) to work on /home/airflow/.local/lib/python3.12/site-packages/airflow/example_dags/example_dag_decorator.py
[2025-07-01T21:58:39.376+0000] {processor.py:914} INFO - Processing file /home/airflow/.local/lib/python3.12/site-packages/airflow/example_dags/example_dag_decorator.py for tasks to queue
[2025-07-01T21:58:39.379+0000] {logging_mixin.py:190} INFO - [2025-07-01T21:58:39.378+0000] {dagbag.py:588} INFO - Filling up the DagBag from /home/airflow/.local/lib/python3.12/site-packages/airflow/example_dags/example_dag_decorator.py
[2025-07-01T21:58:39.391+0000] {processor.py:925} INFO - DAG(s) 'example_dag_decorator' retrieved from /home/airflow/.local/lib/python3.12/site-packages/airflow/example_dags/example_dag_decorator.py
[2025-07-01T21:58:39.487+0000] {logging_mixin.py:190} INFO - [2025-07-01T21:58:39.487+0000] {dag.py:3239} INFO - Sync 1 DAGs
[2025-07-01T21:58:39.497+0000] {logging_mixin.py:190} INFO - [2025-07-01T21:58:39.497+0000] {dag.py:4180} INFO - Setting next_dagrun for example_dag_decorator to None, run_after=None
[2025-07-01T21:58:39.517+0000] {processor.py:208} INFO - Processing /home/airflow/.local/lib/python3.12/site-packages/airflow/example_dags/example_dag_decorator.py took 0.147 seconds
[2025-07-01T21:59:09.813+0000] {processor.py:186} INFO - Started process (PID=5290) to work on /home/airflow/.local/lib/python3.12/site-packages/airflow/example_dags/example_dag_decorator.py
[2025-07-01T21:59:09.814+0000] {processor.py:914} INFO - Processing file /home/airflow/.local/lib/python3.12/site-packages/airflow/example_dags/example_dag_decorator.py for tasks to queue
[2025-07-01T21:59:09.816+0000] {logging_mixin.py:190} INFO - [2025-07-01T21:59:09.815+0000] {dagbag.py:588} INFO - Filling up the DagBag from /home/airflow/.local/lib/python3.12/site-packages/airflow/example_dags/example_dag_decorator.py
[2025-07-01T21:59:09.826+0000] {processor.py:925} INFO - DAG(s) 'example_dag_decorator' retrieved from /home/airflow/.local/lib/python3.12/site-packages/airflow/example_dags/example_dag_decorator.py
[2025-07-01T21:59:09.927+0000] {logging_mixin.py:190} INFO - [2025-07-01T21:59:09.926+0000] {dag.py:3239} INFO - Sync 1 DAGs
[2025-07-01T21:59:09.939+0000] {logging_mixin.py:190} INFO - [2025-07-01T21:59:09.938+0000] {dag.py:4180} INFO - Setting next_dagrun for example_dag_decorator to None, run_after=None
[2025-07-01T21:59:09.956+0000] {processor.py:208} INFO - Processing /home/airflow/.local/lib/python3.12/site-packages/airflow/example_dags/example_dag_decorator.py took 0.149 seconds
[2025-07-01T21:59:40.589+0000] {processor.py:186} INFO - Started process (PID=5353) to work on /home/airflow/.local/lib/python3.12/site-packages/airflow/example_dags/example_dag_decorator.py
[2025-07-01T21:59:40.590+0000] {processor.py:914} INFO - Processing file /home/airflow/.local/lib/python3.12/site-packages/airflow/example_dags/example_dag_decorator.py for tasks to queue
[2025-07-01T21:59:40.593+0000] {logging_mixin.py:190} INFO - [2025-07-01T21:59:40.592+0000] {dagbag.py:588} INFO - Filling up the DagBag from /home/airflow/.local/lib/python3.12/site-packages/airflow/example_dags/example_dag_decorator.py
[2025-07-01T21:59:40.606+0000] {processor.py:925} INFO - DAG(s) 'example_dag_decorator' retrieved from /home/airflow/.local/lib/python3.12/site-packages/airflow/example_dags/example_dag_decorator.py
[2025-07-01T21:59:40.749+0000] {logging_mixin.py:190} INFO - [2025-07-01T21:59:40.749+0000] {dag.py:3239} INFO - Sync 1 DAGs
[2025-07-01T21:59:40.763+0000] {logging_mixin.py:190} INFO - [2025-07-01T21:59:40.763+0000] {dag.py:4180} INFO - Setting next_dagrun for example_dag_decorator to None, run_after=None
[2025-07-01T21:59:40.793+0000] {processor.py:208} INFO - Processing /home/airflow/.local/lib/python3.12/site-packages/airflow/example_dags/example_dag_decorator.py took 0.211 seconds
[2025-07-01T22:00:11.185+0000] {processor.py:186} INFO - Started process (PID=5418) to work on /home/airflow/.local/lib/python3.12/site-packages/airflow/example_dags/example_dag_decorator.py
[2025-07-01T22:00:11.186+0000] {processor.py:914} INFO - Processing file /home/airflow/.local/lib/python3.12/site-packages/airflow/example_dags/example_dag_decorator.py for tasks to queue
[2025-07-01T22:00:11.189+0000] {logging_mixin.py:190} INFO - [2025-07-01T22:00:11.188+0000] {dagbag.py:588} INFO - Filling up the DagBag from /home/airflow/.local/lib/python3.12/site-packages/airflow/example_dags/example_dag_decorator.py
[2025-07-01T22:00:11.199+0000] {processor.py:925} INFO - DAG(s) 'example_dag_decorator' retrieved from /home/airflow/.local/lib/python3.12/site-packages/airflow/example_dags/example_dag_decorator.py
[2025-07-01T22:00:11.294+0000] {logging_mixin.py:190} INFO - [2025-07-01T22:00:11.293+0000] {dag.py:3239} INFO - Sync 1 DAGs
[2025-07-01T22:00:11.305+0000] {logging_mixin.py:190} INFO - [2025-07-01T22:00:11.304+0000] {dag.py:4180} INFO - Setting next_dagrun for example_dag_decorator to None, run_after=None
[2025-07-01T22:00:11.323+0000] {processor.py:208} INFO - Processing /home/airflow/.local/lib/python3.12/site-packages/airflow/example_dags/example_dag_decorator.py took 0.143 seconds
[2025-07-01T22:00:41.755+0000] {processor.py:186} INFO - Started process (PID=5480) to work on /home/airflow/.local/lib/python3.12/site-packages/airflow/example_dags/example_dag_decorator.py
[2025-07-01T22:00:41.757+0000] {processor.py:914} INFO - Processing file /home/airflow/.local/lib/python3.12/site-packages/airflow/example_dags/example_dag_decorator.py for tasks to queue
[2025-07-01T22:00:41.759+0000] {logging_mixin.py:190} INFO - [2025-07-01T22:00:41.759+0000] {dagbag.py:588} INFO - Filling up the DagBag from /home/airflow/.local/lib/python3.12/site-packages/airflow/example_dags/example_dag_decorator.py
[2025-07-01T22:00:41.772+0000] {processor.py:925} INFO - DAG(s) 'example_dag_decorator' retrieved from /home/airflow/.local/lib/python3.12/site-packages/airflow/example_dags/example_dag_decorator.py
[2025-07-01T22:00:41.866+0000] {logging_mixin.py:190} INFO - [2025-07-01T22:00:41.866+0000] {dag.py:3239} INFO - Sync 1 DAGs
[2025-07-01T22:00:41.880+0000] {logging_mixin.py:190} INFO - [2025-07-01T22:00:41.879+0000] {dag.py:4180} INFO - Setting next_dagrun for example_dag_decorator to None, run_after=None
[2025-07-01T22:00:41.906+0000] {processor.py:208} INFO - Processing /home/airflow/.local/lib/python3.12/site-packages/airflow/example_dags/example_dag_decorator.py took 0.157 seconds
[2025-07-01T22:01:12.500+0000] {processor.py:186} INFO - Started process (PID=5544) to work on /home/airflow/.local/lib/python3.12/site-packages/airflow/example_dags/example_dag_decorator.py
[2025-07-01T22:01:12.501+0000] {processor.py:914} INFO - Processing file /home/airflow/.local/lib/python3.12/site-packages/airflow/example_dags/example_dag_decorator.py for tasks to queue
[2025-07-01T22:01:12.503+0000] {logging_mixin.py:190} INFO - [2025-07-01T22:01:12.503+0000] {dagbag.py:588} INFO - Filling up the DagBag from /home/airflow/.local/lib/python3.12/site-packages/airflow/example_dags/example_dag_decorator.py
[2025-07-01T22:01:12.515+0000] {processor.py:925} INFO - DAG(s) 'example_dag_decorator' retrieved from /home/airflow/.local/lib/python3.12/site-packages/airflow/example_dags/example_dag_decorator.py
[2025-07-01T22:01:12.616+0000] {logging_mixin.py:190} INFO - [2025-07-01T22:01:12.615+0000] {dag.py:3239} INFO - Sync 1 DAGs
[2025-07-01T22:01:12.627+0000] {logging_mixin.py:190} INFO - [2025-07-01T22:01:12.627+0000] {dag.py:4180} INFO - Setting next_dagrun for example_dag_decorator to None, run_after=None
[2025-07-01T22:01:12.653+0000] {processor.py:208} INFO - Processing /home/airflow/.local/lib/python3.12/site-packages/airflow/example_dags/example_dag_decorator.py took 0.159 seconds
[2025-07-01T22:01:43.280+0000] {processor.py:186} INFO - Started process (PID=5607) to work on /home/airflow/.local/lib/python3.12/site-packages/airflow/example_dags/example_dag_decorator.py
[2025-07-01T22:01:43.282+0000] {processor.py:914} INFO - Processing file /home/airflow/.local/lib/python3.12/site-packages/airflow/example_dags/example_dag_decorator.py for tasks to queue
[2025-07-01T22:01:43.284+0000] {logging_mixin.py:190} INFO - [2025-07-01T22:01:43.284+0000] {dagbag.py:588} INFO - Filling up the DagBag from /home/airflow/.local/lib/python3.12/site-packages/airflow/example_dags/example_dag_decorator.py
[2025-07-01T22:01:43.296+0000] {processor.py:925} INFO - DAG(s) 'example_dag_decorator' retrieved from /home/airflow/.local/lib/python3.12/site-packages/airflow/example_dags/example_dag_decorator.py
[2025-07-01T22:01:43.443+0000] {logging_mixin.py:190} INFO - [2025-07-01T22:01:43.443+0000] {dag.py:3239} INFO - Sync 1 DAGs
[2025-07-01T22:01:43.458+0000] {logging_mixin.py:190} INFO - [2025-07-01T22:01:43.458+0000] {dag.py:4180} INFO - Setting next_dagrun for example_dag_decorator to None, run_after=None
[2025-07-01T22:01:43.486+0000] {processor.py:208} INFO - Processing /home/airflow/.local/lib/python3.12/site-packages/airflow/example_dags/example_dag_decorator.py took 0.212 seconds
[2025-07-01T22:02:13.897+0000] {processor.py:186} INFO - Started process (PID=5670) to work on /home/airflow/.local/lib/python3.12/site-packages/airflow/example_dags/example_dag_decorator.py
[2025-07-01T22:02:13.898+0000] {processor.py:914} INFO - Processing file /home/airflow/.local/lib/python3.12/site-packages/airflow/example_dags/example_dag_decorator.py for tasks to queue
[2025-07-01T22:02:13.900+0000] {logging_mixin.py:190} INFO - [2025-07-01T22:02:13.900+0000] {dagbag.py:588} INFO - Filling up the DagBag from /home/airflow/.local/lib/python3.12/site-packages/airflow/example_dags/example_dag_decorator.py
[2025-07-01T22:02:13.911+0000] {processor.py:925} INFO - DAG(s) 'example_dag_decorator' retrieved from /home/airflow/.local/lib/python3.12/site-packages/airflow/example_dags/example_dag_decorator.py
[2025-07-01T22:02:14.003+0000] {logging_mixin.py:190} INFO - [2025-07-01T22:02:14.003+0000] {dag.py:3239} INFO - Sync 1 DAGs
[2025-07-01T22:02:14.013+0000] {logging_mixin.py:190} INFO - [2025-07-01T22:02:14.013+0000] {dag.py:4180} INFO - Setting next_dagrun for example_dag_decorator to None, run_after=None
[2025-07-01T22:02:14.033+0000] {processor.py:208} INFO - Processing /home/airflow/.local/lib/python3.12/site-packages/airflow/example_dags/example_dag_decorator.py took 0.141 seconds
[2025-07-01T22:02:45.262+0000] {processor.py:186} INFO - Started process (PID=5733) to work on /home/airflow/.local/lib/python3.12/site-packages/airflow/example_dags/example_dag_decorator.py
[2025-07-01T22:02:45.264+0000] {processor.py:914} INFO - Processing file /home/airflow/.local/lib/python3.12/site-packages/airflow/example_dags/example_dag_decorator.py for tasks to queue
[2025-07-01T22:02:45.266+0000] {logging_mixin.py:190} INFO - [2025-07-01T22:02:45.266+0000] {dagbag.py:588} INFO - Filling up the DagBag from /home/airflow/.local/lib/python3.12/site-packages/airflow/example_dags/example_dag_decorator.py
[2025-07-01T22:02:45.278+0000] {processor.py:925} INFO - DAG(s) 'example_dag_decorator' retrieved from /home/airflow/.local/lib/python3.12/site-packages/airflow/example_dags/example_dag_decorator.py
[2025-07-01T22:02:45.386+0000] {logging_mixin.py:190} INFO - [2025-07-01T22:02:45.385+0000] {dag.py:3239} INFO - Sync 1 DAGs
[2025-07-01T22:02:45.397+0000] {logging_mixin.py:190} INFO - [2025-07-01T22:02:45.397+0000] {dag.py:4180} INFO - Setting next_dagrun for example_dag_decorator to None, run_after=None
[2025-07-01T22:02:45.420+0000] {processor.py:208} INFO - Processing /home/airflow/.local/lib/python3.12/site-packages/airflow/example_dags/example_dag_decorator.py took 0.163 seconds
[2025-07-01T22:03:16.216+0000] {processor.py:186} INFO - Started process (PID=5796) to work on /home/airflow/.local/lib/python3.12/site-packages/airflow/example_dags/example_dag_decorator.py
[2025-07-01T22:03:16.217+0000] {processor.py:914} INFO - Processing file /home/airflow/.local/lib/python3.12/site-packages/airflow/example_dags/example_dag_decorator.py for tasks to queue
[2025-07-01T22:03:16.220+0000] {logging_mixin.py:190} INFO - [2025-07-01T22:03:16.219+0000] {dagbag.py:588} INFO - Filling up the DagBag from /home/airflow/.local/lib/python3.12/site-packages/airflow/example_dags/example_dag_decorator.py
[2025-07-01T22:03:16.230+0000] {processor.py:925} INFO - DAG(s) 'example_dag_decorator' retrieved from /home/airflow/.local/lib/python3.12/site-packages/airflow/example_dags/example_dag_decorator.py
[2025-07-01T22:03:16.343+0000] {logging_mixin.py:190} INFO - [2025-07-01T22:03:16.342+0000] {dag.py:3239} INFO - Sync 1 DAGs
[2025-07-01T22:03:16.353+0000] {logging_mixin.py:190} INFO - [2025-07-01T22:03:16.353+0000] {dag.py:4180} INFO - Setting next_dagrun for example_dag_decorator to None, run_after=None
[2025-07-01T22:03:16.376+0000] {processor.py:208} INFO - Processing /home/airflow/.local/lib/python3.12/site-packages/airflow/example_dags/example_dag_decorator.py took 0.165 seconds
[2025-07-01T22:03:47.592+0000] {processor.py:186} INFO - Started process (PID=5859) to work on /home/airflow/.local/lib/python3.12/site-packages/airflow/example_dags/example_dag_decorator.py
[2025-07-01T22:03:47.593+0000] {processor.py:914} INFO - Processing file /home/airflow/.local/lib/python3.12/site-packages/airflow/example_dags/example_dag_decorator.py for tasks to queue
[2025-07-01T22:03:47.596+0000] {logging_mixin.py:190} INFO - [2025-07-01T22:03:47.596+0000] {dagbag.py:588} INFO - Filling up the DagBag from /home/airflow/.local/lib/python3.12/site-packages/airflow/example_dags/example_dag_decorator.py
[2025-07-01T22:03:47.613+0000] {processor.py:925} INFO - DAG(s) 'example_dag_decorator' retrieved from /home/airflow/.local/lib/python3.12/site-packages/airflow/example_dags/example_dag_decorator.py
[2025-07-01T22:03:47.809+0000] {logging_mixin.py:190} INFO - [2025-07-01T22:03:47.808+0000] {dag.py:3239} INFO - Sync 1 DAGs
[2025-07-01T22:03:47.827+0000] {logging_mixin.py:190} INFO - [2025-07-01T22:03:47.827+0000] {dag.py:4180} INFO - Setting next_dagrun for example_dag_decorator to None, run_after=None
[2025-07-01T22:03:47.856+0000] {processor.py:208} INFO - Processing /home/airflow/.local/lib/python3.12/site-packages/airflow/example_dags/example_dag_decorator.py took 0.272 seconds
[2025-07-01T22:04:17.926+0000] {processor.py:186} INFO - Started process (PID=5923) to work on /home/airflow/.local/lib/python3.12/site-packages/airflow/example_dags/example_dag_decorator.py
[2025-07-01T22:04:17.927+0000] {processor.py:914} INFO - Processing file /home/airflow/.local/lib/python3.12/site-packages/airflow/example_dags/example_dag_decorator.py for tasks to queue
[2025-07-01T22:04:17.929+0000] {logging_mixin.py:190} INFO - [2025-07-01T22:04:17.929+0000] {dagbag.py:588} INFO - Filling up the DagBag from /home/airflow/.local/lib/python3.12/site-packages/airflow/example_dags/example_dag_decorator.py
[2025-07-01T22:04:17.940+0000] {processor.py:925} INFO - DAG(s) 'example_dag_decorator' retrieved from /home/airflow/.local/lib/python3.12/site-packages/airflow/example_dags/example_dag_decorator.py
[2025-07-01T22:04:18.030+0000] {logging_mixin.py:190} INFO - [2025-07-01T22:04:18.030+0000] {dag.py:3239} INFO - Sync 1 DAGs
[2025-07-01T22:04:18.040+0000] {logging_mixin.py:190} INFO - [2025-07-01T22:04:18.040+0000] {dag.py:4180} INFO - Setting next_dagrun for example_dag_decorator to None, run_after=None
[2025-07-01T22:04:18.061+0000] {processor.py:208} INFO - Processing /home/airflow/.local/lib/python3.12/site-packages/airflow/example_dags/example_dag_decorator.py took 0.140 seconds
[2025-07-01T22:04:48.181+0000] {processor.py:186} INFO - Started process (PID=5986) to work on /home/airflow/.local/lib/python3.12/site-packages/airflow/example_dags/example_dag_decorator.py
[2025-07-01T22:04:48.182+0000] {processor.py:914} INFO - Processing file /home/airflow/.local/lib/python3.12/site-packages/airflow/example_dags/example_dag_decorator.py for tasks to queue
[2025-07-01T22:04:48.185+0000] {logging_mixin.py:190} INFO - [2025-07-01T22:04:48.184+0000] {dagbag.py:588} INFO - Filling up the DagBag from /home/airflow/.local/lib/python3.12/site-packages/airflow/example_dags/example_dag_decorator.py
[2025-07-01T22:04:48.196+0000] {processor.py:925} INFO - DAG(s) 'example_dag_decorator' retrieved from /home/airflow/.local/lib/python3.12/site-packages/airflow/example_dags/example_dag_decorator.py
[2025-07-01T22:04:48.217+0000] {logging_mixin.py:190} INFO - [2025-07-01T22:04:48.217+0000] {dag.py:3239} INFO - Sync 1 DAGs
[2025-07-01T22:04:48.230+0000] {logging_mixin.py:190} INFO - [2025-07-01T22:04:48.230+0000] {dag.py:4180} INFO - Setting next_dagrun for example_dag_decorator to None, run_after=None
[2025-07-01T22:04:48.248+0000] {processor.py:208} INFO - Processing /home/airflow/.local/lib/python3.12/site-packages/airflow/example_dags/example_dag_decorator.py took 0.073 seconds
[2025-07-01T22:05:19.217+0000] {processor.py:186} INFO - Started process (PID=6048) to work on /home/airflow/.local/lib/python3.12/site-packages/airflow/example_dags/example_dag_decorator.py
[2025-07-01T22:05:19.218+0000] {processor.py:914} INFO - Processing file /home/airflow/.local/lib/python3.12/site-packages/airflow/example_dags/example_dag_decorator.py for tasks to queue
[2025-07-01T22:05:19.220+0000] {logging_mixin.py:190} INFO - [2025-07-01T22:05:19.220+0000] {dagbag.py:588} INFO - Filling up the DagBag from /home/airflow/.local/lib/python3.12/site-packages/airflow/example_dags/example_dag_decorator.py
[2025-07-01T22:05:19.231+0000] {processor.py:925} INFO - DAG(s) 'example_dag_decorator' retrieved from /home/airflow/.local/lib/python3.12/site-packages/airflow/example_dags/example_dag_decorator.py
[2025-07-01T22:05:19.250+0000] {logging_mixin.py:190} INFO - [2025-07-01T22:05:19.249+0000] {dag.py:3239} INFO - Sync 1 DAGs
[2025-07-01T22:05:19.261+0000] {logging_mixin.py:190} INFO - [2025-07-01T22:05:19.261+0000] {dag.py:4180} INFO - Setting next_dagrun for example_dag_decorator to None, run_after=None
[2025-07-01T22:05:19.277+0000] {processor.py:208} INFO - Processing /home/airflow/.local/lib/python3.12/site-packages/airflow/example_dags/example_dag_decorator.py took 0.066 seconds
[2025-07-01T22:05:49.478+0000] {processor.py:186} INFO - Started process (PID=6111) to work on /home/airflow/.local/lib/python3.12/site-packages/airflow/example_dags/example_dag_decorator.py
[2025-07-01T22:05:49.479+0000] {processor.py:914} INFO - Processing file /home/airflow/.local/lib/python3.12/site-packages/airflow/example_dags/example_dag_decorator.py for tasks to queue
[2025-07-01T22:05:49.481+0000] {logging_mixin.py:190} INFO - [2025-07-01T22:05:49.481+0000] {dagbag.py:588} INFO - Filling up the DagBag from /home/airflow/.local/lib/python3.12/site-packages/airflow/example_dags/example_dag_decorator.py
[2025-07-01T22:05:49.494+0000] {processor.py:925} INFO - DAG(s) 'example_dag_decorator' retrieved from /home/airflow/.local/lib/python3.12/site-packages/airflow/example_dags/example_dag_decorator.py
[2025-07-01T22:05:49.513+0000] {logging_mixin.py:190} INFO - [2025-07-01T22:05:49.513+0000] {dag.py:3239} INFO - Sync 1 DAGs
[2025-07-01T22:05:49.525+0000] {logging_mixin.py:190} INFO - [2025-07-01T22:05:49.524+0000] {dag.py:4180} INFO - Setting next_dagrun for example_dag_decorator to None, run_after=None
[2025-07-01T22:05:49.546+0000] {processor.py:208} INFO - Processing /home/airflow/.local/lib/python3.12/site-packages/airflow/example_dags/example_dag_decorator.py took 0.073 seconds
[2025-07-01T22:06:20.053+0000] {processor.py:186} INFO - Started process (PID=6174) to work on /home/airflow/.local/lib/python3.12/site-packages/airflow/example_dags/example_dag_decorator.py
[2025-07-01T22:06:20.054+0000] {processor.py:914} INFO - Processing file /home/airflow/.local/lib/python3.12/site-packages/airflow/example_dags/example_dag_decorator.py for tasks to queue
[2025-07-01T22:06:20.057+0000] {logging_mixin.py:190} INFO - [2025-07-01T22:06:20.056+0000] {dagbag.py:588} INFO - Filling up the DagBag from /home/airflow/.local/lib/python3.12/site-packages/airflow/example_dags/example_dag_decorator.py
[2025-07-01T22:06:20.069+0000] {processor.py:925} INFO - DAG(s) 'example_dag_decorator' retrieved from /home/airflow/.local/lib/python3.12/site-packages/airflow/example_dags/example_dag_decorator.py
[2025-07-01T22:06:20.178+0000] {logging_mixin.py:190} INFO - [2025-07-01T22:06:20.177+0000] {dag.py:3239} INFO - Sync 1 DAGs
[2025-07-01T22:06:20.193+0000] {logging_mixin.py:190} INFO - [2025-07-01T22:06:20.193+0000] {dag.py:4180} INFO - Setting next_dagrun for example_dag_decorator to None, run_after=None
[2025-07-01T22:06:20.214+0000] {processor.py:208} INFO - Processing /home/airflow/.local/lib/python3.12/site-packages/airflow/example_dags/example_dag_decorator.py took 0.167 seconds
[2025-07-01T22:06:50.841+0000] {processor.py:186} INFO - Started process (PID=6237) to work on /home/airflow/.local/lib/python3.12/site-packages/airflow/example_dags/example_dag_decorator.py
[2025-07-01T22:06:50.842+0000] {processor.py:914} INFO - Processing file /home/airflow/.local/lib/python3.12/site-packages/airflow/example_dags/example_dag_decorator.py for tasks to queue
[2025-07-01T22:06:50.844+0000] {logging_mixin.py:190} INFO - [2025-07-01T22:06:50.844+0000] {dagbag.py:588} INFO - Filling up the DagBag from /home/airflow/.local/lib/python3.12/site-packages/airflow/example_dags/example_dag_decorator.py
[2025-07-01T22:06:50.856+0000] {processor.py:925} INFO - DAG(s) 'example_dag_decorator' retrieved from /home/airflow/.local/lib/python3.12/site-packages/airflow/example_dags/example_dag_decorator.py
[2025-07-01T22:06:50.877+0000] {logging_mixin.py:190} INFO - [2025-07-01T22:06:50.877+0000] {dag.py:3239} INFO - Sync 1 DAGs
[2025-07-01T22:06:50.889+0000] {logging_mixin.py:190} INFO - [2025-07-01T22:06:50.889+0000] {dag.py:4180} INFO - Setting next_dagrun for example_dag_decorator to None, run_after=None
[2025-07-01T22:06:50.910+0000] {processor.py:208} INFO - Processing /home/airflow/.local/lib/python3.12/site-packages/airflow/example_dags/example_dag_decorator.py took 0.074 seconds
[2025-07-01T22:07:21.437+0000] {processor.py:186} INFO - Started process (PID=6300) to work on /home/airflow/.local/lib/python3.12/site-packages/airflow/example_dags/example_dag_decorator.py
[2025-07-01T22:07:21.438+0000] {processor.py:914} INFO - Processing file /home/airflow/.local/lib/python3.12/site-packages/airflow/example_dags/example_dag_decorator.py for tasks to queue
[2025-07-01T22:07:21.440+0000] {logging_mixin.py:190} INFO - [2025-07-01T22:07:21.440+0000] {dagbag.py:588} INFO - Filling up the DagBag from /home/airflow/.local/lib/python3.12/site-packages/airflow/example_dags/example_dag_decorator.py
[2025-07-01T22:07:21.451+0000] {processor.py:925} INFO - DAG(s) 'example_dag_decorator' retrieved from /home/airflow/.local/lib/python3.12/site-packages/airflow/example_dags/example_dag_decorator.py
[2025-07-01T22:07:21.543+0000] {logging_mixin.py:190} INFO - [2025-07-01T22:07:21.542+0000] {dag.py:3239} INFO - Sync 1 DAGs
[2025-07-01T22:07:21.553+0000] {logging_mixin.py:190} INFO - [2025-07-01T22:07:21.553+0000] {dag.py:4180} INFO - Setting next_dagrun for example_dag_decorator to None, run_after=None
[2025-07-01T22:07:21.570+0000] {processor.py:208} INFO - Processing /home/airflow/.local/lib/python3.12/site-packages/airflow/example_dags/example_dag_decorator.py took 0.139 seconds
[2025-07-01T22:07:52.190+0000] {processor.py:186} INFO - Started process (PID=6363) to work on /home/airflow/.local/lib/python3.12/site-packages/airflow/example_dags/example_dag_decorator.py
[2025-07-01T22:07:52.191+0000] {processor.py:914} INFO - Processing file /home/airflow/.local/lib/python3.12/site-packages/airflow/example_dags/example_dag_decorator.py for tasks to queue
[2025-07-01T22:07:52.193+0000] {logging_mixin.py:190} INFO - [2025-07-01T22:07:52.193+0000] {dagbag.py:588} INFO - Filling up the DagBag from /home/airflow/.local/lib/python3.12/site-packages/airflow/example_dags/example_dag_decorator.py
[2025-07-01T22:07:52.206+0000] {processor.py:925} INFO - DAG(s) 'example_dag_decorator' retrieved from /home/airflow/.local/lib/python3.12/site-packages/airflow/example_dags/example_dag_decorator.py
[2025-07-01T22:07:52.298+0000] {logging_mixin.py:190} INFO - [2025-07-01T22:07:52.298+0000] {dag.py:3239} INFO - Sync 1 DAGs
[2025-07-01T22:07:52.314+0000] {logging_mixin.py:190} INFO - [2025-07-01T22:07:52.314+0000] {dag.py:4180} INFO - Setting next_dagrun for example_dag_decorator to None, run_after=None
[2025-07-01T22:07:52.337+0000] {processor.py:208} INFO - Processing /home/airflow/.local/lib/python3.12/site-packages/airflow/example_dags/example_dag_decorator.py took 0.153 seconds
[2025-07-01T22:08:22.920+0000] {processor.py:186} INFO - Started process (PID=6426) to work on /home/airflow/.local/lib/python3.12/site-packages/airflow/example_dags/example_dag_decorator.py
[2025-07-01T22:08:22.921+0000] {processor.py:914} INFO - Processing file /home/airflow/.local/lib/python3.12/site-packages/airflow/example_dags/example_dag_decorator.py for tasks to queue
[2025-07-01T22:08:22.924+0000] {logging_mixin.py:190} INFO - [2025-07-01T22:08:22.923+0000] {dagbag.py:588} INFO - Filling up the DagBag from /home/airflow/.local/lib/python3.12/site-packages/airflow/example_dags/example_dag_decorator.py
[2025-07-01T22:08:22.935+0000] {processor.py:925} INFO - DAG(s) 'example_dag_decorator' retrieved from /home/airflow/.local/lib/python3.12/site-packages/airflow/example_dags/example_dag_decorator.py
[2025-07-01T22:08:23.032+0000] {logging_mixin.py:190} INFO - [2025-07-01T22:08:23.031+0000] {dag.py:3239} INFO - Sync 1 DAGs
[2025-07-01T22:08:23.041+0000] {logging_mixin.py:190} INFO - [2025-07-01T22:08:23.041+0000] {dag.py:4180} INFO - Setting next_dagrun for example_dag_decorator to None, run_after=None
[2025-07-01T22:08:23.061+0000] {processor.py:208} INFO - Processing /home/airflow/.local/lib/python3.12/site-packages/airflow/example_dags/example_dag_decorator.py took 0.146 seconds
[2025-07-01T22:08:53.632+0000] {processor.py:186} INFO - Started process (PID=6489) to work on /home/airflow/.local/lib/python3.12/site-packages/airflow/example_dags/example_dag_decorator.py
[2025-07-01T22:08:53.633+0000] {processor.py:914} INFO - Processing file /home/airflow/.local/lib/python3.12/site-packages/airflow/example_dags/example_dag_decorator.py for tasks to queue
[2025-07-01T22:08:53.636+0000] {logging_mixin.py:190} INFO - [2025-07-01T22:08:53.635+0000] {dagbag.py:588} INFO - Filling up the DagBag from /home/airflow/.local/lib/python3.12/site-packages/airflow/example_dags/example_dag_decorator.py
[2025-07-01T22:08:53.648+0000] {processor.py:925} INFO - DAG(s) 'example_dag_decorator' retrieved from /home/airflow/.local/lib/python3.12/site-packages/airflow/example_dags/example_dag_decorator.py
[2025-07-01T22:08:53.754+0000] {logging_mixin.py:190} INFO - [2025-07-01T22:08:53.754+0000] {dag.py:3239} INFO - Sync 1 DAGs
[2025-07-01T22:08:53.764+0000] {logging_mixin.py:190} INFO - [2025-07-01T22:08:53.764+0000] {dag.py:4180} INFO - Setting next_dagrun for example_dag_decorator to None, run_after=None
[2025-07-01T22:08:53.782+0000] {processor.py:208} INFO - Processing /home/airflow/.local/lib/python3.12/site-packages/airflow/example_dags/example_dag_decorator.py took 0.156 seconds
[2025-07-01T22:09:24.206+0000] {processor.py:186} INFO - Started process (PID=6552) to work on /home/airflow/.local/lib/python3.12/site-packages/airflow/example_dags/example_dag_decorator.py
[2025-07-01T22:09:24.207+0000] {processor.py:914} INFO - Processing file /home/airflow/.local/lib/python3.12/site-packages/airflow/example_dags/example_dag_decorator.py for tasks to queue
[2025-07-01T22:09:24.210+0000] {logging_mixin.py:190} INFO - [2025-07-01T22:09:24.209+0000] {dagbag.py:588} INFO - Filling up the DagBag from /home/airflow/.local/lib/python3.12/site-packages/airflow/example_dags/example_dag_decorator.py
[2025-07-01T22:09:24.221+0000] {processor.py:925} INFO - DAG(s) 'example_dag_decorator' retrieved from /home/airflow/.local/lib/python3.12/site-packages/airflow/example_dags/example_dag_decorator.py
[2025-07-01T22:09:24.322+0000] {logging_mixin.py:190} INFO - [2025-07-01T22:09:24.321+0000] {dag.py:3239} INFO - Sync 1 DAGs
[2025-07-01T22:09:24.333+0000] {logging_mixin.py:190} INFO - [2025-07-01T22:09:24.333+0000] {dag.py:4180} INFO - Setting next_dagrun for example_dag_decorator to None, run_after=None
[2025-07-01T22:09:24.354+0000] {processor.py:208} INFO - Processing /home/airflow/.local/lib/python3.12/site-packages/airflow/example_dags/example_dag_decorator.py took 0.153 seconds
[2025-07-01T22:09:54.809+0000] {processor.py:186} INFO - Started process (PID=6621) to work on /home/airflow/.local/lib/python3.12/site-packages/airflow/example_dags/example_dag_decorator.py
[2025-07-01T22:09:54.810+0000] {processor.py:914} INFO - Processing file /home/airflow/.local/lib/python3.12/site-packages/airflow/example_dags/example_dag_decorator.py for tasks to queue
[2025-07-01T22:09:54.812+0000] {logging_mixin.py:190} INFO - [2025-07-01T22:09:54.812+0000] {dagbag.py:588} INFO - Filling up the DagBag from /home/airflow/.local/lib/python3.12/site-packages/airflow/example_dags/example_dag_decorator.py
[2025-07-01T22:09:54.823+0000] {processor.py:925} INFO - DAG(s) 'example_dag_decorator' retrieved from /home/airflow/.local/lib/python3.12/site-packages/airflow/example_dags/example_dag_decorator.py
[2025-07-01T22:09:54.910+0000] {logging_mixin.py:190} INFO - [2025-07-01T22:09:54.910+0000] {dag.py:3239} INFO - Sync 1 DAGs
[2025-07-01T22:09:54.922+0000] {logging_mixin.py:190} INFO - [2025-07-01T22:09:54.922+0000] {dag.py:4180} INFO - Setting next_dagrun for example_dag_decorator to None, run_after=None
[2025-07-01T22:09:54.940+0000] {processor.py:208} INFO - Processing /home/airflow/.local/lib/python3.12/site-packages/airflow/example_dags/example_dag_decorator.py took 0.137 seconds
[2025-07-01T22:10:25.131+0000] {processor.py:186} INFO - Started process (PID=6684) to work on /home/airflow/.local/lib/python3.12/site-packages/airflow/example_dags/example_dag_decorator.py
[2025-07-01T22:10:25.132+0000] {processor.py:914} INFO - Processing file /home/airflow/.local/lib/python3.12/site-packages/airflow/example_dags/example_dag_decorator.py for tasks to queue
[2025-07-01T22:10:25.135+0000] {logging_mixin.py:190} INFO - [2025-07-01T22:10:25.134+0000] {dagbag.py:588} INFO - Filling up the DagBag from /home/airflow/.local/lib/python3.12/site-packages/airflow/example_dags/example_dag_decorator.py
[2025-07-01T22:10:25.146+0000] {processor.py:925} INFO - DAG(s) 'example_dag_decorator' retrieved from /home/airflow/.local/lib/python3.12/site-packages/airflow/example_dags/example_dag_decorator.py
[2025-07-01T22:10:25.245+0000] {logging_mixin.py:190} INFO - [2025-07-01T22:10:25.244+0000] {dag.py:3239} INFO - Sync 1 DAGs
[2025-07-01T22:10:25.256+0000] {logging_mixin.py:190} INFO - [2025-07-01T22:10:25.256+0000] {dag.py:4180} INFO - Setting next_dagrun for example_dag_decorator to None, run_after=None
[2025-07-01T22:10:25.278+0000] {processor.py:208} INFO - Processing /home/airflow/.local/lib/python3.12/site-packages/airflow/example_dags/example_dag_decorator.py took 0.152 seconds
[2025-07-01T22:10:55.641+0000] {processor.py:186} INFO - Started process (PID=6747) to work on /home/airflow/.local/lib/python3.12/site-packages/airflow/example_dags/example_dag_decorator.py
[2025-07-01T22:10:55.642+0000] {processor.py:914} INFO - Processing file /home/airflow/.local/lib/python3.12/site-packages/airflow/example_dags/example_dag_decorator.py for tasks to queue
[2025-07-01T22:10:55.644+0000] {logging_mixin.py:190} INFO - [2025-07-01T22:10:55.644+0000] {dagbag.py:588} INFO - Filling up the DagBag from /home/airflow/.local/lib/python3.12/site-packages/airflow/example_dags/example_dag_decorator.py
[2025-07-01T22:10:55.655+0000] {processor.py:925} INFO - DAG(s) 'example_dag_decorator' retrieved from /home/airflow/.local/lib/python3.12/site-packages/airflow/example_dags/example_dag_decorator.py
[2025-07-01T22:10:55.750+0000] {logging_mixin.py:190} INFO - [2025-07-01T22:10:55.749+0000] {dag.py:3239} INFO - Sync 1 DAGs
[2025-07-01T22:10:55.761+0000] {logging_mixin.py:190} INFO - [2025-07-01T22:10:55.760+0000] {dag.py:4180} INFO - Setting next_dagrun for example_dag_decorator to None, run_after=None
[2025-07-01T22:10:55.781+0000] {processor.py:208} INFO - Processing /home/airflow/.local/lib/python3.12/site-packages/airflow/example_dags/example_dag_decorator.py took 0.147 seconds
[2025-07-01T22:11:26.371+0000] {processor.py:186} INFO - Started process (PID=6810) to work on /home/airflow/.local/lib/python3.12/site-packages/airflow/example_dags/example_dag_decorator.py
[2025-07-01T22:11:26.372+0000] {processor.py:914} INFO - Processing file /home/airflow/.local/lib/python3.12/site-packages/airflow/example_dags/example_dag_decorator.py for tasks to queue
[2025-07-01T22:11:26.375+0000] {logging_mixin.py:190} INFO - [2025-07-01T22:11:26.374+0000] {dagbag.py:588} INFO - Filling up the DagBag from /home/airflow/.local/lib/python3.12/site-packages/airflow/example_dags/example_dag_decorator.py
[2025-07-01T22:11:26.385+0000] {processor.py:925} INFO - DAG(s) 'example_dag_decorator' retrieved from /home/airflow/.local/lib/python3.12/site-packages/airflow/example_dags/example_dag_decorator.py
[2025-07-01T22:11:26.479+0000] {logging_mixin.py:190} INFO - [2025-07-01T22:11:26.479+0000] {dag.py:3239} INFO - Sync 1 DAGs
[2025-07-01T22:11:26.489+0000] {logging_mixin.py:190} INFO - [2025-07-01T22:11:26.489+0000] {dag.py:4180} INFO - Setting next_dagrun for example_dag_decorator to None, run_after=None
[2025-07-01T22:11:26.508+0000] {processor.py:208} INFO - Processing /home/airflow/.local/lib/python3.12/site-packages/airflow/example_dags/example_dag_decorator.py took 0.142 seconds
[2025-07-01T22:11:57.077+0000] {processor.py:186} INFO - Started process (PID=6873) to work on /home/airflow/.local/lib/python3.12/site-packages/airflow/example_dags/example_dag_decorator.py
[2025-07-01T22:11:57.078+0000] {processor.py:914} INFO - Processing file /home/airflow/.local/lib/python3.12/site-packages/airflow/example_dags/example_dag_decorator.py for tasks to queue
[2025-07-01T22:11:57.081+0000] {logging_mixin.py:190} INFO - [2025-07-01T22:11:57.080+0000] {dagbag.py:588} INFO - Filling up the DagBag from /home/airflow/.local/lib/python3.12/site-packages/airflow/example_dags/example_dag_decorator.py
[2025-07-01T22:11:57.092+0000] {processor.py:925} INFO - DAG(s) 'example_dag_decorator' retrieved from /home/airflow/.local/lib/python3.12/site-packages/airflow/example_dags/example_dag_decorator.py
[2025-07-01T22:11:57.189+0000] {logging_mixin.py:190} INFO - [2025-07-01T22:11:57.189+0000] {dag.py:3239} INFO - Sync 1 DAGs
[2025-07-01T22:11:57.200+0000] {logging_mixin.py:190} INFO - [2025-07-01T22:11:57.200+0000] {dag.py:4180} INFO - Setting next_dagrun for example_dag_decorator to None, run_after=None
[2025-07-01T22:11:57.222+0000] {processor.py:208} INFO - Processing /home/airflow/.local/lib/python3.12/site-packages/airflow/example_dags/example_dag_decorator.py took 0.151 seconds
[2025-07-01T22:12:27.982+0000] {processor.py:186} INFO - Started process (PID=6936) to work on /home/airflow/.local/lib/python3.12/site-packages/airflow/example_dags/example_dag_decorator.py
[2025-07-01T22:12:27.983+0000] {processor.py:914} INFO - Processing file /home/airflow/.local/lib/python3.12/site-packages/airflow/example_dags/example_dag_decorator.py for tasks to queue
[2025-07-01T22:12:27.986+0000] {logging_mixin.py:190} INFO - [2025-07-01T22:12:27.986+0000] {dagbag.py:588} INFO - Filling up the DagBag from /home/airflow/.local/lib/python3.12/site-packages/airflow/example_dags/example_dag_decorator.py
[2025-07-01T22:12:27.999+0000] {processor.py:925} INFO - DAG(s) 'example_dag_decorator' retrieved from /home/airflow/.local/lib/python3.12/site-packages/airflow/example_dags/example_dag_decorator.py
[2025-07-01T22:12:28.104+0000] {logging_mixin.py:190} INFO - [2025-07-01T22:12:28.104+0000] {dag.py:3239} INFO - Sync 1 DAGs
[2025-07-01T22:12:28.115+0000] {logging_mixin.py:190} INFO - [2025-07-01T22:12:28.115+0000] {dag.py:4180} INFO - Setting next_dagrun for example_dag_decorator to None, run_after=None
[2025-07-01T22:12:28.134+0000] {processor.py:208} INFO - Processing /home/airflow/.local/lib/python3.12/site-packages/airflow/example_dags/example_dag_decorator.py took 0.157 seconds
[2025-07-01T22:12:58.676+0000] {processor.py:186} INFO - Started process (PID=7000) to work on /home/airflow/.local/lib/python3.12/site-packages/airflow/example_dags/example_dag_decorator.py
[2025-07-01T22:12:58.677+0000] {processor.py:914} INFO - Processing file /home/airflow/.local/lib/python3.12/site-packages/airflow/example_dags/example_dag_decorator.py for tasks to queue
[2025-07-01T22:12:58.679+0000] {logging_mixin.py:190} INFO - [2025-07-01T22:12:58.679+0000] {dagbag.py:588} INFO - Filling up the DagBag from /home/airflow/.local/lib/python3.12/site-packages/airflow/example_dags/example_dag_decorator.py
[2025-07-01T22:12:58.690+0000] {processor.py:925} INFO - DAG(s) 'example_dag_decorator' retrieved from /home/airflow/.local/lib/python3.12/site-packages/airflow/example_dags/example_dag_decorator.py
[2025-07-01T22:12:58.710+0000] {logging_mixin.py:190} INFO - [2025-07-01T22:12:58.710+0000] {dag.py:3239} INFO - Sync 1 DAGs
[2025-07-01T22:12:58.722+0000] {logging_mixin.py:190} INFO - [2025-07-01T22:12:58.722+0000] {dag.py:4180} INFO - Setting next_dagrun for example_dag_decorator to None, run_after=None
[2025-07-01T22:12:58.740+0000] {processor.py:208} INFO - Processing /home/airflow/.local/lib/python3.12/site-packages/airflow/example_dags/example_dag_decorator.py took 0.070 seconds
[2025-07-01T22:13:29.441+0000] {processor.py:186} INFO - Started process (PID=7063) to work on /home/airflow/.local/lib/python3.12/site-packages/airflow/example_dags/example_dag_decorator.py
[2025-07-01T22:13:29.442+0000] {processor.py:914} INFO - Processing file /home/airflow/.local/lib/python3.12/site-packages/airflow/example_dags/example_dag_decorator.py for tasks to queue
[2025-07-01T22:13:29.444+0000] {logging_mixin.py:190} INFO - [2025-07-01T22:13:29.443+0000] {dagbag.py:588} INFO - Filling up the DagBag from /home/airflow/.local/lib/python3.12/site-packages/airflow/example_dags/example_dag_decorator.py
[2025-07-01T22:13:29.455+0000] {processor.py:925} INFO - DAG(s) 'example_dag_decorator' retrieved from /home/airflow/.local/lib/python3.12/site-packages/airflow/example_dags/example_dag_decorator.py
[2025-07-01T22:13:29.545+0000] {logging_mixin.py:190} INFO - [2025-07-01T22:13:29.545+0000] {dag.py:3239} INFO - Sync 1 DAGs
[2025-07-01T22:13:29.555+0000] {logging_mixin.py:190} INFO - [2025-07-01T22:13:29.555+0000] {dag.py:4180} INFO - Setting next_dagrun for example_dag_decorator to None, run_after=None
[2025-07-01T22:13:29.574+0000] {processor.py:208} INFO - Processing /home/airflow/.local/lib/python3.12/site-packages/airflow/example_dags/example_dag_decorator.py took 0.139 seconds
[2025-07-01T22:14:00.415+0000] {processor.py:186} INFO - Started process (PID=7126) to work on /home/airflow/.local/lib/python3.12/site-packages/airflow/example_dags/example_dag_decorator.py
[2025-07-01T22:14:00.416+0000] {processor.py:914} INFO - Processing file /home/airflow/.local/lib/python3.12/site-packages/airflow/example_dags/example_dag_decorator.py for tasks to queue
[2025-07-01T22:14:00.419+0000] {logging_mixin.py:190} INFO - [2025-07-01T22:14:00.419+0000] {dagbag.py:588} INFO - Filling up the DagBag from /home/airflow/.local/lib/python3.12/site-packages/airflow/example_dags/example_dag_decorator.py
[2025-07-01T22:14:00.431+0000] {processor.py:925} INFO - DAG(s) 'example_dag_decorator' retrieved from /home/airflow/.local/lib/python3.12/site-packages/airflow/example_dags/example_dag_decorator.py
[2025-07-01T22:14:00.521+0000] {logging_mixin.py:190} INFO - [2025-07-01T22:14:00.521+0000] {dag.py:3239} INFO - Sync 1 DAGs
[2025-07-01T22:14:00.531+0000] {logging_mixin.py:190} INFO - [2025-07-01T22:14:00.531+0000] {dag.py:4180} INFO - Setting next_dagrun for example_dag_decorator to None, run_after=None
[2025-07-01T22:14:00.551+0000] {processor.py:208} INFO - Processing /home/airflow/.local/lib/python3.12/site-packages/airflow/example_dags/example_dag_decorator.py took 0.144 seconds
[2025-07-01T22:14:31.056+0000] {processor.py:186} INFO - Started process (PID=7189) to work on /home/airflow/.local/lib/python3.12/site-packages/airflow/example_dags/example_dag_decorator.py
[2025-07-01T22:14:31.057+0000] {processor.py:914} INFO - Processing file /home/airflow/.local/lib/python3.12/site-packages/airflow/example_dags/example_dag_decorator.py for tasks to queue
[2025-07-01T22:14:31.059+0000] {logging_mixin.py:190} INFO - [2025-07-01T22:14:31.058+0000] {dagbag.py:588} INFO - Filling up the DagBag from /home/airflow/.local/lib/python3.12/site-packages/airflow/example_dags/example_dag_decorator.py
[2025-07-01T22:14:31.070+0000] {processor.py:925} INFO - DAG(s) 'example_dag_decorator' retrieved from /home/airflow/.local/lib/python3.12/site-packages/airflow/example_dags/example_dag_decorator.py
[2025-07-01T22:14:31.159+0000] {logging_mixin.py:190} INFO - [2025-07-01T22:14:31.159+0000] {dag.py:3239} INFO - Sync 1 DAGs
[2025-07-01T22:14:31.169+0000] {logging_mixin.py:190} INFO - [2025-07-01T22:14:31.169+0000] {dag.py:4180} INFO - Setting next_dagrun for example_dag_decorator to None, run_after=None
[2025-07-01T22:14:31.186+0000] {processor.py:208} INFO - Processing /home/airflow/.local/lib/python3.12/site-packages/airflow/example_dags/example_dag_decorator.py took 0.135 seconds
[2025-07-01T22:15:01.795+0000] {processor.py:186} INFO - Started process (PID=7252) to work on /home/airflow/.local/lib/python3.12/site-packages/airflow/example_dags/example_dag_decorator.py
[2025-07-01T22:15:01.797+0000] {processor.py:914} INFO - Processing file /home/airflow/.local/lib/python3.12/site-packages/airflow/example_dags/example_dag_decorator.py for tasks to queue
[2025-07-01T22:15:01.800+0000] {logging_mixin.py:190} INFO - [2025-07-01T22:15:01.799+0000] {dagbag.py:588} INFO - Filling up the DagBag from /home/airflow/.local/lib/python3.12/site-packages/airflow/example_dags/example_dag_decorator.py
[2025-07-01T22:15:01.813+0000] {processor.py:925} INFO - DAG(s) 'example_dag_decorator' retrieved from /home/airflow/.local/lib/python3.12/site-packages/airflow/example_dags/example_dag_decorator.py
[2025-07-01T22:15:01.949+0000] {logging_mixin.py:190} INFO - [2025-07-01T22:15:01.948+0000] {dag.py:3239} INFO - Sync 1 DAGs
[2025-07-01T22:15:01.962+0000] {logging_mixin.py:190} INFO - [2025-07-01T22:15:01.961+0000] {dag.py:4180} INFO - Setting next_dagrun for example_dag_decorator to None, run_after=None
[2025-07-01T22:15:01.990+0000] {processor.py:208} INFO - Processing /home/airflow/.local/lib/python3.12/site-packages/airflow/example_dags/example_dag_decorator.py took 0.201 seconds
[2025-07-01T22:15:32.099+0000] {processor.py:186} INFO - Started process (PID=7315) to work on /home/airflow/.local/lib/python3.12/site-packages/airflow/example_dags/example_dag_decorator.py
[2025-07-01T22:15:32.100+0000] {processor.py:914} INFO - Processing file /home/airflow/.local/lib/python3.12/site-packages/airflow/example_dags/example_dag_decorator.py for tasks to queue
[2025-07-01T22:15:32.104+0000] {logging_mixin.py:190} INFO - [2025-07-01T22:15:32.103+0000] {dagbag.py:588} INFO - Filling up the DagBag from /home/airflow/.local/lib/python3.12/site-packages/airflow/example_dags/example_dag_decorator.py
[2025-07-01T22:15:32.125+0000] {processor.py:925} INFO - DAG(s) 'example_dag_decorator' retrieved from /home/airflow/.local/lib/python3.12/site-packages/airflow/example_dags/example_dag_decorator.py
[2025-07-01T22:15:32.156+0000] {logging_mixin.py:190} INFO - [2025-07-01T22:15:32.156+0000] {dag.py:3239} INFO - Sync 1 DAGs
[2025-07-01T22:15:32.170+0000] {logging_mixin.py:190} INFO - [2025-07-01T22:15:32.170+0000] {dag.py:4180} INFO - Setting next_dagrun for example_dag_decorator to None, run_after=None
[2025-07-01T22:15:32.191+0000] {processor.py:208} INFO - Processing /home/airflow/.local/lib/python3.12/site-packages/airflow/example_dags/example_dag_decorator.py took 0.101 seconds
[2025-07-01T22:16:02.524+0000] {processor.py:186} INFO - Started process (PID=7378) to work on /home/airflow/.local/lib/python3.12/site-packages/airflow/example_dags/example_dag_decorator.py
[2025-07-01T22:16:02.525+0000] {processor.py:914} INFO - Processing file /home/airflow/.local/lib/python3.12/site-packages/airflow/example_dags/example_dag_decorator.py for tasks to queue
[2025-07-01T22:16:02.528+0000] {logging_mixin.py:190} INFO - [2025-07-01T22:16:02.527+0000] {dagbag.py:588} INFO - Filling up the DagBag from /home/airflow/.local/lib/python3.12/site-packages/airflow/example_dags/example_dag_decorator.py
[2025-07-01T22:16:02.538+0000] {processor.py:925} INFO - DAG(s) 'example_dag_decorator' retrieved from /home/airflow/.local/lib/python3.12/site-packages/airflow/example_dags/example_dag_decorator.py
[2025-07-01T22:16:02.635+0000] {logging_mixin.py:190} INFO - [2025-07-01T22:16:02.634+0000] {dag.py:3239} INFO - Sync 1 DAGs
[2025-07-01T22:16:02.647+0000] {logging_mixin.py:190} INFO - [2025-07-01T22:16:02.647+0000] {dag.py:4180} INFO - Setting next_dagrun for example_dag_decorator to None, run_after=None
[2025-07-01T22:16:02.668+0000] {processor.py:208} INFO - Processing /home/airflow/.local/lib/python3.12/site-packages/airflow/example_dags/example_dag_decorator.py took 0.150 seconds
[2025-07-01T22:16:33.084+0000] {processor.py:186} INFO - Started process (PID=7441) to work on /home/airflow/.local/lib/python3.12/site-packages/airflow/example_dags/example_dag_decorator.py
[2025-07-01T22:16:33.086+0000] {processor.py:914} INFO - Processing file /home/airflow/.local/lib/python3.12/site-packages/airflow/example_dags/example_dag_decorator.py for tasks to queue
[2025-07-01T22:16:33.088+0000] {logging_mixin.py:190} INFO - [2025-07-01T22:16:33.088+0000] {dagbag.py:588} INFO - Filling up the DagBag from /home/airflow/.local/lib/python3.12/site-packages/airflow/example_dags/example_dag_decorator.py
[2025-07-01T22:16:33.099+0000] {processor.py:925} INFO - DAG(s) 'example_dag_decorator' retrieved from /home/airflow/.local/lib/python3.12/site-packages/airflow/example_dags/example_dag_decorator.py
[2025-07-01T22:16:33.212+0000] {logging_mixin.py:190} INFO - [2025-07-01T22:16:33.211+0000] {dag.py:3239} INFO - Sync 1 DAGs
[2025-07-01T22:16:33.229+0000] {logging_mixin.py:190} INFO - [2025-07-01T22:16:33.229+0000] {dag.py:4180} INFO - Setting next_dagrun for example_dag_decorator to None, run_after=None
[2025-07-01T22:16:33.255+0000] {processor.py:208} INFO - Processing /home/airflow/.local/lib/python3.12/site-packages/airflow/example_dags/example_dag_decorator.py took 0.176 seconds
[2025-07-01T22:17:03.729+0000] {processor.py:186} INFO - Started process (PID=7504) to work on /home/airflow/.local/lib/python3.12/site-packages/airflow/example_dags/example_dag_decorator.py
[2025-07-01T22:17:03.730+0000] {processor.py:914} INFO - Processing file /home/airflow/.local/lib/python3.12/site-packages/airflow/example_dags/example_dag_decorator.py for tasks to queue
[2025-07-01T22:17:03.732+0000] {logging_mixin.py:190} INFO - [2025-07-01T22:17:03.731+0000] {dagbag.py:588} INFO - Filling up the DagBag from /home/airflow/.local/lib/python3.12/site-packages/airflow/example_dags/example_dag_decorator.py
[2025-07-01T22:17:03.742+0000] {processor.py:925} INFO - DAG(s) 'example_dag_decorator' retrieved from /home/airflow/.local/lib/python3.12/site-packages/airflow/example_dags/example_dag_decorator.py
[2025-07-01T22:17:03.835+0000] {logging_mixin.py:190} INFO - [2025-07-01T22:17:03.834+0000] {dag.py:3239} INFO - Sync 1 DAGs
[2025-07-01T22:17:03.844+0000] {logging_mixin.py:190} INFO - [2025-07-01T22:17:03.844+0000] {dag.py:4180} INFO - Setting next_dagrun for example_dag_decorator to None, run_after=None
[2025-07-01T22:17:03.863+0000] {processor.py:208} INFO - Processing /home/airflow/.local/lib/python3.12/site-packages/airflow/example_dags/example_dag_decorator.py took 0.140 seconds
[2025-07-01T22:17:34.380+0000] {processor.py:186} INFO - Started process (PID=7567) to work on /home/airflow/.local/lib/python3.12/site-packages/airflow/example_dags/example_dag_decorator.py
[2025-07-01T22:17:34.381+0000] {processor.py:914} INFO - Processing file /home/airflow/.local/lib/python3.12/site-packages/airflow/example_dags/example_dag_decorator.py for tasks to queue
[2025-07-01T22:17:34.383+0000] {logging_mixin.py:190} INFO - [2025-07-01T22:17:34.383+0000] {dagbag.py:588} INFO - Filling up the DagBag from /home/airflow/.local/lib/python3.12/site-packages/airflow/example_dags/example_dag_decorator.py
[2025-07-01T22:17:34.395+0000] {processor.py:925} INFO - DAG(s) 'example_dag_decorator' retrieved from /home/airflow/.local/lib/python3.12/site-packages/airflow/example_dags/example_dag_decorator.py
[2025-07-01T22:17:34.521+0000] {logging_mixin.py:190} INFO - [2025-07-01T22:17:34.521+0000] {dag.py:3239} INFO - Sync 1 DAGs
[2025-07-01T22:17:34.533+0000] {logging_mixin.py:190} INFO - [2025-07-01T22:17:34.533+0000] {dag.py:4180} INFO - Setting next_dagrun for example_dag_decorator to None, run_after=None
[2025-07-01T22:17:34.555+0000] {processor.py:208} INFO - Processing /home/airflow/.local/lib/python3.12/site-packages/airflow/example_dags/example_dag_decorator.py took 0.181 seconds
[2025-07-01T22:18:05.656+0000] {processor.py:186} INFO - Started process (PID=7630) to work on /home/airflow/.local/lib/python3.12/site-packages/airflow/example_dags/example_dag_decorator.py
[2025-07-01T22:18:05.657+0000] {processor.py:914} INFO - Processing file /home/airflow/.local/lib/python3.12/site-packages/airflow/example_dags/example_dag_decorator.py for tasks to queue
[2025-07-01T22:18:05.660+0000] {logging_mixin.py:190} INFO - [2025-07-01T22:18:05.660+0000] {dagbag.py:588} INFO - Filling up the DagBag from /home/airflow/.local/lib/python3.12/site-packages/airflow/example_dags/example_dag_decorator.py
[2025-07-01T22:18:05.676+0000] {processor.py:925} INFO - DAG(s) 'example_dag_decorator' retrieved from /home/airflow/.local/lib/python3.12/site-packages/airflow/example_dags/example_dag_decorator.py
[2025-07-01T22:18:05.871+0000] {logging_mixin.py:190} INFO - [2025-07-01T22:18:05.871+0000] {dag.py:3239} INFO - Sync 1 DAGs
[2025-07-01T22:18:05.891+0000] {logging_mixin.py:190} INFO - [2025-07-01T22:18:05.891+0000] {dag.py:4180} INFO - Setting next_dagrun for example_dag_decorator to None, run_after=None
[2025-07-01T22:18:05.931+0000] {processor.py:208} INFO - Processing /home/airflow/.local/lib/python3.12/site-packages/airflow/example_dags/example_dag_decorator.py took 0.283 seconds
[2025-07-01T22:18:36.018+0000] {processor.py:186} INFO - Started process (PID=7700) to work on /home/airflow/.local/lib/python3.12/site-packages/airflow/example_dags/example_dag_decorator.py
[2025-07-01T22:18:36.019+0000] {processor.py:914} INFO - Processing file /home/airflow/.local/lib/python3.12/site-packages/airflow/example_dags/example_dag_decorator.py for tasks to queue
[2025-07-01T22:18:36.021+0000] {logging_mixin.py:190} INFO - [2025-07-01T22:18:36.021+0000] {dagbag.py:588} INFO - Filling up the DagBag from /home/airflow/.local/lib/python3.12/site-packages/airflow/example_dags/example_dag_decorator.py
[2025-07-01T22:18:36.032+0000] {processor.py:925} INFO - DAG(s) 'example_dag_decorator' retrieved from /home/airflow/.local/lib/python3.12/site-packages/airflow/example_dags/example_dag_decorator.py
[2025-07-01T22:18:36.129+0000] {logging_mixin.py:190} INFO - [2025-07-01T22:18:36.129+0000] {dag.py:3239} INFO - Sync 1 DAGs
[2025-07-01T22:18:36.138+0000] {logging_mixin.py:190} INFO - [2025-07-01T22:18:36.138+0000] {dag.py:4180} INFO - Setting next_dagrun for example_dag_decorator to None, run_after=None
[2025-07-01T22:18:36.159+0000] {processor.py:208} INFO - Processing /home/airflow/.local/lib/python3.12/site-packages/airflow/example_dags/example_dag_decorator.py took 0.147 seconds
[2025-07-01T22:19:07.002+0000] {processor.py:186} INFO - Started process (PID=7763) to work on /home/airflow/.local/lib/python3.12/site-packages/airflow/example_dags/example_dag_decorator.py
[2025-07-01T22:19:07.003+0000] {processor.py:914} INFO - Processing file /home/airflow/.local/lib/python3.12/site-packages/airflow/example_dags/example_dag_decorator.py for tasks to queue
[2025-07-01T22:19:07.006+0000] {logging_mixin.py:190} INFO - [2025-07-01T22:19:07.005+0000] {dagbag.py:588} INFO - Filling up the DagBag from /home/airflow/.local/lib/python3.12/site-packages/airflow/example_dags/example_dag_decorator.py
[2025-07-01T22:19:07.019+0000] {processor.py:925} INFO - DAG(s) 'example_dag_decorator' retrieved from /home/airflow/.local/lib/python3.12/site-packages/airflow/example_dags/example_dag_decorator.py
[2025-07-01T22:19:07.118+0000] {logging_mixin.py:190} INFO - [2025-07-01T22:19:07.118+0000] {dag.py:3239} INFO - Sync 1 DAGs
[2025-07-01T22:19:07.128+0000] {logging_mixin.py:190} INFO - [2025-07-01T22:19:07.128+0000] {dag.py:4180} INFO - Setting next_dagrun for example_dag_decorator to None, run_after=None
[2025-07-01T22:19:07.156+0000] {processor.py:208} INFO - Processing /home/airflow/.local/lib/python3.12/site-packages/airflow/example_dags/example_dag_decorator.py took 0.159 seconds
[2025-07-01T22:19:37.660+0000] {processor.py:186} INFO - Started process (PID=7826) to work on /home/airflow/.local/lib/python3.12/site-packages/airflow/example_dags/example_dag_decorator.py
[2025-07-01T22:19:37.661+0000] {processor.py:914} INFO - Processing file /home/airflow/.local/lib/python3.12/site-packages/airflow/example_dags/example_dag_decorator.py for tasks to queue
[2025-07-01T22:19:37.664+0000] {logging_mixin.py:190} INFO - [2025-07-01T22:19:37.664+0000] {dagbag.py:588} INFO - Filling up the DagBag from /home/airflow/.local/lib/python3.12/site-packages/airflow/example_dags/example_dag_decorator.py
[2025-07-01T22:19:37.675+0000] {processor.py:925} INFO - DAG(s) 'example_dag_decorator' retrieved from /home/airflow/.local/lib/python3.12/site-packages/airflow/example_dags/example_dag_decorator.py
[2025-07-01T22:19:37.781+0000] {logging_mixin.py:190} INFO - [2025-07-01T22:19:37.781+0000] {dag.py:3239} INFO - Sync 1 DAGs
[2025-07-01T22:19:37.795+0000] {logging_mixin.py:190} INFO - [2025-07-01T22:19:37.795+0000] {dag.py:4180} INFO - Setting next_dagrun for example_dag_decorator to None, run_after=None
[2025-07-01T22:19:37.816+0000] {processor.py:208} INFO - Processing /home/airflow/.local/lib/python3.12/site-packages/airflow/example_dags/example_dag_decorator.py took 0.161 seconds
[2025-07-01T22:20:08.124+0000] {processor.py:186} INFO - Started process (PID=7889) to work on /home/airflow/.local/lib/python3.12/site-packages/airflow/example_dags/example_dag_decorator.py
[2025-07-01T22:20:08.125+0000] {processor.py:914} INFO - Processing file /home/airflow/.local/lib/python3.12/site-packages/airflow/example_dags/example_dag_decorator.py for tasks to queue
[2025-07-01T22:20:08.128+0000] {logging_mixin.py:190} INFO - [2025-07-01T22:20:08.127+0000] {dagbag.py:588} INFO - Filling up the DagBag from /home/airflow/.local/lib/python3.12/site-packages/airflow/example_dags/example_dag_decorator.py
[2025-07-01T22:20:08.138+0000] {processor.py:925} INFO - DAG(s) 'example_dag_decorator' retrieved from /home/airflow/.local/lib/python3.12/site-packages/airflow/example_dags/example_dag_decorator.py
[2025-07-01T22:20:08.159+0000] {logging_mixin.py:190} INFO - [2025-07-01T22:20:08.159+0000] {dag.py:3239} INFO - Sync 1 DAGs
[2025-07-01T22:20:08.171+0000] {logging_mixin.py:190} INFO - [2025-07-01T22:20:08.171+0000] {dag.py:4180} INFO - Setting next_dagrun for example_dag_decorator to None, run_after=None
[2025-07-01T22:20:08.190+0000] {processor.py:208} INFO - Processing /home/airflow/.local/lib/python3.12/site-packages/airflow/example_dags/example_dag_decorator.py took 0.071 seconds
[2025-07-01T22:20:38.679+0000] {processor.py:186} INFO - Started process (PID=7952) to work on /home/airflow/.local/lib/python3.12/site-packages/airflow/example_dags/example_dag_decorator.py
[2025-07-01T22:20:38.680+0000] {processor.py:914} INFO - Processing file /home/airflow/.local/lib/python3.12/site-packages/airflow/example_dags/example_dag_decorator.py for tasks to queue
[2025-07-01T22:20:38.682+0000] {logging_mixin.py:190} INFO - [2025-07-01T22:20:38.682+0000] {dagbag.py:588} INFO - Filling up the DagBag from /home/airflow/.local/lib/python3.12/site-packages/airflow/example_dags/example_dag_decorator.py
[2025-07-01T22:20:38.694+0000] {processor.py:925} INFO - DAG(s) 'example_dag_decorator' retrieved from /home/airflow/.local/lib/python3.12/site-packages/airflow/example_dags/example_dag_decorator.py
[2025-07-01T22:20:38.793+0000] {logging_mixin.py:190} INFO - [2025-07-01T22:20:38.793+0000] {dag.py:3239} INFO - Sync 1 DAGs
[2025-07-01T22:20:38.805+0000] {logging_mixin.py:190} INFO - [2025-07-01T22:20:38.804+0000] {dag.py:4180} INFO - Setting next_dagrun for example_dag_decorator to None, run_after=None
[2025-07-01T22:20:38.825+0000] {processor.py:208} INFO - Processing /home/airflow/.local/lib/python3.12/site-packages/airflow/example_dags/example_dag_decorator.py took 0.152 seconds
[2025-07-01T22:21:09.372+0000] {processor.py:186} INFO - Started process (PID=8015) to work on /home/airflow/.local/lib/python3.12/site-packages/airflow/example_dags/example_dag_decorator.py
[2025-07-01T22:21:09.373+0000] {processor.py:914} INFO - Processing file /home/airflow/.local/lib/python3.12/site-packages/airflow/example_dags/example_dag_decorator.py for tasks to queue
[2025-07-01T22:21:09.376+0000] {logging_mixin.py:190} INFO - [2025-07-01T22:21:09.375+0000] {dagbag.py:588} INFO - Filling up the DagBag from /home/airflow/.local/lib/python3.12/site-packages/airflow/example_dags/example_dag_decorator.py
[2025-07-01T22:21:09.386+0000] {processor.py:925} INFO - DAG(s) 'example_dag_decorator' retrieved from /home/airflow/.local/lib/python3.12/site-packages/airflow/example_dags/example_dag_decorator.py
[2025-07-01T22:21:09.407+0000] {logging_mixin.py:190} INFO - [2025-07-01T22:21:09.407+0000] {dag.py:3239} INFO - Sync 1 DAGs
[2025-07-01T22:21:09.420+0000] {logging_mixin.py:190} INFO - [2025-07-01T22:21:09.420+0000] {dag.py:4180} INFO - Setting next_dagrun for example_dag_decorator to None, run_after=None
[2025-07-01T22:21:09.439+0000] {processor.py:208} INFO - Processing /home/airflow/.local/lib/python3.12/site-packages/airflow/example_dags/example_dag_decorator.py took 0.071 seconds
[2025-07-01T22:21:40.245+0000] {processor.py:186} INFO - Started process (PID=8078) to work on /home/airflow/.local/lib/python3.12/site-packages/airflow/example_dags/example_dag_decorator.py
[2025-07-01T22:21:40.246+0000] {processor.py:914} INFO - Processing file /home/airflow/.local/lib/python3.12/site-packages/airflow/example_dags/example_dag_decorator.py for tasks to queue
[2025-07-01T22:21:40.248+0000] {logging_mixin.py:190} INFO - [2025-07-01T22:21:40.248+0000] {dagbag.py:588} INFO - Filling up the DagBag from /home/airflow/.local/lib/python3.12/site-packages/airflow/example_dags/example_dag_decorator.py
[2025-07-01T22:21:40.259+0000] {processor.py:925} INFO - DAG(s) 'example_dag_decorator' retrieved from /home/airflow/.local/lib/python3.12/site-packages/airflow/example_dags/example_dag_decorator.py
[2025-07-01T22:21:40.281+0000] {logging_mixin.py:190} INFO - [2025-07-01T22:21:40.281+0000] {dag.py:3239} INFO - Sync 1 DAGs
[2025-07-01T22:21:40.294+0000] {logging_mixin.py:190} INFO - [2025-07-01T22:21:40.293+0000] {dag.py:4180} INFO - Setting next_dagrun for example_dag_decorator to None, run_after=None
[2025-07-01T22:21:40.311+0000] {processor.py:208} INFO - Processing /home/airflow/.local/lib/python3.12/site-packages/airflow/example_dags/example_dag_decorator.py took 0.072 seconds
[2025-07-01T22:22:10.726+0000] {processor.py:186} INFO - Started process (PID=8141) to work on /home/airflow/.local/lib/python3.12/site-packages/airflow/example_dags/example_dag_decorator.py
[2025-07-01T22:22:10.727+0000] {processor.py:914} INFO - Processing file /home/airflow/.local/lib/python3.12/site-packages/airflow/example_dags/example_dag_decorator.py for tasks to queue
[2025-07-01T22:22:10.729+0000] {logging_mixin.py:190} INFO - [2025-07-01T22:22:10.729+0000] {dagbag.py:588} INFO - Filling up the DagBag from /home/airflow/.local/lib/python3.12/site-packages/airflow/example_dags/example_dag_decorator.py
[2025-07-01T22:22:10.740+0000] {processor.py:925} INFO - DAG(s) 'example_dag_decorator' retrieved from /home/airflow/.local/lib/python3.12/site-packages/airflow/example_dags/example_dag_decorator.py
[2025-07-01T22:22:10.833+0000] {logging_mixin.py:190} INFO - [2025-07-01T22:22:10.833+0000] {dag.py:3239} INFO - Sync 1 DAGs
[2025-07-01T22:22:10.844+0000] {logging_mixin.py:190} INFO - [2025-07-01T22:22:10.843+0000] {dag.py:4180} INFO - Setting next_dagrun for example_dag_decorator to None, run_after=None
[2025-07-01T22:22:10.863+0000] {processor.py:208} INFO - Processing /home/airflow/.local/lib/python3.12/site-packages/airflow/example_dags/example_dag_decorator.py took 0.143 seconds
[2025-07-01T22:22:41.254+0000] {processor.py:186} INFO - Started process (PID=8204) to work on /home/airflow/.local/lib/python3.12/site-packages/airflow/example_dags/example_dag_decorator.py
[2025-07-01T22:22:41.255+0000] {processor.py:914} INFO - Processing file /home/airflow/.local/lib/python3.12/site-packages/airflow/example_dags/example_dag_decorator.py for tasks to queue
[2025-07-01T22:22:41.258+0000] {logging_mixin.py:190} INFO - [2025-07-01T22:22:41.258+0000] {dagbag.py:588} INFO - Filling up the DagBag from /home/airflow/.local/lib/python3.12/site-packages/airflow/example_dags/example_dag_decorator.py
[2025-07-01T22:22:41.270+0000] {processor.py:925} INFO - DAG(s) 'example_dag_decorator' retrieved from /home/airflow/.local/lib/python3.12/site-packages/airflow/example_dags/example_dag_decorator.py
[2025-07-01T22:22:41.380+0000] {logging_mixin.py:190} INFO - [2025-07-01T22:22:41.380+0000] {dag.py:3239} INFO - Sync 1 DAGs
[2025-07-01T22:22:41.393+0000] {logging_mixin.py:190} INFO - [2025-07-01T22:22:41.392+0000] {dag.py:4180} INFO - Setting next_dagrun for example_dag_decorator to None, run_after=None
[2025-07-01T22:22:41.413+0000] {processor.py:208} INFO - Processing /home/airflow/.local/lib/python3.12/site-packages/airflow/example_dags/example_dag_decorator.py took 0.164 seconds
[2025-07-01T22:23:11.976+0000] {processor.py:186} INFO - Started process (PID=8267) to work on /home/airflow/.local/lib/python3.12/site-packages/airflow/example_dags/example_dag_decorator.py
[2025-07-01T22:23:11.977+0000] {processor.py:914} INFO - Processing file /home/airflow/.local/lib/python3.12/site-packages/airflow/example_dags/example_dag_decorator.py for tasks to queue
[2025-07-01T22:23:11.980+0000] {logging_mixin.py:190} INFO - [2025-07-01T22:23:11.979+0000] {dagbag.py:588} INFO - Filling up the DagBag from /home/airflow/.local/lib/python3.12/site-packages/airflow/example_dags/example_dag_decorator.py
[2025-07-01T22:23:11.991+0000] {processor.py:925} INFO - DAG(s) 'example_dag_decorator' retrieved from /home/airflow/.local/lib/python3.12/site-packages/airflow/example_dags/example_dag_decorator.py
[2025-07-01T22:23:12.091+0000] {logging_mixin.py:190} INFO - [2025-07-01T22:23:12.091+0000] {dag.py:3239} INFO - Sync 1 DAGs
[2025-07-01T22:23:12.101+0000] {logging_mixin.py:190} INFO - [2025-07-01T22:23:12.101+0000] {dag.py:4180} INFO - Setting next_dagrun for example_dag_decorator to None, run_after=None
[2025-07-01T22:23:12.124+0000] {processor.py:208} INFO - Processing /home/airflow/.local/lib/python3.12/site-packages/airflow/example_dags/example_dag_decorator.py took 0.154 seconds
[2025-07-01T22:23:42.819+0000] {processor.py:186} INFO - Started process (PID=8330) to work on /home/airflow/.local/lib/python3.12/site-packages/airflow/example_dags/example_dag_decorator.py
[2025-07-01T22:23:42.820+0000] {processor.py:914} INFO - Processing file /home/airflow/.local/lib/python3.12/site-packages/airflow/example_dags/example_dag_decorator.py for tasks to queue
[2025-07-01T22:23:42.824+0000] {logging_mixin.py:190} INFO - [2025-07-01T22:23:42.823+0000] {dagbag.py:588} INFO - Filling up the DagBag from /home/airflow/.local/lib/python3.12/site-packages/airflow/example_dags/example_dag_decorator.py
[2025-07-01T22:23:42.836+0000] {processor.py:925} INFO - DAG(s) 'example_dag_decorator' retrieved from /home/airflow/.local/lib/python3.12/site-packages/airflow/example_dags/example_dag_decorator.py
[2025-07-01T22:23:42.933+0000] {logging_mixin.py:190} INFO - [2025-07-01T22:23:42.933+0000] {dag.py:3239} INFO - Sync 1 DAGs
[2025-07-01T22:23:42.950+0000] {logging_mixin.py:190} INFO - [2025-07-01T22:23:42.950+0000] {dag.py:4180} INFO - Setting next_dagrun for example_dag_decorator to None, run_after=None
[2025-07-01T22:23:42.972+0000] {processor.py:208} INFO - Processing /home/airflow/.local/lib/python3.12/site-packages/airflow/example_dags/example_dag_decorator.py took 0.161 seconds
[2025-07-01T22:24:13.419+0000] {processor.py:186} INFO - Started process (PID=8393) to work on /home/airflow/.local/lib/python3.12/site-packages/airflow/example_dags/example_dag_decorator.py
[2025-07-01T22:24:13.420+0000] {processor.py:914} INFO - Processing file /home/airflow/.local/lib/python3.12/site-packages/airflow/example_dags/example_dag_decorator.py for tasks to queue
[2025-07-01T22:24:13.423+0000] {logging_mixin.py:190} INFO - [2025-07-01T22:24:13.423+0000] {dagbag.py:588} INFO - Filling up the DagBag from /home/airflow/.local/lib/python3.12/site-packages/airflow/example_dags/example_dag_decorator.py
[2025-07-01T22:24:13.438+0000] {processor.py:925} INFO - DAG(s) 'example_dag_decorator' retrieved from /home/airflow/.local/lib/python3.12/site-packages/airflow/example_dags/example_dag_decorator.py
[2025-07-01T22:24:13.545+0000] {logging_mixin.py:190} INFO - [2025-07-01T22:24:13.545+0000] {dag.py:3239} INFO - Sync 1 DAGs
[2025-07-01T22:24:13.556+0000] {logging_mixin.py:190} INFO - [2025-07-01T22:24:13.556+0000] {dag.py:4180} INFO - Setting next_dagrun for example_dag_decorator to None, run_after=None
[2025-07-01T22:24:13.577+0000] {processor.py:208} INFO - Processing /home/airflow/.local/lib/python3.12/site-packages/airflow/example_dags/example_dag_decorator.py took 0.164 seconds
[2025-07-01T22:24:43.925+0000] {processor.py:186} INFO - Started process (PID=8462) to work on /home/airflow/.local/lib/python3.12/site-packages/airflow/example_dags/example_dag_decorator.py
[2025-07-01T22:24:43.926+0000] {processor.py:914} INFO - Processing file /home/airflow/.local/lib/python3.12/site-packages/airflow/example_dags/example_dag_decorator.py for tasks to queue
[2025-07-01T22:24:43.928+0000] {logging_mixin.py:190} INFO - [2025-07-01T22:24:43.928+0000] {dagbag.py:588} INFO - Filling up the DagBag from /home/airflow/.local/lib/python3.12/site-packages/airflow/example_dags/example_dag_decorator.py
[2025-07-01T22:24:43.939+0000] {processor.py:925} INFO - DAG(s) 'example_dag_decorator' retrieved from /home/airflow/.local/lib/python3.12/site-packages/airflow/example_dags/example_dag_decorator.py
[2025-07-01T22:24:43.961+0000] {logging_mixin.py:190} INFO - [2025-07-01T22:24:43.961+0000] {dag.py:3239} INFO - Sync 1 DAGs
[2025-07-01T22:24:43.974+0000] {logging_mixin.py:190} INFO - [2025-07-01T22:24:43.974+0000] {dag.py:4180} INFO - Setting next_dagrun for example_dag_decorator to None, run_after=None
[2025-07-01T22:24:43.994+0000] {processor.py:208} INFO - Processing /home/airflow/.local/lib/python3.12/site-packages/airflow/example_dags/example_dag_decorator.py took 0.074 seconds
[2025-07-01T22:25:14.748+0000] {processor.py:186} INFO - Started process (PID=8525) to work on /home/airflow/.local/lib/python3.12/site-packages/airflow/example_dags/example_dag_decorator.py
[2025-07-01T22:25:14.749+0000] {processor.py:914} INFO - Processing file /home/airflow/.local/lib/python3.12/site-packages/airflow/example_dags/example_dag_decorator.py for tasks to queue
[2025-07-01T22:25:14.752+0000] {logging_mixin.py:190} INFO - [2025-07-01T22:25:14.751+0000] {dagbag.py:588} INFO - Filling up the DagBag from /home/airflow/.local/lib/python3.12/site-packages/airflow/example_dags/example_dag_decorator.py
[2025-07-01T22:25:14.764+0000] {processor.py:925} INFO - DAG(s) 'example_dag_decorator' retrieved from /home/airflow/.local/lib/python3.12/site-packages/airflow/example_dags/example_dag_decorator.py
[2025-07-01T22:25:14.858+0000] {logging_mixin.py:190} INFO - [2025-07-01T22:25:14.858+0000] {dag.py:3239} INFO - Sync 1 DAGs
[2025-07-01T22:25:14.868+0000] {logging_mixin.py:190} INFO - [2025-07-01T22:25:14.867+0000] {dag.py:4180} INFO - Setting next_dagrun for example_dag_decorator to None, run_after=None
[2025-07-01T22:25:14.885+0000] {processor.py:208} INFO - Processing /home/airflow/.local/lib/python3.12/site-packages/airflow/example_dags/example_dag_decorator.py took 0.143 seconds
[2025-07-01T22:25:45.429+0000] {processor.py:186} INFO - Started process (PID=8630) to work on /home/airflow/.local/lib/python3.12/site-packages/airflow/example_dags/example_dag_decorator.py
[2025-07-01T22:25:45.430+0000] {processor.py:914} INFO - Processing file /home/airflow/.local/lib/python3.12/site-packages/airflow/example_dags/example_dag_decorator.py for tasks to queue
[2025-07-01T22:25:45.432+0000] {logging_mixin.py:190} INFO - [2025-07-01T22:25:45.432+0000] {dagbag.py:588} INFO - Filling up the DagBag from /home/airflow/.local/lib/python3.12/site-packages/airflow/example_dags/example_dag_decorator.py
[2025-07-01T22:25:45.443+0000] {processor.py:925} INFO - DAG(s) 'example_dag_decorator' retrieved from /home/airflow/.local/lib/python3.12/site-packages/airflow/example_dags/example_dag_decorator.py
[2025-07-01T22:25:45.546+0000] {logging_mixin.py:190} INFO - [2025-07-01T22:25:45.545+0000] {dag.py:3239} INFO - Sync 1 DAGs
[2025-07-01T22:25:45.555+0000] {logging_mixin.py:190} INFO - [2025-07-01T22:25:45.555+0000] {dag.py:4180} INFO - Setting next_dagrun for example_dag_decorator to None, run_after=None
[2025-07-01T22:25:45.574+0000] {processor.py:208} INFO - Processing /home/airflow/.local/lib/python3.12/site-packages/airflow/example_dags/example_dag_decorator.py took 0.154 seconds
[2025-07-01T22:26:16.409+0000] {processor.py:186} INFO - Started process (PID=8696) to work on /home/airflow/.local/lib/python3.12/site-packages/airflow/example_dags/example_dag_decorator.py
[2025-07-01T22:26:16.410+0000] {processor.py:914} INFO - Processing file /home/airflow/.local/lib/python3.12/site-packages/airflow/example_dags/example_dag_decorator.py for tasks to queue
[2025-07-01T22:26:16.413+0000] {logging_mixin.py:190} INFO - [2025-07-01T22:26:16.412+0000] {dagbag.py:588} INFO - Filling up the DagBag from /home/airflow/.local/lib/python3.12/site-packages/airflow/example_dags/example_dag_decorator.py
[2025-07-01T22:26:16.426+0000] {processor.py:925} INFO - DAG(s) 'example_dag_decorator' retrieved from /home/airflow/.local/lib/python3.12/site-packages/airflow/example_dags/example_dag_decorator.py
[2025-07-01T22:26:16.541+0000] {logging_mixin.py:190} INFO - [2025-07-01T22:26:16.540+0000] {dag.py:3239} INFO - Sync 1 DAGs
[2025-07-01T22:26:16.553+0000] {logging_mixin.py:190} INFO - [2025-07-01T22:26:16.553+0000] {dag.py:4180} INFO - Setting next_dagrun for example_dag_decorator to None, run_after=None
[2025-07-01T22:26:16.578+0000] {processor.py:208} INFO - Processing /home/airflow/.local/lib/python3.12/site-packages/airflow/example_dags/example_dag_decorator.py took 0.179 seconds
[2025-07-01T22:26:46.776+0000] {processor.py:186} INFO - Started process (PID=8760) to work on /home/airflow/.local/lib/python3.12/site-packages/airflow/example_dags/example_dag_decorator.py
[2025-07-01T22:26:46.777+0000] {processor.py:914} INFO - Processing file /home/airflow/.local/lib/python3.12/site-packages/airflow/example_dags/example_dag_decorator.py for tasks to queue
[2025-07-01T22:26:46.779+0000] {logging_mixin.py:190} INFO - [2025-07-01T22:26:46.779+0000] {dagbag.py:588} INFO - Filling up the DagBag from /home/airflow/.local/lib/python3.12/site-packages/airflow/example_dags/example_dag_decorator.py
[2025-07-01T22:26:46.789+0000] {processor.py:925} INFO - DAG(s) 'example_dag_decorator' retrieved from /home/airflow/.local/lib/python3.12/site-packages/airflow/example_dags/example_dag_decorator.py
[2025-07-01T22:26:46.884+0000] {logging_mixin.py:190} INFO - [2025-07-01T22:26:46.884+0000] {dag.py:3239} INFO - Sync 1 DAGs
[2025-07-01T22:26:46.895+0000] {logging_mixin.py:190} INFO - [2025-07-01T22:26:46.894+0000] {dag.py:4180} INFO - Setting next_dagrun for example_dag_decorator to None, run_after=None
[2025-07-01T22:26:46.914+0000] {processor.py:208} INFO - Processing /home/airflow/.local/lib/python3.12/site-packages/airflow/example_dags/example_dag_decorator.py took 0.146 seconds
[2025-07-01T22:27:17.839+0000] {processor.py:186} INFO - Started process (PID=8824) to work on /home/airflow/.local/lib/python3.12/site-packages/airflow/example_dags/example_dag_decorator.py
[2025-07-01T22:27:17.840+0000] {processor.py:914} INFO - Processing file /home/airflow/.local/lib/python3.12/site-packages/airflow/example_dags/example_dag_decorator.py for tasks to queue
[2025-07-01T22:27:17.843+0000] {logging_mixin.py:190} INFO - [2025-07-01T22:27:17.842+0000] {dagbag.py:588} INFO - Filling up the DagBag from /home/airflow/.local/lib/python3.12/site-packages/airflow/example_dags/example_dag_decorator.py
[2025-07-01T22:27:17.853+0000] {processor.py:925} INFO - DAG(s) 'example_dag_decorator' retrieved from /home/airflow/.local/lib/python3.12/site-packages/airflow/example_dags/example_dag_decorator.py
[2025-07-01T22:27:17.873+0000] {logging_mixin.py:190} INFO - [2025-07-01T22:27:17.872+0000] {dag.py:3239} INFO - Sync 1 DAGs
[2025-07-01T22:27:17.884+0000] {logging_mixin.py:190} INFO - [2025-07-01T22:27:17.883+0000] {dag.py:4180} INFO - Setting next_dagrun for example_dag_decorator to None, run_after=None
[2025-07-01T22:27:17.900+0000] {processor.py:208} INFO - Processing /home/airflow/.local/lib/python3.12/site-packages/airflow/example_dags/example_dag_decorator.py took 0.068 seconds
[2025-07-01T22:27:48.780+0000] {processor.py:186} INFO - Started process (PID=8889) to work on /home/airflow/.local/lib/python3.12/site-packages/airflow/example_dags/example_dag_decorator.py
[2025-07-01T22:27:48.781+0000] {processor.py:914} INFO - Processing file /home/airflow/.local/lib/python3.12/site-packages/airflow/example_dags/example_dag_decorator.py for tasks to queue
[2025-07-01T22:27:48.785+0000] {logging_mixin.py:190} INFO - [2025-07-01T22:27:48.785+0000] {dagbag.py:588} INFO - Filling up the DagBag from /home/airflow/.local/lib/python3.12/site-packages/airflow/example_dags/example_dag_decorator.py
[2025-07-01T22:27:48.796+0000] {processor.py:925} INFO - DAG(s) 'example_dag_decorator' retrieved from /home/airflow/.local/lib/python3.12/site-packages/airflow/example_dags/example_dag_decorator.py
[2025-07-01T22:27:48.818+0000] {logging_mixin.py:190} INFO - [2025-07-01T22:27:48.818+0000] {dag.py:3239} INFO - Sync 1 DAGs
[2025-07-01T22:27:48.832+0000] {logging_mixin.py:190} INFO - [2025-07-01T22:27:48.831+0000] {dag.py:4180} INFO - Setting next_dagrun for example_dag_decorator to None, run_after=None
[2025-07-01T22:27:48.855+0000] {processor.py:208} INFO - Processing /home/airflow/.local/lib/python3.12/site-packages/airflow/example_dags/example_dag_decorator.py took 0.083 seconds
[2025-07-01T22:28:19.360+0000] {processor.py:186} INFO - Started process (PID=8953) to work on /home/airflow/.local/lib/python3.12/site-packages/airflow/example_dags/example_dag_decorator.py
[2025-07-01T22:28:19.361+0000] {processor.py:914} INFO - Processing file /home/airflow/.local/lib/python3.12/site-packages/airflow/example_dags/example_dag_decorator.py for tasks to queue
[2025-07-01T22:28:19.364+0000] {logging_mixin.py:190} INFO - [2025-07-01T22:28:19.364+0000] {dagbag.py:588} INFO - Filling up the DagBag from /home/airflow/.local/lib/python3.12/site-packages/airflow/example_dags/example_dag_decorator.py
[2025-07-01T22:28:19.375+0000] {processor.py:925} INFO - DAG(s) 'example_dag_decorator' retrieved from /home/airflow/.local/lib/python3.12/site-packages/airflow/example_dags/example_dag_decorator.py
[2025-07-01T22:28:19.397+0000] {logging_mixin.py:190} INFO - [2025-07-01T22:28:19.397+0000] {dag.py:3239} INFO - Sync 1 DAGs
[2025-07-01T22:28:19.410+0000] {logging_mixin.py:190} INFO - [2025-07-01T22:28:19.410+0000] {dag.py:4180} INFO - Setting next_dagrun for example_dag_decorator to None, run_after=None
[2025-07-01T22:28:19.429+0000] {processor.py:208} INFO - Processing /home/airflow/.local/lib/python3.12/site-packages/airflow/example_dags/example_dag_decorator.py took 0.077 seconds
[2025-07-01T22:28:50.019+0000] {processor.py:186} INFO - Started process (PID=9017) to work on /home/airflow/.local/lib/python3.12/site-packages/airflow/example_dags/example_dag_decorator.py
[2025-07-01T22:28:50.020+0000] {processor.py:914} INFO - Processing file /home/airflow/.local/lib/python3.12/site-packages/airflow/example_dags/example_dag_decorator.py for tasks to queue
[2025-07-01T22:28:50.023+0000] {logging_mixin.py:190} INFO - [2025-07-01T22:28:50.022+0000] {dagbag.py:588} INFO - Filling up the DagBag from /home/airflow/.local/lib/python3.12/site-packages/airflow/example_dags/example_dag_decorator.py
[2025-07-01T22:28:50.033+0000] {processor.py:925} INFO - DAG(s) 'example_dag_decorator' retrieved from /home/airflow/.local/lib/python3.12/site-packages/airflow/example_dags/example_dag_decorator.py
[2025-07-01T22:28:50.126+0000] {logging_mixin.py:190} INFO - [2025-07-01T22:28:50.126+0000] {dag.py:3239} INFO - Sync 1 DAGs
[2025-07-01T22:28:50.136+0000] {logging_mixin.py:190} INFO - [2025-07-01T22:28:50.135+0000] {dag.py:4180} INFO - Setting next_dagrun for example_dag_decorator to None, run_after=None
[2025-07-01T22:28:50.155+0000] {processor.py:208} INFO - Processing /home/airflow/.local/lib/python3.12/site-packages/airflow/example_dags/example_dag_decorator.py took 0.145 seconds
[2025-07-01T22:29:20.684+0000] {processor.py:186} INFO - Started process (PID=9081) to work on /home/airflow/.local/lib/python3.12/site-packages/airflow/example_dags/example_dag_decorator.py
[2025-07-01T22:29:20.685+0000] {processor.py:914} INFO - Processing file /home/airflow/.local/lib/python3.12/site-packages/airflow/example_dags/example_dag_decorator.py for tasks to queue
[2025-07-01T22:29:20.687+0000] {logging_mixin.py:190} INFO - [2025-07-01T22:29:20.687+0000] {dagbag.py:588} INFO - Filling up the DagBag from /home/airflow/.local/lib/python3.12/site-packages/airflow/example_dags/example_dag_decorator.py
[2025-07-01T22:29:20.699+0000] {processor.py:925} INFO - DAG(s) 'example_dag_decorator' retrieved from /home/airflow/.local/lib/python3.12/site-packages/airflow/example_dags/example_dag_decorator.py
[2025-07-01T22:29:20.807+0000] {logging_mixin.py:190} INFO - [2025-07-01T22:29:20.807+0000] {dag.py:3239} INFO - Sync 1 DAGs
[2025-07-01T22:29:20.818+0000] {logging_mixin.py:190} INFO - [2025-07-01T22:29:20.818+0000] {dag.py:4180} INFO - Setting next_dagrun for example_dag_decorator to None, run_after=None
[2025-07-01T22:29:20.838+0000] {processor.py:208} INFO - Processing /home/airflow/.local/lib/python3.12/site-packages/airflow/example_dags/example_dag_decorator.py took 0.163 seconds
[2025-07-01T22:29:51.319+0000] {processor.py:186} INFO - Started process (PID=9145) to work on /home/airflow/.local/lib/python3.12/site-packages/airflow/example_dags/example_dag_decorator.py
[2025-07-01T22:29:51.321+0000] {processor.py:914} INFO - Processing file /home/airflow/.local/lib/python3.12/site-packages/airflow/example_dags/example_dag_decorator.py for tasks to queue
[2025-07-01T22:29:51.323+0000] {logging_mixin.py:190} INFO - [2025-07-01T22:29:51.323+0000] {dagbag.py:588} INFO - Filling up the DagBag from /home/airflow/.local/lib/python3.12/site-packages/airflow/example_dags/example_dag_decorator.py
[2025-07-01T22:29:51.334+0000] {processor.py:925} INFO - DAG(s) 'example_dag_decorator' retrieved from /home/airflow/.local/lib/python3.12/site-packages/airflow/example_dags/example_dag_decorator.py
[2025-07-01T22:29:51.428+0000] {logging_mixin.py:190} INFO - [2025-07-01T22:29:51.428+0000] {dag.py:3239} INFO - Sync 1 DAGs
[2025-07-01T22:29:51.437+0000] {logging_mixin.py:190} INFO - [2025-07-01T22:29:51.437+0000] {dag.py:4180} INFO - Setting next_dagrun for example_dag_decorator to None, run_after=None
[2025-07-01T22:29:51.459+0000] {processor.py:208} INFO - Processing /home/airflow/.local/lib/python3.12/site-packages/airflow/example_dags/example_dag_decorator.py took 0.147 seconds
[2025-07-01T22:30:22.108+0000] {processor.py:186} INFO - Started process (PID=9209) to work on /home/airflow/.local/lib/python3.12/site-packages/airflow/example_dags/example_dag_decorator.py
[2025-07-01T22:30:22.109+0000] {processor.py:914} INFO - Processing file /home/airflow/.local/lib/python3.12/site-packages/airflow/example_dags/example_dag_decorator.py for tasks to queue
[2025-07-01T22:30:22.113+0000] {logging_mixin.py:190} INFO - [2025-07-01T22:30:22.112+0000] {dagbag.py:588} INFO - Filling up the DagBag from /home/airflow/.local/lib/python3.12/site-packages/airflow/example_dags/example_dag_decorator.py
[2025-07-01T22:30:22.126+0000] {processor.py:925} INFO - DAG(s) 'example_dag_decorator' retrieved from /home/airflow/.local/lib/python3.12/site-packages/airflow/example_dags/example_dag_decorator.py
[2025-07-01T22:30:22.248+0000] {logging_mixin.py:190} INFO - [2025-07-01T22:30:22.248+0000] {dag.py:3239} INFO - Sync 1 DAGs
[2025-07-01T22:30:22.262+0000] {logging_mixin.py:190} INFO - [2025-07-01T22:30:22.262+0000] {dag.py:4180} INFO - Setting next_dagrun for example_dag_decorator to None, run_after=None
[2025-07-01T22:30:22.283+0000] {processor.py:208} INFO - Processing /home/airflow/.local/lib/python3.12/site-packages/airflow/example_dags/example_dag_decorator.py took 0.183 seconds
[2025-07-01T22:30:52.891+0000] {processor.py:186} INFO - Started process (PID=9273) to work on /home/airflow/.local/lib/python3.12/site-packages/airflow/example_dags/example_dag_decorator.py
[2025-07-01T22:30:52.892+0000] {processor.py:914} INFO - Processing file /home/airflow/.local/lib/python3.12/site-packages/airflow/example_dags/example_dag_decorator.py for tasks to queue
[2025-07-01T22:30:52.894+0000] {logging_mixin.py:190} INFO - [2025-07-01T22:30:52.894+0000] {dagbag.py:588} INFO - Filling up the DagBag from /home/airflow/.local/lib/python3.12/site-packages/airflow/example_dags/example_dag_decorator.py
[2025-07-01T22:30:52.905+0000] {processor.py:925} INFO - DAG(s) 'example_dag_decorator' retrieved from /home/airflow/.local/lib/python3.12/site-packages/airflow/example_dags/example_dag_decorator.py
[2025-07-01T22:30:52.997+0000] {logging_mixin.py:190} INFO - [2025-07-01T22:30:52.996+0000] {dag.py:3239} INFO - Sync 1 DAGs
[2025-07-01T22:30:53.007+0000] {logging_mixin.py:190} INFO - [2025-07-01T22:30:53.006+0000] {dag.py:4180} INFO - Setting next_dagrun for example_dag_decorator to None, run_after=None
[2025-07-01T22:30:53.026+0000] {processor.py:208} INFO - Processing /home/airflow/.local/lib/python3.12/site-packages/airflow/example_dags/example_dag_decorator.py took 0.143 seconds
[2025-07-01T22:31:23.468+0000] {processor.py:186} INFO - Started process (PID=9337) to work on /home/airflow/.local/lib/python3.12/site-packages/airflow/example_dags/example_dag_decorator.py
[2025-07-01T22:31:23.469+0000] {processor.py:914} INFO - Processing file /home/airflow/.local/lib/python3.12/site-packages/airflow/example_dags/example_dag_decorator.py for tasks to queue
[2025-07-01T22:31:23.472+0000] {logging_mixin.py:190} INFO - [2025-07-01T22:31:23.472+0000] {dagbag.py:588} INFO - Filling up the DagBag from /home/airflow/.local/lib/python3.12/site-packages/airflow/example_dags/example_dag_decorator.py
[2025-07-01T22:31:23.482+0000] {processor.py:925} INFO - DAG(s) 'example_dag_decorator' retrieved from /home/airflow/.local/lib/python3.12/site-packages/airflow/example_dags/example_dag_decorator.py
[2025-07-01T22:31:23.579+0000] {logging_mixin.py:190} INFO - [2025-07-01T22:31:23.579+0000] {dag.py:3239} INFO - Sync 1 DAGs
[2025-07-01T22:31:23.591+0000] {logging_mixin.py:190} INFO - [2025-07-01T22:31:23.591+0000] {dag.py:4180} INFO - Setting next_dagrun for example_dag_decorator to None, run_after=None
[2025-07-01T22:31:23.611+0000] {processor.py:208} INFO - Processing /home/airflow/.local/lib/python3.12/site-packages/airflow/example_dags/example_dag_decorator.py took 0.151 seconds
[2025-07-01T22:31:54.548+0000] {processor.py:186} INFO - Started process (PID=9401) to work on /home/airflow/.local/lib/python3.12/site-packages/airflow/example_dags/example_dag_decorator.py
[2025-07-01T22:31:54.550+0000] {processor.py:914} INFO - Processing file /home/airflow/.local/lib/python3.12/site-packages/airflow/example_dags/example_dag_decorator.py for tasks to queue
[2025-07-01T22:31:54.554+0000] {logging_mixin.py:190} INFO - [2025-07-01T22:31:54.553+0000] {dagbag.py:588} INFO - Filling up the DagBag from /home/airflow/.local/lib/python3.12/site-packages/airflow/example_dags/example_dag_decorator.py
[2025-07-01T22:31:54.572+0000] {processor.py:925} INFO - DAG(s) 'example_dag_decorator' retrieved from /home/airflow/.local/lib/python3.12/site-packages/airflow/example_dags/example_dag_decorator.py
[2025-07-01T22:31:54.674+0000] {logging_mixin.py:190} INFO - [2025-07-01T22:31:54.674+0000] {dag.py:3239} INFO - Sync 1 DAGs
[2025-07-01T22:31:54.685+0000] {logging_mixin.py:190} INFO - [2025-07-01T22:31:54.684+0000] {dag.py:4180} INFO - Setting next_dagrun for example_dag_decorator to None, run_after=None
[2025-07-01T22:31:54.706+0000] {processor.py:208} INFO - Processing /home/airflow/.local/lib/python3.12/site-packages/airflow/example_dags/example_dag_decorator.py took 0.172 seconds
[2025-07-01T22:32:25.692+0000] {processor.py:186} INFO - Started process (PID=9483) to work on /home/airflow/.local/lib/python3.12/site-packages/airflow/example_dags/example_dag_decorator.py
[2025-07-01T22:32:25.693+0000] {processor.py:914} INFO - Processing file /home/airflow/.local/lib/python3.12/site-packages/airflow/example_dags/example_dag_decorator.py for tasks to queue
[2025-07-01T22:32:25.695+0000] {logging_mixin.py:190} INFO - [2025-07-01T22:32:25.694+0000] {dagbag.py:588} INFO - Filling up the DagBag from /home/airflow/.local/lib/python3.12/site-packages/airflow/example_dags/example_dag_decorator.py
[2025-07-01T22:32:25.705+0000] {processor.py:925} INFO - DAG(s) 'example_dag_decorator' retrieved from /home/airflow/.local/lib/python3.12/site-packages/airflow/example_dags/example_dag_decorator.py
[2025-07-01T22:32:25.725+0000] {logging_mixin.py:190} INFO - [2025-07-01T22:32:25.725+0000] {dag.py:3239} INFO - Sync 1 DAGs
[2025-07-01T22:32:25.737+0000] {logging_mixin.py:190} INFO - [2025-07-01T22:32:25.737+0000] {dag.py:4180} INFO - Setting next_dagrun for example_dag_decorator to None, run_after=None
[2025-07-01T22:32:25.755+0000] {processor.py:208} INFO - Processing /home/airflow/.local/lib/python3.12/site-packages/airflow/example_dags/example_dag_decorator.py took 0.072 seconds
[2025-07-01T22:32:59.630+0000] {processor.py:186} INFO - Started process (PID=71) to work on /home/airflow/.local/lib/python3.12/site-packages/airflow/example_dags/example_dag_decorator.py
[2025-07-01T22:32:59.631+0000] {processor.py:914} INFO - Processing file /home/airflow/.local/lib/python3.12/site-packages/airflow/example_dags/example_dag_decorator.py for tasks to queue
[2025-07-01T22:32:59.636+0000] {logging_mixin.py:190} INFO - [2025-07-01T22:32:59.635+0000] {dagbag.py:588} INFO - Filling up the DagBag from /home/airflow/.local/lib/python3.12/site-packages/airflow/example_dags/example_dag_decorator.py
[2025-07-01T22:32:59.652+0000] {processor.py:925} INFO - DAG(s) 'example_dag_decorator' retrieved from /home/airflow/.local/lib/python3.12/site-packages/airflow/example_dags/example_dag_decorator.py
[2025-07-01T22:32:59.784+0000] {logging_mixin.py:190} INFO - [2025-07-01T22:32:59.784+0000] {dag.py:3239} INFO - Sync 1 DAGs
[2025-07-01T22:32:59.799+0000] {logging_mixin.py:190} INFO - [2025-07-01T22:32:59.799+0000] {dag.py:4180} INFO - Setting next_dagrun for example_dag_decorator to None, run_after=None
[2025-07-01T22:32:59.824+0000] {processor.py:208} INFO - Processing /home/airflow/.local/lib/python3.12/site-packages/airflow/example_dags/example_dag_decorator.py took 0.201 seconds
[2025-07-01T22:33:16.833+0000] {processor.py:186} INFO - Started process (PID=65) to work on /home/airflow/.local/lib/python3.12/site-packages/airflow/example_dags/example_dag_decorator.py
[2025-07-01T22:33:16.834+0000] {processor.py:914} INFO - Processing file /home/airflow/.local/lib/python3.12/site-packages/airflow/example_dags/example_dag_decorator.py for tasks to queue
[2025-07-01T22:33:16.837+0000] {logging_mixin.py:190} INFO - [2025-07-01T22:33:16.837+0000] {dagbag.py:588} INFO - Filling up the DagBag from /home/airflow/.local/lib/python3.12/site-packages/airflow/example_dags/example_dag_decorator.py
[2025-07-01T22:33:16.852+0000] {processor.py:925} INFO - DAG(s) 'example_dag_decorator' retrieved from /home/airflow/.local/lib/python3.12/site-packages/airflow/example_dags/example_dag_decorator.py
[2025-07-01T22:33:16.869+0000] {logging_mixin.py:190} INFO - [2025-07-01T22:33:16.868+0000] {dag.py:3239} INFO - Sync 1 DAGs
[2025-07-01T22:33:16.888+0000] {logging_mixin.py:190} INFO - [2025-07-01T22:33:16.888+0000] {dag.py:4180} INFO - Setting next_dagrun for example_dag_decorator to None, run_after=None
[2025-07-01T22:33:16.918+0000] {processor.py:208} INFO - Processing /home/airflow/.local/lib/python3.12/site-packages/airflow/example_dags/example_dag_decorator.py took 0.091 seconds
[2025-07-01T22:33:47.090+0000] {processor.py:186} INFO - Started process (PID=135) to work on /home/airflow/.local/lib/python3.12/site-packages/airflow/example_dags/example_dag_decorator.py
[2025-07-01T22:33:47.091+0000] {processor.py:914} INFO - Processing file /home/airflow/.local/lib/python3.12/site-packages/airflow/example_dags/example_dag_decorator.py for tasks to queue
[2025-07-01T22:33:47.093+0000] {logging_mixin.py:190} INFO - [2025-07-01T22:33:47.093+0000] {dagbag.py:588} INFO - Filling up the DagBag from /home/airflow/.local/lib/python3.12/site-packages/airflow/example_dags/example_dag_decorator.py
[2025-07-01T22:33:47.104+0000] {processor.py:925} INFO - DAG(s) 'example_dag_decorator' retrieved from /home/airflow/.local/lib/python3.12/site-packages/airflow/example_dags/example_dag_decorator.py
[2025-07-01T22:33:47.201+0000] {logging_mixin.py:190} INFO - [2025-07-01T22:33:47.201+0000] {dag.py:3239} INFO - Sync 1 DAGs
[2025-07-01T22:33:47.213+0000] {logging_mixin.py:190} INFO - [2025-07-01T22:33:47.213+0000] {dag.py:4180} INFO - Setting next_dagrun for example_dag_decorator to None, run_after=None
[2025-07-01T22:33:47.231+0000] {processor.py:208} INFO - Processing /home/airflow/.local/lib/python3.12/site-packages/airflow/example_dags/example_dag_decorator.py took 0.146 seconds
[2025-07-01T22:34:17.541+0000] {processor.py:186} INFO - Started process (PID=207) to work on /home/airflow/.local/lib/python3.12/site-packages/airflow/example_dags/example_dag_decorator.py
[2025-07-01T22:34:17.542+0000] {processor.py:914} INFO - Processing file /home/airflow/.local/lib/python3.12/site-packages/airflow/example_dags/example_dag_decorator.py for tasks to queue
[2025-07-01T22:34:17.544+0000] {logging_mixin.py:190} INFO - [2025-07-01T22:34:17.544+0000] {dagbag.py:588} INFO - Filling up the DagBag from /home/airflow/.local/lib/python3.12/site-packages/airflow/example_dags/example_dag_decorator.py
[2025-07-01T22:34:17.555+0000] {processor.py:925} INFO - DAG(s) 'example_dag_decorator' retrieved from /home/airflow/.local/lib/python3.12/site-packages/airflow/example_dags/example_dag_decorator.py
[2025-07-01T22:34:17.660+0000] {logging_mixin.py:190} INFO - [2025-07-01T22:34:17.660+0000] {dag.py:3239} INFO - Sync 1 DAGs
[2025-07-01T22:34:17.672+0000] {logging_mixin.py:190} INFO - [2025-07-01T22:34:17.672+0000] {dag.py:4180} INFO - Setting next_dagrun for example_dag_decorator to None, run_after=None
[2025-07-01T22:34:17.695+0000] {processor.py:208} INFO - Processing /home/airflow/.local/lib/python3.12/site-packages/airflow/example_dags/example_dag_decorator.py took 0.159 seconds
[2025-07-01T22:34:48.575+0000] {processor.py:186} INFO - Started process (PID=271) to work on /home/airflow/.local/lib/python3.12/site-packages/airflow/example_dags/example_dag_decorator.py
[2025-07-01T22:34:48.576+0000] {processor.py:914} INFO - Processing file /home/airflow/.local/lib/python3.12/site-packages/airflow/example_dags/example_dag_decorator.py for tasks to queue
[2025-07-01T22:34:48.578+0000] {logging_mixin.py:190} INFO - [2025-07-01T22:34:48.577+0000] {dagbag.py:588} INFO - Filling up the DagBag from /home/airflow/.local/lib/python3.12/site-packages/airflow/example_dags/example_dag_decorator.py
[2025-07-01T22:34:48.589+0000] {processor.py:925} INFO - DAG(s) 'example_dag_decorator' retrieved from /home/airflow/.local/lib/python3.12/site-packages/airflow/example_dags/example_dag_decorator.py
[2025-07-01T22:34:48.679+0000] {logging_mixin.py:190} INFO - [2025-07-01T22:34:48.679+0000] {dag.py:3239} INFO - Sync 1 DAGs
[2025-07-01T22:34:48.689+0000] {logging_mixin.py:190} INFO - [2025-07-01T22:34:48.689+0000] {dag.py:4180} INFO - Setting next_dagrun for example_dag_decorator to None, run_after=None
[2025-07-01T22:34:48.708+0000] {processor.py:208} INFO - Processing /home/airflow/.local/lib/python3.12/site-packages/airflow/example_dags/example_dag_decorator.py took 0.139 seconds
[2025-07-01T22:35:19.499+0000] {processor.py:186} INFO - Started process (PID=335) to work on /home/airflow/.local/lib/python3.12/site-packages/airflow/example_dags/example_dag_decorator.py
[2025-07-01T22:35:19.500+0000] {processor.py:914} INFO - Processing file /home/airflow/.local/lib/python3.12/site-packages/airflow/example_dags/example_dag_decorator.py for tasks to queue
[2025-07-01T22:35:19.503+0000] {logging_mixin.py:190} INFO - [2025-07-01T22:35:19.502+0000] {dagbag.py:588} INFO - Filling up the DagBag from /home/airflow/.local/lib/python3.12/site-packages/airflow/example_dags/example_dag_decorator.py
[2025-07-01T22:35:19.514+0000] {processor.py:925} INFO - DAG(s) 'example_dag_decorator' retrieved from /home/airflow/.local/lib/python3.12/site-packages/airflow/example_dags/example_dag_decorator.py
[2025-07-01T22:35:19.614+0000] {logging_mixin.py:190} INFO - [2025-07-01T22:35:19.614+0000] {dag.py:3239} INFO - Sync 1 DAGs
[2025-07-01T22:35:19.625+0000] {logging_mixin.py:190} INFO - [2025-07-01T22:35:19.624+0000] {dag.py:4180} INFO - Setting next_dagrun for example_dag_decorator to None, run_after=None
[2025-07-01T22:35:19.647+0000] {processor.py:208} INFO - Processing /home/airflow/.local/lib/python3.12/site-packages/airflow/example_dags/example_dag_decorator.py took 0.153 seconds
[2025-07-01T22:35:50.563+0000] {processor.py:186} INFO - Started process (PID=407) to work on /home/airflow/.local/lib/python3.12/site-packages/airflow/example_dags/example_dag_decorator.py
[2025-07-01T22:35:50.564+0000] {processor.py:914} INFO - Processing file /home/airflow/.local/lib/python3.12/site-packages/airflow/example_dags/example_dag_decorator.py for tasks to queue
[2025-07-01T22:35:50.566+0000] {logging_mixin.py:190} INFO - [2025-07-01T22:35:50.566+0000] {dagbag.py:588} INFO - Filling up the DagBag from /home/airflow/.local/lib/python3.12/site-packages/airflow/example_dags/example_dag_decorator.py
[2025-07-01T22:35:50.577+0000] {processor.py:925} INFO - DAG(s) 'example_dag_decorator' retrieved from /home/airflow/.local/lib/python3.12/site-packages/airflow/example_dags/example_dag_decorator.py
[2025-07-01T22:35:50.667+0000] {logging_mixin.py:190} INFO - [2025-07-01T22:35:50.667+0000] {dag.py:3239} INFO - Sync 1 DAGs
[2025-07-01T22:35:50.677+0000] {logging_mixin.py:190} INFO - [2025-07-01T22:35:50.677+0000] {dag.py:4180} INFO - Setting next_dagrun for example_dag_decorator to None, run_after=None
[2025-07-01T22:35:50.698+0000] {processor.py:208} INFO - Processing /home/airflow/.local/lib/python3.12/site-packages/airflow/example_dags/example_dag_decorator.py took 0.141 seconds
[2025-07-01T22:36:21.527+0000] {processor.py:186} INFO - Started process (PID=471) to work on /home/airflow/.local/lib/python3.12/site-packages/airflow/example_dags/example_dag_decorator.py
[2025-07-01T22:36:21.528+0000] {processor.py:914} INFO - Processing file /home/airflow/.local/lib/python3.12/site-packages/airflow/example_dags/example_dag_decorator.py for tasks to queue
[2025-07-01T22:36:21.531+0000] {logging_mixin.py:190} INFO - [2025-07-01T22:36:21.530+0000] {dagbag.py:588} INFO - Filling up the DagBag from /home/airflow/.local/lib/python3.12/site-packages/airflow/example_dags/example_dag_decorator.py
[2025-07-01T22:36:21.542+0000] {processor.py:925} INFO - DAG(s) 'example_dag_decorator' retrieved from /home/airflow/.local/lib/python3.12/site-packages/airflow/example_dags/example_dag_decorator.py
[2025-07-01T22:36:21.630+0000] {logging_mixin.py:190} INFO - [2025-07-01T22:36:21.630+0000] {dag.py:3239} INFO - Sync 1 DAGs
[2025-07-01T22:36:21.640+0000] {logging_mixin.py:190} INFO - [2025-07-01T22:36:21.640+0000] {dag.py:4180} INFO - Setting next_dagrun for example_dag_decorator to None, run_after=None
[2025-07-01T22:36:21.658+0000] {processor.py:208} INFO - Processing /home/airflow/.local/lib/python3.12/site-packages/airflow/example_dags/example_dag_decorator.py took 0.135 seconds
[2025-07-01T22:36:52.630+0000] {processor.py:186} INFO - Started process (PID=536) to work on /home/airflow/.local/lib/python3.12/site-packages/airflow/example_dags/example_dag_decorator.py
[2025-07-01T22:36:52.631+0000] {processor.py:914} INFO - Processing file /home/airflow/.local/lib/python3.12/site-packages/airflow/example_dags/example_dag_decorator.py for tasks to queue
[2025-07-01T22:36:52.633+0000] {logging_mixin.py:190} INFO - [2025-07-01T22:36:52.633+0000] {dagbag.py:588} INFO - Filling up the DagBag from /home/airflow/.local/lib/python3.12/site-packages/airflow/example_dags/example_dag_decorator.py
[2025-07-01T22:36:52.644+0000] {processor.py:925} INFO - DAG(s) 'example_dag_decorator' retrieved from /home/airflow/.local/lib/python3.12/site-packages/airflow/example_dags/example_dag_decorator.py
[2025-07-01T22:36:52.735+0000] {logging_mixin.py:190} INFO - [2025-07-01T22:36:52.735+0000] {dag.py:3239} INFO - Sync 1 DAGs
[2025-07-01T22:36:52.745+0000] {logging_mixin.py:190} INFO - [2025-07-01T22:36:52.745+0000] {dag.py:4180} INFO - Setting next_dagrun for example_dag_decorator to None, run_after=None
[2025-07-01T22:36:52.762+0000] {processor.py:208} INFO - Processing /home/airflow/.local/lib/python3.12/site-packages/airflow/example_dags/example_dag_decorator.py took 0.138 seconds
[2025-07-01T22:37:23.334+0000] {processor.py:186} INFO - Started process (PID=601) to work on /home/airflow/.local/lib/python3.12/site-packages/airflow/example_dags/example_dag_decorator.py
[2025-07-01T22:37:23.335+0000] {processor.py:914} INFO - Processing file /home/airflow/.local/lib/python3.12/site-packages/airflow/example_dags/example_dag_decorator.py for tasks to queue
[2025-07-01T22:37:23.337+0000] {logging_mixin.py:190} INFO - [2025-07-01T22:37:23.336+0000] {dagbag.py:588} INFO - Filling up the DagBag from /home/airflow/.local/lib/python3.12/site-packages/airflow/example_dags/example_dag_decorator.py
[2025-07-01T22:37:23.347+0000] {processor.py:925} INFO - DAG(s) 'example_dag_decorator' retrieved from /home/airflow/.local/lib/python3.12/site-packages/airflow/example_dags/example_dag_decorator.py
[2025-07-01T22:37:23.439+0000] {logging_mixin.py:190} INFO - [2025-07-01T22:37:23.438+0000] {dag.py:3239} INFO - Sync 1 DAGs
[2025-07-01T22:37:23.449+0000] {logging_mixin.py:190} INFO - [2025-07-01T22:37:23.448+0000] {dag.py:4180} INFO - Setting next_dagrun for example_dag_decorator to None, run_after=None
[2025-07-01T22:37:23.467+0000] {processor.py:208} INFO - Processing /home/airflow/.local/lib/python3.12/site-packages/airflow/example_dags/example_dag_decorator.py took 0.139 seconds
[2025-07-01T22:37:54.225+0000] {processor.py:186} INFO - Started process (PID=663) to work on /home/airflow/.local/lib/python3.12/site-packages/airflow/example_dags/example_dag_decorator.py
[2025-07-01T22:37:54.226+0000] {processor.py:914} INFO - Processing file /home/airflow/.local/lib/python3.12/site-packages/airflow/example_dags/example_dag_decorator.py for tasks to queue
[2025-07-01T22:37:54.229+0000] {logging_mixin.py:190} INFO - [2025-07-01T22:37:54.229+0000] {dagbag.py:588} INFO - Filling up the DagBag from /home/airflow/.local/lib/python3.12/site-packages/airflow/example_dags/example_dag_decorator.py
[2025-07-01T22:37:54.241+0000] {processor.py:925} INFO - DAG(s) 'example_dag_decorator' retrieved from /home/airflow/.local/lib/python3.12/site-packages/airflow/example_dags/example_dag_decorator.py
[2025-07-01T22:37:54.354+0000] {logging_mixin.py:190} INFO - [2025-07-01T22:37:54.354+0000] {dag.py:3239} INFO - Sync 1 DAGs
[2025-07-01T22:37:54.365+0000] {logging_mixin.py:190} INFO - [2025-07-01T22:37:54.365+0000] {dag.py:4180} INFO - Setting next_dagrun for example_dag_decorator to None, run_after=None
[2025-07-01T22:37:54.388+0000] {processor.py:208} INFO - Processing /home/airflow/.local/lib/python3.12/site-packages/airflow/example_dags/example_dag_decorator.py took 0.168 seconds
[2025-07-01T22:38:24.591+0000] {processor.py:186} INFO - Started process (PID=727) to work on /home/airflow/.local/lib/python3.12/site-packages/airflow/example_dags/example_dag_decorator.py
[2025-07-01T22:38:24.592+0000] {processor.py:914} INFO - Processing file /home/airflow/.local/lib/python3.12/site-packages/airflow/example_dags/example_dag_decorator.py for tasks to queue
[2025-07-01T22:38:24.595+0000] {logging_mixin.py:190} INFO - [2025-07-01T22:38:24.594+0000] {dagbag.py:588} INFO - Filling up the DagBag from /home/airflow/.local/lib/python3.12/site-packages/airflow/example_dags/example_dag_decorator.py
[2025-07-01T22:38:24.607+0000] {processor.py:925} INFO - DAG(s) 'example_dag_decorator' retrieved from /home/airflow/.local/lib/python3.12/site-packages/airflow/example_dags/example_dag_decorator.py
[2025-07-01T22:38:24.703+0000] {logging_mixin.py:190} INFO - [2025-07-01T22:38:24.702+0000] {dag.py:3239} INFO - Sync 1 DAGs
[2025-07-01T22:38:24.714+0000] {logging_mixin.py:190} INFO - [2025-07-01T22:38:24.713+0000] {dag.py:4180} INFO - Setting next_dagrun for example_dag_decorator to None, run_after=None
[2025-07-01T22:38:24.733+0000] {processor.py:208} INFO - Processing /home/airflow/.local/lib/python3.12/site-packages/airflow/example_dags/example_dag_decorator.py took 0.148 seconds
[2025-07-01T22:38:54.924+0000] {processor.py:186} INFO - Started process (PID=791) to work on /home/airflow/.local/lib/python3.12/site-packages/airflow/example_dags/example_dag_decorator.py
[2025-07-01T22:38:54.925+0000] {processor.py:914} INFO - Processing file /home/airflow/.local/lib/python3.12/site-packages/airflow/example_dags/example_dag_decorator.py for tasks to queue
[2025-07-01T22:38:54.927+0000] {logging_mixin.py:190} INFO - [2025-07-01T22:38:54.927+0000] {dagbag.py:588} INFO - Filling up the DagBag from /home/airflow/.local/lib/python3.12/site-packages/airflow/example_dags/example_dag_decorator.py
[2025-07-01T22:38:54.937+0000] {processor.py:925} INFO - DAG(s) 'example_dag_decorator' retrieved from /home/airflow/.local/lib/python3.12/site-packages/airflow/example_dags/example_dag_decorator.py
[2025-07-01T22:38:55.026+0000] {logging_mixin.py:190} INFO - [2025-07-01T22:38:55.026+0000] {dag.py:3239} INFO - Sync 1 DAGs
[2025-07-01T22:38:55.035+0000] {logging_mixin.py:190} INFO - [2025-07-01T22:38:55.034+0000] {dag.py:4180} INFO - Setting next_dagrun for example_dag_decorator to None, run_after=None
[2025-07-01T22:38:55.054+0000] {processor.py:208} INFO - Processing /home/airflow/.local/lib/python3.12/site-packages/airflow/example_dags/example_dag_decorator.py took 0.134 seconds
[2025-07-01T22:39:25.306+0000] {processor.py:186} INFO - Started process (PID=855) to work on /home/airflow/.local/lib/python3.12/site-packages/airflow/example_dags/example_dag_decorator.py
[2025-07-01T22:39:25.307+0000] {processor.py:914} INFO - Processing file /home/airflow/.local/lib/python3.12/site-packages/airflow/example_dags/example_dag_decorator.py for tasks to queue
[2025-07-01T22:39:25.309+0000] {logging_mixin.py:190} INFO - [2025-07-01T22:39:25.309+0000] {dagbag.py:588} INFO - Filling up the DagBag from /home/airflow/.local/lib/python3.12/site-packages/airflow/example_dags/example_dag_decorator.py
[2025-07-01T22:39:25.320+0000] {processor.py:925} INFO - DAG(s) 'example_dag_decorator' retrieved from /home/airflow/.local/lib/python3.12/site-packages/airflow/example_dags/example_dag_decorator.py
[2025-07-01T22:39:25.432+0000] {logging_mixin.py:190} INFO - [2025-07-01T22:39:25.431+0000] {dag.py:3239} INFO - Sync 1 DAGs
[2025-07-01T22:39:25.443+0000] {logging_mixin.py:190} INFO - [2025-07-01T22:39:25.443+0000] {dag.py:4180} INFO - Setting next_dagrun for example_dag_decorator to None, run_after=None
[2025-07-01T22:39:25.461+0000] {processor.py:208} INFO - Processing /home/airflow/.local/lib/python3.12/site-packages/airflow/example_dags/example_dag_decorator.py took 0.160 seconds
[2025-07-01T22:39:56.129+0000] {processor.py:186} INFO - Started process (PID=919) to work on /home/airflow/.local/lib/python3.12/site-packages/airflow/example_dags/example_dag_decorator.py
[2025-07-01T22:39:56.131+0000] {processor.py:914} INFO - Processing file /home/airflow/.local/lib/python3.12/site-packages/airflow/example_dags/example_dag_decorator.py for tasks to queue
[2025-07-01T22:39:56.134+0000] {logging_mixin.py:190} INFO - [2025-07-01T22:39:56.133+0000] {dagbag.py:588} INFO - Filling up the DagBag from /home/airflow/.local/lib/python3.12/site-packages/airflow/example_dags/example_dag_decorator.py
[2025-07-01T22:39:56.147+0000] {processor.py:925} INFO - DAG(s) 'example_dag_decorator' retrieved from /home/airflow/.local/lib/python3.12/site-packages/airflow/example_dags/example_dag_decorator.py
[2025-07-01T22:39:56.261+0000] {logging_mixin.py:190} INFO - [2025-07-01T22:39:56.260+0000] {dag.py:3239} INFO - Sync 1 DAGs
[2025-07-01T22:39:56.276+0000] {logging_mixin.py:190} INFO - [2025-07-01T22:39:56.275+0000] {dag.py:4180} INFO - Setting next_dagrun for example_dag_decorator to None, run_after=None
[2025-07-01T22:39:56.305+0000] {processor.py:208} INFO - Processing /home/airflow/.local/lib/python3.12/site-packages/airflow/example_dags/example_dag_decorator.py took 0.182 seconds
[2025-07-01T22:40:26.391+0000] {processor.py:186} INFO - Started process (PID=984) to work on /home/airflow/.local/lib/python3.12/site-packages/airflow/example_dags/example_dag_decorator.py
[2025-07-01T22:40:26.392+0000] {processor.py:914} INFO - Processing file /home/airflow/.local/lib/python3.12/site-packages/airflow/example_dags/example_dag_decorator.py for tasks to queue
[2025-07-01T22:40:26.394+0000] {logging_mixin.py:190} INFO - [2025-07-01T22:40:26.394+0000] {dagbag.py:588} INFO - Filling up the DagBag from /home/airflow/.local/lib/python3.12/site-packages/airflow/example_dags/example_dag_decorator.py
[2025-07-01T22:40:26.405+0000] {processor.py:925} INFO - DAG(s) 'example_dag_decorator' retrieved from /home/airflow/.local/lib/python3.12/site-packages/airflow/example_dags/example_dag_decorator.py
[2025-07-01T22:40:26.492+0000] {logging_mixin.py:190} INFO - [2025-07-01T22:40:26.492+0000] {dag.py:3239} INFO - Sync 1 DAGs
[2025-07-01T22:40:26.502+0000] {logging_mixin.py:190} INFO - [2025-07-01T22:40:26.502+0000] {dag.py:4180} INFO - Setting next_dagrun for example_dag_decorator to None, run_after=None
[2025-07-01T22:40:26.523+0000] {processor.py:208} INFO - Processing /home/airflow/.local/lib/python3.12/site-packages/airflow/example_dags/example_dag_decorator.py took 0.137 seconds
[2025-07-01T22:40:57.005+0000] {processor.py:186} INFO - Started process (PID=1047) to work on /home/airflow/.local/lib/python3.12/site-packages/airflow/example_dags/example_dag_decorator.py
[2025-07-01T22:40:57.006+0000] {processor.py:914} INFO - Processing file /home/airflow/.local/lib/python3.12/site-packages/airflow/example_dags/example_dag_decorator.py for tasks to queue
[2025-07-01T22:40:57.009+0000] {logging_mixin.py:190} INFO - [2025-07-01T22:40:57.008+0000] {dagbag.py:588} INFO - Filling up the DagBag from /home/airflow/.local/lib/python3.12/site-packages/airflow/example_dags/example_dag_decorator.py
[2025-07-01T22:40:57.019+0000] {processor.py:925} INFO - DAG(s) 'example_dag_decorator' retrieved from /home/airflow/.local/lib/python3.12/site-packages/airflow/example_dags/example_dag_decorator.py
[2025-07-01T22:40:57.109+0000] {logging_mixin.py:190} INFO - [2025-07-01T22:40:57.109+0000] {dag.py:3239} INFO - Sync 1 DAGs
[2025-07-01T22:40:57.119+0000] {logging_mixin.py:190} INFO - [2025-07-01T22:40:57.119+0000] {dag.py:4180} INFO - Setting next_dagrun for example_dag_decorator to None, run_after=None
[2025-07-01T22:40:57.136+0000] {processor.py:208} INFO - Processing /home/airflow/.local/lib/python3.12/site-packages/airflow/example_dags/example_dag_decorator.py took 0.137 seconds
[2025-07-01T22:41:27.627+0000] {processor.py:186} INFO - Started process (PID=1111) to work on /home/airflow/.local/lib/python3.12/site-packages/airflow/example_dags/example_dag_decorator.py
[2025-07-01T22:41:27.628+0000] {processor.py:914} INFO - Processing file /home/airflow/.local/lib/python3.12/site-packages/airflow/example_dags/example_dag_decorator.py for tasks to queue
[2025-07-01T22:41:27.631+0000] {logging_mixin.py:190} INFO - [2025-07-01T22:41:27.630+0000] {dagbag.py:588} INFO - Filling up the DagBag from /home/airflow/.local/lib/python3.12/site-packages/airflow/example_dags/example_dag_decorator.py
[2025-07-01T22:41:27.643+0000] {processor.py:925} INFO - DAG(s) 'example_dag_decorator' retrieved from /home/airflow/.local/lib/python3.12/site-packages/airflow/example_dags/example_dag_decorator.py
[2025-07-01T22:41:27.737+0000] {logging_mixin.py:190} INFO - [2025-07-01T22:41:27.737+0000] {dag.py:3239} INFO - Sync 1 DAGs
[2025-07-01T22:41:27.747+0000] {logging_mixin.py:190} INFO - [2025-07-01T22:41:27.747+0000] {dag.py:4180} INFO - Setting next_dagrun for example_dag_decorator to None, run_after=None
[2025-07-01T22:41:27.766+0000] {processor.py:208} INFO - Processing /home/airflow/.local/lib/python3.12/site-packages/airflow/example_dags/example_dag_decorator.py took 0.144 seconds
[2025-07-01T22:41:58.270+0000] {processor.py:186} INFO - Started process (PID=1175) to work on /home/airflow/.local/lib/python3.12/site-packages/airflow/example_dags/example_dag_decorator.py
[2025-07-01T22:41:58.271+0000] {processor.py:914} INFO - Processing file /home/airflow/.local/lib/python3.12/site-packages/airflow/example_dags/example_dag_decorator.py for tasks to queue
[2025-07-01T22:41:58.273+0000] {logging_mixin.py:190} INFO - [2025-07-01T22:41:58.273+0000] {dagbag.py:588} INFO - Filling up the DagBag from /home/airflow/.local/lib/python3.12/site-packages/airflow/example_dags/example_dag_decorator.py
[2025-07-01T22:41:58.284+0000] {processor.py:925} INFO - DAG(s) 'example_dag_decorator' retrieved from /home/airflow/.local/lib/python3.12/site-packages/airflow/example_dags/example_dag_decorator.py
[2025-07-01T22:41:58.391+0000] {logging_mixin.py:190} INFO - [2025-07-01T22:41:58.391+0000] {dag.py:3239} INFO - Sync 1 DAGs
[2025-07-01T22:41:58.402+0000] {logging_mixin.py:190} INFO - [2025-07-01T22:41:58.402+0000] {dag.py:4180} INFO - Setting next_dagrun for example_dag_decorator to None, run_after=None
[2025-07-01T22:41:58.424+0000] {processor.py:208} INFO - Processing /home/airflow/.local/lib/python3.12/site-packages/airflow/example_dags/example_dag_decorator.py took 0.159 seconds
[2025-07-01T22:42:29.217+0000] {processor.py:186} INFO - Started process (PID=1239) to work on /home/airflow/.local/lib/python3.12/site-packages/airflow/example_dags/example_dag_decorator.py
[2025-07-01T22:42:29.218+0000] {processor.py:914} INFO - Processing file /home/airflow/.local/lib/python3.12/site-packages/airflow/example_dags/example_dag_decorator.py for tasks to queue
[2025-07-01T22:42:29.221+0000] {logging_mixin.py:190} INFO - [2025-07-01T22:42:29.220+0000] {dagbag.py:588} INFO - Filling up the DagBag from /home/airflow/.local/lib/python3.12/site-packages/airflow/example_dags/example_dag_decorator.py
[2025-07-01T22:42:29.232+0000] {processor.py:925} INFO - DAG(s) 'example_dag_decorator' retrieved from /home/airflow/.local/lib/python3.12/site-packages/airflow/example_dags/example_dag_decorator.py
[2025-07-01T22:42:29.340+0000] {logging_mixin.py:190} INFO - [2025-07-01T22:42:29.340+0000] {dag.py:3239} INFO - Sync 1 DAGs
[2025-07-01T22:42:29.352+0000] {logging_mixin.py:190} INFO - [2025-07-01T22:42:29.352+0000] {dag.py:4180} INFO - Setting next_dagrun for example_dag_decorator to None, run_after=None
[2025-07-01T22:42:29.371+0000] {processor.py:208} INFO - Processing /home/airflow/.local/lib/python3.12/site-packages/airflow/example_dags/example_dag_decorator.py took 0.159 seconds
[2025-07-01T22:43:00.286+0000] {processor.py:186} INFO - Started process (PID=1303) to work on /home/airflow/.local/lib/python3.12/site-packages/airflow/example_dags/example_dag_decorator.py
[2025-07-01T22:43:00.287+0000] {processor.py:914} INFO - Processing file /home/airflow/.local/lib/python3.12/site-packages/airflow/example_dags/example_dag_decorator.py for tasks to queue
[2025-07-01T22:43:00.289+0000] {logging_mixin.py:190} INFO - [2025-07-01T22:43:00.289+0000] {dagbag.py:588} INFO - Filling up the DagBag from /home/airflow/.local/lib/python3.12/site-packages/airflow/example_dags/example_dag_decorator.py
[2025-07-01T22:43:00.299+0000] {processor.py:925} INFO - DAG(s) 'example_dag_decorator' retrieved from /home/airflow/.local/lib/python3.12/site-packages/airflow/example_dags/example_dag_decorator.py
[2025-07-01T22:43:00.391+0000] {logging_mixin.py:190} INFO - [2025-07-01T22:43:00.390+0000] {dag.py:3239} INFO - Sync 1 DAGs
[2025-07-01T22:43:00.402+0000] {logging_mixin.py:190} INFO - [2025-07-01T22:43:00.402+0000] {dag.py:4180} INFO - Setting next_dagrun for example_dag_decorator to None, run_after=None
[2025-07-01T22:43:00.421+0000] {processor.py:208} INFO - Processing /home/airflow/.local/lib/python3.12/site-packages/airflow/example_dags/example_dag_decorator.py took 0.140 seconds
[2025-07-01T22:43:30.904+0000] {processor.py:186} INFO - Started process (PID=1367) to work on /home/airflow/.local/lib/python3.12/site-packages/airflow/example_dags/example_dag_decorator.py
[2025-07-01T22:43:30.905+0000] {processor.py:914} INFO - Processing file /home/airflow/.local/lib/python3.12/site-packages/airflow/example_dags/example_dag_decorator.py for tasks to queue
[2025-07-01T22:43:30.908+0000] {logging_mixin.py:190} INFO - [2025-07-01T22:43:30.907+0000] {dagbag.py:588} INFO - Filling up the DagBag from /home/airflow/.local/lib/python3.12/site-packages/airflow/example_dags/example_dag_decorator.py
[2025-07-01T22:43:30.918+0000] {processor.py:925} INFO - DAG(s) 'example_dag_decorator' retrieved from /home/airflow/.local/lib/python3.12/site-packages/airflow/example_dags/example_dag_decorator.py
[2025-07-01T22:43:31.014+0000] {logging_mixin.py:190} INFO - [2025-07-01T22:43:31.014+0000] {dag.py:3239} INFO - Sync 1 DAGs
[2025-07-01T22:43:31.025+0000] {logging_mixin.py:190} INFO - [2025-07-01T22:43:31.025+0000] {dag.py:4180} INFO - Setting next_dagrun for example_dag_decorator to None, run_after=None
[2025-07-01T22:43:31.045+0000] {processor.py:208} INFO - Processing /home/airflow/.local/lib/python3.12/site-packages/airflow/example_dags/example_dag_decorator.py took 0.146 seconds
[2025-07-01T22:44:01.527+0000] {processor.py:186} INFO - Started process (PID=1431) to work on /home/airflow/.local/lib/python3.12/site-packages/airflow/example_dags/example_dag_decorator.py
[2025-07-01T22:44:01.528+0000] {processor.py:914} INFO - Processing file /home/airflow/.local/lib/python3.12/site-packages/airflow/example_dags/example_dag_decorator.py for tasks to queue
[2025-07-01T22:44:01.530+0000] {logging_mixin.py:190} INFO - [2025-07-01T22:44:01.530+0000] {dagbag.py:588} INFO - Filling up the DagBag from /home/airflow/.local/lib/python3.12/site-packages/airflow/example_dags/example_dag_decorator.py
[2025-07-01T22:44:01.542+0000] {processor.py:925} INFO - DAG(s) 'example_dag_decorator' retrieved from /home/airflow/.local/lib/python3.12/site-packages/airflow/example_dags/example_dag_decorator.py
[2025-07-01T22:44:01.562+0000] {logging_mixin.py:190} INFO - [2025-07-01T22:44:01.562+0000] {dag.py:3239} INFO - Sync 1 DAGs
[2025-07-01T22:44:01.574+0000] {logging_mixin.py:190} INFO - [2025-07-01T22:44:01.574+0000] {dag.py:4180} INFO - Setting next_dagrun for example_dag_decorator to None, run_after=None
[2025-07-01T22:44:01.596+0000] {processor.py:208} INFO - Processing /home/airflow/.local/lib/python3.12/site-packages/airflow/example_dags/example_dag_decorator.py took 0.074 seconds
[2025-07-01T22:44:32.460+0000] {processor.py:186} INFO - Started process (PID=1495) to work on /home/airflow/.local/lib/python3.12/site-packages/airflow/example_dags/example_dag_decorator.py
[2025-07-01T22:44:32.463+0000] {processor.py:914} INFO - Processing file /home/airflow/.local/lib/python3.12/site-packages/airflow/example_dags/example_dag_decorator.py for tasks to queue
[2025-07-01T22:44:32.465+0000] {logging_mixin.py:190} INFO - [2025-07-01T22:44:32.464+0000] {dagbag.py:588} INFO - Filling up the DagBag from /home/airflow/.local/lib/python3.12/site-packages/airflow/example_dags/example_dag_decorator.py
[2025-07-01T22:44:32.475+0000] {processor.py:925} INFO - DAG(s) 'example_dag_decorator' retrieved from /home/airflow/.local/lib/python3.12/site-packages/airflow/example_dags/example_dag_decorator.py
[2025-07-01T22:44:32.563+0000] {logging_mixin.py:190} INFO - [2025-07-01T22:44:32.563+0000] {dag.py:3239} INFO - Sync 1 DAGs
[2025-07-01T22:44:32.573+0000] {logging_mixin.py:190} INFO - [2025-07-01T22:44:32.573+0000] {dag.py:4180} INFO - Setting next_dagrun for example_dag_decorator to None, run_after=None
[2025-07-01T22:44:32.594+0000] {processor.py:208} INFO - Processing /home/airflow/.local/lib/python3.12/site-packages/airflow/example_dags/example_dag_decorator.py took 0.138 seconds
[2025-07-01T22:45:03.131+0000] {processor.py:186} INFO - Started process (PID=1559) to work on /home/airflow/.local/lib/python3.12/site-packages/airflow/example_dags/example_dag_decorator.py
[2025-07-01T22:45:03.132+0000] {processor.py:914} INFO - Processing file /home/airflow/.local/lib/python3.12/site-packages/airflow/example_dags/example_dag_decorator.py for tasks to queue
[2025-07-01T22:45:03.134+0000] {logging_mixin.py:190} INFO - [2025-07-01T22:45:03.134+0000] {dagbag.py:588} INFO - Filling up the DagBag from /home/airflow/.local/lib/python3.12/site-packages/airflow/example_dags/example_dag_decorator.py
[2025-07-01T22:45:03.145+0000] {processor.py:925} INFO - DAG(s) 'example_dag_decorator' retrieved from /home/airflow/.local/lib/python3.12/site-packages/airflow/example_dags/example_dag_decorator.py
[2025-07-01T22:45:03.247+0000] {logging_mixin.py:190} INFO - [2025-07-01T22:45:03.246+0000] {dag.py:3239} INFO - Sync 1 DAGs
[2025-07-01T22:45:03.259+0000] {logging_mixin.py:190} INFO - [2025-07-01T22:45:03.259+0000] {dag.py:4180} INFO - Setting next_dagrun for example_dag_decorator to None, run_after=None
[2025-07-01T22:45:03.279+0000] {processor.py:208} INFO - Processing /home/airflow/.local/lib/python3.12/site-packages/airflow/example_dags/example_dag_decorator.py took 0.154 seconds
[2025-07-01T22:45:33.750+0000] {processor.py:186} INFO - Started process (PID=1623) to work on /home/airflow/.local/lib/python3.12/site-packages/airflow/example_dags/example_dag_decorator.py
[2025-07-01T22:45:33.751+0000] {processor.py:914} INFO - Processing file /home/airflow/.local/lib/python3.12/site-packages/airflow/example_dags/example_dag_decorator.py for tasks to queue
[2025-07-01T22:45:33.753+0000] {logging_mixin.py:190} INFO - [2025-07-01T22:45:33.753+0000] {dagbag.py:588} INFO - Filling up the DagBag from /home/airflow/.local/lib/python3.12/site-packages/airflow/example_dags/example_dag_decorator.py
[2025-07-01T22:45:33.765+0000] {processor.py:925} INFO - DAG(s) 'example_dag_decorator' retrieved from /home/airflow/.local/lib/python3.12/site-packages/airflow/example_dags/example_dag_decorator.py
[2025-07-01T22:45:33.855+0000] {logging_mixin.py:190} INFO - [2025-07-01T22:45:33.855+0000] {dag.py:3239} INFO - Sync 1 DAGs
[2025-07-01T22:45:33.866+0000] {logging_mixin.py:190} INFO - [2025-07-01T22:45:33.866+0000] {dag.py:4180} INFO - Setting next_dagrun for example_dag_decorator to None, run_after=None
[2025-07-01T22:45:33.886+0000] {processor.py:208} INFO - Processing /home/airflow/.local/lib/python3.12/site-packages/airflow/example_dags/example_dag_decorator.py took 0.142 seconds
[2025-07-01T22:46:04.664+0000] {processor.py:186} INFO - Started process (PID=1687) to work on /home/airflow/.local/lib/python3.12/site-packages/airflow/example_dags/example_dag_decorator.py
[2025-07-01T22:46:04.665+0000] {processor.py:914} INFO - Processing file /home/airflow/.local/lib/python3.12/site-packages/airflow/example_dags/example_dag_decorator.py for tasks to queue
[2025-07-01T22:46:04.668+0000] {logging_mixin.py:190} INFO - [2025-07-01T22:46:04.668+0000] {dagbag.py:588} INFO - Filling up the DagBag from /home/airflow/.local/lib/python3.12/site-packages/airflow/example_dags/example_dag_decorator.py
[2025-07-01T22:46:04.680+0000] {processor.py:925} INFO - DAG(s) 'example_dag_decorator' retrieved from /home/airflow/.local/lib/python3.12/site-packages/airflow/example_dags/example_dag_decorator.py
[2025-07-01T22:46:04.801+0000] {logging_mixin.py:190} INFO - [2025-07-01T22:46:04.800+0000] {dag.py:3239} INFO - Sync 1 DAGs
[2025-07-01T22:46:04.816+0000] {logging_mixin.py:190} INFO - [2025-07-01T22:46:04.816+0000] {dag.py:4180} INFO - Setting next_dagrun for example_dag_decorator to None, run_after=None
[2025-07-01T22:46:04.842+0000] {processor.py:208} INFO - Processing /home/airflow/.local/lib/python3.12/site-packages/airflow/example_dags/example_dag_decorator.py took 0.183 seconds
[2025-07-01T22:46:35.514+0000] {processor.py:186} INFO - Started process (PID=1752) to work on /home/airflow/.local/lib/python3.12/site-packages/airflow/example_dags/example_dag_decorator.py
[2025-07-01T22:46:35.516+0000] {processor.py:914} INFO - Processing file /home/airflow/.local/lib/python3.12/site-packages/airflow/example_dags/example_dag_decorator.py for tasks to queue
[2025-07-01T22:46:35.518+0000] {logging_mixin.py:190} INFO - [2025-07-01T22:46:35.518+0000] {dagbag.py:588} INFO - Filling up the DagBag from /home/airflow/.local/lib/python3.12/site-packages/airflow/example_dags/example_dag_decorator.py
[2025-07-01T22:46:35.530+0000] {processor.py:925} INFO - DAG(s) 'example_dag_decorator' retrieved from /home/airflow/.local/lib/python3.12/site-packages/airflow/example_dags/example_dag_decorator.py
[2025-07-01T22:46:35.632+0000] {logging_mixin.py:190} INFO - [2025-07-01T22:46:35.632+0000] {dag.py:3239} INFO - Sync 1 DAGs
[2025-07-01T22:46:35.644+0000] {logging_mixin.py:190} INFO - [2025-07-01T22:46:35.643+0000] {dag.py:4180} INFO - Setting next_dagrun for example_dag_decorator to None, run_after=None
[2025-07-01T22:46:35.665+0000] {processor.py:208} INFO - Processing /home/airflow/.local/lib/python3.12/site-packages/airflow/example_dags/example_dag_decorator.py took 0.156 seconds
[2025-07-01T22:47:06.400+0000] {processor.py:186} INFO - Started process (PID=1815) to work on /home/airflow/.local/lib/python3.12/site-packages/airflow/example_dags/example_dag_decorator.py
[2025-07-01T22:47:06.401+0000] {processor.py:914} INFO - Processing file /home/airflow/.local/lib/python3.12/site-packages/airflow/example_dags/example_dag_decorator.py for tasks to queue
[2025-07-01T22:47:06.403+0000] {logging_mixin.py:190} INFO - [2025-07-01T22:47:06.403+0000] {dagbag.py:588} INFO - Filling up the DagBag from /home/airflow/.local/lib/python3.12/site-packages/airflow/example_dags/example_dag_decorator.py
[2025-07-01T22:47:06.416+0000] {processor.py:925} INFO - DAG(s) 'example_dag_decorator' retrieved from /home/airflow/.local/lib/python3.12/site-packages/airflow/example_dags/example_dag_decorator.py
[2025-07-01T22:47:06.513+0000] {logging_mixin.py:190} INFO - [2025-07-01T22:47:06.513+0000] {dag.py:3239} INFO - Sync 1 DAGs
[2025-07-01T22:47:06.523+0000] {logging_mixin.py:190} INFO - [2025-07-01T22:47:06.523+0000] {dag.py:4180} INFO - Setting next_dagrun for example_dag_decorator to None, run_after=None
[2025-07-01T22:47:06.543+0000] {processor.py:208} INFO - Processing /home/airflow/.local/lib/python3.12/site-packages/airflow/example_dags/example_dag_decorator.py took 0.148 seconds
[2025-07-01T22:47:37.342+0000] {processor.py:186} INFO - Started process (PID=1879) to work on /home/airflow/.local/lib/python3.12/site-packages/airflow/example_dags/example_dag_decorator.py
[2025-07-01T22:47:37.343+0000] {processor.py:914} INFO - Processing file /home/airflow/.local/lib/python3.12/site-packages/airflow/example_dags/example_dag_decorator.py for tasks to queue
[2025-07-01T22:47:37.345+0000] {logging_mixin.py:190} INFO - [2025-07-01T22:47:37.345+0000] {dagbag.py:588} INFO - Filling up the DagBag from /home/airflow/.local/lib/python3.12/site-packages/airflow/example_dags/example_dag_decorator.py
[2025-07-01T22:47:37.355+0000] {processor.py:925} INFO - DAG(s) 'example_dag_decorator' retrieved from /home/airflow/.local/lib/python3.12/site-packages/airflow/example_dags/example_dag_decorator.py
[2025-07-01T22:47:37.449+0000] {logging_mixin.py:190} INFO - [2025-07-01T22:47:37.449+0000] {dag.py:3239} INFO - Sync 1 DAGs
[2025-07-01T22:47:37.460+0000] {logging_mixin.py:190} INFO - [2025-07-01T22:47:37.459+0000] {dag.py:4180} INFO - Setting next_dagrun for example_dag_decorator to None, run_after=None
[2025-07-01T22:47:37.480+0000] {processor.py:208} INFO - Processing /home/airflow/.local/lib/python3.12/site-packages/airflow/example_dags/example_dag_decorator.py took 0.143 seconds
[2025-07-01T22:48:08.082+0000] {processor.py:186} INFO - Started process (PID=1943) to work on /home/airflow/.local/lib/python3.12/site-packages/airflow/example_dags/example_dag_decorator.py
[2025-07-01T22:48:08.083+0000] {processor.py:914} INFO - Processing file /home/airflow/.local/lib/python3.12/site-packages/airflow/example_dags/example_dag_decorator.py for tasks to queue
[2025-07-01T22:48:08.085+0000] {logging_mixin.py:190} INFO - [2025-07-01T22:48:08.085+0000] {dagbag.py:588} INFO - Filling up the DagBag from /home/airflow/.local/lib/python3.12/site-packages/airflow/example_dags/example_dag_decorator.py
[2025-07-01T22:48:08.095+0000] {processor.py:925} INFO - DAG(s) 'example_dag_decorator' retrieved from /home/airflow/.local/lib/python3.12/site-packages/airflow/example_dags/example_dag_decorator.py
[2025-07-01T22:48:08.186+0000] {logging_mixin.py:190} INFO - [2025-07-01T22:48:08.186+0000] {dag.py:3239} INFO - Sync 1 DAGs
[2025-07-01T22:48:08.196+0000] {logging_mixin.py:190} INFO - [2025-07-01T22:48:08.196+0000] {dag.py:4180} INFO - Setting next_dagrun for example_dag_decorator to None, run_after=None
[2025-07-01T22:48:08.219+0000] {processor.py:208} INFO - Processing /home/airflow/.local/lib/python3.12/site-packages/airflow/example_dags/example_dag_decorator.py took 0.143 seconds
[2025-07-01T22:48:38.337+0000] {processor.py:186} INFO - Started process (PID=2011) to work on /home/airflow/.local/lib/python3.12/site-packages/airflow/example_dags/example_dag_decorator.py
[2025-07-01T22:48:38.338+0000] {processor.py:914} INFO - Processing file /home/airflow/.local/lib/python3.12/site-packages/airflow/example_dags/example_dag_decorator.py for tasks to queue
[2025-07-01T22:48:38.340+0000] {logging_mixin.py:190} INFO - [2025-07-01T22:48:38.340+0000] {dagbag.py:588} INFO - Filling up the DagBag from /home/airflow/.local/lib/python3.12/site-packages/airflow/example_dags/example_dag_decorator.py
[2025-07-01T22:48:38.351+0000] {processor.py:925} INFO - DAG(s) 'example_dag_decorator' retrieved from /home/airflow/.local/lib/python3.12/site-packages/airflow/example_dags/example_dag_decorator.py
[2025-07-01T22:48:38.448+0000] {logging_mixin.py:190} INFO - [2025-07-01T22:48:38.448+0000] {dag.py:3239} INFO - Sync 1 DAGs
[2025-07-01T22:48:38.459+0000] {logging_mixin.py:190} INFO - [2025-07-01T22:48:38.458+0000] {dag.py:4180} INFO - Setting next_dagrun for example_dag_decorator to None, run_after=None
[2025-07-01T22:48:38.479+0000] {processor.py:208} INFO - Processing /home/airflow/.local/lib/python3.12/site-packages/airflow/example_dags/example_dag_decorator.py took 0.148 seconds
[2025-07-01T22:49:09.241+0000] {processor.py:186} INFO - Started process (PID=2077) to work on /home/airflow/.local/lib/python3.12/site-packages/airflow/example_dags/example_dag_decorator.py
[2025-07-01T22:49:09.242+0000] {processor.py:914} INFO - Processing file /home/airflow/.local/lib/python3.12/site-packages/airflow/example_dags/example_dag_decorator.py for tasks to queue
[2025-07-01T22:49:09.245+0000] {logging_mixin.py:190} INFO - [2025-07-01T22:49:09.244+0000] {dagbag.py:588} INFO - Filling up the DagBag from /home/airflow/.local/lib/python3.12/site-packages/airflow/example_dags/example_dag_decorator.py
[2025-07-01T22:49:09.257+0000] {processor.py:925} INFO - DAG(s) 'example_dag_decorator' retrieved from /home/airflow/.local/lib/python3.12/site-packages/airflow/example_dags/example_dag_decorator.py
[2025-07-01T22:49:09.279+0000] {logging_mixin.py:190} INFO - [2025-07-01T22:49:09.278+0000] {dag.py:3239} INFO - Sync 1 DAGs
[2025-07-01T22:49:09.291+0000] {logging_mixin.py:190} INFO - [2025-07-01T22:49:09.291+0000] {dag.py:4180} INFO - Setting next_dagrun for example_dag_decorator to None, run_after=None
[2025-07-01T22:49:09.310+0000] {processor.py:208} INFO - Processing /home/airflow/.local/lib/python3.12/site-packages/airflow/example_dags/example_dag_decorator.py took 0.075 seconds
[2025-07-01T22:49:40.120+0000] {processor.py:186} INFO - Started process (PID=2140) to work on /home/airflow/.local/lib/python3.12/site-packages/airflow/example_dags/example_dag_decorator.py
[2025-07-01T22:49:40.121+0000] {processor.py:914} INFO - Processing file /home/airflow/.local/lib/python3.12/site-packages/airflow/example_dags/example_dag_decorator.py for tasks to queue
[2025-07-01T22:49:40.123+0000] {logging_mixin.py:190} INFO - [2025-07-01T22:49:40.123+0000] {dagbag.py:588} INFO - Filling up the DagBag from /home/airflow/.local/lib/python3.12/site-packages/airflow/example_dags/example_dag_decorator.py
[2025-07-01T22:49:40.134+0000] {processor.py:925} INFO - DAG(s) 'example_dag_decorator' retrieved from /home/airflow/.local/lib/python3.12/site-packages/airflow/example_dags/example_dag_decorator.py
[2025-07-01T22:49:40.270+0000] {logging_mixin.py:190} INFO - [2025-07-01T22:49:40.269+0000] {dag.py:3239} INFO - Sync 1 DAGs
[2025-07-01T22:49:40.297+0000] {logging_mixin.py:190} INFO - [2025-07-01T22:49:40.297+0000] {dag.py:4180} INFO - Setting next_dagrun for example_dag_decorator to None, run_after=None
[2025-07-01T22:49:40.327+0000] {processor.py:208} INFO - Processing /home/airflow/.local/lib/python3.12/site-packages/airflow/example_dags/example_dag_decorator.py took 0.212 seconds
[2025-07-01T22:50:11.096+0000] {processor.py:186} INFO - Started process (PID=2204) to work on /home/airflow/.local/lib/python3.12/site-packages/airflow/example_dags/example_dag_decorator.py
[2025-07-01T22:50:11.098+0000] {processor.py:914} INFO - Processing file /home/airflow/.local/lib/python3.12/site-packages/airflow/example_dags/example_dag_decorator.py for tasks to queue
[2025-07-01T22:50:11.100+0000] {logging_mixin.py:190} INFO - [2025-07-01T22:50:11.100+0000] {dagbag.py:588} INFO - Filling up the DagBag from /home/airflow/.local/lib/python3.12/site-packages/airflow/example_dags/example_dag_decorator.py
[2025-07-01T22:50:11.111+0000] {processor.py:925} INFO - DAG(s) 'example_dag_decorator' retrieved from /home/airflow/.local/lib/python3.12/site-packages/airflow/example_dags/example_dag_decorator.py
[2025-07-01T22:50:11.132+0000] {logging_mixin.py:190} INFO - [2025-07-01T22:50:11.132+0000] {dag.py:3239} INFO - Sync 1 DAGs
[2025-07-01T22:50:11.143+0000] {logging_mixin.py:190} INFO - [2025-07-01T22:50:11.143+0000] {dag.py:4180} INFO - Setting next_dagrun for example_dag_decorator to None, run_after=None
[2025-07-01T22:50:11.162+0000] {processor.py:208} INFO - Processing /home/airflow/.local/lib/python3.12/site-packages/airflow/example_dags/example_dag_decorator.py took 0.071 seconds
[2025-07-01T22:50:42.341+0000] {processor.py:186} INFO - Started process (PID=2268) to work on /home/airflow/.local/lib/python3.12/site-packages/airflow/example_dags/example_dag_decorator.py
[2025-07-01T22:50:42.343+0000] {processor.py:914} INFO - Processing file /home/airflow/.local/lib/python3.12/site-packages/airflow/example_dags/example_dag_decorator.py for tasks to queue
[2025-07-01T22:50:42.346+0000] {logging_mixin.py:190} INFO - [2025-07-01T22:50:42.345+0000] {dagbag.py:588} INFO - Filling up the DagBag from /home/airflow/.local/lib/python3.12/site-packages/airflow/example_dags/example_dag_decorator.py
[2025-07-01T22:50:42.362+0000] {processor.py:925} INFO - DAG(s) 'example_dag_decorator' retrieved from /home/airflow/.local/lib/python3.12/site-packages/airflow/example_dags/example_dag_decorator.py
[2025-07-01T22:50:42.537+0000] {logging_mixin.py:190} INFO - [2025-07-01T22:50:42.537+0000] {dag.py:3239} INFO - Sync 1 DAGs
[2025-07-01T22:50:42.552+0000] {logging_mixin.py:190} INFO - [2025-07-01T22:50:42.552+0000] {dag.py:4180} INFO - Setting next_dagrun for example_dag_decorator to None, run_after=None
[2025-07-01T22:50:42.580+0000] {processor.py:208} INFO - Processing /home/airflow/.local/lib/python3.12/site-packages/airflow/example_dags/example_dag_decorator.py took 0.245 seconds
[2025-07-01T22:51:13.598+0000] {processor.py:186} INFO - Started process (PID=2332) to work on /home/airflow/.local/lib/python3.12/site-packages/airflow/example_dags/example_dag_decorator.py
[2025-07-01T22:51:13.599+0000] {processor.py:914} INFO - Processing file /home/airflow/.local/lib/python3.12/site-packages/airflow/example_dags/example_dag_decorator.py for tasks to queue
[2025-07-01T22:51:13.601+0000] {logging_mixin.py:190} INFO - [2025-07-01T22:51:13.601+0000] {dagbag.py:588} INFO - Filling up the DagBag from /home/airflow/.local/lib/python3.12/site-packages/airflow/example_dags/example_dag_decorator.py
[2025-07-01T22:51:13.613+0000] {processor.py:925} INFO - DAG(s) 'example_dag_decorator' retrieved from /home/airflow/.local/lib/python3.12/site-packages/airflow/example_dags/example_dag_decorator.py
[2025-07-01T22:51:13.762+0000] {logging_mixin.py:190} INFO - [2025-07-01T22:51:13.761+0000] {dag.py:3239} INFO - Sync 1 DAGs
[2025-07-01T22:51:13.777+0000] {logging_mixin.py:190} INFO - [2025-07-01T22:51:13.776+0000] {dag.py:4180} INFO - Setting next_dagrun for example_dag_decorator to None, run_after=None
[2025-07-01T22:51:13.804+0000] {processor.py:208} INFO - Processing /home/airflow/.local/lib/python3.12/site-packages/airflow/example_dags/example_dag_decorator.py took 0.212 seconds
[2025-07-01T22:51:43.900+0000] {processor.py:186} INFO - Started process (PID=2397) to work on /home/airflow/.local/lib/python3.12/site-packages/airflow/example_dags/example_dag_decorator.py
[2025-07-01T22:51:43.901+0000] {processor.py:914} INFO - Processing file /home/airflow/.local/lib/python3.12/site-packages/airflow/example_dags/example_dag_decorator.py for tasks to queue
[2025-07-01T22:51:43.904+0000] {logging_mixin.py:190} INFO - [2025-07-01T22:51:43.904+0000] {dagbag.py:588} INFO - Filling up the DagBag from /home/airflow/.local/lib/python3.12/site-packages/airflow/example_dags/example_dag_decorator.py
[2025-07-01T22:51:43.915+0000] {processor.py:925} INFO - DAG(s) 'example_dag_decorator' retrieved from /home/airflow/.local/lib/python3.12/site-packages/airflow/example_dags/example_dag_decorator.py
[2025-07-01T22:51:44.030+0000] {logging_mixin.py:190} INFO - [2025-07-01T22:51:44.029+0000] {dag.py:3239} INFO - Sync 1 DAGs
[2025-07-01T22:51:44.042+0000] {logging_mixin.py:190} INFO - [2025-07-01T22:51:44.041+0000] {dag.py:4180} INFO - Setting next_dagrun for example_dag_decorator to None, run_after=None
[2025-07-01T22:51:44.062+0000] {processor.py:208} INFO - Processing /home/airflow/.local/lib/python3.12/site-packages/airflow/example_dags/example_dag_decorator.py took 0.168 seconds
[2025-07-01T22:52:14.212+0000] {processor.py:186} INFO - Started process (PID=2460) to work on /home/airflow/.local/lib/python3.12/site-packages/airflow/example_dags/example_dag_decorator.py
[2025-07-01T22:52:14.214+0000] {processor.py:914} INFO - Processing file /home/airflow/.local/lib/python3.12/site-packages/airflow/example_dags/example_dag_decorator.py for tasks to queue
[2025-07-01T22:52:14.216+0000] {logging_mixin.py:190} INFO - [2025-07-01T22:52:14.216+0000] {dagbag.py:588} INFO - Filling up the DagBag from /home/airflow/.local/lib/python3.12/site-packages/airflow/example_dags/example_dag_decorator.py
[2025-07-01T22:52:14.226+0000] {processor.py:925} INFO - DAG(s) 'example_dag_decorator' retrieved from /home/airflow/.local/lib/python3.12/site-packages/airflow/example_dags/example_dag_decorator.py
[2025-07-01T22:52:14.325+0000] {logging_mixin.py:190} INFO - [2025-07-01T22:52:14.324+0000] {dag.py:3239} INFO - Sync 1 DAGs
[2025-07-01T22:52:14.337+0000] {logging_mixin.py:190} INFO - [2025-07-01T22:52:14.336+0000] {dag.py:4180} INFO - Setting next_dagrun for example_dag_decorator to None, run_after=None
[2025-07-01T22:52:14.358+0000] {processor.py:208} INFO - Processing /home/airflow/.local/lib/python3.12/site-packages/airflow/example_dags/example_dag_decorator.py took 0.151 seconds
[2025-07-01T22:52:44.875+0000] {processor.py:186} INFO - Started process (PID=2524) to work on /home/airflow/.local/lib/python3.12/site-packages/airflow/example_dags/example_dag_decorator.py
[2025-07-01T22:52:44.877+0000] {processor.py:914} INFO - Processing file /home/airflow/.local/lib/python3.12/site-packages/airflow/example_dags/example_dag_decorator.py for tasks to queue
[2025-07-01T22:52:44.879+0000] {logging_mixin.py:190} INFO - [2025-07-01T22:52:44.879+0000] {dagbag.py:588} INFO - Filling up the DagBag from /home/airflow/.local/lib/python3.12/site-packages/airflow/example_dags/example_dag_decorator.py
[2025-07-01T22:52:44.893+0000] {processor.py:925} INFO - DAG(s) 'example_dag_decorator' retrieved from /home/airflow/.local/lib/python3.12/site-packages/airflow/example_dags/example_dag_decorator.py
[2025-07-01T22:52:44.990+0000] {logging_mixin.py:190} INFO - [2025-07-01T22:52:44.990+0000] {dag.py:3239} INFO - Sync 1 DAGs
[2025-07-01T22:52:45.000+0000] {logging_mixin.py:190} INFO - [2025-07-01T22:52:45.000+0000] {dag.py:4180} INFO - Setting next_dagrun for example_dag_decorator to None, run_after=None
[2025-07-01T22:52:45.021+0000] {processor.py:208} INFO - Processing /home/airflow/.local/lib/python3.12/site-packages/airflow/example_dags/example_dag_decorator.py took 0.152 seconds
