[2025-07-01T21:16:45.736+0000] {processor.py:186} INFO - Started process (PID=76) to work on /home/airflow/.local/lib/python3.12/site-packages/airflow/example_dags/example_subdag_operator.py
[2025-07-01T21:16:45.737+0000] {processor.py:914} INFO - Processing file /home/airflow/.local/lib/python3.12/site-packages/airflow/example_dags/example_subdag_operator.py for tasks to queue
[2025-07-01T21:16:45.739+0000] {logging_mixin.py:190} INFO - [2025-07-01T21:16:45.739+0000] {dagbag.py:588} INFO - Filling up the DagBag from /home/airflow/.local/lib/python3.12/site-packages/airflow/example_dags/example_subdag_operator.py
[2025-07-01T21:16:45.760+0000] {processor.py:925} INFO - DAG(s) 'example_subdag_operator.section-1', 'example_subdag_operator.section-2', 'example_subdag_operator' retrieved from /home/airflow/.local/lib/python3.12/site-packages/airflow/example_dags/example_subdag_operator.py
[2025-07-01T21:16:45.773+0000] {logging_mixin.py:190} INFO - [2025-07-01T21:16:45.773+0000] {dag.py:3239} INFO - Sync 3 DAGs
[2025-07-01T21:16:45.795+0000] {logging_mixin.py:190} INFO - [2025-07-01T21:16:45.795+0000] {dag.py:4180} INFO - Setting next_dagrun for example_subdag_operator to 2022-01-01 00:00:00+00:00, run_after=2022-01-01 00:00:00+00:00
[2025-07-01T21:16:45.798+0000] {logging_mixin.py:190} INFO - [2025-07-01T21:16:45.798+0000] {dag.py:4180} INFO - Setting next_dagrun for example_subdag_operator.section-1 to None, run_after=None
[2025-07-01T21:16:45.799+0000] {logging_mixin.py:190} INFO - [2025-07-01T21:16:45.799+0000] {dag.py:4180} INFO - Setting next_dagrun for example_subdag_operator.section-2 to None, run_after=None
[2025-07-01T21:16:45.805+0000] {logging_mixin.py:190} INFO - [2025-07-01T21:16:45.805+0000] {dag.py:3239} INFO - Sync 2 DAGs
[2025-07-01T21:16:45.810+0000] {logging_mixin.py:190} INFO - [2025-07-01T21:16:45.810+0000] {dag.py:4180} INFO - Setting next_dagrun for example_subdag_operator.section-1 to None, run_after=None
[2025-07-01T21:16:45.810+0000] {logging_mixin.py:190} INFO - [2025-07-01T21:16:45.810+0000] {dag.py:4180} INFO - Setting next_dagrun for example_subdag_operator.section-2 to None, run_after=None
[2025-07-01T21:16:45.822+0000] {processor.py:208} INFO - Processing /home/airflow/.local/lib/python3.12/site-packages/airflow/example_dags/example_subdag_operator.py took 0.091 seconds
[2025-07-01T21:17:16.518+0000] {processor.py:186} INFO - Started process (PID=138) to work on /home/airflow/.local/lib/python3.12/site-packages/airflow/example_dags/example_subdag_operator.py
[2025-07-01T21:17:16.518+0000] {processor.py:914} INFO - Processing file /home/airflow/.local/lib/python3.12/site-packages/airflow/example_dags/example_subdag_operator.py for tasks to queue
[2025-07-01T21:17:16.521+0000] {logging_mixin.py:190} INFO - [2025-07-01T21:17:16.521+0000] {dagbag.py:588} INFO - Filling up the DagBag from /home/airflow/.local/lib/python3.12/site-packages/airflow/example_dags/example_subdag_operator.py
[2025-07-01T21:17:16.542+0000] {processor.py:925} INFO - DAG(s) 'example_subdag_operator.section-1', 'example_subdag_operator.section-2', 'example_subdag_operator' retrieved from /home/airflow/.local/lib/python3.12/site-packages/airflow/example_dags/example_subdag_operator.py
[2025-07-01T21:17:16.556+0000] {logging_mixin.py:190} INFO - [2025-07-01T21:17:16.556+0000] {dag.py:3239} INFO - Sync 3 DAGs
[2025-07-01T21:17:16.576+0000] {logging_mixin.py:190} INFO - [2025-07-01T21:17:16.576+0000] {dag.py:4180} INFO - Setting next_dagrun for example_subdag_operator to 2022-01-01 00:00:00+00:00, run_after=2022-01-01 00:00:00+00:00
[2025-07-01T21:17:16.580+0000] {logging_mixin.py:190} INFO - [2025-07-01T21:17:16.580+0000] {dag.py:4180} INFO - Setting next_dagrun for example_subdag_operator.section-1 to None, run_after=None
[2025-07-01T21:17:16.582+0000] {logging_mixin.py:190} INFO - [2025-07-01T21:17:16.581+0000] {dag.py:4180} INFO - Setting next_dagrun for example_subdag_operator.section-2 to None, run_after=None
[2025-07-01T21:17:16.588+0000] {logging_mixin.py:190} INFO - [2025-07-01T21:17:16.588+0000] {dag.py:3239} INFO - Sync 2 DAGs
[2025-07-01T21:17:16.593+0000] {logging_mixin.py:190} INFO - [2025-07-01T21:17:16.593+0000] {dag.py:4180} INFO - Setting next_dagrun for example_subdag_operator.section-1 to None, run_after=None
[2025-07-01T21:17:16.594+0000] {logging_mixin.py:190} INFO - [2025-07-01T21:17:16.594+0000] {dag.py:4180} INFO - Setting next_dagrun for example_subdag_operator.section-2 to None, run_after=None
[2025-07-01T21:17:16.606+0000] {processor.py:208} INFO - Processing /home/airflow/.local/lib/python3.12/site-packages/airflow/example_dags/example_subdag_operator.py took 0.093 seconds
[2025-07-01T21:17:47.072+0000] {processor.py:186} INFO - Started process (PID=200) to work on /home/airflow/.local/lib/python3.12/site-packages/airflow/example_dags/example_subdag_operator.py
[2025-07-01T21:17:47.073+0000] {processor.py:914} INFO - Processing file /home/airflow/.local/lib/python3.12/site-packages/airflow/example_dags/example_subdag_operator.py for tasks to queue
[2025-07-01T21:17:47.076+0000] {logging_mixin.py:190} INFO - [2025-07-01T21:17:47.075+0000] {dagbag.py:588} INFO - Filling up the DagBag from /home/airflow/.local/lib/python3.12/site-packages/airflow/example_dags/example_subdag_operator.py
[2025-07-01T21:17:47.099+0000] {processor.py:925} INFO - DAG(s) 'example_subdag_operator.section-1', 'example_subdag_operator.section-2', 'example_subdag_operator' retrieved from /home/airflow/.local/lib/python3.12/site-packages/airflow/example_dags/example_subdag_operator.py
[2025-07-01T21:17:47.111+0000] {logging_mixin.py:190} INFO - [2025-07-01T21:17:47.111+0000] {dag.py:3239} INFO - Sync 3 DAGs
[2025-07-01T21:17:47.129+0000] {logging_mixin.py:190} INFO - [2025-07-01T21:17:47.128+0000] {dag.py:4180} INFO - Setting next_dagrun for example_subdag_operator to 2022-01-01 00:00:00+00:00, run_after=2022-01-01 00:00:00+00:00
[2025-07-01T21:17:47.132+0000] {logging_mixin.py:190} INFO - [2025-07-01T21:17:47.132+0000] {dag.py:4180} INFO - Setting next_dagrun for example_subdag_operator.section-1 to None, run_after=None
[2025-07-01T21:17:47.133+0000] {logging_mixin.py:190} INFO - [2025-07-01T21:17:47.133+0000] {dag.py:4180} INFO - Setting next_dagrun for example_subdag_operator.section-2 to None, run_after=None
[2025-07-01T21:17:47.138+0000] {logging_mixin.py:190} INFO - [2025-07-01T21:17:47.138+0000] {dag.py:3239} INFO - Sync 2 DAGs
[2025-07-01T21:17:47.142+0000] {logging_mixin.py:190} INFO - [2025-07-01T21:17:47.142+0000] {dag.py:4180} INFO - Setting next_dagrun for example_subdag_operator.section-1 to None, run_after=None
[2025-07-01T21:17:47.143+0000] {logging_mixin.py:190} INFO - [2025-07-01T21:17:47.143+0000] {dag.py:4180} INFO - Setting next_dagrun for example_subdag_operator.section-2 to None, run_after=None
[2025-07-01T21:17:47.154+0000] {processor.py:208} INFO - Processing /home/airflow/.local/lib/python3.12/site-packages/airflow/example_dags/example_subdag_operator.py took 0.087 seconds
[2025-07-01T21:18:17.840+0000] {processor.py:186} INFO - Started process (PID=263) to work on /home/airflow/.local/lib/python3.12/site-packages/airflow/example_dags/example_subdag_operator.py
[2025-07-01T21:18:17.841+0000] {processor.py:914} INFO - Processing file /home/airflow/.local/lib/python3.12/site-packages/airflow/example_dags/example_subdag_operator.py for tasks to queue
[2025-07-01T21:18:17.845+0000] {logging_mixin.py:190} INFO - [2025-07-01T21:18:17.844+0000] {dagbag.py:588} INFO - Filling up the DagBag from /home/airflow/.local/lib/python3.12/site-packages/airflow/example_dags/example_subdag_operator.py
[2025-07-01T21:18:17.874+0000] {processor.py:925} INFO - DAG(s) 'example_subdag_operator.section-1', 'example_subdag_operator.section-2', 'example_subdag_operator' retrieved from /home/airflow/.local/lib/python3.12/site-packages/airflow/example_dags/example_subdag_operator.py
[2025-07-01T21:18:17.889+0000] {logging_mixin.py:190} INFO - [2025-07-01T21:18:17.889+0000] {dag.py:3239} INFO - Sync 3 DAGs
[2025-07-01T21:18:17.922+0000] {logging_mixin.py:190} INFO - [2025-07-01T21:18:17.921+0000] {dag.py:4180} INFO - Setting next_dagrun for example_subdag_operator to 2022-01-01 00:00:00+00:00, run_after=2022-01-01 00:00:00+00:00
[2025-07-01T21:18:17.928+0000] {logging_mixin.py:190} INFO - [2025-07-01T21:18:17.927+0000] {dag.py:4180} INFO - Setting next_dagrun for example_subdag_operator.section-1 to None, run_after=None
[2025-07-01T21:18:17.931+0000] {logging_mixin.py:190} INFO - [2025-07-01T21:18:17.931+0000] {dag.py:4180} INFO - Setting next_dagrun for example_subdag_operator.section-2 to None, run_after=None
[2025-07-01T21:18:17.938+0000] {logging_mixin.py:190} INFO - [2025-07-01T21:18:17.938+0000] {dag.py:3239} INFO - Sync 2 DAGs
[2025-07-01T21:18:17.943+0000] {logging_mixin.py:190} INFO - [2025-07-01T21:18:17.943+0000] {dag.py:4180} INFO - Setting next_dagrun for example_subdag_operator.section-1 to None, run_after=None
[2025-07-01T21:18:17.944+0000] {logging_mixin.py:190} INFO - [2025-07-01T21:18:17.944+0000] {dag.py:4180} INFO - Setting next_dagrun for example_subdag_operator.section-2 to None, run_after=None
[2025-07-01T21:18:17.956+0000] {processor.py:208} INFO - Processing /home/airflow/.local/lib/python3.12/site-packages/airflow/example_dags/example_subdag_operator.py took 0.122 seconds
[2025-07-01T21:18:48.567+0000] {processor.py:186} INFO - Started process (PID=331) to work on /home/airflow/.local/lib/python3.12/site-packages/airflow/example_dags/example_subdag_operator.py
[2025-07-01T21:18:48.567+0000] {processor.py:914} INFO - Processing file /home/airflow/.local/lib/python3.12/site-packages/airflow/example_dags/example_subdag_operator.py for tasks to queue
[2025-07-01T21:18:48.570+0000] {logging_mixin.py:190} INFO - [2025-07-01T21:18:48.569+0000] {dagbag.py:588} INFO - Filling up the DagBag from /home/airflow/.local/lib/python3.12/site-packages/airflow/example_dags/example_subdag_operator.py
[2025-07-01T21:18:48.592+0000] {processor.py:925} INFO - DAG(s) 'example_subdag_operator.section-1', 'example_subdag_operator.section-2', 'example_subdag_operator' retrieved from /home/airflow/.local/lib/python3.12/site-packages/airflow/example_dags/example_subdag_operator.py
[2025-07-01T21:18:48.604+0000] {logging_mixin.py:190} INFO - [2025-07-01T21:18:48.604+0000] {dag.py:3239} INFO - Sync 3 DAGs
[2025-07-01T21:18:48.622+0000] {logging_mixin.py:190} INFO - [2025-07-01T21:18:48.622+0000] {dag.py:4180} INFO - Setting next_dagrun for example_subdag_operator to 2022-01-01 00:00:00+00:00, run_after=2022-01-01 00:00:00+00:00
[2025-07-01T21:18:48.625+0000] {logging_mixin.py:190} INFO - [2025-07-01T21:18:48.625+0000] {dag.py:4180} INFO - Setting next_dagrun for example_subdag_operator.section-1 to None, run_after=None
[2025-07-01T21:18:48.626+0000] {logging_mixin.py:190} INFO - [2025-07-01T21:18:48.626+0000] {dag.py:4180} INFO - Setting next_dagrun for example_subdag_operator.section-2 to None, run_after=None
[2025-07-01T21:18:48.632+0000] {logging_mixin.py:190} INFO - [2025-07-01T21:18:48.632+0000] {dag.py:3239} INFO - Sync 2 DAGs
[2025-07-01T21:18:48.637+0000] {logging_mixin.py:190} INFO - [2025-07-01T21:18:48.637+0000] {dag.py:4180} INFO - Setting next_dagrun for example_subdag_operator.section-1 to None, run_after=None
[2025-07-01T21:18:48.638+0000] {logging_mixin.py:190} INFO - [2025-07-01T21:18:48.638+0000] {dag.py:4180} INFO - Setting next_dagrun for example_subdag_operator.section-2 to None, run_after=None
[2025-07-01T21:18:48.651+0000] {processor.py:208} INFO - Processing /home/airflow/.local/lib/python3.12/site-packages/airflow/example_dags/example_subdag_operator.py took 0.089 seconds
[2025-07-01T21:19:19.441+0000] {processor.py:186} INFO - Started process (PID=393) to work on /home/airflow/.local/lib/python3.12/site-packages/airflow/example_dags/example_subdag_operator.py
[2025-07-01T21:19:19.442+0000] {processor.py:914} INFO - Processing file /home/airflow/.local/lib/python3.12/site-packages/airflow/example_dags/example_subdag_operator.py for tasks to queue
[2025-07-01T21:19:19.444+0000] {logging_mixin.py:190} INFO - [2025-07-01T21:19:19.444+0000] {dagbag.py:588} INFO - Filling up the DagBag from /home/airflow/.local/lib/python3.12/site-packages/airflow/example_dags/example_subdag_operator.py
[2025-07-01T21:19:19.467+0000] {processor.py:925} INFO - DAG(s) 'example_subdag_operator.section-1', 'example_subdag_operator.section-2', 'example_subdag_operator' retrieved from /home/airflow/.local/lib/python3.12/site-packages/airflow/example_dags/example_subdag_operator.py
[2025-07-01T21:19:19.480+0000] {logging_mixin.py:190} INFO - [2025-07-01T21:19:19.479+0000] {dag.py:3239} INFO - Sync 3 DAGs
[2025-07-01T21:19:19.498+0000] {logging_mixin.py:190} INFO - [2025-07-01T21:19:19.498+0000] {dag.py:4180} INFO - Setting next_dagrun for example_subdag_operator to 2022-01-01 00:00:00+00:00, run_after=2022-01-01 00:00:00+00:00
[2025-07-01T21:19:19.501+0000] {logging_mixin.py:190} INFO - [2025-07-01T21:19:19.501+0000] {dag.py:4180} INFO - Setting next_dagrun for example_subdag_operator.section-1 to None, run_after=None
[2025-07-01T21:19:19.503+0000] {logging_mixin.py:190} INFO - [2025-07-01T21:19:19.502+0000] {dag.py:4180} INFO - Setting next_dagrun for example_subdag_operator.section-2 to None, run_after=None
[2025-07-01T21:19:19.510+0000] {logging_mixin.py:190} INFO - [2025-07-01T21:19:19.510+0000] {dag.py:3239} INFO - Sync 2 DAGs
[2025-07-01T21:19:19.514+0000] {logging_mixin.py:190} INFO - [2025-07-01T21:19:19.514+0000] {dag.py:4180} INFO - Setting next_dagrun for example_subdag_operator.section-1 to None, run_after=None
[2025-07-01T21:19:19.515+0000] {logging_mixin.py:190} INFO - [2025-07-01T21:19:19.514+0000] {dag.py:4180} INFO - Setting next_dagrun for example_subdag_operator.section-2 to None, run_after=None
[2025-07-01T21:19:19.528+0000] {processor.py:208} INFO - Processing /home/airflow/.local/lib/python3.12/site-packages/airflow/example_dags/example_subdag_operator.py took 0.092 seconds
[2025-07-01T21:19:50.353+0000] {processor.py:186} INFO - Started process (PID=455) to work on /home/airflow/.local/lib/python3.12/site-packages/airflow/example_dags/example_subdag_operator.py
[2025-07-01T21:19:50.354+0000] {processor.py:914} INFO - Processing file /home/airflow/.local/lib/python3.12/site-packages/airflow/example_dags/example_subdag_operator.py for tasks to queue
[2025-07-01T21:19:50.356+0000] {logging_mixin.py:190} INFO - [2025-07-01T21:19:50.356+0000] {dagbag.py:588} INFO - Filling up the DagBag from /home/airflow/.local/lib/python3.12/site-packages/airflow/example_dags/example_subdag_operator.py
[2025-07-01T21:19:50.377+0000] {processor.py:925} INFO - DAG(s) 'example_subdag_operator.section-1', 'example_subdag_operator.section-2', 'example_subdag_operator' retrieved from /home/airflow/.local/lib/python3.12/site-packages/airflow/example_dags/example_subdag_operator.py
[2025-07-01T21:19:50.388+0000] {logging_mixin.py:190} INFO - [2025-07-01T21:19:50.388+0000] {dag.py:3239} INFO - Sync 3 DAGs
[2025-07-01T21:19:50.406+0000] {logging_mixin.py:190} INFO - [2025-07-01T21:19:50.406+0000] {dag.py:4180} INFO - Setting next_dagrun for example_subdag_operator to 2022-01-01 00:00:00+00:00, run_after=2022-01-01 00:00:00+00:00
[2025-07-01T21:19:50.409+0000] {logging_mixin.py:190} INFO - [2025-07-01T21:19:50.409+0000] {dag.py:4180} INFO - Setting next_dagrun for example_subdag_operator.section-1 to None, run_after=None
[2025-07-01T21:19:50.411+0000] {logging_mixin.py:190} INFO - [2025-07-01T21:19:50.411+0000] {dag.py:4180} INFO - Setting next_dagrun for example_subdag_operator.section-2 to None, run_after=None
[2025-07-01T21:19:50.416+0000] {logging_mixin.py:190} INFO - [2025-07-01T21:19:50.416+0000] {dag.py:3239} INFO - Sync 2 DAGs
[2025-07-01T21:19:50.421+0000] {logging_mixin.py:190} INFO - [2025-07-01T21:19:50.421+0000] {dag.py:4180} INFO - Setting next_dagrun for example_subdag_operator.section-1 to None, run_after=None
[2025-07-01T21:19:50.422+0000] {logging_mixin.py:190} INFO - [2025-07-01T21:19:50.421+0000] {dag.py:4180} INFO - Setting next_dagrun for example_subdag_operator.section-2 to None, run_after=None
[2025-07-01T21:19:50.433+0000] {processor.py:208} INFO - Processing /home/airflow/.local/lib/python3.12/site-packages/airflow/example_dags/example_subdag_operator.py took 0.085 seconds
[2025-07-01T21:20:20.997+0000] {processor.py:186} INFO - Started process (PID=517) to work on /home/airflow/.local/lib/python3.12/site-packages/airflow/example_dags/example_subdag_operator.py
[2025-07-01T21:20:20.998+0000] {processor.py:914} INFO - Processing file /home/airflow/.local/lib/python3.12/site-packages/airflow/example_dags/example_subdag_operator.py for tasks to queue
[2025-07-01T21:20:21.000+0000] {logging_mixin.py:190} INFO - [2025-07-01T21:20:21.000+0000] {dagbag.py:588} INFO - Filling up the DagBag from /home/airflow/.local/lib/python3.12/site-packages/airflow/example_dags/example_subdag_operator.py
[2025-07-01T21:20:21.023+0000] {processor.py:925} INFO - DAG(s) 'example_subdag_operator.section-1', 'example_subdag_operator.section-2', 'example_subdag_operator' retrieved from /home/airflow/.local/lib/python3.12/site-packages/airflow/example_dags/example_subdag_operator.py
[2025-07-01T21:20:21.035+0000] {logging_mixin.py:190} INFO - [2025-07-01T21:20:21.035+0000] {dag.py:3239} INFO - Sync 3 DAGs
[2025-07-01T21:20:21.054+0000] {logging_mixin.py:190} INFO - [2025-07-01T21:20:21.054+0000] {dag.py:4180} INFO - Setting next_dagrun for example_subdag_operator to 2022-01-01 00:00:00+00:00, run_after=2022-01-01 00:00:00+00:00
[2025-07-01T21:20:21.058+0000] {logging_mixin.py:190} INFO - [2025-07-01T21:20:21.058+0000] {dag.py:4180} INFO - Setting next_dagrun for example_subdag_operator.section-1 to None, run_after=None
[2025-07-01T21:20:21.060+0000] {logging_mixin.py:190} INFO - [2025-07-01T21:20:21.059+0000] {dag.py:4180} INFO - Setting next_dagrun for example_subdag_operator.section-2 to None, run_after=None
[2025-07-01T21:20:21.066+0000] {logging_mixin.py:190} INFO - [2025-07-01T21:20:21.066+0000] {dag.py:3239} INFO - Sync 2 DAGs
[2025-07-01T21:20:21.070+0000] {logging_mixin.py:190} INFO - [2025-07-01T21:20:21.070+0000] {dag.py:4180} INFO - Setting next_dagrun for example_subdag_operator.section-1 to None, run_after=None
[2025-07-01T21:20:21.071+0000] {logging_mixin.py:190} INFO - [2025-07-01T21:20:21.071+0000] {dag.py:4180} INFO - Setting next_dagrun for example_subdag_operator.section-2 to None, run_after=None
[2025-07-01T21:20:21.083+0000] {processor.py:208} INFO - Processing /home/airflow/.local/lib/python3.12/site-packages/airflow/example_dags/example_subdag_operator.py took 0.090 seconds
[2025-07-01T21:20:51.970+0000] {processor.py:186} INFO - Started process (PID=579) to work on /home/airflow/.local/lib/python3.12/site-packages/airflow/example_dags/example_subdag_operator.py
[2025-07-01T21:20:51.971+0000] {processor.py:914} INFO - Processing file /home/airflow/.local/lib/python3.12/site-packages/airflow/example_dags/example_subdag_operator.py for tasks to queue
[2025-07-01T21:20:51.973+0000] {logging_mixin.py:190} INFO - [2025-07-01T21:20:51.973+0000] {dagbag.py:588} INFO - Filling up the DagBag from /home/airflow/.local/lib/python3.12/site-packages/airflow/example_dags/example_subdag_operator.py
[2025-07-01T21:20:51.996+0000] {processor.py:925} INFO - DAG(s) 'example_subdag_operator.section-1', 'example_subdag_operator.section-2', 'example_subdag_operator' retrieved from /home/airflow/.local/lib/python3.12/site-packages/airflow/example_dags/example_subdag_operator.py
[2025-07-01T21:20:52.009+0000] {logging_mixin.py:190} INFO - [2025-07-01T21:20:52.008+0000] {dag.py:3239} INFO - Sync 3 DAGs
[2025-07-01T21:20:52.030+0000] {logging_mixin.py:190} INFO - [2025-07-01T21:20:52.029+0000] {dag.py:4180} INFO - Setting next_dagrun for example_subdag_operator to 2022-01-01 00:00:00+00:00, run_after=2022-01-01 00:00:00+00:00
[2025-07-01T21:20:52.033+0000] {logging_mixin.py:190} INFO - [2025-07-01T21:20:52.033+0000] {dag.py:4180} INFO - Setting next_dagrun for example_subdag_operator.section-1 to None, run_after=None
[2025-07-01T21:20:52.035+0000] {logging_mixin.py:190} INFO - [2025-07-01T21:20:52.034+0000] {dag.py:4180} INFO - Setting next_dagrun for example_subdag_operator.section-2 to None, run_after=None
[2025-07-01T21:20:52.041+0000] {logging_mixin.py:190} INFO - [2025-07-01T21:20:52.041+0000] {dag.py:3239} INFO - Sync 2 DAGs
[2025-07-01T21:20:52.046+0000] {logging_mixin.py:190} INFO - [2025-07-01T21:20:52.046+0000] {dag.py:4180} INFO - Setting next_dagrun for example_subdag_operator.section-1 to None, run_after=None
[2025-07-01T21:20:52.047+0000] {logging_mixin.py:190} INFO - [2025-07-01T21:20:52.047+0000] {dag.py:4180} INFO - Setting next_dagrun for example_subdag_operator.section-2 to None, run_after=None
[2025-07-01T21:20:52.059+0000] {processor.py:208} INFO - Processing /home/airflow/.local/lib/python3.12/site-packages/airflow/example_dags/example_subdag_operator.py took 0.094 seconds
[2025-07-01T21:21:22.834+0000] {processor.py:186} INFO - Started process (PID=641) to work on /home/airflow/.local/lib/python3.12/site-packages/airflow/example_dags/example_subdag_operator.py
[2025-07-01T21:21:22.835+0000] {processor.py:914} INFO - Processing file /home/airflow/.local/lib/python3.12/site-packages/airflow/example_dags/example_subdag_operator.py for tasks to queue
[2025-07-01T21:21:22.837+0000] {logging_mixin.py:190} INFO - [2025-07-01T21:21:22.837+0000] {dagbag.py:588} INFO - Filling up the DagBag from /home/airflow/.local/lib/python3.12/site-packages/airflow/example_dags/example_subdag_operator.py
[2025-07-01T21:21:22.862+0000] {processor.py:925} INFO - DAG(s) 'example_subdag_operator.section-1', 'example_subdag_operator.section-2', 'example_subdag_operator' retrieved from /home/airflow/.local/lib/python3.12/site-packages/airflow/example_dags/example_subdag_operator.py
[2025-07-01T21:21:22.877+0000] {logging_mixin.py:190} INFO - [2025-07-01T21:21:22.877+0000] {dag.py:3239} INFO - Sync 3 DAGs
[2025-07-01T21:21:22.899+0000] {logging_mixin.py:190} INFO - [2025-07-01T21:21:22.899+0000] {dag.py:4180} INFO - Setting next_dagrun for example_subdag_operator to 2022-01-01 00:00:00+00:00, run_after=2022-01-01 00:00:00+00:00
[2025-07-01T21:21:22.903+0000] {logging_mixin.py:190} INFO - [2025-07-01T21:21:22.902+0000] {dag.py:4180} INFO - Setting next_dagrun for example_subdag_operator.section-1 to None, run_after=None
[2025-07-01T21:21:22.904+0000] {logging_mixin.py:190} INFO - [2025-07-01T21:21:22.904+0000] {dag.py:4180} INFO - Setting next_dagrun for example_subdag_operator.section-2 to None, run_after=None
[2025-07-01T21:21:22.912+0000] {logging_mixin.py:190} INFO - [2025-07-01T21:21:22.911+0000] {dag.py:3239} INFO - Sync 2 DAGs
[2025-07-01T21:21:22.917+0000] {logging_mixin.py:190} INFO - [2025-07-01T21:21:22.917+0000] {dag.py:4180} INFO - Setting next_dagrun for example_subdag_operator.section-1 to None, run_after=None
[2025-07-01T21:21:22.918+0000] {logging_mixin.py:190} INFO - [2025-07-01T21:21:22.918+0000] {dag.py:4180} INFO - Setting next_dagrun for example_subdag_operator.section-2 to None, run_after=None
[2025-07-01T21:21:22.934+0000] {processor.py:208} INFO - Processing /home/airflow/.local/lib/python3.12/site-packages/airflow/example_dags/example_subdag_operator.py took 0.105 seconds
[2025-07-01T21:21:53.208+0000] {processor.py:186} INFO - Started process (PID=703) to work on /home/airflow/.local/lib/python3.12/site-packages/airflow/example_dags/example_subdag_operator.py
[2025-07-01T21:21:53.209+0000] {processor.py:914} INFO - Processing file /home/airflow/.local/lib/python3.12/site-packages/airflow/example_dags/example_subdag_operator.py for tasks to queue
[2025-07-01T21:21:53.211+0000] {logging_mixin.py:190} INFO - [2025-07-01T21:21:53.211+0000] {dagbag.py:588} INFO - Filling up the DagBag from /home/airflow/.local/lib/python3.12/site-packages/airflow/example_dags/example_subdag_operator.py
[2025-07-01T21:21:53.234+0000] {processor.py:925} INFO - DAG(s) 'example_subdag_operator.section-1', 'example_subdag_operator.section-2', 'example_subdag_operator' retrieved from /home/airflow/.local/lib/python3.12/site-packages/airflow/example_dags/example_subdag_operator.py
[2025-07-01T21:21:53.246+0000] {logging_mixin.py:190} INFO - [2025-07-01T21:21:53.246+0000] {dag.py:3239} INFO - Sync 3 DAGs
[2025-07-01T21:21:53.266+0000] {logging_mixin.py:190} INFO - [2025-07-01T21:21:53.266+0000] {dag.py:4180} INFO - Setting next_dagrun for example_subdag_operator to 2022-01-01 00:00:00+00:00, run_after=2022-01-01 00:00:00+00:00
[2025-07-01T21:21:53.270+0000] {logging_mixin.py:190} INFO - [2025-07-01T21:21:53.270+0000] {dag.py:4180} INFO - Setting next_dagrun for example_subdag_operator.section-1 to None, run_after=None
[2025-07-01T21:21:53.272+0000] {logging_mixin.py:190} INFO - [2025-07-01T21:21:53.272+0000] {dag.py:4180} INFO - Setting next_dagrun for example_subdag_operator.section-2 to None, run_after=None
[2025-07-01T21:21:53.278+0000] {logging_mixin.py:190} INFO - [2025-07-01T21:21:53.278+0000] {dag.py:3239} INFO - Sync 2 DAGs
[2025-07-01T21:21:53.283+0000] {logging_mixin.py:190} INFO - [2025-07-01T21:21:53.283+0000] {dag.py:4180} INFO - Setting next_dagrun for example_subdag_operator.section-1 to None, run_after=None
[2025-07-01T21:21:53.284+0000] {logging_mixin.py:190} INFO - [2025-07-01T21:21:53.284+0000] {dag.py:4180} INFO - Setting next_dagrun for example_subdag_operator.section-2 to None, run_after=None
[2025-07-01T21:21:53.297+0000] {processor.py:208} INFO - Processing /home/airflow/.local/lib/python3.12/site-packages/airflow/example_dags/example_subdag_operator.py took 0.095 seconds
[2025-07-01T21:22:23.775+0000] {processor.py:186} INFO - Started process (PID=765) to work on /home/airflow/.local/lib/python3.12/site-packages/airflow/example_dags/example_subdag_operator.py
[2025-07-01T21:22:23.775+0000] {processor.py:914} INFO - Processing file /home/airflow/.local/lib/python3.12/site-packages/airflow/example_dags/example_subdag_operator.py for tasks to queue
[2025-07-01T21:22:23.777+0000] {logging_mixin.py:190} INFO - [2025-07-01T21:22:23.777+0000] {dagbag.py:588} INFO - Filling up the DagBag from /home/airflow/.local/lib/python3.12/site-packages/airflow/example_dags/example_subdag_operator.py
[2025-07-01T21:22:23.798+0000] {processor.py:925} INFO - DAG(s) 'example_subdag_operator.section-1', 'example_subdag_operator.section-2', 'example_subdag_operator' retrieved from /home/airflow/.local/lib/python3.12/site-packages/airflow/example_dags/example_subdag_operator.py
[2025-07-01T21:22:23.809+0000] {logging_mixin.py:190} INFO - [2025-07-01T21:22:23.809+0000] {dag.py:3239} INFO - Sync 3 DAGs
[2025-07-01T21:22:23.826+0000] {logging_mixin.py:190} INFO - [2025-07-01T21:22:23.826+0000] {dag.py:4180} INFO - Setting next_dagrun for example_subdag_operator to 2022-01-01 00:00:00+00:00, run_after=2022-01-01 00:00:00+00:00
[2025-07-01T21:22:23.829+0000] {logging_mixin.py:190} INFO - [2025-07-01T21:22:23.829+0000] {dag.py:4180} INFO - Setting next_dagrun for example_subdag_operator.section-1 to None, run_after=None
[2025-07-01T21:22:23.831+0000] {logging_mixin.py:190} INFO - [2025-07-01T21:22:23.830+0000] {dag.py:4180} INFO - Setting next_dagrun for example_subdag_operator.section-2 to None, run_after=None
[2025-07-01T21:22:23.836+0000] {logging_mixin.py:190} INFO - [2025-07-01T21:22:23.836+0000] {dag.py:3239} INFO - Sync 2 DAGs
[2025-07-01T21:22:23.840+0000] {logging_mixin.py:190} INFO - [2025-07-01T21:22:23.840+0000] {dag.py:4180} INFO - Setting next_dagrun for example_subdag_operator.section-1 to None, run_after=None
[2025-07-01T21:22:23.841+0000] {logging_mixin.py:190} INFO - [2025-07-01T21:22:23.840+0000] {dag.py:4180} INFO - Setting next_dagrun for example_subdag_operator.section-2 to None, run_after=None
[2025-07-01T21:22:23.853+0000] {processor.py:208} INFO - Processing /home/airflow/.local/lib/python3.12/site-packages/airflow/example_dags/example_subdag_operator.py took 0.083 seconds
[2025-07-01T21:22:54.204+0000] {processor.py:186} INFO - Started process (PID=827) to work on /home/airflow/.local/lib/python3.12/site-packages/airflow/example_dags/example_subdag_operator.py
[2025-07-01T21:22:54.205+0000] {processor.py:914} INFO - Processing file /home/airflow/.local/lib/python3.12/site-packages/airflow/example_dags/example_subdag_operator.py for tasks to queue
[2025-07-01T21:22:54.207+0000] {logging_mixin.py:190} INFO - [2025-07-01T21:22:54.207+0000] {dagbag.py:588} INFO - Filling up the DagBag from /home/airflow/.local/lib/python3.12/site-packages/airflow/example_dags/example_subdag_operator.py
[2025-07-01T21:22:54.228+0000] {processor.py:925} INFO - DAG(s) 'example_subdag_operator.section-1', 'example_subdag_operator.section-2', 'example_subdag_operator' retrieved from /home/airflow/.local/lib/python3.12/site-packages/airflow/example_dags/example_subdag_operator.py
[2025-07-01T21:22:54.239+0000] {logging_mixin.py:190} INFO - [2025-07-01T21:22:54.239+0000] {dag.py:3239} INFO - Sync 3 DAGs
[2025-07-01T21:22:54.256+0000] {logging_mixin.py:190} INFO - [2025-07-01T21:22:54.256+0000] {dag.py:4180} INFO - Setting next_dagrun for example_subdag_operator to 2022-01-01 00:00:00+00:00, run_after=2022-01-01 00:00:00+00:00
[2025-07-01T21:22:54.260+0000] {logging_mixin.py:190} INFO - [2025-07-01T21:22:54.259+0000] {dag.py:4180} INFO - Setting next_dagrun for example_subdag_operator.section-1 to None, run_after=None
[2025-07-01T21:22:54.261+0000] {logging_mixin.py:190} INFO - [2025-07-01T21:22:54.260+0000] {dag.py:4180} INFO - Setting next_dagrun for example_subdag_operator.section-2 to None, run_after=None
[2025-07-01T21:22:54.266+0000] {logging_mixin.py:190} INFO - [2025-07-01T21:22:54.266+0000] {dag.py:3239} INFO - Sync 2 DAGs
[2025-07-01T21:22:54.269+0000] {logging_mixin.py:190} INFO - [2025-07-01T21:22:54.269+0000] {dag.py:4180} INFO - Setting next_dagrun for example_subdag_operator.section-1 to None, run_after=None
[2025-07-01T21:22:54.270+0000] {logging_mixin.py:190} INFO - [2025-07-01T21:22:54.270+0000] {dag.py:4180} INFO - Setting next_dagrun for example_subdag_operator.section-2 to None, run_after=None
[2025-07-01T21:22:54.280+0000] {processor.py:208} INFO - Processing /home/airflow/.local/lib/python3.12/site-packages/airflow/example_dags/example_subdag_operator.py took 0.081 seconds
[2025-07-01T21:23:24.540+0000] {processor.py:186} INFO - Started process (PID=889) to work on /home/airflow/.local/lib/python3.12/site-packages/airflow/example_dags/example_subdag_operator.py
[2025-07-01T21:23:24.541+0000] {processor.py:914} INFO - Processing file /home/airflow/.local/lib/python3.12/site-packages/airflow/example_dags/example_subdag_operator.py for tasks to queue
[2025-07-01T21:23:24.543+0000] {logging_mixin.py:190} INFO - [2025-07-01T21:23:24.543+0000] {dagbag.py:588} INFO - Filling up the DagBag from /home/airflow/.local/lib/python3.12/site-packages/airflow/example_dags/example_subdag_operator.py
[2025-07-01T21:23:24.564+0000] {processor.py:925} INFO - DAG(s) 'example_subdag_operator.section-1', 'example_subdag_operator.section-2', 'example_subdag_operator' retrieved from /home/airflow/.local/lib/python3.12/site-packages/airflow/example_dags/example_subdag_operator.py
[2025-07-01T21:23:24.576+0000] {logging_mixin.py:190} INFO - [2025-07-01T21:23:24.576+0000] {dag.py:3239} INFO - Sync 3 DAGs
[2025-07-01T21:23:24.594+0000] {logging_mixin.py:190} INFO - [2025-07-01T21:23:24.593+0000] {dag.py:4180} INFO - Setting next_dagrun for example_subdag_operator to 2022-01-01 00:00:00+00:00, run_after=2022-01-01 00:00:00+00:00
[2025-07-01T21:23:24.597+0000] {logging_mixin.py:190} INFO - [2025-07-01T21:23:24.596+0000] {dag.py:4180} INFO - Setting next_dagrun for example_subdag_operator.section-1 to None, run_after=None
[2025-07-01T21:23:24.598+0000] {logging_mixin.py:190} INFO - [2025-07-01T21:23:24.598+0000] {dag.py:4180} INFO - Setting next_dagrun for example_subdag_operator.section-2 to None, run_after=None
[2025-07-01T21:23:24.603+0000] {logging_mixin.py:190} INFO - [2025-07-01T21:23:24.603+0000] {dag.py:3239} INFO - Sync 2 DAGs
[2025-07-01T21:23:24.608+0000] {logging_mixin.py:190} INFO - [2025-07-01T21:23:24.607+0000] {dag.py:4180} INFO - Setting next_dagrun for example_subdag_operator.section-1 to None, run_after=None
[2025-07-01T21:23:24.608+0000] {logging_mixin.py:190} INFO - [2025-07-01T21:23:24.608+0000] {dag.py:4180} INFO - Setting next_dagrun for example_subdag_operator.section-2 to None, run_after=None
[2025-07-01T21:23:24.618+0000] {processor.py:208} INFO - Processing /home/airflow/.local/lib/python3.12/site-packages/airflow/example_dags/example_subdag_operator.py took 0.083 seconds
[2025-07-01T21:23:54.791+0000] {processor.py:186} INFO - Started process (PID=951) to work on /home/airflow/.local/lib/python3.12/site-packages/airflow/example_dags/example_subdag_operator.py
[2025-07-01T21:23:54.792+0000] {processor.py:914} INFO - Processing file /home/airflow/.local/lib/python3.12/site-packages/airflow/example_dags/example_subdag_operator.py for tasks to queue
[2025-07-01T21:23:54.795+0000] {logging_mixin.py:190} INFO - [2025-07-01T21:23:54.794+0000] {dagbag.py:588} INFO - Filling up the DagBag from /home/airflow/.local/lib/python3.12/site-packages/airflow/example_dags/example_subdag_operator.py
[2025-07-01T21:23:54.817+0000] {processor.py:925} INFO - DAG(s) 'example_subdag_operator.section-1', 'example_subdag_operator.section-2', 'example_subdag_operator' retrieved from /home/airflow/.local/lib/python3.12/site-packages/airflow/example_dags/example_subdag_operator.py
[2025-07-01T21:23:54.830+0000] {logging_mixin.py:190} INFO - [2025-07-01T21:23:54.829+0000] {dag.py:3239} INFO - Sync 3 DAGs
[2025-07-01T21:23:54.852+0000] {logging_mixin.py:190} INFO - [2025-07-01T21:23:54.852+0000] {dag.py:4180} INFO - Setting next_dagrun for example_subdag_operator to 2022-01-01 00:00:00+00:00, run_after=2022-01-01 00:00:00+00:00
[2025-07-01T21:23:54.855+0000] {logging_mixin.py:190} INFO - [2025-07-01T21:23:54.855+0000] {dag.py:4180} INFO - Setting next_dagrun for example_subdag_operator.section-1 to None, run_after=None
[2025-07-01T21:23:54.857+0000] {logging_mixin.py:190} INFO - [2025-07-01T21:23:54.857+0000] {dag.py:4180} INFO - Setting next_dagrun for example_subdag_operator.section-2 to None, run_after=None
[2025-07-01T21:23:54.865+0000] {logging_mixin.py:190} INFO - [2025-07-01T21:23:54.865+0000] {dag.py:3239} INFO - Sync 2 DAGs
[2025-07-01T21:23:54.871+0000] {logging_mixin.py:190} INFO - [2025-07-01T21:23:54.871+0000] {dag.py:4180} INFO - Setting next_dagrun for example_subdag_operator.section-1 to None, run_after=None
[2025-07-01T21:23:54.872+0000] {logging_mixin.py:190} INFO - [2025-07-01T21:23:54.872+0000] {dag.py:4180} INFO - Setting next_dagrun for example_subdag_operator.section-2 to None, run_after=None
[2025-07-01T21:23:54.889+0000] {processor.py:208} INFO - Processing /home/airflow/.local/lib/python3.12/site-packages/airflow/example_dags/example_subdag_operator.py took 0.104 seconds
[2025-07-01T21:24:25.072+0000] {processor.py:186} INFO - Started process (PID=1013) to work on /home/airflow/.local/lib/python3.12/site-packages/airflow/example_dags/example_subdag_operator.py
[2025-07-01T21:24:25.073+0000] {processor.py:914} INFO - Processing file /home/airflow/.local/lib/python3.12/site-packages/airflow/example_dags/example_subdag_operator.py for tasks to queue
[2025-07-01T21:24:25.075+0000] {logging_mixin.py:190} INFO - [2025-07-01T21:24:25.075+0000] {dagbag.py:588} INFO - Filling up the DagBag from /home/airflow/.local/lib/python3.12/site-packages/airflow/example_dags/example_subdag_operator.py
[2025-07-01T21:24:25.097+0000] {processor.py:925} INFO - DAG(s) 'example_subdag_operator.section-1', 'example_subdag_operator.section-2', 'example_subdag_operator' retrieved from /home/airflow/.local/lib/python3.12/site-packages/airflow/example_dags/example_subdag_operator.py
[2025-07-01T21:24:25.109+0000] {logging_mixin.py:190} INFO - [2025-07-01T21:24:25.109+0000] {dag.py:3239} INFO - Sync 3 DAGs
[2025-07-01T21:24:25.130+0000] {logging_mixin.py:190} INFO - [2025-07-01T21:24:25.129+0000] {dag.py:4180} INFO - Setting next_dagrun for example_subdag_operator to 2022-01-01 00:00:00+00:00, run_after=2022-01-01 00:00:00+00:00
[2025-07-01T21:24:25.133+0000] {logging_mixin.py:190} INFO - [2025-07-01T21:24:25.133+0000] {dag.py:4180} INFO - Setting next_dagrun for example_subdag_operator.section-1 to None, run_after=None
[2025-07-01T21:24:25.134+0000] {logging_mixin.py:190} INFO - [2025-07-01T21:24:25.134+0000] {dag.py:4180} INFO - Setting next_dagrun for example_subdag_operator.section-2 to None, run_after=None
[2025-07-01T21:24:25.140+0000] {logging_mixin.py:190} INFO - [2025-07-01T21:24:25.140+0000] {dag.py:3239} INFO - Sync 2 DAGs
[2025-07-01T21:24:25.145+0000] {logging_mixin.py:190} INFO - [2025-07-01T21:24:25.145+0000] {dag.py:4180} INFO - Setting next_dagrun for example_subdag_operator.section-1 to None, run_after=None
[2025-07-01T21:24:25.146+0000] {logging_mixin.py:190} INFO - [2025-07-01T21:24:25.146+0000] {dag.py:4180} INFO - Setting next_dagrun for example_subdag_operator.section-2 to None, run_after=None
[2025-07-01T21:24:25.160+0000] {processor.py:208} INFO - Processing /home/airflow/.local/lib/python3.12/site-packages/airflow/example_dags/example_subdag_operator.py took 0.093 seconds
[2025-07-01T21:24:55.450+0000] {processor.py:186} INFO - Started process (PID=1075) to work on /home/airflow/.local/lib/python3.12/site-packages/airflow/example_dags/example_subdag_operator.py
[2025-07-01T21:24:55.451+0000] {processor.py:914} INFO - Processing file /home/airflow/.local/lib/python3.12/site-packages/airflow/example_dags/example_subdag_operator.py for tasks to queue
[2025-07-01T21:24:55.454+0000] {logging_mixin.py:190} INFO - [2025-07-01T21:24:55.453+0000] {dagbag.py:588} INFO - Filling up the DagBag from /home/airflow/.local/lib/python3.12/site-packages/airflow/example_dags/example_subdag_operator.py
[2025-07-01T21:24:55.478+0000] {processor.py:925} INFO - DAG(s) 'example_subdag_operator.section-1', 'example_subdag_operator.section-2', 'example_subdag_operator' retrieved from /home/airflow/.local/lib/python3.12/site-packages/airflow/example_dags/example_subdag_operator.py
[2025-07-01T21:24:55.491+0000] {logging_mixin.py:190} INFO - [2025-07-01T21:24:55.491+0000] {dag.py:3239} INFO - Sync 3 DAGs
[2025-07-01T21:24:55.512+0000] {logging_mixin.py:190} INFO - [2025-07-01T21:24:55.511+0000] {dag.py:4180} INFO - Setting next_dagrun for example_subdag_operator to 2022-01-01 00:00:00+00:00, run_after=2022-01-01 00:00:00+00:00
[2025-07-01T21:24:55.515+0000] {logging_mixin.py:190} INFO - [2025-07-01T21:24:55.515+0000] {dag.py:4180} INFO - Setting next_dagrun for example_subdag_operator.section-1 to None, run_after=None
[2025-07-01T21:24:55.516+0000] {logging_mixin.py:190} INFO - [2025-07-01T21:24:55.516+0000] {dag.py:4180} INFO - Setting next_dagrun for example_subdag_operator.section-2 to None, run_after=None
[2025-07-01T21:24:55.524+0000] {logging_mixin.py:190} INFO - [2025-07-01T21:24:55.523+0000] {dag.py:3239} INFO - Sync 2 DAGs
[2025-07-01T21:24:55.529+0000] {logging_mixin.py:190} INFO - [2025-07-01T21:24:55.529+0000] {dag.py:4180} INFO - Setting next_dagrun for example_subdag_operator.section-1 to None, run_after=None
[2025-07-01T21:24:55.530+0000] {logging_mixin.py:190} INFO - [2025-07-01T21:24:55.529+0000] {dag.py:4180} INFO - Setting next_dagrun for example_subdag_operator.section-2 to None, run_after=None
[2025-07-01T21:24:55.543+0000] {processor.py:208} INFO - Processing /home/airflow/.local/lib/python3.12/site-packages/airflow/example_dags/example_subdag_operator.py took 0.098 seconds
[2025-07-01T21:25:25.840+0000] {processor.py:186} INFO - Started process (PID=1137) to work on /home/airflow/.local/lib/python3.12/site-packages/airflow/example_dags/example_subdag_operator.py
[2025-07-01T21:25:25.841+0000] {processor.py:914} INFO - Processing file /home/airflow/.local/lib/python3.12/site-packages/airflow/example_dags/example_subdag_operator.py for tasks to queue
[2025-07-01T21:25:25.843+0000] {logging_mixin.py:190} INFO - [2025-07-01T21:25:25.843+0000] {dagbag.py:588} INFO - Filling up the DagBag from /home/airflow/.local/lib/python3.12/site-packages/airflow/example_dags/example_subdag_operator.py
[2025-07-01T21:25:25.864+0000] {processor.py:925} INFO - DAG(s) 'example_subdag_operator.section-1', 'example_subdag_operator.section-2', 'example_subdag_operator' retrieved from /home/airflow/.local/lib/python3.12/site-packages/airflow/example_dags/example_subdag_operator.py
[2025-07-01T21:25:25.881+0000] {logging_mixin.py:190} INFO - [2025-07-01T21:25:25.880+0000] {dag.py:3239} INFO - Sync 3 DAGs
[2025-07-01T21:25:25.900+0000] {logging_mixin.py:190} INFO - [2025-07-01T21:25:25.899+0000] {dag.py:4180} INFO - Setting next_dagrun for example_subdag_operator to 2022-01-01 00:00:00+00:00, run_after=2022-01-01 00:00:00+00:00
[2025-07-01T21:25:25.903+0000] {logging_mixin.py:190} INFO - [2025-07-01T21:25:25.903+0000] {dag.py:4180} INFO - Setting next_dagrun for example_subdag_operator.section-1 to None, run_after=None
[2025-07-01T21:25:25.904+0000] {logging_mixin.py:190} INFO - [2025-07-01T21:25:25.904+0000] {dag.py:4180} INFO - Setting next_dagrun for example_subdag_operator.section-2 to None, run_after=None
[2025-07-01T21:25:25.910+0000] {logging_mixin.py:190} INFO - [2025-07-01T21:25:25.910+0000] {dag.py:3239} INFO - Sync 2 DAGs
[2025-07-01T21:25:25.915+0000] {logging_mixin.py:190} INFO - [2025-07-01T21:25:25.914+0000] {dag.py:4180} INFO - Setting next_dagrun for example_subdag_operator.section-1 to None, run_after=None
[2025-07-01T21:25:25.916+0000] {logging_mixin.py:190} INFO - [2025-07-01T21:25:25.915+0000] {dag.py:4180} INFO - Setting next_dagrun for example_subdag_operator.section-2 to None, run_after=None
[2025-07-01T21:25:25.927+0000] {processor.py:208} INFO - Processing /home/airflow/.local/lib/python3.12/site-packages/airflow/example_dags/example_subdag_operator.py took 0.093 seconds
[2025-07-01T21:25:56.810+0000] {processor.py:186} INFO - Started process (PID=1200) to work on /home/airflow/.local/lib/python3.12/site-packages/airflow/example_dags/example_subdag_operator.py
[2025-07-01T21:25:56.811+0000] {processor.py:914} INFO - Processing file /home/airflow/.local/lib/python3.12/site-packages/airflow/example_dags/example_subdag_operator.py for tasks to queue
[2025-07-01T21:25:56.813+0000] {logging_mixin.py:190} INFO - [2025-07-01T21:25:56.813+0000] {dagbag.py:588} INFO - Filling up the DagBag from /home/airflow/.local/lib/python3.12/site-packages/airflow/example_dags/example_subdag_operator.py
[2025-07-01T21:25:56.837+0000] {processor.py:925} INFO - DAG(s) 'example_subdag_operator.section-1', 'example_subdag_operator.section-2', 'example_subdag_operator' retrieved from /home/airflow/.local/lib/python3.12/site-packages/airflow/example_dags/example_subdag_operator.py
[2025-07-01T21:25:56.849+0000] {logging_mixin.py:190} INFO - [2025-07-01T21:25:56.849+0000] {dag.py:3239} INFO - Sync 3 DAGs
[2025-07-01T21:25:56.871+0000] {logging_mixin.py:190} INFO - [2025-07-01T21:25:56.871+0000] {dag.py:4180} INFO - Setting next_dagrun for example_subdag_operator to 2022-01-01 00:00:00+00:00, run_after=2022-01-01 00:00:00+00:00
[2025-07-01T21:25:56.875+0000] {logging_mixin.py:190} INFO - [2025-07-01T21:25:56.874+0000] {dag.py:4180} INFO - Setting next_dagrun for example_subdag_operator.section-1 to None, run_after=None
[2025-07-01T21:25:56.876+0000] {logging_mixin.py:190} INFO - [2025-07-01T21:25:56.876+0000] {dag.py:4180} INFO - Setting next_dagrun for example_subdag_operator.section-2 to None, run_after=None
[2025-07-01T21:25:56.882+0000] {logging_mixin.py:190} INFO - [2025-07-01T21:25:56.882+0000] {dag.py:3239} INFO - Sync 2 DAGs
[2025-07-01T21:25:56.887+0000] {logging_mixin.py:190} INFO - [2025-07-01T21:25:56.887+0000] {dag.py:4180} INFO - Setting next_dagrun for example_subdag_operator.section-1 to None, run_after=None
[2025-07-01T21:25:56.888+0000] {logging_mixin.py:190} INFO - [2025-07-01T21:25:56.888+0000] {dag.py:4180} INFO - Setting next_dagrun for example_subdag_operator.section-2 to None, run_after=None
[2025-07-01T21:25:56.901+0000] {processor.py:208} INFO - Processing /home/airflow/.local/lib/python3.12/site-packages/airflow/example_dags/example_subdag_operator.py took 0.098 seconds
[2025-07-01T21:26:27.269+0000] {processor.py:186} INFO - Started process (PID=1262) to work on /home/airflow/.local/lib/python3.12/site-packages/airflow/example_dags/example_subdag_operator.py
[2025-07-01T21:26:27.270+0000] {processor.py:914} INFO - Processing file /home/airflow/.local/lib/python3.12/site-packages/airflow/example_dags/example_subdag_operator.py for tasks to queue
[2025-07-01T21:26:27.273+0000] {logging_mixin.py:190} INFO - [2025-07-01T21:26:27.272+0000] {dagbag.py:588} INFO - Filling up the DagBag from /home/airflow/.local/lib/python3.12/site-packages/airflow/example_dags/example_subdag_operator.py
[2025-07-01T21:26:27.297+0000] {processor.py:925} INFO - DAG(s) 'example_subdag_operator.section-1', 'example_subdag_operator.section-2', 'example_subdag_operator' retrieved from /home/airflow/.local/lib/python3.12/site-packages/airflow/example_dags/example_subdag_operator.py
[2025-07-01T21:26:27.309+0000] {logging_mixin.py:190} INFO - [2025-07-01T21:26:27.309+0000] {dag.py:3239} INFO - Sync 3 DAGs
[2025-07-01T21:26:27.330+0000] {logging_mixin.py:190} INFO - [2025-07-01T21:26:27.329+0000] {dag.py:4180} INFO - Setting next_dagrun for example_subdag_operator to 2022-01-01 00:00:00+00:00, run_after=2022-01-01 00:00:00+00:00
[2025-07-01T21:26:27.333+0000] {logging_mixin.py:190} INFO - [2025-07-01T21:26:27.333+0000] {dag.py:4180} INFO - Setting next_dagrun for example_subdag_operator.section-1 to None, run_after=None
[2025-07-01T21:26:27.334+0000] {logging_mixin.py:190} INFO - [2025-07-01T21:26:27.334+0000] {dag.py:4180} INFO - Setting next_dagrun for example_subdag_operator.section-2 to None, run_after=None
[2025-07-01T21:26:27.342+0000] {logging_mixin.py:190} INFO - [2025-07-01T21:26:27.342+0000] {dag.py:3239} INFO - Sync 2 DAGs
[2025-07-01T21:26:27.347+0000] {logging_mixin.py:190} INFO - [2025-07-01T21:26:27.347+0000] {dag.py:4180} INFO - Setting next_dagrun for example_subdag_operator.section-1 to None, run_after=None
[2025-07-01T21:26:27.347+0000] {logging_mixin.py:190} INFO - [2025-07-01T21:26:27.347+0000] {dag.py:4180} INFO - Setting next_dagrun for example_subdag_operator.section-2 to None, run_after=None
[2025-07-01T21:26:27.362+0000] {processor.py:208} INFO - Processing /home/airflow/.local/lib/python3.12/site-packages/airflow/example_dags/example_subdag_operator.py took 0.098 seconds
[2025-07-01T21:26:58.017+0000] {processor.py:186} INFO - Started process (PID=1324) to work on /home/airflow/.local/lib/python3.12/site-packages/airflow/example_dags/example_subdag_operator.py
[2025-07-01T21:26:58.018+0000] {processor.py:914} INFO - Processing file /home/airflow/.local/lib/python3.12/site-packages/airflow/example_dags/example_subdag_operator.py for tasks to queue
[2025-07-01T21:26:58.020+0000] {logging_mixin.py:190} INFO - [2025-07-01T21:26:58.019+0000] {dagbag.py:588} INFO - Filling up the DagBag from /home/airflow/.local/lib/python3.12/site-packages/airflow/example_dags/example_subdag_operator.py
[2025-07-01T21:26:58.041+0000] {processor.py:925} INFO - DAG(s) 'example_subdag_operator.section-1', 'example_subdag_operator.section-2', 'example_subdag_operator' retrieved from /home/airflow/.local/lib/python3.12/site-packages/airflow/example_dags/example_subdag_operator.py
[2025-07-01T21:26:58.052+0000] {logging_mixin.py:190} INFO - [2025-07-01T21:26:58.052+0000] {dag.py:3239} INFO - Sync 3 DAGs
[2025-07-01T21:26:58.070+0000] {logging_mixin.py:190} INFO - [2025-07-01T21:26:58.070+0000] {dag.py:4180} INFO - Setting next_dagrun for example_subdag_operator to 2022-01-01 00:00:00+00:00, run_after=2022-01-01 00:00:00+00:00
[2025-07-01T21:26:58.073+0000] {logging_mixin.py:190} INFO - [2025-07-01T21:26:58.073+0000] {dag.py:4180} INFO - Setting next_dagrun for example_subdag_operator.section-1 to None, run_after=None
[2025-07-01T21:26:58.074+0000] {logging_mixin.py:190} INFO - [2025-07-01T21:26:58.074+0000] {dag.py:4180} INFO - Setting next_dagrun for example_subdag_operator.section-2 to None, run_after=None
[2025-07-01T21:26:58.080+0000] {logging_mixin.py:190} INFO - [2025-07-01T21:26:58.080+0000] {dag.py:3239} INFO - Sync 2 DAGs
[2025-07-01T21:26:58.084+0000] {logging_mixin.py:190} INFO - [2025-07-01T21:26:58.084+0000] {dag.py:4180} INFO - Setting next_dagrun for example_subdag_operator.section-1 to None, run_after=None
[2025-07-01T21:26:58.085+0000] {logging_mixin.py:190} INFO - [2025-07-01T21:26:58.085+0000] {dag.py:4180} INFO - Setting next_dagrun for example_subdag_operator.section-2 to None, run_after=None
[2025-07-01T21:26:58.097+0000] {processor.py:208} INFO - Processing /home/airflow/.local/lib/python3.12/site-packages/airflow/example_dags/example_subdag_operator.py took 0.086 seconds
[2025-07-01T21:27:28.730+0000] {processor.py:186} INFO - Started process (PID=1386) to work on /home/airflow/.local/lib/python3.12/site-packages/airflow/example_dags/example_subdag_operator.py
[2025-07-01T21:27:28.731+0000] {processor.py:914} INFO - Processing file /home/airflow/.local/lib/python3.12/site-packages/airflow/example_dags/example_subdag_operator.py for tasks to queue
[2025-07-01T21:27:28.733+0000] {logging_mixin.py:190} INFO - [2025-07-01T21:27:28.733+0000] {dagbag.py:588} INFO - Filling up the DagBag from /home/airflow/.local/lib/python3.12/site-packages/airflow/example_dags/example_subdag_operator.py
[2025-07-01T21:27:28.759+0000] {processor.py:925} INFO - DAG(s) 'example_subdag_operator.section-1', 'example_subdag_operator.section-2', 'example_subdag_operator' retrieved from /home/airflow/.local/lib/python3.12/site-packages/airflow/example_dags/example_subdag_operator.py
[2025-07-01T21:27:28.772+0000] {logging_mixin.py:190} INFO - [2025-07-01T21:27:28.772+0000] {dag.py:3239} INFO - Sync 3 DAGs
[2025-07-01T21:27:28.792+0000] {logging_mixin.py:190} INFO - [2025-07-01T21:27:28.792+0000] {dag.py:4180} INFO - Setting next_dagrun for example_subdag_operator to 2022-01-01 00:00:00+00:00, run_after=2022-01-01 00:00:00+00:00
[2025-07-01T21:27:28.796+0000] {logging_mixin.py:190} INFO - [2025-07-01T21:27:28.795+0000] {dag.py:4180} INFO - Setting next_dagrun for example_subdag_operator.section-1 to None, run_after=None
[2025-07-01T21:27:28.798+0000] {logging_mixin.py:190} INFO - [2025-07-01T21:27:28.797+0000] {dag.py:4180} INFO - Setting next_dagrun for example_subdag_operator.section-2 to None, run_after=None
[2025-07-01T21:27:28.805+0000] {logging_mixin.py:190} INFO - [2025-07-01T21:27:28.805+0000] {dag.py:3239} INFO - Sync 2 DAGs
[2025-07-01T21:27:28.810+0000] {logging_mixin.py:190} INFO - [2025-07-01T21:27:28.810+0000] {dag.py:4180} INFO - Setting next_dagrun for example_subdag_operator.section-1 to None, run_after=None
[2025-07-01T21:27:28.811+0000] {logging_mixin.py:190} INFO - [2025-07-01T21:27:28.810+0000] {dag.py:4180} INFO - Setting next_dagrun for example_subdag_operator.section-2 to None, run_after=None
[2025-07-01T21:27:28.824+0000] {processor.py:208} INFO - Processing /home/airflow/.local/lib/python3.12/site-packages/airflow/example_dags/example_subdag_operator.py took 0.100 seconds
[2025-07-01T21:27:58.962+0000] {processor.py:186} INFO - Started process (PID=1449) to work on /home/airflow/.local/lib/python3.12/site-packages/airflow/example_dags/example_subdag_operator.py
[2025-07-01T21:27:58.963+0000] {processor.py:914} INFO - Processing file /home/airflow/.local/lib/python3.12/site-packages/airflow/example_dags/example_subdag_operator.py for tasks to queue
[2025-07-01T21:27:58.966+0000] {logging_mixin.py:190} INFO - [2025-07-01T21:27:58.966+0000] {dagbag.py:588} INFO - Filling up the DagBag from /home/airflow/.local/lib/python3.12/site-packages/airflow/example_dags/example_subdag_operator.py
[2025-07-01T21:27:58.995+0000] {processor.py:925} INFO - DAG(s) 'example_subdag_operator.section-1', 'example_subdag_operator.section-2', 'example_subdag_operator' retrieved from /home/airflow/.local/lib/python3.12/site-packages/airflow/example_dags/example_subdag_operator.py
[2025-07-01T21:27:59.008+0000] {logging_mixin.py:190} INFO - [2025-07-01T21:27:59.008+0000] {dag.py:3239} INFO - Sync 3 DAGs
[2025-07-01T21:27:59.028+0000] {logging_mixin.py:190} INFO - [2025-07-01T21:27:59.028+0000] {dag.py:4180} INFO - Setting next_dagrun for example_subdag_operator to 2022-01-01 00:00:00+00:00, run_after=2022-01-01 00:00:00+00:00
[2025-07-01T21:27:59.032+0000] {logging_mixin.py:190} INFO - [2025-07-01T21:27:59.032+0000] {dag.py:4180} INFO - Setting next_dagrun for example_subdag_operator.section-1 to None, run_after=None
[2025-07-01T21:27:59.034+0000] {logging_mixin.py:190} INFO - [2025-07-01T21:27:59.033+0000] {dag.py:4180} INFO - Setting next_dagrun for example_subdag_operator.section-2 to None, run_after=None
[2025-07-01T21:27:59.040+0000] {logging_mixin.py:190} INFO - [2025-07-01T21:27:59.040+0000] {dag.py:3239} INFO - Sync 2 DAGs
[2025-07-01T21:27:59.045+0000] {logging_mixin.py:190} INFO - [2025-07-01T21:27:59.045+0000] {dag.py:4180} INFO - Setting next_dagrun for example_subdag_operator.section-1 to None, run_after=None
[2025-07-01T21:27:59.046+0000] {logging_mixin.py:190} INFO - [2025-07-01T21:27:59.046+0000] {dag.py:4180} INFO - Setting next_dagrun for example_subdag_operator.section-2 to None, run_after=None
[2025-07-01T21:27:59.062+0000] {processor.py:208} INFO - Processing /home/airflow/.local/lib/python3.12/site-packages/airflow/example_dags/example_subdag_operator.py took 0.106 seconds
[2025-07-01T21:28:29.469+0000] {processor.py:186} INFO - Started process (PID=1511) to work on /home/airflow/.local/lib/python3.12/site-packages/airflow/example_dags/example_subdag_operator.py
[2025-07-01T21:28:29.470+0000] {processor.py:914} INFO - Processing file /home/airflow/.local/lib/python3.12/site-packages/airflow/example_dags/example_subdag_operator.py for tasks to queue
[2025-07-01T21:28:29.472+0000] {logging_mixin.py:190} INFO - [2025-07-01T21:28:29.472+0000] {dagbag.py:588} INFO - Filling up the DagBag from /home/airflow/.local/lib/python3.12/site-packages/airflow/example_dags/example_subdag_operator.py
[2025-07-01T21:28:29.493+0000] {processor.py:925} INFO - DAG(s) 'example_subdag_operator.section-1', 'example_subdag_operator.section-2', 'example_subdag_operator' retrieved from /home/airflow/.local/lib/python3.12/site-packages/airflow/example_dags/example_subdag_operator.py
[2025-07-01T21:28:29.504+0000] {logging_mixin.py:190} INFO - [2025-07-01T21:28:29.504+0000] {dag.py:3239} INFO - Sync 3 DAGs
[2025-07-01T21:28:29.522+0000] {logging_mixin.py:190} INFO - [2025-07-01T21:28:29.522+0000] {dag.py:4180} INFO - Setting next_dagrun for example_subdag_operator to 2022-01-01 00:00:00+00:00, run_after=2022-01-01 00:00:00+00:00
[2025-07-01T21:28:29.525+0000] {logging_mixin.py:190} INFO - [2025-07-01T21:28:29.525+0000] {dag.py:4180} INFO - Setting next_dagrun for example_subdag_operator.section-1 to None, run_after=None
[2025-07-01T21:28:29.526+0000] {logging_mixin.py:190} INFO - [2025-07-01T21:28:29.526+0000] {dag.py:4180} INFO - Setting next_dagrun for example_subdag_operator.section-2 to None, run_after=None
[2025-07-01T21:28:29.532+0000] {logging_mixin.py:190} INFO - [2025-07-01T21:28:29.532+0000] {dag.py:3239} INFO - Sync 2 DAGs
[2025-07-01T21:28:29.537+0000] {logging_mixin.py:190} INFO - [2025-07-01T21:28:29.537+0000] {dag.py:4180} INFO - Setting next_dagrun for example_subdag_operator.section-1 to None, run_after=None
[2025-07-01T21:28:29.538+0000] {logging_mixin.py:190} INFO - [2025-07-01T21:28:29.538+0000] {dag.py:4180} INFO - Setting next_dagrun for example_subdag_operator.section-2 to None, run_after=None
[2025-07-01T21:28:29.550+0000] {processor.py:208} INFO - Processing /home/airflow/.local/lib/python3.12/site-packages/airflow/example_dags/example_subdag_operator.py took 0.086 seconds
[2025-07-01T21:29:00.469+0000] {processor.py:186} INFO - Started process (PID=1573) to work on /home/airflow/.local/lib/python3.12/site-packages/airflow/example_dags/example_subdag_operator.py
[2025-07-01T21:29:00.470+0000] {processor.py:914} INFO - Processing file /home/airflow/.local/lib/python3.12/site-packages/airflow/example_dags/example_subdag_operator.py for tasks to queue
[2025-07-01T21:29:00.472+0000] {logging_mixin.py:190} INFO - [2025-07-01T21:29:00.472+0000] {dagbag.py:588} INFO - Filling up the DagBag from /home/airflow/.local/lib/python3.12/site-packages/airflow/example_dags/example_subdag_operator.py
[2025-07-01T21:29:00.494+0000] {processor.py:925} INFO - DAG(s) 'example_subdag_operator.section-1', 'example_subdag_operator.section-2', 'example_subdag_operator' retrieved from /home/airflow/.local/lib/python3.12/site-packages/airflow/example_dags/example_subdag_operator.py
[2025-07-01T21:29:00.505+0000] {logging_mixin.py:190} INFO - [2025-07-01T21:29:00.505+0000] {dag.py:3239} INFO - Sync 3 DAGs
[2025-07-01T21:29:00.524+0000] {logging_mixin.py:190} INFO - [2025-07-01T21:29:00.524+0000] {dag.py:4180} INFO - Setting next_dagrun for example_subdag_operator to 2022-01-01 00:00:00+00:00, run_after=2022-01-01 00:00:00+00:00
[2025-07-01T21:29:00.527+0000] {logging_mixin.py:190} INFO - [2025-07-01T21:29:00.527+0000] {dag.py:4180} INFO - Setting next_dagrun for example_subdag_operator.section-1 to None, run_after=None
[2025-07-01T21:29:00.529+0000] {logging_mixin.py:190} INFO - [2025-07-01T21:29:00.528+0000] {dag.py:4180} INFO - Setting next_dagrun for example_subdag_operator.section-2 to None, run_after=None
[2025-07-01T21:29:00.534+0000] {logging_mixin.py:190} INFO - [2025-07-01T21:29:00.534+0000] {dag.py:3239} INFO - Sync 2 DAGs
[2025-07-01T21:29:00.540+0000] {logging_mixin.py:190} INFO - [2025-07-01T21:29:00.540+0000] {dag.py:4180} INFO - Setting next_dagrun for example_subdag_operator.section-1 to None, run_after=None
[2025-07-01T21:29:00.540+0000] {logging_mixin.py:190} INFO - [2025-07-01T21:29:00.540+0000] {dag.py:4180} INFO - Setting next_dagrun for example_subdag_operator.section-2 to None, run_after=None
[2025-07-01T21:29:00.553+0000] {processor.py:208} INFO - Processing /home/airflow/.local/lib/python3.12/site-packages/airflow/example_dags/example_subdag_operator.py took 0.089 seconds
[2025-07-01T21:29:30.977+0000] {processor.py:186} INFO - Started process (PID=1635) to work on /home/airflow/.local/lib/python3.12/site-packages/airflow/example_dags/example_subdag_operator.py
[2025-07-01T21:29:30.978+0000] {processor.py:914} INFO - Processing file /home/airflow/.local/lib/python3.12/site-packages/airflow/example_dags/example_subdag_operator.py for tasks to queue
[2025-07-01T21:29:30.980+0000] {logging_mixin.py:190} INFO - [2025-07-01T21:29:30.980+0000] {dagbag.py:588} INFO - Filling up the DagBag from /home/airflow/.local/lib/python3.12/site-packages/airflow/example_dags/example_subdag_operator.py
[2025-07-01T21:29:31.005+0000] {processor.py:925} INFO - DAG(s) 'example_subdag_operator.section-1', 'example_subdag_operator.section-2', 'example_subdag_operator' retrieved from /home/airflow/.local/lib/python3.12/site-packages/airflow/example_dags/example_subdag_operator.py
[2025-07-01T21:29:31.020+0000] {logging_mixin.py:190} INFO - [2025-07-01T21:29:31.019+0000] {dag.py:3239} INFO - Sync 3 DAGs
[2025-07-01T21:29:31.040+0000] {logging_mixin.py:190} INFO - [2025-07-01T21:29:31.039+0000] {dag.py:4180} INFO - Setting next_dagrun for example_subdag_operator to 2022-01-01 00:00:00+00:00, run_after=2022-01-01 00:00:00+00:00
[2025-07-01T21:29:31.043+0000] {logging_mixin.py:190} INFO - [2025-07-01T21:29:31.042+0000] {dag.py:4180} INFO - Setting next_dagrun for example_subdag_operator.section-1 to None, run_after=None
[2025-07-01T21:29:31.044+0000] {logging_mixin.py:190} INFO - [2025-07-01T21:29:31.044+0000] {dag.py:4180} INFO - Setting next_dagrun for example_subdag_operator.section-2 to None, run_after=None
[2025-07-01T21:29:31.050+0000] {logging_mixin.py:190} INFO - [2025-07-01T21:29:31.050+0000] {dag.py:3239} INFO - Sync 2 DAGs
[2025-07-01T21:29:31.055+0000] {logging_mixin.py:190} INFO - [2025-07-01T21:29:31.055+0000] {dag.py:4180} INFO - Setting next_dagrun for example_subdag_operator.section-1 to None, run_after=None
[2025-07-01T21:29:31.056+0000] {logging_mixin.py:190} INFO - [2025-07-01T21:29:31.055+0000] {dag.py:4180} INFO - Setting next_dagrun for example_subdag_operator.section-2 to None, run_after=None
[2025-07-01T21:29:31.068+0000] {processor.py:208} INFO - Processing /home/airflow/.local/lib/python3.12/site-packages/airflow/example_dags/example_subdag_operator.py took 0.097 seconds
[2025-07-01T21:30:01.211+0000] {processor.py:186} INFO - Started process (PID=1697) to work on /home/airflow/.local/lib/python3.12/site-packages/airflow/example_dags/example_subdag_operator.py
[2025-07-01T21:30:01.212+0000] {processor.py:914} INFO - Processing file /home/airflow/.local/lib/python3.12/site-packages/airflow/example_dags/example_subdag_operator.py for tasks to queue
[2025-07-01T21:30:01.214+0000] {logging_mixin.py:190} INFO - [2025-07-01T21:30:01.214+0000] {dagbag.py:588} INFO - Filling up the DagBag from /home/airflow/.local/lib/python3.12/site-packages/airflow/example_dags/example_subdag_operator.py
[2025-07-01T21:30:01.237+0000] {processor.py:925} INFO - DAG(s) 'example_subdag_operator.section-1', 'example_subdag_operator.section-2', 'example_subdag_operator' retrieved from /home/airflow/.local/lib/python3.12/site-packages/airflow/example_dags/example_subdag_operator.py
[2025-07-01T21:30:01.249+0000] {logging_mixin.py:190} INFO - [2025-07-01T21:30:01.249+0000] {dag.py:3239} INFO - Sync 3 DAGs
[2025-07-01T21:30:01.269+0000] {logging_mixin.py:190} INFO - [2025-07-01T21:30:01.269+0000] {dag.py:4180} INFO - Setting next_dagrun for example_subdag_operator to 2022-01-01 00:00:00+00:00, run_after=2022-01-01 00:00:00+00:00
[2025-07-01T21:30:01.272+0000] {logging_mixin.py:190} INFO - [2025-07-01T21:30:01.272+0000] {dag.py:4180} INFO - Setting next_dagrun for example_subdag_operator.section-1 to None, run_after=None
[2025-07-01T21:30:01.273+0000] {logging_mixin.py:190} INFO - [2025-07-01T21:30:01.273+0000] {dag.py:4180} INFO - Setting next_dagrun for example_subdag_operator.section-2 to None, run_after=None
[2025-07-01T21:30:01.279+0000] {logging_mixin.py:190} INFO - [2025-07-01T21:30:01.279+0000] {dag.py:3239} INFO - Sync 2 DAGs
[2025-07-01T21:30:01.284+0000] {logging_mixin.py:190} INFO - [2025-07-01T21:30:01.284+0000] {dag.py:4180} INFO - Setting next_dagrun for example_subdag_operator.section-1 to None, run_after=None
[2025-07-01T21:30:01.285+0000] {logging_mixin.py:190} INFO - [2025-07-01T21:30:01.285+0000] {dag.py:4180} INFO - Setting next_dagrun for example_subdag_operator.section-2 to None, run_after=None
[2025-07-01T21:30:01.297+0000] {processor.py:208} INFO - Processing /home/airflow/.local/lib/python3.12/site-packages/airflow/example_dags/example_subdag_operator.py took 0.091 seconds
[2025-07-01T21:30:31.537+0000] {processor.py:186} INFO - Started process (PID=1759) to work on /home/airflow/.local/lib/python3.12/site-packages/airflow/example_dags/example_subdag_operator.py
[2025-07-01T21:30:31.538+0000] {processor.py:914} INFO - Processing file /home/airflow/.local/lib/python3.12/site-packages/airflow/example_dags/example_subdag_operator.py for tasks to queue
[2025-07-01T21:30:31.540+0000] {logging_mixin.py:190} INFO - [2025-07-01T21:30:31.540+0000] {dagbag.py:588} INFO - Filling up the DagBag from /home/airflow/.local/lib/python3.12/site-packages/airflow/example_dags/example_subdag_operator.py
[2025-07-01T21:30:31.562+0000] {processor.py:925} INFO - DAG(s) 'example_subdag_operator.section-1', 'example_subdag_operator.section-2', 'example_subdag_operator' retrieved from /home/airflow/.local/lib/python3.12/site-packages/airflow/example_dags/example_subdag_operator.py
[2025-07-01T21:30:31.576+0000] {logging_mixin.py:190} INFO - [2025-07-01T21:30:31.575+0000] {dag.py:3239} INFO - Sync 3 DAGs
[2025-07-01T21:30:31.595+0000] {logging_mixin.py:190} INFO - [2025-07-01T21:30:31.594+0000] {dag.py:4180} INFO - Setting next_dagrun for example_subdag_operator to 2022-01-01 00:00:00+00:00, run_after=2022-01-01 00:00:00+00:00
[2025-07-01T21:30:31.598+0000] {logging_mixin.py:190} INFO - [2025-07-01T21:30:31.598+0000] {dag.py:4180} INFO - Setting next_dagrun for example_subdag_operator.section-1 to None, run_after=None
[2025-07-01T21:30:31.599+0000] {logging_mixin.py:190} INFO - [2025-07-01T21:30:31.599+0000] {dag.py:4180} INFO - Setting next_dagrun for example_subdag_operator.section-2 to None, run_after=None
[2025-07-01T21:30:31.605+0000] {logging_mixin.py:190} INFO - [2025-07-01T21:30:31.605+0000] {dag.py:3239} INFO - Sync 2 DAGs
[2025-07-01T21:30:31.610+0000] {logging_mixin.py:190} INFO - [2025-07-01T21:30:31.610+0000] {dag.py:4180} INFO - Setting next_dagrun for example_subdag_operator.section-1 to None, run_after=None
[2025-07-01T21:30:31.611+0000] {logging_mixin.py:190} INFO - [2025-07-01T21:30:31.611+0000] {dag.py:4180} INFO - Setting next_dagrun for example_subdag_operator.section-2 to None, run_after=None
[2025-07-01T21:30:31.622+0000] {processor.py:208} INFO - Processing /home/airflow/.local/lib/python3.12/site-packages/airflow/example_dags/example_subdag_operator.py took 0.090 seconds
[2025-07-01T21:31:02.210+0000] {processor.py:186} INFO - Started process (PID=1821) to work on /home/airflow/.local/lib/python3.12/site-packages/airflow/example_dags/example_subdag_operator.py
[2025-07-01T21:31:02.211+0000] {processor.py:914} INFO - Processing file /home/airflow/.local/lib/python3.12/site-packages/airflow/example_dags/example_subdag_operator.py for tasks to queue
[2025-07-01T21:31:02.214+0000] {logging_mixin.py:190} INFO - [2025-07-01T21:31:02.214+0000] {dagbag.py:588} INFO - Filling up the DagBag from /home/airflow/.local/lib/python3.12/site-packages/airflow/example_dags/example_subdag_operator.py
[2025-07-01T21:31:02.238+0000] {processor.py:925} INFO - DAG(s) 'example_subdag_operator.section-1', 'example_subdag_operator.section-2', 'example_subdag_operator' retrieved from /home/airflow/.local/lib/python3.12/site-packages/airflow/example_dags/example_subdag_operator.py
[2025-07-01T21:31:02.249+0000] {logging_mixin.py:190} INFO - [2025-07-01T21:31:02.249+0000] {dag.py:3239} INFO - Sync 3 DAGs
[2025-07-01T21:31:02.268+0000] {logging_mixin.py:190} INFO - [2025-07-01T21:31:02.268+0000] {dag.py:4180} INFO - Setting next_dagrun for example_subdag_operator to 2022-01-01 00:00:00+00:00, run_after=2022-01-01 00:00:00+00:00
[2025-07-01T21:31:02.271+0000] {logging_mixin.py:190} INFO - [2025-07-01T21:31:02.270+0000] {dag.py:4180} INFO - Setting next_dagrun for example_subdag_operator.section-1 to None, run_after=None
[2025-07-01T21:31:02.272+0000] {logging_mixin.py:190} INFO - [2025-07-01T21:31:02.272+0000] {dag.py:4180} INFO - Setting next_dagrun for example_subdag_operator.section-2 to None, run_after=None
[2025-07-01T21:31:02.278+0000] {logging_mixin.py:190} INFO - [2025-07-01T21:31:02.278+0000] {dag.py:3239} INFO - Sync 2 DAGs
[2025-07-01T21:31:02.283+0000] {logging_mixin.py:190} INFO - [2025-07-01T21:31:02.282+0000] {dag.py:4180} INFO - Setting next_dagrun for example_subdag_operator.section-1 to None, run_after=None
[2025-07-01T21:31:02.283+0000] {logging_mixin.py:190} INFO - [2025-07-01T21:31:02.283+0000] {dag.py:4180} INFO - Setting next_dagrun for example_subdag_operator.section-2 to None, run_after=None
[2025-07-01T21:31:02.295+0000] {processor.py:208} INFO - Processing /home/airflow/.local/lib/python3.12/site-packages/airflow/example_dags/example_subdag_operator.py took 0.091 seconds
[2025-07-01T21:31:32.502+0000] {processor.py:186} INFO - Started process (PID=1883) to work on /home/airflow/.local/lib/python3.12/site-packages/airflow/example_dags/example_subdag_operator.py
[2025-07-01T21:31:32.503+0000] {processor.py:914} INFO - Processing file /home/airflow/.local/lib/python3.12/site-packages/airflow/example_dags/example_subdag_operator.py for tasks to queue
[2025-07-01T21:31:32.505+0000] {logging_mixin.py:190} INFO - [2025-07-01T21:31:32.505+0000] {dagbag.py:588} INFO - Filling up the DagBag from /home/airflow/.local/lib/python3.12/site-packages/airflow/example_dags/example_subdag_operator.py
[2025-07-01T21:31:32.527+0000] {processor.py:925} INFO - DAG(s) 'example_subdag_operator.section-1', 'example_subdag_operator.section-2', 'example_subdag_operator' retrieved from /home/airflow/.local/lib/python3.12/site-packages/airflow/example_dags/example_subdag_operator.py
[2025-07-01T21:31:32.540+0000] {logging_mixin.py:190} INFO - [2025-07-01T21:31:32.540+0000] {dag.py:3239} INFO - Sync 3 DAGs
[2025-07-01T21:31:32.558+0000] {logging_mixin.py:190} INFO - [2025-07-01T21:31:32.558+0000] {dag.py:4180} INFO - Setting next_dagrun for example_subdag_operator to 2022-01-01 00:00:00+00:00, run_after=2022-01-01 00:00:00+00:00
[2025-07-01T21:31:32.561+0000] {logging_mixin.py:190} INFO - [2025-07-01T21:31:32.561+0000] {dag.py:4180} INFO - Setting next_dagrun for example_subdag_operator.section-1 to None, run_after=None
[2025-07-01T21:31:32.562+0000] {logging_mixin.py:190} INFO - [2025-07-01T21:31:32.562+0000] {dag.py:4180} INFO - Setting next_dagrun for example_subdag_operator.section-2 to None, run_after=None
[2025-07-01T21:31:32.568+0000] {logging_mixin.py:190} INFO - [2025-07-01T21:31:32.568+0000] {dag.py:3239} INFO - Sync 2 DAGs
[2025-07-01T21:31:32.573+0000] {logging_mixin.py:190} INFO - [2025-07-01T21:31:32.573+0000] {dag.py:4180} INFO - Setting next_dagrun for example_subdag_operator.section-1 to None, run_after=None
[2025-07-01T21:31:32.574+0000] {logging_mixin.py:190} INFO - [2025-07-01T21:31:32.574+0000] {dag.py:4180} INFO - Setting next_dagrun for example_subdag_operator.section-2 to None, run_after=None
[2025-07-01T21:31:32.586+0000] {processor.py:208} INFO - Processing /home/airflow/.local/lib/python3.12/site-packages/airflow/example_dags/example_subdag_operator.py took 0.089 seconds
[2025-07-01T21:32:03.056+0000] {processor.py:186} INFO - Started process (PID=1946) to work on /home/airflow/.local/lib/python3.12/site-packages/airflow/example_dags/example_subdag_operator.py
[2025-07-01T21:32:03.058+0000] {processor.py:914} INFO - Processing file /home/airflow/.local/lib/python3.12/site-packages/airflow/example_dags/example_subdag_operator.py for tasks to queue
[2025-07-01T21:32:03.060+0000] {logging_mixin.py:190} INFO - [2025-07-01T21:32:03.060+0000] {dagbag.py:588} INFO - Filling up the DagBag from /home/airflow/.local/lib/python3.12/site-packages/airflow/example_dags/example_subdag_operator.py
[2025-07-01T21:32:03.083+0000] {processor.py:925} INFO - DAG(s) 'example_subdag_operator.section-1', 'example_subdag_operator.section-2', 'example_subdag_operator' retrieved from /home/airflow/.local/lib/python3.12/site-packages/airflow/example_dags/example_subdag_operator.py
[2025-07-01T21:32:03.095+0000] {logging_mixin.py:190} INFO - [2025-07-01T21:32:03.095+0000] {dag.py:3239} INFO - Sync 3 DAGs
[2025-07-01T21:32:03.114+0000] {logging_mixin.py:190} INFO - [2025-07-01T21:32:03.114+0000] {dag.py:4180} INFO - Setting next_dagrun for example_subdag_operator to 2022-01-01 00:00:00+00:00, run_after=2022-01-01 00:00:00+00:00
[2025-07-01T21:32:03.118+0000] {logging_mixin.py:190} INFO - [2025-07-01T21:32:03.118+0000] {dag.py:4180} INFO - Setting next_dagrun for example_subdag_operator.section-1 to None, run_after=None
[2025-07-01T21:32:03.120+0000] {logging_mixin.py:190} INFO - [2025-07-01T21:32:03.119+0000] {dag.py:4180} INFO - Setting next_dagrun for example_subdag_operator.section-2 to None, run_after=None
[2025-07-01T21:32:03.126+0000] {logging_mixin.py:190} INFO - [2025-07-01T21:32:03.126+0000] {dag.py:3239} INFO - Sync 2 DAGs
[2025-07-01T21:32:03.131+0000] {logging_mixin.py:190} INFO - [2025-07-01T21:32:03.131+0000] {dag.py:4180} INFO - Setting next_dagrun for example_subdag_operator.section-1 to None, run_after=None
[2025-07-01T21:32:03.132+0000] {logging_mixin.py:190} INFO - [2025-07-01T21:32:03.131+0000] {dag.py:4180} INFO - Setting next_dagrun for example_subdag_operator.section-2 to None, run_after=None
[2025-07-01T21:32:03.144+0000] {processor.py:208} INFO - Processing /home/airflow/.local/lib/python3.12/site-packages/airflow/example_dags/example_subdag_operator.py took 0.093 seconds
[2025-07-01T21:32:33.636+0000] {processor.py:186} INFO - Started process (PID=2009) to work on /home/airflow/.local/lib/python3.12/site-packages/airflow/example_dags/example_subdag_operator.py
[2025-07-01T21:32:33.638+0000] {processor.py:914} INFO - Processing file /home/airflow/.local/lib/python3.12/site-packages/airflow/example_dags/example_subdag_operator.py for tasks to queue
[2025-07-01T21:32:33.640+0000] {logging_mixin.py:190} INFO - [2025-07-01T21:32:33.640+0000] {dagbag.py:588} INFO - Filling up the DagBag from /home/airflow/.local/lib/python3.12/site-packages/airflow/example_dags/example_subdag_operator.py
[2025-07-01T21:32:33.662+0000] {processor.py:925} INFO - DAG(s) 'example_subdag_operator.section-1', 'example_subdag_operator.section-2', 'example_subdag_operator' retrieved from /home/airflow/.local/lib/python3.12/site-packages/airflow/example_dags/example_subdag_operator.py
[2025-07-01T21:32:33.674+0000] {logging_mixin.py:190} INFO - [2025-07-01T21:32:33.674+0000] {dag.py:3239} INFO - Sync 3 DAGs
[2025-07-01T21:32:33.693+0000] {logging_mixin.py:190} INFO - [2025-07-01T21:32:33.693+0000] {dag.py:4180} INFO - Setting next_dagrun for example_subdag_operator to 2022-01-01 00:00:00+00:00, run_after=2022-01-01 00:00:00+00:00
[2025-07-01T21:32:33.696+0000] {logging_mixin.py:190} INFO - [2025-07-01T21:32:33.696+0000] {dag.py:4180} INFO - Setting next_dagrun for example_subdag_operator.section-1 to None, run_after=None
[2025-07-01T21:32:33.698+0000] {logging_mixin.py:190} INFO - [2025-07-01T21:32:33.697+0000] {dag.py:4180} INFO - Setting next_dagrun for example_subdag_operator.section-2 to None, run_after=None
[2025-07-01T21:32:33.703+0000] {logging_mixin.py:190} INFO - [2025-07-01T21:32:33.703+0000] {dag.py:3239} INFO - Sync 2 DAGs
[2025-07-01T21:32:33.708+0000] {logging_mixin.py:190} INFO - [2025-07-01T21:32:33.708+0000] {dag.py:4180} INFO - Setting next_dagrun for example_subdag_operator.section-1 to None, run_after=None
[2025-07-01T21:32:33.708+0000] {logging_mixin.py:190} INFO - [2025-07-01T21:32:33.708+0000] {dag.py:4180} INFO - Setting next_dagrun for example_subdag_operator.section-2 to None, run_after=None
[2025-07-01T21:32:33.721+0000] {processor.py:208} INFO - Processing /home/airflow/.local/lib/python3.12/site-packages/airflow/example_dags/example_subdag_operator.py took 0.090 seconds
[2025-07-01T21:33:04.090+0000] {processor.py:186} INFO - Started process (PID=2072) to work on /home/airflow/.local/lib/python3.12/site-packages/airflow/example_dags/example_subdag_operator.py
[2025-07-01T21:33:04.090+0000] {processor.py:914} INFO - Processing file /home/airflow/.local/lib/python3.12/site-packages/airflow/example_dags/example_subdag_operator.py for tasks to queue
[2025-07-01T21:33:04.092+0000] {logging_mixin.py:190} INFO - [2025-07-01T21:33:04.092+0000] {dagbag.py:588} INFO - Filling up the DagBag from /home/airflow/.local/lib/python3.12/site-packages/airflow/example_dags/example_subdag_operator.py
[2025-07-01T21:33:04.114+0000] {processor.py:925} INFO - DAG(s) 'example_subdag_operator.section-1', 'example_subdag_operator.section-2', 'example_subdag_operator' retrieved from /home/airflow/.local/lib/python3.12/site-packages/airflow/example_dags/example_subdag_operator.py
[2025-07-01T21:33:04.125+0000] {logging_mixin.py:190} INFO - [2025-07-01T21:33:04.125+0000] {dag.py:3239} INFO - Sync 3 DAGs
[2025-07-01T21:33:04.144+0000] {logging_mixin.py:190} INFO - [2025-07-01T21:33:04.143+0000] {dag.py:4180} INFO - Setting next_dagrun for example_subdag_operator to 2022-01-01 00:00:00+00:00, run_after=2022-01-01 00:00:00+00:00
[2025-07-01T21:33:04.147+0000] {logging_mixin.py:190} INFO - [2025-07-01T21:33:04.147+0000] {dag.py:4180} INFO - Setting next_dagrun for example_subdag_operator.section-1 to None, run_after=None
[2025-07-01T21:33:04.148+0000] {logging_mixin.py:190} INFO - [2025-07-01T21:33:04.148+0000] {dag.py:4180} INFO - Setting next_dagrun for example_subdag_operator.section-2 to None, run_after=None
[2025-07-01T21:33:04.154+0000] {logging_mixin.py:190} INFO - [2025-07-01T21:33:04.154+0000] {dag.py:3239} INFO - Sync 2 DAGs
[2025-07-01T21:33:04.159+0000] {logging_mixin.py:190} INFO - [2025-07-01T21:33:04.159+0000] {dag.py:4180} INFO - Setting next_dagrun for example_subdag_operator.section-1 to None, run_after=None
[2025-07-01T21:33:04.159+0000] {logging_mixin.py:190} INFO - [2025-07-01T21:33:04.159+0000] {dag.py:4180} INFO - Setting next_dagrun for example_subdag_operator.section-2 to None, run_after=None
[2025-07-01T21:33:04.172+0000] {processor.py:208} INFO - Processing /home/airflow/.local/lib/python3.12/site-packages/airflow/example_dags/example_subdag_operator.py took 0.087 seconds
[2025-07-01T21:33:35.488+0000] {processor.py:186} INFO - Started process (PID=2135) to work on /home/airflow/.local/lib/python3.12/site-packages/airflow/example_dags/example_subdag_operator.py
[2025-07-01T21:33:35.489+0000] {processor.py:914} INFO - Processing file /home/airflow/.local/lib/python3.12/site-packages/airflow/example_dags/example_subdag_operator.py for tasks to queue
[2025-07-01T21:33:35.492+0000] {logging_mixin.py:190} INFO - [2025-07-01T21:33:35.491+0000] {dagbag.py:588} INFO - Filling up the DagBag from /home/airflow/.local/lib/python3.12/site-packages/airflow/example_dags/example_subdag_operator.py
[2025-07-01T21:33:35.515+0000] {processor.py:925} INFO - DAG(s) 'example_subdag_operator.section-1', 'example_subdag_operator.section-2', 'example_subdag_operator' retrieved from /home/airflow/.local/lib/python3.12/site-packages/airflow/example_dags/example_subdag_operator.py
[2025-07-01T21:33:35.528+0000] {logging_mixin.py:190} INFO - [2025-07-01T21:33:35.528+0000] {dag.py:3239} INFO - Sync 3 DAGs
[2025-07-01T21:33:35.547+0000] {logging_mixin.py:190} INFO - [2025-07-01T21:33:35.547+0000] {dag.py:4180} INFO - Setting next_dagrun for example_subdag_operator to 2022-01-01 00:00:00+00:00, run_after=2022-01-01 00:00:00+00:00
[2025-07-01T21:33:35.550+0000] {logging_mixin.py:190} INFO - [2025-07-01T21:33:35.550+0000] {dag.py:4180} INFO - Setting next_dagrun for example_subdag_operator.section-1 to None, run_after=None
[2025-07-01T21:33:35.551+0000] {logging_mixin.py:190} INFO - [2025-07-01T21:33:35.551+0000] {dag.py:4180} INFO - Setting next_dagrun for example_subdag_operator.section-2 to None, run_after=None
[2025-07-01T21:33:35.559+0000] {logging_mixin.py:190} INFO - [2025-07-01T21:33:35.559+0000] {dag.py:3239} INFO - Sync 2 DAGs
[2025-07-01T21:33:35.564+0000] {logging_mixin.py:190} INFO - [2025-07-01T21:33:35.564+0000] {dag.py:4180} INFO - Setting next_dagrun for example_subdag_operator.section-1 to None, run_after=None
[2025-07-01T21:33:35.565+0000] {logging_mixin.py:190} INFO - [2025-07-01T21:33:35.564+0000] {dag.py:4180} INFO - Setting next_dagrun for example_subdag_operator.section-2 to None, run_after=None
[2025-07-01T21:33:35.578+0000] {processor.py:208} INFO - Processing /home/airflow/.local/lib/python3.12/site-packages/airflow/example_dags/example_subdag_operator.py took 0.094 seconds
[2025-07-01T21:34:05.845+0000] {processor.py:186} INFO - Started process (PID=2198) to work on /home/airflow/.local/lib/python3.12/site-packages/airflow/example_dags/example_subdag_operator.py
[2025-07-01T21:34:05.846+0000] {processor.py:914} INFO - Processing file /home/airflow/.local/lib/python3.12/site-packages/airflow/example_dags/example_subdag_operator.py for tasks to queue
[2025-07-01T21:34:05.849+0000] {logging_mixin.py:190} INFO - [2025-07-01T21:34:05.848+0000] {dagbag.py:588} INFO - Filling up the DagBag from /home/airflow/.local/lib/python3.12/site-packages/airflow/example_dags/example_subdag_operator.py
[2025-07-01T21:34:05.874+0000] {processor.py:925} INFO - DAG(s) 'example_subdag_operator.section-1', 'example_subdag_operator.section-2', 'example_subdag_operator' retrieved from /home/airflow/.local/lib/python3.12/site-packages/airflow/example_dags/example_subdag_operator.py
[2025-07-01T21:34:05.886+0000] {logging_mixin.py:190} INFO - [2025-07-01T21:34:05.885+0000] {dag.py:3239} INFO - Sync 3 DAGs
[2025-07-01T21:34:05.904+0000] {logging_mixin.py:190} INFO - [2025-07-01T21:34:05.904+0000] {dag.py:4180} INFO - Setting next_dagrun for example_subdag_operator to 2022-01-01 00:00:00+00:00, run_after=2022-01-01 00:00:00+00:00
[2025-07-01T21:34:05.907+0000] {logging_mixin.py:190} INFO - [2025-07-01T21:34:05.907+0000] {dag.py:4180} INFO - Setting next_dagrun for example_subdag_operator.section-1 to None, run_after=None
[2025-07-01T21:34:05.909+0000] {logging_mixin.py:190} INFO - [2025-07-01T21:34:05.909+0000] {dag.py:4180} INFO - Setting next_dagrun for example_subdag_operator.section-2 to None, run_after=None
[2025-07-01T21:34:05.916+0000] {logging_mixin.py:190} INFO - [2025-07-01T21:34:05.915+0000] {dag.py:3239} INFO - Sync 2 DAGs
[2025-07-01T21:34:05.921+0000] {logging_mixin.py:190} INFO - [2025-07-01T21:34:05.921+0000] {dag.py:4180} INFO - Setting next_dagrun for example_subdag_operator.section-1 to None, run_after=None
[2025-07-01T21:34:05.922+0000] {logging_mixin.py:190} INFO - [2025-07-01T21:34:05.922+0000] {dag.py:4180} INFO - Setting next_dagrun for example_subdag_operator.section-2 to None, run_after=None
[2025-07-01T21:34:05.933+0000] {processor.py:208} INFO - Processing /home/airflow/.local/lib/python3.12/site-packages/airflow/example_dags/example_subdag_operator.py took 0.094 seconds
[2025-07-01T21:34:36.113+0000] {processor.py:186} INFO - Started process (PID=2261) to work on /home/airflow/.local/lib/python3.12/site-packages/airflow/example_dags/example_subdag_operator.py
[2025-07-01T21:34:36.114+0000] {processor.py:914} INFO - Processing file /home/airflow/.local/lib/python3.12/site-packages/airflow/example_dags/example_subdag_operator.py for tasks to queue
[2025-07-01T21:34:36.117+0000] {logging_mixin.py:190} INFO - [2025-07-01T21:34:36.116+0000] {dagbag.py:588} INFO - Filling up the DagBag from /home/airflow/.local/lib/python3.12/site-packages/airflow/example_dags/example_subdag_operator.py
[2025-07-01T21:34:36.140+0000] {processor.py:925} INFO - DAG(s) 'example_subdag_operator.section-1', 'example_subdag_operator.section-2', 'example_subdag_operator' retrieved from /home/airflow/.local/lib/python3.12/site-packages/airflow/example_dags/example_subdag_operator.py
[2025-07-01T21:34:36.152+0000] {logging_mixin.py:190} INFO - [2025-07-01T21:34:36.152+0000] {dag.py:3239} INFO - Sync 3 DAGs
[2025-07-01T21:34:36.171+0000] {logging_mixin.py:190} INFO - [2025-07-01T21:34:36.170+0000] {dag.py:4180} INFO - Setting next_dagrun for example_subdag_operator to 2022-01-01 00:00:00+00:00, run_after=2022-01-01 00:00:00+00:00
[2025-07-01T21:34:36.174+0000] {logging_mixin.py:190} INFO - [2025-07-01T21:34:36.174+0000] {dag.py:4180} INFO - Setting next_dagrun for example_subdag_operator.section-1 to None, run_after=None
[2025-07-01T21:34:36.176+0000] {logging_mixin.py:190} INFO - [2025-07-01T21:34:36.176+0000] {dag.py:4180} INFO - Setting next_dagrun for example_subdag_operator.section-2 to None, run_after=None
[2025-07-01T21:34:36.183+0000] {logging_mixin.py:190} INFO - [2025-07-01T21:34:36.183+0000] {dag.py:3239} INFO - Sync 2 DAGs
[2025-07-01T21:34:36.188+0000] {logging_mixin.py:190} INFO - [2025-07-01T21:34:36.188+0000] {dag.py:4180} INFO - Setting next_dagrun for example_subdag_operator.section-1 to None, run_after=None
[2025-07-01T21:34:36.189+0000] {logging_mixin.py:190} INFO - [2025-07-01T21:34:36.189+0000] {dag.py:4180} INFO - Setting next_dagrun for example_subdag_operator.section-2 to None, run_after=None
[2025-07-01T21:34:36.203+0000] {processor.py:208} INFO - Processing /home/airflow/.local/lib/python3.12/site-packages/airflow/example_dags/example_subdag_operator.py took 0.095 seconds
[2025-07-01T21:35:06.502+0000] {processor.py:186} INFO - Started process (PID=2324) to work on /home/airflow/.local/lib/python3.12/site-packages/airflow/example_dags/example_subdag_operator.py
[2025-07-01T21:35:06.503+0000] {processor.py:914} INFO - Processing file /home/airflow/.local/lib/python3.12/site-packages/airflow/example_dags/example_subdag_operator.py for tasks to queue
[2025-07-01T21:35:06.505+0000] {logging_mixin.py:190} INFO - [2025-07-01T21:35:06.505+0000] {dagbag.py:588} INFO - Filling up the DagBag from /home/airflow/.local/lib/python3.12/site-packages/airflow/example_dags/example_subdag_operator.py
[2025-07-01T21:35:06.530+0000] {processor.py:925} INFO - DAG(s) 'example_subdag_operator.section-1', 'example_subdag_operator.section-2', 'example_subdag_operator' retrieved from /home/airflow/.local/lib/python3.12/site-packages/airflow/example_dags/example_subdag_operator.py
[2025-07-01T21:35:06.542+0000] {logging_mixin.py:190} INFO - [2025-07-01T21:35:06.542+0000] {dag.py:3239} INFO - Sync 3 DAGs
[2025-07-01T21:35:06.563+0000] {logging_mixin.py:190} INFO - [2025-07-01T21:35:06.563+0000] {dag.py:4180} INFO - Setting next_dagrun for example_subdag_operator to 2022-01-01 00:00:00+00:00, run_after=2022-01-01 00:00:00+00:00
[2025-07-01T21:35:06.567+0000] {logging_mixin.py:190} INFO - [2025-07-01T21:35:06.567+0000] {dag.py:4180} INFO - Setting next_dagrun for example_subdag_operator.section-1 to None, run_after=None
[2025-07-01T21:35:06.568+0000] {logging_mixin.py:190} INFO - [2025-07-01T21:35:06.568+0000] {dag.py:4180} INFO - Setting next_dagrun for example_subdag_operator.section-2 to None, run_after=None
[2025-07-01T21:35:06.577+0000] {logging_mixin.py:190} INFO - [2025-07-01T21:35:06.577+0000] {dag.py:3239} INFO - Sync 2 DAGs
[2025-07-01T21:35:06.583+0000] {logging_mixin.py:190} INFO - [2025-07-01T21:35:06.582+0000] {dag.py:4180} INFO - Setting next_dagrun for example_subdag_operator.section-1 to None, run_after=None
[2025-07-01T21:35:06.585+0000] {logging_mixin.py:190} INFO - [2025-07-01T21:35:06.585+0000] {dag.py:4180} INFO - Setting next_dagrun for example_subdag_operator.section-2 to None, run_after=None
[2025-07-01T21:35:06.599+0000] {processor.py:208} INFO - Processing /home/airflow/.local/lib/python3.12/site-packages/airflow/example_dags/example_subdag_operator.py took 0.103 seconds
[2025-07-01T21:35:37.349+0000] {processor.py:186} INFO - Started process (PID=2387) to work on /home/airflow/.local/lib/python3.12/site-packages/airflow/example_dags/example_subdag_operator.py
[2025-07-01T21:35:37.350+0000] {processor.py:914} INFO - Processing file /home/airflow/.local/lib/python3.12/site-packages/airflow/example_dags/example_subdag_operator.py for tasks to queue
[2025-07-01T21:35:37.353+0000] {logging_mixin.py:190} INFO - [2025-07-01T21:35:37.353+0000] {dagbag.py:588} INFO - Filling up the DagBag from /home/airflow/.local/lib/python3.12/site-packages/airflow/example_dags/example_subdag_operator.py
[2025-07-01T21:35:37.380+0000] {processor.py:925} INFO - DAG(s) 'example_subdag_operator.section-1', 'example_subdag_operator.section-2', 'example_subdag_operator' retrieved from /home/airflow/.local/lib/python3.12/site-packages/airflow/example_dags/example_subdag_operator.py
[2025-07-01T21:35:37.394+0000] {logging_mixin.py:190} INFO - [2025-07-01T21:35:37.394+0000] {dag.py:3239} INFO - Sync 3 DAGs
[2025-07-01T21:35:37.415+0000] {logging_mixin.py:190} INFO - [2025-07-01T21:35:37.415+0000] {dag.py:4180} INFO - Setting next_dagrun for example_subdag_operator to 2022-01-01 00:00:00+00:00, run_after=2022-01-01 00:00:00+00:00
[2025-07-01T21:35:37.419+0000] {logging_mixin.py:190} INFO - [2025-07-01T21:35:37.419+0000] {dag.py:4180} INFO - Setting next_dagrun for example_subdag_operator.section-1 to None, run_after=None
[2025-07-01T21:35:37.421+0000] {logging_mixin.py:190} INFO - [2025-07-01T21:35:37.420+0000] {dag.py:4180} INFO - Setting next_dagrun for example_subdag_operator.section-2 to None, run_after=None
[2025-07-01T21:35:37.431+0000] {logging_mixin.py:190} INFO - [2025-07-01T21:35:37.431+0000] {dag.py:3239} INFO - Sync 2 DAGs
[2025-07-01T21:35:37.439+0000] {logging_mixin.py:190} INFO - [2025-07-01T21:35:37.438+0000] {dag.py:4180} INFO - Setting next_dagrun for example_subdag_operator.section-1 to None, run_after=None
[2025-07-01T21:35:37.439+0000] {logging_mixin.py:190} INFO - [2025-07-01T21:35:37.439+0000] {dag.py:4180} INFO - Setting next_dagrun for example_subdag_operator.section-2 to None, run_after=None
[2025-07-01T21:35:37.455+0000] {processor.py:208} INFO - Processing /home/airflow/.local/lib/python3.12/site-packages/airflow/example_dags/example_subdag_operator.py took 0.112 seconds
[2025-07-01T21:36:08.061+0000] {processor.py:186} INFO - Started process (PID=2450) to work on /home/airflow/.local/lib/python3.12/site-packages/airflow/example_dags/example_subdag_operator.py
[2025-07-01T21:36:08.062+0000] {processor.py:914} INFO - Processing file /home/airflow/.local/lib/python3.12/site-packages/airflow/example_dags/example_subdag_operator.py for tasks to queue
[2025-07-01T21:36:08.065+0000] {logging_mixin.py:190} INFO - [2025-07-01T21:36:08.064+0000] {dagbag.py:588} INFO - Filling up the DagBag from /home/airflow/.local/lib/python3.12/site-packages/airflow/example_dags/example_subdag_operator.py
[2025-07-01T21:36:08.087+0000] {processor.py:925} INFO - DAG(s) 'example_subdag_operator.section-1', 'example_subdag_operator.section-2', 'example_subdag_operator' retrieved from /home/airflow/.local/lib/python3.12/site-packages/airflow/example_dags/example_subdag_operator.py
[2025-07-01T21:36:08.099+0000] {logging_mixin.py:190} INFO - [2025-07-01T21:36:08.098+0000] {dag.py:3239} INFO - Sync 3 DAGs
[2025-07-01T21:36:08.118+0000] {logging_mixin.py:190} INFO - [2025-07-01T21:36:08.118+0000] {dag.py:4180} INFO - Setting next_dagrun for example_subdag_operator to 2022-01-01 00:00:00+00:00, run_after=2022-01-01 00:00:00+00:00
[2025-07-01T21:36:08.121+0000] {logging_mixin.py:190} INFO - [2025-07-01T21:36:08.121+0000] {dag.py:4180} INFO - Setting next_dagrun for example_subdag_operator.section-1 to None, run_after=None
[2025-07-01T21:36:08.123+0000] {logging_mixin.py:190} INFO - [2025-07-01T21:36:08.122+0000] {dag.py:4180} INFO - Setting next_dagrun for example_subdag_operator.section-2 to None, run_after=None
[2025-07-01T21:36:08.128+0000] {logging_mixin.py:190} INFO - [2025-07-01T21:36:08.128+0000] {dag.py:3239} INFO - Sync 2 DAGs
[2025-07-01T21:36:08.133+0000] {logging_mixin.py:190} INFO - [2025-07-01T21:36:08.133+0000] {dag.py:4180} INFO - Setting next_dagrun for example_subdag_operator.section-1 to None, run_after=None
[2025-07-01T21:36:08.133+0000] {logging_mixin.py:190} INFO - [2025-07-01T21:36:08.133+0000] {dag.py:4180} INFO - Setting next_dagrun for example_subdag_operator.section-2 to None, run_after=None
[2025-07-01T21:36:08.145+0000] {processor.py:208} INFO - Processing /home/airflow/.local/lib/python3.12/site-packages/airflow/example_dags/example_subdag_operator.py took 0.089 seconds
[2025-07-01T21:36:38.909+0000] {processor.py:186} INFO - Started process (PID=2513) to work on /home/airflow/.local/lib/python3.12/site-packages/airflow/example_dags/example_subdag_operator.py
[2025-07-01T21:36:38.910+0000] {processor.py:914} INFO - Processing file /home/airflow/.local/lib/python3.12/site-packages/airflow/example_dags/example_subdag_operator.py for tasks to queue
[2025-07-01T21:36:38.913+0000] {logging_mixin.py:190} INFO - [2025-07-01T21:36:38.912+0000] {dagbag.py:588} INFO - Filling up the DagBag from /home/airflow/.local/lib/python3.12/site-packages/airflow/example_dags/example_subdag_operator.py
[2025-07-01T21:36:38.934+0000] {processor.py:925} INFO - DAG(s) 'example_subdag_operator.section-1', 'example_subdag_operator.section-2', 'example_subdag_operator' retrieved from /home/airflow/.local/lib/python3.12/site-packages/airflow/example_dags/example_subdag_operator.py
[2025-07-01T21:36:38.946+0000] {logging_mixin.py:190} INFO - [2025-07-01T21:36:38.946+0000] {dag.py:3239} INFO - Sync 3 DAGs
[2025-07-01T21:36:38.964+0000] {logging_mixin.py:190} INFO - [2025-07-01T21:36:38.964+0000] {dag.py:4180} INFO - Setting next_dagrun for example_subdag_operator to 2022-01-01 00:00:00+00:00, run_after=2022-01-01 00:00:00+00:00
[2025-07-01T21:36:38.967+0000] {logging_mixin.py:190} INFO - [2025-07-01T21:36:38.967+0000] {dag.py:4180} INFO - Setting next_dagrun for example_subdag_operator.section-1 to None, run_after=None
[2025-07-01T21:36:38.969+0000] {logging_mixin.py:190} INFO - [2025-07-01T21:36:38.968+0000] {dag.py:4180} INFO - Setting next_dagrun for example_subdag_operator.section-2 to None, run_after=None
[2025-07-01T21:36:38.975+0000] {logging_mixin.py:190} INFO - [2025-07-01T21:36:38.974+0000] {dag.py:3239} INFO - Sync 2 DAGs
[2025-07-01T21:36:38.980+0000] {logging_mixin.py:190} INFO - [2025-07-01T21:36:38.979+0000] {dag.py:4180} INFO - Setting next_dagrun for example_subdag_operator.section-1 to None, run_after=None
[2025-07-01T21:36:38.980+0000] {logging_mixin.py:190} INFO - [2025-07-01T21:36:38.980+0000] {dag.py:4180} INFO - Setting next_dagrun for example_subdag_operator.section-2 to None, run_after=None
[2025-07-01T21:36:38.992+0000] {processor.py:208} INFO - Processing /home/airflow/.local/lib/python3.12/site-packages/airflow/example_dags/example_subdag_operator.py took 0.088 seconds
[2025-07-01T21:37:09.538+0000] {processor.py:186} INFO - Started process (PID=2576) to work on /home/airflow/.local/lib/python3.12/site-packages/airflow/example_dags/example_subdag_operator.py
[2025-07-01T21:37:09.539+0000] {processor.py:914} INFO - Processing file /home/airflow/.local/lib/python3.12/site-packages/airflow/example_dags/example_subdag_operator.py for tasks to queue
[2025-07-01T21:37:09.541+0000] {logging_mixin.py:190} INFO - [2025-07-01T21:37:09.541+0000] {dagbag.py:588} INFO - Filling up the DagBag from /home/airflow/.local/lib/python3.12/site-packages/airflow/example_dags/example_subdag_operator.py
[2025-07-01T21:37:09.563+0000] {processor.py:925} INFO - DAG(s) 'example_subdag_operator.section-1', 'example_subdag_operator.section-2', 'example_subdag_operator' retrieved from /home/airflow/.local/lib/python3.12/site-packages/airflow/example_dags/example_subdag_operator.py
[2025-07-01T21:37:09.575+0000] {logging_mixin.py:190} INFO - [2025-07-01T21:37:09.575+0000] {dag.py:3239} INFO - Sync 3 DAGs
[2025-07-01T21:37:09.596+0000] {logging_mixin.py:190} INFO - [2025-07-01T21:37:09.596+0000] {dag.py:4180} INFO - Setting next_dagrun for example_subdag_operator to 2022-01-01 00:00:00+00:00, run_after=2022-01-01 00:00:00+00:00
[2025-07-01T21:37:09.600+0000] {logging_mixin.py:190} INFO - [2025-07-01T21:37:09.600+0000] {dag.py:4180} INFO - Setting next_dagrun for example_subdag_operator.section-1 to None, run_after=None
[2025-07-01T21:37:09.602+0000] {logging_mixin.py:190} INFO - [2025-07-01T21:37:09.601+0000] {dag.py:4180} INFO - Setting next_dagrun for example_subdag_operator.section-2 to None, run_after=None
[2025-07-01T21:37:09.609+0000] {logging_mixin.py:190} INFO - [2025-07-01T21:37:09.608+0000] {dag.py:3239} INFO - Sync 2 DAGs
[2025-07-01T21:37:09.614+0000] {logging_mixin.py:190} INFO - [2025-07-01T21:37:09.614+0000] {dag.py:4180} INFO - Setting next_dagrun for example_subdag_operator.section-1 to None, run_after=None
[2025-07-01T21:37:09.615+0000] {logging_mixin.py:190} INFO - [2025-07-01T21:37:09.615+0000] {dag.py:4180} INFO - Setting next_dagrun for example_subdag_operator.section-2 to None, run_after=None
[2025-07-01T21:37:09.629+0000] {processor.py:208} INFO - Processing /home/airflow/.local/lib/python3.12/site-packages/airflow/example_dags/example_subdag_operator.py took 0.096 seconds
[2025-07-01T21:37:40.622+0000] {processor.py:186} INFO - Started process (PID=2639) to work on /home/airflow/.local/lib/python3.12/site-packages/airflow/example_dags/example_subdag_operator.py
[2025-07-01T21:37:40.623+0000] {processor.py:914} INFO - Processing file /home/airflow/.local/lib/python3.12/site-packages/airflow/example_dags/example_subdag_operator.py for tasks to queue
[2025-07-01T21:37:40.625+0000] {logging_mixin.py:190} INFO - [2025-07-01T21:37:40.624+0000] {dagbag.py:588} INFO - Filling up the DagBag from /home/airflow/.local/lib/python3.12/site-packages/airflow/example_dags/example_subdag_operator.py
[2025-07-01T21:37:40.647+0000] {processor.py:925} INFO - DAG(s) 'example_subdag_operator.section-1', 'example_subdag_operator.section-2', 'example_subdag_operator' retrieved from /home/airflow/.local/lib/python3.12/site-packages/airflow/example_dags/example_subdag_operator.py
[2025-07-01T21:37:40.658+0000] {logging_mixin.py:190} INFO - [2025-07-01T21:37:40.658+0000] {dag.py:3239} INFO - Sync 3 DAGs
[2025-07-01T21:37:40.677+0000] {logging_mixin.py:190} INFO - [2025-07-01T21:37:40.677+0000] {dag.py:4180} INFO - Setting next_dagrun for example_subdag_operator to 2022-01-01 00:00:00+00:00, run_after=2022-01-01 00:00:00+00:00
[2025-07-01T21:37:40.680+0000] {logging_mixin.py:190} INFO - [2025-07-01T21:37:40.680+0000] {dag.py:4180} INFO - Setting next_dagrun for example_subdag_operator.section-1 to None, run_after=None
[2025-07-01T21:37:40.682+0000] {logging_mixin.py:190} INFO - [2025-07-01T21:37:40.682+0000] {dag.py:4180} INFO - Setting next_dagrun for example_subdag_operator.section-2 to None, run_after=None
[2025-07-01T21:37:40.689+0000] {logging_mixin.py:190} INFO - [2025-07-01T21:37:40.688+0000] {dag.py:3239} INFO - Sync 2 DAGs
[2025-07-01T21:37:40.693+0000] {logging_mixin.py:190} INFO - [2025-07-01T21:37:40.693+0000] {dag.py:4180} INFO - Setting next_dagrun for example_subdag_operator.section-1 to None, run_after=None
[2025-07-01T21:37:40.694+0000] {logging_mixin.py:190} INFO - [2025-07-01T21:37:40.693+0000] {dag.py:4180} INFO - Setting next_dagrun for example_subdag_operator.section-2 to None, run_after=None
[2025-07-01T21:37:40.705+0000] {processor.py:208} INFO - Processing /home/airflow/.local/lib/python3.12/site-packages/airflow/example_dags/example_subdag_operator.py took 0.088 seconds
[2025-07-01T21:38:11.131+0000] {processor.py:186} INFO - Started process (PID=2702) to work on /home/airflow/.local/lib/python3.12/site-packages/airflow/example_dags/example_subdag_operator.py
[2025-07-01T21:38:11.133+0000] {processor.py:914} INFO - Processing file /home/airflow/.local/lib/python3.12/site-packages/airflow/example_dags/example_subdag_operator.py for tasks to queue
[2025-07-01T21:38:11.135+0000] {logging_mixin.py:190} INFO - [2025-07-01T21:38:11.134+0000] {dagbag.py:588} INFO - Filling up the DagBag from /home/airflow/.local/lib/python3.12/site-packages/airflow/example_dags/example_subdag_operator.py
[2025-07-01T21:38:11.157+0000] {processor.py:925} INFO - DAG(s) 'example_subdag_operator.section-1', 'example_subdag_operator.section-2', 'example_subdag_operator' retrieved from /home/airflow/.local/lib/python3.12/site-packages/airflow/example_dags/example_subdag_operator.py
[2025-07-01T21:38:11.170+0000] {logging_mixin.py:190} INFO - [2025-07-01T21:38:11.169+0000] {dag.py:3239} INFO - Sync 3 DAGs
[2025-07-01T21:38:11.188+0000] {logging_mixin.py:190} INFO - [2025-07-01T21:38:11.188+0000] {dag.py:4180} INFO - Setting next_dagrun for example_subdag_operator to 2022-01-01 00:00:00+00:00, run_after=2022-01-01 00:00:00+00:00
[2025-07-01T21:38:11.191+0000] {logging_mixin.py:190} INFO - [2025-07-01T21:38:11.191+0000] {dag.py:4180} INFO - Setting next_dagrun for example_subdag_operator.section-1 to None, run_after=None
[2025-07-01T21:38:11.192+0000] {logging_mixin.py:190} INFO - [2025-07-01T21:38:11.192+0000] {dag.py:4180} INFO - Setting next_dagrun for example_subdag_operator.section-2 to None, run_after=None
[2025-07-01T21:38:11.198+0000] {logging_mixin.py:190} INFO - [2025-07-01T21:38:11.198+0000] {dag.py:3239} INFO - Sync 2 DAGs
[2025-07-01T21:38:11.203+0000] {logging_mixin.py:190} INFO - [2025-07-01T21:38:11.203+0000] {dag.py:4180} INFO - Setting next_dagrun for example_subdag_operator.section-1 to None, run_after=None
[2025-07-01T21:38:11.204+0000] {logging_mixin.py:190} INFO - [2025-07-01T21:38:11.204+0000] {dag.py:4180} INFO - Setting next_dagrun for example_subdag_operator.section-2 to None, run_after=None
[2025-07-01T21:38:11.217+0000] {processor.py:208} INFO - Processing /home/airflow/.local/lib/python3.12/site-packages/airflow/example_dags/example_subdag_operator.py took 0.091 seconds
[2025-07-01T21:38:41.987+0000] {processor.py:186} INFO - Started process (PID=2765) to work on /home/airflow/.local/lib/python3.12/site-packages/airflow/example_dags/example_subdag_operator.py
[2025-07-01T21:38:41.988+0000] {processor.py:914} INFO - Processing file /home/airflow/.local/lib/python3.12/site-packages/airflow/example_dags/example_subdag_operator.py for tasks to queue
[2025-07-01T21:38:41.990+0000] {logging_mixin.py:190} INFO - [2025-07-01T21:38:41.990+0000] {dagbag.py:588} INFO - Filling up the DagBag from /home/airflow/.local/lib/python3.12/site-packages/airflow/example_dags/example_subdag_operator.py
[2025-07-01T21:38:42.013+0000] {processor.py:925} INFO - DAG(s) 'example_subdag_operator.section-1', 'example_subdag_operator.section-2', 'example_subdag_operator' retrieved from /home/airflow/.local/lib/python3.12/site-packages/airflow/example_dags/example_subdag_operator.py
[2025-07-01T21:38:42.025+0000] {logging_mixin.py:190} INFO - [2025-07-01T21:38:42.025+0000] {dag.py:3239} INFO - Sync 3 DAGs
[2025-07-01T21:38:42.043+0000] {logging_mixin.py:190} INFO - [2025-07-01T21:38:42.043+0000] {dag.py:4180} INFO - Setting next_dagrun for example_subdag_operator to 2022-01-01 00:00:00+00:00, run_after=2022-01-01 00:00:00+00:00
[2025-07-01T21:38:42.046+0000] {logging_mixin.py:190} INFO - [2025-07-01T21:38:42.046+0000] {dag.py:4180} INFO - Setting next_dagrun for example_subdag_operator.section-1 to None, run_after=None
[2025-07-01T21:38:42.048+0000] {logging_mixin.py:190} INFO - [2025-07-01T21:38:42.048+0000] {dag.py:4180} INFO - Setting next_dagrun for example_subdag_operator.section-2 to None, run_after=None
[2025-07-01T21:38:42.054+0000] {logging_mixin.py:190} INFO - [2025-07-01T21:38:42.054+0000] {dag.py:3239} INFO - Sync 2 DAGs
[2025-07-01T21:38:42.059+0000] {logging_mixin.py:190} INFO - [2025-07-01T21:38:42.059+0000] {dag.py:4180} INFO - Setting next_dagrun for example_subdag_operator.section-1 to None, run_after=None
[2025-07-01T21:38:42.060+0000] {logging_mixin.py:190} INFO - [2025-07-01T21:38:42.060+0000] {dag.py:4180} INFO - Setting next_dagrun for example_subdag_operator.section-2 to None, run_after=None
[2025-07-01T21:38:42.071+0000] {processor.py:208} INFO - Processing /home/airflow/.local/lib/python3.12/site-packages/airflow/example_dags/example_subdag_operator.py took 0.089 seconds
[2025-07-01T21:39:12.771+0000] {processor.py:186} INFO - Started process (PID=2828) to work on /home/airflow/.local/lib/python3.12/site-packages/airflow/example_dags/example_subdag_operator.py
[2025-07-01T21:39:12.772+0000] {processor.py:914} INFO - Processing file /home/airflow/.local/lib/python3.12/site-packages/airflow/example_dags/example_subdag_operator.py for tasks to queue
[2025-07-01T21:39:12.774+0000] {logging_mixin.py:190} INFO - [2025-07-01T21:39:12.774+0000] {dagbag.py:588} INFO - Filling up the DagBag from /home/airflow/.local/lib/python3.12/site-packages/airflow/example_dags/example_subdag_operator.py
[2025-07-01T21:39:12.802+0000] {processor.py:925} INFO - DAG(s) 'example_subdag_operator.section-1', 'example_subdag_operator.section-2', 'example_subdag_operator' retrieved from /home/airflow/.local/lib/python3.12/site-packages/airflow/example_dags/example_subdag_operator.py
[2025-07-01T21:39:12.815+0000] {logging_mixin.py:190} INFO - [2025-07-01T21:39:12.814+0000] {dag.py:3239} INFO - Sync 3 DAGs
[2025-07-01T21:39:12.836+0000] {logging_mixin.py:190} INFO - [2025-07-01T21:39:12.836+0000] {dag.py:4180} INFO - Setting next_dagrun for example_subdag_operator to 2022-01-01 00:00:00+00:00, run_after=2022-01-01 00:00:00+00:00
[2025-07-01T21:39:12.841+0000] {logging_mixin.py:190} INFO - [2025-07-01T21:39:12.840+0000] {dag.py:4180} INFO - Setting next_dagrun for example_subdag_operator.section-1 to None, run_after=None
[2025-07-01T21:39:12.843+0000] {logging_mixin.py:190} INFO - [2025-07-01T21:39:12.842+0000] {dag.py:4180} INFO - Setting next_dagrun for example_subdag_operator.section-2 to None, run_after=None
[2025-07-01T21:39:12.850+0000] {logging_mixin.py:190} INFO - [2025-07-01T21:39:12.850+0000] {dag.py:3239} INFO - Sync 2 DAGs
[2025-07-01T21:39:12.855+0000] {logging_mixin.py:190} INFO - [2025-07-01T21:39:12.855+0000] {dag.py:4180} INFO - Setting next_dagrun for example_subdag_operator.section-1 to None, run_after=None
[2025-07-01T21:39:12.856+0000] {logging_mixin.py:190} INFO - [2025-07-01T21:39:12.856+0000] {dag.py:4180} INFO - Setting next_dagrun for example_subdag_operator.section-2 to None, run_after=None
[2025-07-01T21:39:12.868+0000] {processor.py:208} INFO - Processing /home/airflow/.local/lib/python3.12/site-packages/airflow/example_dags/example_subdag_operator.py took 0.103 seconds
[2025-07-01T21:39:43.638+0000] {processor.py:186} INFO - Started process (PID=2891) to work on /home/airflow/.local/lib/python3.12/site-packages/airflow/example_dags/example_subdag_operator.py
[2025-07-01T21:39:43.639+0000] {processor.py:914} INFO - Processing file /home/airflow/.local/lib/python3.12/site-packages/airflow/example_dags/example_subdag_operator.py for tasks to queue
[2025-07-01T21:39:43.641+0000] {logging_mixin.py:190} INFO - [2025-07-01T21:39:43.641+0000] {dagbag.py:588} INFO - Filling up the DagBag from /home/airflow/.local/lib/python3.12/site-packages/airflow/example_dags/example_subdag_operator.py
[2025-07-01T21:39:43.665+0000] {processor.py:925} INFO - DAG(s) 'example_subdag_operator.section-1', 'example_subdag_operator.section-2', 'example_subdag_operator' retrieved from /home/airflow/.local/lib/python3.12/site-packages/airflow/example_dags/example_subdag_operator.py
[2025-07-01T21:39:43.677+0000] {logging_mixin.py:190} INFO - [2025-07-01T21:39:43.677+0000] {dag.py:3239} INFO - Sync 3 DAGs
[2025-07-01T21:39:43.696+0000] {logging_mixin.py:190} INFO - [2025-07-01T21:39:43.696+0000] {dag.py:4180} INFO - Setting next_dagrun for example_subdag_operator to 2022-01-01 00:00:00+00:00, run_after=2022-01-01 00:00:00+00:00
[2025-07-01T21:39:43.699+0000] {logging_mixin.py:190} INFO - [2025-07-01T21:39:43.699+0000] {dag.py:4180} INFO - Setting next_dagrun for example_subdag_operator.section-1 to None, run_after=None
[2025-07-01T21:39:43.701+0000] {logging_mixin.py:190} INFO - [2025-07-01T21:39:43.701+0000] {dag.py:4180} INFO - Setting next_dagrun for example_subdag_operator.section-2 to None, run_after=None
[2025-07-01T21:39:43.708+0000] {logging_mixin.py:190} INFO - [2025-07-01T21:39:43.708+0000] {dag.py:3239} INFO - Sync 2 DAGs
[2025-07-01T21:39:43.718+0000] {logging_mixin.py:190} INFO - [2025-07-01T21:39:43.718+0000] {dag.py:4180} INFO - Setting next_dagrun for example_subdag_operator.section-1 to None, run_after=None
[2025-07-01T21:39:43.719+0000] {logging_mixin.py:190} INFO - [2025-07-01T21:39:43.718+0000] {dag.py:4180} INFO - Setting next_dagrun for example_subdag_operator.section-2 to None, run_after=None
[2025-07-01T21:39:43.732+0000] {processor.py:208} INFO - Processing /home/airflow/.local/lib/python3.12/site-packages/airflow/example_dags/example_subdag_operator.py took 0.100 seconds
[2025-07-01T21:40:14.536+0000] {processor.py:186} INFO - Started process (PID=2955) to work on /home/airflow/.local/lib/python3.12/site-packages/airflow/example_dags/example_subdag_operator.py
[2025-07-01T21:40:14.537+0000] {processor.py:914} INFO - Processing file /home/airflow/.local/lib/python3.12/site-packages/airflow/example_dags/example_subdag_operator.py for tasks to queue
[2025-07-01T21:40:14.539+0000] {logging_mixin.py:190} INFO - [2025-07-01T21:40:14.539+0000] {dagbag.py:588} INFO - Filling up the DagBag from /home/airflow/.local/lib/python3.12/site-packages/airflow/example_dags/example_subdag_operator.py
[2025-07-01T21:40:14.561+0000] {processor.py:925} INFO - DAG(s) 'example_subdag_operator.section-1', 'example_subdag_operator.section-2', 'example_subdag_operator' retrieved from /home/airflow/.local/lib/python3.12/site-packages/airflow/example_dags/example_subdag_operator.py
[2025-07-01T21:40:14.573+0000] {logging_mixin.py:190} INFO - [2025-07-01T21:40:14.572+0000] {dag.py:3239} INFO - Sync 3 DAGs
[2025-07-01T21:40:14.592+0000] {logging_mixin.py:190} INFO - [2025-07-01T21:40:14.592+0000] {dag.py:4180} INFO - Setting next_dagrun for example_subdag_operator to 2022-01-01 00:00:00+00:00, run_after=2022-01-01 00:00:00+00:00
[2025-07-01T21:40:14.596+0000] {logging_mixin.py:190} INFO - [2025-07-01T21:40:14.595+0000] {dag.py:4180} INFO - Setting next_dagrun for example_subdag_operator.section-1 to None, run_after=None
[2025-07-01T21:40:14.597+0000] {logging_mixin.py:190} INFO - [2025-07-01T21:40:14.597+0000] {dag.py:4180} INFO - Setting next_dagrun for example_subdag_operator.section-2 to None, run_after=None
[2025-07-01T21:40:14.603+0000] {logging_mixin.py:190} INFO - [2025-07-01T21:40:14.603+0000] {dag.py:3239} INFO - Sync 2 DAGs
[2025-07-01T21:40:14.607+0000] {logging_mixin.py:190} INFO - [2025-07-01T21:40:14.607+0000] {dag.py:4180} INFO - Setting next_dagrun for example_subdag_operator.section-1 to None, run_after=None
[2025-07-01T21:40:14.608+0000] {logging_mixin.py:190} INFO - [2025-07-01T21:40:14.608+0000] {dag.py:4180} INFO - Setting next_dagrun for example_subdag_operator.section-2 to None, run_after=None
[2025-07-01T21:40:14.619+0000] {processor.py:208} INFO - Processing /home/airflow/.local/lib/python3.12/site-packages/airflow/example_dags/example_subdag_operator.py took 0.088 seconds
[2025-07-01T21:40:45.204+0000] {processor.py:186} INFO - Started process (PID=3018) to work on /home/airflow/.local/lib/python3.12/site-packages/airflow/example_dags/example_subdag_operator.py
[2025-07-01T21:40:45.205+0000] {processor.py:914} INFO - Processing file /home/airflow/.local/lib/python3.12/site-packages/airflow/example_dags/example_subdag_operator.py for tasks to queue
[2025-07-01T21:40:45.207+0000] {logging_mixin.py:190} INFO - [2025-07-01T21:40:45.207+0000] {dagbag.py:588} INFO - Filling up the DagBag from /home/airflow/.local/lib/python3.12/site-packages/airflow/example_dags/example_subdag_operator.py
[2025-07-01T21:40:45.230+0000] {processor.py:925} INFO - DAG(s) 'example_subdag_operator.section-1', 'example_subdag_operator.section-2', 'example_subdag_operator' retrieved from /home/airflow/.local/lib/python3.12/site-packages/airflow/example_dags/example_subdag_operator.py
[2025-07-01T21:40:45.244+0000] {logging_mixin.py:190} INFO - [2025-07-01T21:40:45.244+0000] {dag.py:3239} INFO - Sync 3 DAGs
[2025-07-01T21:40:45.266+0000] {logging_mixin.py:190} INFO - [2025-07-01T21:40:45.266+0000] {dag.py:4180} INFO - Setting next_dagrun for example_subdag_operator to 2022-01-01 00:00:00+00:00, run_after=2022-01-01 00:00:00+00:00
[2025-07-01T21:40:45.269+0000] {logging_mixin.py:190} INFO - [2025-07-01T21:40:45.269+0000] {dag.py:4180} INFO - Setting next_dagrun for example_subdag_operator.section-1 to None, run_after=None
[2025-07-01T21:40:45.271+0000] {logging_mixin.py:190} INFO - [2025-07-01T21:40:45.271+0000] {dag.py:4180} INFO - Setting next_dagrun for example_subdag_operator.section-2 to None, run_after=None
[2025-07-01T21:40:45.278+0000] {logging_mixin.py:190} INFO - [2025-07-01T21:40:45.278+0000] {dag.py:3239} INFO - Sync 2 DAGs
[2025-07-01T21:40:45.283+0000] {logging_mixin.py:190} INFO - [2025-07-01T21:40:45.283+0000] {dag.py:4180} INFO - Setting next_dagrun for example_subdag_operator.section-1 to None, run_after=None
[2025-07-01T21:40:45.284+0000] {logging_mixin.py:190} INFO - [2025-07-01T21:40:45.284+0000] {dag.py:4180} INFO - Setting next_dagrun for example_subdag_operator.section-2 to None, run_after=None
[2025-07-01T21:40:45.297+0000] {processor.py:208} INFO - Processing /home/airflow/.local/lib/python3.12/site-packages/airflow/example_dags/example_subdag_operator.py took 0.099 seconds
[2025-07-01T21:41:15.934+0000] {processor.py:186} INFO - Started process (PID=3081) to work on /home/airflow/.local/lib/python3.12/site-packages/airflow/example_dags/example_subdag_operator.py
[2025-07-01T21:41:15.935+0000] {processor.py:914} INFO - Processing file /home/airflow/.local/lib/python3.12/site-packages/airflow/example_dags/example_subdag_operator.py for tasks to queue
[2025-07-01T21:41:15.937+0000] {logging_mixin.py:190} INFO - [2025-07-01T21:41:15.937+0000] {dagbag.py:588} INFO - Filling up the DagBag from /home/airflow/.local/lib/python3.12/site-packages/airflow/example_dags/example_subdag_operator.py
[2025-07-01T21:41:15.958+0000] {processor.py:925} INFO - DAG(s) 'example_subdag_operator.section-1', 'example_subdag_operator.section-2', 'example_subdag_operator' retrieved from /home/airflow/.local/lib/python3.12/site-packages/airflow/example_dags/example_subdag_operator.py
[2025-07-01T21:41:15.970+0000] {logging_mixin.py:190} INFO - [2025-07-01T21:41:15.970+0000] {dag.py:3239} INFO - Sync 3 DAGs
[2025-07-01T21:41:15.989+0000] {logging_mixin.py:190} INFO - [2025-07-01T21:41:15.989+0000] {dag.py:4180} INFO - Setting next_dagrun for example_subdag_operator to 2022-01-01 00:00:00+00:00, run_after=2022-01-01 00:00:00+00:00
[2025-07-01T21:41:15.992+0000] {logging_mixin.py:190} INFO - [2025-07-01T21:41:15.992+0000] {dag.py:4180} INFO - Setting next_dagrun for example_subdag_operator.section-1 to None, run_after=None
[2025-07-01T21:41:15.994+0000] {logging_mixin.py:190} INFO - [2025-07-01T21:41:15.993+0000] {dag.py:4180} INFO - Setting next_dagrun for example_subdag_operator.section-2 to None, run_after=None
[2025-07-01T21:41:15.999+0000] {logging_mixin.py:190} INFO - [2025-07-01T21:41:15.999+0000] {dag.py:3239} INFO - Sync 2 DAGs
[2025-07-01T21:41:16.003+0000] {logging_mixin.py:190} INFO - [2025-07-01T21:41:16.003+0000] {dag.py:4180} INFO - Setting next_dagrun for example_subdag_operator.section-1 to None, run_after=None
[2025-07-01T21:41:16.004+0000] {logging_mixin.py:190} INFO - [2025-07-01T21:41:16.004+0000] {dag.py:4180} INFO - Setting next_dagrun for example_subdag_operator.section-2 to None, run_after=None
[2025-07-01T21:41:16.015+0000] {processor.py:208} INFO - Processing /home/airflow/.local/lib/python3.12/site-packages/airflow/example_dags/example_subdag_operator.py took 0.087 seconds
[2025-07-01T21:41:46.993+0000] {processor.py:186} INFO - Started process (PID=3144) to work on /home/airflow/.local/lib/python3.12/site-packages/airflow/example_dags/example_subdag_operator.py
[2025-07-01T21:41:46.995+0000] {processor.py:914} INFO - Processing file /home/airflow/.local/lib/python3.12/site-packages/airflow/example_dags/example_subdag_operator.py for tasks to queue
[2025-07-01T21:41:46.997+0000] {logging_mixin.py:190} INFO - [2025-07-01T21:41:46.997+0000] {dagbag.py:588} INFO - Filling up the DagBag from /home/airflow/.local/lib/python3.12/site-packages/airflow/example_dags/example_subdag_operator.py
[2025-07-01T21:41:47.020+0000] {processor.py:925} INFO - DAG(s) 'example_subdag_operator.section-1', 'example_subdag_operator.section-2', 'example_subdag_operator' retrieved from /home/airflow/.local/lib/python3.12/site-packages/airflow/example_dags/example_subdag_operator.py
[2025-07-01T21:41:47.032+0000] {logging_mixin.py:190} INFO - [2025-07-01T21:41:47.032+0000] {dag.py:3239} INFO - Sync 3 DAGs
[2025-07-01T21:41:47.052+0000] {logging_mixin.py:190} INFO - [2025-07-01T21:41:47.052+0000] {dag.py:4180} INFO - Setting next_dagrun for example_subdag_operator to 2022-01-01 00:00:00+00:00, run_after=2022-01-01 00:00:00+00:00
[2025-07-01T21:41:47.055+0000] {logging_mixin.py:190} INFO - [2025-07-01T21:41:47.055+0000] {dag.py:4180} INFO - Setting next_dagrun for example_subdag_operator.section-1 to None, run_after=None
[2025-07-01T21:41:47.056+0000] {logging_mixin.py:190} INFO - [2025-07-01T21:41:47.056+0000] {dag.py:4180} INFO - Setting next_dagrun for example_subdag_operator.section-2 to None, run_after=None
[2025-07-01T21:41:47.062+0000] {logging_mixin.py:190} INFO - [2025-07-01T21:41:47.062+0000] {dag.py:3239} INFO - Sync 2 DAGs
[2025-07-01T21:41:47.066+0000] {logging_mixin.py:190} INFO - [2025-07-01T21:41:47.066+0000] {dag.py:4180} INFO - Setting next_dagrun for example_subdag_operator.section-1 to None, run_after=None
[2025-07-01T21:41:47.067+0000] {logging_mixin.py:190} INFO - [2025-07-01T21:41:47.067+0000] {dag.py:4180} INFO - Setting next_dagrun for example_subdag_operator.section-2 to None, run_after=None
[2025-07-01T21:41:47.080+0000] {processor.py:208} INFO - Processing /home/airflow/.local/lib/python3.12/site-packages/airflow/example_dags/example_subdag_operator.py took 0.094 seconds
[2025-07-01T21:42:17.804+0000] {processor.py:186} INFO - Started process (PID=3207) to work on /home/airflow/.local/lib/python3.12/site-packages/airflow/example_dags/example_subdag_operator.py
[2025-07-01T21:42:17.805+0000] {processor.py:914} INFO - Processing file /home/airflow/.local/lib/python3.12/site-packages/airflow/example_dags/example_subdag_operator.py for tasks to queue
[2025-07-01T21:42:17.808+0000] {logging_mixin.py:190} INFO - [2025-07-01T21:42:17.807+0000] {dagbag.py:588} INFO - Filling up the DagBag from /home/airflow/.local/lib/python3.12/site-packages/airflow/example_dags/example_subdag_operator.py
[2025-07-01T21:42:17.832+0000] {processor.py:925} INFO - DAG(s) 'example_subdag_operator.section-1', 'example_subdag_operator.section-2', 'example_subdag_operator' retrieved from /home/airflow/.local/lib/python3.12/site-packages/airflow/example_dags/example_subdag_operator.py
[2025-07-01T21:42:17.844+0000] {logging_mixin.py:190} INFO - [2025-07-01T21:42:17.844+0000] {dag.py:3239} INFO - Sync 3 DAGs
[2025-07-01T21:42:17.865+0000] {logging_mixin.py:190} INFO - [2025-07-01T21:42:17.865+0000] {dag.py:4180} INFO - Setting next_dagrun for example_subdag_operator to 2022-01-01 00:00:00+00:00, run_after=2022-01-01 00:00:00+00:00
[2025-07-01T21:42:17.868+0000] {logging_mixin.py:190} INFO - [2025-07-01T21:42:17.868+0000] {dag.py:4180} INFO - Setting next_dagrun for example_subdag_operator.section-1 to None, run_after=None
[2025-07-01T21:42:17.870+0000] {logging_mixin.py:190} INFO - [2025-07-01T21:42:17.870+0000] {dag.py:4180} INFO - Setting next_dagrun for example_subdag_operator.section-2 to None, run_after=None
[2025-07-01T21:42:17.876+0000] {logging_mixin.py:190} INFO - [2025-07-01T21:42:17.876+0000] {dag.py:3239} INFO - Sync 2 DAGs
[2025-07-01T21:42:17.881+0000] {logging_mixin.py:190} INFO - [2025-07-01T21:42:17.881+0000] {dag.py:4180} INFO - Setting next_dagrun for example_subdag_operator.section-1 to None, run_after=None
[2025-07-01T21:42:17.882+0000] {logging_mixin.py:190} INFO - [2025-07-01T21:42:17.881+0000] {dag.py:4180} INFO - Setting next_dagrun for example_subdag_operator.section-2 to None, run_after=None
[2025-07-01T21:42:17.895+0000] {processor.py:208} INFO - Processing /home/airflow/.local/lib/python3.12/site-packages/airflow/example_dags/example_subdag_operator.py took 0.097 seconds
[2025-07-01T21:42:49.047+0000] {processor.py:186} INFO - Started process (PID=3271) to work on /home/airflow/.local/lib/python3.12/site-packages/airflow/example_dags/example_subdag_operator.py
[2025-07-01T21:42:49.048+0000] {processor.py:914} INFO - Processing file /home/airflow/.local/lib/python3.12/site-packages/airflow/example_dags/example_subdag_operator.py for tasks to queue
[2025-07-01T21:42:49.050+0000] {logging_mixin.py:190} INFO - [2025-07-01T21:42:49.050+0000] {dagbag.py:588} INFO - Filling up the DagBag from /home/airflow/.local/lib/python3.12/site-packages/airflow/example_dags/example_subdag_operator.py
[2025-07-01T21:42:49.075+0000] {processor.py:925} INFO - DAG(s) 'example_subdag_operator.section-1', 'example_subdag_operator.section-2', 'example_subdag_operator' retrieved from /home/airflow/.local/lib/python3.12/site-packages/airflow/example_dags/example_subdag_operator.py
[2025-07-01T21:42:49.088+0000] {logging_mixin.py:190} INFO - [2025-07-01T21:42:49.087+0000] {dag.py:3239} INFO - Sync 3 DAGs
[2025-07-01T21:42:49.106+0000] {logging_mixin.py:190} INFO - [2025-07-01T21:42:49.106+0000] {dag.py:4180} INFO - Setting next_dagrun for example_subdag_operator to 2022-01-01 00:00:00+00:00, run_after=2022-01-01 00:00:00+00:00
[2025-07-01T21:42:49.109+0000] {logging_mixin.py:190} INFO - [2025-07-01T21:42:49.109+0000] {dag.py:4180} INFO - Setting next_dagrun for example_subdag_operator.section-1 to None, run_after=None
[2025-07-01T21:42:49.110+0000] {logging_mixin.py:190} INFO - [2025-07-01T21:42:49.110+0000] {dag.py:4180} INFO - Setting next_dagrun for example_subdag_operator.section-2 to None, run_after=None
[2025-07-01T21:42:49.117+0000] {logging_mixin.py:190} INFO - [2025-07-01T21:42:49.117+0000] {dag.py:3239} INFO - Sync 2 DAGs
[2025-07-01T21:42:49.122+0000] {logging_mixin.py:190} INFO - [2025-07-01T21:42:49.122+0000] {dag.py:4180} INFO - Setting next_dagrun for example_subdag_operator.section-1 to None, run_after=None
[2025-07-01T21:42:49.123+0000] {logging_mixin.py:190} INFO - [2025-07-01T21:42:49.123+0000] {dag.py:4180} INFO - Setting next_dagrun for example_subdag_operator.section-2 to None, run_after=None
[2025-07-01T21:42:49.135+0000] {processor.py:208} INFO - Processing /home/airflow/.local/lib/python3.12/site-packages/airflow/example_dags/example_subdag_operator.py took 0.093 seconds
[2025-07-01T21:43:19.992+0000] {processor.py:186} INFO - Started process (PID=3334) to work on /home/airflow/.local/lib/python3.12/site-packages/airflow/example_dags/example_subdag_operator.py
[2025-07-01T21:43:19.993+0000] {processor.py:914} INFO - Processing file /home/airflow/.local/lib/python3.12/site-packages/airflow/example_dags/example_subdag_operator.py for tasks to queue
[2025-07-01T21:43:19.995+0000] {logging_mixin.py:190} INFO - [2025-07-01T21:43:19.995+0000] {dagbag.py:588} INFO - Filling up the DagBag from /home/airflow/.local/lib/python3.12/site-packages/airflow/example_dags/example_subdag_operator.py
[2025-07-01T21:43:20.025+0000] {processor.py:925} INFO - DAG(s) 'example_subdag_operator.section-1', 'example_subdag_operator.section-2', 'example_subdag_operator' retrieved from /home/airflow/.local/lib/python3.12/site-packages/airflow/example_dags/example_subdag_operator.py
[2025-07-01T21:43:20.043+0000] {logging_mixin.py:190} INFO - [2025-07-01T21:43:20.042+0000] {dag.py:3239} INFO - Sync 3 DAGs
[2025-07-01T21:43:20.067+0000] {logging_mixin.py:190} INFO - [2025-07-01T21:43:20.067+0000] {dag.py:4180} INFO - Setting next_dagrun for example_subdag_operator to 2022-01-01 00:00:00+00:00, run_after=2022-01-01 00:00:00+00:00
[2025-07-01T21:43:20.074+0000] {logging_mixin.py:190} INFO - [2025-07-01T21:43:20.074+0000] {dag.py:4180} INFO - Setting next_dagrun for example_subdag_operator.section-1 to None, run_after=None
[2025-07-01T21:43:20.076+0000] {logging_mixin.py:190} INFO - [2025-07-01T21:43:20.076+0000] {dag.py:4180} INFO - Setting next_dagrun for example_subdag_operator.section-2 to None, run_after=None
[2025-07-01T21:43:20.082+0000] {logging_mixin.py:190} INFO - [2025-07-01T21:43:20.081+0000] {dag.py:3239} INFO - Sync 2 DAGs
[2025-07-01T21:43:20.087+0000] {logging_mixin.py:190} INFO - [2025-07-01T21:43:20.087+0000] {dag.py:4180} INFO - Setting next_dagrun for example_subdag_operator.section-1 to None, run_after=None
[2025-07-01T21:43:20.087+0000] {logging_mixin.py:190} INFO - [2025-07-01T21:43:20.087+0000] {dag.py:4180} INFO - Setting next_dagrun for example_subdag_operator.section-2 to None, run_after=None
[2025-07-01T21:43:20.101+0000] {processor.py:208} INFO - Processing /home/airflow/.local/lib/python3.12/site-packages/airflow/example_dags/example_subdag_operator.py took 0.115 seconds
[2025-07-01T21:43:50.802+0000] {processor.py:186} INFO - Started process (PID=3397) to work on /home/airflow/.local/lib/python3.12/site-packages/airflow/example_dags/example_subdag_operator.py
[2025-07-01T21:43:50.804+0000] {processor.py:914} INFO - Processing file /home/airflow/.local/lib/python3.12/site-packages/airflow/example_dags/example_subdag_operator.py for tasks to queue
[2025-07-01T21:43:50.807+0000] {logging_mixin.py:190} INFO - [2025-07-01T21:43:50.806+0000] {dagbag.py:588} INFO - Filling up the DagBag from /home/airflow/.local/lib/python3.12/site-packages/airflow/example_dags/example_subdag_operator.py
[2025-07-01T21:43:50.836+0000] {processor.py:925} INFO - DAG(s) 'example_subdag_operator.section-1', 'example_subdag_operator.section-2', 'example_subdag_operator' retrieved from /home/airflow/.local/lib/python3.12/site-packages/airflow/example_dags/example_subdag_operator.py
[2025-07-01T21:43:50.851+0000] {logging_mixin.py:190} INFO - [2025-07-01T21:43:50.851+0000] {dag.py:3239} INFO - Sync 3 DAGs
[2025-07-01T21:43:50.873+0000] {logging_mixin.py:190} INFO - [2025-07-01T21:43:50.872+0000] {dag.py:4180} INFO - Setting next_dagrun for example_subdag_operator to 2022-01-01 00:00:00+00:00, run_after=2022-01-01 00:00:00+00:00
[2025-07-01T21:43:50.877+0000] {logging_mixin.py:190} INFO - [2025-07-01T21:43:50.876+0000] {dag.py:4180} INFO - Setting next_dagrun for example_subdag_operator.section-1 to None, run_after=None
[2025-07-01T21:43:50.878+0000] {logging_mixin.py:190} INFO - [2025-07-01T21:43:50.878+0000] {dag.py:4180} INFO - Setting next_dagrun for example_subdag_operator.section-2 to None, run_after=None
[2025-07-01T21:43:50.886+0000] {logging_mixin.py:190} INFO - [2025-07-01T21:43:50.886+0000] {dag.py:3239} INFO - Sync 2 DAGs
[2025-07-01T21:43:50.891+0000] {logging_mixin.py:190} INFO - [2025-07-01T21:43:50.890+0000] {dag.py:4180} INFO - Setting next_dagrun for example_subdag_operator.section-1 to None, run_after=None
[2025-07-01T21:43:50.891+0000] {logging_mixin.py:190} INFO - [2025-07-01T21:43:50.891+0000] {dag.py:4180} INFO - Setting next_dagrun for example_subdag_operator.section-2 to None, run_after=None
[2025-07-01T21:43:50.905+0000] {processor.py:208} INFO - Processing /home/airflow/.local/lib/python3.12/site-packages/airflow/example_dags/example_subdag_operator.py took 0.110 seconds
[2025-07-01T21:44:21.542+0000] {processor.py:186} INFO - Started process (PID=3466) to work on /home/airflow/.local/lib/python3.12/site-packages/airflow/example_dags/example_subdag_operator.py
[2025-07-01T21:44:21.543+0000] {processor.py:914} INFO - Processing file /home/airflow/.local/lib/python3.12/site-packages/airflow/example_dags/example_subdag_operator.py for tasks to queue
[2025-07-01T21:44:21.546+0000] {logging_mixin.py:190} INFO - [2025-07-01T21:44:21.545+0000] {dagbag.py:588} INFO - Filling up the DagBag from /home/airflow/.local/lib/python3.12/site-packages/airflow/example_dags/example_subdag_operator.py
[2025-07-01T21:44:21.570+0000] {processor.py:925} INFO - DAG(s) 'example_subdag_operator.section-1', 'example_subdag_operator.section-2', 'example_subdag_operator' retrieved from /home/airflow/.local/lib/python3.12/site-packages/airflow/example_dags/example_subdag_operator.py
[2025-07-01T21:44:21.583+0000] {logging_mixin.py:190} INFO - [2025-07-01T21:44:21.583+0000] {dag.py:3239} INFO - Sync 3 DAGs
[2025-07-01T21:44:21.604+0000] {logging_mixin.py:190} INFO - [2025-07-01T21:44:21.604+0000] {dag.py:4180} INFO - Setting next_dagrun for example_subdag_operator to 2022-01-01 00:00:00+00:00, run_after=2022-01-01 00:00:00+00:00
[2025-07-01T21:44:21.608+0000] {logging_mixin.py:190} INFO - [2025-07-01T21:44:21.607+0000] {dag.py:4180} INFO - Setting next_dagrun for example_subdag_operator.section-1 to None, run_after=None
[2025-07-01T21:44:21.609+0000] {logging_mixin.py:190} INFO - [2025-07-01T21:44:21.609+0000] {dag.py:4180} INFO - Setting next_dagrun for example_subdag_operator.section-2 to None, run_after=None
[2025-07-01T21:44:21.615+0000] {logging_mixin.py:190} INFO - [2025-07-01T21:44:21.615+0000] {dag.py:3239} INFO - Sync 2 DAGs
[2025-07-01T21:44:21.619+0000] {logging_mixin.py:190} INFO - [2025-07-01T21:44:21.619+0000] {dag.py:4180} INFO - Setting next_dagrun for example_subdag_operator.section-1 to None, run_after=None
[2025-07-01T21:44:21.619+0000] {logging_mixin.py:190} INFO - [2025-07-01T21:44:21.619+0000] {dag.py:4180} INFO - Setting next_dagrun for example_subdag_operator.section-2 to None, run_after=None
[2025-07-01T21:44:21.630+0000] {processor.py:208} INFO - Processing /home/airflow/.local/lib/python3.12/site-packages/airflow/example_dags/example_subdag_operator.py took 0.094 seconds
[2025-07-01T21:44:52.288+0000] {processor.py:186} INFO - Started process (PID=3529) to work on /home/airflow/.local/lib/python3.12/site-packages/airflow/example_dags/example_subdag_operator.py
[2025-07-01T21:44:52.289+0000] {processor.py:914} INFO - Processing file /home/airflow/.local/lib/python3.12/site-packages/airflow/example_dags/example_subdag_operator.py for tasks to queue
[2025-07-01T21:44:52.291+0000] {logging_mixin.py:190} INFO - [2025-07-01T21:44:52.291+0000] {dagbag.py:588} INFO - Filling up the DagBag from /home/airflow/.local/lib/python3.12/site-packages/airflow/example_dags/example_subdag_operator.py
[2025-07-01T21:44:52.315+0000] {processor.py:925} INFO - DAG(s) 'example_subdag_operator.section-1', 'example_subdag_operator.section-2', 'example_subdag_operator' retrieved from /home/airflow/.local/lib/python3.12/site-packages/airflow/example_dags/example_subdag_operator.py
[2025-07-01T21:44:52.328+0000] {logging_mixin.py:190} INFO - [2025-07-01T21:44:52.327+0000] {dag.py:3239} INFO - Sync 3 DAGs
[2025-07-01T21:44:52.348+0000] {logging_mixin.py:190} INFO - [2025-07-01T21:44:52.347+0000] {dag.py:4180} INFO - Setting next_dagrun for example_subdag_operator to 2022-01-01 00:00:00+00:00, run_after=2022-01-01 00:00:00+00:00
[2025-07-01T21:44:52.351+0000] {logging_mixin.py:190} INFO - [2025-07-01T21:44:52.351+0000] {dag.py:4180} INFO - Setting next_dagrun for example_subdag_operator.section-1 to None, run_after=None
[2025-07-01T21:44:52.353+0000] {logging_mixin.py:190} INFO - [2025-07-01T21:44:52.353+0000] {dag.py:4180} INFO - Setting next_dagrun for example_subdag_operator.section-2 to None, run_after=None
[2025-07-01T21:44:52.360+0000] {logging_mixin.py:190} INFO - [2025-07-01T21:44:52.360+0000] {dag.py:3239} INFO - Sync 2 DAGs
[2025-07-01T21:44:52.365+0000] {logging_mixin.py:190} INFO - [2025-07-01T21:44:52.364+0000] {dag.py:4180} INFO - Setting next_dagrun for example_subdag_operator.section-1 to None, run_after=None
[2025-07-01T21:44:52.365+0000] {logging_mixin.py:190} INFO - [2025-07-01T21:44:52.365+0000] {dag.py:4180} INFO - Setting next_dagrun for example_subdag_operator.section-2 to None, run_after=None
[2025-07-01T21:44:52.377+0000] {processor.py:208} INFO - Processing /home/airflow/.local/lib/python3.12/site-packages/airflow/example_dags/example_subdag_operator.py took 0.095 seconds
[2025-07-01T21:45:23.319+0000] {processor.py:186} INFO - Started process (PID=3592) to work on /home/airflow/.local/lib/python3.12/site-packages/airflow/example_dags/example_subdag_operator.py
[2025-07-01T21:45:23.320+0000] {processor.py:914} INFO - Processing file /home/airflow/.local/lib/python3.12/site-packages/airflow/example_dags/example_subdag_operator.py for tasks to queue
[2025-07-01T21:45:23.322+0000] {logging_mixin.py:190} INFO - [2025-07-01T21:45:23.322+0000] {dagbag.py:588} INFO - Filling up the DagBag from /home/airflow/.local/lib/python3.12/site-packages/airflow/example_dags/example_subdag_operator.py
[2025-07-01T21:45:23.345+0000] {processor.py:925} INFO - DAG(s) 'example_subdag_operator.section-1', 'example_subdag_operator.section-2', 'example_subdag_operator' retrieved from /home/airflow/.local/lib/python3.12/site-packages/airflow/example_dags/example_subdag_operator.py
[2025-07-01T21:45:23.357+0000] {logging_mixin.py:190} INFO - [2025-07-01T21:45:23.357+0000] {dag.py:3239} INFO - Sync 3 DAGs
[2025-07-01T21:45:23.377+0000] {logging_mixin.py:190} INFO - [2025-07-01T21:45:23.377+0000] {dag.py:4180} INFO - Setting next_dagrun for example_subdag_operator to 2022-01-01 00:00:00+00:00, run_after=2022-01-01 00:00:00+00:00
[2025-07-01T21:45:23.380+0000] {logging_mixin.py:190} INFO - [2025-07-01T21:45:23.380+0000] {dag.py:4180} INFO - Setting next_dagrun for example_subdag_operator.section-1 to None, run_after=None
[2025-07-01T21:45:23.382+0000] {logging_mixin.py:190} INFO - [2025-07-01T21:45:23.382+0000] {dag.py:4180} INFO - Setting next_dagrun for example_subdag_operator.section-2 to None, run_after=None
[2025-07-01T21:45:23.389+0000] {logging_mixin.py:190} INFO - [2025-07-01T21:45:23.388+0000] {dag.py:3239} INFO - Sync 2 DAGs
[2025-07-01T21:45:23.394+0000] {logging_mixin.py:190} INFO - [2025-07-01T21:45:23.394+0000] {dag.py:4180} INFO - Setting next_dagrun for example_subdag_operator.section-1 to None, run_after=None
[2025-07-01T21:45:23.394+0000] {logging_mixin.py:190} INFO - [2025-07-01T21:45:23.394+0000] {dag.py:4180} INFO - Setting next_dagrun for example_subdag_operator.section-2 to None, run_after=None
[2025-07-01T21:45:23.408+0000] {processor.py:208} INFO - Processing /home/airflow/.local/lib/python3.12/site-packages/airflow/example_dags/example_subdag_operator.py took 0.093 seconds
[2025-07-01T21:45:54.337+0000] {processor.py:186} INFO - Started process (PID=3655) to work on /home/airflow/.local/lib/python3.12/site-packages/airflow/example_dags/example_subdag_operator.py
[2025-07-01T21:45:54.338+0000] {processor.py:914} INFO - Processing file /home/airflow/.local/lib/python3.12/site-packages/airflow/example_dags/example_subdag_operator.py for tasks to queue
[2025-07-01T21:45:54.341+0000] {logging_mixin.py:190} INFO - [2025-07-01T21:45:54.341+0000] {dagbag.py:588} INFO - Filling up the DagBag from /home/airflow/.local/lib/python3.12/site-packages/airflow/example_dags/example_subdag_operator.py
[2025-07-01T21:45:54.366+0000] {processor.py:925} INFO - DAG(s) 'example_subdag_operator.section-1', 'example_subdag_operator.section-2', 'example_subdag_operator' retrieved from /home/airflow/.local/lib/python3.12/site-packages/airflow/example_dags/example_subdag_operator.py
[2025-07-01T21:45:54.378+0000] {logging_mixin.py:190} INFO - [2025-07-01T21:45:54.378+0000] {dag.py:3239} INFO - Sync 3 DAGs
[2025-07-01T21:45:54.399+0000] {logging_mixin.py:190} INFO - [2025-07-01T21:45:54.399+0000] {dag.py:4180} INFO - Setting next_dagrun for example_subdag_operator to 2022-01-01 00:00:00+00:00, run_after=2022-01-01 00:00:00+00:00
[2025-07-01T21:45:54.403+0000] {logging_mixin.py:190} INFO - [2025-07-01T21:45:54.403+0000] {dag.py:4180} INFO - Setting next_dagrun for example_subdag_operator.section-1 to None, run_after=None
[2025-07-01T21:45:54.405+0000] {logging_mixin.py:190} INFO - [2025-07-01T21:45:54.404+0000] {dag.py:4180} INFO - Setting next_dagrun for example_subdag_operator.section-2 to None, run_after=None
[2025-07-01T21:45:54.412+0000] {logging_mixin.py:190} INFO - [2025-07-01T21:45:54.412+0000] {dag.py:3239} INFO - Sync 2 DAGs
[2025-07-01T21:45:54.417+0000] {logging_mixin.py:190} INFO - [2025-07-01T21:45:54.417+0000] {dag.py:4180} INFO - Setting next_dagrun for example_subdag_operator.section-1 to None, run_after=None
[2025-07-01T21:45:54.417+0000] {logging_mixin.py:190} INFO - [2025-07-01T21:45:54.417+0000] {dag.py:4180} INFO - Setting next_dagrun for example_subdag_operator.section-2 to None, run_after=None
[2025-07-01T21:45:54.429+0000] {processor.py:208} INFO - Processing /home/airflow/.local/lib/python3.12/site-packages/airflow/example_dags/example_subdag_operator.py took 0.099 seconds
[2025-07-01T21:46:25.110+0000] {processor.py:186} INFO - Started process (PID=3718) to work on /home/airflow/.local/lib/python3.12/site-packages/airflow/example_dags/example_subdag_operator.py
[2025-07-01T21:46:25.111+0000] {processor.py:914} INFO - Processing file /home/airflow/.local/lib/python3.12/site-packages/airflow/example_dags/example_subdag_operator.py for tasks to queue
[2025-07-01T21:46:25.113+0000] {logging_mixin.py:190} INFO - [2025-07-01T21:46:25.113+0000] {dagbag.py:588} INFO - Filling up the DagBag from /home/airflow/.local/lib/python3.12/site-packages/airflow/example_dags/example_subdag_operator.py
[2025-07-01T21:46:25.135+0000] {processor.py:925} INFO - DAG(s) 'example_subdag_operator.section-1', 'example_subdag_operator.section-2', 'example_subdag_operator' retrieved from /home/airflow/.local/lib/python3.12/site-packages/airflow/example_dags/example_subdag_operator.py
[2025-07-01T21:46:25.149+0000] {logging_mixin.py:190} INFO - [2025-07-01T21:46:25.149+0000] {dag.py:3239} INFO - Sync 3 DAGs
[2025-07-01T21:46:25.168+0000] {logging_mixin.py:190} INFO - [2025-07-01T21:46:25.168+0000] {dag.py:4180} INFO - Setting next_dagrun for example_subdag_operator to 2022-01-01 00:00:00+00:00, run_after=2022-01-01 00:00:00+00:00
[2025-07-01T21:46:25.172+0000] {logging_mixin.py:190} INFO - [2025-07-01T21:46:25.171+0000] {dag.py:4180} INFO - Setting next_dagrun for example_subdag_operator.section-1 to None, run_after=None
[2025-07-01T21:46:25.173+0000] {logging_mixin.py:190} INFO - [2025-07-01T21:46:25.173+0000] {dag.py:4180} INFO - Setting next_dagrun for example_subdag_operator.section-2 to None, run_after=None
[2025-07-01T21:46:25.180+0000] {logging_mixin.py:190} INFO - [2025-07-01T21:46:25.179+0000] {dag.py:3239} INFO - Sync 2 DAGs
[2025-07-01T21:46:25.184+0000] {logging_mixin.py:190} INFO - [2025-07-01T21:46:25.184+0000] {dag.py:4180} INFO - Setting next_dagrun for example_subdag_operator.section-1 to None, run_after=None
[2025-07-01T21:46:25.185+0000] {logging_mixin.py:190} INFO - [2025-07-01T21:46:25.185+0000] {dag.py:4180} INFO - Setting next_dagrun for example_subdag_operator.section-2 to None, run_after=None
[2025-07-01T21:46:25.196+0000] {processor.py:208} INFO - Processing /home/airflow/.local/lib/python3.12/site-packages/airflow/example_dags/example_subdag_operator.py took 0.091 seconds
[2025-07-01T21:46:56.055+0000] {processor.py:186} INFO - Started process (PID=3781) to work on /home/airflow/.local/lib/python3.12/site-packages/airflow/example_dags/example_subdag_operator.py
[2025-07-01T21:46:56.056+0000] {processor.py:914} INFO - Processing file /home/airflow/.local/lib/python3.12/site-packages/airflow/example_dags/example_subdag_operator.py for tasks to queue
[2025-07-01T21:46:56.059+0000] {logging_mixin.py:190} INFO - [2025-07-01T21:46:56.059+0000] {dagbag.py:588} INFO - Filling up the DagBag from /home/airflow/.local/lib/python3.12/site-packages/airflow/example_dags/example_subdag_operator.py
[2025-07-01T21:46:56.084+0000] {processor.py:925} INFO - DAG(s) 'example_subdag_operator.section-1', 'example_subdag_operator.section-2', 'example_subdag_operator' retrieved from /home/airflow/.local/lib/python3.12/site-packages/airflow/example_dags/example_subdag_operator.py
[2025-07-01T21:46:56.096+0000] {logging_mixin.py:190} INFO - [2025-07-01T21:46:56.096+0000] {dag.py:3239} INFO - Sync 3 DAGs
[2025-07-01T21:46:56.115+0000] {logging_mixin.py:190} INFO - [2025-07-01T21:46:56.115+0000] {dag.py:4180} INFO - Setting next_dagrun for example_subdag_operator to 2022-01-01 00:00:00+00:00, run_after=2022-01-01 00:00:00+00:00
[2025-07-01T21:46:56.118+0000] {logging_mixin.py:190} INFO - [2025-07-01T21:46:56.118+0000] {dag.py:4180} INFO - Setting next_dagrun for example_subdag_operator.section-1 to None, run_after=None
[2025-07-01T21:46:56.120+0000] {logging_mixin.py:190} INFO - [2025-07-01T21:46:56.120+0000] {dag.py:4180} INFO - Setting next_dagrun for example_subdag_operator.section-2 to None, run_after=None
[2025-07-01T21:46:56.126+0000] {logging_mixin.py:190} INFO - [2025-07-01T21:46:56.125+0000] {dag.py:3239} INFO - Sync 2 DAGs
[2025-07-01T21:46:56.131+0000] {logging_mixin.py:190} INFO - [2025-07-01T21:46:56.130+0000] {dag.py:4180} INFO - Setting next_dagrun for example_subdag_operator.section-1 to None, run_after=None
[2025-07-01T21:46:56.131+0000] {logging_mixin.py:190} INFO - [2025-07-01T21:46:56.131+0000] {dag.py:4180} INFO - Setting next_dagrun for example_subdag_operator.section-2 to None, run_after=None
[2025-07-01T21:46:56.146+0000] {processor.py:208} INFO - Processing /home/airflow/.local/lib/python3.12/site-packages/airflow/example_dags/example_subdag_operator.py took 0.096 seconds
[2025-07-01T21:47:27.615+0000] {processor.py:186} INFO - Started process (PID=3844) to work on /home/airflow/.local/lib/python3.12/site-packages/airflow/example_dags/example_subdag_operator.py
[2025-07-01T21:47:27.616+0000] {processor.py:914} INFO - Processing file /home/airflow/.local/lib/python3.12/site-packages/airflow/example_dags/example_subdag_operator.py for tasks to queue
[2025-07-01T21:47:27.618+0000] {logging_mixin.py:190} INFO - [2025-07-01T21:47:27.618+0000] {dagbag.py:588} INFO - Filling up the DagBag from /home/airflow/.local/lib/python3.12/site-packages/airflow/example_dags/example_subdag_operator.py
[2025-07-01T21:47:27.641+0000] {processor.py:925} INFO - DAG(s) 'example_subdag_operator.section-1', 'example_subdag_operator.section-2', 'example_subdag_operator' retrieved from /home/airflow/.local/lib/python3.12/site-packages/airflow/example_dags/example_subdag_operator.py
[2025-07-01T21:47:27.653+0000] {logging_mixin.py:190} INFO - [2025-07-01T21:47:27.653+0000] {dag.py:3239} INFO - Sync 3 DAGs
[2025-07-01T21:47:27.811+0000] {logging_mixin.py:190} INFO - [2025-07-01T21:47:27.811+0000] {dag.py:4180} INFO - Setting next_dagrun for example_subdag_operator to 2022-01-01 00:00:00+00:00, run_after=2022-01-01 00:00:00+00:00
[2025-07-01T21:47:27.815+0000] {logging_mixin.py:190} INFO - [2025-07-01T21:47:27.815+0000] {dag.py:4180} INFO - Setting next_dagrun for example_subdag_operator.section-1 to None, run_after=None
[2025-07-01T21:47:27.816+0000] {logging_mixin.py:190} INFO - [2025-07-01T21:47:27.816+0000] {dag.py:4180} INFO - Setting next_dagrun for example_subdag_operator.section-2 to None, run_after=None
[2025-07-01T21:47:27.822+0000] {logging_mixin.py:190} INFO - [2025-07-01T21:47:27.822+0000] {dag.py:3239} INFO - Sync 2 DAGs
[2025-07-01T21:47:27.827+0000] {logging_mixin.py:190} INFO - [2025-07-01T21:47:27.827+0000] {dag.py:4180} INFO - Setting next_dagrun for example_subdag_operator.section-1 to None, run_after=None
[2025-07-01T21:47:27.827+0000] {logging_mixin.py:190} INFO - [2025-07-01T21:47:27.827+0000] {dag.py:4180} INFO - Setting next_dagrun for example_subdag_operator.section-2 to None, run_after=None
[2025-07-01T21:47:27.839+0000] {processor.py:208} INFO - Processing /home/airflow/.local/lib/python3.12/site-packages/airflow/example_dags/example_subdag_operator.py took 0.229 seconds
[2025-07-01T21:47:58.041+0000] {processor.py:186} INFO - Started process (PID=3907) to work on /home/airflow/.local/lib/python3.12/site-packages/airflow/example_dags/example_subdag_operator.py
[2025-07-01T21:47:58.042+0000] {processor.py:914} INFO - Processing file /home/airflow/.local/lib/python3.12/site-packages/airflow/example_dags/example_subdag_operator.py for tasks to queue
[2025-07-01T21:47:58.044+0000] {logging_mixin.py:190} INFO - [2025-07-01T21:47:58.044+0000] {dagbag.py:588} INFO - Filling up the DagBag from /home/airflow/.local/lib/python3.12/site-packages/airflow/example_dags/example_subdag_operator.py
[2025-07-01T21:47:58.066+0000] {processor.py:925} INFO - DAG(s) 'example_subdag_operator.section-1', 'example_subdag_operator.section-2', 'example_subdag_operator' retrieved from /home/airflow/.local/lib/python3.12/site-packages/airflow/example_dags/example_subdag_operator.py
[2025-07-01T21:47:58.079+0000] {logging_mixin.py:190} INFO - [2025-07-01T21:47:58.078+0000] {dag.py:3239} INFO - Sync 3 DAGs
[2025-07-01T21:47:58.097+0000] {logging_mixin.py:190} INFO - [2025-07-01T21:47:58.097+0000] {dag.py:4180} INFO - Setting next_dagrun for example_subdag_operator to 2022-01-01 00:00:00+00:00, run_after=2022-01-01 00:00:00+00:00
[2025-07-01T21:47:58.100+0000] {logging_mixin.py:190} INFO - [2025-07-01T21:47:58.100+0000] {dag.py:4180} INFO - Setting next_dagrun for example_subdag_operator.section-1 to None, run_after=None
[2025-07-01T21:47:58.102+0000] {logging_mixin.py:190} INFO - [2025-07-01T21:47:58.102+0000] {dag.py:4180} INFO - Setting next_dagrun for example_subdag_operator.section-2 to None, run_after=None
[2025-07-01T21:47:58.109+0000] {logging_mixin.py:190} INFO - [2025-07-01T21:47:58.108+0000] {dag.py:3239} INFO - Sync 2 DAGs
[2025-07-01T21:47:58.114+0000] {logging_mixin.py:190} INFO - [2025-07-01T21:47:58.114+0000] {dag.py:4180} INFO - Setting next_dagrun for example_subdag_operator.section-1 to None, run_after=None
[2025-07-01T21:47:58.115+0000] {logging_mixin.py:190} INFO - [2025-07-01T21:47:58.115+0000] {dag.py:4180} INFO - Setting next_dagrun for example_subdag_operator.section-2 to None, run_after=None
[2025-07-01T21:47:58.275+0000] {processor.py:208} INFO - Processing /home/airflow/.local/lib/python3.12/site-packages/airflow/example_dags/example_subdag_operator.py took 0.238 seconds
[2025-07-01T21:48:28.895+0000] {processor.py:186} INFO - Started process (PID=3970) to work on /home/airflow/.local/lib/python3.12/site-packages/airflow/example_dags/example_subdag_operator.py
[2025-07-01T21:48:28.896+0000] {processor.py:914} INFO - Processing file /home/airflow/.local/lib/python3.12/site-packages/airflow/example_dags/example_subdag_operator.py for tasks to queue
[2025-07-01T21:48:28.900+0000] {logging_mixin.py:190} INFO - [2025-07-01T21:48:28.899+0000] {dagbag.py:588} INFO - Filling up the DagBag from /home/airflow/.local/lib/python3.12/site-packages/airflow/example_dags/example_subdag_operator.py
[2025-07-01T21:48:28.928+0000] {processor.py:925} INFO - DAG(s) 'example_subdag_operator.section-1', 'example_subdag_operator.section-2', 'example_subdag_operator' retrieved from /home/airflow/.local/lib/python3.12/site-packages/airflow/example_dags/example_subdag_operator.py
[2025-07-01T21:48:28.941+0000] {logging_mixin.py:190} INFO - [2025-07-01T21:48:28.940+0000] {dag.py:3239} INFO - Sync 3 DAGs
[2025-07-01T21:48:28.959+0000] {logging_mixin.py:190} INFO - [2025-07-01T21:48:28.959+0000] {dag.py:4180} INFO - Setting next_dagrun for example_subdag_operator to 2022-01-01 00:00:00+00:00, run_after=2022-01-01 00:00:00+00:00
[2025-07-01T21:48:28.962+0000] {logging_mixin.py:190} INFO - [2025-07-01T21:48:28.962+0000] {dag.py:4180} INFO - Setting next_dagrun for example_subdag_operator.section-1 to None, run_after=None
[2025-07-01T21:48:28.963+0000] {logging_mixin.py:190} INFO - [2025-07-01T21:48:28.963+0000] {dag.py:4180} INFO - Setting next_dagrun for example_subdag_operator.section-2 to None, run_after=None
[2025-07-01T21:48:28.969+0000] {logging_mixin.py:190} INFO - [2025-07-01T21:48:28.969+0000] {dag.py:3239} INFO - Sync 2 DAGs
[2025-07-01T21:48:28.974+0000] {logging_mixin.py:190} INFO - [2025-07-01T21:48:28.973+0000] {dag.py:4180} INFO - Setting next_dagrun for example_subdag_operator.section-1 to None, run_after=None
[2025-07-01T21:48:28.974+0000] {logging_mixin.py:190} INFO - [2025-07-01T21:48:28.974+0000] {dag.py:4180} INFO - Setting next_dagrun for example_subdag_operator.section-2 to None, run_after=None
[2025-07-01T21:48:28.988+0000] {processor.py:208} INFO - Processing /home/airflow/.local/lib/python3.12/site-packages/airflow/example_dags/example_subdag_operator.py took 0.101 seconds
[2025-07-01T21:48:59.505+0000] {processor.py:186} INFO - Started process (PID=4034) to work on /home/airflow/.local/lib/python3.12/site-packages/airflow/example_dags/example_subdag_operator.py
[2025-07-01T21:48:59.506+0000] {processor.py:914} INFO - Processing file /home/airflow/.local/lib/python3.12/site-packages/airflow/example_dags/example_subdag_operator.py for tasks to queue
[2025-07-01T21:48:59.508+0000] {logging_mixin.py:190} INFO - [2025-07-01T21:48:59.508+0000] {dagbag.py:588} INFO - Filling up the DagBag from /home/airflow/.local/lib/python3.12/site-packages/airflow/example_dags/example_subdag_operator.py
[2025-07-01T21:48:59.532+0000] {processor.py:925} INFO - DAG(s) 'example_subdag_operator.section-1', 'example_subdag_operator.section-2', 'example_subdag_operator' retrieved from /home/airflow/.local/lib/python3.12/site-packages/airflow/example_dags/example_subdag_operator.py
[2025-07-01T21:48:59.547+0000] {logging_mixin.py:190} INFO - [2025-07-01T21:48:59.547+0000] {dag.py:3239} INFO - Sync 3 DAGs
[2025-07-01T21:48:59.567+0000] {logging_mixin.py:190} INFO - [2025-07-01T21:48:59.567+0000] {dag.py:4180} INFO - Setting next_dagrun for example_subdag_operator to 2022-01-01 00:00:00+00:00, run_after=2022-01-01 00:00:00+00:00
[2025-07-01T21:48:59.571+0000] {logging_mixin.py:190} INFO - [2025-07-01T21:48:59.571+0000] {dag.py:4180} INFO - Setting next_dagrun for example_subdag_operator.section-1 to None, run_after=None
[2025-07-01T21:48:59.573+0000] {logging_mixin.py:190} INFO - [2025-07-01T21:48:59.572+0000] {dag.py:4180} INFO - Setting next_dagrun for example_subdag_operator.section-2 to None, run_after=None
[2025-07-01T21:48:59.579+0000] {logging_mixin.py:190} INFO - [2025-07-01T21:48:59.579+0000] {dag.py:3239} INFO - Sync 2 DAGs
[2025-07-01T21:48:59.585+0000] {logging_mixin.py:190} INFO - [2025-07-01T21:48:59.584+0000] {dag.py:4180} INFO - Setting next_dagrun for example_subdag_operator.section-1 to None, run_after=None
[2025-07-01T21:48:59.586+0000] {logging_mixin.py:190} INFO - [2025-07-01T21:48:59.585+0000] {dag.py:4180} INFO - Setting next_dagrun for example_subdag_operator.section-2 to None, run_after=None
[2025-07-01T21:48:59.600+0000] {processor.py:208} INFO - Processing /home/airflow/.local/lib/python3.12/site-packages/airflow/example_dags/example_subdag_operator.py took 0.100 seconds
[2025-07-01T21:49:30.287+0000] {processor.py:186} INFO - Started process (PID=4097) to work on /home/airflow/.local/lib/python3.12/site-packages/airflow/example_dags/example_subdag_operator.py
[2025-07-01T21:49:30.288+0000] {processor.py:914} INFO - Processing file /home/airflow/.local/lib/python3.12/site-packages/airflow/example_dags/example_subdag_operator.py for tasks to queue
[2025-07-01T21:49:30.291+0000] {logging_mixin.py:190} INFO - [2025-07-01T21:49:30.291+0000] {dagbag.py:588} INFO - Filling up the DagBag from /home/airflow/.local/lib/python3.12/site-packages/airflow/example_dags/example_subdag_operator.py
[2025-07-01T21:49:30.323+0000] {processor.py:925} INFO - DAG(s) 'example_subdag_operator.section-1', 'example_subdag_operator.section-2', 'example_subdag_operator' retrieved from /home/airflow/.local/lib/python3.12/site-packages/airflow/example_dags/example_subdag_operator.py
[2025-07-01T21:49:30.339+0000] {logging_mixin.py:190} INFO - [2025-07-01T21:49:30.338+0000] {dag.py:3239} INFO - Sync 3 DAGs
[2025-07-01T21:49:30.367+0000] {logging_mixin.py:190} INFO - [2025-07-01T21:49:30.367+0000] {dag.py:4180} INFO - Setting next_dagrun for example_subdag_operator to 2022-01-01 00:00:00+00:00, run_after=2022-01-01 00:00:00+00:00
[2025-07-01T21:49:30.372+0000] {logging_mixin.py:190} INFO - [2025-07-01T21:49:30.372+0000] {dag.py:4180} INFO - Setting next_dagrun for example_subdag_operator.section-1 to None, run_after=None
[2025-07-01T21:49:30.374+0000] {logging_mixin.py:190} INFO - [2025-07-01T21:49:30.374+0000] {dag.py:4180} INFO - Setting next_dagrun for example_subdag_operator.section-2 to None, run_after=None
[2025-07-01T21:49:30.536+0000] {logging_mixin.py:190} INFO - [2025-07-01T21:49:30.536+0000] {dag.py:3239} INFO - Sync 2 DAGs
[2025-07-01T21:49:30.541+0000] {logging_mixin.py:190} INFO - [2025-07-01T21:49:30.541+0000] {dag.py:4180} INFO - Setting next_dagrun for example_subdag_operator.section-1 to None, run_after=None
[2025-07-01T21:49:30.542+0000] {logging_mixin.py:190} INFO - [2025-07-01T21:49:30.542+0000] {dag.py:4180} INFO - Setting next_dagrun for example_subdag_operator.section-2 to None, run_after=None
[2025-07-01T21:49:30.556+0000] {processor.py:208} INFO - Processing /home/airflow/.local/lib/python3.12/site-packages/airflow/example_dags/example_subdag_operator.py took 0.277 seconds
[2025-07-01T21:50:01.095+0000] {processor.py:186} INFO - Started process (PID=4161) to work on /home/airflow/.local/lib/python3.12/site-packages/airflow/example_dags/example_subdag_operator.py
[2025-07-01T21:50:01.096+0000] {processor.py:914} INFO - Processing file /home/airflow/.local/lib/python3.12/site-packages/airflow/example_dags/example_subdag_operator.py for tasks to queue
[2025-07-01T21:50:01.098+0000] {logging_mixin.py:190} INFO - [2025-07-01T21:50:01.098+0000] {dagbag.py:588} INFO - Filling up the DagBag from /home/airflow/.local/lib/python3.12/site-packages/airflow/example_dags/example_subdag_operator.py
[2025-07-01T21:50:01.120+0000] {processor.py:925} INFO - DAG(s) 'example_subdag_operator.section-1', 'example_subdag_operator.section-2', 'example_subdag_operator' retrieved from /home/airflow/.local/lib/python3.12/site-packages/airflow/example_dags/example_subdag_operator.py
[2025-07-01T21:50:01.132+0000] {logging_mixin.py:190} INFO - [2025-07-01T21:50:01.132+0000] {dag.py:3239} INFO - Sync 3 DAGs
[2025-07-01T21:50:01.150+0000] {logging_mixin.py:190} INFO - [2025-07-01T21:50:01.150+0000] {dag.py:4180} INFO - Setting next_dagrun for example_subdag_operator to 2022-01-01 00:00:00+00:00, run_after=2022-01-01 00:00:00+00:00
[2025-07-01T21:50:01.153+0000] {logging_mixin.py:190} INFO - [2025-07-01T21:50:01.153+0000] {dag.py:4180} INFO - Setting next_dagrun for example_subdag_operator.section-1 to None, run_after=None
[2025-07-01T21:50:01.155+0000] {logging_mixin.py:190} INFO - [2025-07-01T21:50:01.154+0000] {dag.py:4180} INFO - Setting next_dagrun for example_subdag_operator.section-2 to None, run_after=None
[2025-07-01T21:50:01.161+0000] {logging_mixin.py:190} INFO - [2025-07-01T21:50:01.160+0000] {dag.py:3239} INFO - Sync 2 DAGs
[2025-07-01T21:50:01.165+0000] {logging_mixin.py:190} INFO - [2025-07-01T21:50:01.165+0000] {dag.py:4180} INFO - Setting next_dagrun for example_subdag_operator.section-1 to None, run_after=None
[2025-07-01T21:50:01.166+0000] {logging_mixin.py:190} INFO - [2025-07-01T21:50:01.166+0000] {dag.py:4180} INFO - Setting next_dagrun for example_subdag_operator.section-2 to None, run_after=None
[2025-07-01T21:50:01.178+0000] {processor.py:208} INFO - Processing /home/airflow/.local/lib/python3.12/site-packages/airflow/example_dags/example_subdag_operator.py took 0.088 seconds
[2025-07-01T21:50:32.639+0000] {processor.py:186} INFO - Started process (PID=4224) to work on /home/airflow/.local/lib/python3.12/site-packages/airflow/example_dags/example_subdag_operator.py
[2025-07-01T21:50:32.640+0000] {processor.py:914} INFO - Processing file /home/airflow/.local/lib/python3.12/site-packages/airflow/example_dags/example_subdag_operator.py for tasks to queue
[2025-07-01T21:50:32.642+0000] {logging_mixin.py:190} INFO - [2025-07-01T21:50:32.642+0000] {dagbag.py:588} INFO - Filling up the DagBag from /home/airflow/.local/lib/python3.12/site-packages/airflow/example_dags/example_subdag_operator.py
[2025-07-01T21:50:32.665+0000] {processor.py:925} INFO - DAG(s) 'example_subdag_operator.section-1', 'example_subdag_operator.section-2', 'example_subdag_operator' retrieved from /home/airflow/.local/lib/python3.12/site-packages/airflow/example_dags/example_subdag_operator.py
[2025-07-01T21:50:32.678+0000] {logging_mixin.py:190} INFO - [2025-07-01T21:50:32.677+0000] {dag.py:3239} INFO - Sync 3 DAGs
[2025-07-01T21:50:32.846+0000] {logging_mixin.py:190} INFO - [2025-07-01T21:50:32.846+0000] {dag.py:4180} INFO - Setting next_dagrun for example_subdag_operator to 2022-01-01 00:00:00+00:00, run_after=2022-01-01 00:00:00+00:00
[2025-07-01T21:50:32.850+0000] {logging_mixin.py:190} INFO - [2025-07-01T21:50:32.850+0000] {dag.py:4180} INFO - Setting next_dagrun for example_subdag_operator.section-1 to None, run_after=None
[2025-07-01T21:50:32.852+0000] {logging_mixin.py:190} INFO - [2025-07-01T21:50:32.851+0000] {dag.py:4180} INFO - Setting next_dagrun for example_subdag_operator.section-2 to None, run_after=None
[2025-07-01T21:50:32.861+0000] {logging_mixin.py:190} INFO - [2025-07-01T21:50:32.861+0000] {dag.py:3239} INFO - Sync 2 DAGs
[2025-07-01T21:50:32.868+0000] {logging_mixin.py:190} INFO - [2025-07-01T21:50:32.867+0000] {dag.py:4180} INFO - Setting next_dagrun for example_subdag_operator.section-1 to None, run_after=None
[2025-07-01T21:50:32.870+0000] {logging_mixin.py:190} INFO - [2025-07-01T21:50:32.870+0000] {dag.py:4180} INFO - Setting next_dagrun for example_subdag_operator.section-2 to None, run_after=None
[2025-07-01T21:50:32.884+0000] {processor.py:208} INFO - Processing /home/airflow/.local/lib/python3.12/site-packages/airflow/example_dags/example_subdag_operator.py took 0.251 seconds
[2025-07-01T21:51:03.464+0000] {processor.py:186} INFO - Started process (PID=4287) to work on /home/airflow/.local/lib/python3.12/site-packages/airflow/example_dags/example_subdag_operator.py
[2025-07-01T21:51:03.465+0000] {processor.py:914} INFO - Processing file /home/airflow/.local/lib/python3.12/site-packages/airflow/example_dags/example_subdag_operator.py for tasks to queue
[2025-07-01T21:51:03.467+0000] {logging_mixin.py:190} INFO - [2025-07-01T21:51:03.467+0000] {dagbag.py:588} INFO - Filling up the DagBag from /home/airflow/.local/lib/python3.12/site-packages/airflow/example_dags/example_subdag_operator.py
[2025-07-01T21:51:03.491+0000] {processor.py:925} INFO - DAG(s) 'example_subdag_operator.section-1', 'example_subdag_operator.section-2', 'example_subdag_operator' retrieved from /home/airflow/.local/lib/python3.12/site-packages/airflow/example_dags/example_subdag_operator.py
[2025-07-01T21:51:03.504+0000] {logging_mixin.py:190} INFO - [2025-07-01T21:51:03.503+0000] {dag.py:3239} INFO - Sync 3 DAGs
[2025-07-01T21:51:03.525+0000] {logging_mixin.py:190} INFO - [2025-07-01T21:51:03.525+0000] {dag.py:4180} INFO - Setting next_dagrun for example_subdag_operator to 2022-01-01 00:00:00+00:00, run_after=2022-01-01 00:00:00+00:00
[2025-07-01T21:51:03.529+0000] {logging_mixin.py:190} INFO - [2025-07-01T21:51:03.528+0000] {dag.py:4180} INFO - Setting next_dagrun for example_subdag_operator.section-1 to None, run_after=None
[2025-07-01T21:51:03.530+0000] {logging_mixin.py:190} INFO - [2025-07-01T21:51:03.530+0000] {dag.py:4180} INFO - Setting next_dagrun for example_subdag_operator.section-2 to None, run_after=None
[2025-07-01T21:51:03.682+0000] {logging_mixin.py:190} INFO - [2025-07-01T21:51:03.682+0000] {dag.py:3239} INFO - Sync 2 DAGs
[2025-07-01T21:51:03.688+0000] {logging_mixin.py:190} INFO - [2025-07-01T21:51:03.688+0000] {dag.py:4180} INFO - Setting next_dagrun for example_subdag_operator.section-1 to None, run_after=None
[2025-07-01T21:51:03.689+0000] {logging_mixin.py:190} INFO - [2025-07-01T21:51:03.689+0000] {dag.py:4180} INFO - Setting next_dagrun for example_subdag_operator.section-2 to None, run_after=None
[2025-07-01T21:51:03.703+0000] {processor.py:208} INFO - Processing /home/airflow/.local/lib/python3.12/site-packages/airflow/example_dags/example_subdag_operator.py took 0.245 seconds
[2025-07-01T21:51:34.398+0000] {processor.py:186} INFO - Started process (PID=4350) to work on /home/airflow/.local/lib/python3.12/site-packages/airflow/example_dags/example_subdag_operator.py
[2025-07-01T21:51:34.399+0000] {processor.py:914} INFO - Processing file /home/airflow/.local/lib/python3.12/site-packages/airflow/example_dags/example_subdag_operator.py for tasks to queue
[2025-07-01T21:51:34.401+0000] {logging_mixin.py:190} INFO - [2025-07-01T21:51:34.400+0000] {dagbag.py:588} INFO - Filling up the DagBag from /home/airflow/.local/lib/python3.12/site-packages/airflow/example_dags/example_subdag_operator.py
[2025-07-01T21:51:34.423+0000] {processor.py:925} INFO - DAG(s) 'example_subdag_operator.section-1', 'example_subdag_operator.section-2', 'example_subdag_operator' retrieved from /home/airflow/.local/lib/python3.12/site-packages/airflow/example_dags/example_subdag_operator.py
[2025-07-01T21:51:34.435+0000] {logging_mixin.py:190} INFO - [2025-07-01T21:51:34.435+0000] {dag.py:3239} INFO - Sync 3 DAGs
[2025-07-01T21:51:34.454+0000] {logging_mixin.py:190} INFO - [2025-07-01T21:51:34.453+0000] {dag.py:4180} INFO - Setting next_dagrun for example_subdag_operator to 2022-01-01 00:00:00+00:00, run_after=2022-01-01 00:00:00+00:00
[2025-07-01T21:51:34.457+0000] {logging_mixin.py:190} INFO - [2025-07-01T21:51:34.457+0000] {dag.py:4180} INFO - Setting next_dagrun for example_subdag_operator.section-1 to None, run_after=None
[2025-07-01T21:51:34.458+0000] {logging_mixin.py:190} INFO - [2025-07-01T21:51:34.458+0000] {dag.py:4180} INFO - Setting next_dagrun for example_subdag_operator.section-2 to None, run_after=None
[2025-07-01T21:51:34.465+0000] {logging_mixin.py:190} INFO - [2025-07-01T21:51:34.465+0000] {dag.py:3239} INFO - Sync 2 DAGs
[2025-07-01T21:51:34.471+0000] {logging_mixin.py:190} INFO - [2025-07-01T21:51:34.471+0000] {dag.py:4180} INFO - Setting next_dagrun for example_subdag_operator.section-1 to None, run_after=None
[2025-07-01T21:51:34.472+0000] {logging_mixin.py:190} INFO - [2025-07-01T21:51:34.472+0000] {dag.py:4180} INFO - Setting next_dagrun for example_subdag_operator.section-2 to None, run_after=None
[2025-07-01T21:51:34.485+0000] {processor.py:208} INFO - Processing /home/airflow/.local/lib/python3.12/site-packages/airflow/example_dags/example_subdag_operator.py took 0.092 seconds
[2025-07-01T21:52:04.773+0000] {processor.py:186} INFO - Started process (PID=4413) to work on /home/airflow/.local/lib/python3.12/site-packages/airflow/example_dags/example_subdag_operator.py
[2025-07-01T21:52:04.774+0000] {processor.py:914} INFO - Processing file /home/airflow/.local/lib/python3.12/site-packages/airflow/example_dags/example_subdag_operator.py for tasks to queue
[2025-07-01T21:52:04.776+0000] {logging_mixin.py:190} INFO - [2025-07-01T21:52:04.776+0000] {dagbag.py:588} INFO - Filling up the DagBag from /home/airflow/.local/lib/python3.12/site-packages/airflow/example_dags/example_subdag_operator.py
[2025-07-01T21:52:04.798+0000] {processor.py:925} INFO - DAG(s) 'example_subdag_operator.section-1', 'example_subdag_operator.section-2', 'example_subdag_operator' retrieved from /home/airflow/.local/lib/python3.12/site-packages/airflow/example_dags/example_subdag_operator.py
[2025-07-01T21:52:04.810+0000] {logging_mixin.py:190} INFO - [2025-07-01T21:52:04.810+0000] {dag.py:3239} INFO - Sync 3 DAGs
[2025-07-01T21:52:04.829+0000] {logging_mixin.py:190} INFO - [2025-07-01T21:52:04.829+0000] {dag.py:4180} INFO - Setting next_dagrun for example_subdag_operator to 2022-01-01 00:00:00+00:00, run_after=2022-01-01 00:00:00+00:00
[2025-07-01T21:52:04.832+0000] {logging_mixin.py:190} INFO - [2025-07-01T21:52:04.832+0000] {dag.py:4180} INFO - Setting next_dagrun for example_subdag_operator.section-1 to None, run_after=None
[2025-07-01T21:52:04.834+0000] {logging_mixin.py:190} INFO - [2025-07-01T21:52:04.833+0000] {dag.py:4180} INFO - Setting next_dagrun for example_subdag_operator.section-2 to None, run_after=None
[2025-07-01T21:52:04.839+0000] {logging_mixin.py:190} INFO - [2025-07-01T21:52:04.839+0000] {dag.py:3239} INFO - Sync 2 DAGs
[2025-07-01T21:52:04.843+0000] {logging_mixin.py:190} INFO - [2025-07-01T21:52:04.843+0000] {dag.py:4180} INFO - Setting next_dagrun for example_subdag_operator.section-1 to None, run_after=None
[2025-07-01T21:52:04.843+0000] {logging_mixin.py:190} INFO - [2025-07-01T21:52:04.843+0000] {dag.py:4180} INFO - Setting next_dagrun for example_subdag_operator.section-2 to None, run_after=None
[2025-07-01T21:52:04.855+0000] {processor.py:208} INFO - Processing /home/airflow/.local/lib/python3.12/site-packages/airflow/example_dags/example_subdag_operator.py took 0.087 seconds
[2025-07-01T21:52:35.193+0000] {processor.py:186} INFO - Started process (PID=4476) to work on /home/airflow/.local/lib/python3.12/site-packages/airflow/example_dags/example_subdag_operator.py
[2025-07-01T21:52:35.194+0000] {processor.py:914} INFO - Processing file /home/airflow/.local/lib/python3.12/site-packages/airflow/example_dags/example_subdag_operator.py for tasks to queue
[2025-07-01T21:52:35.197+0000] {logging_mixin.py:190} INFO - [2025-07-01T21:52:35.196+0000] {dagbag.py:588} INFO - Filling up the DagBag from /home/airflow/.local/lib/python3.12/site-packages/airflow/example_dags/example_subdag_operator.py
[2025-07-01T21:52:35.220+0000] {processor.py:925} INFO - DAG(s) 'example_subdag_operator.section-1', 'example_subdag_operator.section-2', 'example_subdag_operator' retrieved from /home/airflow/.local/lib/python3.12/site-packages/airflow/example_dags/example_subdag_operator.py
[2025-07-01T21:52:35.233+0000] {logging_mixin.py:190} INFO - [2025-07-01T21:52:35.233+0000] {dag.py:3239} INFO - Sync 3 DAGs
[2025-07-01T21:52:35.254+0000] {logging_mixin.py:190} INFO - [2025-07-01T21:52:35.254+0000] {dag.py:4180} INFO - Setting next_dagrun for example_subdag_operator to 2022-01-01 00:00:00+00:00, run_after=2022-01-01 00:00:00+00:00
[2025-07-01T21:52:35.257+0000] {logging_mixin.py:190} INFO - [2025-07-01T21:52:35.257+0000] {dag.py:4180} INFO - Setting next_dagrun for example_subdag_operator.section-1 to None, run_after=None
[2025-07-01T21:52:35.259+0000] {logging_mixin.py:190} INFO - [2025-07-01T21:52:35.259+0000] {dag.py:4180} INFO - Setting next_dagrun for example_subdag_operator.section-2 to None, run_after=None
[2025-07-01T21:52:35.265+0000] {logging_mixin.py:190} INFO - [2025-07-01T21:52:35.264+0000] {dag.py:3239} INFO - Sync 2 DAGs
[2025-07-01T21:52:35.269+0000] {logging_mixin.py:190} INFO - [2025-07-01T21:52:35.269+0000] {dag.py:4180} INFO - Setting next_dagrun for example_subdag_operator.section-1 to None, run_after=None
[2025-07-01T21:52:35.270+0000] {logging_mixin.py:190} INFO - [2025-07-01T21:52:35.269+0000] {dag.py:4180} INFO - Setting next_dagrun for example_subdag_operator.section-2 to None, run_after=None
[2025-07-01T21:52:35.283+0000] {processor.py:208} INFO - Processing /home/airflow/.local/lib/python3.12/site-packages/airflow/example_dags/example_subdag_operator.py took 0.095 seconds
[2025-07-01T21:53:05.393+0000] {processor.py:186} INFO - Started process (PID=4539) to work on /home/airflow/.local/lib/python3.12/site-packages/airflow/example_dags/example_subdag_operator.py
[2025-07-01T21:53:05.394+0000] {processor.py:914} INFO - Processing file /home/airflow/.local/lib/python3.12/site-packages/airflow/example_dags/example_subdag_operator.py for tasks to queue
[2025-07-01T21:53:05.397+0000] {logging_mixin.py:190} INFO - [2025-07-01T21:53:05.396+0000] {dagbag.py:588} INFO - Filling up the DagBag from /home/airflow/.local/lib/python3.12/site-packages/airflow/example_dags/example_subdag_operator.py
[2025-07-01T21:53:05.418+0000] {processor.py:925} INFO - DAG(s) 'example_subdag_operator.section-1', 'example_subdag_operator.section-2', 'example_subdag_operator' retrieved from /home/airflow/.local/lib/python3.12/site-packages/airflow/example_dags/example_subdag_operator.py
[2025-07-01T21:53:05.431+0000] {logging_mixin.py:190} INFO - [2025-07-01T21:53:05.431+0000] {dag.py:3239} INFO - Sync 3 DAGs
[2025-07-01T21:53:05.452+0000] {logging_mixin.py:190} INFO - [2025-07-01T21:53:05.451+0000] {dag.py:4180} INFO - Setting next_dagrun for example_subdag_operator to 2022-01-01 00:00:00+00:00, run_after=2022-01-01 00:00:00+00:00
[2025-07-01T21:53:05.455+0000] {logging_mixin.py:190} INFO - [2025-07-01T21:53:05.455+0000] {dag.py:4180} INFO - Setting next_dagrun for example_subdag_operator.section-1 to None, run_after=None
[2025-07-01T21:53:05.457+0000] {logging_mixin.py:190} INFO - [2025-07-01T21:53:05.457+0000] {dag.py:4180} INFO - Setting next_dagrun for example_subdag_operator.section-2 to None, run_after=None
[2025-07-01T21:53:05.463+0000] {logging_mixin.py:190} INFO - [2025-07-01T21:53:05.463+0000] {dag.py:3239} INFO - Sync 2 DAGs
[2025-07-01T21:53:05.467+0000] {logging_mixin.py:190} INFO - [2025-07-01T21:53:05.467+0000] {dag.py:4180} INFO - Setting next_dagrun for example_subdag_operator.section-1 to None, run_after=None
[2025-07-01T21:53:05.468+0000] {logging_mixin.py:190} INFO - [2025-07-01T21:53:05.468+0000] {dag.py:4180} INFO - Setting next_dagrun for example_subdag_operator.section-2 to None, run_after=None
[2025-07-01T21:53:05.480+0000] {processor.py:208} INFO - Processing /home/airflow/.local/lib/python3.12/site-packages/airflow/example_dags/example_subdag_operator.py took 0.091 seconds
[2025-07-01T21:53:35.862+0000] {processor.py:186} INFO - Started process (PID=4602) to work on /home/airflow/.local/lib/python3.12/site-packages/airflow/example_dags/example_subdag_operator.py
[2025-07-01T21:53:35.863+0000] {processor.py:914} INFO - Processing file /home/airflow/.local/lib/python3.12/site-packages/airflow/example_dags/example_subdag_operator.py for tasks to queue
[2025-07-01T21:53:35.865+0000] {logging_mixin.py:190} INFO - [2025-07-01T21:53:35.865+0000] {dagbag.py:588} INFO - Filling up the DagBag from /home/airflow/.local/lib/python3.12/site-packages/airflow/example_dags/example_subdag_operator.py
[2025-07-01T21:53:35.886+0000] {processor.py:925} INFO - DAG(s) 'example_subdag_operator.section-1', 'example_subdag_operator.section-2', 'example_subdag_operator' retrieved from /home/airflow/.local/lib/python3.12/site-packages/airflow/example_dags/example_subdag_operator.py
[2025-07-01T21:53:35.898+0000] {logging_mixin.py:190} INFO - [2025-07-01T21:53:35.897+0000] {dag.py:3239} INFO - Sync 3 DAGs
[2025-07-01T21:53:35.916+0000] {logging_mixin.py:190} INFO - [2025-07-01T21:53:35.916+0000] {dag.py:4180} INFO - Setting next_dagrun for example_subdag_operator to 2022-01-01 00:00:00+00:00, run_after=2022-01-01 00:00:00+00:00
[2025-07-01T21:53:35.919+0000] {logging_mixin.py:190} INFO - [2025-07-01T21:53:35.918+0000] {dag.py:4180} INFO - Setting next_dagrun for example_subdag_operator.section-1 to None, run_after=None
[2025-07-01T21:53:35.920+0000] {logging_mixin.py:190} INFO - [2025-07-01T21:53:35.920+0000] {dag.py:4180} INFO - Setting next_dagrun for example_subdag_operator.section-2 to None, run_after=None
[2025-07-01T21:53:35.925+0000] {logging_mixin.py:190} INFO - [2025-07-01T21:53:35.925+0000] {dag.py:3239} INFO - Sync 2 DAGs
[2025-07-01T21:53:35.929+0000] {logging_mixin.py:190} INFO - [2025-07-01T21:53:35.929+0000] {dag.py:4180} INFO - Setting next_dagrun for example_subdag_operator.section-1 to None, run_after=None
[2025-07-01T21:53:35.930+0000] {logging_mixin.py:190} INFO - [2025-07-01T21:53:35.929+0000] {dag.py:4180} INFO - Setting next_dagrun for example_subdag_operator.section-2 to None, run_after=None
[2025-07-01T21:53:35.940+0000] {processor.py:208} INFO - Processing /home/airflow/.local/lib/python3.12/site-packages/airflow/example_dags/example_subdag_operator.py took 0.082 seconds
[2025-07-01T21:54:06.237+0000] {processor.py:186} INFO - Started process (PID=4665) to work on /home/airflow/.local/lib/python3.12/site-packages/airflow/example_dags/example_subdag_operator.py
[2025-07-01T21:54:06.238+0000] {processor.py:914} INFO - Processing file /home/airflow/.local/lib/python3.12/site-packages/airflow/example_dags/example_subdag_operator.py for tasks to queue
[2025-07-01T21:54:06.240+0000] {logging_mixin.py:190} INFO - [2025-07-01T21:54:06.239+0000] {dagbag.py:588} INFO - Filling up the DagBag from /home/airflow/.local/lib/python3.12/site-packages/airflow/example_dags/example_subdag_operator.py
[2025-07-01T21:54:06.262+0000] {processor.py:925} INFO - DAG(s) 'example_subdag_operator.section-1', 'example_subdag_operator.section-2', 'example_subdag_operator' retrieved from /home/airflow/.local/lib/python3.12/site-packages/airflow/example_dags/example_subdag_operator.py
[2025-07-01T21:54:06.275+0000] {logging_mixin.py:190} INFO - [2025-07-01T21:54:06.275+0000] {dag.py:3239} INFO - Sync 3 DAGs
[2025-07-01T21:54:06.295+0000] {logging_mixin.py:190} INFO - [2025-07-01T21:54:06.295+0000] {dag.py:4180} INFO - Setting next_dagrun for example_subdag_operator to 2022-01-01 00:00:00+00:00, run_after=2022-01-01 00:00:00+00:00
[2025-07-01T21:54:06.299+0000] {logging_mixin.py:190} INFO - [2025-07-01T21:54:06.299+0000] {dag.py:4180} INFO - Setting next_dagrun for example_subdag_operator.section-1 to None, run_after=None
[2025-07-01T21:54:06.300+0000] {logging_mixin.py:190} INFO - [2025-07-01T21:54:06.300+0000] {dag.py:4180} INFO - Setting next_dagrun for example_subdag_operator.section-2 to None, run_after=None
[2025-07-01T21:54:06.306+0000] {logging_mixin.py:190} INFO - [2025-07-01T21:54:06.306+0000] {dag.py:3239} INFO - Sync 2 DAGs
[2025-07-01T21:54:06.311+0000] {logging_mixin.py:190} INFO - [2025-07-01T21:54:06.310+0000] {dag.py:4180} INFO - Setting next_dagrun for example_subdag_operator.section-1 to None, run_after=None
[2025-07-01T21:54:06.311+0000] {logging_mixin.py:190} INFO - [2025-07-01T21:54:06.311+0000] {dag.py:4180} INFO - Setting next_dagrun for example_subdag_operator.section-2 to None, run_after=None
[2025-07-01T21:54:06.324+0000] {processor.py:208} INFO - Processing /home/airflow/.local/lib/python3.12/site-packages/airflow/example_dags/example_subdag_operator.py took 0.092 seconds
[2025-07-01T21:54:36.695+0000] {processor.py:186} INFO - Started process (PID=4728) to work on /home/airflow/.local/lib/python3.12/site-packages/airflow/example_dags/example_subdag_operator.py
[2025-07-01T21:54:36.696+0000] {processor.py:914} INFO - Processing file /home/airflow/.local/lib/python3.12/site-packages/airflow/example_dags/example_subdag_operator.py for tasks to queue
[2025-07-01T21:54:36.698+0000] {logging_mixin.py:190} INFO - [2025-07-01T21:54:36.698+0000] {dagbag.py:588} INFO - Filling up the DagBag from /home/airflow/.local/lib/python3.12/site-packages/airflow/example_dags/example_subdag_operator.py
[2025-07-01T21:54:36.726+0000] {processor.py:925} INFO - DAG(s) 'example_subdag_operator.section-1', 'example_subdag_operator.section-2', 'example_subdag_operator' retrieved from /home/airflow/.local/lib/python3.12/site-packages/airflow/example_dags/example_subdag_operator.py
[2025-07-01T21:54:36.742+0000] {logging_mixin.py:190} INFO - [2025-07-01T21:54:36.741+0000] {dag.py:3239} INFO - Sync 3 DAGs
[2025-07-01T21:54:36.770+0000] {logging_mixin.py:190} INFO - [2025-07-01T21:54:36.770+0000] {dag.py:4180} INFO - Setting next_dagrun for example_subdag_operator to 2022-01-01 00:00:00+00:00, run_after=2022-01-01 00:00:00+00:00
[2025-07-01T21:54:36.774+0000] {logging_mixin.py:190} INFO - [2025-07-01T21:54:36.774+0000] {dag.py:4180} INFO - Setting next_dagrun for example_subdag_operator.section-1 to None, run_after=None
[2025-07-01T21:54:36.776+0000] {logging_mixin.py:190} INFO - [2025-07-01T21:54:36.776+0000] {dag.py:4180} INFO - Setting next_dagrun for example_subdag_operator.section-2 to None, run_after=None
[2025-07-01T21:54:36.785+0000] {logging_mixin.py:190} INFO - [2025-07-01T21:54:36.785+0000] {dag.py:3239} INFO - Sync 2 DAGs
[2025-07-01T21:54:36.792+0000] {logging_mixin.py:190} INFO - [2025-07-01T21:54:36.792+0000] {dag.py:4180} INFO - Setting next_dagrun for example_subdag_operator.section-1 to None, run_after=None
[2025-07-01T21:54:36.793+0000] {logging_mixin.py:190} INFO - [2025-07-01T21:54:36.793+0000] {dag.py:4180} INFO - Setting next_dagrun for example_subdag_operator.section-2 to None, run_after=None
[2025-07-01T21:54:36.810+0000] {processor.py:208} INFO - Processing /home/airflow/.local/lib/python3.12/site-packages/airflow/example_dags/example_subdag_operator.py took 0.120 seconds
[2025-07-01T21:55:07.044+0000] {processor.py:186} INFO - Started process (PID=4791) to work on /home/airflow/.local/lib/python3.12/site-packages/airflow/example_dags/example_subdag_operator.py
[2025-07-01T21:55:07.044+0000] {processor.py:914} INFO - Processing file /home/airflow/.local/lib/python3.12/site-packages/airflow/example_dags/example_subdag_operator.py for tasks to queue
[2025-07-01T21:55:07.046+0000] {logging_mixin.py:190} INFO - [2025-07-01T21:55:07.046+0000] {dagbag.py:588} INFO - Filling up the DagBag from /home/airflow/.local/lib/python3.12/site-packages/airflow/example_dags/example_subdag_operator.py
[2025-07-01T21:55:07.070+0000] {processor.py:925} INFO - DAG(s) 'example_subdag_operator.section-1', 'example_subdag_operator.section-2', 'example_subdag_operator' retrieved from /home/airflow/.local/lib/python3.12/site-packages/airflow/example_dags/example_subdag_operator.py
[2025-07-01T21:55:07.083+0000] {logging_mixin.py:190} INFO - [2025-07-01T21:55:07.082+0000] {dag.py:3239} INFO - Sync 3 DAGs
[2025-07-01T21:55:07.101+0000] {logging_mixin.py:190} INFO - [2025-07-01T21:55:07.101+0000] {dag.py:4180} INFO - Setting next_dagrun for example_subdag_operator to 2022-01-01 00:00:00+00:00, run_after=2022-01-01 00:00:00+00:00
[2025-07-01T21:55:07.104+0000] {logging_mixin.py:190} INFO - [2025-07-01T21:55:07.104+0000] {dag.py:4180} INFO - Setting next_dagrun for example_subdag_operator.section-1 to None, run_after=None
[2025-07-01T21:55:07.106+0000] {logging_mixin.py:190} INFO - [2025-07-01T21:55:07.105+0000] {dag.py:4180} INFO - Setting next_dagrun for example_subdag_operator.section-2 to None, run_after=None
[2025-07-01T21:55:07.113+0000] {logging_mixin.py:190} INFO - [2025-07-01T21:55:07.113+0000] {dag.py:3239} INFO - Sync 2 DAGs
[2025-07-01T21:55:07.118+0000] {logging_mixin.py:190} INFO - [2025-07-01T21:55:07.118+0000] {dag.py:4180} INFO - Setting next_dagrun for example_subdag_operator.section-1 to None, run_after=None
[2025-07-01T21:55:07.119+0000] {logging_mixin.py:190} INFO - [2025-07-01T21:55:07.119+0000] {dag.py:4180} INFO - Setting next_dagrun for example_subdag_operator.section-2 to None, run_after=None
[2025-07-01T21:55:07.131+0000] {processor.py:208} INFO - Processing /home/airflow/.local/lib/python3.12/site-packages/airflow/example_dags/example_subdag_operator.py took 0.092 seconds
[2025-07-01T21:55:37.495+0000] {processor.py:186} INFO - Started process (PID=4855) to work on /home/airflow/.local/lib/python3.12/site-packages/airflow/example_dags/example_subdag_operator.py
[2025-07-01T21:55:37.496+0000] {processor.py:914} INFO - Processing file /home/airflow/.local/lib/python3.12/site-packages/airflow/example_dags/example_subdag_operator.py for tasks to queue
[2025-07-01T21:55:37.498+0000] {logging_mixin.py:190} INFO - [2025-07-01T21:55:37.498+0000] {dagbag.py:588} INFO - Filling up the DagBag from /home/airflow/.local/lib/python3.12/site-packages/airflow/example_dags/example_subdag_operator.py
[2025-07-01T21:55:37.523+0000] {processor.py:925} INFO - DAG(s) 'example_subdag_operator.section-1', 'example_subdag_operator.section-2', 'example_subdag_operator' retrieved from /home/airflow/.local/lib/python3.12/site-packages/airflow/example_dags/example_subdag_operator.py
[2025-07-01T21:55:37.535+0000] {logging_mixin.py:190} INFO - [2025-07-01T21:55:37.534+0000] {dag.py:3239} INFO - Sync 3 DAGs
[2025-07-01T21:55:37.556+0000] {logging_mixin.py:190} INFO - [2025-07-01T21:55:37.556+0000] {dag.py:4180} INFO - Setting next_dagrun for example_subdag_operator to 2022-01-01 00:00:00+00:00, run_after=2022-01-01 00:00:00+00:00
[2025-07-01T21:55:37.559+0000] {logging_mixin.py:190} INFO - [2025-07-01T21:55:37.559+0000] {dag.py:4180} INFO - Setting next_dagrun for example_subdag_operator.section-1 to None, run_after=None
[2025-07-01T21:55:37.560+0000] {logging_mixin.py:190} INFO - [2025-07-01T21:55:37.560+0000] {dag.py:4180} INFO - Setting next_dagrun for example_subdag_operator.section-2 to None, run_after=None
[2025-07-01T21:55:37.566+0000] {logging_mixin.py:190} INFO - [2025-07-01T21:55:37.566+0000] {dag.py:3239} INFO - Sync 2 DAGs
[2025-07-01T21:55:37.572+0000] {logging_mixin.py:190} INFO - [2025-07-01T21:55:37.572+0000] {dag.py:4180} INFO - Setting next_dagrun for example_subdag_operator.section-1 to None, run_after=None
[2025-07-01T21:55:37.572+0000] {logging_mixin.py:190} INFO - [2025-07-01T21:55:37.572+0000] {dag.py:4180} INFO - Setting next_dagrun for example_subdag_operator.section-2 to None, run_after=None
[2025-07-01T21:55:37.584+0000] {processor.py:208} INFO - Processing /home/airflow/.local/lib/python3.12/site-packages/airflow/example_dags/example_subdag_operator.py took 0.094 seconds
[2025-07-01T21:56:07.900+0000] {processor.py:186} INFO - Started process (PID=4918) to work on /home/airflow/.local/lib/python3.12/site-packages/airflow/example_dags/example_subdag_operator.py
[2025-07-01T21:56:07.901+0000] {processor.py:914} INFO - Processing file /home/airflow/.local/lib/python3.12/site-packages/airflow/example_dags/example_subdag_operator.py for tasks to queue
[2025-07-01T21:56:07.903+0000] {logging_mixin.py:190} INFO - [2025-07-01T21:56:07.902+0000] {dagbag.py:588} INFO - Filling up the DagBag from /home/airflow/.local/lib/python3.12/site-packages/airflow/example_dags/example_subdag_operator.py
[2025-07-01T21:56:07.925+0000] {processor.py:925} INFO - DAG(s) 'example_subdag_operator.section-1', 'example_subdag_operator.section-2', 'example_subdag_operator' retrieved from /home/airflow/.local/lib/python3.12/site-packages/airflow/example_dags/example_subdag_operator.py
[2025-07-01T21:56:07.938+0000] {logging_mixin.py:190} INFO - [2025-07-01T21:56:07.938+0000] {dag.py:3239} INFO - Sync 3 DAGs
[2025-07-01T21:56:07.958+0000] {logging_mixin.py:190} INFO - [2025-07-01T21:56:07.958+0000] {dag.py:4180} INFO - Setting next_dagrun for example_subdag_operator to 2022-01-01 00:00:00+00:00, run_after=2022-01-01 00:00:00+00:00
[2025-07-01T21:56:07.961+0000] {logging_mixin.py:190} INFO - [2025-07-01T21:56:07.961+0000] {dag.py:4180} INFO - Setting next_dagrun for example_subdag_operator.section-1 to None, run_after=None
[2025-07-01T21:56:07.962+0000] {logging_mixin.py:190} INFO - [2025-07-01T21:56:07.962+0000] {dag.py:4180} INFO - Setting next_dagrun for example_subdag_operator.section-2 to None, run_after=None
[2025-07-01T21:56:07.967+0000] {logging_mixin.py:190} INFO - [2025-07-01T21:56:07.967+0000] {dag.py:3239} INFO - Sync 2 DAGs
[2025-07-01T21:56:07.972+0000] {logging_mixin.py:190} INFO - [2025-07-01T21:56:07.972+0000] {dag.py:4180} INFO - Setting next_dagrun for example_subdag_operator.section-1 to None, run_after=None
[2025-07-01T21:56:07.972+0000] {logging_mixin.py:190} INFO - [2025-07-01T21:56:07.972+0000] {dag.py:4180} INFO - Setting next_dagrun for example_subdag_operator.section-2 to None, run_after=None
[2025-07-01T21:56:07.983+0000] {processor.py:208} INFO - Processing /home/airflow/.local/lib/python3.12/site-packages/airflow/example_dags/example_subdag_operator.py took 0.089 seconds
[2025-07-01T21:56:38.203+0000] {processor.py:186} INFO - Started process (PID=4981) to work on /home/airflow/.local/lib/python3.12/site-packages/airflow/example_dags/example_subdag_operator.py
[2025-07-01T21:56:38.204+0000] {processor.py:914} INFO - Processing file /home/airflow/.local/lib/python3.12/site-packages/airflow/example_dags/example_subdag_operator.py for tasks to queue
[2025-07-01T21:56:38.206+0000] {logging_mixin.py:190} INFO - [2025-07-01T21:56:38.206+0000] {dagbag.py:588} INFO - Filling up the DagBag from /home/airflow/.local/lib/python3.12/site-packages/airflow/example_dags/example_subdag_operator.py
[2025-07-01T21:56:38.228+0000] {processor.py:925} INFO - DAG(s) 'example_subdag_operator.section-1', 'example_subdag_operator.section-2', 'example_subdag_operator' retrieved from /home/airflow/.local/lib/python3.12/site-packages/airflow/example_dags/example_subdag_operator.py
[2025-07-01T21:56:38.241+0000] {logging_mixin.py:190} INFO - [2025-07-01T21:56:38.241+0000] {dag.py:3239} INFO - Sync 3 DAGs
[2025-07-01T21:56:38.260+0000] {logging_mixin.py:190} INFO - [2025-07-01T21:56:38.260+0000] {dag.py:4180} INFO - Setting next_dagrun for example_subdag_operator to 2022-01-01 00:00:00+00:00, run_after=2022-01-01 00:00:00+00:00
[2025-07-01T21:56:38.263+0000] {logging_mixin.py:190} INFO - [2025-07-01T21:56:38.263+0000] {dag.py:4180} INFO - Setting next_dagrun for example_subdag_operator.section-1 to None, run_after=None
[2025-07-01T21:56:38.264+0000] {logging_mixin.py:190} INFO - [2025-07-01T21:56:38.264+0000] {dag.py:4180} INFO - Setting next_dagrun for example_subdag_operator.section-2 to None, run_after=None
[2025-07-01T21:56:38.270+0000] {logging_mixin.py:190} INFO - [2025-07-01T21:56:38.270+0000] {dag.py:3239} INFO - Sync 2 DAGs
[2025-07-01T21:56:38.275+0000] {logging_mixin.py:190} INFO - [2025-07-01T21:56:38.275+0000] {dag.py:4180} INFO - Setting next_dagrun for example_subdag_operator.section-1 to None, run_after=None
[2025-07-01T21:56:38.276+0000] {logging_mixin.py:190} INFO - [2025-07-01T21:56:38.276+0000] {dag.py:4180} INFO - Setting next_dagrun for example_subdag_operator.section-2 to None, run_after=None
[2025-07-01T21:56:38.290+0000] {processor.py:208} INFO - Processing /home/airflow/.local/lib/python3.12/site-packages/airflow/example_dags/example_subdag_operator.py took 0.092 seconds
[2025-07-01T21:57:08.613+0000] {processor.py:186} INFO - Started process (PID=5045) to work on /home/airflow/.local/lib/python3.12/site-packages/airflow/example_dags/example_subdag_operator.py
[2025-07-01T21:57:08.614+0000] {processor.py:914} INFO - Processing file /home/airflow/.local/lib/python3.12/site-packages/airflow/example_dags/example_subdag_operator.py for tasks to queue
[2025-07-01T21:57:08.616+0000] {logging_mixin.py:190} INFO - [2025-07-01T21:57:08.616+0000] {dagbag.py:588} INFO - Filling up the DagBag from /home/airflow/.local/lib/python3.12/site-packages/airflow/example_dags/example_subdag_operator.py
[2025-07-01T21:57:08.638+0000] {processor.py:925} INFO - DAG(s) 'example_subdag_operator.section-1', 'example_subdag_operator.section-2', 'example_subdag_operator' retrieved from /home/airflow/.local/lib/python3.12/site-packages/airflow/example_dags/example_subdag_operator.py
[2025-07-01T21:57:08.650+0000] {logging_mixin.py:190} INFO - [2025-07-01T21:57:08.649+0000] {dag.py:3239} INFO - Sync 3 DAGs
[2025-07-01T21:57:08.669+0000] {logging_mixin.py:190} INFO - [2025-07-01T21:57:08.669+0000] {dag.py:4180} INFO - Setting next_dagrun for example_subdag_operator to 2022-01-01 00:00:00+00:00, run_after=2022-01-01 00:00:00+00:00
[2025-07-01T21:57:08.672+0000] {logging_mixin.py:190} INFO - [2025-07-01T21:57:08.672+0000] {dag.py:4180} INFO - Setting next_dagrun for example_subdag_operator.section-1 to None, run_after=None
[2025-07-01T21:57:08.673+0000] {logging_mixin.py:190} INFO - [2025-07-01T21:57:08.673+0000] {dag.py:4180} INFO - Setting next_dagrun for example_subdag_operator.section-2 to None, run_after=None
[2025-07-01T21:57:08.679+0000] {logging_mixin.py:190} INFO - [2025-07-01T21:57:08.678+0000] {dag.py:3239} INFO - Sync 2 DAGs
[2025-07-01T21:57:08.683+0000] {logging_mixin.py:190} INFO - [2025-07-01T21:57:08.683+0000] {dag.py:4180} INFO - Setting next_dagrun for example_subdag_operator.section-1 to None, run_after=None
[2025-07-01T21:57:08.684+0000] {logging_mixin.py:190} INFO - [2025-07-01T21:57:08.683+0000] {dag.py:4180} INFO - Setting next_dagrun for example_subdag_operator.section-2 to None, run_after=None
[2025-07-01T21:57:08.694+0000] {processor.py:208} INFO - Processing /home/airflow/.local/lib/python3.12/site-packages/airflow/example_dags/example_subdag_operator.py took 0.087 seconds
[2025-07-01T21:57:38.988+0000] {processor.py:186} INFO - Started process (PID=5108) to work on /home/airflow/.local/lib/python3.12/site-packages/airflow/example_dags/example_subdag_operator.py
[2025-07-01T21:57:38.989+0000] {processor.py:914} INFO - Processing file /home/airflow/.local/lib/python3.12/site-packages/airflow/example_dags/example_subdag_operator.py for tasks to queue
[2025-07-01T21:57:38.991+0000] {logging_mixin.py:190} INFO - [2025-07-01T21:57:38.991+0000] {dagbag.py:588} INFO - Filling up the DagBag from /home/airflow/.local/lib/python3.12/site-packages/airflow/example_dags/example_subdag_operator.py
[2025-07-01T21:57:39.018+0000] {processor.py:925} INFO - DAG(s) 'example_subdag_operator.section-1', 'example_subdag_operator.section-2', 'example_subdag_operator' retrieved from /home/airflow/.local/lib/python3.12/site-packages/airflow/example_dags/example_subdag_operator.py
[2025-07-01T21:57:39.031+0000] {logging_mixin.py:190} INFO - [2025-07-01T21:57:39.031+0000] {dag.py:3239} INFO - Sync 3 DAGs
[2025-07-01T21:57:39.051+0000] {logging_mixin.py:190} INFO - [2025-07-01T21:57:39.051+0000] {dag.py:4180} INFO - Setting next_dagrun for example_subdag_operator to 2022-01-01 00:00:00+00:00, run_after=2022-01-01 00:00:00+00:00
[2025-07-01T21:57:39.055+0000] {logging_mixin.py:190} INFO - [2025-07-01T21:57:39.055+0000] {dag.py:4180} INFO - Setting next_dagrun for example_subdag_operator.section-1 to None, run_after=None
[2025-07-01T21:57:39.057+0000] {logging_mixin.py:190} INFO - [2025-07-01T21:57:39.057+0000] {dag.py:4180} INFO - Setting next_dagrun for example_subdag_operator.section-2 to None, run_after=None
[2025-07-01T21:57:39.063+0000] {logging_mixin.py:190} INFO - [2025-07-01T21:57:39.063+0000] {dag.py:3239} INFO - Sync 2 DAGs
[2025-07-01T21:57:39.068+0000] {logging_mixin.py:190} INFO - [2025-07-01T21:57:39.067+0000] {dag.py:4180} INFO - Setting next_dagrun for example_subdag_operator.section-1 to None, run_after=None
[2025-07-01T21:57:39.068+0000] {logging_mixin.py:190} INFO - [2025-07-01T21:57:39.068+0000] {dag.py:4180} INFO - Setting next_dagrun for example_subdag_operator.section-2 to None, run_after=None
[2025-07-01T21:57:39.080+0000] {processor.py:208} INFO - Processing /home/airflow/.local/lib/python3.12/site-packages/airflow/example_dags/example_subdag_operator.py took 0.098 seconds
[2025-07-01T21:58:09.420+0000] {processor.py:186} INFO - Started process (PID=5171) to work on /home/airflow/.local/lib/python3.12/site-packages/airflow/example_dags/example_subdag_operator.py
[2025-07-01T21:58:09.421+0000] {processor.py:914} INFO - Processing file /home/airflow/.local/lib/python3.12/site-packages/airflow/example_dags/example_subdag_operator.py for tasks to queue
[2025-07-01T21:58:09.423+0000] {logging_mixin.py:190} INFO - [2025-07-01T21:58:09.422+0000] {dagbag.py:588} INFO - Filling up the DagBag from /home/airflow/.local/lib/python3.12/site-packages/airflow/example_dags/example_subdag_operator.py
[2025-07-01T21:58:09.446+0000] {processor.py:925} INFO - DAG(s) 'example_subdag_operator.section-1', 'example_subdag_operator.section-2', 'example_subdag_operator' retrieved from /home/airflow/.local/lib/python3.12/site-packages/airflow/example_dags/example_subdag_operator.py
[2025-07-01T21:58:09.459+0000] {logging_mixin.py:190} INFO - [2025-07-01T21:58:09.459+0000] {dag.py:3239} INFO - Sync 3 DAGs
[2025-07-01T21:58:09.477+0000] {logging_mixin.py:190} INFO - [2025-07-01T21:58:09.477+0000] {dag.py:4180} INFO - Setting next_dagrun for example_subdag_operator to 2022-01-01 00:00:00+00:00, run_after=2022-01-01 00:00:00+00:00
[2025-07-01T21:58:09.481+0000] {logging_mixin.py:190} INFO - [2025-07-01T21:58:09.480+0000] {dag.py:4180} INFO - Setting next_dagrun for example_subdag_operator.section-1 to None, run_after=None
[2025-07-01T21:58:09.482+0000] {logging_mixin.py:190} INFO - [2025-07-01T21:58:09.482+0000] {dag.py:4180} INFO - Setting next_dagrun for example_subdag_operator.section-2 to None, run_after=None
[2025-07-01T21:58:09.488+0000] {logging_mixin.py:190} INFO - [2025-07-01T21:58:09.488+0000] {dag.py:3239} INFO - Sync 2 DAGs
[2025-07-01T21:58:09.494+0000] {logging_mixin.py:190} INFO - [2025-07-01T21:58:09.493+0000] {dag.py:4180} INFO - Setting next_dagrun for example_subdag_operator.section-1 to None, run_after=None
[2025-07-01T21:58:09.494+0000] {logging_mixin.py:190} INFO - [2025-07-01T21:58:09.494+0000] {dag.py:4180} INFO - Setting next_dagrun for example_subdag_operator.section-2 to None, run_after=None
[2025-07-01T21:58:09.506+0000] {processor.py:208} INFO - Processing /home/airflow/.local/lib/python3.12/site-packages/airflow/example_dags/example_subdag_operator.py took 0.092 seconds
[2025-07-01T21:58:39.763+0000] {processor.py:186} INFO - Started process (PID=5234) to work on /home/airflow/.local/lib/python3.12/site-packages/airflow/example_dags/example_subdag_operator.py
[2025-07-01T21:58:39.764+0000] {processor.py:914} INFO - Processing file /home/airflow/.local/lib/python3.12/site-packages/airflow/example_dags/example_subdag_operator.py for tasks to queue
[2025-07-01T21:58:39.766+0000] {logging_mixin.py:190} INFO - [2025-07-01T21:58:39.766+0000] {dagbag.py:588} INFO - Filling up the DagBag from /home/airflow/.local/lib/python3.12/site-packages/airflow/example_dags/example_subdag_operator.py
[2025-07-01T21:58:39.791+0000] {processor.py:925} INFO - DAG(s) 'example_subdag_operator.section-1', 'example_subdag_operator.section-2', 'example_subdag_operator' retrieved from /home/airflow/.local/lib/python3.12/site-packages/airflow/example_dags/example_subdag_operator.py
[2025-07-01T21:58:39.803+0000] {logging_mixin.py:190} INFO - [2025-07-01T21:58:39.803+0000] {dag.py:3239} INFO - Sync 3 DAGs
[2025-07-01T21:58:39.823+0000] {logging_mixin.py:190} INFO - [2025-07-01T21:58:39.823+0000] {dag.py:4180} INFO - Setting next_dagrun for example_subdag_operator to 2022-01-01 00:00:00+00:00, run_after=2022-01-01 00:00:00+00:00
[2025-07-01T21:58:39.826+0000] {logging_mixin.py:190} INFO - [2025-07-01T21:58:39.826+0000] {dag.py:4180} INFO - Setting next_dagrun for example_subdag_operator.section-1 to None, run_after=None
[2025-07-01T21:58:39.827+0000] {logging_mixin.py:190} INFO - [2025-07-01T21:58:39.827+0000] {dag.py:4180} INFO - Setting next_dagrun for example_subdag_operator.section-2 to None, run_after=None
[2025-07-01T21:58:39.833+0000] {logging_mixin.py:190} INFO - [2025-07-01T21:58:39.833+0000] {dag.py:3239} INFO - Sync 2 DAGs
[2025-07-01T21:58:39.838+0000] {logging_mixin.py:190} INFO - [2025-07-01T21:58:39.838+0000] {dag.py:4180} INFO - Setting next_dagrun for example_subdag_operator.section-1 to None, run_after=None
[2025-07-01T21:58:39.839+0000] {logging_mixin.py:190} INFO - [2025-07-01T21:58:39.839+0000] {dag.py:4180} INFO - Setting next_dagrun for example_subdag_operator.section-2 to None, run_after=None
[2025-07-01T21:58:39.851+0000] {processor.py:208} INFO - Processing /home/airflow/.local/lib/python3.12/site-packages/airflow/example_dags/example_subdag_operator.py took 0.094 seconds
[2025-07-01T21:59:10.403+0000] {processor.py:186} INFO - Started process (PID=5297) to work on /home/airflow/.local/lib/python3.12/site-packages/airflow/example_dags/example_subdag_operator.py
[2025-07-01T21:59:10.404+0000] {processor.py:914} INFO - Processing file /home/airflow/.local/lib/python3.12/site-packages/airflow/example_dags/example_subdag_operator.py for tasks to queue
[2025-07-01T21:59:10.406+0000] {logging_mixin.py:190} INFO - [2025-07-01T21:59:10.406+0000] {dagbag.py:588} INFO - Filling up the DagBag from /home/airflow/.local/lib/python3.12/site-packages/airflow/example_dags/example_subdag_operator.py
[2025-07-01T21:59:10.430+0000] {processor.py:925} INFO - DAG(s) 'example_subdag_operator.section-1', 'example_subdag_operator.section-2', 'example_subdag_operator' retrieved from /home/airflow/.local/lib/python3.12/site-packages/airflow/example_dags/example_subdag_operator.py
[2025-07-01T21:59:10.442+0000] {logging_mixin.py:190} INFO - [2025-07-01T21:59:10.442+0000] {dag.py:3239} INFO - Sync 3 DAGs
[2025-07-01T21:59:10.462+0000] {logging_mixin.py:190} INFO - [2025-07-01T21:59:10.462+0000] {dag.py:4180} INFO - Setting next_dagrun for example_subdag_operator to 2022-01-01 00:00:00+00:00, run_after=2022-01-01 00:00:00+00:00
[2025-07-01T21:59:10.465+0000] {logging_mixin.py:190} INFO - [2025-07-01T21:59:10.465+0000] {dag.py:4180} INFO - Setting next_dagrun for example_subdag_operator.section-1 to None, run_after=None
[2025-07-01T21:59:10.467+0000] {logging_mixin.py:190} INFO - [2025-07-01T21:59:10.467+0000] {dag.py:4180} INFO - Setting next_dagrun for example_subdag_operator.section-2 to None, run_after=None
[2025-07-01T21:59:10.473+0000] {logging_mixin.py:190} INFO - [2025-07-01T21:59:10.473+0000] {dag.py:3239} INFO - Sync 2 DAGs
[2025-07-01T21:59:10.477+0000] {logging_mixin.py:190} INFO - [2025-07-01T21:59:10.477+0000] {dag.py:4180} INFO - Setting next_dagrun for example_subdag_operator.section-1 to None, run_after=None
[2025-07-01T21:59:10.478+0000] {logging_mixin.py:190} INFO - [2025-07-01T21:59:10.478+0000] {dag.py:4180} INFO - Setting next_dagrun for example_subdag_operator.section-2 to None, run_after=None
[2025-07-01T21:59:10.490+0000] {processor.py:208} INFO - Processing /home/airflow/.local/lib/python3.12/site-packages/airflow/example_dags/example_subdag_operator.py took 0.093 seconds
[2025-07-01T21:59:41.055+0000] {processor.py:186} INFO - Started process (PID=5360) to work on /home/airflow/.local/lib/python3.12/site-packages/airflow/example_dags/example_subdag_operator.py
[2025-07-01T21:59:41.056+0000] {processor.py:914} INFO - Processing file /home/airflow/.local/lib/python3.12/site-packages/airflow/example_dags/example_subdag_operator.py for tasks to queue
[2025-07-01T21:59:41.060+0000] {logging_mixin.py:190} INFO - [2025-07-01T21:59:41.059+0000] {dagbag.py:588} INFO - Filling up the DagBag from /home/airflow/.local/lib/python3.12/site-packages/airflow/example_dags/example_subdag_operator.py
[2025-07-01T21:59:41.086+0000] {processor.py:925} INFO - DAG(s) 'example_subdag_operator.section-1', 'example_subdag_operator.section-2', 'example_subdag_operator' retrieved from /home/airflow/.local/lib/python3.12/site-packages/airflow/example_dags/example_subdag_operator.py
[2025-07-01T21:59:41.102+0000] {logging_mixin.py:190} INFO - [2025-07-01T21:59:41.102+0000] {dag.py:3239} INFO - Sync 3 DAGs
[2025-07-01T21:59:41.127+0000] {logging_mixin.py:190} INFO - [2025-07-01T21:59:41.127+0000] {dag.py:4180} INFO - Setting next_dagrun for example_subdag_operator to 2022-01-01 00:00:00+00:00, run_after=2022-01-01 00:00:00+00:00
[2025-07-01T21:59:41.131+0000] {logging_mixin.py:190} INFO - [2025-07-01T21:59:41.131+0000] {dag.py:4180} INFO - Setting next_dagrun for example_subdag_operator.section-1 to None, run_after=None
[2025-07-01T21:59:41.133+0000] {logging_mixin.py:190} INFO - [2025-07-01T21:59:41.132+0000] {dag.py:4180} INFO - Setting next_dagrun for example_subdag_operator.section-2 to None, run_after=None
[2025-07-01T21:59:41.139+0000] {logging_mixin.py:190} INFO - [2025-07-01T21:59:41.139+0000] {dag.py:3239} INFO - Sync 2 DAGs
[2025-07-01T21:59:41.145+0000] {logging_mixin.py:190} INFO - [2025-07-01T21:59:41.145+0000] {dag.py:4180} INFO - Setting next_dagrun for example_subdag_operator.section-1 to None, run_after=None
[2025-07-01T21:59:41.146+0000] {logging_mixin.py:190} INFO - [2025-07-01T21:59:41.145+0000] {dag.py:4180} INFO - Setting next_dagrun for example_subdag_operator.section-2 to None, run_after=None
[2025-07-01T21:59:41.162+0000] {processor.py:208} INFO - Processing /home/airflow/.local/lib/python3.12/site-packages/airflow/example_dags/example_subdag_operator.py took 0.113 seconds
[2025-07-01T22:00:11.661+0000] {processor.py:186} INFO - Started process (PID=5424) to work on /home/airflow/.local/lib/python3.12/site-packages/airflow/example_dags/example_subdag_operator.py
[2025-07-01T22:00:11.662+0000] {processor.py:914} INFO - Processing file /home/airflow/.local/lib/python3.12/site-packages/airflow/example_dags/example_subdag_operator.py for tasks to queue
[2025-07-01T22:00:11.664+0000] {logging_mixin.py:190} INFO - [2025-07-01T22:00:11.664+0000] {dagbag.py:588} INFO - Filling up the DagBag from /home/airflow/.local/lib/python3.12/site-packages/airflow/example_dags/example_subdag_operator.py
[2025-07-01T22:00:11.688+0000] {processor.py:925} INFO - DAG(s) 'example_subdag_operator.section-1', 'example_subdag_operator.section-2', 'example_subdag_operator' retrieved from /home/airflow/.local/lib/python3.12/site-packages/airflow/example_dags/example_subdag_operator.py
[2025-07-01T22:00:11.703+0000] {logging_mixin.py:190} INFO - [2025-07-01T22:00:11.702+0000] {dag.py:3239} INFO - Sync 3 DAGs
[2025-07-01T22:00:11.722+0000] {logging_mixin.py:190} INFO - [2025-07-01T22:00:11.722+0000] {dag.py:4180} INFO - Setting next_dagrun for example_subdag_operator to 2022-01-01 00:00:00+00:00, run_after=2022-01-01 00:00:00+00:00
[2025-07-01T22:00:11.725+0000] {logging_mixin.py:190} INFO - [2025-07-01T22:00:11.725+0000] {dag.py:4180} INFO - Setting next_dagrun for example_subdag_operator.section-1 to None, run_after=None
[2025-07-01T22:00:11.727+0000] {logging_mixin.py:190} INFO - [2025-07-01T22:00:11.727+0000] {dag.py:4180} INFO - Setting next_dagrun for example_subdag_operator.section-2 to None, run_after=None
[2025-07-01T22:00:11.734+0000] {logging_mixin.py:190} INFO - [2025-07-01T22:00:11.734+0000] {dag.py:3239} INFO - Sync 2 DAGs
[2025-07-01T22:00:11.740+0000] {logging_mixin.py:190} INFO - [2025-07-01T22:00:11.740+0000] {dag.py:4180} INFO - Setting next_dagrun for example_subdag_operator.section-1 to None, run_after=None
[2025-07-01T22:00:11.741+0000] {logging_mixin.py:190} INFO - [2025-07-01T22:00:11.741+0000] {dag.py:4180} INFO - Setting next_dagrun for example_subdag_operator.section-2 to None, run_after=None
[2025-07-01T22:00:11.753+0000] {processor.py:208} INFO - Processing /home/airflow/.local/lib/python3.12/site-packages/airflow/example_dags/example_subdag_operator.py took 0.099 seconds
[2025-07-01T22:00:42.182+0000] {processor.py:186} INFO - Started process (PID=5487) to work on /home/airflow/.local/lib/python3.12/site-packages/airflow/example_dags/example_subdag_operator.py
[2025-07-01T22:00:42.184+0000] {processor.py:914} INFO - Processing file /home/airflow/.local/lib/python3.12/site-packages/airflow/example_dags/example_subdag_operator.py for tasks to queue
[2025-07-01T22:00:42.189+0000] {logging_mixin.py:190} INFO - [2025-07-01T22:00:42.188+0000] {dagbag.py:588} INFO - Filling up the DagBag from /home/airflow/.local/lib/python3.12/site-packages/airflow/example_dags/example_subdag_operator.py
[2025-07-01T22:00:42.229+0000] {processor.py:925} INFO - DAG(s) 'example_subdag_operator.section-1', 'example_subdag_operator.section-2', 'example_subdag_operator' retrieved from /home/airflow/.local/lib/python3.12/site-packages/airflow/example_dags/example_subdag_operator.py
[2025-07-01T22:00:42.251+0000] {logging_mixin.py:190} INFO - [2025-07-01T22:00:42.250+0000] {dag.py:3239} INFO - Sync 3 DAGs
[2025-07-01T22:00:42.282+0000] {logging_mixin.py:190} INFO - [2025-07-01T22:00:42.282+0000] {dag.py:4180} INFO - Setting next_dagrun for example_subdag_operator to 2022-01-01 00:00:00+00:00, run_after=2022-01-01 00:00:00+00:00
[2025-07-01T22:00:42.287+0000] {logging_mixin.py:190} INFO - [2025-07-01T22:00:42.287+0000] {dag.py:4180} INFO - Setting next_dagrun for example_subdag_operator.section-1 to None, run_after=None
[2025-07-01T22:00:42.291+0000] {logging_mixin.py:190} INFO - [2025-07-01T22:00:42.290+0000] {dag.py:4180} INFO - Setting next_dagrun for example_subdag_operator.section-2 to None, run_after=None
[2025-07-01T22:00:42.301+0000] {logging_mixin.py:190} INFO - [2025-07-01T22:00:42.300+0000] {dag.py:3239} INFO - Sync 2 DAGs
[2025-07-01T22:00:42.309+0000] {logging_mixin.py:190} INFO - [2025-07-01T22:00:42.309+0000] {dag.py:4180} INFO - Setting next_dagrun for example_subdag_operator.section-1 to None, run_after=None
[2025-07-01T22:00:42.310+0000] {logging_mixin.py:190} INFO - [2025-07-01T22:00:42.310+0000] {dag.py:4180} INFO - Setting next_dagrun for example_subdag_operator.section-2 to None, run_after=None
[2025-07-01T22:00:42.325+0000] {processor.py:208} INFO - Processing /home/airflow/.local/lib/python3.12/site-packages/airflow/example_dags/example_subdag_operator.py took 0.155 seconds
[2025-07-01T22:01:12.997+0000] {processor.py:186} INFO - Started process (PID=5551) to work on /home/airflow/.local/lib/python3.12/site-packages/airflow/example_dags/example_subdag_operator.py
[2025-07-01T22:01:12.998+0000] {processor.py:914} INFO - Processing file /home/airflow/.local/lib/python3.12/site-packages/airflow/example_dags/example_subdag_operator.py for tasks to queue
[2025-07-01T22:01:13.000+0000] {logging_mixin.py:190} INFO - [2025-07-01T22:01:13.000+0000] {dagbag.py:588} INFO - Filling up the DagBag from /home/airflow/.local/lib/python3.12/site-packages/airflow/example_dags/example_subdag_operator.py
[2025-07-01T22:01:13.022+0000] {processor.py:925} INFO - DAG(s) 'example_subdag_operator.section-1', 'example_subdag_operator.section-2', 'example_subdag_operator' retrieved from /home/airflow/.local/lib/python3.12/site-packages/airflow/example_dags/example_subdag_operator.py
[2025-07-01T22:01:13.034+0000] {logging_mixin.py:190} INFO - [2025-07-01T22:01:13.034+0000] {dag.py:3239} INFO - Sync 3 DAGs
[2025-07-01T22:01:13.052+0000] {logging_mixin.py:190} INFO - [2025-07-01T22:01:13.052+0000] {dag.py:4180} INFO - Setting next_dagrun for example_subdag_operator to 2022-01-01 00:00:00+00:00, run_after=2022-01-01 00:00:00+00:00
[2025-07-01T22:01:13.055+0000] {logging_mixin.py:190} INFO - [2025-07-01T22:01:13.055+0000] {dag.py:4180} INFO - Setting next_dagrun for example_subdag_operator.section-1 to None, run_after=None
[2025-07-01T22:01:13.057+0000] {logging_mixin.py:190} INFO - [2025-07-01T22:01:13.057+0000] {dag.py:4180} INFO - Setting next_dagrun for example_subdag_operator.section-2 to None, run_after=None
[2025-07-01T22:01:13.062+0000] {logging_mixin.py:190} INFO - [2025-07-01T22:01:13.062+0000] {dag.py:3239} INFO - Sync 2 DAGs
[2025-07-01T22:01:13.067+0000] {logging_mixin.py:190} INFO - [2025-07-01T22:01:13.067+0000] {dag.py:4180} INFO - Setting next_dagrun for example_subdag_operator.section-1 to None, run_after=None
[2025-07-01T22:01:13.068+0000] {logging_mixin.py:190} INFO - [2025-07-01T22:01:13.068+0000] {dag.py:4180} INFO - Setting next_dagrun for example_subdag_operator.section-2 to None, run_after=None
[2025-07-01T22:01:13.082+0000] {processor.py:208} INFO - Processing /home/airflow/.local/lib/python3.12/site-packages/airflow/example_dags/example_subdag_operator.py took 0.090 seconds
[2025-07-01T22:01:43.862+0000] {processor.py:186} INFO - Started process (PID=5614) to work on /home/airflow/.local/lib/python3.12/site-packages/airflow/example_dags/example_subdag_operator.py
[2025-07-01T22:01:43.863+0000] {processor.py:914} INFO - Processing file /home/airflow/.local/lib/python3.12/site-packages/airflow/example_dags/example_subdag_operator.py for tasks to queue
[2025-07-01T22:01:43.865+0000] {logging_mixin.py:190} INFO - [2025-07-01T22:01:43.865+0000] {dagbag.py:588} INFO - Filling up the DagBag from /home/airflow/.local/lib/python3.12/site-packages/airflow/example_dags/example_subdag_operator.py
[2025-07-01T22:01:43.890+0000] {processor.py:925} INFO - DAG(s) 'example_subdag_operator.section-1', 'example_subdag_operator.section-2', 'example_subdag_operator' retrieved from /home/airflow/.local/lib/python3.12/site-packages/airflow/example_dags/example_subdag_operator.py
[2025-07-01T22:01:43.903+0000] {logging_mixin.py:190} INFO - [2025-07-01T22:01:43.903+0000] {dag.py:3239} INFO - Sync 3 DAGs
[2025-07-01T22:01:43.924+0000] {logging_mixin.py:190} INFO - [2025-07-01T22:01:43.924+0000] {dag.py:4180} INFO - Setting next_dagrun for example_subdag_operator to 2022-01-01 00:00:00+00:00, run_after=2022-01-01 00:00:00+00:00
[2025-07-01T22:01:43.927+0000] {logging_mixin.py:190} INFO - [2025-07-01T22:01:43.927+0000] {dag.py:4180} INFO - Setting next_dagrun for example_subdag_operator.section-1 to None, run_after=None
[2025-07-01T22:01:43.929+0000] {logging_mixin.py:190} INFO - [2025-07-01T22:01:43.929+0000] {dag.py:4180} INFO - Setting next_dagrun for example_subdag_operator.section-2 to None, run_after=None
[2025-07-01T22:01:43.936+0000] {logging_mixin.py:190} INFO - [2025-07-01T22:01:43.935+0000] {dag.py:3239} INFO - Sync 2 DAGs
[2025-07-01T22:01:43.942+0000] {logging_mixin.py:190} INFO - [2025-07-01T22:01:43.941+0000] {dag.py:4180} INFO - Setting next_dagrun for example_subdag_operator.section-1 to None, run_after=None
[2025-07-01T22:01:43.942+0000] {logging_mixin.py:190} INFO - [2025-07-01T22:01:43.942+0000] {dag.py:4180} INFO - Setting next_dagrun for example_subdag_operator.section-2 to None, run_after=None
[2025-07-01T22:01:43.955+0000] {processor.py:208} INFO - Processing /home/airflow/.local/lib/python3.12/site-packages/airflow/example_dags/example_subdag_operator.py took 0.098 seconds
[2025-07-01T22:02:14.283+0000] {processor.py:186} INFO - Started process (PID=5677) to work on /home/airflow/.local/lib/python3.12/site-packages/airflow/example_dags/example_subdag_operator.py
[2025-07-01T22:02:14.284+0000] {processor.py:914} INFO - Processing file /home/airflow/.local/lib/python3.12/site-packages/airflow/example_dags/example_subdag_operator.py for tasks to queue
[2025-07-01T22:02:14.286+0000] {logging_mixin.py:190} INFO - [2025-07-01T22:02:14.286+0000] {dagbag.py:588} INFO - Filling up the DagBag from /home/airflow/.local/lib/python3.12/site-packages/airflow/example_dags/example_subdag_operator.py
[2025-07-01T22:02:14.309+0000] {processor.py:925} INFO - DAG(s) 'example_subdag_operator.section-1', 'example_subdag_operator.section-2', 'example_subdag_operator' retrieved from /home/airflow/.local/lib/python3.12/site-packages/airflow/example_dags/example_subdag_operator.py
[2025-07-01T22:02:14.321+0000] {logging_mixin.py:190} INFO - [2025-07-01T22:02:14.321+0000] {dag.py:3239} INFO - Sync 3 DAGs
[2025-07-01T22:02:14.341+0000] {logging_mixin.py:190} INFO - [2025-07-01T22:02:14.341+0000] {dag.py:4180} INFO - Setting next_dagrun for example_subdag_operator to 2022-01-01 00:00:00+00:00, run_after=2022-01-01 00:00:00+00:00
[2025-07-01T22:02:14.344+0000] {logging_mixin.py:190} INFO - [2025-07-01T22:02:14.344+0000] {dag.py:4180} INFO - Setting next_dagrun for example_subdag_operator.section-1 to None, run_after=None
[2025-07-01T22:02:14.345+0000] {logging_mixin.py:190} INFO - [2025-07-01T22:02:14.345+0000] {dag.py:4180} INFO - Setting next_dagrun for example_subdag_operator.section-2 to None, run_after=None
[2025-07-01T22:02:14.351+0000] {logging_mixin.py:190} INFO - [2025-07-01T22:02:14.351+0000] {dag.py:3239} INFO - Sync 2 DAGs
[2025-07-01T22:02:14.355+0000] {logging_mixin.py:190} INFO - [2025-07-01T22:02:14.355+0000] {dag.py:4180} INFO - Setting next_dagrun for example_subdag_operator.section-1 to None, run_after=None
[2025-07-01T22:02:14.356+0000] {logging_mixin.py:190} INFO - [2025-07-01T22:02:14.356+0000] {dag.py:4180} INFO - Setting next_dagrun for example_subdag_operator.section-2 to None, run_after=None
[2025-07-01T22:02:14.366+0000] {processor.py:208} INFO - Processing /home/airflow/.local/lib/python3.12/site-packages/airflow/example_dags/example_subdag_operator.py took 0.089 seconds
[2025-07-01T22:02:45.825+0000] {processor.py:186} INFO - Started process (PID=5740) to work on /home/airflow/.local/lib/python3.12/site-packages/airflow/example_dags/example_subdag_operator.py
[2025-07-01T22:02:45.826+0000] {processor.py:914} INFO - Processing file /home/airflow/.local/lib/python3.12/site-packages/airflow/example_dags/example_subdag_operator.py for tasks to queue
[2025-07-01T22:02:45.829+0000] {logging_mixin.py:190} INFO - [2025-07-01T22:02:45.829+0000] {dagbag.py:588} INFO - Filling up the DagBag from /home/airflow/.local/lib/python3.12/site-packages/airflow/example_dags/example_subdag_operator.py
[2025-07-01T22:02:45.858+0000] {processor.py:925} INFO - DAG(s) 'example_subdag_operator.section-1', 'example_subdag_operator.section-2', 'example_subdag_operator' retrieved from /home/airflow/.local/lib/python3.12/site-packages/airflow/example_dags/example_subdag_operator.py
[2025-07-01T22:02:45.874+0000] {logging_mixin.py:190} INFO - [2025-07-01T22:02:45.874+0000] {dag.py:3239} INFO - Sync 3 DAGs
[2025-07-01T22:02:45.897+0000] {logging_mixin.py:190} INFO - [2025-07-01T22:02:45.896+0000] {dag.py:4180} INFO - Setting next_dagrun for example_subdag_operator to 2022-01-01 00:00:00+00:00, run_after=2022-01-01 00:00:00+00:00
[2025-07-01T22:02:45.901+0000] {logging_mixin.py:190} INFO - [2025-07-01T22:02:45.901+0000] {dag.py:4180} INFO - Setting next_dagrun for example_subdag_operator.section-1 to None, run_after=None
[2025-07-01T22:02:45.902+0000] {logging_mixin.py:190} INFO - [2025-07-01T22:02:45.902+0000] {dag.py:4180} INFO - Setting next_dagrun for example_subdag_operator.section-2 to None, run_after=None
[2025-07-01T22:02:45.909+0000] {logging_mixin.py:190} INFO - [2025-07-01T22:02:45.909+0000] {dag.py:3239} INFO - Sync 2 DAGs
[2025-07-01T22:02:45.915+0000] {logging_mixin.py:190} INFO - [2025-07-01T22:02:45.915+0000] {dag.py:4180} INFO - Setting next_dagrun for example_subdag_operator.section-1 to None, run_after=None
[2025-07-01T22:02:45.916+0000] {logging_mixin.py:190} INFO - [2025-07-01T22:02:45.916+0000] {dag.py:4180} INFO - Setting next_dagrun for example_subdag_operator.section-2 to None, run_after=None
[2025-07-01T22:02:45.930+0000] {processor.py:208} INFO - Processing /home/airflow/.local/lib/python3.12/site-packages/airflow/example_dags/example_subdag_operator.py took 0.111 seconds
[2025-07-01T22:03:16.704+0000] {processor.py:186} INFO - Started process (PID=5803) to work on /home/airflow/.local/lib/python3.12/site-packages/airflow/example_dags/example_subdag_operator.py
[2025-07-01T22:03:16.705+0000] {processor.py:914} INFO - Processing file /home/airflow/.local/lib/python3.12/site-packages/airflow/example_dags/example_subdag_operator.py for tasks to queue
[2025-07-01T22:03:16.707+0000] {logging_mixin.py:190} INFO - [2025-07-01T22:03:16.707+0000] {dagbag.py:588} INFO - Filling up the DagBag from /home/airflow/.local/lib/python3.12/site-packages/airflow/example_dags/example_subdag_operator.py
[2025-07-01T22:03:16.729+0000] {processor.py:925} INFO - DAG(s) 'example_subdag_operator.section-1', 'example_subdag_operator.section-2', 'example_subdag_operator' retrieved from /home/airflow/.local/lib/python3.12/site-packages/airflow/example_dags/example_subdag_operator.py
[2025-07-01T22:03:16.742+0000] {logging_mixin.py:190} INFO - [2025-07-01T22:03:16.741+0000] {dag.py:3239} INFO - Sync 3 DAGs
[2025-07-01T22:03:16.760+0000] {logging_mixin.py:190} INFO - [2025-07-01T22:03:16.760+0000] {dag.py:4180} INFO - Setting next_dagrun for example_subdag_operator to 2022-01-01 00:00:00+00:00, run_after=2022-01-01 00:00:00+00:00
[2025-07-01T22:03:16.763+0000] {logging_mixin.py:190} INFO - [2025-07-01T22:03:16.763+0000] {dag.py:4180} INFO - Setting next_dagrun for example_subdag_operator.section-1 to None, run_after=None
[2025-07-01T22:03:16.765+0000] {logging_mixin.py:190} INFO - [2025-07-01T22:03:16.764+0000] {dag.py:4180} INFO - Setting next_dagrun for example_subdag_operator.section-2 to None, run_after=None
[2025-07-01T22:03:16.770+0000] {logging_mixin.py:190} INFO - [2025-07-01T22:03:16.770+0000] {dag.py:3239} INFO - Sync 2 DAGs
[2025-07-01T22:03:16.775+0000] {logging_mixin.py:190} INFO - [2025-07-01T22:03:16.775+0000] {dag.py:4180} INFO - Setting next_dagrun for example_subdag_operator.section-1 to None, run_after=None
[2025-07-01T22:03:16.775+0000] {logging_mixin.py:190} INFO - [2025-07-01T22:03:16.775+0000] {dag.py:4180} INFO - Setting next_dagrun for example_subdag_operator.section-2 to None, run_after=None
[2025-07-01T22:03:16.787+0000] {processor.py:208} INFO - Processing /home/airflow/.local/lib/python3.12/site-packages/airflow/example_dags/example_subdag_operator.py took 0.088 seconds
[2025-07-01T22:03:48.200+0000] {processor.py:186} INFO - Started process (PID=5866) to work on /home/airflow/.local/lib/python3.12/site-packages/airflow/example_dags/example_subdag_operator.py
[2025-07-01T22:03:48.201+0000] {processor.py:914} INFO - Processing file /home/airflow/.local/lib/python3.12/site-packages/airflow/example_dags/example_subdag_operator.py for tasks to queue
[2025-07-01T22:03:48.205+0000] {logging_mixin.py:190} INFO - [2025-07-01T22:03:48.204+0000] {dagbag.py:588} INFO - Filling up the DagBag from /home/airflow/.local/lib/python3.12/site-packages/airflow/example_dags/example_subdag_operator.py
[2025-07-01T22:03:48.238+0000] {processor.py:925} INFO - DAG(s) 'example_subdag_operator.section-1', 'example_subdag_operator.section-2', 'example_subdag_operator' retrieved from /home/airflow/.local/lib/python3.12/site-packages/airflow/example_dags/example_subdag_operator.py
[2025-07-01T22:03:48.256+0000] {logging_mixin.py:190} INFO - [2025-07-01T22:03:48.256+0000] {dag.py:3239} INFO - Sync 3 DAGs
[2025-07-01T22:03:48.284+0000] {logging_mixin.py:190} INFO - [2025-07-01T22:03:48.284+0000] {dag.py:4180} INFO - Setting next_dagrun for example_subdag_operator to 2022-01-01 00:00:00+00:00, run_after=2022-01-01 00:00:00+00:00
[2025-07-01T22:03:48.288+0000] {logging_mixin.py:190} INFO - [2025-07-01T22:03:48.288+0000] {dag.py:4180} INFO - Setting next_dagrun for example_subdag_operator.section-1 to None, run_after=None
[2025-07-01T22:03:48.291+0000] {logging_mixin.py:190} INFO - [2025-07-01T22:03:48.291+0000] {dag.py:4180} INFO - Setting next_dagrun for example_subdag_operator.section-2 to None, run_after=None
[2025-07-01T22:03:48.302+0000] {logging_mixin.py:190} INFO - [2025-07-01T22:03:48.302+0000] {dag.py:3239} INFO - Sync 2 DAGs
[2025-07-01T22:03:48.311+0000] {logging_mixin.py:190} INFO - [2025-07-01T22:03:48.310+0000] {dag.py:4180} INFO - Setting next_dagrun for example_subdag_operator.section-1 to None, run_after=None
[2025-07-01T22:03:48.312+0000] {logging_mixin.py:190} INFO - [2025-07-01T22:03:48.311+0000] {dag.py:4180} INFO - Setting next_dagrun for example_subdag_operator.section-2 to None, run_after=None
[2025-07-01T22:03:48.327+0000] {processor.py:208} INFO - Processing /home/airflow/.local/lib/python3.12/site-packages/airflow/example_dags/example_subdag_operator.py took 0.134 seconds
[2025-07-01T22:04:18.385+0000] {processor.py:186} INFO - Started process (PID=5929) to work on /home/airflow/.local/lib/python3.12/site-packages/airflow/example_dags/example_subdag_operator.py
[2025-07-01T22:04:18.386+0000] {processor.py:914} INFO - Processing file /home/airflow/.local/lib/python3.12/site-packages/airflow/example_dags/example_subdag_operator.py for tasks to queue
[2025-07-01T22:04:18.388+0000] {logging_mixin.py:190} INFO - [2025-07-01T22:04:18.388+0000] {dagbag.py:588} INFO - Filling up the DagBag from /home/airflow/.local/lib/python3.12/site-packages/airflow/example_dags/example_subdag_operator.py
[2025-07-01T22:04:18.411+0000] {processor.py:925} INFO - DAG(s) 'example_subdag_operator.section-1', 'example_subdag_operator.section-2', 'example_subdag_operator' retrieved from /home/airflow/.local/lib/python3.12/site-packages/airflow/example_dags/example_subdag_operator.py
[2025-07-01T22:04:18.423+0000] {logging_mixin.py:190} INFO - [2025-07-01T22:04:18.423+0000] {dag.py:3239} INFO - Sync 3 DAGs
[2025-07-01T22:04:18.441+0000] {logging_mixin.py:190} INFO - [2025-07-01T22:04:18.441+0000] {dag.py:4180} INFO - Setting next_dagrun for example_subdag_operator to 2022-01-01 00:00:00+00:00, run_after=2022-01-01 00:00:00+00:00
[2025-07-01T22:04:18.444+0000] {logging_mixin.py:190} INFO - [2025-07-01T22:04:18.444+0000] {dag.py:4180} INFO - Setting next_dagrun for example_subdag_operator.section-1 to None, run_after=None
[2025-07-01T22:04:18.446+0000] {logging_mixin.py:190} INFO - [2025-07-01T22:04:18.446+0000] {dag.py:4180} INFO - Setting next_dagrun for example_subdag_operator.section-2 to None, run_after=None
[2025-07-01T22:04:18.451+0000] {logging_mixin.py:190} INFO - [2025-07-01T22:04:18.451+0000] {dag.py:3239} INFO - Sync 2 DAGs
[2025-07-01T22:04:18.456+0000] {logging_mixin.py:190} INFO - [2025-07-01T22:04:18.456+0000] {dag.py:4180} INFO - Setting next_dagrun for example_subdag_operator.section-1 to None, run_after=None
[2025-07-01T22:04:18.456+0000] {logging_mixin.py:190} INFO - [2025-07-01T22:04:18.456+0000] {dag.py:4180} INFO - Setting next_dagrun for example_subdag_operator.section-2 to None, run_after=None
[2025-07-01T22:04:18.468+0000] {processor.py:208} INFO - Processing /home/airflow/.local/lib/python3.12/site-packages/airflow/example_dags/example_subdag_operator.py took 0.089 seconds
[2025-07-01T22:04:48.524+0000] {processor.py:186} INFO - Started process (PID=5992) to work on /home/airflow/.local/lib/python3.12/site-packages/airflow/example_dags/example_subdag_operator.py
[2025-07-01T22:04:48.525+0000] {processor.py:914} INFO - Processing file /home/airflow/.local/lib/python3.12/site-packages/airflow/example_dags/example_subdag_operator.py for tasks to queue
[2025-07-01T22:04:48.527+0000] {logging_mixin.py:190} INFO - [2025-07-01T22:04:48.527+0000] {dagbag.py:588} INFO - Filling up the DagBag from /home/airflow/.local/lib/python3.12/site-packages/airflow/example_dags/example_subdag_operator.py
[2025-07-01T22:04:48.556+0000] {processor.py:925} INFO - DAG(s) 'example_subdag_operator.section-1', 'example_subdag_operator.section-2', 'example_subdag_operator' retrieved from /home/airflow/.local/lib/python3.12/site-packages/airflow/example_dags/example_subdag_operator.py
[2025-07-01T22:04:48.572+0000] {logging_mixin.py:190} INFO - [2025-07-01T22:04:48.572+0000] {dag.py:3239} INFO - Sync 3 DAGs
[2025-07-01T22:04:48.599+0000] {logging_mixin.py:190} INFO - [2025-07-01T22:04:48.598+0000] {dag.py:4180} INFO - Setting next_dagrun for example_subdag_operator to 2022-01-01 00:00:00+00:00, run_after=2022-01-01 00:00:00+00:00
[2025-07-01T22:04:48.603+0000] {logging_mixin.py:190} INFO - [2025-07-01T22:04:48.603+0000] {dag.py:4180} INFO - Setting next_dagrun for example_subdag_operator.section-1 to None, run_after=None
[2025-07-01T22:04:48.605+0000] {logging_mixin.py:190} INFO - [2025-07-01T22:04:48.605+0000] {dag.py:4180} INFO - Setting next_dagrun for example_subdag_operator.section-2 to None, run_after=None
[2025-07-01T22:04:48.612+0000] {logging_mixin.py:190} INFO - [2025-07-01T22:04:48.611+0000] {dag.py:3239} INFO - Sync 2 DAGs
[2025-07-01T22:04:48.617+0000] {logging_mixin.py:190} INFO - [2025-07-01T22:04:48.617+0000] {dag.py:4180} INFO - Setting next_dagrun for example_subdag_operator.section-1 to None, run_after=None
[2025-07-01T22:04:48.618+0000] {logging_mixin.py:190} INFO - [2025-07-01T22:04:48.618+0000] {dag.py:4180} INFO - Setting next_dagrun for example_subdag_operator.section-2 to None, run_after=None
[2025-07-01T22:04:48.632+0000] {processor.py:208} INFO - Processing /home/airflow/.local/lib/python3.12/site-packages/airflow/example_dags/example_subdag_operator.py took 0.113 seconds
[2025-07-01T22:05:19.532+0000] {processor.py:186} INFO - Started process (PID=6055) to work on /home/airflow/.local/lib/python3.12/site-packages/airflow/example_dags/example_subdag_operator.py
[2025-07-01T22:05:19.533+0000] {processor.py:914} INFO - Processing file /home/airflow/.local/lib/python3.12/site-packages/airflow/example_dags/example_subdag_operator.py for tasks to queue
[2025-07-01T22:05:19.535+0000] {logging_mixin.py:190} INFO - [2025-07-01T22:05:19.535+0000] {dagbag.py:588} INFO - Filling up the DagBag from /home/airflow/.local/lib/python3.12/site-packages/airflow/example_dags/example_subdag_operator.py
[2025-07-01T22:05:19.558+0000] {processor.py:925} INFO - DAG(s) 'example_subdag_operator.section-1', 'example_subdag_operator.section-2', 'example_subdag_operator' retrieved from /home/airflow/.local/lib/python3.12/site-packages/airflow/example_dags/example_subdag_operator.py
[2025-07-01T22:05:19.571+0000] {logging_mixin.py:190} INFO - [2025-07-01T22:05:19.571+0000] {dag.py:3239} INFO - Sync 3 DAGs
[2025-07-01T22:05:19.590+0000] {logging_mixin.py:190} INFO - [2025-07-01T22:05:19.590+0000] {dag.py:4180} INFO - Setting next_dagrun for example_subdag_operator to 2022-01-01 00:00:00+00:00, run_after=2022-01-01 00:00:00+00:00
[2025-07-01T22:05:19.593+0000] {logging_mixin.py:190} INFO - [2025-07-01T22:05:19.593+0000] {dag.py:4180} INFO - Setting next_dagrun for example_subdag_operator.section-1 to None, run_after=None
[2025-07-01T22:05:19.595+0000] {logging_mixin.py:190} INFO - [2025-07-01T22:05:19.595+0000] {dag.py:4180} INFO - Setting next_dagrun for example_subdag_operator.section-2 to None, run_after=None
[2025-07-01T22:05:19.601+0000] {logging_mixin.py:190} INFO - [2025-07-01T22:05:19.600+0000] {dag.py:3239} INFO - Sync 2 DAGs
[2025-07-01T22:05:19.606+0000] {logging_mixin.py:190} INFO - [2025-07-01T22:05:19.606+0000] {dag.py:4180} INFO - Setting next_dagrun for example_subdag_operator.section-1 to None, run_after=None
[2025-07-01T22:05:19.607+0000] {logging_mixin.py:190} INFO - [2025-07-01T22:05:19.607+0000] {dag.py:4180} INFO - Setting next_dagrun for example_subdag_operator.section-2 to None, run_after=None
[2025-07-01T22:05:19.619+0000] {processor.py:208} INFO - Processing /home/airflow/.local/lib/python3.12/site-packages/airflow/example_dags/example_subdag_operator.py took 0.092 seconds
[2025-07-01T22:05:49.792+0000] {processor.py:186} INFO - Started process (PID=6118) to work on /home/airflow/.local/lib/python3.12/site-packages/airflow/example_dags/example_subdag_operator.py
[2025-07-01T22:05:49.793+0000] {processor.py:914} INFO - Processing file /home/airflow/.local/lib/python3.12/site-packages/airflow/example_dags/example_subdag_operator.py for tasks to queue
[2025-07-01T22:05:49.795+0000] {logging_mixin.py:190} INFO - [2025-07-01T22:05:49.795+0000] {dagbag.py:588} INFO - Filling up the DagBag from /home/airflow/.local/lib/python3.12/site-packages/airflow/example_dags/example_subdag_operator.py
[2025-07-01T22:05:49.817+0000] {processor.py:925} INFO - DAG(s) 'example_subdag_operator.section-1', 'example_subdag_operator.section-2', 'example_subdag_operator' retrieved from /home/airflow/.local/lib/python3.12/site-packages/airflow/example_dags/example_subdag_operator.py
[2025-07-01T22:05:49.830+0000] {logging_mixin.py:190} INFO - [2025-07-01T22:05:49.830+0000] {dag.py:3239} INFO - Sync 3 DAGs
[2025-07-01T22:05:49.851+0000] {logging_mixin.py:190} INFO - [2025-07-01T22:05:49.851+0000] {dag.py:4180} INFO - Setting next_dagrun for example_subdag_operator to 2022-01-01 00:00:00+00:00, run_after=2022-01-01 00:00:00+00:00
[2025-07-01T22:05:49.854+0000] {logging_mixin.py:190} INFO - [2025-07-01T22:05:49.854+0000] {dag.py:4180} INFO - Setting next_dagrun for example_subdag_operator.section-1 to None, run_after=None
[2025-07-01T22:05:49.855+0000] {logging_mixin.py:190} INFO - [2025-07-01T22:05:49.855+0000] {dag.py:4180} INFO - Setting next_dagrun for example_subdag_operator.section-2 to None, run_after=None
[2025-07-01T22:05:49.861+0000] {logging_mixin.py:190} INFO - [2025-07-01T22:05:49.861+0000] {dag.py:3239} INFO - Sync 2 DAGs
[2025-07-01T22:05:49.866+0000] {logging_mixin.py:190} INFO - [2025-07-01T22:05:49.865+0000] {dag.py:4180} INFO - Setting next_dagrun for example_subdag_operator.section-1 to None, run_after=None
[2025-07-01T22:05:49.866+0000] {logging_mixin.py:190} INFO - [2025-07-01T22:05:49.866+0000] {dag.py:4180} INFO - Setting next_dagrun for example_subdag_operator.section-2 to None, run_after=None
[2025-07-01T22:05:49.877+0000] {processor.py:208} INFO - Processing /home/airflow/.local/lib/python3.12/site-packages/airflow/example_dags/example_subdag_operator.py took 0.091 seconds
[2025-07-01T22:06:20.474+0000] {processor.py:186} INFO - Started process (PID=6181) to work on /home/airflow/.local/lib/python3.12/site-packages/airflow/example_dags/example_subdag_operator.py
[2025-07-01T22:06:20.475+0000] {processor.py:914} INFO - Processing file /home/airflow/.local/lib/python3.12/site-packages/airflow/example_dags/example_subdag_operator.py for tasks to queue
[2025-07-01T22:06:20.478+0000] {logging_mixin.py:190} INFO - [2025-07-01T22:06:20.477+0000] {dagbag.py:588} INFO - Filling up the DagBag from /home/airflow/.local/lib/python3.12/site-packages/airflow/example_dags/example_subdag_operator.py
[2025-07-01T22:06:20.504+0000] {processor.py:925} INFO - DAG(s) 'example_subdag_operator.section-1', 'example_subdag_operator.section-2', 'example_subdag_operator' retrieved from /home/airflow/.local/lib/python3.12/site-packages/airflow/example_dags/example_subdag_operator.py
[2025-07-01T22:06:20.519+0000] {logging_mixin.py:190} INFO - [2025-07-01T22:06:20.518+0000] {dag.py:3239} INFO - Sync 3 DAGs
[2025-07-01T22:06:20.545+0000] {logging_mixin.py:190} INFO - [2025-07-01T22:06:20.544+0000] {dag.py:4180} INFO - Setting next_dagrun for example_subdag_operator to 2022-01-01 00:00:00+00:00, run_after=2022-01-01 00:00:00+00:00
[2025-07-01T22:06:20.549+0000] {logging_mixin.py:190} INFO - [2025-07-01T22:06:20.548+0000] {dag.py:4180} INFO - Setting next_dagrun for example_subdag_operator.section-1 to None, run_after=None
[2025-07-01T22:06:20.550+0000] {logging_mixin.py:190} INFO - [2025-07-01T22:06:20.550+0000] {dag.py:4180} INFO - Setting next_dagrun for example_subdag_operator.section-2 to None, run_after=None
[2025-07-01T22:06:20.560+0000] {logging_mixin.py:190} INFO - [2025-07-01T22:06:20.560+0000] {dag.py:3239} INFO - Sync 2 DAGs
[2025-07-01T22:06:20.566+0000] {logging_mixin.py:190} INFO - [2025-07-01T22:06:20.566+0000] {dag.py:4180} INFO - Setting next_dagrun for example_subdag_operator.section-1 to None, run_after=None
[2025-07-01T22:06:20.567+0000] {logging_mixin.py:190} INFO - [2025-07-01T22:06:20.567+0000] {dag.py:4180} INFO - Setting next_dagrun for example_subdag_operator.section-2 to None, run_after=None
[2025-07-01T22:06:20.583+0000] {processor.py:208} INFO - Processing /home/airflow/.local/lib/python3.12/site-packages/airflow/example_dags/example_subdag_operator.py took 0.115 seconds
[2025-07-01T22:06:51.246+0000] {processor.py:186} INFO - Started process (PID=6244) to work on /home/airflow/.local/lib/python3.12/site-packages/airflow/example_dags/example_subdag_operator.py
[2025-07-01T22:06:51.247+0000] {processor.py:914} INFO - Processing file /home/airflow/.local/lib/python3.12/site-packages/airflow/example_dags/example_subdag_operator.py for tasks to queue
[2025-07-01T22:06:51.249+0000] {logging_mixin.py:190} INFO - [2025-07-01T22:06:51.249+0000] {dagbag.py:588} INFO - Filling up the DagBag from /home/airflow/.local/lib/python3.12/site-packages/airflow/example_dags/example_subdag_operator.py
[2025-07-01T22:06:51.272+0000] {processor.py:925} INFO - DAG(s) 'example_subdag_operator.section-1', 'example_subdag_operator.section-2', 'example_subdag_operator' retrieved from /home/airflow/.local/lib/python3.12/site-packages/airflow/example_dags/example_subdag_operator.py
[2025-07-01T22:06:51.286+0000] {logging_mixin.py:190} INFO - [2025-07-01T22:06:51.285+0000] {dag.py:3239} INFO - Sync 3 DAGs
[2025-07-01T22:06:51.305+0000] {logging_mixin.py:190} INFO - [2025-07-01T22:06:51.305+0000] {dag.py:4180} INFO - Setting next_dagrun for example_subdag_operator to 2022-01-01 00:00:00+00:00, run_after=2022-01-01 00:00:00+00:00
[2025-07-01T22:06:51.309+0000] {logging_mixin.py:190} INFO - [2025-07-01T22:06:51.309+0000] {dag.py:4180} INFO - Setting next_dagrun for example_subdag_operator.section-1 to None, run_after=None
[2025-07-01T22:06:51.311+0000] {logging_mixin.py:190} INFO - [2025-07-01T22:06:51.311+0000] {dag.py:4180} INFO - Setting next_dagrun for example_subdag_operator.section-2 to None, run_after=None
[2025-07-01T22:06:51.318+0000] {logging_mixin.py:190} INFO - [2025-07-01T22:06:51.318+0000] {dag.py:3239} INFO - Sync 2 DAGs
[2025-07-01T22:06:51.322+0000] {logging_mixin.py:190} INFO - [2025-07-01T22:06:51.322+0000] {dag.py:4180} INFO - Setting next_dagrun for example_subdag_operator.section-1 to None, run_after=None
[2025-07-01T22:06:51.323+0000] {logging_mixin.py:190} INFO - [2025-07-01T22:06:51.323+0000] {dag.py:4180} INFO - Setting next_dagrun for example_subdag_operator.section-2 to None, run_after=None
[2025-07-01T22:06:51.334+0000] {processor.py:208} INFO - Processing /home/airflow/.local/lib/python3.12/site-packages/airflow/example_dags/example_subdag_operator.py took 0.093 seconds
[2025-07-01T22:07:21.804+0000] {processor.py:186} INFO - Started process (PID=6307) to work on /home/airflow/.local/lib/python3.12/site-packages/airflow/example_dags/example_subdag_operator.py
[2025-07-01T22:07:21.805+0000] {processor.py:914} INFO - Processing file /home/airflow/.local/lib/python3.12/site-packages/airflow/example_dags/example_subdag_operator.py for tasks to queue
[2025-07-01T22:07:21.807+0000] {logging_mixin.py:190} INFO - [2025-07-01T22:07:21.807+0000] {dagbag.py:588} INFO - Filling up the DagBag from /home/airflow/.local/lib/python3.12/site-packages/airflow/example_dags/example_subdag_operator.py
[2025-07-01T22:07:21.829+0000] {processor.py:925} INFO - DAG(s) 'example_subdag_operator.section-1', 'example_subdag_operator.section-2', 'example_subdag_operator' retrieved from /home/airflow/.local/lib/python3.12/site-packages/airflow/example_dags/example_subdag_operator.py
[2025-07-01T22:07:21.842+0000] {logging_mixin.py:190} INFO - [2025-07-01T22:07:21.842+0000] {dag.py:3239} INFO - Sync 3 DAGs
[2025-07-01T22:07:21.861+0000] {logging_mixin.py:190} INFO - [2025-07-01T22:07:21.861+0000] {dag.py:4180} INFO - Setting next_dagrun for example_subdag_operator to 2022-01-01 00:00:00+00:00, run_after=2022-01-01 00:00:00+00:00
[2025-07-01T22:07:21.865+0000] {logging_mixin.py:190} INFO - [2025-07-01T22:07:21.864+0000] {dag.py:4180} INFO - Setting next_dagrun for example_subdag_operator.section-1 to None, run_after=None
[2025-07-01T22:07:21.866+0000] {logging_mixin.py:190} INFO - [2025-07-01T22:07:21.866+0000] {dag.py:4180} INFO - Setting next_dagrun for example_subdag_operator.section-2 to None, run_after=None
[2025-07-01T22:07:21.873+0000] {logging_mixin.py:190} INFO - [2025-07-01T22:07:21.872+0000] {dag.py:3239} INFO - Sync 2 DAGs
[2025-07-01T22:07:21.877+0000] {logging_mixin.py:190} INFO - [2025-07-01T22:07:21.877+0000] {dag.py:4180} INFO - Setting next_dagrun for example_subdag_operator.section-1 to None, run_after=None
[2025-07-01T22:07:21.878+0000] {logging_mixin.py:190} INFO - [2025-07-01T22:07:21.878+0000] {dag.py:4180} INFO - Setting next_dagrun for example_subdag_operator.section-2 to None, run_after=None
[2025-07-01T22:07:21.890+0000] {processor.py:208} INFO - Processing /home/airflow/.local/lib/python3.12/site-packages/airflow/example_dags/example_subdag_operator.py took 0.092 seconds
[2025-07-01T22:07:52.669+0000] {processor.py:186} INFO - Started process (PID=6370) to work on /home/airflow/.local/lib/python3.12/site-packages/airflow/example_dags/example_subdag_operator.py
[2025-07-01T22:07:52.670+0000] {processor.py:914} INFO - Processing file /home/airflow/.local/lib/python3.12/site-packages/airflow/example_dags/example_subdag_operator.py for tasks to queue
[2025-07-01T22:07:52.672+0000] {logging_mixin.py:190} INFO - [2025-07-01T22:07:52.671+0000] {dagbag.py:588} INFO - Filling up the DagBag from /home/airflow/.local/lib/python3.12/site-packages/airflow/example_dags/example_subdag_operator.py
[2025-07-01T22:07:52.693+0000] {processor.py:925} INFO - DAG(s) 'example_subdag_operator.section-1', 'example_subdag_operator.section-2', 'example_subdag_operator' retrieved from /home/airflow/.local/lib/python3.12/site-packages/airflow/example_dags/example_subdag_operator.py
[2025-07-01T22:07:52.705+0000] {logging_mixin.py:190} INFO - [2025-07-01T22:07:52.705+0000] {dag.py:3239} INFO - Sync 3 DAGs
[2025-07-01T22:07:52.724+0000] {logging_mixin.py:190} INFO - [2025-07-01T22:07:52.723+0000] {dag.py:4180} INFO - Setting next_dagrun for example_subdag_operator to 2022-01-01 00:00:00+00:00, run_after=2022-01-01 00:00:00+00:00
[2025-07-01T22:07:52.727+0000] {logging_mixin.py:190} INFO - [2025-07-01T22:07:52.727+0000] {dag.py:4180} INFO - Setting next_dagrun for example_subdag_operator.section-1 to None, run_after=None
[2025-07-01T22:07:52.729+0000] {logging_mixin.py:190} INFO - [2025-07-01T22:07:52.729+0000] {dag.py:4180} INFO - Setting next_dagrun for example_subdag_operator.section-2 to None, run_after=None
[2025-07-01T22:07:52.735+0000] {logging_mixin.py:190} INFO - [2025-07-01T22:07:52.735+0000] {dag.py:3239} INFO - Sync 2 DAGs
[2025-07-01T22:07:52.740+0000] {logging_mixin.py:190} INFO - [2025-07-01T22:07:52.740+0000] {dag.py:4180} INFO - Setting next_dagrun for example_subdag_operator.section-1 to None, run_after=None
[2025-07-01T22:07:52.741+0000] {logging_mixin.py:190} INFO - [2025-07-01T22:07:52.741+0000] {dag.py:4180} INFO - Setting next_dagrun for example_subdag_operator.section-2 to None, run_after=None
[2025-07-01T22:07:52.754+0000] {processor.py:208} INFO - Processing /home/airflow/.local/lib/python3.12/site-packages/airflow/example_dags/example_subdag_operator.py took 0.090 seconds
[2025-07-01T22:08:23.528+0000] {processor.py:186} INFO - Started process (PID=6433) to work on /home/airflow/.local/lib/python3.12/site-packages/airflow/example_dags/example_subdag_operator.py
[2025-07-01T22:08:23.529+0000] {processor.py:914} INFO - Processing file /home/airflow/.local/lib/python3.12/site-packages/airflow/example_dags/example_subdag_operator.py for tasks to queue
[2025-07-01T22:08:23.532+0000] {logging_mixin.py:190} INFO - [2025-07-01T22:08:23.531+0000] {dagbag.py:588} INFO - Filling up the DagBag from /home/airflow/.local/lib/python3.12/site-packages/airflow/example_dags/example_subdag_operator.py
[2025-07-01T22:08:23.555+0000] {processor.py:925} INFO - DAG(s) 'example_subdag_operator.section-1', 'example_subdag_operator.section-2', 'example_subdag_operator' retrieved from /home/airflow/.local/lib/python3.12/site-packages/airflow/example_dags/example_subdag_operator.py
[2025-07-01T22:08:23.569+0000] {logging_mixin.py:190} INFO - [2025-07-01T22:08:23.569+0000] {dag.py:3239} INFO - Sync 3 DAGs
[2025-07-01T22:08:23.588+0000] {logging_mixin.py:190} INFO - [2025-07-01T22:08:23.588+0000] {dag.py:4180} INFO - Setting next_dagrun for example_subdag_operator to 2022-01-01 00:00:00+00:00, run_after=2022-01-01 00:00:00+00:00
[2025-07-01T22:08:23.592+0000] {logging_mixin.py:190} INFO - [2025-07-01T22:08:23.592+0000] {dag.py:4180} INFO - Setting next_dagrun for example_subdag_operator.section-1 to None, run_after=None
[2025-07-01T22:08:23.593+0000] {logging_mixin.py:190} INFO - [2025-07-01T22:08:23.593+0000] {dag.py:4180} INFO - Setting next_dagrun for example_subdag_operator.section-2 to None, run_after=None
[2025-07-01T22:08:23.599+0000] {logging_mixin.py:190} INFO - [2025-07-01T22:08:23.599+0000] {dag.py:3239} INFO - Sync 2 DAGs
[2025-07-01T22:08:23.604+0000] {logging_mixin.py:190} INFO - [2025-07-01T22:08:23.604+0000] {dag.py:4180} INFO - Setting next_dagrun for example_subdag_operator.section-1 to None, run_after=None
[2025-07-01T22:08:23.604+0000] {logging_mixin.py:190} INFO - [2025-07-01T22:08:23.604+0000] {dag.py:4180} INFO - Setting next_dagrun for example_subdag_operator.section-2 to None, run_after=None
[2025-07-01T22:08:23.621+0000] {processor.py:208} INFO - Processing /home/airflow/.local/lib/python3.12/site-packages/airflow/example_dags/example_subdag_operator.py took 0.099 seconds
[2025-07-01T22:08:54.134+0000] {processor.py:186} INFO - Started process (PID=6496) to work on /home/airflow/.local/lib/python3.12/site-packages/airflow/example_dags/example_subdag_operator.py
[2025-07-01T22:08:54.135+0000] {processor.py:914} INFO - Processing file /home/airflow/.local/lib/python3.12/site-packages/airflow/example_dags/example_subdag_operator.py for tasks to queue
[2025-07-01T22:08:54.138+0000] {logging_mixin.py:190} INFO - [2025-07-01T22:08:54.138+0000] {dagbag.py:588} INFO - Filling up the DagBag from /home/airflow/.local/lib/python3.12/site-packages/airflow/example_dags/example_subdag_operator.py
[2025-07-01T22:08:54.159+0000] {processor.py:925} INFO - DAG(s) 'example_subdag_operator.section-1', 'example_subdag_operator.section-2', 'example_subdag_operator' retrieved from /home/airflow/.local/lib/python3.12/site-packages/airflow/example_dags/example_subdag_operator.py
[2025-07-01T22:08:54.172+0000] {logging_mixin.py:190} INFO - [2025-07-01T22:08:54.171+0000] {dag.py:3239} INFO - Sync 3 DAGs
[2025-07-01T22:08:54.192+0000] {logging_mixin.py:190} INFO - [2025-07-01T22:08:54.191+0000] {dag.py:4180} INFO - Setting next_dagrun for example_subdag_operator to 2022-01-01 00:00:00+00:00, run_after=2022-01-01 00:00:00+00:00
[2025-07-01T22:08:54.195+0000] {logging_mixin.py:190} INFO - [2025-07-01T22:08:54.195+0000] {dag.py:4180} INFO - Setting next_dagrun for example_subdag_operator.section-1 to None, run_after=None
[2025-07-01T22:08:54.196+0000] {logging_mixin.py:190} INFO - [2025-07-01T22:08:54.196+0000] {dag.py:4180} INFO - Setting next_dagrun for example_subdag_operator.section-2 to None, run_after=None
[2025-07-01T22:08:54.202+0000] {logging_mixin.py:190} INFO - [2025-07-01T22:08:54.202+0000] {dag.py:3239} INFO - Sync 2 DAGs
[2025-07-01T22:08:54.208+0000] {logging_mixin.py:190} INFO - [2025-07-01T22:08:54.208+0000] {dag.py:4180} INFO - Setting next_dagrun for example_subdag_operator.section-1 to None, run_after=None
[2025-07-01T22:08:54.209+0000] {logging_mixin.py:190} INFO - [2025-07-01T22:08:54.209+0000] {dag.py:4180} INFO - Setting next_dagrun for example_subdag_operator.section-2 to None, run_after=None
[2025-07-01T22:08:54.222+0000] {processor.py:208} INFO - Processing /home/airflow/.local/lib/python3.12/site-packages/airflow/example_dags/example_subdag_operator.py took 0.093 seconds
[2025-07-01T22:09:24.769+0000] {processor.py:186} INFO - Started process (PID=6565) to work on /home/airflow/.local/lib/python3.12/site-packages/airflow/example_dags/example_subdag_operator.py
[2025-07-01T22:09:24.770+0000] {processor.py:914} INFO - Processing file /home/airflow/.local/lib/python3.12/site-packages/airflow/example_dags/example_subdag_operator.py for tasks to queue
[2025-07-01T22:09:24.772+0000] {logging_mixin.py:190} INFO - [2025-07-01T22:09:24.772+0000] {dagbag.py:588} INFO - Filling up the DagBag from /home/airflow/.local/lib/python3.12/site-packages/airflow/example_dags/example_subdag_operator.py
[2025-07-01T22:09:24.794+0000] {processor.py:925} INFO - DAG(s) 'example_subdag_operator.section-1', 'example_subdag_operator.section-2', 'example_subdag_operator' retrieved from /home/airflow/.local/lib/python3.12/site-packages/airflow/example_dags/example_subdag_operator.py
[2025-07-01T22:09:24.806+0000] {logging_mixin.py:190} INFO - [2025-07-01T22:09:24.806+0000] {dag.py:3239} INFO - Sync 3 DAGs
[2025-07-01T22:09:24.826+0000] {logging_mixin.py:190} INFO - [2025-07-01T22:09:24.826+0000] {dag.py:4180} INFO - Setting next_dagrun for example_subdag_operator to 2022-01-01 00:00:00+00:00, run_after=2022-01-01 00:00:00+00:00
[2025-07-01T22:09:24.829+0000] {logging_mixin.py:190} INFO - [2025-07-01T22:09:24.829+0000] {dag.py:4180} INFO - Setting next_dagrun for example_subdag_operator.section-1 to None, run_after=None
[2025-07-01T22:09:24.831+0000] {logging_mixin.py:190} INFO - [2025-07-01T22:09:24.831+0000] {dag.py:4180} INFO - Setting next_dagrun for example_subdag_operator.section-2 to None, run_after=None
[2025-07-01T22:09:24.837+0000] {logging_mixin.py:190} INFO - [2025-07-01T22:09:24.837+0000] {dag.py:3239} INFO - Sync 2 DAGs
[2025-07-01T22:09:24.842+0000] {logging_mixin.py:190} INFO - [2025-07-01T22:09:24.841+0000] {dag.py:4180} INFO - Setting next_dagrun for example_subdag_operator.section-1 to None, run_after=None
[2025-07-01T22:09:24.842+0000] {logging_mixin.py:190} INFO - [2025-07-01T22:09:24.842+0000] {dag.py:4180} INFO - Setting next_dagrun for example_subdag_operator.section-2 to None, run_after=None
[2025-07-01T22:09:24.854+0000] {processor.py:208} INFO - Processing /home/airflow/.local/lib/python3.12/site-packages/airflow/example_dags/example_subdag_operator.py took 0.092 seconds
[2025-07-01T22:09:55.156+0000] {processor.py:186} INFO - Started process (PID=6628) to work on /home/airflow/.local/lib/python3.12/site-packages/airflow/example_dags/example_subdag_operator.py
[2025-07-01T22:09:55.157+0000] {processor.py:914} INFO - Processing file /home/airflow/.local/lib/python3.12/site-packages/airflow/example_dags/example_subdag_operator.py for tasks to queue
[2025-07-01T22:09:55.159+0000] {logging_mixin.py:190} INFO - [2025-07-01T22:09:55.159+0000] {dagbag.py:588} INFO - Filling up the DagBag from /home/airflow/.local/lib/python3.12/site-packages/airflow/example_dags/example_subdag_operator.py
[2025-07-01T22:09:55.182+0000] {processor.py:925} INFO - DAG(s) 'example_subdag_operator.section-1', 'example_subdag_operator.section-2', 'example_subdag_operator' retrieved from /home/airflow/.local/lib/python3.12/site-packages/airflow/example_dags/example_subdag_operator.py
[2025-07-01T22:09:55.196+0000] {logging_mixin.py:190} INFO - [2025-07-01T22:09:55.196+0000] {dag.py:3239} INFO - Sync 3 DAGs
[2025-07-01T22:09:55.215+0000] {logging_mixin.py:190} INFO - [2025-07-01T22:09:55.215+0000] {dag.py:4180} INFO - Setting next_dagrun for example_subdag_operator to 2022-01-01 00:00:00+00:00, run_after=2022-01-01 00:00:00+00:00
[2025-07-01T22:09:55.218+0000] {logging_mixin.py:190} INFO - [2025-07-01T22:09:55.218+0000] {dag.py:4180} INFO - Setting next_dagrun for example_subdag_operator.section-1 to None, run_after=None
[2025-07-01T22:09:55.220+0000] {logging_mixin.py:190} INFO - [2025-07-01T22:09:55.220+0000] {dag.py:4180} INFO - Setting next_dagrun for example_subdag_operator.section-2 to None, run_after=None
[2025-07-01T22:09:55.227+0000] {logging_mixin.py:190} INFO - [2025-07-01T22:09:55.226+0000] {dag.py:3239} INFO - Sync 2 DAGs
[2025-07-01T22:09:55.232+0000] {logging_mixin.py:190} INFO - [2025-07-01T22:09:55.232+0000] {dag.py:4180} INFO - Setting next_dagrun for example_subdag_operator.section-1 to None, run_after=None
[2025-07-01T22:09:55.232+0000] {logging_mixin.py:190} INFO - [2025-07-01T22:09:55.232+0000] {dag.py:4180} INFO - Setting next_dagrun for example_subdag_operator.section-2 to None, run_after=None
[2025-07-01T22:09:55.243+0000] {processor.py:208} INFO - Processing /home/airflow/.local/lib/python3.12/site-packages/airflow/example_dags/example_subdag_operator.py took 0.092 seconds
[2025-07-01T22:10:25.549+0000] {processor.py:186} INFO - Started process (PID=6691) to work on /home/airflow/.local/lib/python3.12/site-packages/airflow/example_dags/example_subdag_operator.py
[2025-07-01T22:10:25.550+0000] {processor.py:914} INFO - Processing file /home/airflow/.local/lib/python3.12/site-packages/airflow/example_dags/example_subdag_operator.py for tasks to queue
[2025-07-01T22:10:25.553+0000] {logging_mixin.py:190} INFO - [2025-07-01T22:10:25.552+0000] {dagbag.py:588} INFO - Filling up the DagBag from /home/airflow/.local/lib/python3.12/site-packages/airflow/example_dags/example_subdag_operator.py
[2025-07-01T22:10:25.577+0000] {processor.py:925} INFO - DAG(s) 'example_subdag_operator.section-1', 'example_subdag_operator.section-2', 'example_subdag_operator' retrieved from /home/airflow/.local/lib/python3.12/site-packages/airflow/example_dags/example_subdag_operator.py
[2025-07-01T22:10:25.591+0000] {logging_mixin.py:190} INFO - [2025-07-01T22:10:25.591+0000] {dag.py:3239} INFO - Sync 3 DAGs
[2025-07-01T22:10:25.613+0000] {logging_mixin.py:190} INFO - [2025-07-01T22:10:25.613+0000] {dag.py:4180} INFO - Setting next_dagrun for example_subdag_operator to 2022-01-01 00:00:00+00:00, run_after=2022-01-01 00:00:00+00:00
[2025-07-01T22:10:25.617+0000] {logging_mixin.py:190} INFO - [2025-07-01T22:10:25.617+0000] {dag.py:4180} INFO - Setting next_dagrun for example_subdag_operator.section-1 to None, run_after=None
[2025-07-01T22:10:25.619+0000] {logging_mixin.py:190} INFO - [2025-07-01T22:10:25.619+0000] {dag.py:4180} INFO - Setting next_dagrun for example_subdag_operator.section-2 to None, run_after=None
[2025-07-01T22:10:25.625+0000] {logging_mixin.py:190} INFO - [2025-07-01T22:10:25.625+0000] {dag.py:3239} INFO - Sync 2 DAGs
[2025-07-01T22:10:25.631+0000] {logging_mixin.py:190} INFO - [2025-07-01T22:10:25.630+0000] {dag.py:4180} INFO - Setting next_dagrun for example_subdag_operator.section-1 to None, run_after=None
[2025-07-01T22:10:25.631+0000] {logging_mixin.py:190} INFO - [2025-07-01T22:10:25.631+0000] {dag.py:4180} INFO - Setting next_dagrun for example_subdag_operator.section-2 to None, run_after=None
[2025-07-01T22:10:25.645+0000] {processor.py:208} INFO - Processing /home/airflow/.local/lib/python3.12/site-packages/airflow/example_dags/example_subdag_operator.py took 0.102 seconds
[2025-07-01T22:10:56.111+0000] {processor.py:186} INFO - Started process (PID=6754) to work on /home/airflow/.local/lib/python3.12/site-packages/airflow/example_dags/example_subdag_operator.py
[2025-07-01T22:10:56.112+0000] {processor.py:914} INFO - Processing file /home/airflow/.local/lib/python3.12/site-packages/airflow/example_dags/example_subdag_operator.py for tasks to queue
[2025-07-01T22:10:56.115+0000] {logging_mixin.py:190} INFO - [2025-07-01T22:10:56.114+0000] {dagbag.py:588} INFO - Filling up the DagBag from /home/airflow/.local/lib/python3.12/site-packages/airflow/example_dags/example_subdag_operator.py
[2025-07-01T22:10:56.138+0000] {processor.py:925} INFO - DAG(s) 'example_subdag_operator.section-1', 'example_subdag_operator.section-2', 'example_subdag_operator' retrieved from /home/airflow/.local/lib/python3.12/site-packages/airflow/example_dags/example_subdag_operator.py
[2025-07-01T22:10:56.151+0000] {logging_mixin.py:190} INFO - [2025-07-01T22:10:56.151+0000] {dag.py:3239} INFO - Sync 3 DAGs
[2025-07-01T22:10:56.172+0000] {logging_mixin.py:190} INFO - [2025-07-01T22:10:56.172+0000] {dag.py:4180} INFO - Setting next_dagrun for example_subdag_operator to 2022-01-01 00:00:00+00:00, run_after=2022-01-01 00:00:00+00:00
[2025-07-01T22:10:56.175+0000] {logging_mixin.py:190} INFO - [2025-07-01T22:10:56.175+0000] {dag.py:4180} INFO - Setting next_dagrun for example_subdag_operator.section-1 to None, run_after=None
[2025-07-01T22:10:56.177+0000] {logging_mixin.py:190} INFO - [2025-07-01T22:10:56.177+0000] {dag.py:4180} INFO - Setting next_dagrun for example_subdag_operator.section-2 to None, run_after=None
[2025-07-01T22:10:56.183+0000] {logging_mixin.py:190} INFO - [2025-07-01T22:10:56.183+0000] {dag.py:3239} INFO - Sync 2 DAGs
[2025-07-01T22:10:56.190+0000] {logging_mixin.py:190} INFO - [2025-07-01T22:10:56.189+0000] {dag.py:4180} INFO - Setting next_dagrun for example_subdag_operator.section-1 to None, run_after=None
[2025-07-01T22:10:56.190+0000] {logging_mixin.py:190} INFO - [2025-07-01T22:10:56.190+0000] {dag.py:4180} INFO - Setting next_dagrun for example_subdag_operator.section-2 to None, run_after=None
[2025-07-01T22:10:56.204+0000] {processor.py:208} INFO - Processing /home/airflow/.local/lib/python3.12/site-packages/airflow/example_dags/example_subdag_operator.py took 0.097 seconds
[2025-07-01T22:11:26.834+0000] {processor.py:186} INFO - Started process (PID=6817) to work on /home/airflow/.local/lib/python3.12/site-packages/airflow/example_dags/example_subdag_operator.py
[2025-07-01T22:11:26.835+0000] {processor.py:914} INFO - Processing file /home/airflow/.local/lib/python3.12/site-packages/airflow/example_dags/example_subdag_operator.py for tasks to queue
[2025-07-01T22:11:26.837+0000] {logging_mixin.py:190} INFO - [2025-07-01T22:11:26.837+0000] {dagbag.py:588} INFO - Filling up the DagBag from /home/airflow/.local/lib/python3.12/site-packages/airflow/example_dags/example_subdag_operator.py
[2025-07-01T22:11:26.862+0000] {processor.py:925} INFO - DAG(s) 'example_subdag_operator.section-1', 'example_subdag_operator.section-2', 'example_subdag_operator' retrieved from /home/airflow/.local/lib/python3.12/site-packages/airflow/example_dags/example_subdag_operator.py
[2025-07-01T22:11:26.876+0000] {logging_mixin.py:190} INFO - [2025-07-01T22:11:26.875+0000] {dag.py:3239} INFO - Sync 3 DAGs
[2025-07-01T22:11:26.899+0000] {logging_mixin.py:190} INFO - [2025-07-01T22:11:26.898+0000] {dag.py:4180} INFO - Setting next_dagrun for example_subdag_operator to 2022-01-01 00:00:00+00:00, run_after=2022-01-01 00:00:00+00:00
[2025-07-01T22:11:26.902+0000] {logging_mixin.py:190} INFO - [2025-07-01T22:11:26.902+0000] {dag.py:4180} INFO - Setting next_dagrun for example_subdag_operator.section-1 to None, run_after=None
[2025-07-01T22:11:26.904+0000] {logging_mixin.py:190} INFO - [2025-07-01T22:11:26.903+0000] {dag.py:4180} INFO - Setting next_dagrun for example_subdag_operator.section-2 to None, run_after=None
[2025-07-01T22:11:26.911+0000] {logging_mixin.py:190} INFO - [2025-07-01T22:11:26.911+0000] {dag.py:3239} INFO - Sync 2 DAGs
[2025-07-01T22:11:26.916+0000] {logging_mixin.py:190} INFO - [2025-07-01T22:11:26.916+0000] {dag.py:4180} INFO - Setting next_dagrun for example_subdag_operator.section-1 to None, run_after=None
[2025-07-01T22:11:26.917+0000] {logging_mixin.py:190} INFO - [2025-07-01T22:11:26.917+0000] {dag.py:4180} INFO - Setting next_dagrun for example_subdag_operator.section-2 to None, run_after=None
[2025-07-01T22:11:26.930+0000] {processor.py:208} INFO - Processing /home/airflow/.local/lib/python3.12/site-packages/airflow/example_dags/example_subdag_operator.py took 0.100 seconds
[2025-07-01T22:11:57.669+0000] {processor.py:186} INFO - Started process (PID=6880) to work on /home/airflow/.local/lib/python3.12/site-packages/airflow/example_dags/example_subdag_operator.py
[2025-07-01T22:11:57.670+0000] {processor.py:914} INFO - Processing file /home/airflow/.local/lib/python3.12/site-packages/airflow/example_dags/example_subdag_operator.py for tasks to queue
[2025-07-01T22:11:57.672+0000] {logging_mixin.py:190} INFO - [2025-07-01T22:11:57.672+0000] {dagbag.py:588} INFO - Filling up the DagBag from /home/airflow/.local/lib/python3.12/site-packages/airflow/example_dags/example_subdag_operator.py
[2025-07-01T22:11:57.698+0000] {processor.py:925} INFO - DAG(s) 'example_subdag_operator.section-1', 'example_subdag_operator.section-2', 'example_subdag_operator' retrieved from /home/airflow/.local/lib/python3.12/site-packages/airflow/example_dags/example_subdag_operator.py
[2025-07-01T22:11:57.714+0000] {logging_mixin.py:190} INFO - [2025-07-01T22:11:57.713+0000] {dag.py:3239} INFO - Sync 3 DAGs
[2025-07-01T22:11:57.736+0000] {logging_mixin.py:190} INFO - [2025-07-01T22:11:57.736+0000] {dag.py:4180} INFO - Setting next_dagrun for example_subdag_operator to 2022-01-01 00:00:00+00:00, run_after=2022-01-01 00:00:00+00:00
[2025-07-01T22:11:57.740+0000] {logging_mixin.py:190} INFO - [2025-07-01T22:11:57.740+0000] {dag.py:4180} INFO - Setting next_dagrun for example_subdag_operator.section-1 to None, run_after=None
[2025-07-01T22:11:57.742+0000] {logging_mixin.py:190} INFO - [2025-07-01T22:11:57.742+0000] {dag.py:4180} INFO - Setting next_dagrun for example_subdag_operator.section-2 to None, run_after=None
[2025-07-01T22:11:57.749+0000] {logging_mixin.py:190} INFO - [2025-07-01T22:11:57.749+0000] {dag.py:3239} INFO - Sync 2 DAGs
[2025-07-01T22:11:57.755+0000] {logging_mixin.py:190} INFO - [2025-07-01T22:11:57.755+0000] {dag.py:4180} INFO - Setting next_dagrun for example_subdag_operator.section-1 to None, run_after=None
[2025-07-01T22:11:57.756+0000] {logging_mixin.py:190} INFO - [2025-07-01T22:11:57.755+0000] {dag.py:4180} INFO - Setting next_dagrun for example_subdag_operator.section-2 to None, run_after=None
[2025-07-01T22:11:57.768+0000] {processor.py:208} INFO - Processing /home/airflow/.local/lib/python3.12/site-packages/airflow/example_dags/example_subdag_operator.py took 0.105 seconds
[2025-07-01T22:12:28.381+0000] {processor.py:186} INFO - Started process (PID=6943) to work on /home/airflow/.local/lib/python3.12/site-packages/airflow/example_dags/example_subdag_operator.py
[2025-07-01T22:12:28.383+0000] {processor.py:914} INFO - Processing file /home/airflow/.local/lib/python3.12/site-packages/airflow/example_dags/example_subdag_operator.py for tasks to queue
[2025-07-01T22:12:28.385+0000] {logging_mixin.py:190} INFO - [2025-07-01T22:12:28.385+0000] {dagbag.py:588} INFO - Filling up the DagBag from /home/airflow/.local/lib/python3.12/site-packages/airflow/example_dags/example_subdag_operator.py
[2025-07-01T22:12:28.411+0000] {processor.py:925} INFO - DAG(s) 'example_subdag_operator.section-1', 'example_subdag_operator.section-2', 'example_subdag_operator' retrieved from /home/airflow/.local/lib/python3.12/site-packages/airflow/example_dags/example_subdag_operator.py
[2025-07-01T22:12:28.426+0000] {logging_mixin.py:190} INFO - [2025-07-01T22:12:28.426+0000] {dag.py:3239} INFO - Sync 3 DAGs
[2025-07-01T22:12:28.450+0000] {logging_mixin.py:190} INFO - [2025-07-01T22:12:28.450+0000] {dag.py:4180} INFO - Setting next_dagrun for example_subdag_operator to 2022-01-01 00:00:00+00:00, run_after=2022-01-01 00:00:00+00:00
[2025-07-01T22:12:28.455+0000] {logging_mixin.py:190} INFO - [2025-07-01T22:12:28.454+0000] {dag.py:4180} INFO - Setting next_dagrun for example_subdag_operator.section-1 to None, run_after=None
[2025-07-01T22:12:28.456+0000] {logging_mixin.py:190} INFO - [2025-07-01T22:12:28.456+0000] {dag.py:4180} INFO - Setting next_dagrun for example_subdag_operator.section-2 to None, run_after=None
[2025-07-01T22:12:28.465+0000] {logging_mixin.py:190} INFO - [2025-07-01T22:12:28.465+0000] {dag.py:3239} INFO - Sync 2 DAGs
[2025-07-01T22:12:28.473+0000] {logging_mixin.py:190} INFO - [2025-07-01T22:12:28.473+0000] {dag.py:4180} INFO - Setting next_dagrun for example_subdag_operator.section-1 to None, run_after=None
[2025-07-01T22:12:28.474+0000] {logging_mixin.py:190} INFO - [2025-07-01T22:12:28.474+0000] {dag.py:4180} INFO - Setting next_dagrun for example_subdag_operator.section-2 to None, run_after=None
[2025-07-01T22:12:28.496+0000] {processor.py:208} INFO - Processing /home/airflow/.local/lib/python3.12/site-packages/airflow/example_dags/example_subdag_operator.py took 0.122 seconds
[2025-07-01T22:12:59.096+0000] {processor.py:186} INFO - Started process (PID=7007) to work on /home/airflow/.local/lib/python3.12/site-packages/airflow/example_dags/example_subdag_operator.py
[2025-07-01T22:12:59.097+0000] {processor.py:914} INFO - Processing file /home/airflow/.local/lib/python3.12/site-packages/airflow/example_dags/example_subdag_operator.py for tasks to queue
[2025-07-01T22:12:59.100+0000] {logging_mixin.py:190} INFO - [2025-07-01T22:12:59.099+0000] {dagbag.py:588} INFO - Filling up the DagBag from /home/airflow/.local/lib/python3.12/site-packages/airflow/example_dags/example_subdag_operator.py
[2025-07-01T22:12:59.121+0000] {processor.py:925} INFO - DAG(s) 'example_subdag_operator.section-1', 'example_subdag_operator.section-2', 'example_subdag_operator' retrieved from /home/airflow/.local/lib/python3.12/site-packages/airflow/example_dags/example_subdag_operator.py
[2025-07-01T22:12:59.134+0000] {logging_mixin.py:190} INFO - [2025-07-01T22:12:59.134+0000] {dag.py:3239} INFO - Sync 3 DAGs
[2025-07-01T22:12:59.155+0000] {logging_mixin.py:190} INFO - [2025-07-01T22:12:59.155+0000] {dag.py:4180} INFO - Setting next_dagrun for example_subdag_operator to 2022-01-01 00:00:00+00:00, run_after=2022-01-01 00:00:00+00:00
[2025-07-01T22:12:59.159+0000] {logging_mixin.py:190} INFO - [2025-07-01T22:12:59.159+0000] {dag.py:4180} INFO - Setting next_dagrun for example_subdag_operator.section-1 to None, run_after=None
[2025-07-01T22:12:59.160+0000] {logging_mixin.py:190} INFO - [2025-07-01T22:12:59.160+0000] {dag.py:4180} INFO - Setting next_dagrun for example_subdag_operator.section-2 to None, run_after=None
[2025-07-01T22:12:59.167+0000] {logging_mixin.py:190} INFO - [2025-07-01T22:12:59.167+0000] {dag.py:3239} INFO - Sync 2 DAGs
[2025-07-01T22:12:59.172+0000] {logging_mixin.py:190} INFO - [2025-07-01T22:12:59.172+0000] {dag.py:4180} INFO - Setting next_dagrun for example_subdag_operator.section-1 to None, run_after=None
[2025-07-01T22:12:59.173+0000] {logging_mixin.py:190} INFO - [2025-07-01T22:12:59.172+0000] {dag.py:4180} INFO - Setting next_dagrun for example_subdag_operator.section-2 to None, run_after=None
[2025-07-01T22:12:59.187+0000] {processor.py:208} INFO - Processing /home/airflow/.local/lib/python3.12/site-packages/airflow/example_dags/example_subdag_operator.py took 0.096 seconds
[2025-07-01T22:13:29.917+0000] {processor.py:186} INFO - Started process (PID=7070) to work on /home/airflow/.local/lib/python3.12/site-packages/airflow/example_dags/example_subdag_operator.py
[2025-07-01T22:13:29.918+0000] {processor.py:914} INFO - Processing file /home/airflow/.local/lib/python3.12/site-packages/airflow/example_dags/example_subdag_operator.py for tasks to queue
[2025-07-01T22:13:29.921+0000] {logging_mixin.py:190} INFO - [2025-07-01T22:13:29.921+0000] {dagbag.py:588} INFO - Filling up the DagBag from /home/airflow/.local/lib/python3.12/site-packages/airflow/example_dags/example_subdag_operator.py
[2025-07-01T22:13:29.944+0000] {processor.py:925} INFO - DAG(s) 'example_subdag_operator.section-1', 'example_subdag_operator.section-2', 'example_subdag_operator' retrieved from /home/airflow/.local/lib/python3.12/site-packages/airflow/example_dags/example_subdag_operator.py
[2025-07-01T22:13:29.958+0000] {logging_mixin.py:190} INFO - [2025-07-01T22:13:29.958+0000] {dag.py:3239} INFO - Sync 3 DAGs
[2025-07-01T22:13:29.979+0000] {logging_mixin.py:190} INFO - [2025-07-01T22:13:29.979+0000] {dag.py:4180} INFO - Setting next_dagrun for example_subdag_operator to 2022-01-01 00:00:00+00:00, run_after=2022-01-01 00:00:00+00:00
[2025-07-01T22:13:29.982+0000] {logging_mixin.py:190} INFO - [2025-07-01T22:13:29.982+0000] {dag.py:4180} INFO - Setting next_dagrun for example_subdag_operator.section-1 to None, run_after=None
[2025-07-01T22:13:29.984+0000] {logging_mixin.py:190} INFO - [2025-07-01T22:13:29.983+0000] {dag.py:4180} INFO - Setting next_dagrun for example_subdag_operator.section-2 to None, run_after=None
[2025-07-01T22:13:29.990+0000] {logging_mixin.py:190} INFO - [2025-07-01T22:13:29.990+0000] {dag.py:3239} INFO - Sync 2 DAGs
[2025-07-01T22:13:29.996+0000] {logging_mixin.py:190} INFO - [2025-07-01T22:13:29.996+0000] {dag.py:4180} INFO - Setting next_dagrun for example_subdag_operator.section-1 to None, run_after=None
[2025-07-01T22:13:29.996+0000] {logging_mixin.py:190} INFO - [2025-07-01T22:13:29.996+0000] {dag.py:4180} INFO - Setting next_dagrun for example_subdag_operator.section-2 to None, run_after=None
[2025-07-01T22:13:30.009+0000] {processor.py:208} INFO - Processing /home/airflow/.local/lib/python3.12/site-packages/airflow/example_dags/example_subdag_operator.py took 0.097 seconds
[2025-07-01T22:14:00.792+0000] {processor.py:186} INFO - Started process (PID=7133) to work on /home/airflow/.local/lib/python3.12/site-packages/airflow/example_dags/example_subdag_operator.py
[2025-07-01T22:14:00.793+0000] {processor.py:914} INFO - Processing file /home/airflow/.local/lib/python3.12/site-packages/airflow/example_dags/example_subdag_operator.py for tasks to queue
[2025-07-01T22:14:00.795+0000] {logging_mixin.py:190} INFO - [2025-07-01T22:14:00.795+0000] {dagbag.py:588} INFO - Filling up the DagBag from /home/airflow/.local/lib/python3.12/site-packages/airflow/example_dags/example_subdag_operator.py
[2025-07-01T22:14:00.820+0000] {processor.py:925} INFO - DAG(s) 'example_subdag_operator.section-1', 'example_subdag_operator.section-2', 'example_subdag_operator' retrieved from /home/airflow/.local/lib/python3.12/site-packages/airflow/example_dags/example_subdag_operator.py
[2025-07-01T22:14:00.834+0000] {logging_mixin.py:190} INFO - [2025-07-01T22:14:00.834+0000] {dag.py:3239} INFO - Sync 3 DAGs
[2025-07-01T22:14:00.855+0000] {logging_mixin.py:190} INFO - [2025-07-01T22:14:00.855+0000] {dag.py:4180} INFO - Setting next_dagrun for example_subdag_operator to 2022-01-01 00:00:00+00:00, run_after=2022-01-01 00:00:00+00:00
[2025-07-01T22:14:00.860+0000] {logging_mixin.py:190} INFO - [2025-07-01T22:14:00.859+0000] {dag.py:4180} INFO - Setting next_dagrun for example_subdag_operator.section-1 to None, run_after=None
[2025-07-01T22:14:00.861+0000] {logging_mixin.py:190} INFO - [2025-07-01T22:14:00.861+0000] {dag.py:4180} INFO - Setting next_dagrun for example_subdag_operator.section-2 to None, run_after=None
[2025-07-01T22:14:00.868+0000] {logging_mixin.py:190} INFO - [2025-07-01T22:14:00.868+0000] {dag.py:3239} INFO - Sync 2 DAGs
[2025-07-01T22:14:00.873+0000] {logging_mixin.py:190} INFO - [2025-07-01T22:14:00.872+0000] {dag.py:4180} INFO - Setting next_dagrun for example_subdag_operator.section-1 to None, run_after=None
[2025-07-01T22:14:00.873+0000] {logging_mixin.py:190} INFO - [2025-07-01T22:14:00.873+0000] {dag.py:4180} INFO - Setting next_dagrun for example_subdag_operator.section-2 to None, run_after=None
[2025-07-01T22:14:00.886+0000] {processor.py:208} INFO - Processing /home/airflow/.local/lib/python3.12/site-packages/airflow/example_dags/example_subdag_operator.py took 0.100 seconds
[2025-07-01T22:14:31.457+0000] {processor.py:186} INFO - Started process (PID=7196) to work on /home/airflow/.local/lib/python3.12/site-packages/airflow/example_dags/example_subdag_operator.py
[2025-07-01T22:14:31.458+0000] {processor.py:914} INFO - Processing file /home/airflow/.local/lib/python3.12/site-packages/airflow/example_dags/example_subdag_operator.py for tasks to queue
[2025-07-01T22:14:31.460+0000] {logging_mixin.py:190} INFO - [2025-07-01T22:14:31.460+0000] {dagbag.py:588} INFO - Filling up the DagBag from /home/airflow/.local/lib/python3.12/site-packages/airflow/example_dags/example_subdag_operator.py
[2025-07-01T22:14:31.482+0000] {processor.py:925} INFO - DAG(s) 'example_subdag_operator.section-1', 'example_subdag_operator.section-2', 'example_subdag_operator' retrieved from /home/airflow/.local/lib/python3.12/site-packages/airflow/example_dags/example_subdag_operator.py
[2025-07-01T22:14:31.495+0000] {logging_mixin.py:190} INFO - [2025-07-01T22:14:31.495+0000] {dag.py:3239} INFO - Sync 3 DAGs
[2025-07-01T22:14:31.517+0000] {logging_mixin.py:190} INFO - [2025-07-01T22:14:31.517+0000] {dag.py:4180} INFO - Setting next_dagrun for example_subdag_operator to 2022-01-01 00:00:00+00:00, run_after=2022-01-01 00:00:00+00:00
[2025-07-01T22:14:31.520+0000] {logging_mixin.py:190} INFO - [2025-07-01T22:14:31.520+0000] {dag.py:4180} INFO - Setting next_dagrun for example_subdag_operator.section-1 to None, run_after=None
[2025-07-01T22:14:31.522+0000] {logging_mixin.py:190} INFO - [2025-07-01T22:14:31.521+0000] {dag.py:4180} INFO - Setting next_dagrun for example_subdag_operator.section-2 to None, run_after=None
[2025-07-01T22:14:31.528+0000] {logging_mixin.py:190} INFO - [2025-07-01T22:14:31.528+0000] {dag.py:3239} INFO - Sync 2 DAGs
[2025-07-01T22:14:31.534+0000] {logging_mixin.py:190} INFO - [2025-07-01T22:14:31.534+0000] {dag.py:4180} INFO - Setting next_dagrun for example_subdag_operator.section-1 to None, run_after=None
[2025-07-01T22:14:31.535+0000] {logging_mixin.py:190} INFO - [2025-07-01T22:14:31.535+0000] {dag.py:4180} INFO - Setting next_dagrun for example_subdag_operator.section-2 to None, run_after=None
[2025-07-01T22:14:31.547+0000] {processor.py:208} INFO - Processing /home/airflow/.local/lib/python3.12/site-packages/airflow/example_dags/example_subdag_operator.py took 0.096 seconds
[2025-07-01T22:15:02.533+0000] {processor.py:186} INFO - Started process (PID=7259) to work on /home/airflow/.local/lib/python3.12/site-packages/airflow/example_dags/example_subdag_operator.py
[2025-07-01T22:15:02.534+0000] {processor.py:914} INFO - Processing file /home/airflow/.local/lib/python3.12/site-packages/airflow/example_dags/example_subdag_operator.py for tasks to queue
[2025-07-01T22:15:02.537+0000] {logging_mixin.py:190} INFO - [2025-07-01T22:15:02.536+0000] {dagbag.py:588} INFO - Filling up the DagBag from /home/airflow/.local/lib/python3.12/site-packages/airflow/example_dags/example_subdag_operator.py
[2025-07-01T22:15:02.560+0000] {processor.py:925} INFO - DAG(s) 'example_subdag_operator.section-1', 'example_subdag_operator.section-2', 'example_subdag_operator' retrieved from /home/airflow/.local/lib/python3.12/site-packages/airflow/example_dags/example_subdag_operator.py
[2025-07-01T22:15:02.571+0000] {logging_mixin.py:190} INFO - [2025-07-01T22:15:02.571+0000] {dag.py:3239} INFO - Sync 3 DAGs
[2025-07-01T22:15:02.590+0000] {logging_mixin.py:190} INFO - [2025-07-01T22:15:02.590+0000] {dag.py:4180} INFO - Setting next_dagrun for example_subdag_operator to 2022-01-01 00:00:00+00:00, run_after=2022-01-01 00:00:00+00:00
[2025-07-01T22:15:02.594+0000] {logging_mixin.py:190} INFO - [2025-07-01T22:15:02.594+0000] {dag.py:4180} INFO - Setting next_dagrun for example_subdag_operator.section-1 to None, run_after=None
[2025-07-01T22:15:02.595+0000] {logging_mixin.py:190} INFO - [2025-07-01T22:15:02.595+0000] {dag.py:4180} INFO - Setting next_dagrun for example_subdag_operator.section-2 to None, run_after=None
[2025-07-01T22:15:02.601+0000] {logging_mixin.py:190} INFO - [2025-07-01T22:15:02.601+0000] {dag.py:3239} INFO - Sync 2 DAGs
[2025-07-01T22:15:02.605+0000] {logging_mixin.py:190} INFO - [2025-07-01T22:15:02.605+0000] {dag.py:4180} INFO - Setting next_dagrun for example_subdag_operator.section-1 to None, run_after=None
[2025-07-01T22:15:02.606+0000] {logging_mixin.py:190} INFO - [2025-07-01T22:15:02.606+0000] {dag.py:4180} INFO - Setting next_dagrun for example_subdag_operator.section-2 to None, run_after=None
[2025-07-01T22:15:02.618+0000] {processor.py:208} INFO - Processing /home/airflow/.local/lib/python3.12/site-packages/airflow/example_dags/example_subdag_operator.py took 0.090 seconds
[2025-07-01T22:15:32.765+0000] {processor.py:186} INFO - Started process (PID=7322) to work on /home/airflow/.local/lib/python3.12/site-packages/airflow/example_dags/example_subdag_operator.py
[2025-07-01T22:15:32.766+0000] {processor.py:914} INFO - Processing file /home/airflow/.local/lib/python3.12/site-packages/airflow/example_dags/example_subdag_operator.py for tasks to queue
[2025-07-01T22:15:32.771+0000] {logging_mixin.py:190} INFO - [2025-07-01T22:15:32.770+0000] {dagbag.py:588} INFO - Filling up the DagBag from /home/airflow/.local/lib/python3.12/site-packages/airflow/example_dags/example_subdag_operator.py
[2025-07-01T22:15:32.808+0000] {processor.py:925} INFO - DAG(s) 'example_subdag_operator.section-1', 'example_subdag_operator.section-2', 'example_subdag_operator' retrieved from /home/airflow/.local/lib/python3.12/site-packages/airflow/example_dags/example_subdag_operator.py
[2025-07-01T22:15:32.826+0000] {logging_mixin.py:190} INFO - [2025-07-01T22:15:32.826+0000] {dag.py:3239} INFO - Sync 3 DAGs
[2025-07-01T22:15:32.848+0000] {logging_mixin.py:190} INFO - [2025-07-01T22:15:32.847+0000] {dag.py:4180} INFO - Setting next_dagrun for example_subdag_operator to 2022-01-01 00:00:00+00:00, run_after=2022-01-01 00:00:00+00:00
[2025-07-01T22:15:32.851+0000] {logging_mixin.py:190} INFO - [2025-07-01T22:15:32.851+0000] {dag.py:4180} INFO - Setting next_dagrun for example_subdag_operator.section-1 to None, run_after=None
[2025-07-01T22:15:32.853+0000] {logging_mixin.py:190} INFO - [2025-07-01T22:15:32.853+0000] {dag.py:4180} INFO - Setting next_dagrun for example_subdag_operator.section-2 to None, run_after=None
[2025-07-01T22:15:32.861+0000] {logging_mixin.py:190} INFO - [2025-07-01T22:15:32.860+0000] {dag.py:3239} INFO - Sync 2 DAGs
[2025-07-01T22:15:32.865+0000] {logging_mixin.py:190} INFO - [2025-07-01T22:15:32.865+0000] {dag.py:4180} INFO - Setting next_dagrun for example_subdag_operator.section-1 to None, run_after=None
[2025-07-01T22:15:32.866+0000] {logging_mixin.py:190} INFO - [2025-07-01T22:15:32.866+0000] {dag.py:4180} INFO - Setting next_dagrun for example_subdag_operator.section-2 to None, run_after=None
[2025-07-01T22:15:32.881+0000] {processor.py:208} INFO - Processing /home/airflow/.local/lib/python3.12/site-packages/airflow/example_dags/example_subdag_operator.py took 0.123 seconds
[2025-07-01T22:16:02.955+0000] {processor.py:186} INFO - Started process (PID=7386) to work on /home/airflow/.local/lib/python3.12/site-packages/airflow/example_dags/example_subdag_operator.py
[2025-07-01T22:16:02.956+0000] {processor.py:914} INFO - Processing file /home/airflow/.local/lib/python3.12/site-packages/airflow/example_dags/example_subdag_operator.py for tasks to queue
[2025-07-01T22:16:02.959+0000] {logging_mixin.py:190} INFO - [2025-07-01T22:16:02.959+0000] {dagbag.py:588} INFO - Filling up the DagBag from /home/airflow/.local/lib/python3.12/site-packages/airflow/example_dags/example_subdag_operator.py
[2025-07-01T22:16:02.982+0000] {processor.py:925} INFO - DAG(s) 'example_subdag_operator.section-1', 'example_subdag_operator.section-2', 'example_subdag_operator' retrieved from /home/airflow/.local/lib/python3.12/site-packages/airflow/example_dags/example_subdag_operator.py
[2025-07-01T22:16:02.995+0000] {logging_mixin.py:190} INFO - [2025-07-01T22:16:02.995+0000] {dag.py:3239} INFO - Sync 3 DAGs
[2025-07-01T22:16:03.016+0000] {logging_mixin.py:190} INFO - [2025-07-01T22:16:03.015+0000] {dag.py:4180} INFO - Setting next_dagrun for example_subdag_operator to 2022-01-01 00:00:00+00:00, run_after=2022-01-01 00:00:00+00:00
[2025-07-01T22:16:03.019+0000] {logging_mixin.py:190} INFO - [2025-07-01T22:16:03.019+0000] {dag.py:4180} INFO - Setting next_dagrun for example_subdag_operator.section-1 to None, run_after=None
[2025-07-01T22:16:03.022+0000] {logging_mixin.py:190} INFO - [2025-07-01T22:16:03.022+0000] {dag.py:4180} INFO - Setting next_dagrun for example_subdag_operator.section-2 to None, run_after=None
[2025-07-01T22:16:03.030+0000] {logging_mixin.py:190} INFO - [2025-07-01T22:16:03.030+0000] {dag.py:3239} INFO - Sync 2 DAGs
[2025-07-01T22:16:03.035+0000] {logging_mixin.py:190} INFO - [2025-07-01T22:16:03.035+0000] {dag.py:4180} INFO - Setting next_dagrun for example_subdag_operator.section-1 to None, run_after=None
[2025-07-01T22:16:03.035+0000] {logging_mixin.py:190} INFO - [2025-07-01T22:16:03.035+0000] {dag.py:4180} INFO - Setting next_dagrun for example_subdag_operator.section-2 to None, run_after=None
[2025-07-01T22:16:03.046+0000] {processor.py:208} INFO - Processing /home/airflow/.local/lib/python3.12/site-packages/airflow/example_dags/example_subdag_operator.py took 0.096 seconds
[2025-07-01T22:16:33.508+0000] {processor.py:186} INFO - Started process (PID=7448) to work on /home/airflow/.local/lib/python3.12/site-packages/airflow/example_dags/example_subdag_operator.py
[2025-07-01T22:16:33.510+0000] {processor.py:914} INFO - Processing file /home/airflow/.local/lib/python3.12/site-packages/airflow/example_dags/example_subdag_operator.py for tasks to queue
[2025-07-01T22:16:33.513+0000] {logging_mixin.py:190} INFO - [2025-07-01T22:16:33.512+0000] {dagbag.py:588} INFO - Filling up the DagBag from /home/airflow/.local/lib/python3.12/site-packages/airflow/example_dags/example_subdag_operator.py
[2025-07-01T22:16:33.537+0000] {processor.py:925} INFO - DAG(s) 'example_subdag_operator.section-1', 'example_subdag_operator.section-2', 'example_subdag_operator' retrieved from /home/airflow/.local/lib/python3.12/site-packages/airflow/example_dags/example_subdag_operator.py
[2025-07-01T22:16:33.553+0000] {logging_mixin.py:190} INFO - [2025-07-01T22:16:33.553+0000] {dag.py:3239} INFO - Sync 3 DAGs
[2025-07-01T22:16:33.576+0000] {logging_mixin.py:190} INFO - [2025-07-01T22:16:33.575+0000] {dag.py:4180} INFO - Setting next_dagrun for example_subdag_operator to 2022-01-01 00:00:00+00:00, run_after=2022-01-01 00:00:00+00:00
[2025-07-01T22:16:33.580+0000] {logging_mixin.py:190} INFO - [2025-07-01T22:16:33.579+0000] {dag.py:4180} INFO - Setting next_dagrun for example_subdag_operator.section-1 to None, run_after=None
[2025-07-01T22:16:33.581+0000] {logging_mixin.py:190} INFO - [2025-07-01T22:16:33.581+0000] {dag.py:4180} INFO - Setting next_dagrun for example_subdag_operator.section-2 to None, run_after=None
[2025-07-01T22:16:33.589+0000] {logging_mixin.py:190} INFO - [2025-07-01T22:16:33.589+0000] {dag.py:3239} INFO - Sync 2 DAGs
[2025-07-01T22:16:33.595+0000] {logging_mixin.py:190} INFO - [2025-07-01T22:16:33.595+0000] {dag.py:4180} INFO - Setting next_dagrun for example_subdag_operator.section-1 to None, run_after=None
[2025-07-01T22:16:33.596+0000] {logging_mixin.py:190} INFO - [2025-07-01T22:16:33.596+0000] {dag.py:4180} INFO - Setting next_dagrun for example_subdag_operator.section-2 to None, run_after=None
[2025-07-01T22:16:33.609+0000] {processor.py:208} INFO - Processing /home/airflow/.local/lib/python3.12/site-packages/airflow/example_dags/example_subdag_operator.py took 0.107 seconds
[2025-07-01T22:17:04.098+0000] {processor.py:186} INFO - Started process (PID=7511) to work on /home/airflow/.local/lib/python3.12/site-packages/airflow/example_dags/example_subdag_operator.py
[2025-07-01T22:17:04.099+0000] {processor.py:914} INFO - Processing file /home/airflow/.local/lib/python3.12/site-packages/airflow/example_dags/example_subdag_operator.py for tasks to queue
[2025-07-01T22:17:04.101+0000] {logging_mixin.py:190} INFO - [2025-07-01T22:17:04.101+0000] {dagbag.py:588} INFO - Filling up the DagBag from /home/airflow/.local/lib/python3.12/site-packages/airflow/example_dags/example_subdag_operator.py
[2025-07-01T22:17:04.124+0000] {processor.py:925} INFO - DAG(s) 'example_subdag_operator.section-1', 'example_subdag_operator.section-2', 'example_subdag_operator' retrieved from /home/airflow/.local/lib/python3.12/site-packages/airflow/example_dags/example_subdag_operator.py
[2025-07-01T22:17:04.138+0000] {logging_mixin.py:190} INFO - [2025-07-01T22:17:04.137+0000] {dag.py:3239} INFO - Sync 3 DAGs
[2025-07-01T22:17:04.157+0000] {logging_mixin.py:190} INFO - [2025-07-01T22:17:04.157+0000] {dag.py:4180} INFO - Setting next_dagrun for example_subdag_operator to 2022-01-01 00:00:00+00:00, run_after=2022-01-01 00:00:00+00:00
[2025-07-01T22:17:04.160+0000] {logging_mixin.py:190} INFO - [2025-07-01T22:17:04.160+0000] {dag.py:4180} INFO - Setting next_dagrun for example_subdag_operator.section-1 to None, run_after=None
[2025-07-01T22:17:04.162+0000] {logging_mixin.py:190} INFO - [2025-07-01T22:17:04.162+0000] {dag.py:4180} INFO - Setting next_dagrun for example_subdag_operator.section-2 to None, run_after=None
[2025-07-01T22:17:04.167+0000] {logging_mixin.py:190} INFO - [2025-07-01T22:17:04.167+0000] {dag.py:3239} INFO - Sync 2 DAGs
[2025-07-01T22:17:04.172+0000] {logging_mixin.py:190} INFO - [2025-07-01T22:17:04.172+0000] {dag.py:4180} INFO - Setting next_dagrun for example_subdag_operator.section-1 to None, run_after=None
[2025-07-01T22:17:04.172+0000] {logging_mixin.py:190} INFO - [2025-07-01T22:17:04.172+0000] {dag.py:4180} INFO - Setting next_dagrun for example_subdag_operator.section-2 to None, run_after=None
[2025-07-01T22:17:04.186+0000] {processor.py:208} INFO - Processing /home/airflow/.local/lib/python3.12/site-packages/airflow/example_dags/example_subdag_operator.py took 0.094 seconds
[2025-07-01T22:17:34.946+0000] {processor.py:186} INFO - Started process (PID=7574) to work on /home/airflow/.local/lib/python3.12/site-packages/airflow/example_dags/example_subdag_operator.py
[2025-07-01T22:17:34.947+0000] {processor.py:914} INFO - Processing file /home/airflow/.local/lib/python3.12/site-packages/airflow/example_dags/example_subdag_operator.py for tasks to queue
[2025-07-01T22:17:34.949+0000] {logging_mixin.py:190} INFO - [2025-07-01T22:17:34.949+0000] {dagbag.py:588} INFO - Filling up the DagBag from /home/airflow/.local/lib/python3.12/site-packages/airflow/example_dags/example_subdag_operator.py
[2025-07-01T22:17:34.971+0000] {processor.py:925} INFO - DAG(s) 'example_subdag_operator.section-1', 'example_subdag_operator.section-2', 'example_subdag_operator' retrieved from /home/airflow/.local/lib/python3.12/site-packages/airflow/example_dags/example_subdag_operator.py
[2025-07-01T22:17:34.984+0000] {logging_mixin.py:190} INFO - [2025-07-01T22:17:34.984+0000] {dag.py:3239} INFO - Sync 3 DAGs
[2025-07-01T22:17:35.004+0000] {logging_mixin.py:190} INFO - [2025-07-01T22:17:35.003+0000] {dag.py:4180} INFO - Setting next_dagrun for example_subdag_operator to 2022-01-01 00:00:00+00:00, run_after=2022-01-01 00:00:00+00:00
[2025-07-01T22:17:35.007+0000] {logging_mixin.py:190} INFO - [2025-07-01T22:17:35.007+0000] {dag.py:4180} INFO - Setting next_dagrun for example_subdag_operator.section-1 to None, run_after=None
[2025-07-01T22:17:35.008+0000] {logging_mixin.py:190} INFO - [2025-07-01T22:17:35.008+0000] {dag.py:4180} INFO - Setting next_dagrun for example_subdag_operator.section-2 to None, run_after=None
[2025-07-01T22:17:35.014+0000] {logging_mixin.py:190} INFO - [2025-07-01T22:17:35.013+0000] {dag.py:3239} INFO - Sync 2 DAGs
[2025-07-01T22:17:35.018+0000] {logging_mixin.py:190} INFO - [2025-07-01T22:17:35.018+0000] {dag.py:4180} INFO - Setting next_dagrun for example_subdag_operator.section-1 to None, run_after=None
[2025-07-01T22:17:35.018+0000] {logging_mixin.py:190} INFO - [2025-07-01T22:17:35.018+0000] {dag.py:4180} INFO - Setting next_dagrun for example_subdag_operator.section-2 to None, run_after=None
[2025-07-01T22:17:35.030+0000] {processor.py:208} INFO - Processing /home/airflow/.local/lib/python3.12/site-packages/airflow/example_dags/example_subdag_operator.py took 0.091 seconds
[2025-07-01T22:18:06.316+0000] {processor.py:186} INFO - Started process (PID=7637) to work on /home/airflow/.local/lib/python3.12/site-packages/airflow/example_dags/example_subdag_operator.py
[2025-07-01T22:18:06.317+0000] {processor.py:914} INFO - Processing file /home/airflow/.local/lib/python3.12/site-packages/airflow/example_dags/example_subdag_operator.py for tasks to queue
[2025-07-01T22:18:06.321+0000] {logging_mixin.py:190} INFO - [2025-07-01T22:18:06.320+0000] {dagbag.py:588} INFO - Filling up the DagBag from /home/airflow/.local/lib/python3.12/site-packages/airflow/example_dags/example_subdag_operator.py
[2025-07-01T22:18:06.350+0000] {processor.py:925} INFO - DAG(s) 'example_subdag_operator.section-1', 'example_subdag_operator.section-2', 'example_subdag_operator' retrieved from /home/airflow/.local/lib/python3.12/site-packages/airflow/example_dags/example_subdag_operator.py
[2025-07-01T22:18:06.371+0000] {logging_mixin.py:190} INFO - [2025-07-01T22:18:06.370+0000] {dag.py:3239} INFO - Sync 3 DAGs
[2025-07-01T22:18:06.401+0000] {logging_mixin.py:190} INFO - [2025-07-01T22:18:06.401+0000] {dag.py:4180} INFO - Setting next_dagrun for example_subdag_operator to 2022-01-01 00:00:00+00:00, run_after=2022-01-01 00:00:00+00:00
[2025-07-01T22:18:06.406+0000] {logging_mixin.py:190} INFO - [2025-07-01T22:18:06.405+0000] {dag.py:4180} INFO - Setting next_dagrun for example_subdag_operator.section-1 to None, run_after=None
[2025-07-01T22:18:06.407+0000] {logging_mixin.py:190} INFO - [2025-07-01T22:18:06.407+0000] {dag.py:4180} INFO - Setting next_dagrun for example_subdag_operator.section-2 to None, run_after=None
[2025-07-01T22:18:06.413+0000] {logging_mixin.py:190} INFO - [2025-07-01T22:18:06.413+0000] {dag.py:3239} INFO - Sync 2 DAGs
[2025-07-01T22:18:06.419+0000] {logging_mixin.py:190} INFO - [2025-07-01T22:18:06.418+0000] {dag.py:4180} INFO - Setting next_dagrun for example_subdag_operator.section-1 to None, run_after=None
[2025-07-01T22:18:06.419+0000] {logging_mixin.py:190} INFO - [2025-07-01T22:18:06.419+0000] {dag.py:4180} INFO - Setting next_dagrun for example_subdag_operator.section-2 to None, run_after=None
[2025-07-01T22:18:06.433+0000] {processor.py:208} INFO - Processing /home/airflow/.local/lib/python3.12/site-packages/airflow/example_dags/example_subdag_operator.py took 0.124 seconds
[2025-07-01T22:18:36.512+0000] {processor.py:186} INFO - Started process (PID=7706) to work on /home/airflow/.local/lib/python3.12/site-packages/airflow/example_dags/example_subdag_operator.py
[2025-07-01T22:18:36.514+0000] {processor.py:914} INFO - Processing file /home/airflow/.local/lib/python3.12/site-packages/airflow/example_dags/example_subdag_operator.py for tasks to queue
[2025-07-01T22:18:36.516+0000] {logging_mixin.py:190} INFO - [2025-07-01T22:18:36.516+0000] {dagbag.py:588} INFO - Filling up the DagBag from /home/airflow/.local/lib/python3.12/site-packages/airflow/example_dags/example_subdag_operator.py
[2025-07-01T22:18:36.540+0000] {processor.py:925} INFO - DAG(s) 'example_subdag_operator.section-1', 'example_subdag_operator.section-2', 'example_subdag_operator' retrieved from /home/airflow/.local/lib/python3.12/site-packages/airflow/example_dags/example_subdag_operator.py
[2025-07-01T22:18:36.556+0000] {logging_mixin.py:190} INFO - [2025-07-01T22:18:36.555+0000] {dag.py:3239} INFO - Sync 3 DAGs
[2025-07-01T22:18:36.575+0000] {logging_mixin.py:190} INFO - [2025-07-01T22:18:36.575+0000] {dag.py:4180} INFO - Setting next_dagrun for example_subdag_operator to 2022-01-01 00:00:00+00:00, run_after=2022-01-01 00:00:00+00:00
[2025-07-01T22:18:36.578+0000] {logging_mixin.py:190} INFO - [2025-07-01T22:18:36.578+0000] {dag.py:4180} INFO - Setting next_dagrun for example_subdag_operator.section-1 to None, run_after=None
[2025-07-01T22:18:36.580+0000] {logging_mixin.py:190} INFO - [2025-07-01T22:18:36.579+0000] {dag.py:4180} INFO - Setting next_dagrun for example_subdag_operator.section-2 to None, run_after=None
[2025-07-01T22:18:36.585+0000] {logging_mixin.py:190} INFO - [2025-07-01T22:18:36.585+0000] {dag.py:3239} INFO - Sync 2 DAGs
[2025-07-01T22:18:36.591+0000] {logging_mixin.py:190} INFO - [2025-07-01T22:18:36.591+0000] {dag.py:4180} INFO - Setting next_dagrun for example_subdag_operator.section-1 to None, run_after=None
[2025-07-01T22:18:36.591+0000] {logging_mixin.py:190} INFO - [2025-07-01T22:18:36.591+0000] {dag.py:4180} INFO - Setting next_dagrun for example_subdag_operator.section-2 to None, run_after=None
[2025-07-01T22:18:36.602+0000] {processor.py:208} INFO - Processing /home/airflow/.local/lib/python3.12/site-packages/airflow/example_dags/example_subdag_operator.py took 0.095 seconds
[2025-07-01T22:19:07.423+0000] {processor.py:186} INFO - Started process (PID=7770) to work on /home/airflow/.local/lib/python3.12/site-packages/airflow/example_dags/example_subdag_operator.py
[2025-07-01T22:19:07.424+0000] {processor.py:914} INFO - Processing file /home/airflow/.local/lib/python3.12/site-packages/airflow/example_dags/example_subdag_operator.py for tasks to queue
[2025-07-01T22:19:07.426+0000] {logging_mixin.py:190} INFO - [2025-07-01T22:19:07.426+0000] {dagbag.py:588} INFO - Filling up the DagBag from /home/airflow/.local/lib/python3.12/site-packages/airflow/example_dags/example_subdag_operator.py
[2025-07-01T22:19:07.449+0000] {processor.py:925} INFO - DAG(s) 'example_subdag_operator.section-1', 'example_subdag_operator.section-2', 'example_subdag_operator' retrieved from /home/airflow/.local/lib/python3.12/site-packages/airflow/example_dags/example_subdag_operator.py
[2025-07-01T22:19:07.461+0000] {logging_mixin.py:190} INFO - [2025-07-01T22:19:07.460+0000] {dag.py:3239} INFO - Sync 3 DAGs
[2025-07-01T22:19:07.481+0000] {logging_mixin.py:190} INFO - [2025-07-01T22:19:07.481+0000] {dag.py:4180} INFO - Setting next_dagrun for example_subdag_operator to 2022-01-01 00:00:00+00:00, run_after=2022-01-01 00:00:00+00:00
[2025-07-01T22:19:07.485+0000] {logging_mixin.py:190} INFO - [2025-07-01T22:19:07.485+0000] {dag.py:4180} INFO - Setting next_dagrun for example_subdag_operator.section-1 to None, run_after=None
[2025-07-01T22:19:07.486+0000] {logging_mixin.py:190} INFO - [2025-07-01T22:19:07.486+0000] {dag.py:4180} INFO - Setting next_dagrun for example_subdag_operator.section-2 to None, run_after=None
[2025-07-01T22:19:07.493+0000] {logging_mixin.py:190} INFO - [2025-07-01T22:19:07.492+0000] {dag.py:3239} INFO - Sync 2 DAGs
[2025-07-01T22:19:07.497+0000] {logging_mixin.py:190} INFO - [2025-07-01T22:19:07.497+0000] {dag.py:4180} INFO - Setting next_dagrun for example_subdag_operator.section-1 to None, run_after=None
[2025-07-01T22:19:07.498+0000] {logging_mixin.py:190} INFO - [2025-07-01T22:19:07.498+0000] {dag.py:4180} INFO - Setting next_dagrun for example_subdag_operator.section-2 to None, run_after=None
[2025-07-01T22:19:07.510+0000] {processor.py:208} INFO - Processing /home/airflow/.local/lib/python3.12/site-packages/airflow/example_dags/example_subdag_operator.py took 0.093 seconds
[2025-07-01T22:19:38.048+0000] {processor.py:186} INFO - Started process (PID=7833) to work on /home/airflow/.local/lib/python3.12/site-packages/airflow/example_dags/example_subdag_operator.py
[2025-07-01T22:19:38.049+0000] {processor.py:914} INFO - Processing file /home/airflow/.local/lib/python3.12/site-packages/airflow/example_dags/example_subdag_operator.py for tasks to queue
[2025-07-01T22:19:38.051+0000] {logging_mixin.py:190} INFO - [2025-07-01T22:19:38.051+0000] {dagbag.py:588} INFO - Filling up the DagBag from /home/airflow/.local/lib/python3.12/site-packages/airflow/example_dags/example_subdag_operator.py
[2025-07-01T22:19:38.076+0000] {processor.py:925} INFO - DAG(s) 'example_subdag_operator.section-1', 'example_subdag_operator.section-2', 'example_subdag_operator' retrieved from /home/airflow/.local/lib/python3.12/site-packages/airflow/example_dags/example_subdag_operator.py
[2025-07-01T22:19:38.090+0000] {logging_mixin.py:190} INFO - [2025-07-01T22:19:38.089+0000] {dag.py:3239} INFO - Sync 3 DAGs
[2025-07-01T22:19:38.111+0000] {logging_mixin.py:190} INFO - [2025-07-01T22:19:38.111+0000] {dag.py:4180} INFO - Setting next_dagrun for example_subdag_operator to 2022-01-01 00:00:00+00:00, run_after=2022-01-01 00:00:00+00:00
[2025-07-01T22:19:38.115+0000] {logging_mixin.py:190} INFO - [2025-07-01T22:19:38.115+0000] {dag.py:4180} INFO - Setting next_dagrun for example_subdag_operator.section-1 to None, run_after=None
[2025-07-01T22:19:38.116+0000] {logging_mixin.py:190} INFO - [2025-07-01T22:19:38.116+0000] {dag.py:4180} INFO - Setting next_dagrun for example_subdag_operator.section-2 to None, run_after=None
[2025-07-01T22:19:38.124+0000] {logging_mixin.py:190} INFO - [2025-07-01T22:19:38.123+0000] {dag.py:3239} INFO - Sync 2 DAGs
[2025-07-01T22:19:38.129+0000] {logging_mixin.py:190} INFO - [2025-07-01T22:19:38.129+0000] {dag.py:4180} INFO - Setting next_dagrun for example_subdag_operator.section-1 to None, run_after=None
[2025-07-01T22:19:38.130+0000] {logging_mixin.py:190} INFO - [2025-07-01T22:19:38.130+0000] {dag.py:4180} INFO - Setting next_dagrun for example_subdag_operator.section-2 to None, run_after=None
[2025-07-01T22:19:38.144+0000] {processor.py:208} INFO - Processing /home/airflow/.local/lib/python3.12/site-packages/airflow/example_dags/example_subdag_operator.py took 0.101 seconds
[2025-07-01T22:20:08.502+0000] {processor.py:186} INFO - Started process (PID=7896) to work on /home/airflow/.local/lib/python3.12/site-packages/airflow/example_dags/example_subdag_operator.py
[2025-07-01T22:20:08.503+0000] {processor.py:914} INFO - Processing file /home/airflow/.local/lib/python3.12/site-packages/airflow/example_dags/example_subdag_operator.py for tasks to queue
[2025-07-01T22:20:08.506+0000] {logging_mixin.py:190} INFO - [2025-07-01T22:20:08.505+0000] {dagbag.py:588} INFO - Filling up the DagBag from /home/airflow/.local/lib/python3.12/site-packages/airflow/example_dags/example_subdag_operator.py
[2025-07-01T22:20:08.527+0000] {processor.py:925} INFO - DAG(s) 'example_subdag_operator.section-1', 'example_subdag_operator.section-2', 'example_subdag_operator' retrieved from /home/airflow/.local/lib/python3.12/site-packages/airflow/example_dags/example_subdag_operator.py
[2025-07-01T22:20:08.540+0000] {logging_mixin.py:190} INFO - [2025-07-01T22:20:08.540+0000] {dag.py:3239} INFO - Sync 3 DAGs
[2025-07-01T22:20:08.559+0000] {logging_mixin.py:190} INFO - [2025-07-01T22:20:08.559+0000] {dag.py:4180} INFO - Setting next_dagrun for example_subdag_operator to 2022-01-01 00:00:00+00:00, run_after=2022-01-01 00:00:00+00:00
[2025-07-01T22:20:08.563+0000] {logging_mixin.py:190} INFO - [2025-07-01T22:20:08.563+0000] {dag.py:4180} INFO - Setting next_dagrun for example_subdag_operator.section-1 to None, run_after=None
[2025-07-01T22:20:08.564+0000] {logging_mixin.py:190} INFO - [2025-07-01T22:20:08.564+0000] {dag.py:4180} INFO - Setting next_dagrun for example_subdag_operator.section-2 to None, run_after=None
[2025-07-01T22:20:08.570+0000] {logging_mixin.py:190} INFO - [2025-07-01T22:20:08.570+0000] {dag.py:3239} INFO - Sync 2 DAGs
[2025-07-01T22:20:08.574+0000] {logging_mixin.py:190} INFO - [2025-07-01T22:20:08.574+0000] {dag.py:4180} INFO - Setting next_dagrun for example_subdag_operator.section-1 to None, run_after=None
[2025-07-01T22:20:08.575+0000] {logging_mixin.py:190} INFO - [2025-07-01T22:20:08.575+0000] {dag.py:4180} INFO - Setting next_dagrun for example_subdag_operator.section-2 to None, run_after=None
[2025-07-01T22:20:08.588+0000] {processor.py:208} INFO - Processing /home/airflow/.local/lib/python3.12/site-packages/airflow/example_dags/example_subdag_operator.py took 0.091 seconds
[2025-07-01T22:20:39.103+0000] {processor.py:186} INFO - Started process (PID=7959) to work on /home/airflow/.local/lib/python3.12/site-packages/airflow/example_dags/example_subdag_operator.py
[2025-07-01T22:20:39.104+0000] {processor.py:914} INFO - Processing file /home/airflow/.local/lib/python3.12/site-packages/airflow/example_dags/example_subdag_operator.py for tasks to queue
[2025-07-01T22:20:39.107+0000] {logging_mixin.py:190} INFO - [2025-07-01T22:20:39.107+0000] {dagbag.py:588} INFO - Filling up the DagBag from /home/airflow/.local/lib/python3.12/site-packages/airflow/example_dags/example_subdag_operator.py
[2025-07-01T22:20:39.133+0000] {processor.py:925} INFO - DAG(s) 'example_subdag_operator.section-1', 'example_subdag_operator.section-2', 'example_subdag_operator' retrieved from /home/airflow/.local/lib/python3.12/site-packages/airflow/example_dags/example_subdag_operator.py
[2025-07-01T22:20:39.149+0000] {logging_mixin.py:190} INFO - [2025-07-01T22:20:39.149+0000] {dag.py:3239} INFO - Sync 3 DAGs
[2025-07-01T22:20:39.175+0000] {logging_mixin.py:190} INFO - [2025-07-01T22:20:39.175+0000] {dag.py:4180} INFO - Setting next_dagrun for example_subdag_operator to 2022-01-01 00:00:00+00:00, run_after=2022-01-01 00:00:00+00:00
[2025-07-01T22:20:39.179+0000] {logging_mixin.py:190} INFO - [2025-07-01T22:20:39.179+0000] {dag.py:4180} INFO - Setting next_dagrun for example_subdag_operator.section-1 to None, run_after=None
[2025-07-01T22:20:39.181+0000] {logging_mixin.py:190} INFO - [2025-07-01T22:20:39.181+0000] {dag.py:4180} INFO - Setting next_dagrun for example_subdag_operator.section-2 to None, run_after=None
[2025-07-01T22:20:39.189+0000] {logging_mixin.py:190} INFO - [2025-07-01T22:20:39.189+0000] {dag.py:3239} INFO - Sync 2 DAGs
[2025-07-01T22:20:39.197+0000] {logging_mixin.py:190} INFO - [2025-07-01T22:20:39.197+0000] {dag.py:4180} INFO - Setting next_dagrun for example_subdag_operator.section-1 to None, run_after=None
[2025-07-01T22:20:39.198+0000] {logging_mixin.py:190} INFO - [2025-07-01T22:20:39.198+0000] {dag.py:4180} INFO - Setting next_dagrun for example_subdag_operator.section-2 to None, run_after=None
[2025-07-01T22:20:39.225+0000] {processor.py:208} INFO - Processing /home/airflow/.local/lib/python3.12/site-packages/airflow/example_dags/example_subdag_operator.py took 0.128 seconds
[2025-07-01T22:21:09.877+0000] {processor.py:186} INFO - Started process (PID=8022) to work on /home/airflow/.local/lib/python3.12/site-packages/airflow/example_dags/example_subdag_operator.py
[2025-07-01T22:21:09.878+0000] {processor.py:914} INFO - Processing file /home/airflow/.local/lib/python3.12/site-packages/airflow/example_dags/example_subdag_operator.py for tasks to queue
[2025-07-01T22:21:09.881+0000] {logging_mixin.py:190} INFO - [2025-07-01T22:21:09.880+0000] {dagbag.py:588} INFO - Filling up the DagBag from /home/airflow/.local/lib/python3.12/site-packages/airflow/example_dags/example_subdag_operator.py
[2025-07-01T22:21:09.910+0000] {processor.py:925} INFO - DAG(s) 'example_subdag_operator.section-1', 'example_subdag_operator.section-2', 'example_subdag_operator' retrieved from /home/airflow/.local/lib/python3.12/site-packages/airflow/example_dags/example_subdag_operator.py
[2025-07-01T22:21:09.925+0000] {logging_mixin.py:190} INFO - [2025-07-01T22:21:09.925+0000] {dag.py:3239} INFO - Sync 3 DAGs
[2025-07-01T22:21:09.953+0000] {logging_mixin.py:190} INFO - [2025-07-01T22:21:09.952+0000] {dag.py:4180} INFO - Setting next_dagrun for example_subdag_operator to 2022-01-01 00:00:00+00:00, run_after=2022-01-01 00:00:00+00:00
[2025-07-01T22:21:09.958+0000] {logging_mixin.py:190} INFO - [2025-07-01T22:21:09.957+0000] {dag.py:4180} INFO - Setting next_dagrun for example_subdag_operator.section-1 to None, run_after=None
[2025-07-01T22:21:09.961+0000] {logging_mixin.py:190} INFO - [2025-07-01T22:21:09.960+0000] {dag.py:4180} INFO - Setting next_dagrun for example_subdag_operator.section-2 to None, run_after=None
[2025-07-01T22:21:09.973+0000] {logging_mixin.py:190} INFO - [2025-07-01T22:21:09.972+0000] {dag.py:3239} INFO - Sync 2 DAGs
[2025-07-01T22:21:09.982+0000] {logging_mixin.py:190} INFO - [2025-07-01T22:21:09.982+0000] {dag.py:4180} INFO - Setting next_dagrun for example_subdag_operator.section-1 to None, run_after=None
[2025-07-01T22:21:09.984+0000] {logging_mixin.py:190} INFO - [2025-07-01T22:21:09.984+0000] {dag.py:4180} INFO - Setting next_dagrun for example_subdag_operator.section-2 to None, run_after=None
[2025-07-01T22:21:10.008+0000] {processor.py:208} INFO - Processing /home/airflow/.local/lib/python3.12/site-packages/airflow/example_dags/example_subdag_operator.py took 0.137 seconds
[2025-07-01T22:21:40.606+0000] {processor.py:186} INFO - Started process (PID=8085) to work on /home/airflow/.local/lib/python3.12/site-packages/airflow/example_dags/example_subdag_operator.py
[2025-07-01T22:21:40.607+0000] {processor.py:914} INFO - Processing file /home/airflow/.local/lib/python3.12/site-packages/airflow/example_dags/example_subdag_operator.py for tasks to queue
[2025-07-01T22:21:40.609+0000] {logging_mixin.py:190} INFO - [2025-07-01T22:21:40.609+0000] {dagbag.py:588} INFO - Filling up the DagBag from /home/airflow/.local/lib/python3.12/site-packages/airflow/example_dags/example_subdag_operator.py
[2025-07-01T22:21:40.632+0000] {processor.py:925} INFO - DAG(s) 'example_subdag_operator.section-1', 'example_subdag_operator.section-2', 'example_subdag_operator' retrieved from /home/airflow/.local/lib/python3.12/site-packages/airflow/example_dags/example_subdag_operator.py
[2025-07-01T22:21:40.645+0000] {logging_mixin.py:190} INFO - [2025-07-01T22:21:40.645+0000] {dag.py:3239} INFO - Sync 3 DAGs
[2025-07-01T22:21:40.665+0000] {logging_mixin.py:190} INFO - [2025-07-01T22:21:40.665+0000] {dag.py:4180} INFO - Setting next_dagrun for example_subdag_operator to 2022-01-01 00:00:00+00:00, run_after=2022-01-01 00:00:00+00:00
[2025-07-01T22:21:40.669+0000] {logging_mixin.py:190} INFO - [2025-07-01T22:21:40.669+0000] {dag.py:4180} INFO - Setting next_dagrun for example_subdag_operator.section-1 to None, run_after=None
[2025-07-01T22:21:40.670+0000] {logging_mixin.py:190} INFO - [2025-07-01T22:21:40.670+0000] {dag.py:4180} INFO - Setting next_dagrun for example_subdag_operator.section-2 to None, run_after=None
[2025-07-01T22:21:40.677+0000] {logging_mixin.py:190} INFO - [2025-07-01T22:21:40.676+0000] {dag.py:3239} INFO - Sync 2 DAGs
[2025-07-01T22:21:40.681+0000] {logging_mixin.py:190} INFO - [2025-07-01T22:21:40.681+0000] {dag.py:4180} INFO - Setting next_dagrun for example_subdag_operator.section-1 to None, run_after=None
[2025-07-01T22:21:40.682+0000] {logging_mixin.py:190} INFO - [2025-07-01T22:21:40.682+0000] {dag.py:4180} INFO - Setting next_dagrun for example_subdag_operator.section-2 to None, run_after=None
[2025-07-01T22:21:40.695+0000] {processor.py:208} INFO - Processing /home/airflow/.local/lib/python3.12/site-packages/airflow/example_dags/example_subdag_operator.py took 0.095 seconds
[2025-07-01T22:22:11.100+0000] {processor.py:186} INFO - Started process (PID=8148) to work on /home/airflow/.local/lib/python3.12/site-packages/airflow/example_dags/example_subdag_operator.py
[2025-07-01T22:22:11.101+0000] {processor.py:914} INFO - Processing file /home/airflow/.local/lib/python3.12/site-packages/airflow/example_dags/example_subdag_operator.py for tasks to queue
[2025-07-01T22:22:11.104+0000] {logging_mixin.py:190} INFO - [2025-07-01T22:22:11.103+0000] {dagbag.py:588} INFO - Filling up the DagBag from /home/airflow/.local/lib/python3.12/site-packages/airflow/example_dags/example_subdag_operator.py
[2025-07-01T22:22:11.129+0000] {processor.py:925} INFO - DAG(s) 'example_subdag_operator.section-1', 'example_subdag_operator.section-2', 'example_subdag_operator' retrieved from /home/airflow/.local/lib/python3.12/site-packages/airflow/example_dags/example_subdag_operator.py
[2025-07-01T22:22:11.142+0000] {logging_mixin.py:190} INFO - [2025-07-01T22:22:11.142+0000] {dag.py:3239} INFO - Sync 3 DAGs
[2025-07-01T22:22:11.162+0000] {logging_mixin.py:190} INFO - [2025-07-01T22:22:11.161+0000] {dag.py:4180} INFO - Setting next_dagrun for example_subdag_operator to 2022-01-01 00:00:00+00:00, run_after=2022-01-01 00:00:00+00:00
[2025-07-01T22:22:11.165+0000] {logging_mixin.py:190} INFO - [2025-07-01T22:22:11.165+0000] {dag.py:4180} INFO - Setting next_dagrun for example_subdag_operator.section-1 to None, run_after=None
[2025-07-01T22:22:11.166+0000] {logging_mixin.py:190} INFO - [2025-07-01T22:22:11.166+0000] {dag.py:4180} INFO - Setting next_dagrun for example_subdag_operator.section-2 to None, run_after=None
[2025-07-01T22:22:11.172+0000] {logging_mixin.py:190} INFO - [2025-07-01T22:22:11.172+0000] {dag.py:3239} INFO - Sync 2 DAGs
[2025-07-01T22:22:11.177+0000] {logging_mixin.py:190} INFO - [2025-07-01T22:22:11.177+0000] {dag.py:4180} INFO - Setting next_dagrun for example_subdag_operator.section-1 to None, run_after=None
[2025-07-01T22:22:11.178+0000] {logging_mixin.py:190} INFO - [2025-07-01T22:22:11.178+0000] {dag.py:4180} INFO - Setting next_dagrun for example_subdag_operator.section-2 to None, run_after=None
[2025-07-01T22:22:11.190+0000] {processor.py:208} INFO - Processing /home/airflow/.local/lib/python3.12/site-packages/airflow/example_dags/example_subdag_operator.py took 0.096 seconds
[2025-07-01T22:22:41.671+0000] {processor.py:186} INFO - Started process (PID=8211) to work on /home/airflow/.local/lib/python3.12/site-packages/airflow/example_dags/example_subdag_operator.py
[2025-07-01T22:22:41.672+0000] {processor.py:914} INFO - Processing file /home/airflow/.local/lib/python3.12/site-packages/airflow/example_dags/example_subdag_operator.py for tasks to queue
[2025-07-01T22:22:41.675+0000] {logging_mixin.py:190} INFO - [2025-07-01T22:22:41.674+0000] {dagbag.py:588} INFO - Filling up the DagBag from /home/airflow/.local/lib/python3.12/site-packages/airflow/example_dags/example_subdag_operator.py
[2025-07-01T22:22:41.702+0000] {processor.py:925} INFO - DAG(s) 'example_subdag_operator.section-1', 'example_subdag_operator.section-2', 'example_subdag_operator' retrieved from /home/airflow/.local/lib/python3.12/site-packages/airflow/example_dags/example_subdag_operator.py
[2025-07-01T22:22:41.720+0000] {logging_mixin.py:190} INFO - [2025-07-01T22:22:41.720+0000] {dag.py:3239} INFO - Sync 3 DAGs
[2025-07-01T22:22:41.749+0000] {logging_mixin.py:190} INFO - [2025-07-01T22:22:41.749+0000] {dag.py:4180} INFO - Setting next_dagrun for example_subdag_operator to 2022-01-01 00:00:00+00:00, run_after=2022-01-01 00:00:00+00:00
[2025-07-01T22:22:41.755+0000] {logging_mixin.py:190} INFO - [2025-07-01T22:22:41.754+0000] {dag.py:4180} INFO - Setting next_dagrun for example_subdag_operator.section-1 to None, run_after=None
[2025-07-01T22:22:41.757+0000] {logging_mixin.py:190} INFO - [2025-07-01T22:22:41.757+0000] {dag.py:4180} INFO - Setting next_dagrun for example_subdag_operator.section-2 to None, run_after=None
[2025-07-01T22:22:41.766+0000] {logging_mixin.py:190} INFO - [2025-07-01T22:22:41.766+0000] {dag.py:3239} INFO - Sync 2 DAGs
[2025-07-01T22:22:41.778+0000] {logging_mixin.py:190} INFO - [2025-07-01T22:22:41.778+0000] {dag.py:4180} INFO - Setting next_dagrun for example_subdag_operator.section-1 to None, run_after=None
[2025-07-01T22:22:41.779+0000] {logging_mixin.py:190} INFO - [2025-07-01T22:22:41.779+0000] {dag.py:4180} INFO - Setting next_dagrun for example_subdag_operator.section-2 to None, run_after=None
[2025-07-01T22:22:41.797+0000] {processor.py:208} INFO - Processing /home/airflow/.local/lib/python3.12/site-packages/airflow/example_dags/example_subdag_operator.py took 0.131 seconds
[2025-07-01T22:23:12.463+0000] {processor.py:186} INFO - Started process (PID=8274) to work on /home/airflow/.local/lib/python3.12/site-packages/airflow/example_dags/example_subdag_operator.py
[2025-07-01T22:23:12.464+0000] {processor.py:914} INFO - Processing file /home/airflow/.local/lib/python3.12/site-packages/airflow/example_dags/example_subdag_operator.py for tasks to queue
[2025-07-01T22:23:12.466+0000] {logging_mixin.py:190} INFO - [2025-07-01T22:23:12.466+0000] {dagbag.py:588} INFO - Filling up the DagBag from /home/airflow/.local/lib/python3.12/site-packages/airflow/example_dags/example_subdag_operator.py
[2025-07-01T22:23:12.489+0000] {processor.py:925} INFO - DAG(s) 'example_subdag_operator.section-1', 'example_subdag_operator.section-2', 'example_subdag_operator' retrieved from /home/airflow/.local/lib/python3.12/site-packages/airflow/example_dags/example_subdag_operator.py
[2025-07-01T22:23:12.501+0000] {logging_mixin.py:190} INFO - [2025-07-01T22:23:12.500+0000] {dag.py:3239} INFO - Sync 3 DAGs
[2025-07-01T22:23:12.519+0000] {logging_mixin.py:190} INFO - [2025-07-01T22:23:12.519+0000] {dag.py:4180} INFO - Setting next_dagrun for example_subdag_operator to 2022-01-01 00:00:00+00:00, run_after=2022-01-01 00:00:00+00:00
[2025-07-01T22:23:12.523+0000] {logging_mixin.py:190} INFO - [2025-07-01T22:23:12.522+0000] {dag.py:4180} INFO - Setting next_dagrun for example_subdag_operator.section-1 to None, run_after=None
[2025-07-01T22:23:12.524+0000] {logging_mixin.py:190} INFO - [2025-07-01T22:23:12.524+0000] {dag.py:4180} INFO - Setting next_dagrun for example_subdag_operator.section-2 to None, run_after=None
[2025-07-01T22:23:12.530+0000] {logging_mixin.py:190} INFO - [2025-07-01T22:23:12.530+0000] {dag.py:3239} INFO - Sync 2 DAGs
[2025-07-01T22:23:12.535+0000] {logging_mixin.py:190} INFO - [2025-07-01T22:23:12.534+0000] {dag.py:4180} INFO - Setting next_dagrun for example_subdag_operator.section-1 to None, run_after=None
[2025-07-01T22:23:12.535+0000] {logging_mixin.py:190} INFO - [2025-07-01T22:23:12.535+0000] {dag.py:4180} INFO - Setting next_dagrun for example_subdag_operator.section-2 to None, run_after=None
[2025-07-01T22:23:12.548+0000] {processor.py:208} INFO - Processing /home/airflow/.local/lib/python3.12/site-packages/airflow/example_dags/example_subdag_operator.py took 0.093 seconds
[2025-07-01T22:23:43.235+0000] {processor.py:186} INFO - Started process (PID=8337) to work on /home/airflow/.local/lib/python3.12/site-packages/airflow/example_dags/example_subdag_operator.py
[2025-07-01T22:23:43.236+0000] {processor.py:914} INFO - Processing file /home/airflow/.local/lib/python3.12/site-packages/airflow/example_dags/example_subdag_operator.py for tasks to queue
[2025-07-01T22:23:43.239+0000] {logging_mixin.py:190} INFO - [2025-07-01T22:23:43.239+0000] {dagbag.py:588} INFO - Filling up the DagBag from /home/airflow/.local/lib/python3.12/site-packages/airflow/example_dags/example_subdag_operator.py
[2025-07-01T22:23:43.263+0000] {processor.py:925} INFO - DAG(s) 'example_subdag_operator.section-1', 'example_subdag_operator.section-2', 'example_subdag_operator' retrieved from /home/airflow/.local/lib/python3.12/site-packages/airflow/example_dags/example_subdag_operator.py
[2025-07-01T22:23:43.276+0000] {logging_mixin.py:190} INFO - [2025-07-01T22:23:43.276+0000] {dag.py:3239} INFO - Sync 3 DAGs
[2025-07-01T22:23:43.297+0000] {logging_mixin.py:190} INFO - [2025-07-01T22:23:43.297+0000] {dag.py:4180} INFO - Setting next_dagrun for example_subdag_operator to 2022-01-01 00:00:00+00:00, run_after=2022-01-01 00:00:00+00:00
[2025-07-01T22:23:43.301+0000] {logging_mixin.py:190} INFO - [2025-07-01T22:23:43.301+0000] {dag.py:4180} INFO - Setting next_dagrun for example_subdag_operator.section-1 to None, run_after=None
[2025-07-01T22:23:43.302+0000] {logging_mixin.py:190} INFO - [2025-07-01T22:23:43.302+0000] {dag.py:4180} INFO - Setting next_dagrun for example_subdag_operator.section-2 to None, run_after=None
[2025-07-01T22:23:43.308+0000] {logging_mixin.py:190} INFO - [2025-07-01T22:23:43.308+0000] {dag.py:3239} INFO - Sync 2 DAGs
[2025-07-01T22:23:43.313+0000] {logging_mixin.py:190} INFO - [2025-07-01T22:23:43.313+0000] {dag.py:4180} INFO - Setting next_dagrun for example_subdag_operator.section-1 to None, run_after=None
[2025-07-01T22:23:43.314+0000] {logging_mixin.py:190} INFO - [2025-07-01T22:23:43.314+0000] {dag.py:4180} INFO - Setting next_dagrun for example_subdag_operator.section-2 to None, run_after=None
[2025-07-01T22:23:43.328+0000] {processor.py:208} INFO - Processing /home/airflow/.local/lib/python3.12/site-packages/airflow/example_dags/example_subdag_operator.py took 0.099 seconds
[2025-07-01T22:24:13.820+0000] {processor.py:186} INFO - Started process (PID=8400) to work on /home/airflow/.local/lib/python3.12/site-packages/airflow/example_dags/example_subdag_operator.py
[2025-07-01T22:24:13.821+0000] {processor.py:914} INFO - Processing file /home/airflow/.local/lib/python3.12/site-packages/airflow/example_dags/example_subdag_operator.py for tasks to queue
[2025-07-01T22:24:13.823+0000] {logging_mixin.py:190} INFO - [2025-07-01T22:24:13.823+0000] {dagbag.py:588} INFO - Filling up the DagBag from /home/airflow/.local/lib/python3.12/site-packages/airflow/example_dags/example_subdag_operator.py
[2025-07-01T22:24:13.848+0000] {processor.py:925} INFO - DAG(s) 'example_subdag_operator.section-1', 'example_subdag_operator.section-2', 'example_subdag_operator' retrieved from /home/airflow/.local/lib/python3.12/site-packages/airflow/example_dags/example_subdag_operator.py
[2025-07-01T22:24:13.863+0000] {logging_mixin.py:190} INFO - [2025-07-01T22:24:13.862+0000] {dag.py:3239} INFO - Sync 3 DAGs
[2025-07-01T22:24:13.883+0000] {logging_mixin.py:190} INFO - [2025-07-01T22:24:13.883+0000] {dag.py:4180} INFO - Setting next_dagrun for example_subdag_operator to 2022-01-01 00:00:00+00:00, run_after=2022-01-01 00:00:00+00:00
[2025-07-01T22:24:13.887+0000] {logging_mixin.py:190} INFO - [2025-07-01T22:24:13.887+0000] {dag.py:4180} INFO - Setting next_dagrun for example_subdag_operator.section-1 to None, run_after=None
[2025-07-01T22:24:13.890+0000] {logging_mixin.py:190} INFO - [2025-07-01T22:24:13.889+0000] {dag.py:4180} INFO - Setting next_dagrun for example_subdag_operator.section-2 to None, run_after=None
[2025-07-01T22:24:13.897+0000] {logging_mixin.py:190} INFO - [2025-07-01T22:24:13.897+0000] {dag.py:3239} INFO - Sync 2 DAGs
[2025-07-01T22:24:13.903+0000] {logging_mixin.py:190} INFO - [2025-07-01T22:24:13.903+0000] {dag.py:4180} INFO - Setting next_dagrun for example_subdag_operator.section-1 to None, run_after=None
[2025-07-01T22:24:13.904+0000] {logging_mixin.py:190} INFO - [2025-07-01T22:24:13.904+0000] {dag.py:4180} INFO - Setting next_dagrun for example_subdag_operator.section-2 to None, run_after=None
[2025-07-01T22:24:13.918+0000] {processor.py:208} INFO - Processing /home/airflow/.local/lib/python3.12/site-packages/airflow/example_dags/example_subdag_operator.py took 0.104 seconds
[2025-07-01T22:24:44.297+0000] {processor.py:186} INFO - Started process (PID=8469) to work on /home/airflow/.local/lib/python3.12/site-packages/airflow/example_dags/example_subdag_operator.py
[2025-07-01T22:24:44.298+0000] {processor.py:914} INFO - Processing file /home/airflow/.local/lib/python3.12/site-packages/airflow/example_dags/example_subdag_operator.py for tasks to queue
[2025-07-01T22:24:44.300+0000] {logging_mixin.py:190} INFO - [2025-07-01T22:24:44.300+0000] {dagbag.py:588} INFO - Filling up the DagBag from /home/airflow/.local/lib/python3.12/site-packages/airflow/example_dags/example_subdag_operator.py
[2025-07-01T22:24:44.323+0000] {processor.py:925} INFO - DAG(s) 'example_subdag_operator.section-1', 'example_subdag_operator.section-2', 'example_subdag_operator' retrieved from /home/airflow/.local/lib/python3.12/site-packages/airflow/example_dags/example_subdag_operator.py
[2025-07-01T22:24:44.336+0000] {logging_mixin.py:190} INFO - [2025-07-01T22:24:44.336+0000] {dag.py:3239} INFO - Sync 3 DAGs
[2025-07-01T22:24:44.357+0000] {logging_mixin.py:190} INFO - [2025-07-01T22:24:44.357+0000] {dag.py:4180} INFO - Setting next_dagrun for example_subdag_operator to 2022-01-01 00:00:00+00:00, run_after=2022-01-01 00:00:00+00:00
[2025-07-01T22:24:44.360+0000] {logging_mixin.py:190} INFO - [2025-07-01T22:24:44.360+0000] {dag.py:4180} INFO - Setting next_dagrun for example_subdag_operator.section-1 to None, run_after=None
[2025-07-01T22:24:44.361+0000] {logging_mixin.py:190} INFO - [2025-07-01T22:24:44.361+0000] {dag.py:4180} INFO - Setting next_dagrun for example_subdag_operator.section-2 to None, run_after=None
[2025-07-01T22:24:44.367+0000] {logging_mixin.py:190} INFO - [2025-07-01T22:24:44.367+0000] {dag.py:3239} INFO - Sync 2 DAGs
[2025-07-01T22:24:44.373+0000] {logging_mixin.py:190} INFO - [2025-07-01T22:24:44.373+0000] {dag.py:4180} INFO - Setting next_dagrun for example_subdag_operator.section-1 to None, run_after=None
[2025-07-01T22:24:44.374+0000] {logging_mixin.py:190} INFO - [2025-07-01T22:24:44.374+0000] {dag.py:4180} INFO - Setting next_dagrun for example_subdag_operator.section-2 to None, run_after=None
[2025-07-01T22:24:44.390+0000] {processor.py:208} INFO - Processing /home/airflow/.local/lib/python3.12/site-packages/airflow/example_dags/example_subdag_operator.py took 0.098 seconds
[2025-07-01T22:25:15.115+0000] {processor.py:186} INFO - Started process (PID=8532) to work on /home/airflow/.local/lib/python3.12/site-packages/airflow/example_dags/example_subdag_operator.py
[2025-07-01T22:25:15.116+0000] {processor.py:914} INFO - Processing file /home/airflow/.local/lib/python3.12/site-packages/airflow/example_dags/example_subdag_operator.py for tasks to queue
[2025-07-01T22:25:15.118+0000] {logging_mixin.py:190} INFO - [2025-07-01T22:25:15.118+0000] {dagbag.py:588} INFO - Filling up the DagBag from /home/airflow/.local/lib/python3.12/site-packages/airflow/example_dags/example_subdag_operator.py
[2025-07-01T22:25:15.144+0000] {processor.py:925} INFO - DAG(s) 'example_subdag_operator.section-1', 'example_subdag_operator.section-2', 'example_subdag_operator' retrieved from /home/airflow/.local/lib/python3.12/site-packages/airflow/example_dags/example_subdag_operator.py
[2025-07-01T22:25:15.157+0000] {logging_mixin.py:190} INFO - [2025-07-01T22:25:15.156+0000] {dag.py:3239} INFO - Sync 3 DAGs
[2025-07-01T22:25:15.176+0000] {logging_mixin.py:190} INFO - [2025-07-01T22:25:15.176+0000] {dag.py:4180} INFO - Setting next_dagrun for example_subdag_operator to 2022-01-01 00:00:00+00:00, run_after=2022-01-01 00:00:00+00:00
[2025-07-01T22:25:15.179+0000] {logging_mixin.py:190} INFO - [2025-07-01T22:25:15.179+0000] {dag.py:4180} INFO - Setting next_dagrun for example_subdag_operator.section-1 to None, run_after=None
[2025-07-01T22:25:15.181+0000] {logging_mixin.py:190} INFO - [2025-07-01T22:25:15.181+0000] {dag.py:4180} INFO - Setting next_dagrun for example_subdag_operator.section-2 to None, run_after=None
[2025-07-01T22:25:15.188+0000] {logging_mixin.py:190} INFO - [2025-07-01T22:25:15.187+0000] {dag.py:3239} INFO - Sync 2 DAGs
[2025-07-01T22:25:15.193+0000] {logging_mixin.py:190} INFO - [2025-07-01T22:25:15.192+0000] {dag.py:4180} INFO - Setting next_dagrun for example_subdag_operator.section-1 to None, run_after=None
[2025-07-01T22:25:15.194+0000] {logging_mixin.py:190} INFO - [2025-07-01T22:25:15.193+0000] {dag.py:4180} INFO - Setting next_dagrun for example_subdag_operator.section-2 to None, run_after=None
[2025-07-01T22:25:15.210+0000] {processor.py:208} INFO - Processing /home/airflow/.local/lib/python3.12/site-packages/airflow/example_dags/example_subdag_operator.py took 0.100 seconds
[2025-07-01T22:25:45.915+0000] {processor.py:186} INFO - Started process (PID=8637) to work on /home/airflow/.local/lib/python3.12/site-packages/airflow/example_dags/example_subdag_operator.py
[2025-07-01T22:25:45.916+0000] {processor.py:914} INFO - Processing file /home/airflow/.local/lib/python3.12/site-packages/airflow/example_dags/example_subdag_operator.py for tasks to queue
[2025-07-01T22:25:45.919+0000] {logging_mixin.py:190} INFO - [2025-07-01T22:25:45.918+0000] {dagbag.py:588} INFO - Filling up the DagBag from /home/airflow/.local/lib/python3.12/site-packages/airflow/example_dags/example_subdag_operator.py
[2025-07-01T22:25:45.944+0000] {processor.py:925} INFO - DAG(s) 'example_subdag_operator.section-1', 'example_subdag_operator.section-2', 'example_subdag_operator' retrieved from /home/airflow/.local/lib/python3.12/site-packages/airflow/example_dags/example_subdag_operator.py
[2025-07-01T22:25:45.957+0000] {logging_mixin.py:190} INFO - [2025-07-01T22:25:45.957+0000] {dag.py:3239} INFO - Sync 3 DAGs
[2025-07-01T22:25:45.977+0000] {logging_mixin.py:190} INFO - [2025-07-01T22:25:45.976+0000] {dag.py:4180} INFO - Setting next_dagrun for example_subdag_operator to 2022-01-01 00:00:00+00:00, run_after=2022-01-01 00:00:00+00:00
[2025-07-01T22:25:45.980+0000] {logging_mixin.py:190} INFO - [2025-07-01T22:25:45.980+0000] {dag.py:4180} INFO - Setting next_dagrun for example_subdag_operator.section-1 to None, run_after=None
[2025-07-01T22:25:45.981+0000] {logging_mixin.py:190} INFO - [2025-07-01T22:25:45.981+0000] {dag.py:4180} INFO - Setting next_dagrun for example_subdag_operator.section-2 to None, run_after=None
[2025-07-01T22:25:45.987+0000] {logging_mixin.py:190} INFO - [2025-07-01T22:25:45.987+0000] {dag.py:3239} INFO - Sync 2 DAGs
[2025-07-01T22:25:45.993+0000] {logging_mixin.py:190} INFO - [2025-07-01T22:25:45.993+0000] {dag.py:4180} INFO - Setting next_dagrun for example_subdag_operator.section-1 to None, run_after=None
[2025-07-01T22:25:45.994+0000] {logging_mixin.py:190} INFO - [2025-07-01T22:25:45.993+0000] {dag.py:4180} INFO - Setting next_dagrun for example_subdag_operator.section-2 to None, run_after=None
[2025-07-01T22:25:46.006+0000] {processor.py:208} INFO - Processing /home/airflow/.local/lib/python3.12/site-packages/airflow/example_dags/example_subdag_operator.py took 0.098 seconds
[2025-07-01T22:26:17.041+0000] {processor.py:186} INFO - Started process (PID=8703) to work on /home/airflow/.local/lib/python3.12/site-packages/airflow/example_dags/example_subdag_operator.py
[2025-07-01T22:26:17.043+0000] {processor.py:914} INFO - Processing file /home/airflow/.local/lib/python3.12/site-packages/airflow/example_dags/example_subdag_operator.py for tasks to queue
[2025-07-01T22:26:17.045+0000] {logging_mixin.py:190} INFO - [2025-07-01T22:26:17.045+0000] {dagbag.py:588} INFO - Filling up the DagBag from /home/airflow/.local/lib/python3.12/site-packages/airflow/example_dags/example_subdag_operator.py
[2025-07-01T22:26:17.073+0000] {processor.py:925} INFO - DAG(s) 'example_subdag_operator.section-1', 'example_subdag_operator.section-2', 'example_subdag_operator' retrieved from /home/airflow/.local/lib/python3.12/site-packages/airflow/example_dags/example_subdag_operator.py
[2025-07-01T22:26:17.089+0000] {logging_mixin.py:190} INFO - [2025-07-01T22:26:17.089+0000] {dag.py:3239} INFO - Sync 3 DAGs
[2025-07-01T22:26:17.113+0000] {logging_mixin.py:190} INFO - [2025-07-01T22:26:17.113+0000] {dag.py:4180} INFO - Setting next_dagrun for example_subdag_operator to 2022-01-01 00:00:00+00:00, run_after=2022-01-01 00:00:00+00:00
[2025-07-01T22:26:17.117+0000] {logging_mixin.py:190} INFO - [2025-07-01T22:26:17.117+0000] {dag.py:4180} INFO - Setting next_dagrun for example_subdag_operator.section-1 to None, run_after=None
[2025-07-01T22:26:17.119+0000] {logging_mixin.py:190} INFO - [2025-07-01T22:26:17.119+0000] {dag.py:4180} INFO - Setting next_dagrun for example_subdag_operator.section-2 to None, run_after=None
[2025-07-01T22:26:17.127+0000] {logging_mixin.py:190} INFO - [2025-07-01T22:26:17.126+0000] {dag.py:3239} INFO - Sync 2 DAGs
[2025-07-01T22:26:17.133+0000] {logging_mixin.py:190} INFO - [2025-07-01T22:26:17.132+0000] {dag.py:4180} INFO - Setting next_dagrun for example_subdag_operator.section-1 to None, run_after=None
[2025-07-01T22:26:17.133+0000] {logging_mixin.py:190} INFO - [2025-07-01T22:26:17.133+0000] {dag.py:4180} INFO - Setting next_dagrun for example_subdag_operator.section-2 to None, run_after=None
[2025-07-01T22:26:17.149+0000] {processor.py:208} INFO - Processing /home/airflow/.local/lib/python3.12/site-packages/airflow/example_dags/example_subdag_operator.py took 0.117 seconds
[2025-07-01T22:26:47.278+0000] {processor.py:186} INFO - Started process (PID=8767) to work on /home/airflow/.local/lib/python3.12/site-packages/airflow/example_dags/example_subdag_operator.py
[2025-07-01T22:26:47.280+0000] {processor.py:914} INFO - Processing file /home/airflow/.local/lib/python3.12/site-packages/airflow/example_dags/example_subdag_operator.py for tasks to queue
[2025-07-01T22:26:47.283+0000] {logging_mixin.py:190} INFO - [2025-07-01T22:26:47.282+0000] {dagbag.py:588} INFO - Filling up the DagBag from /home/airflow/.local/lib/python3.12/site-packages/airflow/example_dags/example_subdag_operator.py
[2025-07-01T22:26:47.311+0000] {processor.py:925} INFO - DAG(s) 'example_subdag_operator.section-1', 'example_subdag_operator.section-2', 'example_subdag_operator' retrieved from /home/airflow/.local/lib/python3.12/site-packages/airflow/example_dags/example_subdag_operator.py
[2025-07-01T22:26:47.325+0000] {logging_mixin.py:190} INFO - [2025-07-01T22:26:47.325+0000] {dag.py:3239} INFO - Sync 3 DAGs
[2025-07-01T22:26:47.348+0000] {logging_mixin.py:190} INFO - [2025-07-01T22:26:47.348+0000] {dag.py:4180} INFO - Setting next_dagrun for example_subdag_operator to 2022-01-01 00:00:00+00:00, run_after=2022-01-01 00:00:00+00:00
[2025-07-01T22:26:47.353+0000] {logging_mixin.py:190} INFO - [2025-07-01T22:26:47.352+0000] {dag.py:4180} INFO - Setting next_dagrun for example_subdag_operator.section-1 to None, run_after=None
[2025-07-01T22:26:47.354+0000] {logging_mixin.py:190} INFO - [2025-07-01T22:26:47.354+0000] {dag.py:4180} INFO - Setting next_dagrun for example_subdag_operator.section-2 to None, run_after=None
[2025-07-01T22:26:47.361+0000] {logging_mixin.py:190} INFO - [2025-07-01T22:26:47.361+0000] {dag.py:3239} INFO - Sync 2 DAGs
[2025-07-01T22:26:47.366+0000] {logging_mixin.py:190} INFO - [2025-07-01T22:26:47.366+0000] {dag.py:4180} INFO - Setting next_dagrun for example_subdag_operator.section-1 to None, run_after=None
[2025-07-01T22:26:47.367+0000] {logging_mixin.py:190} INFO - [2025-07-01T22:26:47.367+0000] {dag.py:4180} INFO - Setting next_dagrun for example_subdag_operator.section-2 to None, run_after=None
[2025-07-01T22:26:47.381+0000] {processor.py:208} INFO - Processing /home/airflow/.local/lib/python3.12/site-packages/airflow/example_dags/example_subdag_operator.py took 0.112 seconds
[2025-07-01T22:27:18.230+0000] {processor.py:186} INFO - Started process (PID=8831) to work on /home/airflow/.local/lib/python3.12/site-packages/airflow/example_dags/example_subdag_operator.py
[2025-07-01T22:27:18.231+0000] {processor.py:914} INFO - Processing file /home/airflow/.local/lib/python3.12/site-packages/airflow/example_dags/example_subdag_operator.py for tasks to queue
[2025-07-01T22:27:18.234+0000] {logging_mixin.py:190} INFO - [2025-07-01T22:27:18.234+0000] {dagbag.py:588} INFO - Filling up the DagBag from /home/airflow/.local/lib/python3.12/site-packages/airflow/example_dags/example_subdag_operator.py
[2025-07-01T22:27:18.256+0000] {processor.py:925} INFO - DAG(s) 'example_subdag_operator.section-1', 'example_subdag_operator.section-2', 'example_subdag_operator' retrieved from /home/airflow/.local/lib/python3.12/site-packages/airflow/example_dags/example_subdag_operator.py
[2025-07-01T22:27:18.269+0000] {logging_mixin.py:190} INFO - [2025-07-01T22:27:18.268+0000] {dag.py:3239} INFO - Sync 3 DAGs
[2025-07-01T22:27:18.288+0000] {logging_mixin.py:190} INFO - [2025-07-01T22:27:18.288+0000] {dag.py:4180} INFO - Setting next_dagrun for example_subdag_operator to 2022-01-01 00:00:00+00:00, run_after=2022-01-01 00:00:00+00:00
[2025-07-01T22:27:18.292+0000] {logging_mixin.py:190} INFO - [2025-07-01T22:27:18.292+0000] {dag.py:4180} INFO - Setting next_dagrun for example_subdag_operator.section-1 to None, run_after=None
[2025-07-01T22:27:18.293+0000] {logging_mixin.py:190} INFO - [2025-07-01T22:27:18.293+0000] {dag.py:4180} INFO - Setting next_dagrun for example_subdag_operator.section-2 to None, run_after=None
[2025-07-01T22:27:18.302+0000] {logging_mixin.py:190} INFO - [2025-07-01T22:27:18.302+0000] {dag.py:3239} INFO - Sync 2 DAGs
[2025-07-01T22:27:18.308+0000] {logging_mixin.py:190} INFO - [2025-07-01T22:27:18.308+0000] {dag.py:4180} INFO - Setting next_dagrun for example_subdag_operator.section-1 to None, run_after=None
[2025-07-01T22:27:18.309+0000] {logging_mixin.py:190} INFO - [2025-07-01T22:27:18.309+0000] {dag.py:4180} INFO - Setting next_dagrun for example_subdag_operator.section-2 to None, run_after=None
[2025-07-01T22:27:18.325+0000] {processor.py:208} INFO - Processing /home/airflow/.local/lib/python3.12/site-packages/airflow/example_dags/example_subdag_operator.py took 0.101 seconds
[2025-07-01T22:27:49.138+0000] {processor.py:186} INFO - Started process (PID=8896) to work on /home/airflow/.local/lib/python3.12/site-packages/airflow/example_dags/example_subdag_operator.py
[2025-07-01T22:27:49.139+0000] {processor.py:914} INFO - Processing file /home/airflow/.local/lib/python3.12/site-packages/airflow/example_dags/example_subdag_operator.py for tasks to queue
[2025-07-01T22:27:49.141+0000] {logging_mixin.py:190} INFO - [2025-07-01T22:27:49.141+0000] {dagbag.py:588} INFO - Filling up the DagBag from /home/airflow/.local/lib/python3.12/site-packages/airflow/example_dags/example_subdag_operator.py
[2025-07-01T22:27:49.164+0000] {processor.py:925} INFO - DAG(s) 'example_subdag_operator.section-1', 'example_subdag_operator.section-2', 'example_subdag_operator' retrieved from /home/airflow/.local/lib/python3.12/site-packages/airflow/example_dags/example_subdag_operator.py
[2025-07-01T22:27:49.177+0000] {logging_mixin.py:190} INFO - [2025-07-01T22:27:49.176+0000] {dag.py:3239} INFO - Sync 3 DAGs
[2025-07-01T22:27:49.197+0000] {logging_mixin.py:190} INFO - [2025-07-01T22:27:49.197+0000] {dag.py:4180} INFO - Setting next_dagrun for example_subdag_operator to 2022-01-01 00:00:00+00:00, run_after=2022-01-01 00:00:00+00:00
[2025-07-01T22:27:49.200+0000] {logging_mixin.py:190} INFO - [2025-07-01T22:27:49.200+0000] {dag.py:4180} INFO - Setting next_dagrun for example_subdag_operator.section-1 to None, run_after=None
[2025-07-01T22:27:49.202+0000] {logging_mixin.py:190} INFO - [2025-07-01T22:27:49.202+0000] {dag.py:4180} INFO - Setting next_dagrun for example_subdag_operator.section-2 to None, run_after=None
[2025-07-01T22:27:49.208+0000] {logging_mixin.py:190} INFO - [2025-07-01T22:27:49.208+0000] {dag.py:3239} INFO - Sync 2 DAGs
[2025-07-01T22:27:49.213+0000] {logging_mixin.py:190} INFO - [2025-07-01T22:27:49.212+0000] {dag.py:4180} INFO - Setting next_dagrun for example_subdag_operator.section-1 to None, run_after=None
[2025-07-01T22:27:49.213+0000] {logging_mixin.py:190} INFO - [2025-07-01T22:27:49.213+0000] {dag.py:4180} INFO - Setting next_dagrun for example_subdag_operator.section-2 to None, run_after=None
[2025-07-01T22:27:49.225+0000] {processor.py:208} INFO - Processing /home/airflow/.local/lib/python3.12/site-packages/airflow/example_dags/example_subdag_operator.py took 0.095 seconds
[2025-07-01T22:28:19.918+0000] {processor.py:186} INFO - Started process (PID=8960) to work on /home/airflow/.local/lib/python3.12/site-packages/airflow/example_dags/example_subdag_operator.py
[2025-07-01T22:28:19.919+0000] {processor.py:914} INFO - Processing file /home/airflow/.local/lib/python3.12/site-packages/airflow/example_dags/example_subdag_operator.py for tasks to queue
[2025-07-01T22:28:19.922+0000] {logging_mixin.py:190} INFO - [2025-07-01T22:28:19.922+0000] {dagbag.py:588} INFO - Filling up the DagBag from /home/airflow/.local/lib/python3.12/site-packages/airflow/example_dags/example_subdag_operator.py
[2025-07-01T22:28:19.947+0000] {processor.py:925} INFO - DAG(s) 'example_subdag_operator.section-1', 'example_subdag_operator.section-2', 'example_subdag_operator' retrieved from /home/airflow/.local/lib/python3.12/site-packages/airflow/example_dags/example_subdag_operator.py
[2025-07-01T22:28:19.961+0000] {logging_mixin.py:190} INFO - [2025-07-01T22:28:19.960+0000] {dag.py:3239} INFO - Sync 3 DAGs
[2025-07-01T22:28:19.982+0000] {logging_mixin.py:190} INFO - [2025-07-01T22:28:19.982+0000] {dag.py:4180} INFO - Setting next_dagrun for example_subdag_operator to 2022-01-01 00:00:00+00:00, run_after=2022-01-01 00:00:00+00:00
[2025-07-01T22:28:19.986+0000] {logging_mixin.py:190} INFO - [2025-07-01T22:28:19.985+0000] {dag.py:4180} INFO - Setting next_dagrun for example_subdag_operator.section-1 to None, run_after=None
[2025-07-01T22:28:19.987+0000] {logging_mixin.py:190} INFO - [2025-07-01T22:28:19.987+0000] {dag.py:4180} INFO - Setting next_dagrun for example_subdag_operator.section-2 to None, run_after=None
[2025-07-01T22:28:19.993+0000] {logging_mixin.py:190} INFO - [2025-07-01T22:28:19.993+0000] {dag.py:3239} INFO - Sync 2 DAGs
[2025-07-01T22:28:19.997+0000] {logging_mixin.py:190} INFO - [2025-07-01T22:28:19.997+0000] {dag.py:4180} INFO - Setting next_dagrun for example_subdag_operator.section-1 to None, run_after=None
[2025-07-01T22:28:19.998+0000] {logging_mixin.py:190} INFO - [2025-07-01T22:28:19.998+0000] {dag.py:4180} INFO - Setting next_dagrun for example_subdag_operator.section-2 to None, run_after=None
[2025-07-01T22:28:20.009+0000] {processor.py:208} INFO - Processing /home/airflow/.local/lib/python3.12/site-packages/airflow/example_dags/example_subdag_operator.py took 0.099 seconds
[2025-07-01T22:28:50.403+0000] {processor.py:186} INFO - Started process (PID=9024) to work on /home/airflow/.local/lib/python3.12/site-packages/airflow/example_dags/example_subdag_operator.py
[2025-07-01T22:28:50.404+0000] {processor.py:914} INFO - Processing file /home/airflow/.local/lib/python3.12/site-packages/airflow/example_dags/example_subdag_operator.py for tasks to queue
[2025-07-01T22:28:50.407+0000] {logging_mixin.py:190} INFO - [2025-07-01T22:28:50.407+0000] {dagbag.py:588} INFO - Filling up the DagBag from /home/airflow/.local/lib/python3.12/site-packages/airflow/example_dags/example_subdag_operator.py
[2025-07-01T22:28:50.432+0000] {processor.py:925} INFO - DAG(s) 'example_subdag_operator.section-1', 'example_subdag_operator.section-2', 'example_subdag_operator' retrieved from /home/airflow/.local/lib/python3.12/site-packages/airflow/example_dags/example_subdag_operator.py
[2025-07-01T22:28:50.444+0000] {logging_mixin.py:190} INFO - [2025-07-01T22:28:50.444+0000] {dag.py:3239} INFO - Sync 3 DAGs
[2025-07-01T22:28:50.465+0000] {logging_mixin.py:190} INFO - [2025-07-01T22:28:50.464+0000] {dag.py:4180} INFO - Setting next_dagrun for example_subdag_operator to 2022-01-01 00:00:00+00:00, run_after=2022-01-01 00:00:00+00:00
[2025-07-01T22:28:50.468+0000] {logging_mixin.py:190} INFO - [2025-07-01T22:28:50.468+0000] {dag.py:4180} INFO - Setting next_dagrun for example_subdag_operator.section-1 to None, run_after=None
[2025-07-01T22:28:50.469+0000] {logging_mixin.py:190} INFO - [2025-07-01T22:28:50.469+0000] {dag.py:4180} INFO - Setting next_dagrun for example_subdag_operator.section-2 to None, run_after=None
[2025-07-01T22:28:50.476+0000] {logging_mixin.py:190} INFO - [2025-07-01T22:28:50.475+0000] {dag.py:3239} INFO - Sync 2 DAGs
[2025-07-01T22:28:50.480+0000] {logging_mixin.py:190} INFO - [2025-07-01T22:28:50.480+0000] {dag.py:4180} INFO - Setting next_dagrun for example_subdag_operator.section-1 to None, run_after=None
[2025-07-01T22:28:50.480+0000] {logging_mixin.py:190} INFO - [2025-07-01T22:28:50.480+0000] {dag.py:4180} INFO - Setting next_dagrun for example_subdag_operator.section-2 to None, run_after=None
[2025-07-01T22:28:50.491+0000] {processor.py:208} INFO - Processing /home/airflow/.local/lib/python3.12/site-packages/airflow/example_dags/example_subdag_operator.py took 0.095 seconds
[2025-07-01T22:29:21.191+0000] {processor.py:186} INFO - Started process (PID=9088) to work on /home/airflow/.local/lib/python3.12/site-packages/airflow/example_dags/example_subdag_operator.py
[2025-07-01T22:29:21.192+0000] {processor.py:914} INFO - Processing file /home/airflow/.local/lib/python3.12/site-packages/airflow/example_dags/example_subdag_operator.py for tasks to queue
[2025-07-01T22:29:21.195+0000] {logging_mixin.py:190} INFO - [2025-07-01T22:29:21.194+0000] {dagbag.py:588} INFO - Filling up the DagBag from /home/airflow/.local/lib/python3.12/site-packages/airflow/example_dags/example_subdag_operator.py
[2025-07-01T22:29:21.217+0000] {processor.py:925} INFO - DAG(s) 'example_subdag_operator.section-1', 'example_subdag_operator.section-2', 'example_subdag_operator' retrieved from /home/airflow/.local/lib/python3.12/site-packages/airflow/example_dags/example_subdag_operator.py
[2025-07-01T22:29:21.230+0000] {logging_mixin.py:190} INFO - [2025-07-01T22:29:21.230+0000] {dag.py:3239} INFO - Sync 3 DAGs
[2025-07-01T22:29:21.249+0000] {logging_mixin.py:190} INFO - [2025-07-01T22:29:21.249+0000] {dag.py:4180} INFO - Setting next_dagrun for example_subdag_operator to 2022-01-01 00:00:00+00:00, run_after=2022-01-01 00:00:00+00:00
[2025-07-01T22:29:21.252+0000] {logging_mixin.py:190} INFO - [2025-07-01T22:29:21.252+0000] {dag.py:4180} INFO - Setting next_dagrun for example_subdag_operator.section-1 to None, run_after=None
[2025-07-01T22:29:21.254+0000] {logging_mixin.py:190} INFO - [2025-07-01T22:29:21.254+0000] {dag.py:4180} INFO - Setting next_dagrun for example_subdag_operator.section-2 to None, run_after=None
[2025-07-01T22:29:21.260+0000] {logging_mixin.py:190} INFO - [2025-07-01T22:29:21.260+0000] {dag.py:3239} INFO - Sync 2 DAGs
[2025-07-01T22:29:21.265+0000] {logging_mixin.py:190} INFO - [2025-07-01T22:29:21.265+0000] {dag.py:4180} INFO - Setting next_dagrun for example_subdag_operator.section-1 to None, run_after=None
[2025-07-01T22:29:21.266+0000] {logging_mixin.py:190} INFO - [2025-07-01T22:29:21.266+0000] {dag.py:4180} INFO - Setting next_dagrun for example_subdag_operator.section-2 to None, run_after=None
[2025-07-01T22:29:21.278+0000] {processor.py:208} INFO - Processing /home/airflow/.local/lib/python3.12/site-packages/airflow/example_dags/example_subdag_operator.py took 0.094 seconds
[2025-07-01T22:29:51.809+0000] {processor.py:186} INFO - Started process (PID=9152) to work on /home/airflow/.local/lib/python3.12/site-packages/airflow/example_dags/example_subdag_operator.py
[2025-07-01T22:29:51.810+0000] {processor.py:914} INFO - Processing file /home/airflow/.local/lib/python3.12/site-packages/airflow/example_dags/example_subdag_operator.py for tasks to queue
[2025-07-01T22:29:51.813+0000] {logging_mixin.py:190} INFO - [2025-07-01T22:29:51.812+0000] {dagbag.py:588} INFO - Filling up the DagBag from /home/airflow/.local/lib/python3.12/site-packages/airflow/example_dags/example_subdag_operator.py
[2025-07-01T22:29:51.839+0000] {processor.py:925} INFO - DAG(s) 'example_subdag_operator.section-1', 'example_subdag_operator.section-2', 'example_subdag_operator' retrieved from /home/airflow/.local/lib/python3.12/site-packages/airflow/example_dags/example_subdag_operator.py
[2025-07-01T22:29:51.852+0000] {logging_mixin.py:190} INFO - [2025-07-01T22:29:51.852+0000] {dag.py:3239} INFO - Sync 3 DAGs
[2025-07-01T22:29:51.875+0000] {logging_mixin.py:190} INFO - [2025-07-01T22:29:51.875+0000] {dag.py:4180} INFO - Setting next_dagrun for example_subdag_operator to 2022-01-01 00:00:00+00:00, run_after=2022-01-01 00:00:00+00:00
[2025-07-01T22:29:51.878+0000] {logging_mixin.py:190} INFO - [2025-07-01T22:29:51.878+0000] {dag.py:4180} INFO - Setting next_dagrun for example_subdag_operator.section-1 to None, run_after=None
[2025-07-01T22:29:51.880+0000] {logging_mixin.py:190} INFO - [2025-07-01T22:29:51.880+0000] {dag.py:4180} INFO - Setting next_dagrun for example_subdag_operator.section-2 to None, run_after=None
[2025-07-01T22:29:51.887+0000] {logging_mixin.py:190} INFO - [2025-07-01T22:29:51.887+0000] {dag.py:3239} INFO - Sync 2 DAGs
[2025-07-01T22:29:51.893+0000] {logging_mixin.py:190} INFO - [2025-07-01T22:29:51.893+0000] {dag.py:4180} INFO - Setting next_dagrun for example_subdag_operator.section-1 to None, run_after=None
[2025-07-01T22:29:51.894+0000] {logging_mixin.py:190} INFO - [2025-07-01T22:29:51.894+0000] {dag.py:4180} INFO - Setting next_dagrun for example_subdag_operator.section-2 to None, run_after=None
[2025-07-01T22:29:51.909+0000] {processor.py:208} INFO - Processing /home/airflow/.local/lib/python3.12/site-packages/airflow/example_dags/example_subdag_operator.py took 0.107 seconds
[2025-07-01T22:30:22.525+0000] {processor.py:186} INFO - Started process (PID=9216) to work on /home/airflow/.local/lib/python3.12/site-packages/airflow/example_dags/example_subdag_operator.py
[2025-07-01T22:30:22.526+0000] {processor.py:914} INFO - Processing file /home/airflow/.local/lib/python3.12/site-packages/airflow/example_dags/example_subdag_operator.py for tasks to queue
[2025-07-01T22:30:22.528+0000] {logging_mixin.py:190} INFO - [2025-07-01T22:30:22.528+0000] {dagbag.py:588} INFO - Filling up the DagBag from /home/airflow/.local/lib/python3.12/site-packages/airflow/example_dags/example_subdag_operator.py
[2025-07-01T22:30:22.550+0000] {processor.py:925} INFO - DAG(s) 'example_subdag_operator.section-1', 'example_subdag_operator.section-2', 'example_subdag_operator' retrieved from /home/airflow/.local/lib/python3.12/site-packages/airflow/example_dags/example_subdag_operator.py
[2025-07-01T22:30:22.563+0000] {logging_mixin.py:190} INFO - [2025-07-01T22:30:22.563+0000] {dag.py:3239} INFO - Sync 3 DAGs
[2025-07-01T22:30:22.583+0000] {logging_mixin.py:190} INFO - [2025-07-01T22:30:22.583+0000] {dag.py:4180} INFO - Setting next_dagrun for example_subdag_operator to 2022-01-01 00:00:00+00:00, run_after=2022-01-01 00:00:00+00:00
[2025-07-01T22:30:22.587+0000] {logging_mixin.py:190} INFO - [2025-07-01T22:30:22.587+0000] {dag.py:4180} INFO - Setting next_dagrun for example_subdag_operator.section-1 to None, run_after=None
[2025-07-01T22:30:22.588+0000] {logging_mixin.py:190} INFO - [2025-07-01T22:30:22.588+0000] {dag.py:4180} INFO - Setting next_dagrun for example_subdag_operator.section-2 to None, run_after=None
[2025-07-01T22:30:22.595+0000] {logging_mixin.py:190} INFO - [2025-07-01T22:30:22.595+0000] {dag.py:3239} INFO - Sync 2 DAGs
[2025-07-01T22:30:22.600+0000] {logging_mixin.py:190} INFO - [2025-07-01T22:30:22.600+0000] {dag.py:4180} INFO - Setting next_dagrun for example_subdag_operator.section-1 to None, run_after=None
[2025-07-01T22:30:22.601+0000] {logging_mixin.py:190} INFO - [2025-07-01T22:30:22.600+0000] {dag.py:4180} INFO - Setting next_dagrun for example_subdag_operator.section-2 to None, run_after=None
[2025-07-01T22:30:22.615+0000] {processor.py:208} INFO - Processing /home/airflow/.local/lib/python3.12/site-packages/airflow/example_dags/example_subdag_operator.py took 0.097 seconds
[2025-07-01T22:30:53.257+0000] {processor.py:186} INFO - Started process (PID=9280) to work on /home/airflow/.local/lib/python3.12/site-packages/airflow/example_dags/example_subdag_operator.py
[2025-07-01T22:30:53.258+0000] {processor.py:914} INFO - Processing file /home/airflow/.local/lib/python3.12/site-packages/airflow/example_dags/example_subdag_operator.py for tasks to queue
[2025-07-01T22:30:53.260+0000] {logging_mixin.py:190} INFO - [2025-07-01T22:30:53.260+0000] {dagbag.py:588} INFO - Filling up the DagBag from /home/airflow/.local/lib/python3.12/site-packages/airflow/example_dags/example_subdag_operator.py
[2025-07-01T22:30:53.283+0000] {processor.py:925} INFO - DAG(s) 'example_subdag_operator.section-1', 'example_subdag_operator.section-2', 'example_subdag_operator' retrieved from /home/airflow/.local/lib/python3.12/site-packages/airflow/example_dags/example_subdag_operator.py
[2025-07-01T22:30:53.296+0000] {logging_mixin.py:190} INFO - [2025-07-01T22:30:53.296+0000] {dag.py:3239} INFO - Sync 3 DAGs
[2025-07-01T22:30:53.316+0000] {logging_mixin.py:190} INFO - [2025-07-01T22:30:53.316+0000] {dag.py:4180} INFO - Setting next_dagrun for example_subdag_operator to 2022-01-01 00:00:00+00:00, run_after=2022-01-01 00:00:00+00:00
[2025-07-01T22:30:53.319+0000] {logging_mixin.py:190} INFO - [2025-07-01T22:30:53.319+0000] {dag.py:4180} INFO - Setting next_dagrun for example_subdag_operator.section-1 to None, run_after=None
[2025-07-01T22:30:53.321+0000] {logging_mixin.py:190} INFO - [2025-07-01T22:30:53.321+0000] {dag.py:4180} INFO - Setting next_dagrun for example_subdag_operator.section-2 to None, run_after=None
[2025-07-01T22:30:53.327+0000] {logging_mixin.py:190} INFO - [2025-07-01T22:30:53.327+0000] {dag.py:3239} INFO - Sync 2 DAGs
[2025-07-01T22:30:53.332+0000] {logging_mixin.py:190} INFO - [2025-07-01T22:30:53.332+0000] {dag.py:4180} INFO - Setting next_dagrun for example_subdag_operator.section-1 to None, run_after=None
[2025-07-01T22:30:53.333+0000] {logging_mixin.py:190} INFO - [2025-07-01T22:30:53.333+0000] {dag.py:4180} INFO - Setting next_dagrun for example_subdag_operator.section-2 to None, run_after=None
[2025-07-01T22:30:53.348+0000] {processor.py:208} INFO - Processing /home/airflow/.local/lib/python3.12/site-packages/airflow/example_dags/example_subdag_operator.py took 0.098 seconds
[2025-07-01T22:31:23.976+0000] {processor.py:186} INFO - Started process (PID=9344) to work on /home/airflow/.local/lib/python3.12/site-packages/airflow/example_dags/example_subdag_operator.py
[2025-07-01T22:31:23.977+0000] {processor.py:914} INFO - Processing file /home/airflow/.local/lib/python3.12/site-packages/airflow/example_dags/example_subdag_operator.py for tasks to queue
[2025-07-01T22:31:23.980+0000] {logging_mixin.py:190} INFO - [2025-07-01T22:31:23.979+0000] {dagbag.py:588} INFO - Filling up the DagBag from /home/airflow/.local/lib/python3.12/site-packages/airflow/example_dags/example_subdag_operator.py
[2025-07-01T22:31:24.005+0000] {processor.py:925} INFO - DAG(s) 'example_subdag_operator.section-1', 'example_subdag_operator.section-2', 'example_subdag_operator' retrieved from /home/airflow/.local/lib/python3.12/site-packages/airflow/example_dags/example_subdag_operator.py
[2025-07-01T22:31:24.019+0000] {logging_mixin.py:190} INFO - [2025-07-01T22:31:24.018+0000] {dag.py:3239} INFO - Sync 3 DAGs
[2025-07-01T22:31:24.040+0000] {logging_mixin.py:190} INFO - [2025-07-01T22:31:24.040+0000] {dag.py:4180} INFO - Setting next_dagrun for example_subdag_operator to 2022-01-01 00:00:00+00:00, run_after=2022-01-01 00:00:00+00:00
[2025-07-01T22:31:24.044+0000] {logging_mixin.py:190} INFO - [2025-07-01T22:31:24.044+0000] {dag.py:4180} INFO - Setting next_dagrun for example_subdag_operator.section-1 to None, run_after=None
[2025-07-01T22:31:24.046+0000] {logging_mixin.py:190} INFO - [2025-07-01T22:31:24.046+0000] {dag.py:4180} INFO - Setting next_dagrun for example_subdag_operator.section-2 to None, run_after=None
[2025-07-01T22:31:24.052+0000] {logging_mixin.py:190} INFO - [2025-07-01T22:31:24.052+0000] {dag.py:3239} INFO - Sync 2 DAGs
[2025-07-01T22:31:24.057+0000] {logging_mixin.py:190} INFO - [2025-07-01T22:31:24.057+0000] {dag.py:4180} INFO - Setting next_dagrun for example_subdag_operator.section-1 to None, run_after=None
[2025-07-01T22:31:24.058+0000] {logging_mixin.py:190} INFO - [2025-07-01T22:31:24.058+0000] {dag.py:4180} INFO - Setting next_dagrun for example_subdag_operator.section-2 to None, run_after=None
[2025-07-01T22:31:24.071+0000] {processor.py:208} INFO - Processing /home/airflow/.local/lib/python3.12/site-packages/airflow/example_dags/example_subdag_operator.py took 0.102 seconds
[2025-07-01T22:31:54.960+0000] {processor.py:186} INFO - Started process (PID=9408) to work on /home/airflow/.local/lib/python3.12/site-packages/airflow/example_dags/example_subdag_operator.py
[2025-07-01T22:31:54.961+0000] {processor.py:914} INFO - Processing file /home/airflow/.local/lib/python3.12/site-packages/airflow/example_dags/example_subdag_operator.py for tasks to queue
[2025-07-01T22:31:54.964+0000] {logging_mixin.py:190} INFO - [2025-07-01T22:31:54.963+0000] {dagbag.py:588} INFO - Filling up the DagBag from /home/airflow/.local/lib/python3.12/site-packages/airflow/example_dags/example_subdag_operator.py
[2025-07-01T22:31:54.988+0000] {processor.py:925} INFO - DAG(s) 'example_subdag_operator.section-1', 'example_subdag_operator.section-2', 'example_subdag_operator' retrieved from /home/airflow/.local/lib/python3.12/site-packages/airflow/example_dags/example_subdag_operator.py
[2025-07-01T22:31:55.001+0000] {logging_mixin.py:190} INFO - [2025-07-01T22:31:55.001+0000] {dag.py:3239} INFO - Sync 3 DAGs
[2025-07-01T22:31:55.022+0000] {logging_mixin.py:190} INFO - [2025-07-01T22:31:55.021+0000] {dag.py:4180} INFO - Setting next_dagrun for example_subdag_operator to 2022-01-01 00:00:00+00:00, run_after=2022-01-01 00:00:00+00:00
[2025-07-01T22:31:55.026+0000] {logging_mixin.py:190} INFO - [2025-07-01T22:31:55.026+0000] {dag.py:4180} INFO - Setting next_dagrun for example_subdag_operator.section-1 to None, run_after=None
[2025-07-01T22:31:55.027+0000] {logging_mixin.py:190} INFO - [2025-07-01T22:31:55.027+0000] {dag.py:4180} INFO - Setting next_dagrun for example_subdag_operator.section-2 to None, run_after=None
[2025-07-01T22:31:55.034+0000] {logging_mixin.py:190} INFO - [2025-07-01T22:31:55.034+0000] {dag.py:3239} INFO - Sync 2 DAGs
[2025-07-01T22:31:55.039+0000] {logging_mixin.py:190} INFO - [2025-07-01T22:31:55.039+0000] {dag.py:4180} INFO - Setting next_dagrun for example_subdag_operator.section-1 to None, run_after=None
[2025-07-01T22:31:55.040+0000] {logging_mixin.py:190} INFO - [2025-07-01T22:31:55.040+0000] {dag.py:4180} INFO - Setting next_dagrun for example_subdag_operator.section-2 to None, run_after=None
[2025-07-01T22:31:55.055+0000] {processor.py:208} INFO - Processing /home/airflow/.local/lib/python3.12/site-packages/airflow/example_dags/example_subdag_operator.py took 0.105 seconds
[2025-07-01T22:32:26.243+0000] {processor.py:186} INFO - Started process (PID=9490) to work on /home/airflow/.local/lib/python3.12/site-packages/airflow/example_dags/example_subdag_operator.py
[2025-07-01T22:32:26.244+0000] {processor.py:914} INFO - Processing file /home/airflow/.local/lib/python3.12/site-packages/airflow/example_dags/example_subdag_operator.py for tasks to queue
[2025-07-01T22:32:26.246+0000] {logging_mixin.py:190} INFO - [2025-07-01T22:32:26.246+0000] {dagbag.py:588} INFO - Filling up the DagBag from /home/airflow/.local/lib/python3.12/site-packages/airflow/example_dags/example_subdag_operator.py
[2025-07-01T22:32:26.269+0000] {processor.py:925} INFO - DAG(s) 'example_subdag_operator.section-1', 'example_subdag_operator.section-2', 'example_subdag_operator' retrieved from /home/airflow/.local/lib/python3.12/site-packages/airflow/example_dags/example_subdag_operator.py
[2025-07-01T22:32:26.282+0000] {logging_mixin.py:190} INFO - [2025-07-01T22:32:26.282+0000] {dag.py:3239} INFO - Sync 3 DAGs
[2025-07-01T22:32:26.302+0000] {logging_mixin.py:190} INFO - [2025-07-01T22:32:26.301+0000] {dag.py:4180} INFO - Setting next_dagrun for example_subdag_operator to 2022-01-01 00:00:00+00:00, run_after=2022-01-01 00:00:00+00:00
[2025-07-01T22:32:26.305+0000] {logging_mixin.py:190} INFO - [2025-07-01T22:32:26.305+0000] {dag.py:4180} INFO - Setting next_dagrun for example_subdag_operator.section-1 to None, run_after=None
[2025-07-01T22:32:26.306+0000] {logging_mixin.py:190} INFO - [2025-07-01T22:32:26.306+0000] {dag.py:4180} INFO - Setting next_dagrun for example_subdag_operator.section-2 to None, run_after=None
[2025-07-01T22:32:26.312+0000] {logging_mixin.py:190} INFO - [2025-07-01T22:32:26.311+0000] {dag.py:3239} INFO - Sync 2 DAGs
[2025-07-01T22:32:26.316+0000] {logging_mixin.py:190} INFO - [2025-07-01T22:32:26.316+0000] {dag.py:4180} INFO - Setting next_dagrun for example_subdag_operator.section-1 to None, run_after=None
[2025-07-01T22:32:26.317+0000] {logging_mixin.py:190} INFO - [2025-07-01T22:32:26.316+0000] {dag.py:4180} INFO - Setting next_dagrun for example_subdag_operator.section-2 to None, run_after=None
[2025-07-01T22:32:26.328+0000] {processor.py:208} INFO - Processing /home/airflow/.local/lib/python3.12/site-packages/airflow/example_dags/example_subdag_operator.py took 0.094 seconds
[2025-07-01T22:33:00.136+0000] {processor.py:186} INFO - Started process (PID=78) to work on /home/airflow/.local/lib/python3.12/site-packages/airflow/example_dags/example_subdag_operator.py
[2025-07-01T22:33:00.137+0000] {processor.py:914} INFO - Processing file /home/airflow/.local/lib/python3.12/site-packages/airflow/example_dags/example_subdag_operator.py for tasks to queue
[2025-07-01T22:33:00.139+0000] {logging_mixin.py:190} INFO - [2025-07-01T22:33:00.139+0000] {dagbag.py:588} INFO - Filling up the DagBag from /home/airflow/.local/lib/python3.12/site-packages/airflow/example_dags/example_subdag_operator.py
[2025-07-01T22:33:00.460+0000] {logging_mixin.py:190} INFO - [2025-07-01T22:33:00.459+0000] {process_utils.py:266} INFO - Waiting up to 5 seconds for processes to exit...
[2025-07-01T22:33:17.374+0000] {processor.py:186} INFO - Started process (PID=78) to work on /home/airflow/.local/lib/python3.12/site-packages/airflow/example_dags/example_subdag_operator.py
[2025-07-01T22:33:17.375+0000] {processor.py:914} INFO - Processing file /home/airflow/.local/lib/python3.12/site-packages/airflow/example_dags/example_subdag_operator.py for tasks to queue
[2025-07-01T22:33:17.378+0000] {logging_mixin.py:190} INFO - [2025-07-01T22:33:17.378+0000] {dagbag.py:588} INFO - Filling up the DagBag from /home/airflow/.local/lib/python3.12/site-packages/airflow/example_dags/example_subdag_operator.py
[2025-07-01T22:33:17.407+0000] {processor.py:925} INFO - DAG(s) 'example_subdag_operator.section-1', 'example_subdag_operator.section-2', 'example_subdag_operator' retrieved from /home/airflow/.local/lib/python3.12/site-packages/airflow/example_dags/example_subdag_operator.py
[2025-07-01T22:33:17.426+0000] {logging_mixin.py:190} INFO - [2025-07-01T22:33:17.425+0000] {dag.py:3239} INFO - Sync 3 DAGs
[2025-07-01T22:33:17.457+0000] {logging_mixin.py:190} INFO - [2025-07-01T22:33:17.457+0000] {dag.py:4180} INFO - Setting next_dagrun for example_subdag_operator to 2022-01-01 00:00:00+00:00, run_after=2022-01-01 00:00:00+00:00
[2025-07-01T22:33:17.461+0000] {logging_mixin.py:190} INFO - [2025-07-01T22:33:17.461+0000] {dag.py:4180} INFO - Setting next_dagrun for example_subdag_operator.section-1 to None, run_after=None
[2025-07-01T22:33:17.463+0000] {logging_mixin.py:190} INFO - [2025-07-01T22:33:17.463+0000] {dag.py:4180} INFO - Setting next_dagrun for example_subdag_operator.section-2 to None, run_after=None
[2025-07-01T22:33:17.470+0000] {logging_mixin.py:190} INFO - [2025-07-01T22:33:17.470+0000] {dag.py:3239} INFO - Sync 2 DAGs
[2025-07-01T22:33:17.475+0000] {logging_mixin.py:190} INFO - [2025-07-01T22:33:17.475+0000] {dag.py:4180} INFO - Setting next_dagrun for example_subdag_operator.section-1 to None, run_after=None
[2025-07-01T22:33:17.476+0000] {logging_mixin.py:190} INFO - [2025-07-01T22:33:17.475+0000] {dag.py:4180} INFO - Setting next_dagrun for example_subdag_operator.section-2 to None, run_after=None
[2025-07-01T22:33:17.488+0000] {processor.py:208} INFO - Processing /home/airflow/.local/lib/python3.12/site-packages/airflow/example_dags/example_subdag_operator.py took 0.121 seconds
[2025-07-01T22:33:47.676+0000] {processor.py:186} INFO - Started process (PID=142) to work on /home/airflow/.local/lib/python3.12/site-packages/airflow/example_dags/example_subdag_operator.py
[2025-07-01T22:33:47.677+0000] {processor.py:914} INFO - Processing file /home/airflow/.local/lib/python3.12/site-packages/airflow/example_dags/example_subdag_operator.py for tasks to queue
[2025-07-01T22:33:47.679+0000] {logging_mixin.py:190} INFO - [2025-07-01T22:33:47.679+0000] {dagbag.py:588} INFO - Filling up the DagBag from /home/airflow/.local/lib/python3.12/site-packages/airflow/example_dags/example_subdag_operator.py
[2025-07-01T22:33:47.704+0000] {processor.py:925} INFO - DAG(s) 'example_subdag_operator.section-1', 'example_subdag_operator.section-2', 'example_subdag_operator' retrieved from /home/airflow/.local/lib/python3.12/site-packages/airflow/example_dags/example_subdag_operator.py
[2025-07-01T22:33:47.718+0000] {logging_mixin.py:190} INFO - [2025-07-01T22:33:47.718+0000] {dag.py:3239} INFO - Sync 3 DAGs
[2025-07-01T22:33:47.739+0000] {logging_mixin.py:190} INFO - [2025-07-01T22:33:47.739+0000] {dag.py:4180} INFO - Setting next_dagrun for example_subdag_operator to 2022-01-01 00:00:00+00:00, run_after=2022-01-01 00:00:00+00:00
[2025-07-01T22:33:47.743+0000] {logging_mixin.py:190} INFO - [2025-07-01T22:33:47.743+0000] {dag.py:4180} INFO - Setting next_dagrun for example_subdag_operator.section-1 to None, run_after=None
[2025-07-01T22:33:47.745+0000] {logging_mixin.py:190} INFO - [2025-07-01T22:33:47.745+0000] {dag.py:4180} INFO - Setting next_dagrun for example_subdag_operator.section-2 to None, run_after=None
[2025-07-01T22:33:47.751+0000] {logging_mixin.py:190} INFO - [2025-07-01T22:33:47.751+0000] {dag.py:3239} INFO - Sync 2 DAGs
[2025-07-01T22:33:47.756+0000] {logging_mixin.py:190} INFO - [2025-07-01T22:33:47.756+0000] {dag.py:4180} INFO - Setting next_dagrun for example_subdag_operator.section-1 to None, run_after=None
[2025-07-01T22:33:47.757+0000] {logging_mixin.py:190} INFO - [2025-07-01T22:33:47.756+0000] {dag.py:4180} INFO - Setting next_dagrun for example_subdag_operator.section-2 to None, run_after=None
[2025-07-01T22:33:47.770+0000] {processor.py:208} INFO - Processing /home/airflow/.local/lib/python3.12/site-packages/airflow/example_dags/example_subdag_operator.py took 0.101 seconds
[2025-07-01T22:34:18.021+0000] {processor.py:186} INFO - Started process (PID=214) to work on /home/airflow/.local/lib/python3.12/site-packages/airflow/example_dags/example_subdag_operator.py
[2025-07-01T22:34:18.023+0000] {processor.py:914} INFO - Processing file /home/airflow/.local/lib/python3.12/site-packages/airflow/example_dags/example_subdag_operator.py for tasks to queue
[2025-07-01T22:34:18.025+0000] {logging_mixin.py:190} INFO - [2025-07-01T22:34:18.025+0000] {dagbag.py:588} INFO - Filling up the DagBag from /home/airflow/.local/lib/python3.12/site-packages/airflow/example_dags/example_subdag_operator.py
[2025-07-01T22:34:18.047+0000] {processor.py:925} INFO - DAG(s) 'example_subdag_operator.section-1', 'example_subdag_operator.section-2', 'example_subdag_operator' retrieved from /home/airflow/.local/lib/python3.12/site-packages/airflow/example_dags/example_subdag_operator.py
[2025-07-01T22:34:18.059+0000] {logging_mixin.py:190} INFO - [2025-07-01T22:34:18.059+0000] {dag.py:3239} INFO - Sync 3 DAGs
[2025-07-01T22:34:18.078+0000] {logging_mixin.py:190} INFO - [2025-07-01T22:34:18.078+0000] {dag.py:4180} INFO - Setting next_dagrun for example_subdag_operator to 2022-01-01 00:00:00+00:00, run_after=2022-01-01 00:00:00+00:00
[2025-07-01T22:34:18.083+0000] {logging_mixin.py:190} INFO - [2025-07-01T22:34:18.082+0000] {dag.py:4180} INFO - Setting next_dagrun for example_subdag_operator.section-1 to None, run_after=None
[2025-07-01T22:34:18.084+0000] {logging_mixin.py:190} INFO - [2025-07-01T22:34:18.084+0000] {dag.py:4180} INFO - Setting next_dagrun for example_subdag_operator.section-2 to None, run_after=None
[2025-07-01T22:34:18.090+0000] {logging_mixin.py:190} INFO - [2025-07-01T22:34:18.090+0000] {dag.py:3239} INFO - Sync 2 DAGs
[2025-07-01T22:34:18.095+0000] {logging_mixin.py:190} INFO - [2025-07-01T22:34:18.095+0000] {dag.py:4180} INFO - Setting next_dagrun for example_subdag_operator.section-1 to None, run_after=None
[2025-07-01T22:34:18.096+0000] {logging_mixin.py:190} INFO - [2025-07-01T22:34:18.096+0000] {dag.py:4180} INFO - Setting next_dagrun for example_subdag_operator.section-2 to None, run_after=None
[2025-07-01T22:34:18.109+0000] {processor.py:208} INFO - Processing /home/airflow/.local/lib/python3.12/site-packages/airflow/example_dags/example_subdag_operator.py took 0.092 seconds
[2025-07-01T22:34:49.124+0000] {processor.py:186} INFO - Started process (PID=278) to work on /home/airflow/.local/lib/python3.12/site-packages/airflow/example_dags/example_subdag_operator.py
[2025-07-01T22:34:49.125+0000] {processor.py:914} INFO - Processing file /home/airflow/.local/lib/python3.12/site-packages/airflow/example_dags/example_subdag_operator.py for tasks to queue
[2025-07-01T22:34:49.127+0000] {logging_mixin.py:190} INFO - [2025-07-01T22:34:49.127+0000] {dagbag.py:588} INFO - Filling up the DagBag from /home/airflow/.local/lib/python3.12/site-packages/airflow/example_dags/example_subdag_operator.py
[2025-07-01T22:34:49.150+0000] {processor.py:925} INFO - DAG(s) 'example_subdag_operator.section-1', 'example_subdag_operator.section-2', 'example_subdag_operator' retrieved from /home/airflow/.local/lib/python3.12/site-packages/airflow/example_dags/example_subdag_operator.py
[2025-07-01T22:34:49.161+0000] {logging_mixin.py:190} INFO - [2025-07-01T22:34:49.161+0000] {dag.py:3239} INFO - Sync 3 DAGs
[2025-07-01T22:34:49.179+0000] {logging_mixin.py:190} INFO - [2025-07-01T22:34:49.179+0000] {dag.py:4180} INFO - Setting next_dagrun for example_subdag_operator to 2022-01-01 00:00:00+00:00, run_after=2022-01-01 00:00:00+00:00
[2025-07-01T22:34:49.183+0000] {logging_mixin.py:190} INFO - [2025-07-01T22:34:49.183+0000] {dag.py:4180} INFO - Setting next_dagrun for example_subdag_operator.section-1 to None, run_after=None
[2025-07-01T22:34:49.185+0000] {logging_mixin.py:190} INFO - [2025-07-01T22:34:49.184+0000] {dag.py:4180} INFO - Setting next_dagrun for example_subdag_operator.section-2 to None, run_after=None
[2025-07-01T22:34:49.192+0000] {logging_mixin.py:190} INFO - [2025-07-01T22:34:49.191+0000] {dag.py:3239} INFO - Sync 2 DAGs
[2025-07-01T22:34:49.196+0000] {logging_mixin.py:190} INFO - [2025-07-01T22:34:49.196+0000] {dag.py:4180} INFO - Setting next_dagrun for example_subdag_operator.section-1 to None, run_after=None
[2025-07-01T22:34:49.197+0000] {logging_mixin.py:190} INFO - [2025-07-01T22:34:49.197+0000] {dag.py:4180} INFO - Setting next_dagrun for example_subdag_operator.section-2 to None, run_after=None
[2025-07-01T22:34:49.209+0000] {processor.py:208} INFO - Processing /home/airflow/.local/lib/python3.12/site-packages/airflow/example_dags/example_subdag_operator.py took 0.090 seconds
[2025-07-01T22:35:20.096+0000] {processor.py:186} INFO - Started process (PID=342) to work on /home/airflow/.local/lib/python3.12/site-packages/airflow/example_dags/example_subdag_operator.py
[2025-07-01T22:35:20.097+0000] {processor.py:914} INFO - Processing file /home/airflow/.local/lib/python3.12/site-packages/airflow/example_dags/example_subdag_operator.py for tasks to queue
[2025-07-01T22:35:20.099+0000] {logging_mixin.py:190} INFO - [2025-07-01T22:35:20.099+0000] {dagbag.py:588} INFO - Filling up the DagBag from /home/airflow/.local/lib/python3.12/site-packages/airflow/example_dags/example_subdag_operator.py
[2025-07-01T22:35:20.123+0000] {processor.py:925} INFO - DAG(s) 'example_subdag_operator.section-1', 'example_subdag_operator.section-2', 'example_subdag_operator' retrieved from /home/airflow/.local/lib/python3.12/site-packages/airflow/example_dags/example_subdag_operator.py
[2025-07-01T22:35:20.136+0000] {logging_mixin.py:190} INFO - [2025-07-01T22:35:20.136+0000] {dag.py:3239} INFO - Sync 3 DAGs
[2025-07-01T22:35:20.157+0000] {logging_mixin.py:190} INFO - [2025-07-01T22:35:20.157+0000] {dag.py:4180} INFO - Setting next_dagrun for example_subdag_operator to 2022-01-01 00:00:00+00:00, run_after=2022-01-01 00:00:00+00:00
[2025-07-01T22:35:20.160+0000] {logging_mixin.py:190} INFO - [2025-07-01T22:35:20.160+0000] {dag.py:4180} INFO - Setting next_dagrun for example_subdag_operator.section-1 to None, run_after=None
[2025-07-01T22:35:20.162+0000] {logging_mixin.py:190} INFO - [2025-07-01T22:35:20.162+0000] {dag.py:4180} INFO - Setting next_dagrun for example_subdag_operator.section-2 to None, run_after=None
[2025-07-01T22:35:20.168+0000] {logging_mixin.py:190} INFO - [2025-07-01T22:35:20.168+0000] {dag.py:3239} INFO - Sync 2 DAGs
[2025-07-01T22:35:20.173+0000] {logging_mixin.py:190} INFO - [2025-07-01T22:35:20.173+0000] {dag.py:4180} INFO - Setting next_dagrun for example_subdag_operator.section-1 to None, run_after=None
[2025-07-01T22:35:20.174+0000] {logging_mixin.py:190} INFO - [2025-07-01T22:35:20.174+0000] {dag.py:4180} INFO - Setting next_dagrun for example_subdag_operator.section-2 to None, run_after=None
[2025-07-01T22:35:20.188+0000] {processor.py:208} INFO - Processing /home/airflow/.local/lib/python3.12/site-packages/airflow/example_dags/example_subdag_operator.py took 0.096 seconds
[2025-07-01T22:35:50.947+0000] {processor.py:186} INFO - Started process (PID=414) to work on /home/airflow/.local/lib/python3.12/site-packages/airflow/example_dags/example_subdag_operator.py
[2025-07-01T22:35:50.948+0000] {processor.py:914} INFO - Processing file /home/airflow/.local/lib/python3.12/site-packages/airflow/example_dags/example_subdag_operator.py for tasks to queue
[2025-07-01T22:35:50.951+0000] {logging_mixin.py:190} INFO - [2025-07-01T22:35:50.950+0000] {dagbag.py:588} INFO - Filling up the DagBag from /home/airflow/.local/lib/python3.12/site-packages/airflow/example_dags/example_subdag_operator.py
[2025-07-01T22:35:50.973+0000] {processor.py:925} INFO - DAG(s) 'example_subdag_operator.section-1', 'example_subdag_operator.section-2', 'example_subdag_operator' retrieved from /home/airflow/.local/lib/python3.12/site-packages/airflow/example_dags/example_subdag_operator.py
[2025-07-01T22:35:50.986+0000] {logging_mixin.py:190} INFO - [2025-07-01T22:35:50.986+0000] {dag.py:3239} INFO - Sync 3 DAGs
[2025-07-01T22:35:51.005+0000] {logging_mixin.py:190} INFO - [2025-07-01T22:35:51.004+0000] {dag.py:4180} INFO - Setting next_dagrun for example_subdag_operator to 2022-01-01 00:00:00+00:00, run_after=2022-01-01 00:00:00+00:00
[2025-07-01T22:35:51.008+0000] {logging_mixin.py:190} INFO - [2025-07-01T22:35:51.008+0000] {dag.py:4180} INFO - Setting next_dagrun for example_subdag_operator.section-1 to None, run_after=None
[2025-07-01T22:35:51.009+0000] {logging_mixin.py:190} INFO - [2025-07-01T22:35:51.009+0000] {dag.py:4180} INFO - Setting next_dagrun for example_subdag_operator.section-2 to None, run_after=None
[2025-07-01T22:35:51.014+0000] {logging_mixin.py:190} INFO - [2025-07-01T22:35:51.014+0000] {dag.py:3239} INFO - Sync 2 DAGs
[2025-07-01T22:35:51.019+0000] {logging_mixin.py:190} INFO - [2025-07-01T22:35:51.018+0000] {dag.py:4180} INFO - Setting next_dagrun for example_subdag_operator.section-1 to None, run_after=None
[2025-07-01T22:35:51.019+0000] {logging_mixin.py:190} INFO - [2025-07-01T22:35:51.019+0000] {dag.py:4180} INFO - Setting next_dagrun for example_subdag_operator.section-2 to None, run_after=None
[2025-07-01T22:35:51.030+0000] {processor.py:208} INFO - Processing /home/airflow/.local/lib/python3.12/site-packages/airflow/example_dags/example_subdag_operator.py took 0.089 seconds
[2025-07-01T22:36:21.912+0000] {processor.py:186} INFO - Started process (PID=478) to work on /home/airflow/.local/lib/python3.12/site-packages/airflow/example_dags/example_subdag_operator.py
[2025-07-01T22:36:21.913+0000] {processor.py:914} INFO - Processing file /home/airflow/.local/lib/python3.12/site-packages/airflow/example_dags/example_subdag_operator.py for tasks to queue
[2025-07-01T22:36:21.915+0000] {logging_mixin.py:190} INFO - [2025-07-01T22:36:21.915+0000] {dagbag.py:588} INFO - Filling up the DagBag from /home/airflow/.local/lib/python3.12/site-packages/airflow/example_dags/example_subdag_operator.py
[2025-07-01T22:36:21.937+0000] {processor.py:925} INFO - DAG(s) 'example_subdag_operator.section-1', 'example_subdag_operator.section-2', 'example_subdag_operator' retrieved from /home/airflow/.local/lib/python3.12/site-packages/airflow/example_dags/example_subdag_operator.py
[2025-07-01T22:36:21.951+0000] {logging_mixin.py:190} INFO - [2025-07-01T22:36:21.951+0000] {dag.py:3239} INFO - Sync 3 DAGs
[2025-07-01T22:36:21.973+0000] {logging_mixin.py:190} INFO - [2025-07-01T22:36:21.973+0000] {dag.py:4180} INFO - Setting next_dagrun for example_subdag_operator to 2022-01-01 00:00:00+00:00, run_after=2022-01-01 00:00:00+00:00
[2025-07-01T22:36:21.977+0000] {logging_mixin.py:190} INFO - [2025-07-01T22:36:21.976+0000] {dag.py:4180} INFO - Setting next_dagrun for example_subdag_operator.section-1 to None, run_after=None
[2025-07-01T22:36:21.979+0000] {logging_mixin.py:190} INFO - [2025-07-01T22:36:21.979+0000] {dag.py:4180} INFO - Setting next_dagrun for example_subdag_operator.section-2 to None, run_after=None
[2025-07-01T22:36:21.987+0000] {logging_mixin.py:190} INFO - [2025-07-01T22:36:21.987+0000] {dag.py:3239} INFO - Sync 2 DAGs
[2025-07-01T22:36:21.994+0000] {logging_mixin.py:190} INFO - [2025-07-01T22:36:21.993+0000] {dag.py:4180} INFO - Setting next_dagrun for example_subdag_operator.section-1 to None, run_after=None
[2025-07-01T22:36:21.994+0000] {logging_mixin.py:190} INFO - [2025-07-01T22:36:21.994+0000] {dag.py:4180} INFO - Setting next_dagrun for example_subdag_operator.section-2 to None, run_after=None
[2025-07-01T22:36:22.009+0000] {processor.py:208} INFO - Processing /home/airflow/.local/lib/python3.12/site-packages/airflow/example_dags/example_subdag_operator.py took 0.103 seconds
[2025-07-01T22:36:52.915+0000] {processor.py:186} INFO - Started process (PID=542) to work on /home/airflow/.local/lib/python3.12/site-packages/airflow/example_dags/example_subdag_operator.py
[2025-07-01T22:36:52.916+0000] {processor.py:914} INFO - Processing file /home/airflow/.local/lib/python3.12/site-packages/airflow/example_dags/example_subdag_operator.py for tasks to queue
[2025-07-01T22:36:52.918+0000] {logging_mixin.py:190} INFO - [2025-07-01T22:36:52.918+0000] {dagbag.py:588} INFO - Filling up the DagBag from /home/airflow/.local/lib/python3.12/site-packages/airflow/example_dags/example_subdag_operator.py
[2025-07-01T22:36:52.940+0000] {processor.py:925} INFO - DAG(s) 'example_subdag_operator.section-1', 'example_subdag_operator.section-2', 'example_subdag_operator' retrieved from /home/airflow/.local/lib/python3.12/site-packages/airflow/example_dags/example_subdag_operator.py
[2025-07-01T22:36:52.952+0000] {logging_mixin.py:190} INFO - [2025-07-01T22:36:52.952+0000] {dag.py:3239} INFO - Sync 3 DAGs
[2025-07-01T22:36:52.972+0000] {logging_mixin.py:190} INFO - [2025-07-01T22:36:52.972+0000] {dag.py:4180} INFO - Setting next_dagrun for example_subdag_operator to 2022-01-01 00:00:00+00:00, run_after=2022-01-01 00:00:00+00:00
[2025-07-01T22:36:52.976+0000] {logging_mixin.py:190} INFO - [2025-07-01T22:36:52.976+0000] {dag.py:4180} INFO - Setting next_dagrun for example_subdag_operator.section-1 to None, run_after=None
[2025-07-01T22:36:52.978+0000] {logging_mixin.py:190} INFO - [2025-07-01T22:36:52.978+0000] {dag.py:4180} INFO - Setting next_dagrun for example_subdag_operator.section-2 to None, run_after=None
[2025-07-01T22:36:52.985+0000] {logging_mixin.py:190} INFO - [2025-07-01T22:36:52.985+0000] {dag.py:3239} INFO - Sync 2 DAGs
[2025-07-01T22:36:52.989+0000] {logging_mixin.py:190} INFO - [2025-07-01T22:36:52.989+0000] {dag.py:4180} INFO - Setting next_dagrun for example_subdag_operator.section-1 to None, run_after=None
[2025-07-01T22:36:52.990+0000] {logging_mixin.py:190} INFO - [2025-07-01T22:36:52.990+0000] {dag.py:4180} INFO - Setting next_dagrun for example_subdag_operator.section-2 to None, run_after=None
[2025-07-01T22:36:53.002+0000] {processor.py:208} INFO - Processing /home/airflow/.local/lib/python3.12/site-packages/airflow/example_dags/example_subdag_operator.py took 0.092 seconds
[2025-07-01T22:37:23.711+0000] {processor.py:186} INFO - Started process (PID=606) to work on /home/airflow/.local/lib/python3.12/site-packages/airflow/example_dags/example_subdag_operator.py
[2025-07-01T22:37:23.712+0000] {processor.py:914} INFO - Processing file /home/airflow/.local/lib/python3.12/site-packages/airflow/example_dags/example_subdag_operator.py for tasks to queue
[2025-07-01T22:37:23.714+0000] {logging_mixin.py:190} INFO - [2025-07-01T22:37:23.714+0000] {dagbag.py:588} INFO - Filling up the DagBag from /home/airflow/.local/lib/python3.12/site-packages/airflow/example_dags/example_subdag_operator.py
[2025-07-01T22:37:23.737+0000] {processor.py:925} INFO - DAG(s) 'example_subdag_operator.section-1', 'example_subdag_operator.section-2', 'example_subdag_operator' retrieved from /home/airflow/.local/lib/python3.12/site-packages/airflow/example_dags/example_subdag_operator.py
[2025-07-01T22:37:23.750+0000] {logging_mixin.py:190} INFO - [2025-07-01T22:37:23.749+0000] {dag.py:3239} INFO - Sync 3 DAGs
[2025-07-01T22:37:23.768+0000] {logging_mixin.py:190} INFO - [2025-07-01T22:37:23.768+0000] {dag.py:4180} INFO - Setting next_dagrun for example_subdag_operator to 2022-01-01 00:00:00+00:00, run_after=2022-01-01 00:00:00+00:00
[2025-07-01T22:37:23.771+0000] {logging_mixin.py:190} INFO - [2025-07-01T22:37:23.771+0000] {dag.py:4180} INFO - Setting next_dagrun for example_subdag_operator.section-1 to None, run_after=None
[2025-07-01T22:37:23.772+0000] {logging_mixin.py:190} INFO - [2025-07-01T22:37:23.772+0000] {dag.py:4180} INFO - Setting next_dagrun for example_subdag_operator.section-2 to None, run_after=None
[2025-07-01T22:37:23.778+0000] {logging_mixin.py:190} INFO - [2025-07-01T22:37:23.778+0000] {dag.py:3239} INFO - Sync 2 DAGs
[2025-07-01T22:37:23.783+0000] {logging_mixin.py:190} INFO - [2025-07-01T22:37:23.783+0000] {dag.py:4180} INFO - Setting next_dagrun for example_subdag_operator.section-1 to None, run_after=None
[2025-07-01T22:37:23.784+0000] {logging_mixin.py:190} INFO - [2025-07-01T22:37:23.784+0000] {dag.py:4180} INFO - Setting next_dagrun for example_subdag_operator.section-2 to None, run_after=None
[2025-07-01T22:37:23.796+0000] {processor.py:208} INFO - Processing /home/airflow/.local/lib/python3.12/site-packages/airflow/example_dags/example_subdag_operator.py took 0.090 seconds
[2025-07-01T22:37:54.660+0000] {processor.py:186} INFO - Started process (PID=670) to work on /home/airflow/.local/lib/python3.12/site-packages/airflow/example_dags/example_subdag_operator.py
[2025-07-01T22:37:54.661+0000] {processor.py:914} INFO - Processing file /home/airflow/.local/lib/python3.12/site-packages/airflow/example_dags/example_subdag_operator.py for tasks to queue
[2025-07-01T22:37:54.664+0000] {logging_mixin.py:190} INFO - [2025-07-01T22:37:54.663+0000] {dagbag.py:588} INFO - Filling up the DagBag from /home/airflow/.local/lib/python3.12/site-packages/airflow/example_dags/example_subdag_operator.py
[2025-07-01T22:37:54.690+0000] {processor.py:925} INFO - DAG(s) 'example_subdag_operator.section-1', 'example_subdag_operator.section-2', 'example_subdag_operator' retrieved from /home/airflow/.local/lib/python3.12/site-packages/airflow/example_dags/example_subdag_operator.py
[2025-07-01T22:37:54.708+0000] {logging_mixin.py:190} INFO - [2025-07-01T22:37:54.708+0000] {dag.py:3239} INFO - Sync 3 DAGs
[2025-07-01T22:37:54.734+0000] {logging_mixin.py:190} INFO - [2025-07-01T22:37:54.733+0000] {dag.py:4180} INFO - Setting next_dagrun for example_subdag_operator to 2022-01-01 00:00:00+00:00, run_after=2022-01-01 00:00:00+00:00
[2025-07-01T22:37:54.738+0000] {logging_mixin.py:190} INFO - [2025-07-01T22:37:54.738+0000] {dag.py:4180} INFO - Setting next_dagrun for example_subdag_operator.section-1 to None, run_after=None
[2025-07-01T22:37:54.741+0000] {logging_mixin.py:190} INFO - [2025-07-01T22:37:54.740+0000] {dag.py:4180} INFO - Setting next_dagrun for example_subdag_operator.section-2 to None, run_after=None
[2025-07-01T22:37:54.749+0000] {logging_mixin.py:190} INFO - [2025-07-01T22:37:54.749+0000] {dag.py:3239} INFO - Sync 2 DAGs
[2025-07-01T22:37:54.755+0000] {logging_mixin.py:190} INFO - [2025-07-01T22:37:54.755+0000] {dag.py:4180} INFO - Setting next_dagrun for example_subdag_operator.section-1 to None, run_after=None
[2025-07-01T22:37:54.756+0000] {logging_mixin.py:190} INFO - [2025-07-01T22:37:54.756+0000] {dag.py:4180} INFO - Setting next_dagrun for example_subdag_operator.section-2 to None, run_after=None
[2025-07-01T22:37:54.770+0000] {processor.py:208} INFO - Processing /home/airflow/.local/lib/python3.12/site-packages/airflow/example_dags/example_subdag_operator.py took 0.116 seconds
[2025-07-01T22:38:24.989+0000] {processor.py:186} INFO - Started process (PID=734) to work on /home/airflow/.local/lib/python3.12/site-packages/airflow/example_dags/example_subdag_operator.py
[2025-07-01T22:38:24.990+0000] {processor.py:914} INFO - Processing file /home/airflow/.local/lib/python3.12/site-packages/airflow/example_dags/example_subdag_operator.py for tasks to queue
[2025-07-01T22:38:24.992+0000] {logging_mixin.py:190} INFO - [2025-07-01T22:38:24.992+0000] {dagbag.py:588} INFO - Filling up the DagBag from /home/airflow/.local/lib/python3.12/site-packages/airflow/example_dags/example_subdag_operator.py
[2025-07-01T22:38:25.018+0000] {processor.py:925} INFO - DAG(s) 'example_subdag_operator.section-1', 'example_subdag_operator.section-2', 'example_subdag_operator' retrieved from /home/airflow/.local/lib/python3.12/site-packages/airflow/example_dags/example_subdag_operator.py
[2025-07-01T22:38:25.033+0000] {logging_mixin.py:190} INFO - [2025-07-01T22:38:25.033+0000] {dag.py:3239} INFO - Sync 3 DAGs
[2025-07-01T22:38:25.059+0000] {logging_mixin.py:190} INFO - [2025-07-01T22:38:25.059+0000] {dag.py:4180} INFO - Setting next_dagrun for example_subdag_operator to 2022-01-01 00:00:00+00:00, run_after=2022-01-01 00:00:00+00:00
[2025-07-01T22:38:25.064+0000] {logging_mixin.py:190} INFO - [2025-07-01T22:38:25.064+0000] {dag.py:4180} INFO - Setting next_dagrun for example_subdag_operator.section-1 to None, run_after=None
[2025-07-01T22:38:25.066+0000] {logging_mixin.py:190} INFO - [2025-07-01T22:38:25.066+0000] {dag.py:4180} INFO - Setting next_dagrun for example_subdag_operator.section-2 to None, run_after=None
[2025-07-01T22:38:25.075+0000] {logging_mixin.py:190} INFO - [2025-07-01T22:38:25.075+0000] {dag.py:3239} INFO - Sync 2 DAGs
[2025-07-01T22:38:25.084+0000] {logging_mixin.py:190} INFO - [2025-07-01T22:38:25.083+0000] {dag.py:4180} INFO - Setting next_dagrun for example_subdag_operator.section-1 to None, run_after=None
[2025-07-01T22:38:25.085+0000] {logging_mixin.py:190} INFO - [2025-07-01T22:38:25.084+0000] {dag.py:4180} INFO - Setting next_dagrun for example_subdag_operator.section-2 to None, run_after=None
[2025-07-01T22:38:25.102+0000] {processor.py:208} INFO - Processing /home/airflow/.local/lib/python3.12/site-packages/airflow/example_dags/example_subdag_operator.py took 0.119 seconds
[2025-07-01T22:38:55.269+0000] {processor.py:186} INFO - Started process (PID=798) to work on /home/airflow/.local/lib/python3.12/site-packages/airflow/example_dags/example_subdag_operator.py
[2025-07-01T22:38:55.270+0000] {processor.py:914} INFO - Processing file /home/airflow/.local/lib/python3.12/site-packages/airflow/example_dags/example_subdag_operator.py for tasks to queue
[2025-07-01T22:38:55.273+0000] {logging_mixin.py:190} INFO - [2025-07-01T22:38:55.272+0000] {dagbag.py:588} INFO - Filling up the DagBag from /home/airflow/.local/lib/python3.12/site-packages/airflow/example_dags/example_subdag_operator.py
[2025-07-01T22:38:55.294+0000] {processor.py:925} INFO - DAG(s) 'example_subdag_operator.section-1', 'example_subdag_operator.section-2', 'example_subdag_operator' retrieved from /home/airflow/.local/lib/python3.12/site-packages/airflow/example_dags/example_subdag_operator.py
[2025-07-01T22:38:55.306+0000] {logging_mixin.py:190} INFO - [2025-07-01T22:38:55.306+0000] {dag.py:3239} INFO - Sync 3 DAGs
[2025-07-01T22:38:55.325+0000] {logging_mixin.py:190} INFO - [2025-07-01T22:38:55.325+0000] {dag.py:4180} INFO - Setting next_dagrun for example_subdag_operator to 2022-01-01 00:00:00+00:00, run_after=2022-01-01 00:00:00+00:00
[2025-07-01T22:38:55.328+0000] {logging_mixin.py:190} INFO - [2025-07-01T22:38:55.328+0000] {dag.py:4180} INFO - Setting next_dagrun for example_subdag_operator.section-1 to None, run_after=None
[2025-07-01T22:38:55.330+0000] {logging_mixin.py:190} INFO - [2025-07-01T22:38:55.329+0000] {dag.py:4180} INFO - Setting next_dagrun for example_subdag_operator.section-2 to None, run_after=None
[2025-07-01T22:38:55.335+0000] {logging_mixin.py:190} INFO - [2025-07-01T22:38:55.335+0000] {dag.py:3239} INFO - Sync 2 DAGs
[2025-07-01T22:38:55.340+0000] {logging_mixin.py:190} INFO - [2025-07-01T22:38:55.339+0000] {dag.py:4180} INFO - Setting next_dagrun for example_subdag_operator.section-1 to None, run_after=None
[2025-07-01T22:38:55.340+0000] {logging_mixin.py:190} INFO - [2025-07-01T22:38:55.340+0000] {dag.py:4180} INFO - Setting next_dagrun for example_subdag_operator.section-2 to None, run_after=None
[2025-07-01T22:38:55.352+0000] {processor.py:208} INFO - Processing /home/airflow/.local/lib/python3.12/site-packages/airflow/example_dags/example_subdag_operator.py took 0.088 seconds
[2025-07-01T22:39:25.680+0000] {processor.py:186} INFO - Started process (PID=862) to work on /home/airflow/.local/lib/python3.12/site-packages/airflow/example_dags/example_subdag_operator.py
[2025-07-01T22:39:25.680+0000] {processor.py:914} INFO - Processing file /home/airflow/.local/lib/python3.12/site-packages/airflow/example_dags/example_subdag_operator.py for tasks to queue
[2025-07-01T22:39:25.683+0000] {logging_mixin.py:190} INFO - [2025-07-01T22:39:25.682+0000] {dagbag.py:588} INFO - Filling up the DagBag from /home/airflow/.local/lib/python3.12/site-packages/airflow/example_dags/example_subdag_operator.py
[2025-07-01T22:39:25.706+0000] {processor.py:925} INFO - DAG(s) 'example_subdag_operator.section-1', 'example_subdag_operator.section-2', 'example_subdag_operator' retrieved from /home/airflow/.local/lib/python3.12/site-packages/airflow/example_dags/example_subdag_operator.py
[2025-07-01T22:39:25.718+0000] {logging_mixin.py:190} INFO - [2025-07-01T22:39:25.718+0000] {dag.py:3239} INFO - Sync 3 DAGs
[2025-07-01T22:39:25.735+0000] {logging_mixin.py:190} INFO - [2025-07-01T22:39:25.735+0000] {dag.py:4180} INFO - Setting next_dagrun for example_subdag_operator to 2022-01-01 00:00:00+00:00, run_after=2022-01-01 00:00:00+00:00
[2025-07-01T22:39:25.738+0000] {logging_mixin.py:190} INFO - [2025-07-01T22:39:25.738+0000] {dag.py:4180} INFO - Setting next_dagrun for example_subdag_operator.section-1 to None, run_after=None
[2025-07-01T22:39:25.739+0000] {logging_mixin.py:190} INFO - [2025-07-01T22:39:25.739+0000] {dag.py:4180} INFO - Setting next_dagrun for example_subdag_operator.section-2 to None, run_after=None
[2025-07-01T22:39:25.745+0000] {logging_mixin.py:190} INFO - [2025-07-01T22:39:25.745+0000] {dag.py:3239} INFO - Sync 2 DAGs
[2025-07-01T22:39:25.749+0000] {logging_mixin.py:190} INFO - [2025-07-01T22:39:25.749+0000] {dag.py:4180} INFO - Setting next_dagrun for example_subdag_operator.section-1 to None, run_after=None
[2025-07-01T22:39:25.750+0000] {logging_mixin.py:190} INFO - [2025-07-01T22:39:25.750+0000] {dag.py:4180} INFO - Setting next_dagrun for example_subdag_operator.section-2 to None, run_after=None
[2025-07-01T22:39:25.759+0000] {processor.py:208} INFO - Processing /home/airflow/.local/lib/python3.12/site-packages/airflow/example_dags/example_subdag_operator.py took 0.086 seconds
[2025-07-01T22:39:56.576+0000] {processor.py:186} INFO - Started process (PID=926) to work on /home/airflow/.local/lib/python3.12/site-packages/airflow/example_dags/example_subdag_operator.py
[2025-07-01T22:39:56.578+0000] {processor.py:914} INFO - Processing file /home/airflow/.local/lib/python3.12/site-packages/airflow/example_dags/example_subdag_operator.py for tasks to queue
[2025-07-01T22:39:56.583+0000] {logging_mixin.py:190} INFO - [2025-07-01T22:39:56.582+0000] {dagbag.py:588} INFO - Filling up the DagBag from /home/airflow/.local/lib/python3.12/site-packages/airflow/example_dags/example_subdag_operator.py
[2025-07-01T22:39:56.605+0000] {processor.py:925} INFO - DAG(s) 'example_subdag_operator.section-1', 'example_subdag_operator.section-2', 'example_subdag_operator' retrieved from /home/airflow/.local/lib/python3.12/site-packages/airflow/example_dags/example_subdag_operator.py
[2025-07-01T22:39:56.617+0000] {logging_mixin.py:190} INFO - [2025-07-01T22:39:56.617+0000] {dag.py:3239} INFO - Sync 3 DAGs
[2025-07-01T22:39:56.637+0000] {logging_mixin.py:190} INFO - [2025-07-01T22:39:56.636+0000] {dag.py:4180} INFO - Setting next_dagrun for example_subdag_operator to 2022-01-01 00:00:00+00:00, run_after=2022-01-01 00:00:00+00:00
[2025-07-01T22:39:56.640+0000] {logging_mixin.py:190} INFO - [2025-07-01T22:39:56.640+0000] {dag.py:4180} INFO - Setting next_dagrun for example_subdag_operator.section-1 to None, run_after=None
[2025-07-01T22:39:56.641+0000] {logging_mixin.py:190} INFO - [2025-07-01T22:39:56.641+0000] {dag.py:4180} INFO - Setting next_dagrun for example_subdag_operator.section-2 to None, run_after=None
[2025-07-01T22:39:56.647+0000] {logging_mixin.py:190} INFO - [2025-07-01T22:39:56.647+0000] {dag.py:3239} INFO - Sync 2 DAGs
[2025-07-01T22:39:56.652+0000] {logging_mixin.py:190} INFO - [2025-07-01T22:39:56.652+0000] {dag.py:4180} INFO - Setting next_dagrun for example_subdag_operator.section-1 to None, run_after=None
[2025-07-01T22:39:56.653+0000] {logging_mixin.py:190} INFO - [2025-07-01T22:39:56.653+0000] {dag.py:4180} INFO - Setting next_dagrun for example_subdag_operator.section-2 to None, run_after=None
[2025-07-01T22:39:56.667+0000] {processor.py:208} INFO - Processing /home/airflow/.local/lib/python3.12/site-packages/airflow/example_dags/example_subdag_operator.py took 0.096 seconds
[2025-07-01T22:40:26.837+0000] {processor.py:186} INFO - Started process (PID=990) to work on /home/airflow/.local/lib/python3.12/site-packages/airflow/example_dags/example_subdag_operator.py
[2025-07-01T22:40:26.838+0000] {processor.py:914} INFO - Processing file /home/airflow/.local/lib/python3.12/site-packages/airflow/example_dags/example_subdag_operator.py for tasks to queue
[2025-07-01T22:40:26.840+0000] {logging_mixin.py:190} INFO - [2025-07-01T22:40:26.840+0000] {dagbag.py:588} INFO - Filling up the DagBag from /home/airflow/.local/lib/python3.12/site-packages/airflow/example_dags/example_subdag_operator.py
[2025-07-01T22:40:26.862+0000] {processor.py:925} INFO - DAG(s) 'example_subdag_operator.section-1', 'example_subdag_operator.section-2', 'example_subdag_operator' retrieved from /home/airflow/.local/lib/python3.12/site-packages/airflow/example_dags/example_subdag_operator.py
[2025-07-01T22:40:26.873+0000] {logging_mixin.py:190} INFO - [2025-07-01T22:40:26.873+0000] {dag.py:3239} INFO - Sync 3 DAGs
[2025-07-01T22:40:26.891+0000] {logging_mixin.py:190} INFO - [2025-07-01T22:40:26.891+0000] {dag.py:4180} INFO - Setting next_dagrun for example_subdag_operator to 2022-01-01 00:00:00+00:00, run_after=2022-01-01 00:00:00+00:00
[2025-07-01T22:40:26.894+0000] {logging_mixin.py:190} INFO - [2025-07-01T22:40:26.894+0000] {dag.py:4180} INFO - Setting next_dagrun for example_subdag_operator.section-1 to None, run_after=None
[2025-07-01T22:40:26.895+0000] {logging_mixin.py:190} INFO - [2025-07-01T22:40:26.895+0000] {dag.py:4180} INFO - Setting next_dagrun for example_subdag_operator.section-2 to None, run_after=None
[2025-07-01T22:40:26.901+0000] {logging_mixin.py:190} INFO - [2025-07-01T22:40:26.901+0000] {dag.py:3239} INFO - Sync 2 DAGs
[2025-07-01T22:40:26.905+0000] {logging_mixin.py:190} INFO - [2025-07-01T22:40:26.905+0000] {dag.py:4180} INFO - Setting next_dagrun for example_subdag_operator.section-1 to None, run_after=None
[2025-07-01T22:40:26.906+0000] {logging_mixin.py:190} INFO - [2025-07-01T22:40:26.906+0000] {dag.py:4180} INFO - Setting next_dagrun for example_subdag_operator.section-2 to None, run_after=None
[2025-07-01T22:40:26.920+0000] {processor.py:208} INFO - Processing /home/airflow/.local/lib/python3.12/site-packages/airflow/example_dags/example_subdag_operator.py took 0.088 seconds
[2025-07-01T22:40:57.377+0000] {processor.py:186} INFO - Started process (PID=1054) to work on /home/airflow/.local/lib/python3.12/site-packages/airflow/example_dags/example_subdag_operator.py
[2025-07-01T22:40:57.378+0000] {processor.py:914} INFO - Processing file /home/airflow/.local/lib/python3.12/site-packages/airflow/example_dags/example_subdag_operator.py for tasks to queue
[2025-07-01T22:40:57.381+0000] {logging_mixin.py:190} INFO - [2025-07-01T22:40:57.380+0000] {dagbag.py:588} INFO - Filling up the DagBag from /home/airflow/.local/lib/python3.12/site-packages/airflow/example_dags/example_subdag_operator.py
[2025-07-01T22:40:57.403+0000] {processor.py:925} INFO - DAG(s) 'example_subdag_operator.section-1', 'example_subdag_operator.section-2', 'example_subdag_operator' retrieved from /home/airflow/.local/lib/python3.12/site-packages/airflow/example_dags/example_subdag_operator.py
[2025-07-01T22:40:57.416+0000] {logging_mixin.py:190} INFO - [2025-07-01T22:40:57.415+0000] {dag.py:3239} INFO - Sync 3 DAGs
[2025-07-01T22:40:57.435+0000] {logging_mixin.py:190} INFO - [2025-07-01T22:40:57.435+0000] {dag.py:4180} INFO - Setting next_dagrun for example_subdag_operator to 2022-01-01 00:00:00+00:00, run_after=2022-01-01 00:00:00+00:00
[2025-07-01T22:40:57.439+0000] {logging_mixin.py:190} INFO - [2025-07-01T22:40:57.438+0000] {dag.py:4180} INFO - Setting next_dagrun for example_subdag_operator.section-1 to None, run_after=None
[2025-07-01T22:40:57.441+0000] {logging_mixin.py:190} INFO - [2025-07-01T22:40:57.441+0000] {dag.py:4180} INFO - Setting next_dagrun for example_subdag_operator.section-2 to None, run_after=None
[2025-07-01T22:40:57.447+0000] {logging_mixin.py:190} INFO - [2025-07-01T22:40:57.447+0000] {dag.py:3239} INFO - Sync 2 DAGs
[2025-07-01T22:40:57.452+0000] {logging_mixin.py:190} INFO - [2025-07-01T22:40:57.451+0000] {dag.py:4180} INFO - Setting next_dagrun for example_subdag_operator.section-1 to None, run_after=None
[2025-07-01T22:40:57.452+0000] {logging_mixin.py:190} INFO - [2025-07-01T22:40:57.452+0000] {dag.py:4180} INFO - Setting next_dagrun for example_subdag_operator.section-2 to None, run_after=None
[2025-07-01T22:40:57.464+0000] {processor.py:208} INFO - Processing /home/airflow/.local/lib/python3.12/site-packages/airflow/example_dags/example_subdag_operator.py took 0.091 seconds
[2025-07-01T22:41:28.003+0000] {processor.py:186} INFO - Started process (PID=1118) to work on /home/airflow/.local/lib/python3.12/site-packages/airflow/example_dags/example_subdag_operator.py
[2025-07-01T22:41:28.004+0000] {processor.py:914} INFO - Processing file /home/airflow/.local/lib/python3.12/site-packages/airflow/example_dags/example_subdag_operator.py for tasks to queue
[2025-07-01T22:41:28.006+0000] {logging_mixin.py:190} INFO - [2025-07-01T22:41:28.005+0000] {dagbag.py:588} INFO - Filling up the DagBag from /home/airflow/.local/lib/python3.12/site-packages/airflow/example_dags/example_subdag_operator.py
[2025-07-01T22:41:28.027+0000] {processor.py:925} INFO - DAG(s) 'example_subdag_operator.section-1', 'example_subdag_operator.section-2', 'example_subdag_operator' retrieved from /home/airflow/.local/lib/python3.12/site-packages/airflow/example_dags/example_subdag_operator.py
[2025-07-01T22:41:28.039+0000] {logging_mixin.py:190} INFO - [2025-07-01T22:41:28.039+0000] {dag.py:3239} INFO - Sync 3 DAGs
[2025-07-01T22:41:28.056+0000] {logging_mixin.py:190} INFO - [2025-07-01T22:41:28.056+0000] {dag.py:4180} INFO - Setting next_dagrun for example_subdag_operator to 2022-01-01 00:00:00+00:00, run_after=2022-01-01 00:00:00+00:00
[2025-07-01T22:41:28.060+0000] {logging_mixin.py:190} INFO - [2025-07-01T22:41:28.059+0000] {dag.py:4180} INFO - Setting next_dagrun for example_subdag_operator.section-1 to None, run_after=None
[2025-07-01T22:41:28.061+0000] {logging_mixin.py:190} INFO - [2025-07-01T22:41:28.061+0000] {dag.py:4180} INFO - Setting next_dagrun for example_subdag_operator.section-2 to None, run_after=None
[2025-07-01T22:41:28.067+0000] {logging_mixin.py:190} INFO - [2025-07-01T22:41:28.066+0000] {dag.py:3239} INFO - Sync 2 DAGs
[2025-07-01T22:41:28.071+0000] {logging_mixin.py:190} INFO - [2025-07-01T22:41:28.071+0000] {dag.py:4180} INFO - Setting next_dagrun for example_subdag_operator.section-1 to None, run_after=None
[2025-07-01T22:41:28.072+0000] {logging_mixin.py:190} INFO - [2025-07-01T22:41:28.072+0000] {dag.py:4180} INFO - Setting next_dagrun for example_subdag_operator.section-2 to None, run_after=None
[2025-07-01T22:41:28.084+0000] {processor.py:208} INFO - Processing /home/airflow/.local/lib/python3.12/site-packages/airflow/example_dags/example_subdag_operator.py took 0.086 seconds
[2025-07-01T22:41:58.740+0000] {processor.py:186} INFO - Started process (PID=1182) to work on /home/airflow/.local/lib/python3.12/site-packages/airflow/example_dags/example_subdag_operator.py
[2025-07-01T22:41:58.742+0000] {processor.py:914} INFO - Processing file /home/airflow/.local/lib/python3.12/site-packages/airflow/example_dags/example_subdag_operator.py for tasks to queue
[2025-07-01T22:41:58.745+0000] {logging_mixin.py:190} INFO - [2025-07-01T22:41:58.745+0000] {dagbag.py:588} INFO - Filling up the DagBag from /home/airflow/.local/lib/python3.12/site-packages/airflow/example_dags/example_subdag_operator.py
[2025-07-01T22:41:58.772+0000] {processor.py:925} INFO - DAG(s) 'example_subdag_operator.section-1', 'example_subdag_operator.section-2', 'example_subdag_operator' retrieved from /home/airflow/.local/lib/python3.12/site-packages/airflow/example_dags/example_subdag_operator.py
[2025-07-01T22:41:58.788+0000] {logging_mixin.py:190} INFO - [2025-07-01T22:41:58.788+0000] {dag.py:3239} INFO - Sync 3 DAGs
[2025-07-01T22:41:58.809+0000] {logging_mixin.py:190} INFO - [2025-07-01T22:41:58.809+0000] {dag.py:4180} INFO - Setting next_dagrun for example_subdag_operator to 2022-01-01 00:00:00+00:00, run_after=2022-01-01 00:00:00+00:00
[2025-07-01T22:41:58.813+0000] {logging_mixin.py:190} INFO - [2025-07-01T22:41:58.813+0000] {dag.py:4180} INFO - Setting next_dagrun for example_subdag_operator.section-1 to None, run_after=None
[2025-07-01T22:41:58.815+0000] {logging_mixin.py:190} INFO - [2025-07-01T22:41:58.815+0000] {dag.py:4180} INFO - Setting next_dagrun for example_subdag_operator.section-2 to None, run_after=None
[2025-07-01T22:41:58.822+0000] {logging_mixin.py:190} INFO - [2025-07-01T22:41:58.822+0000] {dag.py:3239} INFO - Sync 2 DAGs
[2025-07-01T22:41:58.829+0000] {logging_mixin.py:190} INFO - [2025-07-01T22:41:58.829+0000] {dag.py:4180} INFO - Setting next_dagrun for example_subdag_operator.section-1 to None, run_after=None
[2025-07-01T22:41:58.830+0000] {logging_mixin.py:190} INFO - [2025-07-01T22:41:58.830+0000] {dag.py:4180} INFO - Setting next_dagrun for example_subdag_operator.section-2 to None, run_after=None
[2025-07-01T22:41:58.850+0000] {processor.py:208} INFO - Processing /home/airflow/.local/lib/python3.12/site-packages/airflow/example_dags/example_subdag_operator.py took 0.115 seconds
[2025-07-01T22:42:29.619+0000] {processor.py:186} INFO - Started process (PID=1246) to work on /home/airflow/.local/lib/python3.12/site-packages/airflow/example_dags/example_subdag_operator.py
[2025-07-01T22:42:29.620+0000] {processor.py:914} INFO - Processing file /home/airflow/.local/lib/python3.12/site-packages/airflow/example_dags/example_subdag_operator.py for tasks to queue
[2025-07-01T22:42:29.622+0000] {logging_mixin.py:190} INFO - [2025-07-01T22:42:29.622+0000] {dagbag.py:588} INFO - Filling up the DagBag from /home/airflow/.local/lib/python3.12/site-packages/airflow/example_dags/example_subdag_operator.py
[2025-07-01T22:42:29.651+0000] {processor.py:925} INFO - DAG(s) 'example_subdag_operator.section-1', 'example_subdag_operator.section-2', 'example_subdag_operator' retrieved from /home/airflow/.local/lib/python3.12/site-packages/airflow/example_dags/example_subdag_operator.py
[2025-07-01T22:42:29.664+0000] {logging_mixin.py:190} INFO - [2025-07-01T22:42:29.664+0000] {dag.py:3239} INFO - Sync 3 DAGs
[2025-07-01T22:42:29.687+0000] {logging_mixin.py:190} INFO - [2025-07-01T22:42:29.687+0000] {dag.py:4180} INFO - Setting next_dagrun for example_subdag_operator to 2022-01-01 00:00:00+00:00, run_after=2022-01-01 00:00:00+00:00
[2025-07-01T22:42:29.691+0000] {logging_mixin.py:190} INFO - [2025-07-01T22:42:29.690+0000] {dag.py:4180} INFO - Setting next_dagrun for example_subdag_operator.section-1 to None, run_after=None
[2025-07-01T22:42:29.692+0000] {logging_mixin.py:190} INFO - [2025-07-01T22:42:29.692+0000] {dag.py:4180} INFO - Setting next_dagrun for example_subdag_operator.section-2 to None, run_after=None
[2025-07-01T22:42:29.700+0000] {logging_mixin.py:190} INFO - [2025-07-01T22:42:29.699+0000] {dag.py:3239} INFO - Sync 2 DAGs
[2025-07-01T22:42:29.705+0000] {logging_mixin.py:190} INFO - [2025-07-01T22:42:29.705+0000] {dag.py:4180} INFO - Setting next_dagrun for example_subdag_operator.section-1 to None, run_after=None
[2025-07-01T22:42:29.706+0000] {logging_mixin.py:190} INFO - [2025-07-01T22:42:29.706+0000] {dag.py:4180} INFO - Setting next_dagrun for example_subdag_operator.section-2 to None, run_after=None
[2025-07-01T22:42:29.720+0000] {processor.py:208} INFO - Processing /home/airflow/.local/lib/python3.12/site-packages/airflow/example_dags/example_subdag_operator.py took 0.106 seconds
[2025-07-01T22:43:00.653+0000] {processor.py:186} INFO - Started process (PID=1310) to work on /home/airflow/.local/lib/python3.12/site-packages/airflow/example_dags/example_subdag_operator.py
[2025-07-01T22:43:00.654+0000] {processor.py:914} INFO - Processing file /home/airflow/.local/lib/python3.12/site-packages/airflow/example_dags/example_subdag_operator.py for tasks to queue
[2025-07-01T22:43:00.656+0000] {logging_mixin.py:190} INFO - [2025-07-01T22:43:00.656+0000] {dagbag.py:588} INFO - Filling up the DagBag from /home/airflow/.local/lib/python3.12/site-packages/airflow/example_dags/example_subdag_operator.py
[2025-07-01T22:43:00.678+0000] {processor.py:925} INFO - DAG(s) 'example_subdag_operator.section-1', 'example_subdag_operator.section-2', 'example_subdag_operator' retrieved from /home/airflow/.local/lib/python3.12/site-packages/airflow/example_dags/example_subdag_operator.py
[2025-07-01T22:43:00.689+0000] {logging_mixin.py:190} INFO - [2025-07-01T22:43:00.688+0000] {dag.py:3239} INFO - Sync 3 DAGs
[2025-07-01T22:43:00.706+0000] {logging_mixin.py:190} INFO - [2025-07-01T22:43:00.706+0000] {dag.py:4180} INFO - Setting next_dagrun for example_subdag_operator to 2022-01-01 00:00:00+00:00, run_after=2022-01-01 00:00:00+00:00
[2025-07-01T22:43:00.709+0000] {logging_mixin.py:190} INFO - [2025-07-01T22:43:00.709+0000] {dag.py:4180} INFO - Setting next_dagrun for example_subdag_operator.section-1 to None, run_after=None
[2025-07-01T22:43:00.711+0000] {logging_mixin.py:190} INFO - [2025-07-01T22:43:00.711+0000] {dag.py:4180} INFO - Setting next_dagrun for example_subdag_operator.section-2 to None, run_after=None
[2025-07-01T22:43:00.716+0000] {logging_mixin.py:190} INFO - [2025-07-01T22:43:00.716+0000] {dag.py:3239} INFO - Sync 2 DAGs
[2025-07-01T22:43:00.721+0000] {logging_mixin.py:190} INFO - [2025-07-01T22:43:00.721+0000] {dag.py:4180} INFO - Setting next_dagrun for example_subdag_operator.section-1 to None, run_after=None
[2025-07-01T22:43:00.721+0000] {logging_mixin.py:190} INFO - [2025-07-01T22:43:00.721+0000] {dag.py:4180} INFO - Setting next_dagrun for example_subdag_operator.section-2 to None, run_after=None
[2025-07-01T22:43:00.734+0000] {processor.py:208} INFO - Processing /home/airflow/.local/lib/python3.12/site-packages/airflow/example_dags/example_subdag_operator.py took 0.085 seconds
[2025-07-01T22:43:31.393+0000] {processor.py:186} INFO - Started process (PID=1374) to work on /home/airflow/.local/lib/python3.12/site-packages/airflow/example_dags/example_subdag_operator.py
[2025-07-01T22:43:31.394+0000] {processor.py:914} INFO - Processing file /home/airflow/.local/lib/python3.12/site-packages/airflow/example_dags/example_subdag_operator.py for tasks to queue
[2025-07-01T22:43:31.396+0000] {logging_mixin.py:190} INFO - [2025-07-01T22:43:31.396+0000] {dagbag.py:588} INFO - Filling up the DagBag from /home/airflow/.local/lib/python3.12/site-packages/airflow/example_dags/example_subdag_operator.py
[2025-07-01T22:43:31.419+0000] {processor.py:925} INFO - DAG(s) 'example_subdag_operator.section-1', 'example_subdag_operator.section-2', 'example_subdag_operator' retrieved from /home/airflow/.local/lib/python3.12/site-packages/airflow/example_dags/example_subdag_operator.py
[2025-07-01T22:43:31.431+0000] {logging_mixin.py:190} INFO - [2025-07-01T22:43:31.431+0000] {dag.py:3239} INFO - Sync 3 DAGs
[2025-07-01T22:43:31.451+0000] {logging_mixin.py:190} INFO - [2025-07-01T22:43:31.451+0000] {dag.py:4180} INFO - Setting next_dagrun for example_subdag_operator to 2022-01-01 00:00:00+00:00, run_after=2022-01-01 00:00:00+00:00
[2025-07-01T22:43:31.455+0000] {logging_mixin.py:190} INFO - [2025-07-01T22:43:31.454+0000] {dag.py:4180} INFO - Setting next_dagrun for example_subdag_operator.section-1 to None, run_after=None
[2025-07-01T22:43:31.456+0000] {logging_mixin.py:190} INFO - [2025-07-01T22:43:31.456+0000] {dag.py:4180} INFO - Setting next_dagrun for example_subdag_operator.section-2 to None, run_after=None
[2025-07-01T22:43:31.463+0000] {logging_mixin.py:190} INFO - [2025-07-01T22:43:31.463+0000] {dag.py:3239} INFO - Sync 2 DAGs
[2025-07-01T22:43:31.468+0000] {logging_mixin.py:190} INFO - [2025-07-01T22:43:31.467+0000] {dag.py:4180} INFO - Setting next_dagrun for example_subdag_operator.section-1 to None, run_after=None
[2025-07-01T22:43:31.468+0000] {logging_mixin.py:190} INFO - [2025-07-01T22:43:31.468+0000] {dag.py:4180} INFO - Setting next_dagrun for example_subdag_operator.section-2 to None, run_after=None
[2025-07-01T22:43:31.482+0000] {processor.py:208} INFO - Processing /home/airflow/.local/lib/python3.12/site-packages/airflow/example_dags/example_subdag_operator.py took 0.094 seconds
[2025-07-01T22:44:02.049+0000] {processor.py:186} INFO - Started process (PID=1438) to work on /home/airflow/.local/lib/python3.12/site-packages/airflow/example_dags/example_subdag_operator.py
[2025-07-01T22:44:02.050+0000] {processor.py:914} INFO - Processing file /home/airflow/.local/lib/python3.12/site-packages/airflow/example_dags/example_subdag_operator.py for tasks to queue
[2025-07-01T22:44:02.052+0000] {logging_mixin.py:190} INFO - [2025-07-01T22:44:02.052+0000] {dagbag.py:588} INFO - Filling up the DagBag from /home/airflow/.local/lib/python3.12/site-packages/airflow/example_dags/example_subdag_operator.py
[2025-07-01T22:44:02.078+0000] {processor.py:925} INFO - DAG(s) 'example_subdag_operator.section-1', 'example_subdag_operator.section-2', 'example_subdag_operator' retrieved from /home/airflow/.local/lib/python3.12/site-packages/airflow/example_dags/example_subdag_operator.py
[2025-07-01T22:44:02.094+0000] {logging_mixin.py:190} INFO - [2025-07-01T22:44:02.094+0000] {dag.py:3239} INFO - Sync 3 DAGs
[2025-07-01T22:44:02.126+0000] {logging_mixin.py:190} INFO - [2025-07-01T22:44:02.126+0000] {dag.py:4180} INFO - Setting next_dagrun for example_subdag_operator to 2022-01-01 00:00:00+00:00, run_after=2022-01-01 00:00:00+00:00
[2025-07-01T22:44:02.131+0000] {logging_mixin.py:190} INFO - [2025-07-01T22:44:02.131+0000] {dag.py:4180} INFO - Setting next_dagrun for example_subdag_operator.section-1 to None, run_after=None
[2025-07-01T22:44:02.133+0000] {logging_mixin.py:190} INFO - [2025-07-01T22:44:02.133+0000] {dag.py:4180} INFO - Setting next_dagrun for example_subdag_operator.section-2 to None, run_after=None
[2025-07-01T22:44:02.142+0000] {logging_mixin.py:190} INFO - [2025-07-01T22:44:02.142+0000] {dag.py:3239} INFO - Sync 2 DAGs
[2025-07-01T22:44:02.149+0000] {logging_mixin.py:190} INFO - [2025-07-01T22:44:02.148+0000] {dag.py:4180} INFO - Setting next_dagrun for example_subdag_operator.section-1 to None, run_after=None
[2025-07-01T22:44:02.149+0000] {logging_mixin.py:190} INFO - [2025-07-01T22:44:02.149+0000] {dag.py:4180} INFO - Setting next_dagrun for example_subdag_operator.section-2 to None, run_after=None
[2025-07-01T22:44:02.164+0000] {processor.py:208} INFO - Processing /home/airflow/.local/lib/python3.12/site-packages/airflow/example_dags/example_subdag_operator.py took 0.120 seconds
[2025-07-01T22:44:32.842+0000] {processor.py:186} INFO - Started process (PID=1502) to work on /home/airflow/.local/lib/python3.12/site-packages/airflow/example_dags/example_subdag_operator.py
[2025-07-01T22:44:32.843+0000] {processor.py:914} INFO - Processing file /home/airflow/.local/lib/python3.12/site-packages/airflow/example_dags/example_subdag_operator.py for tasks to queue
[2025-07-01T22:44:32.845+0000] {logging_mixin.py:190} INFO - [2025-07-01T22:44:32.845+0000] {dagbag.py:588} INFO - Filling up the DagBag from /home/airflow/.local/lib/python3.12/site-packages/airflow/example_dags/example_subdag_operator.py
[2025-07-01T22:44:32.868+0000] {processor.py:925} INFO - DAG(s) 'example_subdag_operator.section-1', 'example_subdag_operator.section-2', 'example_subdag_operator' retrieved from /home/airflow/.local/lib/python3.12/site-packages/airflow/example_dags/example_subdag_operator.py
[2025-07-01T22:44:32.879+0000] {logging_mixin.py:190} INFO - [2025-07-01T22:44:32.879+0000] {dag.py:3239} INFO - Sync 3 DAGs
[2025-07-01T22:44:32.897+0000] {logging_mixin.py:190} INFO - [2025-07-01T22:44:32.897+0000] {dag.py:4180} INFO - Setting next_dagrun for example_subdag_operator to 2022-01-01 00:00:00+00:00, run_after=2022-01-01 00:00:00+00:00
[2025-07-01T22:44:32.900+0000] {logging_mixin.py:190} INFO - [2025-07-01T22:44:32.900+0000] {dag.py:4180} INFO - Setting next_dagrun for example_subdag_operator.section-1 to None, run_after=None
[2025-07-01T22:44:32.906+0000] {logging_mixin.py:190} INFO - [2025-07-01T22:44:32.906+0000] {dag.py:4180} INFO - Setting next_dagrun for example_subdag_operator.section-2 to None, run_after=None
[2025-07-01T22:44:32.916+0000] {logging_mixin.py:190} INFO - [2025-07-01T22:44:32.915+0000] {dag.py:3239} INFO - Sync 2 DAGs
[2025-07-01T22:44:32.920+0000] {logging_mixin.py:190} INFO - [2025-07-01T22:44:32.920+0000] {dag.py:4180} INFO - Setting next_dagrun for example_subdag_operator.section-1 to None, run_after=None
[2025-07-01T22:44:32.920+0000] {logging_mixin.py:190} INFO - [2025-07-01T22:44:32.920+0000] {dag.py:4180} INFO - Setting next_dagrun for example_subdag_operator.section-2 to None, run_after=None
[2025-07-01T22:44:32.936+0000] {processor.py:208} INFO - Processing /home/airflow/.local/lib/python3.12/site-packages/airflow/example_dags/example_subdag_operator.py took 0.099 seconds
[2025-07-01T22:45:03.510+0000] {processor.py:186} INFO - Started process (PID=1566) to work on /home/airflow/.local/lib/python3.12/site-packages/airflow/example_dags/example_subdag_operator.py
[2025-07-01T22:45:03.511+0000] {processor.py:914} INFO - Processing file /home/airflow/.local/lib/python3.12/site-packages/airflow/example_dags/example_subdag_operator.py for tasks to queue
[2025-07-01T22:45:03.513+0000] {logging_mixin.py:190} INFO - [2025-07-01T22:45:03.513+0000] {dagbag.py:588} INFO - Filling up the DagBag from /home/airflow/.local/lib/python3.12/site-packages/airflow/example_dags/example_subdag_operator.py
[2025-07-01T22:45:03.535+0000] {processor.py:925} INFO - DAG(s) 'example_subdag_operator.section-1', 'example_subdag_operator.section-2', 'example_subdag_operator' retrieved from /home/airflow/.local/lib/python3.12/site-packages/airflow/example_dags/example_subdag_operator.py
[2025-07-01T22:45:03.547+0000] {logging_mixin.py:190} INFO - [2025-07-01T22:45:03.547+0000] {dag.py:3239} INFO - Sync 3 DAGs
[2025-07-01T22:45:03.567+0000] {logging_mixin.py:190} INFO - [2025-07-01T22:45:03.566+0000] {dag.py:4180} INFO - Setting next_dagrun for example_subdag_operator to 2022-01-01 00:00:00+00:00, run_after=2022-01-01 00:00:00+00:00
[2025-07-01T22:45:03.570+0000] {logging_mixin.py:190} INFO - [2025-07-01T22:45:03.569+0000] {dag.py:4180} INFO - Setting next_dagrun for example_subdag_operator.section-1 to None, run_after=None
[2025-07-01T22:45:03.571+0000] {logging_mixin.py:190} INFO - [2025-07-01T22:45:03.571+0000] {dag.py:4180} INFO - Setting next_dagrun for example_subdag_operator.section-2 to None, run_after=None
[2025-07-01T22:45:03.576+0000] {logging_mixin.py:190} INFO - [2025-07-01T22:45:03.576+0000] {dag.py:3239} INFO - Sync 2 DAGs
[2025-07-01T22:45:03.582+0000] {logging_mixin.py:190} INFO - [2025-07-01T22:45:03.582+0000] {dag.py:4180} INFO - Setting next_dagrun for example_subdag_operator.section-1 to None, run_after=None
[2025-07-01T22:45:03.583+0000] {logging_mixin.py:190} INFO - [2025-07-01T22:45:03.583+0000] {dag.py:4180} INFO - Setting next_dagrun for example_subdag_operator.section-2 to None, run_after=None
[2025-07-01T22:45:03.595+0000] {processor.py:208} INFO - Processing /home/airflow/.local/lib/python3.12/site-packages/airflow/example_dags/example_subdag_operator.py took 0.090 seconds
[2025-07-01T22:45:34.321+0000] {processor.py:186} INFO - Started process (PID=1630) to work on /home/airflow/.local/lib/python3.12/site-packages/airflow/example_dags/example_subdag_operator.py
[2025-07-01T22:45:34.322+0000] {processor.py:914} INFO - Processing file /home/airflow/.local/lib/python3.12/site-packages/airflow/example_dags/example_subdag_operator.py for tasks to queue
[2025-07-01T22:45:34.324+0000] {logging_mixin.py:190} INFO - [2025-07-01T22:45:34.324+0000] {dagbag.py:588} INFO - Filling up the DagBag from /home/airflow/.local/lib/python3.12/site-packages/airflow/example_dags/example_subdag_operator.py
[2025-07-01T22:45:34.350+0000] {processor.py:925} INFO - DAG(s) 'example_subdag_operator.section-1', 'example_subdag_operator.section-2', 'example_subdag_operator' retrieved from /home/airflow/.local/lib/python3.12/site-packages/airflow/example_dags/example_subdag_operator.py
[2025-07-01T22:45:34.362+0000] {logging_mixin.py:190} INFO - [2025-07-01T22:45:34.362+0000] {dag.py:3239} INFO - Sync 3 DAGs
[2025-07-01T22:45:34.382+0000] {logging_mixin.py:190} INFO - [2025-07-01T22:45:34.381+0000] {dag.py:4180} INFO - Setting next_dagrun for example_subdag_operator to 2022-01-01 00:00:00+00:00, run_after=2022-01-01 00:00:00+00:00
[2025-07-01T22:45:34.385+0000] {logging_mixin.py:190} INFO - [2025-07-01T22:45:34.385+0000] {dag.py:4180} INFO - Setting next_dagrun for example_subdag_operator.section-1 to None, run_after=None
[2025-07-01T22:45:34.386+0000] {logging_mixin.py:190} INFO - [2025-07-01T22:45:34.386+0000] {dag.py:4180} INFO - Setting next_dagrun for example_subdag_operator.section-2 to None, run_after=None
[2025-07-01T22:45:34.392+0000] {logging_mixin.py:190} INFO - [2025-07-01T22:45:34.392+0000] {dag.py:3239} INFO - Sync 2 DAGs
[2025-07-01T22:45:34.396+0000] {logging_mixin.py:190} INFO - [2025-07-01T22:45:34.396+0000] {dag.py:4180} INFO - Setting next_dagrun for example_subdag_operator.section-1 to None, run_after=None
[2025-07-01T22:45:34.397+0000] {logging_mixin.py:190} INFO - [2025-07-01T22:45:34.397+0000] {dag.py:4180} INFO - Setting next_dagrun for example_subdag_operator.section-2 to None, run_after=None
[2025-07-01T22:45:34.412+0000] {processor.py:208} INFO - Processing /home/airflow/.local/lib/python3.12/site-packages/airflow/example_dags/example_subdag_operator.py took 0.097 seconds
[2025-07-01T22:46:05.107+0000] {processor.py:186} INFO - Started process (PID=1694) to work on /home/airflow/.local/lib/python3.12/site-packages/airflow/example_dags/example_subdag_operator.py
[2025-07-01T22:46:05.108+0000] {processor.py:914} INFO - Processing file /home/airflow/.local/lib/python3.12/site-packages/airflow/example_dags/example_subdag_operator.py for tasks to queue
[2025-07-01T22:46:05.112+0000] {logging_mixin.py:190} INFO - [2025-07-01T22:46:05.111+0000] {dagbag.py:588} INFO - Filling up the DagBag from /home/airflow/.local/lib/python3.12/site-packages/airflow/example_dags/example_subdag_operator.py
[2025-07-01T22:46:05.135+0000] {processor.py:925} INFO - DAG(s) 'example_subdag_operator.section-1', 'example_subdag_operator.section-2', 'example_subdag_operator' retrieved from /home/airflow/.local/lib/python3.12/site-packages/airflow/example_dags/example_subdag_operator.py
[2025-07-01T22:46:05.147+0000] {logging_mixin.py:190} INFO - [2025-07-01T22:46:05.147+0000] {dag.py:3239} INFO - Sync 3 DAGs
[2025-07-01T22:46:05.165+0000] {logging_mixin.py:190} INFO - [2025-07-01T22:46:05.164+0000] {dag.py:4180} INFO - Setting next_dagrun for example_subdag_operator to 2022-01-01 00:00:00+00:00, run_after=2022-01-01 00:00:00+00:00
[2025-07-01T22:46:05.168+0000] {logging_mixin.py:190} INFO - [2025-07-01T22:46:05.167+0000] {dag.py:4180} INFO - Setting next_dagrun for example_subdag_operator.section-1 to None, run_after=None
[2025-07-01T22:46:05.169+0000] {logging_mixin.py:190} INFO - [2025-07-01T22:46:05.169+0000] {dag.py:4180} INFO - Setting next_dagrun for example_subdag_operator.section-2 to None, run_after=None
[2025-07-01T22:46:05.175+0000] {logging_mixin.py:190} INFO - [2025-07-01T22:46:05.174+0000] {dag.py:3239} INFO - Sync 2 DAGs
[2025-07-01T22:46:05.180+0000] {logging_mixin.py:190} INFO - [2025-07-01T22:46:05.180+0000] {dag.py:4180} INFO - Setting next_dagrun for example_subdag_operator.section-1 to None, run_after=None
[2025-07-01T22:46:05.181+0000] {logging_mixin.py:190} INFO - [2025-07-01T22:46:05.180+0000] {dag.py:4180} INFO - Setting next_dagrun for example_subdag_operator.section-2 to None, run_after=None
[2025-07-01T22:46:05.193+0000] {processor.py:208} INFO - Processing /home/airflow/.local/lib/python3.12/site-packages/airflow/example_dags/example_subdag_operator.py took 0.091 seconds
[2025-07-01T22:46:35.999+0000] {processor.py:186} INFO - Started process (PID=1758) to work on /home/airflow/.local/lib/python3.12/site-packages/airflow/example_dags/example_subdag_operator.py
[2025-07-01T22:46:36.000+0000] {processor.py:914} INFO - Processing file /home/airflow/.local/lib/python3.12/site-packages/airflow/example_dags/example_subdag_operator.py for tasks to queue
[2025-07-01T22:46:36.002+0000] {logging_mixin.py:190} INFO - [2025-07-01T22:46:36.002+0000] {dagbag.py:588} INFO - Filling up the DagBag from /home/airflow/.local/lib/python3.12/site-packages/airflow/example_dags/example_subdag_operator.py
[2025-07-01T22:46:36.027+0000] {processor.py:925} INFO - DAG(s) 'example_subdag_operator.section-1', 'example_subdag_operator.section-2', 'example_subdag_operator' retrieved from /home/airflow/.local/lib/python3.12/site-packages/airflow/example_dags/example_subdag_operator.py
[2025-07-01T22:46:36.045+0000] {logging_mixin.py:190} INFO - [2025-07-01T22:46:36.045+0000] {dag.py:3239} INFO - Sync 3 DAGs
[2025-07-01T22:46:36.066+0000] {logging_mixin.py:190} INFO - [2025-07-01T22:46:36.066+0000] {dag.py:4180} INFO - Setting next_dagrun for example_subdag_operator to 2022-01-01 00:00:00+00:00, run_after=2022-01-01 00:00:00+00:00
[2025-07-01T22:46:36.070+0000] {logging_mixin.py:190} INFO - [2025-07-01T22:46:36.070+0000] {dag.py:4180} INFO - Setting next_dagrun for example_subdag_operator.section-1 to None, run_after=None
[2025-07-01T22:46:36.072+0000] {logging_mixin.py:190} INFO - [2025-07-01T22:46:36.072+0000] {dag.py:4180} INFO - Setting next_dagrun for example_subdag_operator.section-2 to None, run_after=None
[2025-07-01T22:46:36.078+0000] {logging_mixin.py:190} INFO - [2025-07-01T22:46:36.078+0000] {dag.py:3239} INFO - Sync 2 DAGs
[2025-07-01T22:46:36.082+0000] {logging_mixin.py:190} INFO - [2025-07-01T22:46:36.082+0000] {dag.py:4180} INFO - Setting next_dagrun for example_subdag_operator.section-1 to None, run_after=None
[2025-07-01T22:46:36.083+0000] {logging_mixin.py:190} INFO - [2025-07-01T22:46:36.083+0000] {dag.py:4180} INFO - Setting next_dagrun for example_subdag_operator.section-2 to None, run_after=None
[2025-07-01T22:46:36.093+0000] {processor.py:208} INFO - Processing /home/airflow/.local/lib/python3.12/site-packages/airflow/example_dags/example_subdag_operator.py took 0.099 seconds
[2025-07-01T22:47:06.866+0000] {processor.py:186} INFO - Started process (PID=1822) to work on /home/airflow/.local/lib/python3.12/site-packages/airflow/example_dags/example_subdag_operator.py
[2025-07-01T22:47:06.867+0000] {processor.py:914} INFO - Processing file /home/airflow/.local/lib/python3.12/site-packages/airflow/example_dags/example_subdag_operator.py for tasks to queue
[2025-07-01T22:47:06.870+0000] {logging_mixin.py:190} INFO - [2025-07-01T22:47:06.869+0000] {dagbag.py:588} INFO - Filling up the DagBag from /home/airflow/.local/lib/python3.12/site-packages/airflow/example_dags/example_subdag_operator.py
[2025-07-01T22:47:06.891+0000] {processor.py:925} INFO - DAG(s) 'example_subdag_operator.section-1', 'example_subdag_operator.section-2', 'example_subdag_operator' retrieved from /home/airflow/.local/lib/python3.12/site-packages/airflow/example_dags/example_subdag_operator.py
[2025-07-01T22:47:06.904+0000] {logging_mixin.py:190} INFO - [2025-07-01T22:47:06.904+0000] {dag.py:3239} INFO - Sync 3 DAGs
[2025-07-01T22:47:06.923+0000] {logging_mixin.py:190} INFO - [2025-07-01T22:47:06.923+0000] {dag.py:4180} INFO - Setting next_dagrun for example_subdag_operator to 2022-01-01 00:00:00+00:00, run_after=2022-01-01 00:00:00+00:00
[2025-07-01T22:47:06.928+0000] {logging_mixin.py:190} INFO - [2025-07-01T22:47:06.928+0000] {dag.py:4180} INFO - Setting next_dagrun for example_subdag_operator.section-1 to None, run_after=None
[2025-07-01T22:47:06.930+0000] {logging_mixin.py:190} INFO - [2025-07-01T22:47:06.930+0000] {dag.py:4180} INFO - Setting next_dagrun for example_subdag_operator.section-2 to None, run_after=None
[2025-07-01T22:47:06.936+0000] {logging_mixin.py:190} INFO - [2025-07-01T22:47:06.936+0000] {dag.py:3239} INFO - Sync 2 DAGs
[2025-07-01T22:47:06.942+0000] {logging_mixin.py:190} INFO - [2025-07-01T22:47:06.942+0000] {dag.py:4180} INFO - Setting next_dagrun for example_subdag_operator.section-1 to None, run_after=None
[2025-07-01T22:47:06.943+0000] {logging_mixin.py:190} INFO - [2025-07-01T22:47:06.942+0000] {dag.py:4180} INFO - Setting next_dagrun for example_subdag_operator.section-2 to None, run_after=None
[2025-07-01T22:47:06.960+0000] {processor.py:208} INFO - Processing /home/airflow/.local/lib/python3.12/site-packages/airflow/example_dags/example_subdag_operator.py took 0.099 seconds
[2025-07-01T22:47:37.699+0000] {processor.py:186} INFO - Started process (PID=1886) to work on /home/airflow/.local/lib/python3.12/site-packages/airflow/example_dags/example_subdag_operator.py
[2025-07-01T22:47:37.700+0000] {processor.py:914} INFO - Processing file /home/airflow/.local/lib/python3.12/site-packages/airflow/example_dags/example_subdag_operator.py for tasks to queue
[2025-07-01T22:47:37.702+0000] {logging_mixin.py:190} INFO - [2025-07-01T22:47:37.702+0000] {dagbag.py:588} INFO - Filling up the DagBag from /home/airflow/.local/lib/python3.12/site-packages/airflow/example_dags/example_subdag_operator.py
[2025-07-01T22:47:37.726+0000] {processor.py:925} INFO - DAG(s) 'example_subdag_operator.section-1', 'example_subdag_operator.section-2', 'example_subdag_operator' retrieved from /home/airflow/.local/lib/python3.12/site-packages/airflow/example_dags/example_subdag_operator.py
[2025-07-01T22:47:37.738+0000] {logging_mixin.py:190} INFO - [2025-07-01T22:47:37.738+0000] {dag.py:3239} INFO - Sync 3 DAGs
[2025-07-01T22:47:37.759+0000] {logging_mixin.py:190} INFO - [2025-07-01T22:47:37.758+0000] {dag.py:4180} INFO - Setting next_dagrun for example_subdag_operator to 2022-01-01 00:00:00+00:00, run_after=2022-01-01 00:00:00+00:00
[2025-07-01T22:47:37.762+0000] {logging_mixin.py:190} INFO - [2025-07-01T22:47:37.761+0000] {dag.py:4180} INFO - Setting next_dagrun for example_subdag_operator.section-1 to None, run_after=None
[2025-07-01T22:47:37.763+0000] {logging_mixin.py:190} INFO - [2025-07-01T22:47:37.763+0000] {dag.py:4180} INFO - Setting next_dagrun for example_subdag_operator.section-2 to None, run_after=None
[2025-07-01T22:47:37.768+0000] {logging_mixin.py:190} INFO - [2025-07-01T22:47:37.768+0000] {dag.py:3239} INFO - Sync 2 DAGs
[2025-07-01T22:47:37.772+0000] {logging_mixin.py:190} INFO - [2025-07-01T22:47:37.772+0000] {dag.py:4180} INFO - Setting next_dagrun for example_subdag_operator.section-1 to None, run_after=None
[2025-07-01T22:47:37.772+0000] {logging_mixin.py:190} INFO - [2025-07-01T22:47:37.772+0000] {dag.py:4180} INFO - Setting next_dagrun for example_subdag_operator.section-2 to None, run_after=None
[2025-07-01T22:47:37.783+0000] {processor.py:208} INFO - Processing /home/airflow/.local/lib/python3.12/site-packages/airflow/example_dags/example_subdag_operator.py took 0.089 seconds
[2025-07-01T22:48:08.476+0000] {processor.py:186} INFO - Started process (PID=1950) to work on /home/airflow/.local/lib/python3.12/site-packages/airflow/example_dags/example_subdag_operator.py
[2025-07-01T22:48:08.477+0000] {processor.py:914} INFO - Processing file /home/airflow/.local/lib/python3.12/site-packages/airflow/example_dags/example_subdag_operator.py for tasks to queue
[2025-07-01T22:48:08.480+0000] {logging_mixin.py:190} INFO - [2025-07-01T22:48:08.479+0000] {dagbag.py:588} INFO - Filling up the DagBag from /home/airflow/.local/lib/python3.12/site-packages/airflow/example_dags/example_subdag_operator.py
[2025-07-01T22:48:08.502+0000] {processor.py:925} INFO - DAG(s) 'example_subdag_operator.section-1', 'example_subdag_operator.section-2', 'example_subdag_operator' retrieved from /home/airflow/.local/lib/python3.12/site-packages/airflow/example_dags/example_subdag_operator.py
[2025-07-01T22:48:08.514+0000] {logging_mixin.py:190} INFO - [2025-07-01T22:48:08.513+0000] {dag.py:3239} INFO - Sync 3 DAGs
[2025-07-01T22:48:08.534+0000] {logging_mixin.py:190} INFO - [2025-07-01T22:48:08.533+0000] {dag.py:4180} INFO - Setting next_dagrun for example_subdag_operator to 2022-01-01 00:00:00+00:00, run_after=2022-01-01 00:00:00+00:00
[2025-07-01T22:48:08.538+0000] {logging_mixin.py:190} INFO - [2025-07-01T22:48:08.537+0000] {dag.py:4180} INFO - Setting next_dagrun for example_subdag_operator.section-1 to None, run_after=None
[2025-07-01T22:48:08.540+0000] {logging_mixin.py:190} INFO - [2025-07-01T22:48:08.540+0000] {dag.py:4180} INFO - Setting next_dagrun for example_subdag_operator.section-2 to None, run_after=None
[2025-07-01T22:48:08.546+0000] {logging_mixin.py:190} INFO - [2025-07-01T22:48:08.546+0000] {dag.py:3239} INFO - Sync 2 DAGs
[2025-07-01T22:48:08.550+0000] {logging_mixin.py:190} INFO - [2025-07-01T22:48:08.550+0000] {dag.py:4180} INFO - Setting next_dagrun for example_subdag_operator.section-1 to None, run_after=None
[2025-07-01T22:48:08.551+0000] {logging_mixin.py:190} INFO - [2025-07-01T22:48:08.550+0000] {dag.py:4180} INFO - Setting next_dagrun for example_subdag_operator.section-2 to None, run_after=None
[2025-07-01T22:48:08.561+0000] {processor.py:208} INFO - Processing /home/airflow/.local/lib/python3.12/site-packages/airflow/example_dags/example_subdag_operator.py took 0.090 seconds
[2025-07-01T22:48:38.726+0000] {processor.py:186} INFO - Started process (PID=2018) to work on /home/airflow/.local/lib/python3.12/site-packages/airflow/example_dags/example_subdag_operator.py
[2025-07-01T22:48:38.727+0000] {processor.py:914} INFO - Processing file /home/airflow/.local/lib/python3.12/site-packages/airflow/example_dags/example_subdag_operator.py for tasks to queue
[2025-07-01T22:48:38.729+0000] {logging_mixin.py:190} INFO - [2025-07-01T22:48:38.729+0000] {dagbag.py:588} INFO - Filling up the DagBag from /home/airflow/.local/lib/python3.12/site-packages/airflow/example_dags/example_subdag_operator.py
[2025-07-01T22:48:38.753+0000] {processor.py:925} INFO - DAG(s) 'example_subdag_operator.section-1', 'example_subdag_operator.section-2', 'example_subdag_operator' retrieved from /home/airflow/.local/lib/python3.12/site-packages/airflow/example_dags/example_subdag_operator.py
[2025-07-01T22:48:38.765+0000] {logging_mixin.py:190} INFO - [2025-07-01T22:48:38.765+0000] {dag.py:3239} INFO - Sync 3 DAGs
[2025-07-01T22:48:38.788+0000] {logging_mixin.py:190} INFO - [2025-07-01T22:48:38.787+0000] {dag.py:4180} INFO - Setting next_dagrun for example_subdag_operator to 2022-01-01 00:00:00+00:00, run_after=2022-01-01 00:00:00+00:00
[2025-07-01T22:48:38.792+0000] {logging_mixin.py:190} INFO - [2025-07-01T22:48:38.791+0000] {dag.py:4180} INFO - Setting next_dagrun for example_subdag_operator.section-1 to None, run_after=None
[2025-07-01T22:48:38.793+0000] {logging_mixin.py:190} INFO - [2025-07-01T22:48:38.793+0000] {dag.py:4180} INFO - Setting next_dagrun for example_subdag_operator.section-2 to None, run_after=None
[2025-07-01T22:48:38.799+0000] {logging_mixin.py:190} INFO - [2025-07-01T22:48:38.799+0000] {dag.py:3239} INFO - Sync 2 DAGs
[2025-07-01T22:48:38.804+0000] {logging_mixin.py:190} INFO - [2025-07-01T22:48:38.804+0000] {dag.py:4180} INFO - Setting next_dagrun for example_subdag_operator.section-1 to None, run_after=None
[2025-07-01T22:48:38.804+0000] {logging_mixin.py:190} INFO - [2025-07-01T22:48:38.804+0000] {dag.py:4180} INFO - Setting next_dagrun for example_subdag_operator.section-2 to None, run_after=None
[2025-07-01T22:48:38.817+0000] {processor.py:208} INFO - Processing /home/airflow/.local/lib/python3.12/site-packages/airflow/example_dags/example_subdag_operator.py took 0.096 seconds
[2025-07-01T22:49:09.561+0000] {processor.py:186} INFO - Started process (PID=2083) to work on /home/airflow/.local/lib/python3.12/site-packages/airflow/example_dags/example_subdag_operator.py
[2025-07-01T22:49:09.562+0000] {processor.py:914} INFO - Processing file /home/airflow/.local/lib/python3.12/site-packages/airflow/example_dags/example_subdag_operator.py for tasks to queue
[2025-07-01T22:49:09.565+0000] {logging_mixin.py:190} INFO - [2025-07-01T22:49:09.564+0000] {dagbag.py:588} INFO - Filling up the DagBag from /home/airflow/.local/lib/python3.12/site-packages/airflow/example_dags/example_subdag_operator.py
[2025-07-01T22:49:09.592+0000] {processor.py:925} INFO - DAG(s) 'example_subdag_operator.section-1', 'example_subdag_operator.section-2', 'example_subdag_operator' retrieved from /home/airflow/.local/lib/python3.12/site-packages/airflow/example_dags/example_subdag_operator.py
[2025-07-01T22:49:09.605+0000] {logging_mixin.py:190} INFO - [2025-07-01T22:49:09.605+0000] {dag.py:3239} INFO - Sync 3 DAGs
[2025-07-01T22:49:09.625+0000] {logging_mixin.py:190} INFO - [2025-07-01T22:49:09.625+0000] {dag.py:4180} INFO - Setting next_dagrun for example_subdag_operator to 2022-01-01 00:00:00+00:00, run_after=2022-01-01 00:00:00+00:00
[2025-07-01T22:49:09.628+0000] {logging_mixin.py:190} INFO - [2025-07-01T22:49:09.628+0000] {dag.py:4180} INFO - Setting next_dagrun for example_subdag_operator.section-1 to None, run_after=None
[2025-07-01T22:49:09.633+0000] {logging_mixin.py:190} INFO - [2025-07-01T22:49:09.633+0000] {dag.py:4180} INFO - Setting next_dagrun for example_subdag_operator.section-2 to None, run_after=None
[2025-07-01T22:49:09.639+0000] {logging_mixin.py:190} INFO - [2025-07-01T22:49:09.639+0000] {dag.py:3239} INFO - Sync 2 DAGs
[2025-07-01T22:49:09.647+0000] {logging_mixin.py:190} INFO - [2025-07-01T22:49:09.647+0000] {dag.py:4180} INFO - Setting next_dagrun for example_subdag_operator.section-1 to None, run_after=None
[2025-07-01T22:49:09.648+0000] {logging_mixin.py:190} INFO - [2025-07-01T22:49:09.648+0000] {dag.py:4180} INFO - Setting next_dagrun for example_subdag_operator.section-2 to None, run_after=None
[2025-07-01T22:49:09.661+0000] {processor.py:208} INFO - Processing /home/airflow/.local/lib/python3.12/site-packages/airflow/example_dags/example_subdag_operator.py took 0.107 seconds
[2025-07-01T22:49:40.751+0000] {processor.py:186} INFO - Started process (PID=2147) to work on /home/airflow/.local/lib/python3.12/site-packages/airflow/example_dags/example_subdag_operator.py
[2025-07-01T22:49:40.753+0000] {processor.py:914} INFO - Processing file /home/airflow/.local/lib/python3.12/site-packages/airflow/example_dags/example_subdag_operator.py for tasks to queue
[2025-07-01T22:49:40.757+0000] {logging_mixin.py:190} INFO - [2025-07-01T22:49:40.757+0000] {dagbag.py:588} INFO - Filling up the DagBag from /home/airflow/.local/lib/python3.12/site-packages/airflow/example_dags/example_subdag_operator.py
[2025-07-01T22:49:40.788+0000] {processor.py:925} INFO - DAG(s) 'example_subdag_operator.section-1', 'example_subdag_operator.section-2', 'example_subdag_operator' retrieved from /home/airflow/.local/lib/python3.12/site-packages/airflow/example_dags/example_subdag_operator.py
[2025-07-01T22:49:40.805+0000] {logging_mixin.py:190} INFO - [2025-07-01T22:49:40.805+0000] {dag.py:3239} INFO - Sync 3 DAGs
[2025-07-01T22:49:40.830+0000] {logging_mixin.py:190} INFO - [2025-07-01T22:49:40.830+0000] {dag.py:4180} INFO - Setting next_dagrun for example_subdag_operator to 2022-01-01 00:00:00+00:00, run_after=2022-01-01 00:00:00+00:00
[2025-07-01T22:49:40.835+0000] {logging_mixin.py:190} INFO - [2025-07-01T22:49:40.834+0000] {dag.py:4180} INFO - Setting next_dagrun for example_subdag_operator.section-1 to None, run_after=None
[2025-07-01T22:49:40.837+0000] {logging_mixin.py:190} INFO - [2025-07-01T22:49:40.837+0000] {dag.py:4180} INFO - Setting next_dagrun for example_subdag_operator.section-2 to None, run_after=None
[2025-07-01T22:49:40.844+0000] {logging_mixin.py:190} INFO - [2025-07-01T22:49:40.844+0000] {dag.py:3239} INFO - Sync 2 DAGs
[2025-07-01T22:49:40.854+0000] {logging_mixin.py:190} INFO - [2025-07-01T22:49:40.853+0000] {dag.py:4180} INFO - Setting next_dagrun for example_subdag_operator.section-1 to None, run_after=None
[2025-07-01T22:49:40.854+0000] {logging_mixin.py:190} INFO - [2025-07-01T22:49:40.854+0000] {dag.py:4180} INFO - Setting next_dagrun for example_subdag_operator.section-2 to None, run_after=None
[2025-07-01T22:49:40.872+0000] {processor.py:208} INFO - Processing /home/airflow/.local/lib/python3.12/site-packages/airflow/example_dags/example_subdag_operator.py took 0.128 seconds
[2025-07-01T22:50:11.433+0000] {processor.py:186} INFO - Started process (PID=2211) to work on /home/airflow/.local/lib/python3.12/site-packages/airflow/example_dags/example_subdag_operator.py
[2025-07-01T22:50:11.434+0000] {processor.py:914} INFO - Processing file /home/airflow/.local/lib/python3.12/site-packages/airflow/example_dags/example_subdag_operator.py for tasks to queue
[2025-07-01T22:50:11.436+0000] {logging_mixin.py:190} INFO - [2025-07-01T22:50:11.436+0000] {dagbag.py:588} INFO - Filling up the DagBag from /home/airflow/.local/lib/python3.12/site-packages/airflow/example_dags/example_subdag_operator.py
[2025-07-01T22:50:11.460+0000] {processor.py:925} INFO - DAG(s) 'example_subdag_operator.section-1', 'example_subdag_operator.section-2', 'example_subdag_operator' retrieved from /home/airflow/.local/lib/python3.12/site-packages/airflow/example_dags/example_subdag_operator.py
[2025-07-01T22:50:11.472+0000] {logging_mixin.py:190} INFO - [2025-07-01T22:50:11.471+0000] {dag.py:3239} INFO - Sync 3 DAGs
[2025-07-01T22:50:11.493+0000] {logging_mixin.py:190} INFO - [2025-07-01T22:50:11.493+0000] {dag.py:4180} INFO - Setting next_dagrun for example_subdag_operator to 2022-01-01 00:00:00+00:00, run_after=2022-01-01 00:00:00+00:00
[2025-07-01T22:50:11.497+0000] {logging_mixin.py:190} INFO - [2025-07-01T22:50:11.497+0000] {dag.py:4180} INFO - Setting next_dagrun for example_subdag_operator.section-1 to None, run_after=None
[2025-07-01T22:50:11.499+0000] {logging_mixin.py:190} INFO - [2025-07-01T22:50:11.498+0000] {dag.py:4180} INFO - Setting next_dagrun for example_subdag_operator.section-2 to None, run_after=None
[2025-07-01T22:50:11.507+0000] {logging_mixin.py:190} INFO - [2025-07-01T22:50:11.507+0000] {dag.py:3239} INFO - Sync 2 DAGs
[2025-07-01T22:50:11.513+0000] {logging_mixin.py:190} INFO - [2025-07-01T22:50:11.513+0000] {dag.py:4180} INFO - Setting next_dagrun for example_subdag_operator.section-1 to None, run_after=None
[2025-07-01T22:50:11.514+0000] {logging_mixin.py:190} INFO - [2025-07-01T22:50:11.514+0000] {dag.py:4180} INFO - Setting next_dagrun for example_subdag_operator.section-2 to None, run_after=None
[2025-07-01T22:50:11.530+0000] {processor.py:208} INFO - Processing /home/airflow/.local/lib/python3.12/site-packages/airflow/example_dags/example_subdag_operator.py took 0.102 seconds
[2025-07-01T22:50:42.847+0000] {processor.py:186} INFO - Started process (PID=2275) to work on /home/airflow/.local/lib/python3.12/site-packages/airflow/example_dags/example_subdag_operator.py
[2025-07-01T22:50:42.848+0000] {processor.py:914} INFO - Processing file /home/airflow/.local/lib/python3.12/site-packages/airflow/example_dags/example_subdag_operator.py for tasks to queue
[2025-07-01T22:50:42.851+0000] {logging_mixin.py:190} INFO - [2025-07-01T22:50:42.851+0000] {dagbag.py:588} INFO - Filling up the DagBag from /home/airflow/.local/lib/python3.12/site-packages/airflow/example_dags/example_subdag_operator.py
[2025-07-01T22:50:42.875+0000] {processor.py:925} INFO - DAG(s) 'example_subdag_operator.section-1', 'example_subdag_operator.section-2', 'example_subdag_operator' retrieved from /home/airflow/.local/lib/python3.12/site-packages/airflow/example_dags/example_subdag_operator.py
[2025-07-01T22:50:42.891+0000] {logging_mixin.py:190} INFO - [2025-07-01T22:50:42.891+0000] {dag.py:3239} INFO - Sync 3 DAGs
[2025-07-01T22:50:42.911+0000] {logging_mixin.py:190} INFO - [2025-07-01T22:50:42.911+0000] {dag.py:4180} INFO - Setting next_dagrun for example_subdag_operator to 2022-01-01 00:00:00+00:00, run_after=2022-01-01 00:00:00+00:00
[2025-07-01T22:50:42.915+0000] {logging_mixin.py:190} INFO - [2025-07-01T22:50:42.914+0000] {dag.py:4180} INFO - Setting next_dagrun for example_subdag_operator.section-1 to None, run_after=None
[2025-07-01T22:50:42.916+0000] {logging_mixin.py:190} INFO - [2025-07-01T22:50:42.916+0000] {dag.py:4180} INFO - Setting next_dagrun for example_subdag_operator.section-2 to None, run_after=None
[2025-07-01T22:50:42.922+0000] {logging_mixin.py:190} INFO - [2025-07-01T22:50:42.922+0000] {dag.py:3239} INFO - Sync 2 DAGs
[2025-07-01T22:50:42.928+0000] {logging_mixin.py:190} INFO - [2025-07-01T22:50:42.928+0000] {dag.py:4180} INFO - Setting next_dagrun for example_subdag_operator.section-1 to None, run_after=None
[2025-07-01T22:50:42.928+0000] {logging_mixin.py:190} INFO - [2025-07-01T22:50:42.928+0000] {dag.py:4180} INFO - Setting next_dagrun for example_subdag_operator.section-2 to None, run_after=None
[2025-07-01T22:50:42.943+0000] {processor.py:208} INFO - Processing /home/airflow/.local/lib/python3.12/site-packages/airflow/example_dags/example_subdag_operator.py took 0.103 seconds
[2025-07-01T22:51:14.032+0000] {processor.py:186} INFO - Started process (PID=2339) to work on /home/airflow/.local/lib/python3.12/site-packages/airflow/example_dags/example_subdag_operator.py
[2025-07-01T22:51:14.033+0000] {processor.py:914} INFO - Processing file /home/airflow/.local/lib/python3.12/site-packages/airflow/example_dags/example_subdag_operator.py for tasks to queue
[2025-07-01T22:51:14.036+0000] {logging_mixin.py:190} INFO - [2025-07-01T22:51:14.035+0000] {dagbag.py:588} INFO - Filling up the DagBag from /home/airflow/.local/lib/python3.12/site-packages/airflow/example_dags/example_subdag_operator.py
[2025-07-01T22:51:14.059+0000] {processor.py:925} INFO - DAG(s) 'example_subdag_operator.section-1', 'example_subdag_operator.section-2', 'example_subdag_operator' retrieved from /home/airflow/.local/lib/python3.12/site-packages/airflow/example_dags/example_subdag_operator.py
[2025-07-01T22:51:14.071+0000] {logging_mixin.py:190} INFO - [2025-07-01T22:51:14.071+0000] {dag.py:3239} INFO - Sync 3 DAGs
[2025-07-01T22:51:14.097+0000] {logging_mixin.py:190} INFO - [2025-07-01T22:51:14.097+0000] {dag.py:4180} INFO - Setting next_dagrun for example_subdag_operator to 2022-01-01 00:00:00+00:00, run_after=2022-01-01 00:00:00+00:00
[2025-07-01T22:51:14.102+0000] {logging_mixin.py:190} INFO - [2025-07-01T22:51:14.102+0000] {dag.py:4180} INFO - Setting next_dagrun for example_subdag_operator.section-1 to None, run_after=None
[2025-07-01T22:51:14.104+0000] {logging_mixin.py:190} INFO - [2025-07-01T22:51:14.104+0000] {dag.py:4180} INFO - Setting next_dagrun for example_subdag_operator.section-2 to None, run_after=None
[2025-07-01T22:51:14.114+0000] {logging_mixin.py:190} INFO - [2025-07-01T22:51:14.114+0000] {dag.py:3239} INFO - Sync 2 DAGs
[2025-07-01T22:51:14.121+0000] {logging_mixin.py:190} INFO - [2025-07-01T22:51:14.120+0000] {dag.py:4180} INFO - Setting next_dagrun for example_subdag_operator.section-1 to None, run_after=None
[2025-07-01T22:51:14.122+0000] {logging_mixin.py:190} INFO - [2025-07-01T22:51:14.122+0000] {dag.py:4180} INFO - Setting next_dagrun for example_subdag_operator.section-2 to None, run_after=None
[2025-07-01T22:51:14.143+0000] {processor.py:208} INFO - Processing /home/airflow/.local/lib/python3.12/site-packages/airflow/example_dags/example_subdag_operator.py took 0.116 seconds
[2025-07-01T22:51:44.425+0000] {processor.py:186} INFO - Started process (PID=2403) to work on /home/airflow/.local/lib/python3.12/site-packages/airflow/example_dags/example_subdag_operator.py
[2025-07-01T22:51:44.426+0000] {processor.py:914} INFO - Processing file /home/airflow/.local/lib/python3.12/site-packages/airflow/example_dags/example_subdag_operator.py for tasks to queue
[2025-07-01T22:51:44.428+0000] {logging_mixin.py:190} INFO - [2025-07-01T22:51:44.428+0000] {dagbag.py:588} INFO - Filling up the DagBag from /home/airflow/.local/lib/python3.12/site-packages/airflow/example_dags/example_subdag_operator.py
[2025-07-01T22:51:44.453+0000] {processor.py:925} INFO - DAG(s) 'example_subdag_operator.section-1', 'example_subdag_operator.section-2', 'example_subdag_operator' retrieved from /home/airflow/.local/lib/python3.12/site-packages/airflow/example_dags/example_subdag_operator.py
[2025-07-01T22:51:44.466+0000] {logging_mixin.py:190} INFO - [2025-07-01T22:51:44.466+0000] {dag.py:3239} INFO - Sync 3 DAGs
[2025-07-01T22:51:44.486+0000] {logging_mixin.py:190} INFO - [2025-07-01T22:51:44.485+0000] {dag.py:4180} INFO - Setting next_dagrun for example_subdag_operator to 2022-01-01 00:00:00+00:00, run_after=2022-01-01 00:00:00+00:00
[2025-07-01T22:51:44.489+0000] {logging_mixin.py:190} INFO - [2025-07-01T22:51:44.489+0000] {dag.py:4180} INFO - Setting next_dagrun for example_subdag_operator.section-1 to None, run_after=None
[2025-07-01T22:51:44.490+0000] {logging_mixin.py:190} INFO - [2025-07-01T22:51:44.490+0000] {dag.py:4180} INFO - Setting next_dagrun for example_subdag_operator.section-2 to None, run_after=None
[2025-07-01T22:51:44.496+0000] {logging_mixin.py:190} INFO - [2025-07-01T22:51:44.496+0000] {dag.py:3239} INFO - Sync 2 DAGs
[2025-07-01T22:51:44.501+0000] {logging_mixin.py:190} INFO - [2025-07-01T22:51:44.501+0000] {dag.py:4180} INFO - Setting next_dagrun for example_subdag_operator.section-1 to None, run_after=None
[2025-07-01T22:51:44.502+0000] {logging_mixin.py:190} INFO - [2025-07-01T22:51:44.501+0000] {dag.py:4180} INFO - Setting next_dagrun for example_subdag_operator.section-2 to None, run_after=None
[2025-07-01T22:51:44.514+0000] {processor.py:208} INFO - Processing /home/airflow/.local/lib/python3.12/site-packages/airflow/example_dags/example_subdag_operator.py took 0.095 seconds
[2025-07-01T22:52:14.904+0000] {processor.py:186} INFO - Started process (PID=2467) to work on /home/airflow/.local/lib/python3.12/site-packages/airflow/example_dags/example_subdag_operator.py
[2025-07-01T22:52:14.906+0000] {processor.py:914} INFO - Processing file /home/airflow/.local/lib/python3.12/site-packages/airflow/example_dags/example_subdag_operator.py for tasks to queue
[2025-07-01T22:52:14.908+0000] {logging_mixin.py:190} INFO - [2025-07-01T22:52:14.908+0000] {dagbag.py:588} INFO - Filling up the DagBag from /home/airflow/.local/lib/python3.12/site-packages/airflow/example_dags/example_subdag_operator.py
[2025-07-01T22:52:14.932+0000] {processor.py:925} INFO - DAG(s) 'example_subdag_operator.section-1', 'example_subdag_operator.section-2', 'example_subdag_operator' retrieved from /home/airflow/.local/lib/python3.12/site-packages/airflow/example_dags/example_subdag_operator.py
[2025-07-01T22:52:14.944+0000] {logging_mixin.py:190} INFO - [2025-07-01T22:52:14.943+0000] {dag.py:3239} INFO - Sync 3 DAGs
[2025-07-01T22:52:14.962+0000] {logging_mixin.py:190} INFO - [2025-07-01T22:52:14.962+0000] {dag.py:4180} INFO - Setting next_dagrun for example_subdag_operator to 2022-01-01 00:00:00+00:00, run_after=2022-01-01 00:00:00+00:00
[2025-07-01T22:52:14.966+0000] {logging_mixin.py:190} INFO - [2025-07-01T22:52:14.965+0000] {dag.py:4180} INFO - Setting next_dagrun for example_subdag_operator.section-1 to None, run_after=None
[2025-07-01T22:52:14.967+0000] {logging_mixin.py:190} INFO - [2025-07-01T22:52:14.967+0000] {dag.py:4180} INFO - Setting next_dagrun for example_subdag_operator.section-2 to None, run_after=None
[2025-07-01T22:52:14.974+0000] {logging_mixin.py:190} INFO - [2025-07-01T22:52:14.974+0000] {dag.py:3239} INFO - Sync 2 DAGs
[2025-07-01T22:52:14.979+0000] {logging_mixin.py:190} INFO - [2025-07-01T22:52:14.979+0000] {dag.py:4180} INFO - Setting next_dagrun for example_subdag_operator.section-1 to None, run_after=None
[2025-07-01T22:52:14.980+0000] {logging_mixin.py:190} INFO - [2025-07-01T22:52:14.979+0000] {dag.py:4180} INFO - Setting next_dagrun for example_subdag_operator.section-2 to None, run_after=None
[2025-07-01T22:52:14.991+0000] {processor.py:208} INFO - Processing /home/airflow/.local/lib/python3.12/site-packages/airflow/example_dags/example_subdag_operator.py took 0.092 seconds
[2025-07-01T22:52:45.448+0000] {processor.py:186} INFO - Started process (PID=2531) to work on /home/airflow/.local/lib/python3.12/site-packages/airflow/example_dags/example_subdag_operator.py
[2025-07-01T22:52:45.449+0000] {processor.py:914} INFO - Processing file /home/airflow/.local/lib/python3.12/site-packages/airflow/example_dags/example_subdag_operator.py for tasks to queue
[2025-07-01T22:52:45.451+0000] {logging_mixin.py:190} INFO - [2025-07-01T22:52:45.451+0000] {dagbag.py:588} INFO - Filling up the DagBag from /home/airflow/.local/lib/python3.12/site-packages/airflow/example_dags/example_subdag_operator.py
[2025-07-01T22:52:45.474+0000] {processor.py:925} INFO - DAG(s) 'example_subdag_operator.section-1', 'example_subdag_operator.section-2', 'example_subdag_operator' retrieved from /home/airflow/.local/lib/python3.12/site-packages/airflow/example_dags/example_subdag_operator.py
[2025-07-01T22:52:45.485+0000] {logging_mixin.py:190} INFO - [2025-07-01T22:52:45.485+0000] {dag.py:3239} INFO - Sync 3 DAGs
[2025-07-01T22:52:45.505+0000] {logging_mixin.py:190} INFO - [2025-07-01T22:52:45.504+0000] {dag.py:4180} INFO - Setting next_dagrun for example_subdag_operator to 2022-01-01 00:00:00+00:00, run_after=2022-01-01 00:00:00+00:00
[2025-07-01T22:52:45.508+0000] {logging_mixin.py:190} INFO - [2025-07-01T22:52:45.508+0000] {dag.py:4180} INFO - Setting next_dagrun for example_subdag_operator.section-1 to None, run_after=None
[2025-07-01T22:52:45.509+0000] {logging_mixin.py:190} INFO - [2025-07-01T22:52:45.509+0000] {dag.py:4180} INFO - Setting next_dagrun for example_subdag_operator.section-2 to None, run_after=None
[2025-07-01T22:52:45.515+0000] {logging_mixin.py:190} INFO - [2025-07-01T22:52:45.515+0000] {dag.py:3239} INFO - Sync 2 DAGs
[2025-07-01T22:52:45.519+0000] {logging_mixin.py:190} INFO - [2025-07-01T22:52:45.519+0000] {dag.py:4180} INFO - Setting next_dagrun for example_subdag_operator.section-1 to None, run_after=None
[2025-07-01T22:52:45.520+0000] {logging_mixin.py:190} INFO - [2025-07-01T22:52:45.520+0000] {dag.py:4180} INFO - Setting next_dagrun for example_subdag_operator.section-2 to None, run_after=None
[2025-07-01T22:52:45.532+0000] {processor.py:208} INFO - Processing /home/airflow/.local/lib/python3.12/site-packages/airflow/example_dags/example_subdag_operator.py took 0.089 seconds
