[2025-07-01T21:16:44.282+0000] {processor.py:186} INFO - Started process (PID=57) to work on /home/airflow/.local/lib/python3.12/site-packages/airflow/example_dags/example_trigger_controller_dag.py
[2025-07-01T21:16:44.284+0000] {processor.py:914} INFO - Processing file /home/airflow/.local/lib/python3.12/site-packages/airflow/example_dags/example_trigger_controller_dag.py for tasks to queue
[2025-07-01T21:16:44.288+0000] {logging_mixin.py:190} INFO - [2025-07-01T21:16:44.288+0000] {dagbag.py:588} INFO - Filling up the DagBag from /home/airflow/.local/lib/python3.12/site-packages/airflow/example_dags/example_trigger_controller_dag.py
[2025-07-01T21:16:44.297+0000] {processor.py:925} INFO - DAG(s) 'example_trigger_controller_dag' retrieved from /home/airflow/.local/lib/python3.12/site-packages/airflow/example_dags/example_trigger_controller_dag.py
[2025-07-01T21:16:44.338+0000] {logging_mixin.py:190} INFO - [2025-07-01T21:16:44.338+0000] {dag.py:3239} INFO - Sync 1 DAGs
[2025-07-01T21:16:44.379+0000] {logging_mixin.py:190} INFO - [2025-07-01T21:16:44.378+0000] {dag.py:4180} INFO - Setting next_dagrun for example_trigger_controller_dag to 2021-01-01 00:00:00+00:00, run_after=2021-01-01 00:00:00+00:00
[2025-07-01T21:16:44.413+0000] {processor.py:208} INFO - Processing /home/airflow/.local/lib/python3.12/site-packages/airflow/example_dags/example_trigger_controller_dag.py took 0.139 seconds
[2025-07-01T21:17:15.247+0000] {processor.py:186} INFO - Started process (PID=119) to work on /home/airflow/.local/lib/python3.12/site-packages/airflow/example_dags/example_trigger_controller_dag.py
[2025-07-01T21:17:15.248+0000] {processor.py:914} INFO - Processing file /home/airflow/.local/lib/python3.12/site-packages/airflow/example_dags/example_trigger_controller_dag.py for tasks to queue
[2025-07-01T21:17:15.250+0000] {logging_mixin.py:190} INFO - [2025-07-01T21:17:15.250+0000] {dagbag.py:588} INFO - Filling up the DagBag from /home/airflow/.local/lib/python3.12/site-packages/airflow/example_dags/example_trigger_controller_dag.py
[2025-07-01T21:17:15.256+0000] {processor.py:925} INFO - DAG(s) 'example_trigger_controller_dag' retrieved from /home/airflow/.local/lib/python3.12/site-packages/airflow/example_dags/example_trigger_controller_dag.py
[2025-07-01T21:17:15.273+0000] {logging_mixin.py:190} INFO - [2025-07-01T21:17:15.273+0000] {dag.py:3239} INFO - Sync 1 DAGs
[2025-07-01T21:17:15.294+0000] {logging_mixin.py:190} INFO - [2025-07-01T21:17:15.294+0000] {dag.py:4180} INFO - Setting next_dagrun for example_trigger_controller_dag to 2021-01-01 00:00:00+00:00, run_after=2021-01-01 00:00:00+00:00
[2025-07-01T21:17:15.311+0000] {processor.py:208} INFO - Processing /home/airflow/.local/lib/python3.12/site-packages/airflow/example_dags/example_trigger_controller_dag.py took 0.069 seconds
[2025-07-01T21:17:45.718+0000] {processor.py:186} INFO - Started process (PID=181) to work on /home/airflow/.local/lib/python3.12/site-packages/airflow/example_dags/example_trigger_controller_dag.py
[2025-07-01T21:17:45.719+0000] {processor.py:914} INFO - Processing file /home/airflow/.local/lib/python3.12/site-packages/airflow/example_dags/example_trigger_controller_dag.py for tasks to queue
[2025-07-01T21:17:45.722+0000] {logging_mixin.py:190} INFO - [2025-07-01T21:17:45.721+0000] {dagbag.py:588} INFO - Filling up the DagBag from /home/airflow/.local/lib/python3.12/site-packages/airflow/example_dags/example_trigger_controller_dag.py
[2025-07-01T21:17:45.728+0000] {processor.py:925} INFO - DAG(s) 'example_trigger_controller_dag' retrieved from /home/airflow/.local/lib/python3.12/site-packages/airflow/example_dags/example_trigger_controller_dag.py
[2025-07-01T21:17:45.745+0000] {logging_mixin.py:190} INFO - [2025-07-01T21:17:45.744+0000] {dag.py:3239} INFO - Sync 1 DAGs
[2025-07-01T21:17:45.763+0000] {logging_mixin.py:190} INFO - [2025-07-01T21:17:45.762+0000] {dag.py:4180} INFO - Setting next_dagrun for example_trigger_controller_dag to 2021-01-01 00:00:00+00:00, run_after=2021-01-01 00:00:00+00:00
[2025-07-01T21:17:45.785+0000] {processor.py:208} INFO - Processing /home/airflow/.local/lib/python3.12/site-packages/airflow/example_dags/example_trigger_controller_dag.py took 0.072 seconds
[2025-07-01T21:18:16.453+0000] {processor.py:186} INFO - Started process (PID=244) to work on /home/airflow/.local/lib/python3.12/site-packages/airflow/example_dags/example_trigger_controller_dag.py
[2025-07-01T21:18:16.454+0000] {processor.py:914} INFO - Processing file /home/airflow/.local/lib/python3.12/site-packages/airflow/example_dags/example_trigger_controller_dag.py for tasks to queue
[2025-07-01T21:18:16.456+0000] {logging_mixin.py:190} INFO - [2025-07-01T21:18:16.456+0000] {dagbag.py:588} INFO - Filling up the DagBag from /home/airflow/.local/lib/python3.12/site-packages/airflow/example_dags/example_trigger_controller_dag.py
[2025-07-01T21:18:16.462+0000] {processor.py:925} INFO - DAG(s) 'example_trigger_controller_dag' retrieved from /home/airflow/.local/lib/python3.12/site-packages/airflow/example_dags/example_trigger_controller_dag.py
[2025-07-01T21:18:16.480+0000] {logging_mixin.py:190} INFO - [2025-07-01T21:18:16.480+0000] {dag.py:3239} INFO - Sync 1 DAGs
[2025-07-01T21:18:16.499+0000] {logging_mixin.py:190} INFO - [2025-07-01T21:18:16.499+0000] {dag.py:4180} INFO - Setting next_dagrun for example_trigger_controller_dag to 2021-01-01 00:00:00+00:00, run_after=2021-01-01 00:00:00+00:00
[2025-07-01T21:18:16.517+0000] {processor.py:208} INFO - Processing /home/airflow/.local/lib/python3.12/site-packages/airflow/example_dags/example_trigger_controller_dag.py took 0.070 seconds
[2025-07-01T21:18:47.202+0000] {processor.py:186} INFO - Started process (PID=306) to work on /home/airflow/.local/lib/python3.12/site-packages/airflow/example_dags/example_trigger_controller_dag.py
[2025-07-01T21:18:47.203+0000] {processor.py:914} INFO - Processing file /home/airflow/.local/lib/python3.12/site-packages/airflow/example_dags/example_trigger_controller_dag.py for tasks to queue
[2025-07-01T21:18:47.205+0000] {logging_mixin.py:190} INFO - [2025-07-01T21:18:47.204+0000] {dagbag.py:588} INFO - Filling up the DagBag from /home/airflow/.local/lib/python3.12/site-packages/airflow/example_dags/example_trigger_controller_dag.py
[2025-07-01T21:18:47.210+0000] {processor.py:925} INFO - DAG(s) 'example_trigger_controller_dag' retrieved from /home/airflow/.local/lib/python3.12/site-packages/airflow/example_dags/example_trigger_controller_dag.py
[2025-07-01T21:18:47.226+0000] {logging_mixin.py:190} INFO - [2025-07-01T21:18:47.226+0000] {dag.py:3239} INFO - Sync 1 DAGs
[2025-07-01T21:18:47.243+0000] {logging_mixin.py:190} INFO - [2025-07-01T21:18:47.243+0000] {dag.py:4180} INFO - Setting next_dagrun for example_trigger_controller_dag to 2021-01-01 00:00:00+00:00, run_after=2021-01-01 00:00:00+00:00
[2025-07-01T21:18:47.261+0000] {processor.py:208} INFO - Processing /home/airflow/.local/lib/python3.12/site-packages/airflow/example_dags/example_trigger_controller_dag.py took 0.064 seconds
[2025-07-01T21:19:17.907+0000] {processor.py:186} INFO - Started process (PID=368) to work on /home/airflow/.local/lib/python3.12/site-packages/airflow/example_dags/example_trigger_controller_dag.py
[2025-07-01T21:19:17.908+0000] {processor.py:914} INFO - Processing file /home/airflow/.local/lib/python3.12/site-packages/airflow/example_dags/example_trigger_controller_dag.py for tasks to queue
[2025-07-01T21:19:17.910+0000] {logging_mixin.py:190} INFO - [2025-07-01T21:19:17.910+0000] {dagbag.py:588} INFO - Filling up the DagBag from /home/airflow/.local/lib/python3.12/site-packages/airflow/example_dags/example_trigger_controller_dag.py
[2025-07-01T21:19:17.916+0000] {processor.py:925} INFO - DAG(s) 'example_trigger_controller_dag' retrieved from /home/airflow/.local/lib/python3.12/site-packages/airflow/example_dags/example_trigger_controller_dag.py
[2025-07-01T21:19:17.933+0000] {logging_mixin.py:190} INFO - [2025-07-01T21:19:17.933+0000] {dag.py:3239} INFO - Sync 1 DAGs
[2025-07-01T21:19:17.954+0000] {logging_mixin.py:190} INFO - [2025-07-01T21:19:17.953+0000] {dag.py:4180} INFO - Setting next_dagrun for example_trigger_controller_dag to 2021-01-01 00:00:00+00:00, run_after=2021-01-01 00:00:00+00:00
[2025-07-01T21:19:17.972+0000] {processor.py:208} INFO - Processing /home/airflow/.local/lib/python3.12/site-packages/airflow/example_dags/example_trigger_controller_dag.py took 0.070 seconds
[2025-07-01T21:19:48.935+0000] {processor.py:186} INFO - Started process (PID=436) to work on /home/airflow/.local/lib/python3.12/site-packages/airflow/example_dags/example_trigger_controller_dag.py
[2025-07-01T21:19:48.936+0000] {processor.py:914} INFO - Processing file /home/airflow/.local/lib/python3.12/site-packages/airflow/example_dags/example_trigger_controller_dag.py for tasks to queue
[2025-07-01T21:19:48.939+0000] {logging_mixin.py:190} INFO - [2025-07-01T21:19:48.938+0000] {dagbag.py:588} INFO - Filling up the DagBag from /home/airflow/.local/lib/python3.12/site-packages/airflow/example_dags/example_trigger_controller_dag.py
[2025-07-01T21:19:48.947+0000] {processor.py:925} INFO - DAG(s) 'example_trigger_controller_dag' retrieved from /home/airflow/.local/lib/python3.12/site-packages/airflow/example_dags/example_trigger_controller_dag.py
[2025-07-01T21:19:48.969+0000] {logging_mixin.py:190} INFO - [2025-07-01T21:19:48.969+0000] {dag.py:3239} INFO - Sync 1 DAGs
[2025-07-01T21:19:49.002+0000] {logging_mixin.py:190} INFO - [2025-07-01T21:19:49.002+0000] {dag.py:4180} INFO - Setting next_dagrun for example_trigger_controller_dag to 2021-01-01 00:00:00+00:00, run_after=2021-01-01 00:00:00+00:00
[2025-07-01T21:19:49.026+0000] {processor.py:208} INFO - Processing /home/airflow/.local/lib/python3.12/site-packages/airflow/example_dags/example_trigger_controller_dag.py took 0.099 seconds
[2025-07-01T21:20:19.501+0000] {processor.py:186} INFO - Started process (PID=498) to work on /home/airflow/.local/lib/python3.12/site-packages/airflow/example_dags/example_trigger_controller_dag.py
[2025-07-01T21:20:19.502+0000] {processor.py:914} INFO - Processing file /home/airflow/.local/lib/python3.12/site-packages/airflow/example_dags/example_trigger_controller_dag.py for tasks to queue
[2025-07-01T21:20:19.505+0000] {logging_mixin.py:190} INFO - [2025-07-01T21:20:19.504+0000] {dagbag.py:588} INFO - Filling up the DagBag from /home/airflow/.local/lib/python3.12/site-packages/airflow/example_dags/example_trigger_controller_dag.py
[2025-07-01T21:20:19.512+0000] {processor.py:925} INFO - DAG(s) 'example_trigger_controller_dag' retrieved from /home/airflow/.local/lib/python3.12/site-packages/airflow/example_dags/example_trigger_controller_dag.py
[2025-07-01T21:20:19.531+0000] {logging_mixin.py:190} INFO - [2025-07-01T21:20:19.531+0000] {dag.py:3239} INFO - Sync 1 DAGs
[2025-07-01T21:20:19.561+0000] {logging_mixin.py:190} INFO - [2025-07-01T21:20:19.561+0000] {dag.py:4180} INFO - Setting next_dagrun for example_trigger_controller_dag to 2021-01-01 00:00:00+00:00, run_after=2021-01-01 00:00:00+00:00
[2025-07-01T21:20:19.584+0000] {processor.py:208} INFO - Processing /home/airflow/.local/lib/python3.12/site-packages/airflow/example_dags/example_trigger_controller_dag.py took 0.089 seconds
[2025-07-01T21:20:50.547+0000] {processor.py:186} INFO - Started process (PID=560) to work on /home/airflow/.local/lib/python3.12/site-packages/airflow/example_dags/example_trigger_controller_dag.py
[2025-07-01T21:20:50.548+0000] {processor.py:914} INFO - Processing file /home/airflow/.local/lib/python3.12/site-packages/airflow/example_dags/example_trigger_controller_dag.py for tasks to queue
[2025-07-01T21:20:50.550+0000] {logging_mixin.py:190} INFO - [2025-07-01T21:20:50.550+0000] {dagbag.py:588} INFO - Filling up the DagBag from /home/airflow/.local/lib/python3.12/site-packages/airflow/example_dags/example_trigger_controller_dag.py
[2025-07-01T21:20:50.556+0000] {processor.py:925} INFO - DAG(s) 'example_trigger_controller_dag' retrieved from /home/airflow/.local/lib/python3.12/site-packages/airflow/example_dags/example_trigger_controller_dag.py
[2025-07-01T21:20:50.573+0000] {logging_mixin.py:190} INFO - [2025-07-01T21:20:50.573+0000] {dag.py:3239} INFO - Sync 1 DAGs
[2025-07-01T21:20:50.593+0000] {logging_mixin.py:190} INFO - [2025-07-01T21:20:50.592+0000] {dag.py:4180} INFO - Setting next_dagrun for example_trigger_controller_dag to 2021-01-01 00:00:00+00:00, run_after=2021-01-01 00:00:00+00:00
[2025-07-01T21:20:50.613+0000] {processor.py:208} INFO - Processing /home/airflow/.local/lib/python3.12/site-packages/airflow/example_dags/example_trigger_controller_dag.py took 0.071 seconds
[2025-07-01T21:21:21.435+0000] {processor.py:186} INFO - Started process (PID=622) to work on /home/airflow/.local/lib/python3.12/site-packages/airflow/example_dags/example_trigger_controller_dag.py
[2025-07-01T21:21:21.436+0000] {processor.py:914} INFO - Processing file /home/airflow/.local/lib/python3.12/site-packages/airflow/example_dags/example_trigger_controller_dag.py for tasks to queue
[2025-07-01T21:21:21.438+0000] {logging_mixin.py:190} INFO - [2025-07-01T21:21:21.437+0000] {dagbag.py:588} INFO - Filling up the DagBag from /home/airflow/.local/lib/python3.12/site-packages/airflow/example_dags/example_trigger_controller_dag.py
[2025-07-01T21:21:21.444+0000] {processor.py:925} INFO - DAG(s) 'example_trigger_controller_dag' retrieved from /home/airflow/.local/lib/python3.12/site-packages/airflow/example_dags/example_trigger_controller_dag.py
[2025-07-01T21:21:21.460+0000] {logging_mixin.py:190} INFO - [2025-07-01T21:21:21.460+0000] {dag.py:3239} INFO - Sync 1 DAGs
[2025-07-01T21:21:21.478+0000] {logging_mixin.py:190} INFO - [2025-07-01T21:21:21.478+0000] {dag.py:4180} INFO - Setting next_dagrun for example_trigger_controller_dag to 2021-01-01 00:00:00+00:00, run_after=2021-01-01 00:00:00+00:00
[2025-07-01T21:21:21.503+0000] {processor.py:208} INFO - Processing /home/airflow/.local/lib/python3.12/site-packages/airflow/example_dags/example_trigger_controller_dag.py took 0.073 seconds
[2025-07-01T21:21:51.997+0000] {processor.py:186} INFO - Started process (PID=684) to work on /home/airflow/.local/lib/python3.12/site-packages/airflow/example_dags/example_trigger_controller_dag.py
[2025-07-01T21:21:51.998+0000] {processor.py:914} INFO - Processing file /home/airflow/.local/lib/python3.12/site-packages/airflow/example_dags/example_trigger_controller_dag.py for tasks to queue
[2025-07-01T21:21:52.000+0000] {logging_mixin.py:190} INFO - [2025-07-01T21:21:52.000+0000] {dagbag.py:588} INFO - Filling up the DagBag from /home/airflow/.local/lib/python3.12/site-packages/airflow/example_dags/example_trigger_controller_dag.py
[2025-07-01T21:21:52.006+0000] {processor.py:925} INFO - DAG(s) 'example_trigger_controller_dag' retrieved from /home/airflow/.local/lib/python3.12/site-packages/airflow/example_dags/example_trigger_controller_dag.py
[2025-07-01T21:21:52.022+0000] {logging_mixin.py:190} INFO - [2025-07-01T21:21:52.022+0000] {dag.py:3239} INFO - Sync 1 DAGs
[2025-07-01T21:21:52.040+0000] {logging_mixin.py:190} INFO - [2025-07-01T21:21:52.040+0000] {dag.py:4180} INFO - Setting next_dagrun for example_trigger_controller_dag to 2021-01-01 00:00:00+00:00, run_after=2021-01-01 00:00:00+00:00
[2025-07-01T21:21:52.059+0000] {processor.py:208} INFO - Processing /home/airflow/.local/lib/python3.12/site-packages/airflow/example_dags/example_trigger_controller_dag.py took 0.068 seconds
[2025-07-01T21:22:22.467+0000] {processor.py:186} INFO - Started process (PID=746) to work on /home/airflow/.local/lib/python3.12/site-packages/airflow/example_dags/example_trigger_controller_dag.py
[2025-07-01T21:22:22.468+0000] {processor.py:914} INFO - Processing file /home/airflow/.local/lib/python3.12/site-packages/airflow/example_dags/example_trigger_controller_dag.py for tasks to queue
[2025-07-01T21:22:22.470+0000] {logging_mixin.py:190} INFO - [2025-07-01T21:22:22.470+0000] {dagbag.py:588} INFO - Filling up the DagBag from /home/airflow/.local/lib/python3.12/site-packages/airflow/example_dags/example_trigger_controller_dag.py
[2025-07-01T21:22:22.476+0000] {processor.py:925} INFO - DAG(s) 'example_trigger_controller_dag' retrieved from /home/airflow/.local/lib/python3.12/site-packages/airflow/example_dags/example_trigger_controller_dag.py
[2025-07-01T21:22:22.491+0000] {logging_mixin.py:190} INFO - [2025-07-01T21:22:22.491+0000] {dag.py:3239} INFO - Sync 1 DAGs
[2025-07-01T21:22:22.509+0000] {logging_mixin.py:190} INFO - [2025-07-01T21:22:22.509+0000] {dag.py:4180} INFO - Setting next_dagrun for example_trigger_controller_dag to 2021-01-01 00:00:00+00:00, run_after=2021-01-01 00:00:00+00:00
[2025-07-01T21:22:22.526+0000] {processor.py:208} INFO - Processing /home/airflow/.local/lib/python3.12/site-packages/airflow/example_dags/example_trigger_controller_dag.py took 0.064 seconds
[2025-07-01T21:22:52.945+0000] {processor.py:186} INFO - Started process (PID=808) to work on /home/airflow/.local/lib/python3.12/site-packages/airflow/example_dags/example_trigger_controller_dag.py
[2025-07-01T21:22:52.946+0000] {processor.py:914} INFO - Processing file /home/airflow/.local/lib/python3.12/site-packages/airflow/example_dags/example_trigger_controller_dag.py for tasks to queue
[2025-07-01T21:22:52.949+0000] {logging_mixin.py:190} INFO - [2025-07-01T21:22:52.948+0000] {dagbag.py:588} INFO - Filling up the DagBag from /home/airflow/.local/lib/python3.12/site-packages/airflow/example_dags/example_trigger_controller_dag.py
[2025-07-01T21:22:52.954+0000] {processor.py:925} INFO - DAG(s) 'example_trigger_controller_dag' retrieved from /home/airflow/.local/lib/python3.12/site-packages/airflow/example_dags/example_trigger_controller_dag.py
[2025-07-01T21:22:52.970+0000] {logging_mixin.py:190} INFO - [2025-07-01T21:22:52.970+0000] {dag.py:3239} INFO - Sync 1 DAGs
[2025-07-01T21:22:52.989+0000] {logging_mixin.py:190} INFO - [2025-07-01T21:22:52.989+0000] {dag.py:4180} INFO - Setting next_dagrun for example_trigger_controller_dag to 2021-01-01 00:00:00+00:00, run_after=2021-01-01 00:00:00+00:00
[2025-07-01T21:22:53.007+0000] {processor.py:208} INFO - Processing /home/airflow/.local/lib/python3.12/site-packages/airflow/example_dags/example_trigger_controller_dag.py took 0.067 seconds
[2025-07-01T21:23:23.211+0000] {processor.py:186} INFO - Started process (PID=870) to work on /home/airflow/.local/lib/python3.12/site-packages/airflow/example_dags/example_trigger_controller_dag.py
[2025-07-01T21:23:23.212+0000] {processor.py:914} INFO - Processing file /home/airflow/.local/lib/python3.12/site-packages/airflow/example_dags/example_trigger_controller_dag.py for tasks to queue
[2025-07-01T21:23:23.214+0000] {logging_mixin.py:190} INFO - [2025-07-01T21:23:23.213+0000] {dagbag.py:588} INFO - Filling up the DagBag from /home/airflow/.local/lib/python3.12/site-packages/airflow/example_dags/example_trigger_controller_dag.py
[2025-07-01T21:23:23.219+0000] {processor.py:925} INFO - DAG(s) 'example_trigger_controller_dag' retrieved from /home/airflow/.local/lib/python3.12/site-packages/airflow/example_dags/example_trigger_controller_dag.py
[2025-07-01T21:23:23.235+0000] {logging_mixin.py:190} INFO - [2025-07-01T21:23:23.235+0000] {dag.py:3239} INFO - Sync 1 DAGs
[2025-07-01T21:23:23.254+0000] {logging_mixin.py:190} INFO - [2025-07-01T21:23:23.254+0000] {dag.py:4180} INFO - Setting next_dagrun for example_trigger_controller_dag to 2021-01-01 00:00:00+00:00, run_after=2021-01-01 00:00:00+00:00
[2025-07-01T21:23:23.272+0000] {processor.py:208} INFO - Processing /home/airflow/.local/lib/python3.12/site-packages/airflow/example_dags/example_trigger_controller_dag.py took 0.066 seconds
[2025-07-01T21:23:53.737+0000] {processor.py:186} INFO - Started process (PID=932) to work on /home/airflow/.local/lib/python3.12/site-packages/airflow/example_dags/example_trigger_controller_dag.py
[2025-07-01T21:23:53.738+0000] {processor.py:914} INFO - Processing file /home/airflow/.local/lib/python3.12/site-packages/airflow/example_dags/example_trigger_controller_dag.py for tasks to queue
[2025-07-01T21:23:53.740+0000] {logging_mixin.py:190} INFO - [2025-07-01T21:23:53.740+0000] {dagbag.py:588} INFO - Filling up the DagBag from /home/airflow/.local/lib/python3.12/site-packages/airflow/example_dags/example_trigger_controller_dag.py
[2025-07-01T21:23:53.746+0000] {processor.py:925} INFO - DAG(s) 'example_trigger_controller_dag' retrieved from /home/airflow/.local/lib/python3.12/site-packages/airflow/example_dags/example_trigger_controller_dag.py
[2025-07-01T21:23:53.762+0000] {logging_mixin.py:190} INFO - [2025-07-01T21:23:53.761+0000] {dag.py:3239} INFO - Sync 1 DAGs
[2025-07-01T21:23:53.781+0000] {logging_mixin.py:190} INFO - [2025-07-01T21:23:53.781+0000] {dag.py:4180} INFO - Setting next_dagrun for example_trigger_controller_dag to 2021-01-01 00:00:00+00:00, run_after=2021-01-01 00:00:00+00:00
[2025-07-01T21:23:53.798+0000] {processor.py:208} INFO - Processing /home/airflow/.local/lib/python3.12/site-packages/airflow/example_dags/example_trigger_controller_dag.py took 0.066 seconds
[2025-07-01T21:24:24.020+0000] {processor.py:186} INFO - Started process (PID=994) to work on /home/airflow/.local/lib/python3.12/site-packages/airflow/example_dags/example_trigger_controller_dag.py
[2025-07-01T21:24:24.021+0000] {processor.py:914} INFO - Processing file /home/airflow/.local/lib/python3.12/site-packages/airflow/example_dags/example_trigger_controller_dag.py for tasks to queue
[2025-07-01T21:24:24.023+0000] {logging_mixin.py:190} INFO - [2025-07-01T21:24:24.023+0000] {dagbag.py:588} INFO - Filling up the DagBag from /home/airflow/.local/lib/python3.12/site-packages/airflow/example_dags/example_trigger_controller_dag.py
[2025-07-01T21:24:24.030+0000] {processor.py:925} INFO - DAG(s) 'example_trigger_controller_dag' retrieved from /home/airflow/.local/lib/python3.12/site-packages/airflow/example_dags/example_trigger_controller_dag.py
[2025-07-01T21:24:24.047+0000] {logging_mixin.py:190} INFO - [2025-07-01T21:24:24.047+0000] {dag.py:3239} INFO - Sync 1 DAGs
[2025-07-01T21:24:24.068+0000] {logging_mixin.py:190} INFO - [2025-07-01T21:24:24.068+0000] {dag.py:4180} INFO - Setting next_dagrun for example_trigger_controller_dag to 2021-01-01 00:00:00+00:00, run_after=2021-01-01 00:00:00+00:00
[2025-07-01T21:24:24.084+0000] {processor.py:208} INFO - Processing /home/airflow/.local/lib/python3.12/site-packages/airflow/example_dags/example_trigger_controller_dag.py took 0.069 seconds
[2025-07-01T21:24:54.360+0000] {processor.py:186} INFO - Started process (PID=1056) to work on /home/airflow/.local/lib/python3.12/site-packages/airflow/example_dags/example_trigger_controller_dag.py
[2025-07-01T21:24:54.362+0000] {processor.py:914} INFO - Processing file /home/airflow/.local/lib/python3.12/site-packages/airflow/example_dags/example_trigger_controller_dag.py for tasks to queue
[2025-07-01T21:24:54.364+0000] {logging_mixin.py:190} INFO - [2025-07-01T21:24:54.364+0000] {dagbag.py:588} INFO - Filling up the DagBag from /home/airflow/.local/lib/python3.12/site-packages/airflow/example_dags/example_trigger_controller_dag.py
[2025-07-01T21:24:54.371+0000] {processor.py:925} INFO - DAG(s) 'example_trigger_controller_dag' retrieved from /home/airflow/.local/lib/python3.12/site-packages/airflow/example_dags/example_trigger_controller_dag.py
[2025-07-01T21:24:54.391+0000] {logging_mixin.py:190} INFO - [2025-07-01T21:24:54.391+0000] {dag.py:3239} INFO - Sync 1 DAGs
[2025-07-01T21:24:54.412+0000] {logging_mixin.py:190} INFO - [2025-07-01T21:24:54.412+0000] {dag.py:4180} INFO - Setting next_dagrun for example_trigger_controller_dag to 2021-01-01 00:00:00+00:00, run_after=2021-01-01 00:00:00+00:00
[2025-07-01T21:24:54.431+0000] {processor.py:208} INFO - Processing /home/airflow/.local/lib/python3.12/site-packages/airflow/example_dags/example_trigger_controller_dag.py took 0.077 seconds
[2025-07-01T21:25:24.781+0000] {processor.py:186} INFO - Started process (PID=1118) to work on /home/airflow/.local/lib/python3.12/site-packages/airflow/example_dags/example_trigger_controller_dag.py
[2025-07-01T21:25:24.782+0000] {processor.py:914} INFO - Processing file /home/airflow/.local/lib/python3.12/site-packages/airflow/example_dags/example_trigger_controller_dag.py for tasks to queue
[2025-07-01T21:25:24.784+0000] {logging_mixin.py:190} INFO - [2025-07-01T21:25:24.784+0000] {dagbag.py:588} INFO - Filling up the DagBag from /home/airflow/.local/lib/python3.12/site-packages/airflow/example_dags/example_trigger_controller_dag.py
[2025-07-01T21:25:24.791+0000] {processor.py:925} INFO - DAG(s) 'example_trigger_controller_dag' retrieved from /home/airflow/.local/lib/python3.12/site-packages/airflow/example_dags/example_trigger_controller_dag.py
[2025-07-01T21:25:24.810+0000] {logging_mixin.py:190} INFO - [2025-07-01T21:25:24.810+0000] {dag.py:3239} INFO - Sync 1 DAGs
[2025-07-01T21:25:24.832+0000] {logging_mixin.py:190} INFO - [2025-07-01T21:25:24.832+0000] {dag.py:4180} INFO - Setting next_dagrun for example_trigger_controller_dag to 2021-01-01 00:00:00+00:00, run_after=2021-01-01 00:00:00+00:00
[2025-07-01T21:25:24.851+0000] {processor.py:208} INFO - Processing /home/airflow/.local/lib/python3.12/site-packages/airflow/example_dags/example_trigger_controller_dag.py took 0.076 seconds
[2025-07-01T21:25:55.363+0000] {processor.py:186} INFO - Started process (PID=1181) to work on /home/airflow/.local/lib/python3.12/site-packages/airflow/example_dags/example_trigger_controller_dag.py
[2025-07-01T21:25:55.364+0000] {processor.py:914} INFO - Processing file /home/airflow/.local/lib/python3.12/site-packages/airflow/example_dags/example_trigger_controller_dag.py for tasks to queue
[2025-07-01T21:25:55.367+0000] {logging_mixin.py:190} INFO - [2025-07-01T21:25:55.367+0000] {dagbag.py:588} INFO - Filling up the DagBag from /home/airflow/.local/lib/python3.12/site-packages/airflow/example_dags/example_trigger_controller_dag.py
[2025-07-01T21:25:55.377+0000] {processor.py:925} INFO - DAG(s) 'example_trigger_controller_dag' retrieved from /home/airflow/.local/lib/python3.12/site-packages/airflow/example_dags/example_trigger_controller_dag.py
[2025-07-01T21:25:55.399+0000] {logging_mixin.py:190} INFO - [2025-07-01T21:25:55.399+0000] {dag.py:3239} INFO - Sync 1 DAGs
[2025-07-01T21:25:55.427+0000] {logging_mixin.py:190} INFO - [2025-07-01T21:25:55.427+0000] {dag.py:4180} INFO - Setting next_dagrun for example_trigger_controller_dag to 2021-01-01 00:00:00+00:00, run_after=2021-01-01 00:00:00+00:00
[2025-07-01T21:25:55.454+0000] {processor.py:208} INFO - Processing /home/airflow/.local/lib/python3.12/site-packages/airflow/example_dags/example_trigger_controller_dag.py took 0.099 seconds
[2025-07-01T21:26:26.099+0000] {processor.py:186} INFO - Started process (PID=1243) to work on /home/airflow/.local/lib/python3.12/site-packages/airflow/example_dags/example_trigger_controller_dag.py
[2025-07-01T21:26:26.100+0000] {processor.py:914} INFO - Processing file /home/airflow/.local/lib/python3.12/site-packages/airflow/example_dags/example_trigger_controller_dag.py for tasks to queue
[2025-07-01T21:26:26.102+0000] {logging_mixin.py:190} INFO - [2025-07-01T21:26:26.102+0000] {dagbag.py:588} INFO - Filling up the DagBag from /home/airflow/.local/lib/python3.12/site-packages/airflow/example_dags/example_trigger_controller_dag.py
[2025-07-01T21:26:26.108+0000] {processor.py:925} INFO - DAG(s) 'example_trigger_controller_dag' retrieved from /home/airflow/.local/lib/python3.12/site-packages/airflow/example_dags/example_trigger_controller_dag.py
[2025-07-01T21:26:26.124+0000] {logging_mixin.py:190} INFO - [2025-07-01T21:26:26.124+0000] {dag.py:3239} INFO - Sync 1 DAGs
[2025-07-01T21:26:26.143+0000] {logging_mixin.py:190} INFO - [2025-07-01T21:26:26.142+0000] {dag.py:4180} INFO - Setting next_dagrun for example_trigger_controller_dag to 2021-01-01 00:00:00+00:00, run_after=2021-01-01 00:00:00+00:00
[2025-07-01T21:26:26.162+0000] {processor.py:208} INFO - Processing /home/airflow/.local/lib/python3.12/site-packages/airflow/example_dags/example_trigger_controller_dag.py took 0.068 seconds
[2025-07-01T21:26:56.617+0000] {processor.py:186} INFO - Started process (PID=1305) to work on /home/airflow/.local/lib/python3.12/site-packages/airflow/example_dags/example_trigger_controller_dag.py
[2025-07-01T21:26:56.618+0000] {processor.py:914} INFO - Processing file /home/airflow/.local/lib/python3.12/site-packages/airflow/example_dags/example_trigger_controller_dag.py for tasks to queue
[2025-07-01T21:26:56.620+0000] {logging_mixin.py:190} INFO - [2025-07-01T21:26:56.620+0000] {dagbag.py:588} INFO - Filling up the DagBag from /home/airflow/.local/lib/python3.12/site-packages/airflow/example_dags/example_trigger_controller_dag.py
[2025-07-01T21:26:56.626+0000] {processor.py:925} INFO - DAG(s) 'example_trigger_controller_dag' retrieved from /home/airflow/.local/lib/python3.12/site-packages/airflow/example_dags/example_trigger_controller_dag.py
[2025-07-01T21:26:56.643+0000] {logging_mixin.py:190} INFO - [2025-07-01T21:26:56.643+0000] {dag.py:3239} INFO - Sync 1 DAGs
[2025-07-01T21:26:56.662+0000] {logging_mixin.py:190} INFO - [2025-07-01T21:26:56.661+0000] {dag.py:4180} INFO - Setting next_dagrun for example_trigger_controller_dag to 2021-01-01 00:00:00+00:00, run_after=2021-01-01 00:00:00+00:00
[2025-07-01T21:26:56.681+0000] {processor.py:208} INFO - Processing /home/airflow/.local/lib/python3.12/site-packages/airflow/example_dags/example_trigger_controller_dag.py took 0.069 seconds
[2025-07-01T21:27:27.321+0000] {processor.py:186} INFO - Started process (PID=1367) to work on /home/airflow/.local/lib/python3.12/site-packages/airflow/example_dags/example_trigger_controller_dag.py
[2025-07-01T21:27:27.322+0000] {processor.py:914} INFO - Processing file /home/airflow/.local/lib/python3.12/site-packages/airflow/example_dags/example_trigger_controller_dag.py for tasks to queue
[2025-07-01T21:27:27.324+0000] {logging_mixin.py:190} INFO - [2025-07-01T21:27:27.323+0000] {dagbag.py:588} INFO - Filling up the DagBag from /home/airflow/.local/lib/python3.12/site-packages/airflow/example_dags/example_trigger_controller_dag.py
[2025-07-01T21:27:27.330+0000] {processor.py:925} INFO - DAG(s) 'example_trigger_controller_dag' retrieved from /home/airflow/.local/lib/python3.12/site-packages/airflow/example_dags/example_trigger_controller_dag.py
[2025-07-01T21:27:27.347+0000] {logging_mixin.py:190} INFO - [2025-07-01T21:27:27.347+0000] {dag.py:3239} INFO - Sync 1 DAGs
[2025-07-01T21:27:27.367+0000] {logging_mixin.py:190} INFO - [2025-07-01T21:27:27.366+0000] {dag.py:4180} INFO - Setting next_dagrun for example_trigger_controller_dag to 2021-01-01 00:00:00+00:00, run_after=2021-01-01 00:00:00+00:00
[2025-07-01T21:27:27.384+0000] {processor.py:208} INFO - Processing /home/airflow/.local/lib/python3.12/site-packages/airflow/example_dags/example_trigger_controller_dag.py took 0.069 seconds
[2025-07-01T21:27:57.933+0000] {processor.py:186} INFO - Started process (PID=1430) to work on /home/airflow/.local/lib/python3.12/site-packages/airflow/example_dags/example_trigger_controller_dag.py
[2025-07-01T21:27:57.934+0000] {processor.py:914} INFO - Processing file /home/airflow/.local/lib/python3.12/site-packages/airflow/example_dags/example_trigger_controller_dag.py for tasks to queue
[2025-07-01T21:27:57.936+0000] {logging_mixin.py:190} INFO - [2025-07-01T21:27:57.935+0000] {dagbag.py:588} INFO - Filling up the DagBag from /home/airflow/.local/lib/python3.12/site-packages/airflow/example_dags/example_trigger_controller_dag.py
[2025-07-01T21:27:57.942+0000] {processor.py:925} INFO - DAG(s) 'example_trigger_controller_dag' retrieved from /home/airflow/.local/lib/python3.12/site-packages/airflow/example_dags/example_trigger_controller_dag.py
[2025-07-01T21:27:57.958+0000] {logging_mixin.py:190} INFO - [2025-07-01T21:27:57.958+0000] {dag.py:3239} INFO - Sync 1 DAGs
[2025-07-01T21:27:57.977+0000] {logging_mixin.py:190} INFO - [2025-07-01T21:27:57.977+0000] {dag.py:4180} INFO - Setting next_dagrun for example_trigger_controller_dag to 2021-01-01 00:00:00+00:00, run_after=2021-01-01 00:00:00+00:00
[2025-07-01T21:27:57.995+0000] {processor.py:208} INFO - Processing /home/airflow/.local/lib/python3.12/site-packages/airflow/example_dags/example_trigger_controller_dag.py took 0.068 seconds
[2025-07-01T21:28:28.277+0000] {processor.py:186} INFO - Started process (PID=1492) to work on /home/airflow/.local/lib/python3.12/site-packages/airflow/example_dags/example_trigger_controller_dag.py
[2025-07-01T21:28:28.278+0000] {processor.py:914} INFO - Processing file /home/airflow/.local/lib/python3.12/site-packages/airflow/example_dags/example_trigger_controller_dag.py for tasks to queue
[2025-07-01T21:28:28.280+0000] {logging_mixin.py:190} INFO - [2025-07-01T21:28:28.280+0000] {dagbag.py:588} INFO - Filling up the DagBag from /home/airflow/.local/lib/python3.12/site-packages/airflow/example_dags/example_trigger_controller_dag.py
[2025-07-01T21:28:28.287+0000] {processor.py:925} INFO - DAG(s) 'example_trigger_controller_dag' retrieved from /home/airflow/.local/lib/python3.12/site-packages/airflow/example_dags/example_trigger_controller_dag.py
[2025-07-01T21:28:28.304+0000] {logging_mixin.py:190} INFO - [2025-07-01T21:28:28.304+0000] {dag.py:3239} INFO - Sync 1 DAGs
[2025-07-01T21:28:28.323+0000] {logging_mixin.py:190} INFO - [2025-07-01T21:28:28.323+0000] {dag.py:4180} INFO - Setting next_dagrun for example_trigger_controller_dag to 2021-01-01 00:00:00+00:00, run_after=2021-01-01 00:00:00+00:00
[2025-07-01T21:28:28.345+0000] {processor.py:208} INFO - Processing /home/airflow/.local/lib/python3.12/site-packages/airflow/example_dags/example_trigger_controller_dag.py took 0.073 seconds
[2025-07-01T21:28:59.184+0000] {processor.py:186} INFO - Started process (PID=1554) to work on /home/airflow/.local/lib/python3.12/site-packages/airflow/example_dags/example_trigger_controller_dag.py
[2025-07-01T21:28:59.185+0000] {processor.py:914} INFO - Processing file /home/airflow/.local/lib/python3.12/site-packages/airflow/example_dags/example_trigger_controller_dag.py for tasks to queue
[2025-07-01T21:28:59.188+0000] {logging_mixin.py:190} INFO - [2025-07-01T21:28:59.187+0000] {dagbag.py:588} INFO - Filling up the DagBag from /home/airflow/.local/lib/python3.12/site-packages/airflow/example_dags/example_trigger_controller_dag.py
[2025-07-01T21:28:59.195+0000] {processor.py:925} INFO - DAG(s) 'example_trigger_controller_dag' retrieved from /home/airflow/.local/lib/python3.12/site-packages/airflow/example_dags/example_trigger_controller_dag.py
[2025-07-01T21:28:59.218+0000] {logging_mixin.py:190} INFO - [2025-07-01T21:28:59.218+0000] {dag.py:3239} INFO - Sync 1 DAGs
[2025-07-01T21:28:59.251+0000] {logging_mixin.py:190} INFO - [2025-07-01T21:28:59.250+0000] {dag.py:4180} INFO - Setting next_dagrun for example_trigger_controller_dag to 2021-01-01 00:00:00+00:00, run_after=2021-01-01 00:00:00+00:00
[2025-07-01T21:28:59.275+0000] {processor.py:208} INFO - Processing /home/airflow/.local/lib/python3.12/site-packages/airflow/example_dags/example_trigger_controller_dag.py took 0.096 seconds
[2025-07-01T21:29:29.863+0000] {processor.py:186} INFO - Started process (PID=1616) to work on /home/airflow/.local/lib/python3.12/site-packages/airflow/example_dags/example_trigger_controller_dag.py
[2025-07-01T21:29:29.864+0000] {processor.py:914} INFO - Processing file /home/airflow/.local/lib/python3.12/site-packages/airflow/example_dags/example_trigger_controller_dag.py for tasks to queue
[2025-07-01T21:29:29.866+0000] {logging_mixin.py:190} INFO - [2025-07-01T21:29:29.866+0000] {dagbag.py:588} INFO - Filling up the DagBag from /home/airflow/.local/lib/python3.12/site-packages/airflow/example_dags/example_trigger_controller_dag.py
[2025-07-01T21:29:29.873+0000] {processor.py:925} INFO - DAG(s) 'example_trigger_controller_dag' retrieved from /home/airflow/.local/lib/python3.12/site-packages/airflow/example_dags/example_trigger_controller_dag.py
[2025-07-01T21:29:29.890+0000] {logging_mixin.py:190} INFO - [2025-07-01T21:29:29.889+0000] {dag.py:3239} INFO - Sync 1 DAGs
[2025-07-01T21:29:29.908+0000] {logging_mixin.py:190} INFO - [2025-07-01T21:29:29.908+0000] {dag.py:4180} INFO - Setting next_dagrun for example_trigger_controller_dag to 2021-01-01 00:00:00+00:00, run_after=2021-01-01 00:00:00+00:00
[2025-07-01T21:29:29.927+0000] {processor.py:208} INFO - Processing /home/airflow/.local/lib/python3.12/site-packages/airflow/example_dags/example_trigger_controller_dag.py took 0.069 seconds
[2025-07-01T21:30:00.088+0000] {processor.py:186} INFO - Started process (PID=1678) to work on /home/airflow/.local/lib/python3.12/site-packages/airflow/example_dags/example_trigger_controller_dag.py
[2025-07-01T21:30:00.089+0000] {processor.py:914} INFO - Processing file /home/airflow/.local/lib/python3.12/site-packages/airflow/example_dags/example_trigger_controller_dag.py for tasks to queue
[2025-07-01T21:30:00.091+0000] {logging_mixin.py:190} INFO - [2025-07-01T21:30:00.091+0000] {dagbag.py:588} INFO - Filling up the DagBag from /home/airflow/.local/lib/python3.12/site-packages/airflow/example_dags/example_trigger_controller_dag.py
[2025-07-01T21:30:00.098+0000] {processor.py:925} INFO - DAG(s) 'example_trigger_controller_dag' retrieved from /home/airflow/.local/lib/python3.12/site-packages/airflow/example_dags/example_trigger_controller_dag.py
[2025-07-01T21:30:00.116+0000] {logging_mixin.py:190} INFO - [2025-07-01T21:30:00.115+0000] {dag.py:3239} INFO - Sync 1 DAGs
[2025-07-01T21:30:00.137+0000] {logging_mixin.py:190} INFO - [2025-07-01T21:30:00.136+0000] {dag.py:4180} INFO - Setting next_dagrun for example_trigger_controller_dag to 2021-01-01 00:00:00+00:00, run_after=2021-01-01 00:00:00+00:00
[2025-07-01T21:30:00.157+0000] {processor.py:208} INFO - Processing /home/airflow/.local/lib/python3.12/site-packages/airflow/example_dags/example_trigger_controller_dag.py took 0.076 seconds
[2025-07-01T21:30:30.463+0000] {processor.py:186} INFO - Started process (PID=1740) to work on /home/airflow/.local/lib/python3.12/site-packages/airflow/example_dags/example_trigger_controller_dag.py
[2025-07-01T21:30:30.464+0000] {processor.py:914} INFO - Processing file /home/airflow/.local/lib/python3.12/site-packages/airflow/example_dags/example_trigger_controller_dag.py for tasks to queue
[2025-07-01T21:30:30.467+0000] {logging_mixin.py:190} INFO - [2025-07-01T21:30:30.466+0000] {dagbag.py:588} INFO - Filling up the DagBag from /home/airflow/.local/lib/python3.12/site-packages/airflow/example_dags/example_trigger_controller_dag.py
[2025-07-01T21:30:30.472+0000] {processor.py:925} INFO - DAG(s) 'example_trigger_controller_dag' retrieved from /home/airflow/.local/lib/python3.12/site-packages/airflow/example_dags/example_trigger_controller_dag.py
[2025-07-01T21:30:30.489+0000] {logging_mixin.py:190} INFO - [2025-07-01T21:30:30.489+0000] {dag.py:3239} INFO - Sync 1 DAGs
[2025-07-01T21:30:30.509+0000] {logging_mixin.py:190} INFO - [2025-07-01T21:30:30.508+0000] {dag.py:4180} INFO - Setting next_dagrun for example_trigger_controller_dag to 2021-01-01 00:00:00+00:00, run_after=2021-01-01 00:00:00+00:00
[2025-07-01T21:30:30.529+0000] {processor.py:208} INFO - Processing /home/airflow/.local/lib/python3.12/site-packages/airflow/example_dags/example_trigger_controller_dag.py took 0.071 seconds
[2025-07-01T21:31:01.032+0000] {processor.py:186} INFO - Started process (PID=1802) to work on /home/airflow/.local/lib/python3.12/site-packages/airflow/example_dags/example_trigger_controller_dag.py
[2025-07-01T21:31:01.033+0000] {processor.py:914} INFO - Processing file /home/airflow/.local/lib/python3.12/site-packages/airflow/example_dags/example_trigger_controller_dag.py for tasks to queue
[2025-07-01T21:31:01.035+0000] {logging_mixin.py:190} INFO - [2025-07-01T21:31:01.035+0000] {dagbag.py:588} INFO - Filling up the DagBag from /home/airflow/.local/lib/python3.12/site-packages/airflow/example_dags/example_trigger_controller_dag.py
[2025-07-01T21:31:01.042+0000] {processor.py:925} INFO - DAG(s) 'example_trigger_controller_dag' retrieved from /home/airflow/.local/lib/python3.12/site-packages/airflow/example_dags/example_trigger_controller_dag.py
[2025-07-01T21:31:01.058+0000] {logging_mixin.py:190} INFO - [2025-07-01T21:31:01.058+0000] {dag.py:3239} INFO - Sync 1 DAGs
[2025-07-01T21:31:01.078+0000] {logging_mixin.py:190} INFO - [2025-07-01T21:31:01.078+0000] {dag.py:4180} INFO - Setting next_dagrun for example_trigger_controller_dag to 2021-01-01 00:00:00+00:00, run_after=2021-01-01 00:00:00+00:00
[2025-07-01T21:31:01.098+0000] {processor.py:208} INFO - Processing /home/airflow/.local/lib/python3.12/site-packages/airflow/example_dags/example_trigger_controller_dag.py took 0.071 seconds
[2025-07-01T21:31:31.156+0000] {processor.py:186} INFO - Started process (PID=1863) to work on /home/airflow/.local/lib/python3.12/site-packages/airflow/example_dags/example_trigger_controller_dag.py
[2025-07-01T21:31:31.157+0000] {processor.py:914} INFO - Processing file /home/airflow/.local/lib/python3.12/site-packages/airflow/example_dags/example_trigger_controller_dag.py for tasks to queue
[2025-07-01T21:31:31.159+0000] {logging_mixin.py:190} INFO - [2025-07-01T21:31:31.158+0000] {dagbag.py:588} INFO - Filling up the DagBag from /home/airflow/.local/lib/python3.12/site-packages/airflow/example_dags/example_trigger_controller_dag.py
[2025-07-01T21:31:31.164+0000] {processor.py:925} INFO - DAG(s) 'example_trigger_controller_dag' retrieved from /home/airflow/.local/lib/python3.12/site-packages/airflow/example_dags/example_trigger_controller_dag.py
[2025-07-01T21:31:31.182+0000] {logging_mixin.py:190} INFO - [2025-07-01T21:31:31.181+0000] {dag.py:3239} INFO - Sync 1 DAGs
[2025-07-01T21:31:31.201+0000] {logging_mixin.py:190} INFO - [2025-07-01T21:31:31.201+0000] {dag.py:4180} INFO - Setting next_dagrun for example_trigger_controller_dag to 2021-01-01 00:00:00+00:00, run_after=2021-01-01 00:00:00+00:00
[2025-07-01T21:31:31.219+0000] {processor.py:208} INFO - Processing /home/airflow/.local/lib/python3.12/site-packages/airflow/example_dags/example_trigger_controller_dag.py took 0.069 seconds
[2025-07-01T21:32:01.702+0000] {processor.py:186} INFO - Started process (PID=1927) to work on /home/airflow/.local/lib/python3.12/site-packages/airflow/example_dags/example_trigger_controller_dag.py
[2025-07-01T21:32:01.703+0000] {processor.py:914} INFO - Processing file /home/airflow/.local/lib/python3.12/site-packages/airflow/example_dags/example_trigger_controller_dag.py for tasks to queue
[2025-07-01T21:32:01.705+0000] {logging_mixin.py:190} INFO - [2025-07-01T21:32:01.705+0000] {dagbag.py:588} INFO - Filling up the DagBag from /home/airflow/.local/lib/python3.12/site-packages/airflow/example_dags/example_trigger_controller_dag.py
[2025-07-01T21:32:01.712+0000] {processor.py:925} INFO - DAG(s) 'example_trigger_controller_dag' retrieved from /home/airflow/.local/lib/python3.12/site-packages/airflow/example_dags/example_trigger_controller_dag.py
[2025-07-01T21:32:01.735+0000] {logging_mixin.py:190} INFO - [2025-07-01T21:32:01.735+0000] {dag.py:3239} INFO - Sync 1 DAGs
[2025-07-01T21:32:01.758+0000] {logging_mixin.py:190} INFO - [2025-07-01T21:32:01.757+0000] {dag.py:4180} INFO - Setting next_dagrun for example_trigger_controller_dag to 2021-01-01 00:00:00+00:00, run_after=2021-01-01 00:00:00+00:00
[2025-07-01T21:32:01.779+0000] {processor.py:208} INFO - Processing /home/airflow/.local/lib/python3.12/site-packages/airflow/example_dags/example_trigger_controller_dag.py took 0.083 seconds
[2025-07-01T21:32:32.523+0000] {processor.py:186} INFO - Started process (PID=1990) to work on /home/airflow/.local/lib/python3.12/site-packages/airflow/example_dags/example_trigger_controller_dag.py
[2025-07-01T21:32:32.524+0000] {processor.py:914} INFO - Processing file /home/airflow/.local/lib/python3.12/site-packages/airflow/example_dags/example_trigger_controller_dag.py for tasks to queue
[2025-07-01T21:32:32.527+0000] {logging_mixin.py:190} INFO - [2025-07-01T21:32:32.526+0000] {dagbag.py:588} INFO - Filling up the DagBag from /home/airflow/.local/lib/python3.12/site-packages/airflow/example_dags/example_trigger_controller_dag.py
[2025-07-01T21:32:32.533+0000] {processor.py:925} INFO - DAG(s) 'example_trigger_controller_dag' retrieved from /home/airflow/.local/lib/python3.12/site-packages/airflow/example_dags/example_trigger_controller_dag.py
[2025-07-01T21:32:32.551+0000] {logging_mixin.py:190} INFO - [2025-07-01T21:32:32.550+0000] {dag.py:3239} INFO - Sync 1 DAGs
[2025-07-01T21:32:32.572+0000] {logging_mixin.py:190} INFO - [2025-07-01T21:32:32.572+0000] {dag.py:4180} INFO - Setting next_dagrun for example_trigger_controller_dag to 2021-01-01 00:00:00+00:00, run_after=2021-01-01 00:00:00+00:00
[2025-07-01T21:32:32.593+0000] {processor.py:208} INFO - Processing /home/airflow/.local/lib/python3.12/site-packages/airflow/example_dags/example_trigger_controller_dag.py took 0.075 seconds
[2025-07-01T21:33:02.646+0000] {processor.py:186} INFO - Started process (PID=2052) to work on /home/airflow/.local/lib/python3.12/site-packages/airflow/example_dags/example_trigger_controller_dag.py
[2025-07-01T21:33:02.647+0000] {processor.py:914} INFO - Processing file /home/airflow/.local/lib/python3.12/site-packages/airflow/example_dags/example_trigger_controller_dag.py for tasks to queue
[2025-07-01T21:33:02.649+0000] {logging_mixin.py:190} INFO - [2025-07-01T21:33:02.649+0000] {dagbag.py:588} INFO - Filling up the DagBag from /home/airflow/.local/lib/python3.12/site-packages/airflow/example_dags/example_trigger_controller_dag.py
[2025-07-01T21:33:02.655+0000] {processor.py:925} INFO - DAG(s) 'example_trigger_controller_dag' retrieved from /home/airflow/.local/lib/python3.12/site-packages/airflow/example_dags/example_trigger_controller_dag.py
[2025-07-01T21:33:02.672+0000] {logging_mixin.py:190} INFO - [2025-07-01T21:33:02.672+0000] {dag.py:3239} INFO - Sync 1 DAGs
[2025-07-01T21:33:02.689+0000] {logging_mixin.py:190} INFO - [2025-07-01T21:33:02.689+0000] {dag.py:4180} INFO - Setting next_dagrun for example_trigger_controller_dag to 2021-01-01 00:00:00+00:00, run_after=2021-01-01 00:00:00+00:00
[2025-07-01T21:33:02.709+0000] {processor.py:208} INFO - Processing /home/airflow/.local/lib/python3.12/site-packages/airflow/example_dags/example_trigger_controller_dag.py took 0.068 seconds
[2025-07-01T21:33:32.822+0000] {processor.py:186} INFO - Started process (PID=2115) to work on /home/airflow/.local/lib/python3.12/site-packages/airflow/example_dags/example_trigger_controller_dag.py
[2025-07-01T21:33:32.823+0000] {processor.py:914} INFO - Processing file /home/airflow/.local/lib/python3.12/site-packages/airflow/example_dags/example_trigger_controller_dag.py for tasks to queue
[2025-07-01T21:33:32.826+0000] {logging_mixin.py:190} INFO - [2025-07-01T21:33:32.826+0000] {dagbag.py:588} INFO - Filling up the DagBag from /home/airflow/.local/lib/python3.12/site-packages/airflow/example_dags/example_trigger_controller_dag.py
[2025-07-01T21:33:32.833+0000] {processor.py:925} INFO - DAG(s) 'example_trigger_controller_dag' retrieved from /home/airflow/.local/lib/python3.12/site-packages/airflow/example_dags/example_trigger_controller_dag.py
[2025-07-01T21:33:32.852+0000] {logging_mixin.py:190} INFO - [2025-07-01T21:33:32.851+0000] {dag.py:3239} INFO - Sync 1 DAGs
[2025-07-01T21:33:32.872+0000] {logging_mixin.py:190} INFO - [2025-07-01T21:33:32.872+0000] {dag.py:4180} INFO - Setting next_dagrun for example_trigger_controller_dag to 2021-01-01 00:00:00+00:00, run_after=2021-01-01 00:00:00+00:00
[2025-07-01T21:33:32.894+0000] {processor.py:208} INFO - Processing /home/airflow/.local/lib/python3.12/site-packages/airflow/example_dags/example_trigger_controller_dag.py took 0.077 seconds
[2025-07-01T21:34:03.033+0000] {processor.py:186} INFO - Started process (PID=2178) to work on /home/airflow/.local/lib/python3.12/site-packages/airflow/example_dags/example_trigger_controller_dag.py
[2025-07-01T21:34:03.034+0000] {processor.py:914} INFO - Processing file /home/airflow/.local/lib/python3.12/site-packages/airflow/example_dags/example_trigger_controller_dag.py for tasks to queue
[2025-07-01T21:34:03.036+0000] {logging_mixin.py:190} INFO - [2025-07-01T21:34:03.036+0000] {dagbag.py:588} INFO - Filling up the DagBag from /home/airflow/.local/lib/python3.12/site-packages/airflow/example_dags/example_trigger_controller_dag.py
[2025-07-01T21:34:03.042+0000] {processor.py:925} INFO - DAG(s) 'example_trigger_controller_dag' retrieved from /home/airflow/.local/lib/python3.12/site-packages/airflow/example_dags/example_trigger_controller_dag.py
[2025-07-01T21:34:03.059+0000] {logging_mixin.py:190} INFO - [2025-07-01T21:34:03.059+0000] {dag.py:3239} INFO - Sync 1 DAGs
[2025-07-01T21:34:03.078+0000] {logging_mixin.py:190} INFO - [2025-07-01T21:34:03.077+0000] {dag.py:4180} INFO - Setting next_dagrun for example_trigger_controller_dag to 2021-01-01 00:00:00+00:00, run_after=2021-01-01 00:00:00+00:00
[2025-07-01T21:34:03.098+0000] {processor.py:208} INFO - Processing /home/airflow/.local/lib/python3.12/site-packages/airflow/example_dags/example_trigger_controller_dag.py took 0.071 seconds
[2025-07-01T21:34:33.292+0000] {processor.py:186} INFO - Started process (PID=2241) to work on /home/airflow/.local/lib/python3.12/site-packages/airflow/example_dags/example_trigger_controller_dag.py
[2025-07-01T21:34:33.293+0000] {processor.py:914} INFO - Processing file /home/airflow/.local/lib/python3.12/site-packages/airflow/example_dags/example_trigger_controller_dag.py for tasks to queue
[2025-07-01T21:34:33.295+0000] {logging_mixin.py:190} INFO - [2025-07-01T21:34:33.295+0000] {dagbag.py:588} INFO - Filling up the DagBag from /home/airflow/.local/lib/python3.12/site-packages/airflow/example_dags/example_trigger_controller_dag.py
[2025-07-01T21:34:33.302+0000] {processor.py:925} INFO - DAG(s) 'example_trigger_controller_dag' retrieved from /home/airflow/.local/lib/python3.12/site-packages/airflow/example_dags/example_trigger_controller_dag.py
[2025-07-01T21:34:33.320+0000] {logging_mixin.py:190} INFO - [2025-07-01T21:34:33.320+0000] {dag.py:3239} INFO - Sync 1 DAGs
[2025-07-01T21:34:33.341+0000] {logging_mixin.py:190} INFO - [2025-07-01T21:34:33.341+0000] {dag.py:4180} INFO - Setting next_dagrun for example_trigger_controller_dag to 2021-01-01 00:00:00+00:00, run_after=2021-01-01 00:00:00+00:00
[2025-07-01T21:34:33.360+0000] {processor.py:208} INFO - Processing /home/airflow/.local/lib/python3.12/site-packages/airflow/example_dags/example_trigger_controller_dag.py took 0.074 seconds
[2025-07-01T21:35:04.306+0000] {processor.py:186} INFO - Started process (PID=2304) to work on /home/airflow/.local/lib/python3.12/site-packages/airflow/example_dags/example_trigger_controller_dag.py
[2025-07-01T21:35:04.307+0000] {processor.py:914} INFO - Processing file /home/airflow/.local/lib/python3.12/site-packages/airflow/example_dags/example_trigger_controller_dag.py for tasks to queue
[2025-07-01T21:35:04.309+0000] {logging_mixin.py:190} INFO - [2025-07-01T21:35:04.309+0000] {dagbag.py:588} INFO - Filling up the DagBag from /home/airflow/.local/lib/python3.12/site-packages/airflow/example_dags/example_trigger_controller_dag.py
[2025-07-01T21:35:04.315+0000] {processor.py:925} INFO - DAG(s) 'example_trigger_controller_dag' retrieved from /home/airflow/.local/lib/python3.12/site-packages/airflow/example_dags/example_trigger_controller_dag.py
[2025-07-01T21:35:04.331+0000] {logging_mixin.py:190} INFO - [2025-07-01T21:35:04.330+0000] {dag.py:3239} INFO - Sync 1 DAGs
[2025-07-01T21:35:04.351+0000] {logging_mixin.py:190} INFO - [2025-07-01T21:35:04.351+0000] {dag.py:4180} INFO - Setting next_dagrun for example_trigger_controller_dag to 2021-01-01 00:00:00+00:00, run_after=2021-01-01 00:00:00+00:00
[2025-07-01T21:35:04.371+0000] {processor.py:208} INFO - Processing /home/airflow/.local/lib/python3.12/site-packages/airflow/example_dags/example_trigger_controller_dag.py took 0.071 seconds
[2025-07-01T21:35:35.206+0000] {processor.py:186} INFO - Started process (PID=2367) to work on /home/airflow/.local/lib/python3.12/site-packages/airflow/example_dags/example_trigger_controller_dag.py
[2025-07-01T21:35:35.207+0000] {processor.py:914} INFO - Processing file /home/airflow/.local/lib/python3.12/site-packages/airflow/example_dags/example_trigger_controller_dag.py for tasks to queue
[2025-07-01T21:35:35.209+0000] {logging_mixin.py:190} INFO - [2025-07-01T21:35:35.209+0000] {dagbag.py:588} INFO - Filling up the DagBag from /home/airflow/.local/lib/python3.12/site-packages/airflow/example_dags/example_trigger_controller_dag.py
[2025-07-01T21:35:35.215+0000] {processor.py:925} INFO - DAG(s) 'example_trigger_controller_dag' retrieved from /home/airflow/.local/lib/python3.12/site-packages/airflow/example_dags/example_trigger_controller_dag.py
[2025-07-01T21:35:35.231+0000] {logging_mixin.py:190} INFO - [2025-07-01T21:35:35.231+0000] {dag.py:3239} INFO - Sync 1 DAGs
[2025-07-01T21:35:35.248+0000] {logging_mixin.py:190} INFO - [2025-07-01T21:35:35.248+0000] {dag.py:4180} INFO - Setting next_dagrun for example_trigger_controller_dag to 2021-01-01 00:00:00+00:00, run_after=2021-01-01 00:00:00+00:00
[2025-07-01T21:35:35.267+0000] {processor.py:208} INFO - Processing /home/airflow/.local/lib/python3.12/site-packages/airflow/example_dags/example_trigger_controller_dag.py took 0.066 seconds
[2025-07-01T21:36:05.782+0000] {processor.py:186} INFO - Started process (PID=2430) to work on /home/airflow/.local/lib/python3.12/site-packages/airflow/example_dags/example_trigger_controller_dag.py
[2025-07-01T21:36:05.783+0000] {processor.py:914} INFO - Processing file /home/airflow/.local/lib/python3.12/site-packages/airflow/example_dags/example_trigger_controller_dag.py for tasks to queue
[2025-07-01T21:36:05.785+0000] {logging_mixin.py:190} INFO - [2025-07-01T21:36:05.784+0000] {dagbag.py:588} INFO - Filling up the DagBag from /home/airflow/.local/lib/python3.12/site-packages/airflow/example_dags/example_trigger_controller_dag.py
[2025-07-01T21:36:05.790+0000] {processor.py:925} INFO - DAG(s) 'example_trigger_controller_dag' retrieved from /home/airflow/.local/lib/python3.12/site-packages/airflow/example_dags/example_trigger_controller_dag.py
[2025-07-01T21:36:05.807+0000] {logging_mixin.py:190} INFO - [2025-07-01T21:36:05.807+0000] {dag.py:3239} INFO - Sync 1 DAGs
[2025-07-01T21:36:05.826+0000] {logging_mixin.py:190} INFO - [2025-07-01T21:36:05.825+0000] {dag.py:4180} INFO - Setting next_dagrun for example_trigger_controller_dag to 2021-01-01 00:00:00+00:00, run_after=2021-01-01 00:00:00+00:00
[2025-07-01T21:36:05.845+0000] {processor.py:208} INFO - Processing /home/airflow/.local/lib/python3.12/site-packages/airflow/example_dags/example_trigger_controller_dag.py took 0.068 seconds
[2025-07-01T21:36:36.140+0000] {processor.py:186} INFO - Started process (PID=2493) to work on /home/airflow/.local/lib/python3.12/site-packages/airflow/example_dags/example_trigger_controller_dag.py
[2025-07-01T21:36:36.141+0000] {processor.py:914} INFO - Processing file /home/airflow/.local/lib/python3.12/site-packages/airflow/example_dags/example_trigger_controller_dag.py for tasks to queue
[2025-07-01T21:36:36.143+0000] {logging_mixin.py:190} INFO - [2025-07-01T21:36:36.143+0000] {dagbag.py:588} INFO - Filling up the DagBag from /home/airflow/.local/lib/python3.12/site-packages/airflow/example_dags/example_trigger_controller_dag.py
[2025-07-01T21:36:36.149+0000] {processor.py:925} INFO - DAG(s) 'example_trigger_controller_dag' retrieved from /home/airflow/.local/lib/python3.12/site-packages/airflow/example_dags/example_trigger_controller_dag.py
[2025-07-01T21:36:36.166+0000] {logging_mixin.py:190} INFO - [2025-07-01T21:36:36.166+0000] {dag.py:3239} INFO - Sync 1 DAGs
[2025-07-01T21:36:36.184+0000] {logging_mixin.py:190} INFO - [2025-07-01T21:36:36.184+0000] {dag.py:4180} INFO - Setting next_dagrun for example_trigger_controller_dag to 2021-01-01 00:00:00+00:00, run_after=2021-01-01 00:00:00+00:00
[2025-07-01T21:36:36.204+0000] {processor.py:208} INFO - Processing /home/airflow/.local/lib/python3.12/site-packages/airflow/example_dags/example_trigger_controller_dag.py took 0.069 seconds
[2025-07-01T21:37:06.343+0000] {processor.py:186} INFO - Started process (PID=2556) to work on /home/airflow/.local/lib/python3.12/site-packages/airflow/example_dags/example_trigger_controller_dag.py
[2025-07-01T21:37:06.343+0000] {processor.py:914} INFO - Processing file /home/airflow/.local/lib/python3.12/site-packages/airflow/example_dags/example_trigger_controller_dag.py for tasks to queue
[2025-07-01T21:37:06.346+0000] {logging_mixin.py:190} INFO - [2025-07-01T21:37:06.346+0000] {dagbag.py:588} INFO - Filling up the DagBag from /home/airflow/.local/lib/python3.12/site-packages/airflow/example_dags/example_trigger_controller_dag.py
[2025-07-01T21:37:06.351+0000] {processor.py:925} INFO - DAG(s) 'example_trigger_controller_dag' retrieved from /home/airflow/.local/lib/python3.12/site-packages/airflow/example_dags/example_trigger_controller_dag.py
[2025-07-01T21:37:06.367+0000] {logging_mixin.py:190} INFO - [2025-07-01T21:37:06.367+0000] {dag.py:3239} INFO - Sync 1 DAGs
[2025-07-01T21:37:06.385+0000] {logging_mixin.py:190} INFO - [2025-07-01T21:37:06.385+0000] {dag.py:4180} INFO - Setting next_dagrun for example_trigger_controller_dag to 2021-01-01 00:00:00+00:00, run_after=2021-01-01 00:00:00+00:00
[2025-07-01T21:37:06.405+0000] {processor.py:208} INFO - Processing /home/airflow/.local/lib/python3.12/site-packages/airflow/example_dags/example_trigger_controller_dag.py took 0.068 seconds
[2025-07-01T21:37:36.875+0000] {processor.py:186} INFO - Started process (PID=2619) to work on /home/airflow/.local/lib/python3.12/site-packages/airflow/example_dags/example_trigger_controller_dag.py
[2025-07-01T21:37:36.876+0000] {processor.py:914} INFO - Processing file /home/airflow/.local/lib/python3.12/site-packages/airflow/example_dags/example_trigger_controller_dag.py for tasks to queue
[2025-07-01T21:37:36.879+0000] {logging_mixin.py:190} INFO - [2025-07-01T21:37:36.878+0000] {dagbag.py:588} INFO - Filling up the DagBag from /home/airflow/.local/lib/python3.12/site-packages/airflow/example_dags/example_trigger_controller_dag.py
[2025-07-01T21:37:36.885+0000] {processor.py:925} INFO - DAG(s) 'example_trigger_controller_dag' retrieved from /home/airflow/.local/lib/python3.12/site-packages/airflow/example_dags/example_trigger_controller_dag.py
[2025-07-01T21:37:36.901+0000] {logging_mixin.py:190} INFO - [2025-07-01T21:37:36.901+0000] {dag.py:3239} INFO - Sync 1 DAGs
[2025-07-01T21:37:36.918+0000] {logging_mixin.py:190} INFO - [2025-07-01T21:37:36.918+0000] {dag.py:4180} INFO - Setting next_dagrun for example_trigger_controller_dag to 2021-01-01 00:00:00+00:00, run_after=2021-01-01 00:00:00+00:00
[2025-07-01T21:37:36.936+0000] {processor.py:208} INFO - Processing /home/airflow/.local/lib/python3.12/site-packages/airflow/example_dags/example_trigger_controller_dag.py took 0.065 seconds
[2025-07-01T21:38:07.855+0000] {processor.py:186} INFO - Started process (PID=2682) to work on /home/airflow/.local/lib/python3.12/site-packages/airflow/example_dags/example_trigger_controller_dag.py
[2025-07-01T21:38:07.856+0000] {processor.py:914} INFO - Processing file /home/airflow/.local/lib/python3.12/site-packages/airflow/example_dags/example_trigger_controller_dag.py for tasks to queue
[2025-07-01T21:38:07.858+0000] {logging_mixin.py:190} INFO - [2025-07-01T21:38:07.858+0000] {dagbag.py:588} INFO - Filling up the DagBag from /home/airflow/.local/lib/python3.12/site-packages/airflow/example_dags/example_trigger_controller_dag.py
[2025-07-01T21:38:07.864+0000] {processor.py:925} INFO - DAG(s) 'example_trigger_controller_dag' retrieved from /home/airflow/.local/lib/python3.12/site-packages/airflow/example_dags/example_trigger_controller_dag.py
[2025-07-01T21:38:07.881+0000] {logging_mixin.py:190} INFO - [2025-07-01T21:38:07.880+0000] {dag.py:3239} INFO - Sync 1 DAGs
[2025-07-01T21:38:07.898+0000] {logging_mixin.py:190} INFO - [2025-07-01T21:38:07.898+0000] {dag.py:4180} INFO - Setting next_dagrun for example_trigger_controller_dag to 2021-01-01 00:00:00+00:00, run_after=2021-01-01 00:00:00+00:00
[2025-07-01T21:38:07.918+0000] {processor.py:208} INFO - Processing /home/airflow/.local/lib/python3.12/site-packages/airflow/example_dags/example_trigger_controller_dag.py took 0.068 seconds
[2025-07-01T21:38:38.438+0000] {processor.py:186} INFO - Started process (PID=2745) to work on /home/airflow/.local/lib/python3.12/site-packages/airflow/example_dags/example_trigger_controller_dag.py
[2025-07-01T21:38:38.439+0000] {processor.py:914} INFO - Processing file /home/airflow/.local/lib/python3.12/site-packages/airflow/example_dags/example_trigger_controller_dag.py for tasks to queue
[2025-07-01T21:38:38.441+0000] {logging_mixin.py:190} INFO - [2025-07-01T21:38:38.440+0000] {dagbag.py:588} INFO - Filling up the DagBag from /home/airflow/.local/lib/python3.12/site-packages/airflow/example_dags/example_trigger_controller_dag.py
[2025-07-01T21:38:38.446+0000] {processor.py:925} INFO - DAG(s) 'example_trigger_controller_dag' retrieved from /home/airflow/.local/lib/python3.12/site-packages/airflow/example_dags/example_trigger_controller_dag.py
[2025-07-01T21:38:38.463+0000] {logging_mixin.py:190} INFO - [2025-07-01T21:38:38.462+0000] {dag.py:3239} INFO - Sync 1 DAGs
[2025-07-01T21:38:38.482+0000] {logging_mixin.py:190} INFO - [2025-07-01T21:38:38.481+0000] {dag.py:4180} INFO - Setting next_dagrun for example_trigger_controller_dag to 2021-01-01 00:00:00+00:00, run_after=2021-01-01 00:00:00+00:00
[2025-07-01T21:38:38.502+0000] {processor.py:208} INFO - Processing /home/airflow/.local/lib/python3.12/site-packages/airflow/example_dags/example_trigger_controller_dag.py took 0.069 seconds
[2025-07-01T21:39:09.357+0000] {processor.py:186} INFO - Started process (PID=2808) to work on /home/airflow/.local/lib/python3.12/site-packages/airflow/example_dags/example_trigger_controller_dag.py
[2025-07-01T21:39:09.357+0000] {processor.py:914} INFO - Processing file /home/airflow/.local/lib/python3.12/site-packages/airflow/example_dags/example_trigger_controller_dag.py for tasks to queue
[2025-07-01T21:39:09.360+0000] {logging_mixin.py:190} INFO - [2025-07-01T21:39:09.359+0000] {dagbag.py:588} INFO - Filling up the DagBag from /home/airflow/.local/lib/python3.12/site-packages/airflow/example_dags/example_trigger_controller_dag.py
[2025-07-01T21:39:09.366+0000] {processor.py:925} INFO - DAG(s) 'example_trigger_controller_dag' retrieved from /home/airflow/.local/lib/python3.12/site-packages/airflow/example_dags/example_trigger_controller_dag.py
[2025-07-01T21:39:09.385+0000] {logging_mixin.py:190} INFO - [2025-07-01T21:39:09.385+0000] {dag.py:3239} INFO - Sync 1 DAGs
[2025-07-01T21:39:09.402+0000] {logging_mixin.py:190} INFO - [2025-07-01T21:39:09.402+0000] {dag.py:4180} INFO - Setting next_dagrun for example_trigger_controller_dag to 2021-01-01 00:00:00+00:00, run_after=2021-01-01 00:00:00+00:00
[2025-07-01T21:39:09.422+0000] {processor.py:208} INFO - Processing /home/airflow/.local/lib/python3.12/site-packages/airflow/example_dags/example_trigger_controller_dag.py took 0.071 seconds
[2025-07-01T21:39:40.176+0000] {processor.py:186} INFO - Started process (PID=2871) to work on /home/airflow/.local/lib/python3.12/site-packages/airflow/example_dags/example_trigger_controller_dag.py
[2025-07-01T21:39:40.177+0000] {processor.py:914} INFO - Processing file /home/airflow/.local/lib/python3.12/site-packages/airflow/example_dags/example_trigger_controller_dag.py for tasks to queue
[2025-07-01T21:39:40.179+0000] {logging_mixin.py:190} INFO - [2025-07-01T21:39:40.179+0000] {dagbag.py:588} INFO - Filling up the DagBag from /home/airflow/.local/lib/python3.12/site-packages/airflow/example_dags/example_trigger_controller_dag.py
[2025-07-01T21:39:40.185+0000] {processor.py:925} INFO - DAG(s) 'example_trigger_controller_dag' retrieved from /home/airflow/.local/lib/python3.12/site-packages/airflow/example_dags/example_trigger_controller_dag.py
[2025-07-01T21:39:40.203+0000] {logging_mixin.py:190} INFO - [2025-07-01T21:39:40.203+0000] {dag.py:3239} INFO - Sync 1 DAGs
[2025-07-01T21:39:40.222+0000] {logging_mixin.py:190} INFO - [2025-07-01T21:39:40.222+0000] {dag.py:4180} INFO - Setting next_dagrun for example_trigger_controller_dag to 2021-01-01 00:00:00+00:00, run_after=2021-01-01 00:00:00+00:00
[2025-07-01T21:39:40.242+0000] {processor.py:208} INFO - Processing /home/airflow/.local/lib/python3.12/site-packages/airflow/example_dags/example_trigger_controller_dag.py took 0.072 seconds
[2025-07-01T21:40:11.148+0000] {processor.py:186} INFO - Started process (PID=2935) to work on /home/airflow/.local/lib/python3.12/site-packages/airflow/example_dags/example_trigger_controller_dag.py
[2025-07-01T21:40:11.149+0000] {processor.py:914} INFO - Processing file /home/airflow/.local/lib/python3.12/site-packages/airflow/example_dags/example_trigger_controller_dag.py for tasks to queue
[2025-07-01T21:40:11.151+0000] {logging_mixin.py:190} INFO - [2025-07-01T21:40:11.151+0000] {dagbag.py:588} INFO - Filling up the DagBag from /home/airflow/.local/lib/python3.12/site-packages/airflow/example_dags/example_trigger_controller_dag.py
[2025-07-01T21:40:11.157+0000] {processor.py:925} INFO - DAG(s) 'example_trigger_controller_dag' retrieved from /home/airflow/.local/lib/python3.12/site-packages/airflow/example_dags/example_trigger_controller_dag.py
[2025-07-01T21:40:11.174+0000] {logging_mixin.py:190} INFO - [2025-07-01T21:40:11.174+0000] {dag.py:3239} INFO - Sync 1 DAGs
[2025-07-01T21:40:11.192+0000] {logging_mixin.py:190} INFO - [2025-07-01T21:40:11.192+0000] {dag.py:4180} INFO - Setting next_dagrun for example_trigger_controller_dag to 2021-01-01 00:00:00+00:00, run_after=2021-01-01 00:00:00+00:00
[2025-07-01T21:40:11.209+0000] {processor.py:208} INFO - Processing /home/airflow/.local/lib/python3.12/site-packages/airflow/example_dags/example_trigger_controller_dag.py took 0.066 seconds
[2025-07-01T21:40:41.908+0000] {processor.py:186} INFO - Started process (PID=2998) to work on /home/airflow/.local/lib/python3.12/site-packages/airflow/example_dags/example_trigger_controller_dag.py
[2025-07-01T21:40:41.909+0000] {processor.py:914} INFO - Processing file /home/airflow/.local/lib/python3.12/site-packages/airflow/example_dags/example_trigger_controller_dag.py for tasks to queue
[2025-07-01T21:40:41.912+0000] {logging_mixin.py:190} INFO - [2025-07-01T21:40:41.912+0000] {dagbag.py:588} INFO - Filling up the DagBag from /home/airflow/.local/lib/python3.12/site-packages/airflow/example_dags/example_trigger_controller_dag.py
[2025-07-01T21:40:41.919+0000] {processor.py:925} INFO - DAG(s) 'example_trigger_controller_dag' retrieved from /home/airflow/.local/lib/python3.12/site-packages/airflow/example_dags/example_trigger_controller_dag.py
[2025-07-01T21:40:41.937+0000] {logging_mixin.py:190} INFO - [2025-07-01T21:40:41.936+0000] {dag.py:3239} INFO - Sync 1 DAGs
[2025-07-01T21:40:41.957+0000] {logging_mixin.py:190} INFO - [2025-07-01T21:40:41.956+0000] {dag.py:4180} INFO - Setting next_dagrun for example_trigger_controller_dag to 2021-01-01 00:00:00+00:00, run_after=2021-01-01 00:00:00+00:00
[2025-07-01T21:40:41.976+0000] {processor.py:208} INFO - Processing /home/airflow/.local/lib/python3.12/site-packages/airflow/example_dags/example_trigger_controller_dag.py took 0.074 seconds
[2025-07-01T21:41:12.679+0000] {processor.py:186} INFO - Started process (PID=3061) to work on /home/airflow/.local/lib/python3.12/site-packages/airflow/example_dags/example_trigger_controller_dag.py
[2025-07-01T21:41:12.680+0000] {processor.py:914} INFO - Processing file /home/airflow/.local/lib/python3.12/site-packages/airflow/example_dags/example_trigger_controller_dag.py for tasks to queue
[2025-07-01T21:41:12.683+0000] {logging_mixin.py:190} INFO - [2025-07-01T21:41:12.682+0000] {dagbag.py:588} INFO - Filling up the DagBag from /home/airflow/.local/lib/python3.12/site-packages/airflow/example_dags/example_trigger_controller_dag.py
[2025-07-01T21:41:12.688+0000] {processor.py:925} INFO - DAG(s) 'example_trigger_controller_dag' retrieved from /home/airflow/.local/lib/python3.12/site-packages/airflow/example_dags/example_trigger_controller_dag.py
[2025-07-01T21:41:12.704+0000] {logging_mixin.py:190} INFO - [2025-07-01T21:41:12.704+0000] {dag.py:3239} INFO - Sync 1 DAGs
[2025-07-01T21:41:12.721+0000] {logging_mixin.py:190} INFO - [2025-07-01T21:41:12.721+0000] {dag.py:4180} INFO - Setting next_dagrun for example_trigger_controller_dag to 2021-01-01 00:00:00+00:00, run_after=2021-01-01 00:00:00+00:00
[2025-07-01T21:41:12.741+0000] {processor.py:208} INFO - Processing /home/airflow/.local/lib/python3.12/site-packages/airflow/example_dags/example_trigger_controller_dag.py took 0.066 seconds
[2025-07-01T21:41:43.593+0000] {processor.py:186} INFO - Started process (PID=3124) to work on /home/airflow/.local/lib/python3.12/site-packages/airflow/example_dags/example_trigger_controller_dag.py
[2025-07-01T21:41:43.594+0000] {processor.py:914} INFO - Processing file /home/airflow/.local/lib/python3.12/site-packages/airflow/example_dags/example_trigger_controller_dag.py for tasks to queue
[2025-07-01T21:41:43.596+0000] {logging_mixin.py:190} INFO - [2025-07-01T21:41:43.596+0000] {dagbag.py:588} INFO - Filling up the DagBag from /home/airflow/.local/lib/python3.12/site-packages/airflow/example_dags/example_trigger_controller_dag.py
[2025-07-01T21:41:43.602+0000] {processor.py:925} INFO - DAG(s) 'example_trigger_controller_dag' retrieved from /home/airflow/.local/lib/python3.12/site-packages/airflow/example_dags/example_trigger_controller_dag.py
[2025-07-01T21:41:43.619+0000] {logging_mixin.py:190} INFO - [2025-07-01T21:41:43.618+0000] {dag.py:3239} INFO - Sync 1 DAGs
[2025-07-01T21:41:43.636+0000] {logging_mixin.py:190} INFO - [2025-07-01T21:41:43.635+0000] {dag.py:4180} INFO - Setting next_dagrun for example_trigger_controller_dag to 2021-01-01 00:00:00+00:00, run_after=2021-01-01 00:00:00+00:00
[2025-07-01T21:41:43.656+0000] {processor.py:208} INFO - Processing /home/airflow/.local/lib/python3.12/site-packages/airflow/example_dags/example_trigger_controller_dag.py took 0.068 seconds
[2025-07-01T21:42:14.417+0000] {processor.py:186} INFO - Started process (PID=3187) to work on /home/airflow/.local/lib/python3.12/site-packages/airflow/example_dags/example_trigger_controller_dag.py
[2025-07-01T21:42:14.418+0000] {processor.py:914} INFO - Processing file /home/airflow/.local/lib/python3.12/site-packages/airflow/example_dags/example_trigger_controller_dag.py for tasks to queue
[2025-07-01T21:42:14.420+0000] {logging_mixin.py:190} INFO - [2025-07-01T21:42:14.420+0000] {dagbag.py:588} INFO - Filling up the DagBag from /home/airflow/.local/lib/python3.12/site-packages/airflow/example_dags/example_trigger_controller_dag.py
[2025-07-01T21:42:14.426+0000] {processor.py:925} INFO - DAG(s) 'example_trigger_controller_dag' retrieved from /home/airflow/.local/lib/python3.12/site-packages/airflow/example_dags/example_trigger_controller_dag.py
[2025-07-01T21:42:14.444+0000] {logging_mixin.py:190} INFO - [2025-07-01T21:42:14.443+0000] {dag.py:3239} INFO - Sync 1 DAGs
[2025-07-01T21:42:14.463+0000] {logging_mixin.py:190} INFO - [2025-07-01T21:42:14.463+0000] {dag.py:4180} INFO - Setting next_dagrun for example_trigger_controller_dag to 2021-01-01 00:00:00+00:00, run_after=2021-01-01 00:00:00+00:00
[2025-07-01T21:42:14.484+0000] {processor.py:208} INFO - Processing /home/airflow/.local/lib/python3.12/site-packages/airflow/example_dags/example_trigger_controller_dag.py took 0.073 seconds
[2025-07-01T21:42:45.379+0000] {processor.py:186} INFO - Started process (PID=3251) to work on /home/airflow/.local/lib/python3.12/site-packages/airflow/example_dags/example_trigger_controller_dag.py
[2025-07-01T21:42:45.380+0000] {processor.py:914} INFO - Processing file /home/airflow/.local/lib/python3.12/site-packages/airflow/example_dags/example_trigger_controller_dag.py for tasks to queue
[2025-07-01T21:42:45.382+0000] {logging_mixin.py:190} INFO - [2025-07-01T21:42:45.382+0000] {dagbag.py:588} INFO - Filling up the DagBag from /home/airflow/.local/lib/python3.12/site-packages/airflow/example_dags/example_trigger_controller_dag.py
[2025-07-01T21:42:45.388+0000] {processor.py:925} INFO - DAG(s) 'example_trigger_controller_dag' retrieved from /home/airflow/.local/lib/python3.12/site-packages/airflow/example_dags/example_trigger_controller_dag.py
[2025-07-01T21:42:45.404+0000] {logging_mixin.py:190} INFO - [2025-07-01T21:42:45.404+0000] {dag.py:3239} INFO - Sync 1 DAGs
[2025-07-01T21:42:45.421+0000] {logging_mixin.py:190} INFO - [2025-07-01T21:42:45.421+0000] {dag.py:4180} INFO - Setting next_dagrun for example_trigger_controller_dag to 2021-01-01 00:00:00+00:00, run_after=2021-01-01 00:00:00+00:00
[2025-07-01T21:42:45.440+0000] {processor.py:208} INFO - Processing /home/airflow/.local/lib/python3.12/site-packages/airflow/example_dags/example_trigger_controller_dag.py took 0.065 seconds
[2025-07-01T21:43:15.556+0000] {processor.py:186} INFO - Started process (PID=3314) to work on /home/airflow/.local/lib/python3.12/site-packages/airflow/example_dags/example_trigger_controller_dag.py
[2025-07-01T21:43:15.557+0000] {processor.py:914} INFO - Processing file /home/airflow/.local/lib/python3.12/site-packages/airflow/example_dags/example_trigger_controller_dag.py for tasks to queue
[2025-07-01T21:43:15.559+0000] {logging_mixin.py:190} INFO - [2025-07-01T21:43:15.559+0000] {dagbag.py:588} INFO - Filling up the DagBag from /home/airflow/.local/lib/python3.12/site-packages/airflow/example_dags/example_trigger_controller_dag.py
[2025-07-01T21:43:15.566+0000] {processor.py:925} INFO - DAG(s) 'example_trigger_controller_dag' retrieved from /home/airflow/.local/lib/python3.12/site-packages/airflow/example_dags/example_trigger_controller_dag.py
[2025-07-01T21:43:15.583+0000] {logging_mixin.py:190} INFO - [2025-07-01T21:43:15.583+0000] {dag.py:3239} INFO - Sync 1 DAGs
[2025-07-01T21:43:15.603+0000] {logging_mixin.py:190} INFO - [2025-07-01T21:43:15.603+0000] {dag.py:4180} INFO - Setting next_dagrun for example_trigger_controller_dag to 2021-01-01 00:00:00+00:00, run_after=2021-01-01 00:00:00+00:00
[2025-07-01T21:43:15.622+0000] {processor.py:208} INFO - Processing /home/airflow/.local/lib/python3.12/site-packages/airflow/example_dags/example_trigger_controller_dag.py took 0.073 seconds
[2025-07-01T21:43:46.417+0000] {processor.py:186} INFO - Started process (PID=3377) to work on /home/airflow/.local/lib/python3.12/site-packages/airflow/example_dags/example_trigger_controller_dag.py
[2025-07-01T21:43:46.418+0000] {processor.py:914} INFO - Processing file /home/airflow/.local/lib/python3.12/site-packages/airflow/example_dags/example_trigger_controller_dag.py for tasks to queue
[2025-07-01T21:43:46.420+0000] {logging_mixin.py:190} INFO - [2025-07-01T21:43:46.420+0000] {dagbag.py:588} INFO - Filling up the DagBag from /home/airflow/.local/lib/python3.12/site-packages/airflow/example_dags/example_trigger_controller_dag.py
[2025-07-01T21:43:46.427+0000] {processor.py:925} INFO - DAG(s) 'example_trigger_controller_dag' retrieved from /home/airflow/.local/lib/python3.12/site-packages/airflow/example_dags/example_trigger_controller_dag.py
[2025-07-01T21:43:46.445+0000] {logging_mixin.py:190} INFO - [2025-07-01T21:43:46.444+0000] {dag.py:3239} INFO - Sync 1 DAGs
[2025-07-01T21:43:46.464+0000] {logging_mixin.py:190} INFO - [2025-07-01T21:43:46.464+0000] {dag.py:4180} INFO - Setting next_dagrun for example_trigger_controller_dag to 2021-01-01 00:00:00+00:00, run_after=2021-01-01 00:00:00+00:00
[2025-07-01T21:43:46.485+0000] {processor.py:208} INFO - Processing /home/airflow/.local/lib/python3.12/site-packages/airflow/example_dags/example_trigger_controller_dag.py took 0.074 seconds
[2025-07-01T21:44:17.191+0000] {processor.py:186} INFO - Started process (PID=3440) to work on /home/airflow/.local/lib/python3.12/site-packages/airflow/example_dags/example_trigger_controller_dag.py
[2025-07-01T21:44:17.192+0000] {processor.py:914} INFO - Processing file /home/airflow/.local/lib/python3.12/site-packages/airflow/example_dags/example_trigger_controller_dag.py for tasks to queue
[2025-07-01T21:44:17.194+0000] {logging_mixin.py:190} INFO - [2025-07-01T21:44:17.194+0000] {dagbag.py:588} INFO - Filling up the DagBag from /home/airflow/.local/lib/python3.12/site-packages/airflow/example_dags/example_trigger_controller_dag.py
[2025-07-01T21:44:17.200+0000] {processor.py:925} INFO - DAG(s) 'example_trigger_controller_dag' retrieved from /home/airflow/.local/lib/python3.12/site-packages/airflow/example_dags/example_trigger_controller_dag.py
[2025-07-01T21:44:17.217+0000] {logging_mixin.py:190} INFO - [2025-07-01T21:44:17.217+0000] {dag.py:3239} INFO - Sync 1 DAGs
[2025-07-01T21:44:17.235+0000] {logging_mixin.py:190} INFO - [2025-07-01T21:44:17.234+0000] {dag.py:4180} INFO - Setting next_dagrun for example_trigger_controller_dag to 2021-01-01 00:00:00+00:00, run_after=2021-01-01 00:00:00+00:00
[2025-07-01T21:44:17.253+0000] {processor.py:208} INFO - Processing /home/airflow/.local/lib/python3.12/site-packages/airflow/example_dags/example_trigger_controller_dag.py took 0.068 seconds
[2025-07-01T21:44:47.908+0000] {processor.py:186} INFO - Started process (PID=3503) to work on /home/airflow/.local/lib/python3.12/site-packages/airflow/example_dags/example_trigger_controller_dag.py
[2025-07-01T21:44:47.910+0000] {processor.py:914} INFO - Processing file /home/airflow/.local/lib/python3.12/site-packages/airflow/example_dags/example_trigger_controller_dag.py for tasks to queue
[2025-07-01T21:44:47.912+0000] {logging_mixin.py:190} INFO - [2025-07-01T21:44:47.912+0000] {dagbag.py:588} INFO - Filling up the DagBag from /home/airflow/.local/lib/python3.12/site-packages/airflow/example_dags/example_trigger_controller_dag.py
[2025-07-01T21:44:47.918+0000] {processor.py:925} INFO - DAG(s) 'example_trigger_controller_dag' retrieved from /home/airflow/.local/lib/python3.12/site-packages/airflow/example_dags/example_trigger_controller_dag.py
[2025-07-01T21:44:47.934+0000] {logging_mixin.py:190} INFO - [2025-07-01T21:44:47.934+0000] {dag.py:3239} INFO - Sync 1 DAGs
[2025-07-01T21:44:47.952+0000] {logging_mixin.py:190} INFO - [2025-07-01T21:44:47.952+0000] {dag.py:4180} INFO - Setting next_dagrun for example_trigger_controller_dag to 2021-01-01 00:00:00+00:00, run_after=2021-01-01 00:00:00+00:00
[2025-07-01T21:44:47.973+0000] {processor.py:208} INFO - Processing /home/airflow/.local/lib/python3.12/site-packages/airflow/example_dags/example_trigger_controller_dag.py took 0.070 seconds
[2025-07-01T21:45:18.828+0000] {processor.py:186} INFO - Started process (PID=3566) to work on /home/airflow/.local/lib/python3.12/site-packages/airflow/example_dags/example_trigger_controller_dag.py
[2025-07-01T21:45:18.830+0000] {processor.py:914} INFO - Processing file /home/airflow/.local/lib/python3.12/site-packages/airflow/example_dags/example_trigger_controller_dag.py for tasks to queue
[2025-07-01T21:45:18.832+0000] {logging_mixin.py:190} INFO - [2025-07-01T21:45:18.832+0000] {dagbag.py:588} INFO - Filling up the DagBag from /home/airflow/.local/lib/python3.12/site-packages/airflow/example_dags/example_trigger_controller_dag.py
[2025-07-01T21:45:18.838+0000] {processor.py:925} INFO - DAG(s) 'example_trigger_controller_dag' retrieved from /home/airflow/.local/lib/python3.12/site-packages/airflow/example_dags/example_trigger_controller_dag.py
[2025-07-01T21:45:18.855+0000] {logging_mixin.py:190} INFO - [2025-07-01T21:45:18.855+0000] {dag.py:3239} INFO - Sync 1 DAGs
[2025-07-01T21:45:18.873+0000] {logging_mixin.py:190} INFO - [2025-07-01T21:45:18.872+0000] {dag.py:4180} INFO - Setting next_dagrun for example_trigger_controller_dag to 2021-01-01 00:00:00+00:00, run_after=2021-01-01 00:00:00+00:00
[2025-07-01T21:45:18.892+0000] {processor.py:208} INFO - Processing /home/airflow/.local/lib/python3.12/site-packages/airflow/example_dags/example_trigger_controller_dag.py took 0.069 seconds
[2025-07-01T21:45:49.814+0000] {processor.py:186} INFO - Started process (PID=3629) to work on /home/airflow/.local/lib/python3.12/site-packages/airflow/example_dags/example_trigger_controller_dag.py
[2025-07-01T21:45:49.814+0000] {processor.py:914} INFO - Processing file /home/airflow/.local/lib/python3.12/site-packages/airflow/example_dags/example_trigger_controller_dag.py for tasks to queue
[2025-07-01T21:45:49.817+0000] {logging_mixin.py:190} INFO - [2025-07-01T21:45:49.816+0000] {dagbag.py:588} INFO - Filling up the DagBag from /home/airflow/.local/lib/python3.12/site-packages/airflow/example_dags/example_trigger_controller_dag.py
[2025-07-01T21:45:49.822+0000] {processor.py:925} INFO - DAG(s) 'example_trigger_controller_dag' retrieved from /home/airflow/.local/lib/python3.12/site-packages/airflow/example_dags/example_trigger_controller_dag.py
[2025-07-01T21:45:49.838+0000] {logging_mixin.py:190} INFO - [2025-07-01T21:45:49.838+0000] {dag.py:3239} INFO - Sync 1 DAGs
[2025-07-01T21:45:49.856+0000] {logging_mixin.py:190} INFO - [2025-07-01T21:45:49.856+0000] {dag.py:4180} INFO - Setting next_dagrun for example_trigger_controller_dag to 2021-01-01 00:00:00+00:00, run_after=2021-01-01 00:00:00+00:00
[2025-07-01T21:45:49.875+0000] {processor.py:208} INFO - Processing /home/airflow/.local/lib/python3.12/site-packages/airflow/example_dags/example_trigger_controller_dag.py took 0.067 seconds
[2025-07-01T21:46:20.670+0000] {processor.py:186} INFO - Started process (PID=3692) to work on /home/airflow/.local/lib/python3.12/site-packages/airflow/example_dags/example_trigger_controller_dag.py
[2025-07-01T21:46:20.671+0000] {processor.py:914} INFO - Processing file /home/airflow/.local/lib/python3.12/site-packages/airflow/example_dags/example_trigger_controller_dag.py for tasks to queue
[2025-07-01T21:46:20.673+0000] {logging_mixin.py:190} INFO - [2025-07-01T21:46:20.673+0000] {dagbag.py:588} INFO - Filling up the DagBag from /home/airflow/.local/lib/python3.12/site-packages/airflow/example_dags/example_trigger_controller_dag.py
[2025-07-01T21:46:20.679+0000] {processor.py:925} INFO - DAG(s) 'example_trigger_controller_dag' retrieved from /home/airflow/.local/lib/python3.12/site-packages/airflow/example_dags/example_trigger_controller_dag.py
[2025-07-01T21:46:20.695+0000] {logging_mixin.py:190} INFO - [2025-07-01T21:46:20.695+0000] {dag.py:3239} INFO - Sync 1 DAGs
[2025-07-01T21:46:20.714+0000] {logging_mixin.py:190} INFO - [2025-07-01T21:46:20.713+0000] {dag.py:4180} INFO - Setting next_dagrun for example_trigger_controller_dag to 2021-01-01 00:00:00+00:00, run_after=2021-01-01 00:00:00+00:00
[2025-07-01T21:46:20.731+0000] {processor.py:208} INFO - Processing /home/airflow/.local/lib/python3.12/site-packages/airflow/example_dags/example_trigger_controller_dag.py took 0.067 seconds
[2025-07-01T21:46:51.586+0000] {processor.py:186} INFO - Started process (PID=3755) to work on /home/airflow/.local/lib/python3.12/site-packages/airflow/example_dags/example_trigger_controller_dag.py
[2025-07-01T21:46:51.587+0000] {processor.py:914} INFO - Processing file /home/airflow/.local/lib/python3.12/site-packages/airflow/example_dags/example_trigger_controller_dag.py for tasks to queue
[2025-07-01T21:46:51.590+0000] {logging_mixin.py:190} INFO - [2025-07-01T21:46:51.589+0000] {dagbag.py:588} INFO - Filling up the DagBag from /home/airflow/.local/lib/python3.12/site-packages/airflow/example_dags/example_trigger_controller_dag.py
[2025-07-01T21:46:51.595+0000] {processor.py:925} INFO - DAG(s) 'example_trigger_controller_dag' retrieved from /home/airflow/.local/lib/python3.12/site-packages/airflow/example_dags/example_trigger_controller_dag.py
[2025-07-01T21:46:51.611+0000] {logging_mixin.py:190} INFO - [2025-07-01T21:46:51.610+0000] {dag.py:3239} INFO - Sync 1 DAGs
[2025-07-01T21:46:51.633+0000] {logging_mixin.py:190} INFO - [2025-07-01T21:46:51.633+0000] {dag.py:4180} INFO - Setting next_dagrun for example_trigger_controller_dag to 2021-01-01 00:00:00+00:00, run_after=2021-01-01 00:00:00+00:00
[2025-07-01T21:46:51.653+0000] {processor.py:208} INFO - Processing /home/airflow/.local/lib/python3.12/site-packages/airflow/example_dags/example_trigger_controller_dag.py took 0.072 seconds
[2025-07-01T21:47:22.572+0000] {processor.py:186} INFO - Started process (PID=3824) to work on /home/airflow/.local/lib/python3.12/site-packages/airflow/example_dags/example_trigger_controller_dag.py
[2025-07-01T21:47:22.573+0000] {processor.py:914} INFO - Processing file /home/airflow/.local/lib/python3.12/site-packages/airflow/example_dags/example_trigger_controller_dag.py for tasks to queue
[2025-07-01T21:47:22.575+0000] {logging_mixin.py:190} INFO - [2025-07-01T21:47:22.575+0000] {dagbag.py:588} INFO - Filling up the DagBag from /home/airflow/.local/lib/python3.12/site-packages/airflow/example_dags/example_trigger_controller_dag.py
[2025-07-01T21:47:22.581+0000] {processor.py:925} INFO - DAG(s) 'example_trigger_controller_dag' retrieved from /home/airflow/.local/lib/python3.12/site-packages/airflow/example_dags/example_trigger_controller_dag.py
[2025-07-01T21:47:22.597+0000] {logging_mixin.py:190} INFO - [2025-07-01T21:47:22.596+0000] {dag.py:3239} INFO - Sync 1 DAGs
[2025-07-01T21:47:22.615+0000] {logging_mixin.py:190} INFO - [2025-07-01T21:47:22.614+0000] {dag.py:4180} INFO - Setting next_dagrun for example_trigger_controller_dag to 2021-01-01 00:00:00+00:00, run_after=2021-01-01 00:00:00+00:00
[2025-07-01T21:47:22.632+0000] {processor.py:208} INFO - Processing /home/airflow/.local/lib/python3.12/site-packages/airflow/example_dags/example_trigger_controller_dag.py took 0.065 seconds
[2025-07-01T21:47:53.500+0000] {processor.py:186} INFO - Started process (PID=3887) to work on /home/airflow/.local/lib/python3.12/site-packages/airflow/example_dags/example_trigger_controller_dag.py
[2025-07-01T21:47:53.501+0000] {processor.py:914} INFO - Processing file /home/airflow/.local/lib/python3.12/site-packages/airflow/example_dags/example_trigger_controller_dag.py for tasks to queue
[2025-07-01T21:47:53.504+0000] {logging_mixin.py:190} INFO - [2025-07-01T21:47:53.503+0000] {dagbag.py:588} INFO - Filling up the DagBag from /home/airflow/.local/lib/python3.12/site-packages/airflow/example_dags/example_trigger_controller_dag.py
[2025-07-01T21:47:53.510+0000] {processor.py:925} INFO - DAG(s) 'example_trigger_controller_dag' retrieved from /home/airflow/.local/lib/python3.12/site-packages/airflow/example_dags/example_trigger_controller_dag.py
[2025-07-01T21:47:53.529+0000] {logging_mixin.py:190} INFO - [2025-07-01T21:47:53.528+0000] {dag.py:3239} INFO - Sync 1 DAGs
[2025-07-01T21:47:53.549+0000] {logging_mixin.py:190} INFO - [2025-07-01T21:47:53.548+0000] {dag.py:4180} INFO - Setting next_dagrun for example_trigger_controller_dag to 2021-01-01 00:00:00+00:00, run_after=2021-01-01 00:00:00+00:00
[2025-07-01T21:47:53.571+0000] {processor.py:208} INFO - Processing /home/airflow/.local/lib/python3.12/site-packages/airflow/example_dags/example_trigger_controller_dag.py took 0.076 seconds
[2025-07-01T21:48:24.351+0000] {processor.py:186} INFO - Started process (PID=3950) to work on /home/airflow/.local/lib/python3.12/site-packages/airflow/example_dags/example_trigger_controller_dag.py
[2025-07-01T21:48:24.353+0000] {processor.py:914} INFO - Processing file /home/airflow/.local/lib/python3.12/site-packages/airflow/example_dags/example_trigger_controller_dag.py for tasks to queue
[2025-07-01T21:48:24.355+0000] {logging_mixin.py:190} INFO - [2025-07-01T21:48:24.354+0000] {dagbag.py:588} INFO - Filling up the DagBag from /home/airflow/.local/lib/python3.12/site-packages/airflow/example_dags/example_trigger_controller_dag.py
[2025-07-01T21:48:24.360+0000] {processor.py:925} INFO - DAG(s) 'example_trigger_controller_dag' retrieved from /home/airflow/.local/lib/python3.12/site-packages/airflow/example_dags/example_trigger_controller_dag.py
[2025-07-01T21:48:24.378+0000] {logging_mixin.py:190} INFO - [2025-07-01T21:48:24.377+0000] {dag.py:3239} INFO - Sync 1 DAGs
[2025-07-01T21:48:24.395+0000] {logging_mixin.py:190} INFO - [2025-07-01T21:48:24.395+0000] {dag.py:4180} INFO - Setting next_dagrun for example_trigger_controller_dag to 2021-01-01 00:00:00+00:00, run_after=2021-01-01 00:00:00+00:00
[2025-07-01T21:48:24.411+0000] {processor.py:208} INFO - Processing /home/airflow/.local/lib/python3.12/site-packages/airflow/example_dags/example_trigger_controller_dag.py took 0.066 seconds
[2025-07-01T21:48:55.653+0000] {processor.py:186} INFO - Started process (PID=4014) to work on /home/airflow/.local/lib/python3.12/site-packages/airflow/example_dags/example_trigger_controller_dag.py
[2025-07-01T21:48:55.654+0000] {processor.py:914} INFO - Processing file /home/airflow/.local/lib/python3.12/site-packages/airflow/example_dags/example_trigger_controller_dag.py for tasks to queue
[2025-07-01T21:48:55.657+0000] {logging_mixin.py:190} INFO - [2025-07-01T21:48:55.657+0000] {dagbag.py:588} INFO - Filling up the DagBag from /home/airflow/.local/lib/python3.12/site-packages/airflow/example_dags/example_trigger_controller_dag.py
[2025-07-01T21:48:55.663+0000] {processor.py:925} INFO - DAG(s) 'example_trigger_controller_dag' retrieved from /home/airflow/.local/lib/python3.12/site-packages/airflow/example_dags/example_trigger_controller_dag.py
[2025-07-01T21:48:55.678+0000] {logging_mixin.py:190} INFO - [2025-07-01T21:48:55.678+0000] {dag.py:3239} INFO - Sync 1 DAGs
[2025-07-01T21:48:55.837+0000] {logging_mixin.py:190} INFO - [2025-07-01T21:48:55.837+0000] {dag.py:4180} INFO - Setting next_dagrun for example_trigger_controller_dag to 2021-01-01 00:00:00+00:00, run_after=2021-01-01 00:00:00+00:00
[2025-07-01T21:48:55.854+0000] {processor.py:208} INFO - Processing /home/airflow/.local/lib/python3.12/site-packages/airflow/example_dags/example_trigger_controller_dag.py took 0.208 seconds
[2025-07-01T21:49:26.791+0000] {processor.py:186} INFO - Started process (PID=4077) to work on /home/airflow/.local/lib/python3.12/site-packages/airflow/example_dags/example_trigger_controller_dag.py
[2025-07-01T21:49:26.792+0000] {processor.py:914} INFO - Processing file /home/airflow/.local/lib/python3.12/site-packages/airflow/example_dags/example_trigger_controller_dag.py for tasks to queue
[2025-07-01T21:49:26.794+0000] {logging_mixin.py:190} INFO - [2025-07-01T21:49:26.794+0000] {dagbag.py:588} INFO - Filling up the DagBag from /home/airflow/.local/lib/python3.12/site-packages/airflow/example_dags/example_trigger_controller_dag.py
[2025-07-01T21:49:26.800+0000] {processor.py:925} INFO - DAG(s) 'example_trigger_controller_dag' retrieved from /home/airflow/.local/lib/python3.12/site-packages/airflow/example_dags/example_trigger_controller_dag.py
[2025-07-01T21:49:26.816+0000] {logging_mixin.py:190} INFO - [2025-07-01T21:49:26.816+0000] {dag.py:3239} INFO - Sync 1 DAGs
[2025-07-01T21:49:26.835+0000] {logging_mixin.py:190} INFO - [2025-07-01T21:49:26.834+0000] {dag.py:4180} INFO - Setting next_dagrun for example_trigger_controller_dag to 2021-01-01 00:00:00+00:00, run_after=2021-01-01 00:00:00+00:00
[2025-07-01T21:49:26.855+0000] {processor.py:208} INFO - Processing /home/airflow/.local/lib/python3.12/site-packages/airflow/example_dags/example_trigger_controller_dag.py took 0.068 seconds
[2025-07-01T21:49:57.114+0000] {processor.py:186} INFO - Started process (PID=4141) to work on /home/airflow/.local/lib/python3.12/site-packages/airflow/example_dags/example_trigger_controller_dag.py
[2025-07-01T21:49:57.115+0000] {processor.py:914} INFO - Processing file /home/airflow/.local/lib/python3.12/site-packages/airflow/example_dags/example_trigger_controller_dag.py for tasks to queue
[2025-07-01T21:49:57.117+0000] {logging_mixin.py:190} INFO - [2025-07-01T21:49:57.117+0000] {dagbag.py:588} INFO - Filling up the DagBag from /home/airflow/.local/lib/python3.12/site-packages/airflow/example_dags/example_trigger_controller_dag.py
[2025-07-01T21:49:57.124+0000] {processor.py:925} INFO - DAG(s) 'example_trigger_controller_dag' retrieved from /home/airflow/.local/lib/python3.12/site-packages/airflow/example_dags/example_trigger_controller_dag.py
[2025-07-01T21:49:57.146+0000] {logging_mixin.py:190} INFO - [2025-07-01T21:49:57.146+0000] {dag.py:3239} INFO - Sync 1 DAGs
[2025-07-01T21:49:57.167+0000] {logging_mixin.py:190} INFO - [2025-07-01T21:49:57.167+0000] {dag.py:4180} INFO - Setting next_dagrun for example_trigger_controller_dag to 2021-01-01 00:00:00+00:00, run_after=2021-01-01 00:00:00+00:00
[2025-07-01T21:49:57.187+0000] {processor.py:208} INFO - Processing /home/airflow/.local/lib/python3.12/site-packages/airflow/example_dags/example_trigger_controller_dag.py took 0.078 seconds
[2025-07-01T21:50:27.827+0000] {processor.py:186} INFO - Started process (PID=4204) to work on /home/airflow/.local/lib/python3.12/site-packages/airflow/example_dags/example_trigger_controller_dag.py
[2025-07-01T21:50:27.828+0000] {processor.py:914} INFO - Processing file /home/airflow/.local/lib/python3.12/site-packages/airflow/example_dags/example_trigger_controller_dag.py for tasks to queue
[2025-07-01T21:50:27.831+0000] {logging_mixin.py:190} INFO - [2025-07-01T21:50:27.830+0000] {dagbag.py:588} INFO - Filling up the DagBag from /home/airflow/.local/lib/python3.12/site-packages/airflow/example_dags/example_trigger_controller_dag.py
[2025-07-01T21:50:27.836+0000] {processor.py:925} INFO - DAG(s) 'example_trigger_controller_dag' retrieved from /home/airflow/.local/lib/python3.12/site-packages/airflow/example_dags/example_trigger_controller_dag.py
[2025-07-01T21:50:27.854+0000] {logging_mixin.py:190} INFO - [2025-07-01T21:50:27.854+0000] {dag.py:3239} INFO - Sync 1 DAGs
[2025-07-01T21:50:28.021+0000] {logging_mixin.py:190} INFO - [2025-07-01T21:50:28.021+0000] {dag.py:4180} INFO - Setting next_dagrun for example_trigger_controller_dag to 2021-01-01 00:00:00+00:00, run_after=2021-01-01 00:00:00+00:00
[2025-07-01T21:50:28.040+0000] {processor.py:208} INFO - Processing /home/airflow/.local/lib/python3.12/site-packages/airflow/example_dags/example_trigger_controller_dag.py took 0.217 seconds
[2025-07-01T21:50:59.023+0000] {processor.py:186} INFO - Started process (PID=4267) to work on /home/airflow/.local/lib/python3.12/site-packages/airflow/example_dags/example_trigger_controller_dag.py
[2025-07-01T21:50:59.024+0000] {processor.py:914} INFO - Processing file /home/airflow/.local/lib/python3.12/site-packages/airflow/example_dags/example_trigger_controller_dag.py for tasks to queue
[2025-07-01T21:50:59.026+0000] {logging_mixin.py:190} INFO - [2025-07-01T21:50:59.026+0000] {dagbag.py:588} INFO - Filling up the DagBag from /home/airflow/.local/lib/python3.12/site-packages/airflow/example_dags/example_trigger_controller_dag.py
[2025-07-01T21:50:59.031+0000] {processor.py:925} INFO - DAG(s) 'example_trigger_controller_dag' retrieved from /home/airflow/.local/lib/python3.12/site-packages/airflow/example_dags/example_trigger_controller_dag.py
[2025-07-01T21:50:59.048+0000] {logging_mixin.py:190} INFO - [2025-07-01T21:50:59.048+0000] {dag.py:3239} INFO - Sync 1 DAGs
[2025-07-01T21:50:59.067+0000] {logging_mixin.py:190} INFO - [2025-07-01T21:50:59.067+0000] {dag.py:4180} INFO - Setting next_dagrun for example_trigger_controller_dag to 2021-01-01 00:00:00+00:00, run_after=2021-01-01 00:00:00+00:00
[2025-07-01T21:50:59.089+0000] {processor.py:208} INFO - Processing /home/airflow/.local/lib/python3.12/site-packages/airflow/example_dags/example_trigger_controller_dag.py took 0.072 seconds
[2025-07-01T21:51:29.251+0000] {processor.py:186} INFO - Started process (PID=4330) to work on /home/airflow/.local/lib/python3.12/site-packages/airflow/example_dags/example_trigger_controller_dag.py
[2025-07-01T21:51:29.252+0000] {processor.py:914} INFO - Processing file /home/airflow/.local/lib/python3.12/site-packages/airflow/example_dags/example_trigger_controller_dag.py for tasks to queue
[2025-07-01T21:51:29.255+0000] {logging_mixin.py:190} INFO - [2025-07-01T21:51:29.255+0000] {dagbag.py:588} INFO - Filling up the DagBag from /home/airflow/.local/lib/python3.12/site-packages/airflow/example_dags/example_trigger_controller_dag.py
[2025-07-01T21:51:29.262+0000] {processor.py:925} INFO - DAG(s) 'example_trigger_controller_dag' retrieved from /home/airflow/.local/lib/python3.12/site-packages/airflow/example_dags/example_trigger_controller_dag.py
[2025-07-01T21:51:29.440+0000] {logging_mixin.py:190} INFO - [2025-07-01T21:51:29.440+0000] {dag.py:3239} INFO - Sync 1 DAGs
[2025-07-01T21:51:29.456+0000] {logging_mixin.py:190} INFO - [2025-07-01T21:51:29.456+0000] {dag.py:4180} INFO - Setting next_dagrun for example_trigger_controller_dag to 2021-01-01 00:00:00+00:00, run_after=2021-01-01 00:00:00+00:00
[2025-07-01T21:51:29.475+0000] {processor.py:208} INFO - Processing /home/airflow/.local/lib/python3.12/site-packages/airflow/example_dags/example_trigger_controller_dag.py took 0.230 seconds
[2025-07-01T21:51:59.617+0000] {processor.py:186} INFO - Started process (PID=4393) to work on /home/airflow/.local/lib/python3.12/site-packages/airflow/example_dags/example_trigger_controller_dag.py
[2025-07-01T21:51:59.618+0000] {processor.py:914} INFO - Processing file /home/airflow/.local/lib/python3.12/site-packages/airflow/example_dags/example_trigger_controller_dag.py for tasks to queue
[2025-07-01T21:51:59.620+0000] {logging_mixin.py:190} INFO - [2025-07-01T21:51:59.620+0000] {dagbag.py:588} INFO - Filling up the DagBag from /home/airflow/.local/lib/python3.12/site-packages/airflow/example_dags/example_trigger_controller_dag.py
[2025-07-01T21:51:59.626+0000] {processor.py:925} INFO - DAG(s) 'example_trigger_controller_dag' retrieved from /home/airflow/.local/lib/python3.12/site-packages/airflow/example_dags/example_trigger_controller_dag.py
[2025-07-01T21:51:59.644+0000] {logging_mixin.py:190} INFO - [2025-07-01T21:51:59.644+0000] {dag.py:3239} INFO - Sync 1 DAGs
[2025-07-01T21:51:59.662+0000] {logging_mixin.py:190} INFO - [2025-07-01T21:51:59.662+0000] {dag.py:4180} INFO - Setting next_dagrun for example_trigger_controller_dag to 2021-01-01 00:00:00+00:00, run_after=2021-01-01 00:00:00+00:00
[2025-07-01T21:51:59.682+0000] {processor.py:208} INFO - Processing /home/airflow/.local/lib/python3.12/site-packages/airflow/example_dags/example_trigger_controller_dag.py took 0.070 seconds
[2025-07-01T21:52:29.854+0000] {processor.py:186} INFO - Started process (PID=4456) to work on /home/airflow/.local/lib/python3.12/site-packages/airflow/example_dags/example_trigger_controller_dag.py
[2025-07-01T21:52:29.855+0000] {processor.py:914} INFO - Processing file /home/airflow/.local/lib/python3.12/site-packages/airflow/example_dags/example_trigger_controller_dag.py for tasks to queue
[2025-07-01T21:52:29.857+0000] {logging_mixin.py:190} INFO - [2025-07-01T21:52:29.857+0000] {dagbag.py:588} INFO - Filling up the DagBag from /home/airflow/.local/lib/python3.12/site-packages/airflow/example_dags/example_trigger_controller_dag.py
[2025-07-01T21:52:29.863+0000] {processor.py:925} INFO - DAG(s) 'example_trigger_controller_dag' retrieved from /home/airflow/.local/lib/python3.12/site-packages/airflow/example_dags/example_trigger_controller_dag.py
[2025-07-01T21:52:29.881+0000] {logging_mixin.py:190} INFO - [2025-07-01T21:52:29.881+0000] {dag.py:3239} INFO - Sync 1 DAGs
[2025-07-01T21:52:29.902+0000] {logging_mixin.py:190} INFO - [2025-07-01T21:52:29.902+0000] {dag.py:4180} INFO - Setting next_dagrun for example_trigger_controller_dag to 2021-01-01 00:00:00+00:00, run_after=2021-01-01 00:00:00+00:00
[2025-07-01T21:52:29.946+0000] {processor.py:208} INFO - Processing /home/airflow/.local/lib/python3.12/site-packages/airflow/example_dags/example_trigger_controller_dag.py took 0.097 seconds
[2025-07-01T21:53:00.224+0000] {processor.py:186} INFO - Started process (PID=4519) to work on /home/airflow/.local/lib/python3.12/site-packages/airflow/example_dags/example_trigger_controller_dag.py
[2025-07-01T21:53:00.225+0000] {processor.py:914} INFO - Processing file /home/airflow/.local/lib/python3.12/site-packages/airflow/example_dags/example_trigger_controller_dag.py for tasks to queue
[2025-07-01T21:53:00.227+0000] {logging_mixin.py:190} INFO - [2025-07-01T21:53:00.227+0000] {dagbag.py:588} INFO - Filling up the DagBag from /home/airflow/.local/lib/python3.12/site-packages/airflow/example_dags/example_trigger_controller_dag.py
[2025-07-01T21:53:00.233+0000] {processor.py:925} INFO - DAG(s) 'example_trigger_controller_dag' retrieved from /home/airflow/.local/lib/python3.12/site-packages/airflow/example_dags/example_trigger_controller_dag.py
[2025-07-01T21:53:00.249+0000] {logging_mixin.py:190} INFO - [2025-07-01T21:53:00.249+0000] {dag.py:3239} INFO - Sync 1 DAGs
[2025-07-01T21:53:00.268+0000] {logging_mixin.py:190} INFO - [2025-07-01T21:53:00.267+0000] {dag.py:4180} INFO - Setting next_dagrun for example_trigger_controller_dag to 2021-01-01 00:00:00+00:00, run_after=2021-01-01 00:00:00+00:00
[2025-07-01T21:53:00.290+0000] {processor.py:208} INFO - Processing /home/airflow/.local/lib/python3.12/site-packages/airflow/example_dags/example_trigger_controller_dag.py took 0.072 seconds
[2025-07-01T21:53:30.703+0000] {processor.py:186} INFO - Started process (PID=4582) to work on /home/airflow/.local/lib/python3.12/site-packages/airflow/example_dags/example_trigger_controller_dag.py
[2025-07-01T21:53:30.704+0000] {processor.py:914} INFO - Processing file /home/airflow/.local/lib/python3.12/site-packages/airflow/example_dags/example_trigger_controller_dag.py for tasks to queue
[2025-07-01T21:53:30.707+0000] {logging_mixin.py:190} INFO - [2025-07-01T21:53:30.707+0000] {dagbag.py:588} INFO - Filling up the DagBag from /home/airflow/.local/lib/python3.12/site-packages/airflow/example_dags/example_trigger_controller_dag.py
[2025-07-01T21:53:30.714+0000] {processor.py:925} INFO - DAG(s) 'example_trigger_controller_dag' retrieved from /home/airflow/.local/lib/python3.12/site-packages/airflow/example_dags/example_trigger_controller_dag.py
[2025-07-01T21:53:30.734+0000] {logging_mixin.py:190} INFO - [2025-07-01T21:53:30.734+0000] {dag.py:3239} INFO - Sync 1 DAGs
[2025-07-01T21:53:30.755+0000] {logging_mixin.py:190} INFO - [2025-07-01T21:53:30.754+0000] {dag.py:4180} INFO - Setting next_dagrun for example_trigger_controller_dag to 2021-01-01 00:00:00+00:00, run_after=2021-01-01 00:00:00+00:00
[2025-07-01T21:53:30.775+0000] {processor.py:208} INFO - Processing /home/airflow/.local/lib/python3.12/site-packages/airflow/example_dags/example_trigger_controller_dag.py took 0.079 seconds
[2025-07-01T21:54:00.815+0000] {processor.py:186} INFO - Started process (PID=4645) to work on /home/airflow/.local/lib/python3.12/site-packages/airflow/example_dags/example_trigger_controller_dag.py
[2025-07-01T21:54:00.816+0000] {processor.py:914} INFO - Processing file /home/airflow/.local/lib/python3.12/site-packages/airflow/example_dags/example_trigger_controller_dag.py for tasks to queue
[2025-07-01T21:54:00.819+0000] {logging_mixin.py:190} INFO - [2025-07-01T21:54:00.818+0000] {dagbag.py:588} INFO - Filling up the DagBag from /home/airflow/.local/lib/python3.12/site-packages/airflow/example_dags/example_trigger_controller_dag.py
[2025-07-01T21:54:00.824+0000] {processor.py:925} INFO - DAG(s) 'example_trigger_controller_dag' retrieved from /home/airflow/.local/lib/python3.12/site-packages/airflow/example_dags/example_trigger_controller_dag.py
[2025-07-01T21:54:00.842+0000] {logging_mixin.py:190} INFO - [2025-07-01T21:54:00.842+0000] {dag.py:3239} INFO - Sync 1 DAGs
[2025-07-01T21:54:00.863+0000] {logging_mixin.py:190} INFO - [2025-07-01T21:54:00.863+0000] {dag.py:4180} INFO - Setting next_dagrun for example_trigger_controller_dag to 2021-01-01 00:00:00+00:00, run_after=2021-01-01 00:00:00+00:00
[2025-07-01T21:54:00.882+0000] {processor.py:208} INFO - Processing /home/airflow/.local/lib/python3.12/site-packages/airflow/example_dags/example_trigger_controller_dag.py took 0.072 seconds
[2025-07-01T21:54:31.244+0000] {processor.py:186} INFO - Started process (PID=4708) to work on /home/airflow/.local/lib/python3.12/site-packages/airflow/example_dags/example_trigger_controller_dag.py
[2025-07-01T21:54:31.246+0000] {processor.py:914} INFO - Processing file /home/airflow/.local/lib/python3.12/site-packages/airflow/example_dags/example_trigger_controller_dag.py for tasks to queue
[2025-07-01T21:54:31.248+0000] {logging_mixin.py:190} INFO - [2025-07-01T21:54:31.248+0000] {dagbag.py:588} INFO - Filling up the DagBag from /home/airflow/.local/lib/python3.12/site-packages/airflow/example_dags/example_trigger_controller_dag.py
[2025-07-01T21:54:31.255+0000] {processor.py:925} INFO - DAG(s) 'example_trigger_controller_dag' retrieved from /home/airflow/.local/lib/python3.12/site-packages/airflow/example_dags/example_trigger_controller_dag.py
[2025-07-01T21:54:31.276+0000] {logging_mixin.py:190} INFO - [2025-07-01T21:54:31.276+0000] {dag.py:3239} INFO - Sync 1 DAGs
[2025-07-01T21:54:31.298+0000] {logging_mixin.py:190} INFO - [2025-07-01T21:54:31.298+0000] {dag.py:4180} INFO - Setting next_dagrun for example_trigger_controller_dag to 2021-01-01 00:00:00+00:00, run_after=2021-01-01 00:00:00+00:00
[2025-07-01T21:54:31.319+0000] {processor.py:208} INFO - Processing /home/airflow/.local/lib/python3.12/site-packages/airflow/example_dags/example_trigger_controller_dag.py took 0.080 seconds
[2025-07-01T21:55:01.756+0000] {processor.py:186} INFO - Started process (PID=4771) to work on /home/airflow/.local/lib/python3.12/site-packages/airflow/example_dags/example_trigger_controller_dag.py
[2025-07-01T21:55:01.758+0000] {processor.py:914} INFO - Processing file /home/airflow/.local/lib/python3.12/site-packages/airflow/example_dags/example_trigger_controller_dag.py for tasks to queue
[2025-07-01T21:55:01.761+0000] {logging_mixin.py:190} INFO - [2025-07-01T21:55:01.761+0000] {dagbag.py:588} INFO - Filling up the DagBag from /home/airflow/.local/lib/python3.12/site-packages/airflow/example_dags/example_trigger_controller_dag.py
[2025-07-01T21:55:01.770+0000] {processor.py:925} INFO - DAG(s) 'example_trigger_controller_dag' retrieved from /home/airflow/.local/lib/python3.12/site-packages/airflow/example_dags/example_trigger_controller_dag.py
[2025-07-01T21:55:01.796+0000] {logging_mixin.py:190} INFO - [2025-07-01T21:55:01.796+0000] {dag.py:3239} INFO - Sync 1 DAGs
[2025-07-01T21:55:01.826+0000] {logging_mixin.py:190} INFO - [2025-07-01T21:55:01.825+0000] {dag.py:4180} INFO - Setting next_dagrun for example_trigger_controller_dag to 2021-01-01 00:00:00+00:00, run_after=2021-01-01 00:00:00+00:00
[2025-07-01T21:55:01.852+0000] {processor.py:208} INFO - Processing /home/airflow/.local/lib/python3.12/site-packages/airflow/example_dags/example_trigger_controller_dag.py took 0.103 seconds
[2025-07-01T21:55:32.238+0000] {processor.py:186} INFO - Started process (PID=4835) to work on /home/airflow/.local/lib/python3.12/site-packages/airflow/example_dags/example_trigger_controller_dag.py
[2025-07-01T21:55:32.239+0000] {processor.py:914} INFO - Processing file /home/airflow/.local/lib/python3.12/site-packages/airflow/example_dags/example_trigger_controller_dag.py for tasks to queue
[2025-07-01T21:55:32.241+0000] {logging_mixin.py:190} INFO - [2025-07-01T21:55:32.241+0000] {dagbag.py:588} INFO - Filling up the DagBag from /home/airflow/.local/lib/python3.12/site-packages/airflow/example_dags/example_trigger_controller_dag.py
[2025-07-01T21:55:32.248+0000] {processor.py:925} INFO - DAG(s) 'example_trigger_controller_dag' retrieved from /home/airflow/.local/lib/python3.12/site-packages/airflow/example_dags/example_trigger_controller_dag.py
[2025-07-01T21:55:32.274+0000] {logging_mixin.py:190} INFO - [2025-07-01T21:55:32.273+0000] {dag.py:3239} INFO - Sync 1 DAGs
[2025-07-01T21:55:32.301+0000] {logging_mixin.py:190} INFO - [2025-07-01T21:55:32.301+0000] {dag.py:4180} INFO - Setting next_dagrun for example_trigger_controller_dag to 2021-01-01 00:00:00+00:00, run_after=2021-01-01 00:00:00+00:00
[2025-07-01T21:55:32.326+0000] {processor.py:208} INFO - Processing /home/airflow/.local/lib/python3.12/site-packages/airflow/example_dags/example_trigger_controller_dag.py took 0.095 seconds
[2025-07-01T21:56:02.565+0000] {processor.py:186} INFO - Started process (PID=4898) to work on /home/airflow/.local/lib/python3.12/site-packages/airflow/example_dags/example_trigger_controller_dag.py
[2025-07-01T21:56:02.566+0000] {processor.py:914} INFO - Processing file /home/airflow/.local/lib/python3.12/site-packages/airflow/example_dags/example_trigger_controller_dag.py for tasks to queue
[2025-07-01T21:56:02.569+0000] {logging_mixin.py:190} INFO - [2025-07-01T21:56:02.569+0000] {dagbag.py:588} INFO - Filling up the DagBag from /home/airflow/.local/lib/python3.12/site-packages/airflow/example_dags/example_trigger_controller_dag.py
[2025-07-01T21:56:02.577+0000] {processor.py:925} INFO - DAG(s) 'example_trigger_controller_dag' retrieved from /home/airflow/.local/lib/python3.12/site-packages/airflow/example_dags/example_trigger_controller_dag.py
[2025-07-01T21:56:02.599+0000] {logging_mixin.py:190} INFO - [2025-07-01T21:56:02.599+0000] {dag.py:3239} INFO - Sync 1 DAGs
[2025-07-01T21:56:02.622+0000] {logging_mixin.py:190} INFO - [2025-07-01T21:56:02.622+0000] {dag.py:4180} INFO - Setting next_dagrun for example_trigger_controller_dag to 2021-01-01 00:00:00+00:00, run_after=2021-01-01 00:00:00+00:00
[2025-07-01T21:56:02.643+0000] {processor.py:208} INFO - Processing /home/airflow/.local/lib/python3.12/site-packages/airflow/example_dags/example_trigger_controller_dag.py took 0.083 seconds
[2025-07-01T21:56:32.908+0000] {processor.py:186} INFO - Started process (PID=4961) to work on /home/airflow/.local/lib/python3.12/site-packages/airflow/example_dags/example_trigger_controller_dag.py
[2025-07-01T21:56:32.909+0000] {processor.py:914} INFO - Processing file /home/airflow/.local/lib/python3.12/site-packages/airflow/example_dags/example_trigger_controller_dag.py for tasks to queue
[2025-07-01T21:56:32.911+0000] {logging_mixin.py:190} INFO - [2025-07-01T21:56:32.911+0000] {dagbag.py:588} INFO - Filling up the DagBag from /home/airflow/.local/lib/python3.12/site-packages/airflow/example_dags/example_trigger_controller_dag.py
[2025-07-01T21:56:32.917+0000] {processor.py:925} INFO - DAG(s) 'example_trigger_controller_dag' retrieved from /home/airflow/.local/lib/python3.12/site-packages/airflow/example_dags/example_trigger_controller_dag.py
[2025-07-01T21:56:32.935+0000] {logging_mixin.py:190} INFO - [2025-07-01T21:56:32.934+0000] {dag.py:3239} INFO - Sync 1 DAGs
[2025-07-01T21:56:32.956+0000] {logging_mixin.py:190} INFO - [2025-07-01T21:56:32.955+0000] {dag.py:4180} INFO - Setting next_dagrun for example_trigger_controller_dag to 2021-01-01 00:00:00+00:00, run_after=2021-01-01 00:00:00+00:00
[2025-07-01T21:56:32.974+0000] {processor.py:208} INFO - Processing /home/airflow/.local/lib/python3.12/site-packages/airflow/example_dags/example_trigger_controller_dag.py took 0.071 seconds
[2025-07-01T21:57:03.371+0000] {processor.py:186} INFO - Started process (PID=5025) to work on /home/airflow/.local/lib/python3.12/site-packages/airflow/example_dags/example_trigger_controller_dag.py
[2025-07-01T21:57:03.373+0000] {processor.py:914} INFO - Processing file /home/airflow/.local/lib/python3.12/site-packages/airflow/example_dags/example_trigger_controller_dag.py for tasks to queue
[2025-07-01T21:57:03.375+0000] {logging_mixin.py:190} INFO - [2025-07-01T21:57:03.375+0000] {dagbag.py:588} INFO - Filling up the DagBag from /home/airflow/.local/lib/python3.12/site-packages/airflow/example_dags/example_trigger_controller_dag.py
[2025-07-01T21:57:03.381+0000] {processor.py:925} INFO - DAG(s) 'example_trigger_controller_dag' retrieved from /home/airflow/.local/lib/python3.12/site-packages/airflow/example_dags/example_trigger_controller_dag.py
[2025-07-01T21:57:03.400+0000] {logging_mixin.py:190} INFO - [2025-07-01T21:57:03.400+0000] {dag.py:3239} INFO - Sync 1 DAGs
[2025-07-01T21:57:03.419+0000] {logging_mixin.py:190} INFO - [2025-07-01T21:57:03.419+0000] {dag.py:4180} INFO - Setting next_dagrun for example_trigger_controller_dag to 2021-01-01 00:00:00+00:00, run_after=2021-01-01 00:00:00+00:00
[2025-07-01T21:57:03.439+0000] {processor.py:208} INFO - Processing /home/airflow/.local/lib/python3.12/site-packages/airflow/example_dags/example_trigger_controller_dag.py took 0.075 seconds
[2025-07-01T21:57:33.640+0000] {processor.py:186} INFO - Started process (PID=5088) to work on /home/airflow/.local/lib/python3.12/site-packages/airflow/example_dags/example_trigger_controller_dag.py
[2025-07-01T21:57:33.641+0000] {processor.py:914} INFO - Processing file /home/airflow/.local/lib/python3.12/site-packages/airflow/example_dags/example_trigger_controller_dag.py for tasks to queue
[2025-07-01T21:57:33.643+0000] {logging_mixin.py:190} INFO - [2025-07-01T21:57:33.643+0000] {dagbag.py:588} INFO - Filling up the DagBag from /home/airflow/.local/lib/python3.12/site-packages/airflow/example_dags/example_trigger_controller_dag.py
[2025-07-01T21:57:33.648+0000] {processor.py:925} INFO - DAG(s) 'example_trigger_controller_dag' retrieved from /home/airflow/.local/lib/python3.12/site-packages/airflow/example_dags/example_trigger_controller_dag.py
[2025-07-01T21:57:33.667+0000] {logging_mixin.py:190} INFO - [2025-07-01T21:57:33.667+0000] {dag.py:3239} INFO - Sync 1 DAGs
[2025-07-01T21:57:33.691+0000] {logging_mixin.py:190} INFO - [2025-07-01T21:57:33.691+0000] {dag.py:4180} INFO - Setting next_dagrun for example_trigger_controller_dag to 2021-01-01 00:00:00+00:00, run_after=2021-01-01 00:00:00+00:00
[2025-07-01T21:57:33.712+0000] {processor.py:208} INFO - Processing /home/airflow/.local/lib/python3.12/site-packages/airflow/example_dags/example_trigger_controller_dag.py took 0.077 seconds
[2025-07-01T21:58:04.211+0000] {processor.py:186} INFO - Started process (PID=5151) to work on /home/airflow/.local/lib/python3.12/site-packages/airflow/example_dags/example_trigger_controller_dag.py
[2025-07-01T21:58:04.212+0000] {processor.py:914} INFO - Processing file /home/airflow/.local/lib/python3.12/site-packages/airflow/example_dags/example_trigger_controller_dag.py for tasks to queue
[2025-07-01T21:58:04.215+0000] {logging_mixin.py:190} INFO - [2025-07-01T21:58:04.215+0000] {dagbag.py:588} INFO - Filling up the DagBag from /home/airflow/.local/lib/python3.12/site-packages/airflow/example_dags/example_trigger_controller_dag.py
[2025-07-01T21:58:04.221+0000] {processor.py:925} INFO - DAG(s) 'example_trigger_controller_dag' retrieved from /home/airflow/.local/lib/python3.12/site-packages/airflow/example_dags/example_trigger_controller_dag.py
[2025-07-01T21:58:04.237+0000] {logging_mixin.py:190} INFO - [2025-07-01T21:58:04.237+0000] {dag.py:3239} INFO - Sync 1 DAGs
[2025-07-01T21:58:04.255+0000] {logging_mixin.py:190} INFO - [2025-07-01T21:58:04.255+0000] {dag.py:4180} INFO - Setting next_dagrun for example_trigger_controller_dag to 2021-01-01 00:00:00+00:00, run_after=2021-01-01 00:00:00+00:00
[2025-07-01T21:58:04.276+0000] {processor.py:208} INFO - Processing /home/airflow/.local/lib/python3.12/site-packages/airflow/example_dags/example_trigger_controller_dag.py took 0.070 seconds
[2025-07-01T21:58:34.496+0000] {processor.py:186} INFO - Started process (PID=5214) to work on /home/airflow/.local/lib/python3.12/site-packages/airflow/example_dags/example_trigger_controller_dag.py
[2025-07-01T21:58:34.497+0000] {processor.py:914} INFO - Processing file /home/airflow/.local/lib/python3.12/site-packages/airflow/example_dags/example_trigger_controller_dag.py for tasks to queue
[2025-07-01T21:58:34.499+0000] {logging_mixin.py:190} INFO - [2025-07-01T21:58:34.499+0000] {dagbag.py:588} INFO - Filling up the DagBag from /home/airflow/.local/lib/python3.12/site-packages/airflow/example_dags/example_trigger_controller_dag.py
[2025-07-01T21:58:34.505+0000] {processor.py:925} INFO - DAG(s) 'example_trigger_controller_dag' retrieved from /home/airflow/.local/lib/python3.12/site-packages/airflow/example_dags/example_trigger_controller_dag.py
[2025-07-01T21:58:34.523+0000] {logging_mixin.py:190} INFO - [2025-07-01T21:58:34.523+0000] {dag.py:3239} INFO - Sync 1 DAGs
[2025-07-01T21:58:34.543+0000] {logging_mixin.py:190} INFO - [2025-07-01T21:58:34.543+0000] {dag.py:4180} INFO - Setting next_dagrun for example_trigger_controller_dag to 2021-01-01 00:00:00+00:00, run_after=2021-01-01 00:00:00+00:00
[2025-07-01T21:58:34.565+0000] {processor.py:208} INFO - Processing /home/airflow/.local/lib/python3.12/site-packages/airflow/example_dags/example_trigger_controller_dag.py took 0.074 seconds
[2025-07-01T21:59:04.833+0000] {processor.py:186} INFO - Started process (PID=5277) to work on /home/airflow/.local/lib/python3.12/site-packages/airflow/example_dags/example_trigger_controller_dag.py
[2025-07-01T21:59:04.834+0000] {processor.py:914} INFO - Processing file /home/airflow/.local/lib/python3.12/site-packages/airflow/example_dags/example_trigger_controller_dag.py for tasks to queue
[2025-07-01T21:59:04.836+0000] {logging_mixin.py:190} INFO - [2025-07-01T21:59:04.836+0000] {dagbag.py:588} INFO - Filling up the DagBag from /home/airflow/.local/lib/python3.12/site-packages/airflow/example_dags/example_trigger_controller_dag.py
[2025-07-01T21:59:04.843+0000] {processor.py:925} INFO - DAG(s) 'example_trigger_controller_dag' retrieved from /home/airflow/.local/lib/python3.12/site-packages/airflow/example_dags/example_trigger_controller_dag.py
[2025-07-01T21:59:04.861+0000] {logging_mixin.py:190} INFO - [2025-07-01T21:59:04.860+0000] {dag.py:3239} INFO - Sync 1 DAGs
[2025-07-01T21:59:04.879+0000] {logging_mixin.py:190} INFO - [2025-07-01T21:59:04.878+0000] {dag.py:4180} INFO - Setting next_dagrun for example_trigger_controller_dag to 2021-01-01 00:00:00+00:00, run_after=2021-01-01 00:00:00+00:00
[2025-07-01T21:59:04.897+0000] {processor.py:208} INFO - Processing /home/airflow/.local/lib/python3.12/site-packages/airflow/example_dags/example_trigger_controller_dag.py took 0.069 seconds
[2025-07-01T21:59:35.635+0000] {processor.py:186} INFO - Started process (PID=5340) to work on /home/airflow/.local/lib/python3.12/site-packages/airflow/example_dags/example_trigger_controller_dag.py
[2025-07-01T21:59:35.636+0000] {processor.py:914} INFO - Processing file /home/airflow/.local/lib/python3.12/site-packages/airflow/example_dags/example_trigger_controller_dag.py for tasks to queue
[2025-07-01T21:59:35.639+0000] {logging_mixin.py:190} INFO - [2025-07-01T21:59:35.639+0000] {dagbag.py:588} INFO - Filling up the DagBag from /home/airflow/.local/lib/python3.12/site-packages/airflow/example_dags/example_trigger_controller_dag.py
[2025-07-01T21:59:35.645+0000] {processor.py:925} INFO - DAG(s) 'example_trigger_controller_dag' retrieved from /home/airflow/.local/lib/python3.12/site-packages/airflow/example_dags/example_trigger_controller_dag.py
[2025-07-01T21:59:35.662+0000] {logging_mixin.py:190} INFO - [2025-07-01T21:59:35.662+0000] {dag.py:3239} INFO - Sync 1 DAGs
[2025-07-01T21:59:35.680+0000] {logging_mixin.py:190} INFO - [2025-07-01T21:59:35.679+0000] {dag.py:4180} INFO - Setting next_dagrun for example_trigger_controller_dag to 2021-01-01 00:00:00+00:00, run_after=2021-01-01 00:00:00+00:00
[2025-07-01T21:59:35.697+0000] {processor.py:208} INFO - Processing /home/airflow/.local/lib/python3.12/site-packages/airflow/example_dags/example_trigger_controller_dag.py took 0.067 seconds
[2025-07-01T22:00:06.182+0000] {processor.py:186} INFO - Started process (PID=5404) to work on /home/airflow/.local/lib/python3.12/site-packages/airflow/example_dags/example_trigger_controller_dag.py
[2025-07-01T22:00:06.183+0000] {processor.py:914} INFO - Processing file /home/airflow/.local/lib/python3.12/site-packages/airflow/example_dags/example_trigger_controller_dag.py for tasks to queue
[2025-07-01T22:00:06.185+0000] {logging_mixin.py:190} INFO - [2025-07-01T22:00:06.185+0000] {dagbag.py:588} INFO - Filling up the DagBag from /home/airflow/.local/lib/python3.12/site-packages/airflow/example_dags/example_trigger_controller_dag.py
[2025-07-01T22:00:06.191+0000] {processor.py:925} INFO - DAG(s) 'example_trigger_controller_dag' retrieved from /home/airflow/.local/lib/python3.12/site-packages/airflow/example_dags/example_trigger_controller_dag.py
[2025-07-01T22:00:06.208+0000] {logging_mixin.py:190} INFO - [2025-07-01T22:00:06.208+0000] {dag.py:3239} INFO - Sync 1 DAGs
[2025-07-01T22:00:06.227+0000] {logging_mixin.py:190} INFO - [2025-07-01T22:00:06.227+0000] {dag.py:4180} INFO - Setting next_dagrun for example_trigger_controller_dag to 2021-01-01 00:00:00+00:00, run_after=2021-01-01 00:00:00+00:00
[2025-07-01T22:00:06.250+0000] {processor.py:208} INFO - Processing /home/airflow/.local/lib/python3.12/site-packages/airflow/example_dags/example_trigger_controller_dag.py took 0.074 seconds
[2025-07-01T22:00:36.799+0000] {processor.py:186} INFO - Started process (PID=5467) to work on /home/airflow/.local/lib/python3.12/site-packages/airflow/example_dags/example_trigger_controller_dag.py
[2025-07-01T22:00:36.800+0000] {processor.py:914} INFO - Processing file /home/airflow/.local/lib/python3.12/site-packages/airflow/example_dags/example_trigger_controller_dag.py for tasks to queue
[2025-07-01T22:00:36.803+0000] {logging_mixin.py:190} INFO - [2025-07-01T22:00:36.802+0000] {dagbag.py:588} INFO - Filling up the DagBag from /home/airflow/.local/lib/python3.12/site-packages/airflow/example_dags/example_trigger_controller_dag.py
[2025-07-01T22:00:36.811+0000] {processor.py:925} INFO - DAG(s) 'example_trigger_controller_dag' retrieved from /home/airflow/.local/lib/python3.12/site-packages/airflow/example_dags/example_trigger_controller_dag.py
[2025-07-01T22:00:36.829+0000] {logging_mixin.py:190} INFO - [2025-07-01T22:00:36.829+0000] {dag.py:3239} INFO - Sync 1 DAGs
[2025-07-01T22:00:36.847+0000] {logging_mixin.py:190} INFO - [2025-07-01T22:00:36.847+0000] {dag.py:4180} INFO - Setting next_dagrun for example_trigger_controller_dag to 2021-01-01 00:00:00+00:00, run_after=2021-01-01 00:00:00+00:00
[2025-07-01T22:00:36.866+0000] {processor.py:208} INFO - Processing /home/airflow/.local/lib/python3.12/site-packages/airflow/example_dags/example_trigger_controller_dag.py took 0.073 seconds
[2025-07-01T22:01:07.516+0000] {processor.py:186} INFO - Started process (PID=5530) to work on /home/airflow/.local/lib/python3.12/site-packages/airflow/example_dags/example_trigger_controller_dag.py
[2025-07-01T22:01:07.517+0000] {processor.py:914} INFO - Processing file /home/airflow/.local/lib/python3.12/site-packages/airflow/example_dags/example_trigger_controller_dag.py for tasks to queue
[2025-07-01T22:01:07.520+0000] {logging_mixin.py:190} INFO - [2025-07-01T22:01:07.520+0000] {dagbag.py:588} INFO - Filling up the DagBag from /home/airflow/.local/lib/python3.12/site-packages/airflow/example_dags/example_trigger_controller_dag.py
[2025-07-01T22:01:07.526+0000] {processor.py:925} INFO - DAG(s) 'example_trigger_controller_dag' retrieved from /home/airflow/.local/lib/python3.12/site-packages/airflow/example_dags/example_trigger_controller_dag.py
[2025-07-01T22:01:07.544+0000] {logging_mixin.py:190} INFO - [2025-07-01T22:01:07.544+0000] {dag.py:3239} INFO - Sync 1 DAGs
[2025-07-01T22:01:07.564+0000] {logging_mixin.py:190} INFO - [2025-07-01T22:01:07.564+0000] {dag.py:4180} INFO - Setting next_dagrun for example_trigger_controller_dag to 2021-01-01 00:00:00+00:00, run_after=2021-01-01 00:00:00+00:00
[2025-07-01T22:01:07.588+0000] {processor.py:208} INFO - Processing /home/airflow/.local/lib/python3.12/site-packages/airflow/example_dags/example_trigger_controller_dag.py took 0.077 seconds
[2025-07-01T22:01:38.144+0000] {processor.py:186} INFO - Started process (PID=5593) to work on /home/airflow/.local/lib/python3.12/site-packages/airflow/example_dags/example_trigger_controller_dag.py
[2025-07-01T22:01:38.146+0000] {processor.py:914} INFO - Processing file /home/airflow/.local/lib/python3.12/site-packages/airflow/example_dags/example_trigger_controller_dag.py for tasks to queue
[2025-07-01T22:01:38.150+0000] {logging_mixin.py:190} INFO - [2025-07-01T22:01:38.150+0000] {dagbag.py:588} INFO - Filling up the DagBag from /home/airflow/.local/lib/python3.12/site-packages/airflow/example_dags/example_trigger_controller_dag.py
[2025-07-01T22:01:38.158+0000] {processor.py:925} INFO - DAG(s) 'example_trigger_controller_dag' retrieved from /home/airflow/.local/lib/python3.12/site-packages/airflow/example_dags/example_trigger_controller_dag.py
[2025-07-01T22:01:38.178+0000] {logging_mixin.py:190} INFO - [2025-07-01T22:01:38.178+0000] {dag.py:3239} INFO - Sync 1 DAGs
[2025-07-01T22:01:38.199+0000] {logging_mixin.py:190} INFO - [2025-07-01T22:01:38.199+0000] {dag.py:4180} INFO - Setting next_dagrun for example_trigger_controller_dag to 2021-01-01 00:00:00+00:00, run_after=2021-01-01 00:00:00+00:00
[2025-07-01T22:01:38.226+0000] {processor.py:208} INFO - Processing /home/airflow/.local/lib/python3.12/site-packages/airflow/example_dags/example_trigger_controller_dag.py took 0.088 seconds
[2025-07-01T22:02:09.050+0000] {processor.py:186} INFO - Started process (PID=5656) to work on /home/airflow/.local/lib/python3.12/site-packages/airflow/example_dags/example_trigger_controller_dag.py
[2025-07-01T22:02:09.052+0000] {processor.py:914} INFO - Processing file /home/airflow/.local/lib/python3.12/site-packages/airflow/example_dags/example_trigger_controller_dag.py for tasks to queue
[2025-07-01T22:02:09.054+0000] {logging_mixin.py:190} INFO - [2025-07-01T22:02:09.054+0000] {dagbag.py:588} INFO - Filling up the DagBag from /home/airflow/.local/lib/python3.12/site-packages/airflow/example_dags/example_trigger_controller_dag.py
[2025-07-01T22:02:09.061+0000] {processor.py:925} INFO - DAG(s) 'example_trigger_controller_dag' retrieved from /home/airflow/.local/lib/python3.12/site-packages/airflow/example_dags/example_trigger_controller_dag.py
[2025-07-01T22:02:09.080+0000] {logging_mixin.py:190} INFO - [2025-07-01T22:02:09.080+0000] {dag.py:3239} INFO - Sync 1 DAGs
[2025-07-01T22:02:09.101+0000] {logging_mixin.py:190} INFO - [2025-07-01T22:02:09.101+0000] {dag.py:4180} INFO - Setting next_dagrun for example_trigger_controller_dag to 2021-01-01 00:00:00+00:00, run_after=2021-01-01 00:00:00+00:00
[2025-07-01T22:02:09.122+0000] {processor.py:208} INFO - Processing /home/airflow/.local/lib/python3.12/site-packages/airflow/example_dags/example_trigger_controller_dag.py took 0.077 seconds
[2025-07-01T22:02:39.235+0000] {processor.py:186} INFO - Started process (PID=5719) to work on /home/airflow/.local/lib/python3.12/site-packages/airflow/example_dags/example_trigger_controller_dag.py
[2025-07-01T22:02:39.236+0000] {processor.py:914} INFO - Processing file /home/airflow/.local/lib/python3.12/site-packages/airflow/example_dags/example_trigger_controller_dag.py for tasks to queue
[2025-07-01T22:02:39.240+0000] {logging_mixin.py:190} INFO - [2025-07-01T22:02:39.239+0000] {dagbag.py:588} INFO - Filling up the DagBag from /home/airflow/.local/lib/python3.12/site-packages/airflow/example_dags/example_trigger_controller_dag.py
[2025-07-01T22:02:39.246+0000] {processor.py:925} INFO - DAG(s) 'example_trigger_controller_dag' retrieved from /home/airflow/.local/lib/python3.12/site-packages/airflow/example_dags/example_trigger_controller_dag.py
[2025-07-01T22:02:39.264+0000] {logging_mixin.py:190} INFO - [2025-07-01T22:02:39.264+0000] {dag.py:3239} INFO - Sync 1 DAGs
[2025-07-01T22:02:39.283+0000] {logging_mixin.py:190} INFO - [2025-07-01T22:02:39.283+0000] {dag.py:4180} INFO - Setting next_dagrun for example_trigger_controller_dag to 2021-01-01 00:00:00+00:00, run_after=2021-01-01 00:00:00+00:00
[2025-07-01T22:02:39.304+0000] {processor.py:208} INFO - Processing /home/airflow/.local/lib/python3.12/site-packages/airflow/example_dags/example_trigger_controller_dag.py took 0.074 seconds
[2025-07-01T22:03:09.376+0000] {processor.py:186} INFO - Started process (PID=5782) to work on /home/airflow/.local/lib/python3.12/site-packages/airflow/example_dags/example_trigger_controller_dag.py
[2025-07-01T22:03:09.376+0000] {processor.py:914} INFO - Processing file /home/airflow/.local/lib/python3.12/site-packages/airflow/example_dags/example_trigger_controller_dag.py for tasks to queue
[2025-07-01T22:03:09.379+0000] {logging_mixin.py:190} INFO - [2025-07-01T22:03:09.379+0000] {dagbag.py:588} INFO - Filling up the DagBag from /home/airflow/.local/lib/python3.12/site-packages/airflow/example_dags/example_trigger_controller_dag.py
[2025-07-01T22:03:09.384+0000] {processor.py:925} INFO - DAG(s) 'example_trigger_controller_dag' retrieved from /home/airflow/.local/lib/python3.12/site-packages/airflow/example_dags/example_trigger_controller_dag.py
[2025-07-01T22:03:09.402+0000] {logging_mixin.py:190} INFO - [2025-07-01T22:03:09.401+0000] {dag.py:3239} INFO - Sync 1 DAGs
[2025-07-01T22:03:09.420+0000] {logging_mixin.py:190} INFO - [2025-07-01T22:03:09.420+0000] {dag.py:4180} INFO - Setting next_dagrun for example_trigger_controller_dag to 2021-01-01 00:00:00+00:00, run_after=2021-01-01 00:00:00+00:00
[2025-07-01T22:03:09.438+0000] {processor.py:208} INFO - Processing /home/airflow/.local/lib/python3.12/site-packages/airflow/example_dags/example_trigger_controller_dag.py took 0.067 seconds
[2025-07-01T22:03:40.103+0000] {processor.py:186} INFO - Started process (PID=5845) to work on /home/airflow/.local/lib/python3.12/site-packages/airflow/example_dags/example_trigger_controller_dag.py
[2025-07-01T22:03:40.104+0000] {processor.py:914} INFO - Processing file /home/airflow/.local/lib/python3.12/site-packages/airflow/example_dags/example_trigger_controller_dag.py for tasks to queue
[2025-07-01T22:03:40.106+0000] {logging_mixin.py:190} INFO - [2025-07-01T22:03:40.106+0000] {dagbag.py:588} INFO - Filling up the DagBag from /home/airflow/.local/lib/python3.12/site-packages/airflow/example_dags/example_trigger_controller_dag.py
[2025-07-01T22:03:40.112+0000] {processor.py:925} INFO - DAG(s) 'example_trigger_controller_dag' retrieved from /home/airflow/.local/lib/python3.12/site-packages/airflow/example_dags/example_trigger_controller_dag.py
[2025-07-01T22:03:40.128+0000] {logging_mixin.py:190} INFO - [2025-07-01T22:03:40.128+0000] {dag.py:3239} INFO - Sync 1 DAGs
[2025-07-01T22:03:40.146+0000] {logging_mixin.py:190} INFO - [2025-07-01T22:03:40.146+0000] {dag.py:4180} INFO - Setting next_dagrun for example_trigger_controller_dag to 2021-01-01 00:00:00+00:00, run_after=2021-01-01 00:00:00+00:00
[2025-07-01T22:03:40.164+0000] {processor.py:208} INFO - Processing /home/airflow/.local/lib/python3.12/site-packages/airflow/example_dags/example_trigger_controller_dag.py took 0.066 seconds
[2025-07-01T22:04:10.885+0000] {processor.py:186} INFO - Started process (PID=5909) to work on /home/airflow/.local/lib/python3.12/site-packages/airflow/example_dags/example_trigger_controller_dag.py
[2025-07-01T22:04:10.887+0000] {processor.py:914} INFO - Processing file /home/airflow/.local/lib/python3.12/site-packages/airflow/example_dags/example_trigger_controller_dag.py for tasks to queue
[2025-07-01T22:04:10.890+0000] {logging_mixin.py:190} INFO - [2025-07-01T22:04:10.890+0000] {dagbag.py:588} INFO - Filling up the DagBag from /home/airflow/.local/lib/python3.12/site-packages/airflow/example_dags/example_trigger_controller_dag.py
[2025-07-01T22:04:10.896+0000] {processor.py:925} INFO - DAG(s) 'example_trigger_controller_dag' retrieved from /home/airflow/.local/lib/python3.12/site-packages/airflow/example_dags/example_trigger_controller_dag.py
[2025-07-01T22:04:10.915+0000] {logging_mixin.py:190} INFO - [2025-07-01T22:04:10.915+0000] {dag.py:3239} INFO - Sync 1 DAGs
[2025-07-01T22:04:10.942+0000] {logging_mixin.py:190} INFO - [2025-07-01T22:04:10.941+0000] {dag.py:4180} INFO - Setting next_dagrun for example_trigger_controller_dag to 2021-01-01 00:00:00+00:00, run_after=2021-01-01 00:00:00+00:00
[2025-07-01T22:04:10.967+0000] {processor.py:208} INFO - Processing /home/airflow/.local/lib/python3.12/site-packages/airflow/example_dags/example_trigger_controller_dag.py took 0.087 seconds
[2025-07-01T22:04:41.053+0000] {processor.py:186} INFO - Started process (PID=5972) to work on /home/airflow/.local/lib/python3.12/site-packages/airflow/example_dags/example_trigger_controller_dag.py
[2025-07-01T22:04:41.054+0000] {processor.py:914} INFO - Processing file /home/airflow/.local/lib/python3.12/site-packages/airflow/example_dags/example_trigger_controller_dag.py for tasks to queue
[2025-07-01T22:04:41.057+0000] {logging_mixin.py:190} INFO - [2025-07-01T22:04:41.056+0000] {dagbag.py:588} INFO - Filling up the DagBag from /home/airflow/.local/lib/python3.12/site-packages/airflow/example_dags/example_trigger_controller_dag.py
[2025-07-01T22:04:41.064+0000] {processor.py:925} INFO - DAG(s) 'example_trigger_controller_dag' retrieved from /home/airflow/.local/lib/python3.12/site-packages/airflow/example_dags/example_trigger_controller_dag.py
[2025-07-01T22:04:41.084+0000] {logging_mixin.py:190} INFO - [2025-07-01T22:04:41.084+0000] {dag.py:3239} INFO - Sync 1 DAGs
[2025-07-01T22:04:41.104+0000] {logging_mixin.py:190} INFO - [2025-07-01T22:04:41.104+0000] {dag.py:4180} INFO - Setting next_dagrun for example_trigger_controller_dag to 2021-01-01 00:00:00+00:00, run_after=2021-01-01 00:00:00+00:00
[2025-07-01T22:04:41.124+0000] {processor.py:208} INFO - Processing /home/airflow/.local/lib/python3.12/site-packages/airflow/example_dags/example_trigger_controller_dag.py took 0.077 seconds
[2025-07-01T22:05:11.327+0000] {processor.py:186} INFO - Started process (PID=6035) to work on /home/airflow/.local/lib/python3.12/site-packages/airflow/example_dags/example_trigger_controller_dag.py
[2025-07-01T22:05:11.328+0000] {processor.py:914} INFO - Processing file /home/airflow/.local/lib/python3.12/site-packages/airflow/example_dags/example_trigger_controller_dag.py for tasks to queue
[2025-07-01T22:05:11.331+0000] {logging_mixin.py:190} INFO - [2025-07-01T22:05:11.330+0000] {dagbag.py:588} INFO - Filling up the DagBag from /home/airflow/.local/lib/python3.12/site-packages/airflow/example_dags/example_trigger_controller_dag.py
[2025-07-01T22:05:11.337+0000] {processor.py:925} INFO - DAG(s) 'example_trigger_controller_dag' retrieved from /home/airflow/.local/lib/python3.12/site-packages/airflow/example_dags/example_trigger_controller_dag.py
[2025-07-01T22:05:11.354+0000] {logging_mixin.py:190} INFO - [2025-07-01T22:05:11.354+0000] {dag.py:3239} INFO - Sync 1 DAGs
[2025-07-01T22:05:11.373+0000] {logging_mixin.py:190} INFO - [2025-07-01T22:05:11.373+0000] {dag.py:4180} INFO - Setting next_dagrun for example_trigger_controller_dag to 2021-01-01 00:00:00+00:00, run_after=2021-01-01 00:00:00+00:00
[2025-07-01T22:05:11.392+0000] {processor.py:208} INFO - Processing /home/airflow/.local/lib/python3.12/site-packages/airflow/example_dags/example_trigger_controller_dag.py took 0.071 seconds
[2025-07-01T22:05:41.613+0000] {processor.py:186} INFO - Started process (PID=6098) to work on /home/airflow/.local/lib/python3.12/site-packages/airflow/example_dags/example_trigger_controller_dag.py
[2025-07-01T22:05:41.614+0000] {processor.py:914} INFO - Processing file /home/airflow/.local/lib/python3.12/site-packages/airflow/example_dags/example_trigger_controller_dag.py for tasks to queue
[2025-07-01T22:05:41.616+0000] {logging_mixin.py:190} INFO - [2025-07-01T22:05:41.616+0000] {dagbag.py:588} INFO - Filling up the DagBag from /home/airflow/.local/lib/python3.12/site-packages/airflow/example_dags/example_trigger_controller_dag.py
[2025-07-01T22:05:41.622+0000] {processor.py:925} INFO - DAG(s) 'example_trigger_controller_dag' retrieved from /home/airflow/.local/lib/python3.12/site-packages/airflow/example_dags/example_trigger_controller_dag.py
[2025-07-01T22:05:41.640+0000] {logging_mixin.py:190} INFO - [2025-07-01T22:05:41.640+0000] {dag.py:3239} INFO - Sync 1 DAGs
[2025-07-01T22:05:41.659+0000] {logging_mixin.py:190} INFO - [2025-07-01T22:05:41.659+0000] {dag.py:4180} INFO - Setting next_dagrun for example_trigger_controller_dag to 2021-01-01 00:00:00+00:00, run_after=2021-01-01 00:00:00+00:00
[2025-07-01T22:05:41.676+0000] {processor.py:208} INFO - Processing /home/airflow/.local/lib/python3.12/site-packages/airflow/example_dags/example_trigger_controller_dag.py took 0.068 seconds
[2025-07-01T22:06:12.092+0000] {processor.py:186} INFO - Started process (PID=6161) to work on /home/airflow/.local/lib/python3.12/site-packages/airflow/example_dags/example_trigger_controller_dag.py
[2025-07-01T22:06:12.093+0000] {processor.py:914} INFO - Processing file /home/airflow/.local/lib/python3.12/site-packages/airflow/example_dags/example_trigger_controller_dag.py for tasks to queue
[2025-07-01T22:06:12.096+0000] {logging_mixin.py:190} INFO - [2025-07-01T22:06:12.095+0000] {dagbag.py:588} INFO - Filling up the DagBag from /home/airflow/.local/lib/python3.12/site-packages/airflow/example_dags/example_trigger_controller_dag.py
[2025-07-01T22:06:12.101+0000] {processor.py:925} INFO - DAG(s) 'example_trigger_controller_dag' retrieved from /home/airflow/.local/lib/python3.12/site-packages/airflow/example_dags/example_trigger_controller_dag.py
[2025-07-01T22:06:12.120+0000] {logging_mixin.py:190} INFO - [2025-07-01T22:06:12.119+0000] {dag.py:3239} INFO - Sync 1 DAGs
[2025-07-01T22:06:12.141+0000] {logging_mixin.py:190} INFO - [2025-07-01T22:06:12.141+0000] {dag.py:4180} INFO - Setting next_dagrun for example_trigger_controller_dag to 2021-01-01 00:00:00+00:00, run_after=2021-01-01 00:00:00+00:00
[2025-07-01T22:06:12.160+0000] {processor.py:208} INFO - Processing /home/airflow/.local/lib/python3.12/site-packages/airflow/example_dags/example_trigger_controller_dag.py took 0.073 seconds
[2025-07-01T22:06:42.930+0000] {processor.py:186} INFO - Started process (PID=6224) to work on /home/airflow/.local/lib/python3.12/site-packages/airflow/example_dags/example_trigger_controller_dag.py
[2025-07-01T22:06:42.931+0000] {processor.py:914} INFO - Processing file /home/airflow/.local/lib/python3.12/site-packages/airflow/example_dags/example_trigger_controller_dag.py for tasks to queue
[2025-07-01T22:06:42.934+0000] {logging_mixin.py:190} INFO - [2025-07-01T22:06:42.934+0000] {dagbag.py:588} INFO - Filling up the DagBag from /home/airflow/.local/lib/python3.12/site-packages/airflow/example_dags/example_trigger_controller_dag.py
[2025-07-01T22:06:42.940+0000] {processor.py:925} INFO - DAG(s) 'example_trigger_controller_dag' retrieved from /home/airflow/.local/lib/python3.12/site-packages/airflow/example_dags/example_trigger_controller_dag.py
[2025-07-01T22:06:42.958+0000] {logging_mixin.py:190} INFO - [2025-07-01T22:06:42.958+0000] {dag.py:3239} INFO - Sync 1 DAGs
[2025-07-01T22:06:42.980+0000] {logging_mixin.py:190} INFO - [2025-07-01T22:06:42.980+0000] {dag.py:4180} INFO - Setting next_dagrun for example_trigger_controller_dag to 2021-01-01 00:00:00+00:00, run_after=2021-01-01 00:00:00+00:00
[2025-07-01T22:06:43.000+0000] {processor.py:208} INFO - Processing /home/airflow/.local/lib/python3.12/site-packages/airflow/example_dags/example_trigger_controller_dag.py took 0.075 seconds
[2025-07-01T22:07:13.502+0000] {processor.py:186} INFO - Started process (PID=6287) to work on /home/airflow/.local/lib/python3.12/site-packages/airflow/example_dags/example_trigger_controller_dag.py
[2025-07-01T22:07:13.505+0000] {processor.py:914} INFO - Processing file /home/airflow/.local/lib/python3.12/site-packages/airflow/example_dags/example_trigger_controller_dag.py for tasks to queue
[2025-07-01T22:07:13.508+0000] {logging_mixin.py:190} INFO - [2025-07-01T22:07:13.507+0000] {dagbag.py:588} INFO - Filling up the DagBag from /home/airflow/.local/lib/python3.12/site-packages/airflow/example_dags/example_trigger_controller_dag.py
[2025-07-01T22:07:13.513+0000] {processor.py:925} INFO - DAG(s) 'example_trigger_controller_dag' retrieved from /home/airflow/.local/lib/python3.12/site-packages/airflow/example_dags/example_trigger_controller_dag.py
[2025-07-01T22:07:13.531+0000] {logging_mixin.py:190} INFO - [2025-07-01T22:07:13.531+0000] {dag.py:3239} INFO - Sync 1 DAGs
[2025-07-01T22:07:13.550+0000] {logging_mixin.py:190} INFO - [2025-07-01T22:07:13.549+0000] {dag.py:4180} INFO - Setting next_dagrun for example_trigger_controller_dag to 2021-01-01 00:00:00+00:00, run_after=2021-01-01 00:00:00+00:00
[2025-07-01T22:07:13.574+0000] {processor.py:208} INFO - Processing /home/airflow/.local/lib/python3.12/site-packages/airflow/example_dags/example_trigger_controller_dag.py took 0.076 seconds
[2025-07-01T22:07:44.181+0000] {processor.py:186} INFO - Started process (PID=6350) to work on /home/airflow/.local/lib/python3.12/site-packages/airflow/example_dags/example_trigger_controller_dag.py
[2025-07-01T22:07:44.182+0000] {processor.py:914} INFO - Processing file /home/airflow/.local/lib/python3.12/site-packages/airflow/example_dags/example_trigger_controller_dag.py for tasks to queue
[2025-07-01T22:07:44.185+0000] {logging_mixin.py:190} INFO - [2025-07-01T22:07:44.185+0000] {dagbag.py:588} INFO - Filling up the DagBag from /home/airflow/.local/lib/python3.12/site-packages/airflow/example_dags/example_trigger_controller_dag.py
[2025-07-01T22:07:44.191+0000] {processor.py:925} INFO - DAG(s) 'example_trigger_controller_dag' retrieved from /home/airflow/.local/lib/python3.12/site-packages/airflow/example_dags/example_trigger_controller_dag.py
[2025-07-01T22:07:44.210+0000] {logging_mixin.py:190} INFO - [2025-07-01T22:07:44.210+0000] {dag.py:3239} INFO - Sync 1 DAGs
[2025-07-01T22:07:44.230+0000] {logging_mixin.py:190} INFO - [2025-07-01T22:07:44.229+0000] {dag.py:4180} INFO - Setting next_dagrun for example_trigger_controller_dag to 2021-01-01 00:00:00+00:00, run_after=2021-01-01 00:00:00+00:00
[2025-07-01T22:07:44.248+0000] {processor.py:208} INFO - Processing /home/airflow/.local/lib/python3.12/site-packages/airflow/example_dags/example_trigger_controller_dag.py took 0.073 seconds
[2025-07-01T22:08:14.974+0000] {processor.py:186} INFO - Started process (PID=6413) to work on /home/airflow/.local/lib/python3.12/site-packages/airflow/example_dags/example_trigger_controller_dag.py
[2025-07-01T22:08:14.975+0000] {processor.py:914} INFO - Processing file /home/airflow/.local/lib/python3.12/site-packages/airflow/example_dags/example_trigger_controller_dag.py for tasks to queue
[2025-07-01T22:08:14.978+0000] {logging_mixin.py:190} INFO - [2025-07-01T22:08:14.978+0000] {dagbag.py:588} INFO - Filling up the DagBag from /home/airflow/.local/lib/python3.12/site-packages/airflow/example_dags/example_trigger_controller_dag.py
[2025-07-01T22:08:14.984+0000] {processor.py:925} INFO - DAG(s) 'example_trigger_controller_dag' retrieved from /home/airflow/.local/lib/python3.12/site-packages/airflow/example_dags/example_trigger_controller_dag.py
[2025-07-01T22:08:15.001+0000] {logging_mixin.py:190} INFO - [2025-07-01T22:08:15.001+0000] {dag.py:3239} INFO - Sync 1 DAGs
[2025-07-01T22:08:15.019+0000] {logging_mixin.py:190} INFO - [2025-07-01T22:08:15.019+0000] {dag.py:4180} INFO - Setting next_dagrun for example_trigger_controller_dag to 2021-01-01 00:00:00+00:00, run_after=2021-01-01 00:00:00+00:00
[2025-07-01T22:08:15.037+0000] {processor.py:208} INFO - Processing /home/airflow/.local/lib/python3.12/site-packages/airflow/example_dags/example_trigger_controller_dag.py took 0.070 seconds
[2025-07-01T22:08:45.727+0000] {processor.py:186} INFO - Started process (PID=6476) to work on /home/airflow/.local/lib/python3.12/site-packages/airflow/example_dags/example_trigger_controller_dag.py
[2025-07-01T22:08:45.728+0000] {processor.py:914} INFO - Processing file /home/airflow/.local/lib/python3.12/site-packages/airflow/example_dags/example_trigger_controller_dag.py for tasks to queue
[2025-07-01T22:08:45.731+0000] {logging_mixin.py:190} INFO - [2025-07-01T22:08:45.730+0000] {dagbag.py:588} INFO - Filling up the DagBag from /home/airflow/.local/lib/python3.12/site-packages/airflow/example_dags/example_trigger_controller_dag.py
[2025-07-01T22:08:45.737+0000] {processor.py:925} INFO - DAG(s) 'example_trigger_controller_dag' retrieved from /home/airflow/.local/lib/python3.12/site-packages/airflow/example_dags/example_trigger_controller_dag.py
[2025-07-01T22:08:45.754+0000] {logging_mixin.py:190} INFO - [2025-07-01T22:08:45.754+0000] {dag.py:3239} INFO - Sync 1 DAGs
[2025-07-01T22:08:45.775+0000] {logging_mixin.py:190} INFO - [2025-07-01T22:08:45.774+0000] {dag.py:4180} INFO - Setting next_dagrun for example_trigger_controller_dag to 2021-01-01 00:00:00+00:00, run_after=2021-01-01 00:00:00+00:00
[2025-07-01T22:08:45.797+0000] {processor.py:208} INFO - Processing /home/airflow/.local/lib/python3.12/site-packages/airflow/example_dags/example_trigger_controller_dag.py took 0.075 seconds
[2025-07-01T22:09:16.349+0000] {processor.py:186} INFO - Started process (PID=6539) to work on /home/airflow/.local/lib/python3.12/site-packages/airflow/example_dags/example_trigger_controller_dag.py
[2025-07-01T22:09:16.350+0000] {processor.py:914} INFO - Processing file /home/airflow/.local/lib/python3.12/site-packages/airflow/example_dags/example_trigger_controller_dag.py for tasks to queue
[2025-07-01T22:09:16.353+0000] {logging_mixin.py:190} INFO - [2025-07-01T22:09:16.353+0000] {dagbag.py:588} INFO - Filling up the DagBag from /home/airflow/.local/lib/python3.12/site-packages/airflow/example_dags/example_trigger_controller_dag.py
[2025-07-01T22:09:16.360+0000] {processor.py:925} INFO - DAG(s) 'example_trigger_controller_dag' retrieved from /home/airflow/.local/lib/python3.12/site-packages/airflow/example_dags/example_trigger_controller_dag.py
[2025-07-01T22:09:16.383+0000] {logging_mixin.py:190} INFO - [2025-07-01T22:09:16.383+0000] {dag.py:3239} INFO - Sync 1 DAGs
[2025-07-01T22:09:16.408+0000] {logging_mixin.py:190} INFO - [2025-07-01T22:09:16.408+0000] {dag.py:4180} INFO - Setting next_dagrun for example_trigger_controller_dag to 2021-01-01 00:00:00+00:00, run_after=2021-01-01 00:00:00+00:00
[2025-07-01T22:09:16.427+0000] {processor.py:208} INFO - Processing /home/airflow/.local/lib/python3.12/site-packages/airflow/example_dags/example_trigger_controller_dag.py took 0.085 seconds
[2025-07-01T22:09:46.883+0000] {processor.py:186} INFO - Started process (PID=6602) to work on /home/airflow/.local/lib/python3.12/site-packages/airflow/example_dags/example_trigger_controller_dag.py
[2025-07-01T22:09:46.884+0000] {processor.py:914} INFO - Processing file /home/airflow/.local/lib/python3.12/site-packages/airflow/example_dags/example_trigger_controller_dag.py for tasks to queue
[2025-07-01T22:09:46.887+0000] {logging_mixin.py:190} INFO - [2025-07-01T22:09:46.887+0000] {dagbag.py:588} INFO - Filling up the DagBag from /home/airflow/.local/lib/python3.12/site-packages/airflow/example_dags/example_trigger_controller_dag.py
[2025-07-01T22:09:46.893+0000] {processor.py:925} INFO - DAG(s) 'example_trigger_controller_dag' retrieved from /home/airflow/.local/lib/python3.12/site-packages/airflow/example_dags/example_trigger_controller_dag.py
[2025-07-01T22:09:46.910+0000] {logging_mixin.py:190} INFO - [2025-07-01T22:09:46.910+0000] {dag.py:3239} INFO - Sync 1 DAGs
[2025-07-01T22:09:46.935+0000] {logging_mixin.py:190} INFO - [2025-07-01T22:09:46.935+0000] {dag.py:4180} INFO - Setting next_dagrun for example_trigger_controller_dag to 2021-01-01 00:00:00+00:00, run_after=2021-01-01 00:00:00+00:00
[2025-07-01T22:09:46.956+0000] {processor.py:208} INFO - Processing /home/airflow/.local/lib/python3.12/site-packages/airflow/example_dags/example_trigger_controller_dag.py took 0.078 seconds
[2025-07-01T22:10:17.059+0000] {processor.py:186} INFO - Started process (PID=6665) to work on /home/airflow/.local/lib/python3.12/site-packages/airflow/example_dags/example_trigger_controller_dag.py
[2025-07-01T22:10:17.060+0000] {processor.py:914} INFO - Processing file /home/airflow/.local/lib/python3.12/site-packages/airflow/example_dags/example_trigger_controller_dag.py for tasks to queue
[2025-07-01T22:10:17.063+0000] {logging_mixin.py:190} INFO - [2025-07-01T22:10:17.062+0000] {dagbag.py:588} INFO - Filling up the DagBag from /home/airflow/.local/lib/python3.12/site-packages/airflow/example_dags/example_trigger_controller_dag.py
[2025-07-01T22:10:17.069+0000] {processor.py:925} INFO - DAG(s) 'example_trigger_controller_dag' retrieved from /home/airflow/.local/lib/python3.12/site-packages/airflow/example_dags/example_trigger_controller_dag.py
[2025-07-01T22:10:17.086+0000] {logging_mixin.py:190} INFO - [2025-07-01T22:10:17.086+0000] {dag.py:3239} INFO - Sync 1 DAGs
[2025-07-01T22:10:17.104+0000] {logging_mixin.py:190} INFO - [2025-07-01T22:10:17.104+0000] {dag.py:4180} INFO - Setting next_dagrun for example_trigger_controller_dag to 2021-01-01 00:00:00+00:00, run_after=2021-01-01 00:00:00+00:00
[2025-07-01T22:10:17.124+0000] {processor.py:208} INFO - Processing /home/airflow/.local/lib/python3.12/site-packages/airflow/example_dags/example_trigger_controller_dag.py took 0.071 seconds
[2025-07-01T22:10:47.819+0000] {processor.py:186} INFO - Started process (PID=6728) to work on /home/airflow/.local/lib/python3.12/site-packages/airflow/example_dags/example_trigger_controller_dag.py
[2025-07-01T22:10:47.820+0000] {processor.py:914} INFO - Processing file /home/airflow/.local/lib/python3.12/site-packages/airflow/example_dags/example_trigger_controller_dag.py for tasks to queue
[2025-07-01T22:10:47.823+0000] {logging_mixin.py:190} INFO - [2025-07-01T22:10:47.822+0000] {dagbag.py:588} INFO - Filling up the DagBag from /home/airflow/.local/lib/python3.12/site-packages/airflow/example_dags/example_trigger_controller_dag.py
[2025-07-01T22:10:47.830+0000] {processor.py:925} INFO - DAG(s) 'example_trigger_controller_dag' retrieved from /home/airflow/.local/lib/python3.12/site-packages/airflow/example_dags/example_trigger_controller_dag.py
[2025-07-01T22:10:47.851+0000] {logging_mixin.py:190} INFO - [2025-07-01T22:10:47.850+0000] {dag.py:3239} INFO - Sync 1 DAGs
[2025-07-01T22:10:47.872+0000] {logging_mixin.py:190} INFO - [2025-07-01T22:10:47.872+0000] {dag.py:4180} INFO - Setting next_dagrun for example_trigger_controller_dag to 2021-01-01 00:00:00+00:00, run_after=2021-01-01 00:00:00+00:00
[2025-07-01T22:10:47.892+0000] {processor.py:208} INFO - Processing /home/airflow/.local/lib/python3.12/site-packages/airflow/example_dags/example_trigger_controller_dag.py took 0.079 seconds
[2025-07-01T22:11:18.405+0000] {processor.py:186} INFO - Started process (PID=6791) to work on /home/airflow/.local/lib/python3.12/site-packages/airflow/example_dags/example_trigger_controller_dag.py
[2025-07-01T22:11:18.406+0000] {processor.py:914} INFO - Processing file /home/airflow/.local/lib/python3.12/site-packages/airflow/example_dags/example_trigger_controller_dag.py for tasks to queue
[2025-07-01T22:11:18.409+0000] {logging_mixin.py:190} INFO - [2025-07-01T22:11:18.409+0000] {dagbag.py:588} INFO - Filling up the DagBag from /home/airflow/.local/lib/python3.12/site-packages/airflow/example_dags/example_trigger_controller_dag.py
[2025-07-01T22:11:18.415+0000] {processor.py:925} INFO - DAG(s) 'example_trigger_controller_dag' retrieved from /home/airflow/.local/lib/python3.12/site-packages/airflow/example_dags/example_trigger_controller_dag.py
[2025-07-01T22:11:18.434+0000] {logging_mixin.py:190} INFO - [2025-07-01T22:11:18.434+0000] {dag.py:3239} INFO - Sync 1 DAGs
[2025-07-01T22:11:18.454+0000] {logging_mixin.py:190} INFO - [2025-07-01T22:11:18.453+0000] {dag.py:4180} INFO - Setting next_dagrun for example_trigger_controller_dag to 2021-01-01 00:00:00+00:00, run_after=2021-01-01 00:00:00+00:00
[2025-07-01T22:11:18.475+0000] {processor.py:208} INFO - Processing /home/airflow/.local/lib/python3.12/site-packages/airflow/example_dags/example_trigger_controller_dag.py took 0.075 seconds
[2025-07-01T22:11:49.095+0000] {processor.py:186} INFO - Started process (PID=6854) to work on /home/airflow/.local/lib/python3.12/site-packages/airflow/example_dags/example_trigger_controller_dag.py
[2025-07-01T22:11:49.096+0000] {processor.py:914} INFO - Processing file /home/airflow/.local/lib/python3.12/site-packages/airflow/example_dags/example_trigger_controller_dag.py for tasks to queue
[2025-07-01T22:11:49.098+0000] {logging_mixin.py:190} INFO - [2025-07-01T22:11:49.098+0000] {dagbag.py:588} INFO - Filling up the DagBag from /home/airflow/.local/lib/python3.12/site-packages/airflow/example_dags/example_trigger_controller_dag.py
[2025-07-01T22:11:49.105+0000] {processor.py:925} INFO - DAG(s) 'example_trigger_controller_dag' retrieved from /home/airflow/.local/lib/python3.12/site-packages/airflow/example_dags/example_trigger_controller_dag.py
[2025-07-01T22:11:49.123+0000] {logging_mixin.py:190} INFO - [2025-07-01T22:11:49.123+0000] {dag.py:3239} INFO - Sync 1 DAGs
[2025-07-01T22:11:49.145+0000] {logging_mixin.py:190} INFO - [2025-07-01T22:11:49.144+0000] {dag.py:4180} INFO - Setting next_dagrun for example_trigger_controller_dag to 2021-01-01 00:00:00+00:00, run_after=2021-01-01 00:00:00+00:00
[2025-07-01T22:11:49.170+0000] {processor.py:208} INFO - Processing /home/airflow/.local/lib/python3.12/site-packages/airflow/example_dags/example_trigger_controller_dag.py took 0.080 seconds
[2025-07-01T22:12:19.940+0000] {processor.py:186} INFO - Started process (PID=6917) to work on /home/airflow/.local/lib/python3.12/site-packages/airflow/example_dags/example_trigger_controller_dag.py
[2025-07-01T22:12:19.941+0000] {processor.py:914} INFO - Processing file /home/airflow/.local/lib/python3.12/site-packages/airflow/example_dags/example_trigger_controller_dag.py for tasks to queue
[2025-07-01T22:12:19.944+0000] {logging_mixin.py:190} INFO - [2025-07-01T22:12:19.944+0000] {dagbag.py:588} INFO - Filling up the DagBag from /home/airflow/.local/lib/python3.12/site-packages/airflow/example_dags/example_trigger_controller_dag.py
[2025-07-01T22:12:19.950+0000] {processor.py:925} INFO - DAG(s) 'example_trigger_controller_dag' retrieved from /home/airflow/.local/lib/python3.12/site-packages/airflow/example_dags/example_trigger_controller_dag.py
[2025-07-01T22:12:19.968+0000] {logging_mixin.py:190} INFO - [2025-07-01T22:12:19.968+0000] {dag.py:3239} INFO - Sync 1 DAGs
[2025-07-01T22:12:19.989+0000] {logging_mixin.py:190} INFO - [2025-07-01T22:12:19.988+0000] {dag.py:4180} INFO - Setting next_dagrun for example_trigger_controller_dag to 2021-01-01 00:00:00+00:00, run_after=2021-01-01 00:00:00+00:00
[2025-07-01T22:12:20.010+0000] {processor.py:208} INFO - Processing /home/airflow/.local/lib/python3.12/site-packages/airflow/example_dags/example_trigger_controller_dag.py took 0.075 seconds
[2025-07-01T22:12:50.705+0000] {processor.py:186} INFO - Started process (PID=6980) to work on /home/airflow/.local/lib/python3.12/site-packages/airflow/example_dags/example_trigger_controller_dag.py
[2025-07-01T22:12:50.706+0000] {processor.py:914} INFO - Processing file /home/airflow/.local/lib/python3.12/site-packages/airflow/example_dags/example_trigger_controller_dag.py for tasks to queue
[2025-07-01T22:12:50.709+0000] {logging_mixin.py:190} INFO - [2025-07-01T22:12:50.709+0000] {dagbag.py:588} INFO - Filling up the DagBag from /home/airflow/.local/lib/python3.12/site-packages/airflow/example_dags/example_trigger_controller_dag.py
[2025-07-01T22:12:50.716+0000] {processor.py:925} INFO - DAG(s) 'example_trigger_controller_dag' retrieved from /home/airflow/.local/lib/python3.12/site-packages/airflow/example_dags/example_trigger_controller_dag.py
[2025-07-01T22:12:50.735+0000] {logging_mixin.py:190} INFO - [2025-07-01T22:12:50.734+0000] {dag.py:3239} INFO - Sync 1 DAGs
[2025-07-01T22:12:50.754+0000] {logging_mixin.py:190} INFO - [2025-07-01T22:12:50.754+0000] {dag.py:4180} INFO - Setting next_dagrun for example_trigger_controller_dag to 2021-01-01 00:00:00+00:00, run_after=2021-01-01 00:00:00+00:00
[2025-07-01T22:12:50.773+0000] {processor.py:208} INFO - Processing /home/airflow/.local/lib/python3.12/site-packages/airflow/example_dags/example_trigger_controller_dag.py took 0.073 seconds
[2025-07-01T22:13:21.453+0000] {processor.py:186} INFO - Started process (PID=7043) to work on /home/airflow/.local/lib/python3.12/site-packages/airflow/example_dags/example_trigger_controller_dag.py
[2025-07-01T22:13:21.454+0000] {processor.py:914} INFO - Processing file /home/airflow/.local/lib/python3.12/site-packages/airflow/example_dags/example_trigger_controller_dag.py for tasks to queue
[2025-07-01T22:13:21.457+0000] {logging_mixin.py:190} INFO - [2025-07-01T22:13:21.457+0000] {dagbag.py:588} INFO - Filling up the DagBag from /home/airflow/.local/lib/python3.12/site-packages/airflow/example_dags/example_trigger_controller_dag.py
[2025-07-01T22:13:21.465+0000] {processor.py:925} INFO - DAG(s) 'example_trigger_controller_dag' retrieved from /home/airflow/.local/lib/python3.12/site-packages/airflow/example_dags/example_trigger_controller_dag.py
[2025-07-01T22:13:21.484+0000] {logging_mixin.py:190} INFO - [2025-07-01T22:13:21.484+0000] {dag.py:3239} INFO - Sync 1 DAGs
[2025-07-01T22:13:21.505+0000] {logging_mixin.py:190} INFO - [2025-07-01T22:13:21.505+0000] {dag.py:4180} INFO - Setting next_dagrun for example_trigger_controller_dag to 2021-01-01 00:00:00+00:00, run_after=2021-01-01 00:00:00+00:00
[2025-07-01T22:13:21.525+0000] {processor.py:208} INFO - Processing /home/airflow/.local/lib/python3.12/site-packages/airflow/example_dags/example_trigger_controller_dag.py took 0.077 seconds
[2025-07-01T22:13:52.408+0000] {processor.py:186} INFO - Started process (PID=7106) to work on /home/airflow/.local/lib/python3.12/site-packages/airflow/example_dags/example_trigger_controller_dag.py
[2025-07-01T22:13:52.409+0000] {processor.py:914} INFO - Processing file /home/airflow/.local/lib/python3.12/site-packages/airflow/example_dags/example_trigger_controller_dag.py for tasks to queue
[2025-07-01T22:13:52.411+0000] {logging_mixin.py:190} INFO - [2025-07-01T22:13:52.411+0000] {dagbag.py:588} INFO - Filling up the DagBag from /home/airflow/.local/lib/python3.12/site-packages/airflow/example_dags/example_trigger_controller_dag.py
[2025-07-01T22:13:52.417+0000] {processor.py:925} INFO - DAG(s) 'example_trigger_controller_dag' retrieved from /home/airflow/.local/lib/python3.12/site-packages/airflow/example_dags/example_trigger_controller_dag.py
[2025-07-01T22:13:52.438+0000] {logging_mixin.py:190} INFO - [2025-07-01T22:13:52.438+0000] {dag.py:3239} INFO - Sync 1 DAGs
[2025-07-01T22:13:52.459+0000] {logging_mixin.py:190} INFO - [2025-07-01T22:13:52.459+0000] {dag.py:4180} INFO - Setting next_dagrun for example_trigger_controller_dag to 2021-01-01 00:00:00+00:00, run_after=2021-01-01 00:00:00+00:00
[2025-07-01T22:13:52.479+0000] {processor.py:208} INFO - Processing /home/airflow/.local/lib/python3.12/site-packages/airflow/example_dags/example_trigger_controller_dag.py took 0.077 seconds
[2025-07-01T22:14:23.215+0000] {processor.py:186} INFO - Started process (PID=7169) to work on /home/airflow/.local/lib/python3.12/site-packages/airflow/example_dags/example_trigger_controller_dag.py
[2025-07-01T22:14:23.216+0000] {processor.py:914} INFO - Processing file /home/airflow/.local/lib/python3.12/site-packages/airflow/example_dags/example_trigger_controller_dag.py for tasks to queue
[2025-07-01T22:14:23.219+0000] {logging_mixin.py:190} INFO - [2025-07-01T22:14:23.218+0000] {dagbag.py:588} INFO - Filling up the DagBag from /home/airflow/.local/lib/python3.12/site-packages/airflow/example_dags/example_trigger_controller_dag.py
[2025-07-01T22:14:23.225+0000] {processor.py:925} INFO - DAG(s) 'example_trigger_controller_dag' retrieved from /home/airflow/.local/lib/python3.12/site-packages/airflow/example_dags/example_trigger_controller_dag.py
[2025-07-01T22:14:23.245+0000] {logging_mixin.py:190} INFO - [2025-07-01T22:14:23.244+0000] {dag.py:3239} INFO - Sync 1 DAGs
[2025-07-01T22:14:23.265+0000] {logging_mixin.py:190} INFO - [2025-07-01T22:14:23.264+0000] {dag.py:4180} INFO - Setting next_dagrun for example_trigger_controller_dag to 2021-01-01 00:00:00+00:00, run_after=2021-01-01 00:00:00+00:00
[2025-07-01T22:14:23.286+0000] {processor.py:208} INFO - Processing /home/airflow/.local/lib/python3.12/site-packages/airflow/example_dags/example_trigger_controller_dag.py took 0.076 seconds
[2025-07-01T22:14:53.520+0000] {processor.py:186} INFO - Started process (PID=7232) to work on /home/airflow/.local/lib/python3.12/site-packages/airflow/example_dags/example_trigger_controller_dag.py
[2025-07-01T22:14:53.521+0000] {processor.py:914} INFO - Processing file /home/airflow/.local/lib/python3.12/site-packages/airflow/example_dags/example_trigger_controller_dag.py for tasks to queue
[2025-07-01T22:14:53.523+0000] {logging_mixin.py:190} INFO - [2025-07-01T22:14:53.523+0000] {dagbag.py:588} INFO - Filling up the DagBag from /home/airflow/.local/lib/python3.12/site-packages/airflow/example_dags/example_trigger_controller_dag.py
[2025-07-01T22:14:53.531+0000] {processor.py:925} INFO - DAG(s) 'example_trigger_controller_dag' retrieved from /home/airflow/.local/lib/python3.12/site-packages/airflow/example_dags/example_trigger_controller_dag.py
[2025-07-01T22:14:53.554+0000] {logging_mixin.py:190} INFO - [2025-07-01T22:14:53.554+0000] {dag.py:3239} INFO - Sync 1 DAGs
[2025-07-01T22:14:53.575+0000] {logging_mixin.py:190} INFO - [2025-07-01T22:14:53.575+0000] {dag.py:4180} INFO - Setting next_dagrun for example_trigger_controller_dag to 2021-01-01 00:00:00+00:00, run_after=2021-01-01 00:00:00+00:00
[2025-07-01T22:14:53.598+0000] {processor.py:208} INFO - Processing /home/airflow/.local/lib/python3.12/site-packages/airflow/example_dags/example_trigger_controller_dag.py took 0.083 seconds
[2025-07-01T22:15:23.988+0000] {processor.py:186} INFO - Started process (PID=7295) to work on /home/airflow/.local/lib/python3.12/site-packages/airflow/example_dags/example_trigger_controller_dag.py
[2025-07-01T22:15:23.989+0000] {processor.py:914} INFO - Processing file /home/airflow/.local/lib/python3.12/site-packages/airflow/example_dags/example_trigger_controller_dag.py for tasks to queue
[2025-07-01T22:15:23.992+0000] {logging_mixin.py:190} INFO - [2025-07-01T22:15:23.991+0000] {dagbag.py:588} INFO - Filling up the DagBag from /home/airflow/.local/lib/python3.12/site-packages/airflow/example_dags/example_trigger_controller_dag.py
[2025-07-01T22:15:23.998+0000] {processor.py:925} INFO - DAG(s) 'example_trigger_controller_dag' retrieved from /home/airflow/.local/lib/python3.12/site-packages/airflow/example_dags/example_trigger_controller_dag.py
[2025-07-01T22:15:24.018+0000] {logging_mixin.py:190} INFO - [2025-07-01T22:15:24.018+0000] {dag.py:3239} INFO - Sync 1 DAGs
[2025-07-01T22:15:24.041+0000] {logging_mixin.py:190} INFO - [2025-07-01T22:15:24.041+0000] {dag.py:4180} INFO - Setting next_dagrun for example_trigger_controller_dag to 2021-01-01 00:00:00+00:00, run_after=2021-01-01 00:00:00+00:00
[2025-07-01T22:15:24.063+0000] {processor.py:208} INFO - Processing /home/airflow/.local/lib/python3.12/site-packages/airflow/example_dags/example_trigger_controller_dag.py took 0.081 seconds
[2025-07-01T22:15:54.559+0000] {processor.py:186} INFO - Started process (PID=7358) to work on /home/airflow/.local/lib/python3.12/site-packages/airflow/example_dags/example_trigger_controller_dag.py
[2025-07-01T22:15:54.560+0000] {processor.py:914} INFO - Processing file /home/airflow/.local/lib/python3.12/site-packages/airflow/example_dags/example_trigger_controller_dag.py for tasks to queue
[2025-07-01T22:15:54.563+0000] {logging_mixin.py:190} INFO - [2025-07-01T22:15:54.563+0000] {dagbag.py:588} INFO - Filling up the DagBag from /home/airflow/.local/lib/python3.12/site-packages/airflow/example_dags/example_trigger_controller_dag.py
[2025-07-01T22:15:54.571+0000] {processor.py:925} INFO - DAG(s) 'example_trigger_controller_dag' retrieved from /home/airflow/.local/lib/python3.12/site-packages/airflow/example_dags/example_trigger_controller_dag.py
[2025-07-01T22:15:54.590+0000] {logging_mixin.py:190} INFO - [2025-07-01T22:15:54.589+0000] {dag.py:3239} INFO - Sync 1 DAGs
[2025-07-01T22:15:54.616+0000] {logging_mixin.py:190} INFO - [2025-07-01T22:15:54.615+0000] {dag.py:4180} INFO - Setting next_dagrun for example_trigger_controller_dag to 2021-01-01 00:00:00+00:00, run_after=2021-01-01 00:00:00+00:00
[2025-07-01T22:15:54.638+0000] {processor.py:208} INFO - Processing /home/airflow/.local/lib/python3.12/site-packages/airflow/example_dags/example_trigger_controller_dag.py took 0.084 seconds
[2025-07-01T22:16:25.165+0000] {processor.py:186} INFO - Started process (PID=7421) to work on /home/airflow/.local/lib/python3.12/site-packages/airflow/example_dags/example_trigger_controller_dag.py
[2025-07-01T22:16:25.166+0000] {processor.py:914} INFO - Processing file /home/airflow/.local/lib/python3.12/site-packages/airflow/example_dags/example_trigger_controller_dag.py for tasks to queue
[2025-07-01T22:16:25.168+0000] {logging_mixin.py:190} INFO - [2025-07-01T22:16:25.168+0000] {dagbag.py:588} INFO - Filling up the DagBag from /home/airflow/.local/lib/python3.12/site-packages/airflow/example_dags/example_trigger_controller_dag.py
[2025-07-01T22:16:25.175+0000] {processor.py:925} INFO - DAG(s) 'example_trigger_controller_dag' retrieved from /home/airflow/.local/lib/python3.12/site-packages/airflow/example_dags/example_trigger_controller_dag.py
[2025-07-01T22:16:25.191+0000] {logging_mixin.py:190} INFO - [2025-07-01T22:16:25.191+0000] {dag.py:3239} INFO - Sync 1 DAGs
[2025-07-01T22:16:25.210+0000] {logging_mixin.py:190} INFO - [2025-07-01T22:16:25.209+0000] {dag.py:4180} INFO - Setting next_dagrun for example_trigger_controller_dag to 2021-01-01 00:00:00+00:00, run_after=2021-01-01 00:00:00+00:00
[2025-07-01T22:16:25.230+0000] {processor.py:208} INFO - Processing /home/airflow/.local/lib/python3.12/site-packages/airflow/example_dags/example_trigger_controller_dag.py took 0.070 seconds
[2025-07-01T22:16:55.722+0000] {processor.py:186} INFO - Started process (PID=7490) to work on /home/airflow/.local/lib/python3.12/site-packages/airflow/example_dags/example_trigger_controller_dag.py
[2025-07-01T22:16:55.724+0000] {processor.py:914} INFO - Processing file /home/airflow/.local/lib/python3.12/site-packages/airflow/example_dags/example_trigger_controller_dag.py for tasks to queue
[2025-07-01T22:16:55.726+0000] {logging_mixin.py:190} INFO - [2025-07-01T22:16:55.726+0000] {dagbag.py:588} INFO - Filling up the DagBag from /home/airflow/.local/lib/python3.12/site-packages/airflow/example_dags/example_trigger_controller_dag.py
[2025-07-01T22:16:55.732+0000] {processor.py:925} INFO - DAG(s) 'example_trigger_controller_dag' retrieved from /home/airflow/.local/lib/python3.12/site-packages/airflow/example_dags/example_trigger_controller_dag.py
[2025-07-01T22:16:55.749+0000] {logging_mixin.py:190} INFO - [2025-07-01T22:16:55.749+0000] {dag.py:3239} INFO - Sync 1 DAGs
[2025-07-01T22:16:55.768+0000] {logging_mixin.py:190} INFO - [2025-07-01T22:16:55.767+0000] {dag.py:4180} INFO - Setting next_dagrun for example_trigger_controller_dag to 2021-01-01 00:00:00+00:00, run_after=2021-01-01 00:00:00+00:00
[2025-07-01T22:16:55.787+0000] {processor.py:208} INFO - Processing /home/airflow/.local/lib/python3.12/site-packages/airflow/example_dags/example_trigger_controller_dag.py took 0.069 seconds
[2025-07-01T22:17:26.349+0000] {processor.py:186} INFO - Started process (PID=7553) to work on /home/airflow/.local/lib/python3.12/site-packages/airflow/example_dags/example_trigger_controller_dag.py
[2025-07-01T22:17:26.350+0000] {processor.py:914} INFO - Processing file /home/airflow/.local/lib/python3.12/site-packages/airflow/example_dags/example_trigger_controller_dag.py for tasks to queue
[2025-07-01T22:17:26.354+0000] {logging_mixin.py:190} INFO - [2025-07-01T22:17:26.353+0000] {dagbag.py:588} INFO - Filling up the DagBag from /home/airflow/.local/lib/python3.12/site-packages/airflow/example_dags/example_trigger_controller_dag.py
[2025-07-01T22:17:26.363+0000] {processor.py:925} INFO - DAG(s) 'example_trigger_controller_dag' retrieved from /home/airflow/.local/lib/python3.12/site-packages/airflow/example_dags/example_trigger_controller_dag.py
[2025-07-01T22:17:26.386+0000] {logging_mixin.py:190} INFO - [2025-07-01T22:17:26.386+0000] {dag.py:3239} INFO - Sync 1 DAGs
[2025-07-01T22:17:26.407+0000] {logging_mixin.py:190} INFO - [2025-07-01T22:17:26.406+0000] {dag.py:4180} INFO - Setting next_dagrun for example_trigger_controller_dag to 2021-01-01 00:00:00+00:00, run_after=2021-01-01 00:00:00+00:00
[2025-07-01T22:17:26.428+0000] {processor.py:208} INFO - Processing /home/airflow/.local/lib/python3.12/site-packages/airflow/example_dags/example_trigger_controller_dag.py took 0.085 seconds
[2025-07-01T22:17:57.268+0000] {processor.py:186} INFO - Started process (PID=7616) to work on /home/airflow/.local/lib/python3.12/site-packages/airflow/example_dags/example_trigger_controller_dag.py
[2025-07-01T22:17:57.269+0000] {processor.py:914} INFO - Processing file /home/airflow/.local/lib/python3.12/site-packages/airflow/example_dags/example_trigger_controller_dag.py for tasks to queue
[2025-07-01T22:17:57.271+0000] {logging_mixin.py:190} INFO - [2025-07-01T22:17:57.270+0000] {dagbag.py:588} INFO - Filling up the DagBag from /home/airflow/.local/lib/python3.12/site-packages/airflow/example_dags/example_trigger_controller_dag.py
[2025-07-01T22:17:57.277+0000] {processor.py:925} INFO - DAG(s) 'example_trigger_controller_dag' retrieved from /home/airflow/.local/lib/python3.12/site-packages/airflow/example_dags/example_trigger_controller_dag.py
[2025-07-01T22:17:57.295+0000] {logging_mixin.py:190} INFO - [2025-07-01T22:17:57.295+0000] {dag.py:3239} INFO - Sync 1 DAGs
[2025-07-01T22:17:57.314+0000] {logging_mixin.py:190} INFO - [2025-07-01T22:17:57.314+0000] {dag.py:4180} INFO - Setting next_dagrun for example_trigger_controller_dag to 2021-01-01 00:00:00+00:00, run_after=2021-01-01 00:00:00+00:00
[2025-07-01T22:17:57.332+0000] {processor.py:208} INFO - Processing /home/airflow/.local/lib/python3.12/site-packages/airflow/example_dags/example_trigger_controller_dag.py took 0.070 seconds
[2025-07-01T22:18:27.746+0000] {processor.py:186} INFO - Started process (PID=7685) to work on /home/airflow/.local/lib/python3.12/site-packages/airflow/example_dags/example_trigger_controller_dag.py
[2025-07-01T22:18:27.748+0000] {processor.py:914} INFO - Processing file /home/airflow/.local/lib/python3.12/site-packages/airflow/example_dags/example_trigger_controller_dag.py for tasks to queue
[2025-07-01T22:18:27.759+0000] {logging_mixin.py:190} INFO - [2025-07-01T22:18:27.758+0000] {dagbag.py:588} INFO - Filling up the DagBag from /home/airflow/.local/lib/python3.12/site-packages/airflow/example_dags/example_trigger_controller_dag.py
[2025-07-01T22:18:27.772+0000] {processor.py:925} INFO - DAG(s) 'example_trigger_controller_dag' retrieved from /home/airflow/.local/lib/python3.12/site-packages/airflow/example_dags/example_trigger_controller_dag.py
[2025-07-01T22:18:27.832+0000] {logging_mixin.py:190} INFO - [2025-07-01T22:18:27.831+0000] {dag.py:3239} INFO - Sync 1 DAGs
[2025-07-01T22:18:27.872+0000] {logging_mixin.py:190} INFO - [2025-07-01T22:18:27.871+0000] {dag.py:4180} INFO - Setting next_dagrun for example_trigger_controller_dag to 2021-01-01 00:00:00+00:00, run_after=2021-01-01 00:00:00+00:00
[2025-07-01T22:18:27.902+0000] {processor.py:208} INFO - Processing /home/airflow/.local/lib/python3.12/site-packages/airflow/example_dags/example_trigger_controller_dag.py took 0.164 seconds
[2025-07-01T22:18:58.018+0000] {processor.py:186} INFO - Started process (PID=7749) to work on /home/airflow/.local/lib/python3.12/site-packages/airflow/example_dags/example_trigger_controller_dag.py
[2025-07-01T22:18:58.019+0000] {processor.py:914} INFO - Processing file /home/airflow/.local/lib/python3.12/site-packages/airflow/example_dags/example_trigger_controller_dag.py for tasks to queue
[2025-07-01T22:18:58.022+0000] {logging_mixin.py:190} INFO - [2025-07-01T22:18:58.021+0000] {dagbag.py:588} INFO - Filling up the DagBag from /home/airflow/.local/lib/python3.12/site-packages/airflow/example_dags/example_trigger_controller_dag.py
[2025-07-01T22:18:58.028+0000] {processor.py:925} INFO - DAG(s) 'example_trigger_controller_dag' retrieved from /home/airflow/.local/lib/python3.12/site-packages/airflow/example_dags/example_trigger_controller_dag.py
[2025-07-01T22:18:58.047+0000] {logging_mixin.py:190} INFO - [2025-07-01T22:18:58.047+0000] {dag.py:3239} INFO - Sync 1 DAGs
[2025-07-01T22:18:58.067+0000] {logging_mixin.py:190} INFO - [2025-07-01T22:18:58.067+0000] {dag.py:4180} INFO - Setting next_dagrun for example_trigger_controller_dag to 2021-01-01 00:00:00+00:00, run_after=2021-01-01 00:00:00+00:00
[2025-07-01T22:18:58.087+0000] {processor.py:208} INFO - Processing /home/airflow/.local/lib/python3.12/site-packages/airflow/example_dags/example_trigger_controller_dag.py took 0.074 seconds
[2025-07-01T22:19:28.634+0000] {processor.py:186} INFO - Started process (PID=7812) to work on /home/airflow/.local/lib/python3.12/site-packages/airflow/example_dags/example_trigger_controller_dag.py
[2025-07-01T22:19:28.635+0000] {processor.py:914} INFO - Processing file /home/airflow/.local/lib/python3.12/site-packages/airflow/example_dags/example_trigger_controller_dag.py for tasks to queue
[2025-07-01T22:19:28.637+0000] {logging_mixin.py:190} INFO - [2025-07-01T22:19:28.637+0000] {dagbag.py:588} INFO - Filling up the DagBag from /home/airflow/.local/lib/python3.12/site-packages/airflow/example_dags/example_trigger_controller_dag.py
[2025-07-01T22:19:28.643+0000] {processor.py:925} INFO - DAG(s) 'example_trigger_controller_dag' retrieved from /home/airflow/.local/lib/python3.12/site-packages/airflow/example_dags/example_trigger_controller_dag.py
[2025-07-01T22:19:28.660+0000] {logging_mixin.py:190} INFO - [2025-07-01T22:19:28.659+0000] {dag.py:3239} INFO - Sync 1 DAGs
[2025-07-01T22:19:28.681+0000] {logging_mixin.py:190} INFO - [2025-07-01T22:19:28.681+0000] {dag.py:4180} INFO - Setting next_dagrun for example_trigger_controller_dag to 2021-01-01 00:00:00+00:00, run_after=2021-01-01 00:00:00+00:00
[2025-07-01T22:19:28.701+0000] {processor.py:208} INFO - Processing /home/airflow/.local/lib/python3.12/site-packages/airflow/example_dags/example_trigger_controller_dag.py took 0.072 seconds
[2025-07-01T22:19:59.269+0000] {processor.py:186} INFO - Started process (PID=7875) to work on /home/airflow/.local/lib/python3.12/site-packages/airflow/example_dags/example_trigger_controller_dag.py
[2025-07-01T22:19:59.270+0000] {processor.py:914} INFO - Processing file /home/airflow/.local/lib/python3.12/site-packages/airflow/example_dags/example_trigger_controller_dag.py for tasks to queue
[2025-07-01T22:19:59.273+0000] {logging_mixin.py:190} INFO - [2025-07-01T22:19:59.272+0000] {dagbag.py:588} INFO - Filling up the DagBag from /home/airflow/.local/lib/python3.12/site-packages/airflow/example_dags/example_trigger_controller_dag.py
[2025-07-01T22:19:59.279+0000] {processor.py:925} INFO - DAG(s) 'example_trigger_controller_dag' retrieved from /home/airflow/.local/lib/python3.12/site-packages/airflow/example_dags/example_trigger_controller_dag.py
[2025-07-01T22:19:59.300+0000] {logging_mixin.py:190} INFO - [2025-07-01T22:19:59.300+0000] {dag.py:3239} INFO - Sync 1 DAGs
[2025-07-01T22:19:59.321+0000] {logging_mixin.py:190} INFO - [2025-07-01T22:19:59.321+0000] {dag.py:4180} INFO - Setting next_dagrun for example_trigger_controller_dag to 2021-01-01 00:00:00+00:00, run_after=2021-01-01 00:00:00+00:00
[2025-07-01T22:19:59.341+0000] {processor.py:208} INFO - Processing /home/airflow/.local/lib/python3.12/site-packages/airflow/example_dags/example_trigger_controller_dag.py took 0.078 seconds
[2025-07-01T22:20:29.727+0000] {processor.py:186} INFO - Started process (PID=7938) to work on /home/airflow/.local/lib/python3.12/site-packages/airflow/example_dags/example_trigger_controller_dag.py
[2025-07-01T22:20:29.728+0000] {processor.py:914} INFO - Processing file /home/airflow/.local/lib/python3.12/site-packages/airflow/example_dags/example_trigger_controller_dag.py for tasks to queue
[2025-07-01T22:20:29.730+0000] {logging_mixin.py:190} INFO - [2025-07-01T22:20:29.729+0000] {dagbag.py:588} INFO - Filling up the DagBag from /home/airflow/.local/lib/python3.12/site-packages/airflow/example_dags/example_trigger_controller_dag.py
[2025-07-01T22:20:29.736+0000] {processor.py:925} INFO - DAG(s) 'example_trigger_controller_dag' retrieved from /home/airflow/.local/lib/python3.12/site-packages/airflow/example_dags/example_trigger_controller_dag.py
[2025-07-01T22:20:29.752+0000] {logging_mixin.py:190} INFO - [2025-07-01T22:20:29.752+0000] {dag.py:3239} INFO - Sync 1 DAGs
[2025-07-01T22:20:29.771+0000] {logging_mixin.py:190} INFO - [2025-07-01T22:20:29.771+0000] {dag.py:4180} INFO - Setting next_dagrun for example_trigger_controller_dag to 2021-01-01 00:00:00+00:00, run_after=2021-01-01 00:00:00+00:00
[2025-07-01T22:20:29.790+0000] {processor.py:208} INFO - Processing /home/airflow/.local/lib/python3.12/site-packages/airflow/example_dags/example_trigger_controller_dag.py took 0.069 seconds
[2025-07-01T22:21:00.382+0000] {processor.py:186} INFO - Started process (PID=8001) to work on /home/airflow/.local/lib/python3.12/site-packages/airflow/example_dags/example_trigger_controller_dag.py
[2025-07-01T22:21:00.383+0000] {processor.py:914} INFO - Processing file /home/airflow/.local/lib/python3.12/site-packages/airflow/example_dags/example_trigger_controller_dag.py for tasks to queue
[2025-07-01T22:21:00.385+0000] {logging_mixin.py:190} INFO - [2025-07-01T22:21:00.385+0000] {dagbag.py:588} INFO - Filling up the DagBag from /home/airflow/.local/lib/python3.12/site-packages/airflow/example_dags/example_trigger_controller_dag.py
[2025-07-01T22:21:00.392+0000] {processor.py:925} INFO - DAG(s) 'example_trigger_controller_dag' retrieved from /home/airflow/.local/lib/python3.12/site-packages/airflow/example_dags/example_trigger_controller_dag.py
[2025-07-01T22:21:00.413+0000] {logging_mixin.py:190} INFO - [2025-07-01T22:21:00.413+0000] {dag.py:3239} INFO - Sync 1 DAGs
[2025-07-01T22:21:00.436+0000] {logging_mixin.py:190} INFO - [2025-07-01T22:21:00.436+0000] {dag.py:4180} INFO - Setting next_dagrun for example_trigger_controller_dag to 2021-01-01 00:00:00+00:00, run_after=2021-01-01 00:00:00+00:00
[2025-07-01T22:21:00.464+0000] {processor.py:208} INFO - Processing /home/airflow/.local/lib/python3.12/site-packages/airflow/example_dags/example_trigger_controller_dag.py took 0.087 seconds
[2025-07-01T22:21:31.256+0000] {processor.py:186} INFO - Started process (PID=8064) to work on /home/airflow/.local/lib/python3.12/site-packages/airflow/example_dags/example_trigger_controller_dag.py
[2025-07-01T22:21:31.257+0000] {processor.py:914} INFO - Processing file /home/airflow/.local/lib/python3.12/site-packages/airflow/example_dags/example_trigger_controller_dag.py for tasks to queue
[2025-07-01T22:21:31.259+0000] {logging_mixin.py:190} INFO - [2025-07-01T22:21:31.259+0000] {dagbag.py:588} INFO - Filling up the DagBag from /home/airflow/.local/lib/python3.12/site-packages/airflow/example_dags/example_trigger_controller_dag.py
[2025-07-01T22:21:31.265+0000] {processor.py:925} INFO - DAG(s) 'example_trigger_controller_dag' retrieved from /home/airflow/.local/lib/python3.12/site-packages/airflow/example_dags/example_trigger_controller_dag.py
[2025-07-01T22:21:31.285+0000] {logging_mixin.py:190} INFO - [2025-07-01T22:21:31.285+0000] {dag.py:3239} INFO - Sync 1 DAGs
[2025-07-01T22:21:31.304+0000] {logging_mixin.py:190} INFO - [2025-07-01T22:21:31.304+0000] {dag.py:4180} INFO - Setting next_dagrun for example_trigger_controller_dag to 2021-01-01 00:00:00+00:00, run_after=2021-01-01 00:00:00+00:00
[2025-07-01T22:21:31.326+0000] {processor.py:208} INFO - Processing /home/airflow/.local/lib/python3.12/site-packages/airflow/example_dags/example_trigger_controller_dag.py took 0.075 seconds
[2025-07-01T22:22:01.763+0000] {processor.py:186} INFO - Started process (PID=8128) to work on /home/airflow/.local/lib/python3.12/site-packages/airflow/example_dags/example_trigger_controller_dag.py
[2025-07-01T22:22:01.764+0000] {processor.py:914} INFO - Processing file /home/airflow/.local/lib/python3.12/site-packages/airflow/example_dags/example_trigger_controller_dag.py for tasks to queue
[2025-07-01T22:22:01.766+0000] {logging_mixin.py:190} INFO - [2025-07-01T22:22:01.766+0000] {dagbag.py:588} INFO - Filling up the DagBag from /home/airflow/.local/lib/python3.12/site-packages/airflow/example_dags/example_trigger_controller_dag.py
[2025-07-01T22:22:01.773+0000] {processor.py:925} INFO - DAG(s) 'example_trigger_controller_dag' retrieved from /home/airflow/.local/lib/python3.12/site-packages/airflow/example_dags/example_trigger_controller_dag.py
[2025-07-01T22:22:01.791+0000] {logging_mixin.py:190} INFO - [2025-07-01T22:22:01.791+0000] {dag.py:3239} INFO - Sync 1 DAGs
[2025-07-01T22:22:01.809+0000] {logging_mixin.py:190} INFO - [2025-07-01T22:22:01.809+0000] {dag.py:4180} INFO - Setting next_dagrun for example_trigger_controller_dag to 2021-01-01 00:00:00+00:00, run_after=2021-01-01 00:00:00+00:00
[2025-07-01T22:22:01.827+0000] {processor.py:208} INFO - Processing /home/airflow/.local/lib/python3.12/site-packages/airflow/example_dags/example_trigger_controller_dag.py took 0.071 seconds
[2025-07-01T22:22:32.295+0000] {processor.py:186} INFO - Started process (PID=8191) to work on /home/airflow/.local/lib/python3.12/site-packages/airflow/example_dags/example_trigger_controller_dag.py
[2025-07-01T22:22:32.296+0000] {processor.py:914} INFO - Processing file /home/airflow/.local/lib/python3.12/site-packages/airflow/example_dags/example_trigger_controller_dag.py for tasks to queue
[2025-07-01T22:22:32.298+0000] {logging_mixin.py:190} INFO - [2025-07-01T22:22:32.298+0000] {dagbag.py:588} INFO - Filling up the DagBag from /home/airflow/.local/lib/python3.12/site-packages/airflow/example_dags/example_trigger_controller_dag.py
[2025-07-01T22:22:32.305+0000] {processor.py:925} INFO - DAG(s) 'example_trigger_controller_dag' retrieved from /home/airflow/.local/lib/python3.12/site-packages/airflow/example_dags/example_trigger_controller_dag.py
[2025-07-01T22:22:32.322+0000] {logging_mixin.py:190} INFO - [2025-07-01T22:22:32.321+0000] {dag.py:3239} INFO - Sync 1 DAGs
[2025-07-01T22:22:32.339+0000] {logging_mixin.py:190} INFO - [2025-07-01T22:22:32.339+0000] {dag.py:4180} INFO - Setting next_dagrun for example_trigger_controller_dag to 2021-01-01 00:00:00+00:00, run_after=2021-01-01 00:00:00+00:00
[2025-07-01T22:22:32.356+0000] {processor.py:208} INFO - Processing /home/airflow/.local/lib/python3.12/site-packages/airflow/example_dags/example_trigger_controller_dag.py took 0.067 seconds
[2025-07-01T22:23:03.002+0000] {processor.py:186} INFO - Started process (PID=8254) to work on /home/airflow/.local/lib/python3.12/site-packages/airflow/example_dags/example_trigger_controller_dag.py
[2025-07-01T22:23:03.003+0000] {processor.py:914} INFO - Processing file /home/airflow/.local/lib/python3.12/site-packages/airflow/example_dags/example_trigger_controller_dag.py for tasks to queue
[2025-07-01T22:23:03.005+0000] {logging_mixin.py:190} INFO - [2025-07-01T22:23:03.005+0000] {dagbag.py:588} INFO - Filling up the DagBag from /home/airflow/.local/lib/python3.12/site-packages/airflow/example_dags/example_trigger_controller_dag.py
[2025-07-01T22:23:03.011+0000] {processor.py:925} INFO - DAG(s) 'example_trigger_controller_dag' retrieved from /home/airflow/.local/lib/python3.12/site-packages/airflow/example_dags/example_trigger_controller_dag.py
[2025-07-01T22:23:03.030+0000] {logging_mixin.py:190} INFO - [2025-07-01T22:23:03.030+0000] {dag.py:3239} INFO - Sync 1 DAGs
[2025-07-01T22:23:03.048+0000] {logging_mixin.py:190} INFO - [2025-07-01T22:23:03.048+0000] {dag.py:4180} INFO - Setting next_dagrun for example_trigger_controller_dag to 2021-01-01 00:00:00+00:00, run_after=2021-01-01 00:00:00+00:00
[2025-07-01T22:23:03.065+0000] {processor.py:208} INFO - Processing /home/airflow/.local/lib/python3.12/site-packages/airflow/example_dags/example_trigger_controller_dag.py took 0.069 seconds
[2025-07-01T22:23:33.784+0000] {processor.py:186} INFO - Started process (PID=8317) to work on /home/airflow/.local/lib/python3.12/site-packages/airflow/example_dags/example_trigger_controller_dag.py
[2025-07-01T22:23:33.785+0000] {processor.py:914} INFO - Processing file /home/airflow/.local/lib/python3.12/site-packages/airflow/example_dags/example_trigger_controller_dag.py for tasks to queue
[2025-07-01T22:23:33.788+0000] {logging_mixin.py:190} INFO - [2025-07-01T22:23:33.788+0000] {dagbag.py:588} INFO - Filling up the DagBag from /home/airflow/.local/lib/python3.12/site-packages/airflow/example_dags/example_trigger_controller_dag.py
[2025-07-01T22:23:33.795+0000] {processor.py:925} INFO - DAG(s) 'example_trigger_controller_dag' retrieved from /home/airflow/.local/lib/python3.12/site-packages/airflow/example_dags/example_trigger_controller_dag.py
[2025-07-01T22:23:33.815+0000] {logging_mixin.py:190} INFO - [2025-07-01T22:23:33.814+0000] {dag.py:3239} INFO - Sync 1 DAGs
[2025-07-01T22:23:33.835+0000] {logging_mixin.py:190} INFO - [2025-07-01T22:23:33.835+0000] {dag.py:4180} INFO - Setting next_dagrun for example_trigger_controller_dag to 2021-01-01 00:00:00+00:00, run_after=2021-01-01 00:00:00+00:00
[2025-07-01T22:23:33.854+0000] {processor.py:208} INFO - Processing /home/airflow/.local/lib/python3.12/site-packages/airflow/example_dags/example_trigger_controller_dag.py took 0.076 seconds
[2025-07-01T22:24:04.407+0000] {processor.py:186} INFO - Started process (PID=8380) to work on /home/airflow/.local/lib/python3.12/site-packages/airflow/example_dags/example_trigger_controller_dag.py
[2025-07-01T22:24:04.408+0000] {processor.py:914} INFO - Processing file /home/airflow/.local/lib/python3.12/site-packages/airflow/example_dags/example_trigger_controller_dag.py for tasks to queue
[2025-07-01T22:24:04.411+0000] {logging_mixin.py:190} INFO - [2025-07-01T22:24:04.410+0000] {dagbag.py:588} INFO - Filling up the DagBag from /home/airflow/.local/lib/python3.12/site-packages/airflow/example_dags/example_trigger_controller_dag.py
[2025-07-01T22:24:04.417+0000] {processor.py:925} INFO - DAG(s) 'example_trigger_controller_dag' retrieved from /home/airflow/.local/lib/python3.12/site-packages/airflow/example_dags/example_trigger_controller_dag.py
[2025-07-01T22:24:04.441+0000] {logging_mixin.py:190} INFO - [2025-07-01T22:24:04.440+0000] {dag.py:3239} INFO - Sync 1 DAGs
[2025-07-01T22:24:04.464+0000] {logging_mixin.py:190} INFO - [2025-07-01T22:24:04.463+0000] {dag.py:4180} INFO - Setting next_dagrun for example_trigger_controller_dag to 2021-01-01 00:00:00+00:00, run_after=2021-01-01 00:00:00+00:00
[2025-07-01T22:24:04.487+0000] {processor.py:208} INFO - Processing /home/airflow/.local/lib/python3.12/site-packages/airflow/example_dags/example_trigger_controller_dag.py took 0.087 seconds
[2025-07-01T22:24:35.061+0000] {processor.py:186} INFO - Started process (PID=8449) to work on /home/airflow/.local/lib/python3.12/site-packages/airflow/example_dags/example_trigger_controller_dag.py
[2025-07-01T22:24:35.062+0000] {processor.py:914} INFO - Processing file /home/airflow/.local/lib/python3.12/site-packages/airflow/example_dags/example_trigger_controller_dag.py for tasks to queue
[2025-07-01T22:24:35.064+0000] {logging_mixin.py:190} INFO - [2025-07-01T22:24:35.064+0000] {dagbag.py:588} INFO - Filling up the DagBag from /home/airflow/.local/lib/python3.12/site-packages/airflow/example_dags/example_trigger_controller_dag.py
[2025-07-01T22:24:35.071+0000] {processor.py:925} INFO - DAG(s) 'example_trigger_controller_dag' retrieved from /home/airflow/.local/lib/python3.12/site-packages/airflow/example_dags/example_trigger_controller_dag.py
[2025-07-01T22:24:35.088+0000] {logging_mixin.py:190} INFO - [2025-07-01T22:24:35.088+0000] {dag.py:3239} INFO - Sync 1 DAGs
[2025-07-01T22:24:35.107+0000] {logging_mixin.py:190} INFO - [2025-07-01T22:24:35.107+0000] {dag.py:4180} INFO - Setting next_dagrun for example_trigger_controller_dag to 2021-01-01 00:00:00+00:00, run_after=2021-01-01 00:00:00+00:00
[2025-07-01T22:24:35.127+0000] {processor.py:208} INFO - Processing /home/airflow/.local/lib/python3.12/site-packages/airflow/example_dags/example_trigger_controller_dag.py took 0.073 seconds
[2025-07-01T22:25:05.785+0000] {processor.py:186} INFO - Started process (PID=8512) to work on /home/airflow/.local/lib/python3.12/site-packages/airflow/example_dags/example_trigger_controller_dag.py
[2025-07-01T22:25:05.786+0000] {processor.py:914} INFO - Processing file /home/airflow/.local/lib/python3.12/site-packages/airflow/example_dags/example_trigger_controller_dag.py for tasks to queue
[2025-07-01T22:25:05.790+0000] {logging_mixin.py:190} INFO - [2025-07-01T22:25:05.789+0000] {dagbag.py:588} INFO - Filling up the DagBag from /home/airflow/.local/lib/python3.12/site-packages/airflow/example_dags/example_trigger_controller_dag.py
[2025-07-01T22:25:05.798+0000] {processor.py:925} INFO - DAG(s) 'example_trigger_controller_dag' retrieved from /home/airflow/.local/lib/python3.12/site-packages/airflow/example_dags/example_trigger_controller_dag.py
[2025-07-01T22:25:05.819+0000] {logging_mixin.py:190} INFO - [2025-07-01T22:25:05.819+0000] {dag.py:3239} INFO - Sync 1 DAGs
[2025-07-01T22:25:05.847+0000] {logging_mixin.py:190} INFO - [2025-07-01T22:25:05.846+0000] {dag.py:4180} INFO - Setting next_dagrun for example_trigger_controller_dag to 2021-01-01 00:00:00+00:00, run_after=2021-01-01 00:00:00+00:00
[2025-07-01T22:25:05.870+0000] {processor.py:208} INFO - Processing /home/airflow/.local/lib/python3.12/site-packages/airflow/example_dags/example_trigger_controller_dag.py took 0.090 seconds
[2025-07-01T22:25:36.421+0000] {processor.py:186} INFO - Started process (PID=8599) to work on /home/airflow/.local/lib/python3.12/site-packages/airflow/example_dags/example_trigger_controller_dag.py
[2025-07-01T22:25:36.422+0000] {processor.py:914} INFO - Processing file /home/airflow/.local/lib/python3.12/site-packages/airflow/example_dags/example_trigger_controller_dag.py for tasks to queue
[2025-07-01T22:25:36.424+0000] {logging_mixin.py:190} INFO - [2025-07-01T22:25:36.424+0000] {dagbag.py:588} INFO - Filling up the DagBag from /home/airflow/.local/lib/python3.12/site-packages/airflow/example_dags/example_trigger_controller_dag.py
[2025-07-01T22:25:36.430+0000] {processor.py:925} INFO - DAG(s) 'example_trigger_controller_dag' retrieved from /home/airflow/.local/lib/python3.12/site-packages/airflow/example_dags/example_trigger_controller_dag.py
[2025-07-01T22:25:36.448+0000] {logging_mixin.py:190} INFO - [2025-07-01T22:25:36.447+0000] {dag.py:3239} INFO - Sync 1 DAGs
[2025-07-01T22:25:36.467+0000] {logging_mixin.py:190} INFO - [2025-07-01T22:25:36.466+0000] {dag.py:4180} INFO - Setting next_dagrun for example_trigger_controller_dag to 2021-01-01 00:00:00+00:00, run_after=2021-01-01 00:00:00+00:00
[2025-07-01T22:25:36.486+0000] {processor.py:208} INFO - Processing /home/airflow/.local/lib/python3.12/site-packages/airflow/example_dags/example_trigger_controller_dag.py took 0.072 seconds
[2025-07-01T22:26:07.444+0000] {processor.py:186} INFO - Started process (PID=8683) to work on /home/airflow/.local/lib/python3.12/site-packages/airflow/example_dags/example_trigger_controller_dag.py
[2025-07-01T22:26:07.447+0000] {processor.py:914} INFO - Processing file /home/airflow/.local/lib/python3.12/site-packages/airflow/example_dags/example_trigger_controller_dag.py for tasks to queue
[2025-07-01T22:26:07.454+0000] {logging_mixin.py:190} INFO - [2025-07-01T22:26:07.453+0000] {dagbag.py:588} INFO - Filling up the DagBag from /home/airflow/.local/lib/python3.12/site-packages/airflow/example_dags/example_trigger_controller_dag.py
[2025-07-01T22:26:07.464+0000] {processor.py:925} INFO - DAG(s) 'example_trigger_controller_dag' retrieved from /home/airflow/.local/lib/python3.12/site-packages/airflow/example_dags/example_trigger_controller_dag.py
[2025-07-01T22:26:07.491+0000] {logging_mixin.py:190} INFO - [2025-07-01T22:26:07.490+0000] {dag.py:3239} INFO - Sync 1 DAGs
[2025-07-01T22:26:07.518+0000] {logging_mixin.py:190} INFO - [2025-07-01T22:26:07.518+0000] {dag.py:4180} INFO - Setting next_dagrun for example_trigger_controller_dag to 2021-01-01 00:00:00+00:00, run_after=2021-01-01 00:00:00+00:00
[2025-07-01T22:26:07.543+0000] {processor.py:208} INFO - Processing /home/airflow/.local/lib/python3.12/site-packages/airflow/example_dags/example_trigger_controller_dag.py took 0.114 seconds
[2025-07-01T22:26:37.655+0000] {processor.py:186} INFO - Started process (PID=8747) to work on /home/airflow/.local/lib/python3.12/site-packages/airflow/example_dags/example_trigger_controller_dag.py
[2025-07-01T22:26:37.656+0000] {processor.py:914} INFO - Processing file /home/airflow/.local/lib/python3.12/site-packages/airflow/example_dags/example_trigger_controller_dag.py for tasks to queue
[2025-07-01T22:26:37.658+0000] {logging_mixin.py:190} INFO - [2025-07-01T22:26:37.658+0000] {dagbag.py:588} INFO - Filling up the DagBag from /home/airflow/.local/lib/python3.12/site-packages/airflow/example_dags/example_trigger_controller_dag.py
[2025-07-01T22:26:37.664+0000] {processor.py:925} INFO - DAG(s) 'example_trigger_controller_dag' retrieved from /home/airflow/.local/lib/python3.12/site-packages/airflow/example_dags/example_trigger_controller_dag.py
[2025-07-01T22:26:37.683+0000] {logging_mixin.py:190} INFO - [2025-07-01T22:26:37.683+0000] {dag.py:3239} INFO - Sync 1 DAGs
[2025-07-01T22:26:37.702+0000] {logging_mixin.py:190} INFO - [2025-07-01T22:26:37.702+0000] {dag.py:4180} INFO - Setting next_dagrun for example_trigger_controller_dag to 2021-01-01 00:00:00+00:00, run_after=2021-01-01 00:00:00+00:00
[2025-07-01T22:26:37.722+0000] {processor.py:208} INFO - Processing /home/airflow/.local/lib/python3.12/site-packages/airflow/example_dags/example_trigger_controller_dag.py took 0.075 seconds
[2025-07-01T22:27:07.861+0000] {processor.py:186} INFO - Started process (PID=8811) to work on /home/airflow/.local/lib/python3.12/site-packages/airflow/example_dags/example_trigger_controller_dag.py
[2025-07-01T22:27:07.862+0000] {processor.py:914} INFO - Processing file /home/airflow/.local/lib/python3.12/site-packages/airflow/example_dags/example_trigger_controller_dag.py for tasks to queue
[2025-07-01T22:27:07.864+0000] {logging_mixin.py:190} INFO - [2025-07-01T22:27:07.864+0000] {dagbag.py:588} INFO - Filling up the DagBag from /home/airflow/.local/lib/python3.12/site-packages/airflow/example_dags/example_trigger_controller_dag.py
[2025-07-01T22:27:07.871+0000] {processor.py:925} INFO - DAG(s) 'example_trigger_controller_dag' retrieved from /home/airflow/.local/lib/python3.12/site-packages/airflow/example_dags/example_trigger_controller_dag.py
[2025-07-01T22:27:07.891+0000] {logging_mixin.py:190} INFO - [2025-07-01T22:27:07.890+0000] {dag.py:3239} INFO - Sync 1 DAGs
[2025-07-01T22:27:07.911+0000] {logging_mixin.py:190} INFO - [2025-07-01T22:27:07.911+0000] {dag.py:4180} INFO - Setting next_dagrun for example_trigger_controller_dag to 2021-01-01 00:00:00+00:00, run_after=2021-01-01 00:00:00+00:00
[2025-07-01T22:27:07.930+0000] {processor.py:208} INFO - Processing /home/airflow/.local/lib/python3.12/site-packages/airflow/example_dags/example_trigger_controller_dag.py took 0.077 seconds
[2025-07-01T22:27:38.838+0000] {processor.py:186} INFO - Started process (PID=8876) to work on /home/airflow/.local/lib/python3.12/site-packages/airflow/example_dags/example_trigger_controller_dag.py
[2025-07-01T22:27:38.839+0000] {processor.py:914} INFO - Processing file /home/airflow/.local/lib/python3.12/site-packages/airflow/example_dags/example_trigger_controller_dag.py for tasks to queue
[2025-07-01T22:27:38.842+0000] {logging_mixin.py:190} INFO - [2025-07-01T22:27:38.841+0000] {dagbag.py:588} INFO - Filling up the DagBag from /home/airflow/.local/lib/python3.12/site-packages/airflow/example_dags/example_trigger_controller_dag.py
[2025-07-01T22:27:38.850+0000] {processor.py:925} INFO - DAG(s) 'example_trigger_controller_dag' retrieved from /home/airflow/.local/lib/python3.12/site-packages/airflow/example_dags/example_trigger_controller_dag.py
[2025-07-01T22:27:38.871+0000] {logging_mixin.py:190} INFO - [2025-07-01T22:27:38.870+0000] {dag.py:3239} INFO - Sync 1 DAGs
[2025-07-01T22:27:38.892+0000] {logging_mixin.py:190} INFO - [2025-07-01T22:27:38.892+0000] {dag.py:4180} INFO - Setting next_dagrun for example_trigger_controller_dag to 2021-01-01 00:00:00+00:00, run_after=2021-01-01 00:00:00+00:00
[2025-07-01T22:27:38.912+0000] {processor.py:208} INFO - Processing /home/airflow/.local/lib/python3.12/site-packages/airflow/example_dags/example_trigger_controller_dag.py took 0.083 seconds
[2025-07-01T22:28:09.417+0000] {processor.py:186} INFO - Started process (PID=8940) to work on /home/airflow/.local/lib/python3.12/site-packages/airflow/example_dags/example_trigger_controller_dag.py
[2025-07-01T22:28:09.418+0000] {processor.py:914} INFO - Processing file /home/airflow/.local/lib/python3.12/site-packages/airflow/example_dags/example_trigger_controller_dag.py for tasks to queue
[2025-07-01T22:28:09.421+0000] {logging_mixin.py:190} INFO - [2025-07-01T22:28:09.420+0000] {dagbag.py:588} INFO - Filling up the DagBag from /home/airflow/.local/lib/python3.12/site-packages/airflow/example_dags/example_trigger_controller_dag.py
[2025-07-01T22:28:09.426+0000] {processor.py:925} INFO - DAG(s) 'example_trigger_controller_dag' retrieved from /home/airflow/.local/lib/python3.12/site-packages/airflow/example_dags/example_trigger_controller_dag.py
[2025-07-01T22:28:09.448+0000] {logging_mixin.py:190} INFO - [2025-07-01T22:28:09.448+0000] {dag.py:3239} INFO - Sync 1 DAGs
[2025-07-01T22:28:09.470+0000] {logging_mixin.py:190} INFO - [2025-07-01T22:28:09.470+0000] {dag.py:4180} INFO - Setting next_dagrun for example_trigger_controller_dag to 2021-01-01 00:00:00+00:00, run_after=2021-01-01 00:00:00+00:00
[2025-07-01T22:28:09.494+0000] {processor.py:208} INFO - Processing /home/airflow/.local/lib/python3.12/site-packages/airflow/example_dags/example_trigger_controller_dag.py took 0.084 seconds
[2025-07-01T22:28:40.024+0000] {processor.py:186} INFO - Started process (PID=9004) to work on /home/airflow/.local/lib/python3.12/site-packages/airflow/example_dags/example_trigger_controller_dag.py
[2025-07-01T22:28:40.026+0000] {processor.py:914} INFO - Processing file /home/airflow/.local/lib/python3.12/site-packages/airflow/example_dags/example_trigger_controller_dag.py for tasks to queue
[2025-07-01T22:28:40.028+0000] {logging_mixin.py:190} INFO - [2025-07-01T22:28:40.028+0000] {dagbag.py:588} INFO - Filling up the DagBag from /home/airflow/.local/lib/python3.12/site-packages/airflow/example_dags/example_trigger_controller_dag.py
[2025-07-01T22:28:40.035+0000] {processor.py:925} INFO - DAG(s) 'example_trigger_controller_dag' retrieved from /home/airflow/.local/lib/python3.12/site-packages/airflow/example_dags/example_trigger_controller_dag.py
[2025-07-01T22:28:40.055+0000] {logging_mixin.py:190} INFO - [2025-07-01T22:28:40.054+0000] {dag.py:3239} INFO - Sync 1 DAGs
[2025-07-01T22:28:40.078+0000] {logging_mixin.py:190} INFO - [2025-07-01T22:28:40.078+0000] {dag.py:4180} INFO - Setting next_dagrun for example_trigger_controller_dag to 2021-01-01 00:00:00+00:00, run_after=2021-01-01 00:00:00+00:00
[2025-07-01T22:28:40.099+0000] {processor.py:208} INFO - Processing /home/airflow/.local/lib/python3.12/site-packages/airflow/example_dags/example_trigger_controller_dag.py took 0.085 seconds
[2025-07-01T22:29:10.618+0000] {processor.py:186} INFO - Started process (PID=9068) to work on /home/airflow/.local/lib/python3.12/site-packages/airflow/example_dags/example_trigger_controller_dag.py
[2025-07-01T22:29:10.619+0000] {processor.py:914} INFO - Processing file /home/airflow/.local/lib/python3.12/site-packages/airflow/example_dags/example_trigger_controller_dag.py for tasks to queue
[2025-07-01T22:29:10.622+0000] {logging_mixin.py:190} INFO - [2025-07-01T22:29:10.622+0000] {dagbag.py:588} INFO - Filling up the DagBag from /home/airflow/.local/lib/python3.12/site-packages/airflow/example_dags/example_trigger_controller_dag.py
[2025-07-01T22:29:10.628+0000] {processor.py:925} INFO - DAG(s) 'example_trigger_controller_dag' retrieved from /home/airflow/.local/lib/python3.12/site-packages/airflow/example_dags/example_trigger_controller_dag.py
[2025-07-01T22:29:10.645+0000] {logging_mixin.py:190} INFO - [2025-07-01T22:29:10.645+0000] {dag.py:3239} INFO - Sync 1 DAGs
[2025-07-01T22:29:10.665+0000] {logging_mixin.py:190} INFO - [2025-07-01T22:29:10.665+0000] {dag.py:4180} INFO - Setting next_dagrun for example_trigger_controller_dag to 2021-01-01 00:00:00+00:00, run_after=2021-01-01 00:00:00+00:00
[2025-07-01T22:29:10.687+0000] {processor.py:208} INFO - Processing /home/airflow/.local/lib/python3.12/site-packages/airflow/example_dags/example_trigger_controller_dag.py took 0.077 seconds
[2025-07-01T22:29:41.354+0000] {processor.py:186} INFO - Started process (PID=9132) to work on /home/airflow/.local/lib/python3.12/site-packages/airflow/example_dags/example_trigger_controller_dag.py
[2025-07-01T22:29:41.355+0000] {processor.py:914} INFO - Processing file /home/airflow/.local/lib/python3.12/site-packages/airflow/example_dags/example_trigger_controller_dag.py for tasks to queue
[2025-07-01T22:29:41.357+0000] {logging_mixin.py:190} INFO - [2025-07-01T22:29:41.357+0000] {dagbag.py:588} INFO - Filling up the DagBag from /home/airflow/.local/lib/python3.12/site-packages/airflow/example_dags/example_trigger_controller_dag.py
[2025-07-01T22:29:41.363+0000] {processor.py:925} INFO - DAG(s) 'example_trigger_controller_dag' retrieved from /home/airflow/.local/lib/python3.12/site-packages/airflow/example_dags/example_trigger_controller_dag.py
[2025-07-01T22:29:41.382+0000] {logging_mixin.py:190} INFO - [2025-07-01T22:29:41.382+0000] {dag.py:3239} INFO - Sync 1 DAGs
[2025-07-01T22:29:41.402+0000] {logging_mixin.py:190} INFO - [2025-07-01T22:29:41.401+0000] {dag.py:4180} INFO - Setting next_dagrun for example_trigger_controller_dag to 2021-01-01 00:00:00+00:00, run_after=2021-01-01 00:00:00+00:00
[2025-07-01T22:29:41.423+0000] {processor.py:208} INFO - Processing /home/airflow/.local/lib/python3.12/site-packages/airflow/example_dags/example_trigger_controller_dag.py took 0.078 seconds
[2025-07-01T22:30:12.159+0000] {processor.py:186} INFO - Started process (PID=9196) to work on /home/airflow/.local/lib/python3.12/site-packages/airflow/example_dags/example_trigger_controller_dag.py
[2025-07-01T22:30:12.160+0000] {processor.py:914} INFO - Processing file /home/airflow/.local/lib/python3.12/site-packages/airflow/example_dags/example_trigger_controller_dag.py for tasks to queue
[2025-07-01T22:30:12.163+0000] {logging_mixin.py:190} INFO - [2025-07-01T22:30:12.163+0000] {dagbag.py:588} INFO - Filling up the DagBag from /home/airflow/.local/lib/python3.12/site-packages/airflow/example_dags/example_trigger_controller_dag.py
[2025-07-01T22:30:12.172+0000] {processor.py:925} INFO - DAG(s) 'example_trigger_controller_dag' retrieved from /home/airflow/.local/lib/python3.12/site-packages/airflow/example_dags/example_trigger_controller_dag.py
[2025-07-01T22:30:12.196+0000] {logging_mixin.py:190} INFO - [2025-07-01T22:30:12.196+0000] {dag.py:3239} INFO - Sync 1 DAGs
[2025-07-01T22:30:12.227+0000] {logging_mixin.py:190} INFO - [2025-07-01T22:30:12.227+0000] {dag.py:4180} INFO - Setting next_dagrun for example_trigger_controller_dag to 2021-01-01 00:00:00+00:00, run_after=2021-01-01 00:00:00+00:00
[2025-07-01T22:30:12.253+0000] {processor.py:208} INFO - Processing /home/airflow/.local/lib/python3.12/site-packages/airflow/example_dags/example_trigger_controller_dag.py took 0.101 seconds
[2025-07-01T22:30:42.895+0000] {processor.py:186} INFO - Started process (PID=9260) to work on /home/airflow/.local/lib/python3.12/site-packages/airflow/example_dags/example_trigger_controller_dag.py
[2025-07-01T22:30:42.897+0000] {processor.py:914} INFO - Processing file /home/airflow/.local/lib/python3.12/site-packages/airflow/example_dags/example_trigger_controller_dag.py for tasks to queue
[2025-07-01T22:30:42.899+0000] {logging_mixin.py:190} INFO - [2025-07-01T22:30:42.899+0000] {dagbag.py:588} INFO - Filling up the DagBag from /home/airflow/.local/lib/python3.12/site-packages/airflow/example_dags/example_trigger_controller_dag.py
[2025-07-01T22:30:42.906+0000] {processor.py:925} INFO - DAG(s) 'example_trigger_controller_dag' retrieved from /home/airflow/.local/lib/python3.12/site-packages/airflow/example_dags/example_trigger_controller_dag.py
[2025-07-01T22:30:42.924+0000] {logging_mixin.py:190} INFO - [2025-07-01T22:30:42.924+0000] {dag.py:3239} INFO - Sync 1 DAGs
[2025-07-01T22:30:42.945+0000] {logging_mixin.py:190} INFO - [2025-07-01T22:30:42.945+0000] {dag.py:4180} INFO - Setting next_dagrun for example_trigger_controller_dag to 2021-01-01 00:00:00+00:00, run_after=2021-01-01 00:00:00+00:00
[2025-07-01T22:30:42.967+0000] {processor.py:208} INFO - Processing /home/airflow/.local/lib/python3.12/site-packages/airflow/example_dags/example_trigger_controller_dag.py took 0.079 seconds
[2025-07-01T22:31:13.577+0000] {processor.py:186} INFO - Started process (PID=9324) to work on /home/airflow/.local/lib/python3.12/site-packages/airflow/example_dags/example_trigger_controller_dag.py
[2025-07-01T22:31:13.578+0000] {processor.py:914} INFO - Processing file /home/airflow/.local/lib/python3.12/site-packages/airflow/example_dags/example_trigger_controller_dag.py for tasks to queue
[2025-07-01T22:31:13.581+0000] {logging_mixin.py:190} INFO - [2025-07-01T22:31:13.581+0000] {dagbag.py:588} INFO - Filling up the DagBag from /home/airflow/.local/lib/python3.12/site-packages/airflow/example_dags/example_trigger_controller_dag.py
[2025-07-01T22:31:13.588+0000] {processor.py:925} INFO - DAG(s) 'example_trigger_controller_dag' retrieved from /home/airflow/.local/lib/python3.12/site-packages/airflow/example_dags/example_trigger_controller_dag.py
[2025-07-01T22:31:13.608+0000] {logging_mixin.py:190} INFO - [2025-07-01T22:31:13.608+0000] {dag.py:3239} INFO - Sync 1 DAGs
[2025-07-01T22:31:13.629+0000] {logging_mixin.py:190} INFO - [2025-07-01T22:31:13.628+0000] {dag.py:4180} INFO - Setting next_dagrun for example_trigger_controller_dag to 2021-01-01 00:00:00+00:00, run_after=2021-01-01 00:00:00+00:00
[2025-07-01T22:31:13.655+0000] {processor.py:208} INFO - Processing /home/airflow/.local/lib/python3.12/site-packages/airflow/example_dags/example_trigger_controller_dag.py took 0.087 seconds
[2025-07-01T22:31:44.476+0000] {processor.py:186} INFO - Started process (PID=9388) to work on /home/airflow/.local/lib/python3.12/site-packages/airflow/example_dags/example_trigger_controller_dag.py
[2025-07-01T22:31:44.477+0000] {processor.py:914} INFO - Processing file /home/airflow/.local/lib/python3.12/site-packages/airflow/example_dags/example_trigger_controller_dag.py for tasks to queue
[2025-07-01T22:31:44.479+0000] {logging_mixin.py:190} INFO - [2025-07-01T22:31:44.478+0000] {dagbag.py:588} INFO - Filling up the DagBag from /home/airflow/.local/lib/python3.12/site-packages/airflow/example_dags/example_trigger_controller_dag.py
[2025-07-01T22:31:44.485+0000] {processor.py:925} INFO - DAG(s) 'example_trigger_controller_dag' retrieved from /home/airflow/.local/lib/python3.12/site-packages/airflow/example_dags/example_trigger_controller_dag.py
[2025-07-01T22:31:44.503+0000] {logging_mixin.py:190} INFO - [2025-07-01T22:31:44.502+0000] {dag.py:3239} INFO - Sync 1 DAGs
[2025-07-01T22:31:44.522+0000] {logging_mixin.py:190} INFO - [2025-07-01T22:31:44.522+0000] {dag.py:4180} INFO - Setting next_dagrun for example_trigger_controller_dag to 2021-01-01 00:00:00+00:00, run_after=2021-01-01 00:00:00+00:00
[2025-07-01T22:31:44.543+0000] {processor.py:208} INFO - Processing /home/airflow/.local/lib/python3.12/site-packages/airflow/example_dags/example_trigger_controller_dag.py took 0.075 seconds
[2025-07-01T22:32:14.665+0000] {processor.py:186} INFO - Started process (PID=9452) to work on /home/airflow/.local/lib/python3.12/site-packages/airflow/example_dags/example_trigger_controller_dag.py
[2025-07-01T22:32:14.666+0000] {processor.py:914} INFO - Processing file /home/airflow/.local/lib/python3.12/site-packages/airflow/example_dags/example_trigger_controller_dag.py for tasks to queue
[2025-07-01T22:32:14.668+0000] {logging_mixin.py:190} INFO - [2025-07-01T22:32:14.668+0000] {dagbag.py:588} INFO - Filling up the DagBag from /home/airflow/.local/lib/python3.12/site-packages/airflow/example_dags/example_trigger_controller_dag.py
[2025-07-01T22:32:14.674+0000] {processor.py:925} INFO - DAG(s) 'example_trigger_controller_dag' retrieved from /home/airflow/.local/lib/python3.12/site-packages/airflow/example_dags/example_trigger_controller_dag.py
[2025-07-01T22:32:14.694+0000] {logging_mixin.py:190} INFO - [2025-07-01T22:32:14.693+0000] {dag.py:3239} INFO - Sync 1 DAGs
[2025-07-01T22:32:14.713+0000] {logging_mixin.py:190} INFO - [2025-07-01T22:32:14.713+0000] {dag.py:4180} INFO - Setting next_dagrun for example_trigger_controller_dag to 2021-01-01 00:00:00+00:00, run_after=2021-01-01 00:00:00+00:00
[2025-07-01T22:32:14.736+0000] {processor.py:208} INFO - Processing /home/airflow/.local/lib/python3.12/site-packages/airflow/example_dags/example_trigger_controller_dag.py took 0.079 seconds
[2025-07-01T22:32:58.472+0000] {processor.py:186} INFO - Started process (PID=59) to work on /home/airflow/.local/lib/python3.12/site-packages/airflow/example_dags/example_trigger_controller_dag.py
[2025-07-01T22:32:58.473+0000] {processor.py:914} INFO - Processing file /home/airflow/.local/lib/python3.12/site-packages/airflow/example_dags/example_trigger_controller_dag.py for tasks to queue
[2025-07-01T22:32:58.477+0000] {logging_mixin.py:190} INFO - [2025-07-01T22:32:58.477+0000] {dagbag.py:588} INFO - Filling up the DagBag from /home/airflow/.local/lib/python3.12/site-packages/airflow/example_dags/example_trigger_controller_dag.py
[2025-07-01T22:32:58.484+0000] {processor.py:925} INFO - DAG(s) 'example_trigger_controller_dag' retrieved from /home/airflow/.local/lib/python3.12/site-packages/airflow/example_dags/example_trigger_controller_dag.py
[2025-07-01T22:32:58.506+0000] {logging_mixin.py:190} INFO - [2025-07-01T22:32:58.506+0000] {dag.py:3239} INFO - Sync 1 DAGs
[2025-07-01T22:32:58.528+0000] {logging_mixin.py:190} INFO - [2025-07-01T22:32:58.528+0000] {dag.py:4180} INFO - Setting next_dagrun for example_trigger_controller_dag to 2021-01-01 00:00:00+00:00, run_after=2021-01-01 00:00:00+00:00
[2025-07-01T22:32:58.552+0000] {processor.py:208} INFO - Processing /home/airflow/.local/lib/python3.12/site-packages/airflow/example_dags/example_trigger_controller_dag.py took 0.088 seconds
[2025-07-01T22:33:15.840+0000] {processor.py:186} INFO - Started process (PID=53) to work on /home/airflow/.local/lib/python3.12/site-packages/airflow/example_dags/example_trigger_controller_dag.py
[2025-07-01T22:33:15.841+0000] {processor.py:914} INFO - Processing file /home/airflow/.local/lib/python3.12/site-packages/airflow/example_dags/example_trigger_controller_dag.py for tasks to queue
[2025-07-01T22:33:15.843+0000] {logging_mixin.py:190} INFO - [2025-07-01T22:33:15.843+0000] {dagbag.py:588} INFO - Filling up the DagBag from /home/airflow/.local/lib/python3.12/site-packages/airflow/example_dags/example_trigger_controller_dag.py
[2025-07-01T22:33:15.850+0000] {processor.py:925} INFO - DAG(s) 'example_trigger_controller_dag' retrieved from /home/airflow/.local/lib/python3.12/site-packages/airflow/example_dags/example_trigger_controller_dag.py
[2025-07-01T22:33:15.879+0000] {logging_mixin.py:190} INFO - [2025-07-01T22:33:15.879+0000] {dag.py:3239} INFO - Sync 1 DAGs
[2025-07-01T22:33:15.903+0000] {logging_mixin.py:190} INFO - [2025-07-01T22:33:15.903+0000] {dag.py:4180} INFO - Setting next_dagrun for example_trigger_controller_dag to 2021-01-01 00:00:00+00:00, run_after=2021-01-01 00:00:00+00:00
[2025-07-01T22:33:15.925+0000] {processor.py:208} INFO - Processing /home/airflow/.local/lib/python3.12/site-packages/airflow/example_dags/example_trigger_controller_dag.py took 0.091 seconds
[2025-07-01T22:33:46.189+0000] {processor.py:186} INFO - Started process (PID=117) to work on /home/airflow/.local/lib/python3.12/site-packages/airflow/example_dags/example_trigger_controller_dag.py
[2025-07-01T22:33:46.190+0000] {processor.py:914} INFO - Processing file /home/airflow/.local/lib/python3.12/site-packages/airflow/example_dags/example_trigger_controller_dag.py for tasks to queue
[2025-07-01T22:33:46.192+0000] {logging_mixin.py:190} INFO - [2025-07-01T22:33:46.192+0000] {dagbag.py:588} INFO - Filling up the DagBag from /home/airflow/.local/lib/python3.12/site-packages/airflow/example_dags/example_trigger_controller_dag.py
[2025-07-01T22:33:46.198+0000] {processor.py:925} INFO - DAG(s) 'example_trigger_controller_dag' retrieved from /home/airflow/.local/lib/python3.12/site-packages/airflow/example_dags/example_trigger_controller_dag.py
[2025-07-01T22:33:46.216+0000] {logging_mixin.py:190} INFO - [2025-07-01T22:33:46.215+0000] {dag.py:3239} INFO - Sync 1 DAGs
[2025-07-01T22:33:46.235+0000] {logging_mixin.py:190} INFO - [2025-07-01T22:33:46.235+0000] {dag.py:4180} INFO - Setting next_dagrun for example_trigger_controller_dag to 2021-01-01 00:00:00+00:00, run_after=2021-01-01 00:00:00+00:00
[2025-07-01T22:33:46.253+0000] {processor.py:208} INFO - Processing /home/airflow/.local/lib/python3.12/site-packages/airflow/example_dags/example_trigger_controller_dag.py took 0.069 seconds
[2025-07-01T22:34:16.779+0000] {processor.py:186} INFO - Started process (PID=189) to work on /home/airflow/.local/lib/python3.12/site-packages/airflow/example_dags/example_trigger_controller_dag.py
[2025-07-01T22:34:16.780+0000] {processor.py:914} INFO - Processing file /home/airflow/.local/lib/python3.12/site-packages/airflow/example_dags/example_trigger_controller_dag.py for tasks to queue
[2025-07-01T22:34:16.782+0000] {logging_mixin.py:190} INFO - [2025-07-01T22:34:16.782+0000] {dagbag.py:588} INFO - Filling up the DagBag from /home/airflow/.local/lib/python3.12/site-packages/airflow/example_dags/example_trigger_controller_dag.py
[2025-07-01T22:34:16.789+0000] {processor.py:925} INFO - DAG(s) 'example_trigger_controller_dag' retrieved from /home/airflow/.local/lib/python3.12/site-packages/airflow/example_dags/example_trigger_controller_dag.py
[2025-07-01T22:34:16.806+0000] {logging_mixin.py:190} INFO - [2025-07-01T22:34:16.805+0000] {dag.py:3239} INFO - Sync 1 DAGs
[2025-07-01T22:34:16.823+0000] {logging_mixin.py:190} INFO - [2025-07-01T22:34:16.823+0000] {dag.py:4180} INFO - Setting next_dagrun for example_trigger_controller_dag to 2021-01-01 00:00:00+00:00, run_after=2021-01-01 00:00:00+00:00
[2025-07-01T22:34:16.840+0000] {processor.py:208} INFO - Processing /home/airflow/.local/lib/python3.12/site-packages/airflow/example_dags/example_trigger_controller_dag.py took 0.065 seconds
[2025-07-01T22:34:47.751+0000] {processor.py:186} INFO - Started process (PID=259) to work on /home/airflow/.local/lib/python3.12/site-packages/airflow/example_dags/example_trigger_controller_dag.py
[2025-07-01T22:34:47.752+0000] {processor.py:914} INFO - Processing file /home/airflow/.local/lib/python3.12/site-packages/airflow/example_dags/example_trigger_controller_dag.py for tasks to queue
[2025-07-01T22:34:47.754+0000] {logging_mixin.py:190} INFO - [2025-07-01T22:34:47.754+0000] {dagbag.py:588} INFO - Filling up the DagBag from /home/airflow/.local/lib/python3.12/site-packages/airflow/example_dags/example_trigger_controller_dag.py
[2025-07-01T22:34:47.760+0000] {processor.py:925} INFO - DAG(s) 'example_trigger_controller_dag' retrieved from /home/airflow/.local/lib/python3.12/site-packages/airflow/example_dags/example_trigger_controller_dag.py
[2025-07-01T22:34:47.778+0000] {logging_mixin.py:190} INFO - [2025-07-01T22:34:47.777+0000] {dag.py:3239} INFO - Sync 1 DAGs
[2025-07-01T22:34:47.795+0000] {logging_mixin.py:190} INFO - [2025-07-01T22:34:47.795+0000] {dag.py:4180} INFO - Setting next_dagrun for example_trigger_controller_dag to 2021-01-01 00:00:00+00:00, run_after=2021-01-01 00:00:00+00:00
[2025-07-01T22:34:47.814+0000] {processor.py:208} INFO - Processing /home/airflow/.local/lib/python3.12/site-packages/airflow/example_dags/example_trigger_controller_dag.py took 0.068 seconds
[2025-07-01T22:35:18.624+0000] {processor.py:186} INFO - Started process (PID=323) to work on /home/airflow/.local/lib/python3.12/site-packages/airflow/example_dags/example_trigger_controller_dag.py
[2025-07-01T22:35:18.625+0000] {processor.py:914} INFO - Processing file /home/airflow/.local/lib/python3.12/site-packages/airflow/example_dags/example_trigger_controller_dag.py for tasks to queue
[2025-07-01T22:35:18.627+0000] {logging_mixin.py:190} INFO - [2025-07-01T22:35:18.627+0000] {dagbag.py:588} INFO - Filling up the DagBag from /home/airflow/.local/lib/python3.12/site-packages/airflow/example_dags/example_trigger_controller_dag.py
[2025-07-01T22:35:18.634+0000] {processor.py:925} INFO - DAG(s) 'example_trigger_controller_dag' retrieved from /home/airflow/.local/lib/python3.12/site-packages/airflow/example_dags/example_trigger_controller_dag.py
[2025-07-01T22:35:18.652+0000] {logging_mixin.py:190} INFO - [2025-07-01T22:35:18.652+0000] {dag.py:3239} INFO - Sync 1 DAGs
[2025-07-01T22:35:18.672+0000] {logging_mixin.py:190} INFO - [2025-07-01T22:35:18.672+0000] {dag.py:4180} INFO - Setting next_dagrun for example_trigger_controller_dag to 2021-01-01 00:00:00+00:00, run_after=2021-01-01 00:00:00+00:00
[2025-07-01T22:35:18.692+0000] {processor.py:208} INFO - Processing /home/airflow/.local/lib/python3.12/site-packages/airflow/example_dags/example_trigger_controller_dag.py took 0.074 seconds
[2025-07-01T22:35:49.761+0000] {processor.py:186} INFO - Started process (PID=395) to work on /home/airflow/.local/lib/python3.12/site-packages/airflow/example_dags/example_trigger_controller_dag.py
[2025-07-01T22:35:49.763+0000] {processor.py:914} INFO - Processing file /home/airflow/.local/lib/python3.12/site-packages/airflow/example_dags/example_trigger_controller_dag.py for tasks to queue
[2025-07-01T22:35:49.765+0000] {logging_mixin.py:190} INFO - [2025-07-01T22:35:49.765+0000] {dagbag.py:588} INFO - Filling up the DagBag from /home/airflow/.local/lib/python3.12/site-packages/airflow/example_dags/example_trigger_controller_dag.py
[2025-07-01T22:35:49.772+0000] {processor.py:925} INFO - DAG(s) 'example_trigger_controller_dag' retrieved from /home/airflow/.local/lib/python3.12/site-packages/airflow/example_dags/example_trigger_controller_dag.py
[2025-07-01T22:35:49.789+0000] {logging_mixin.py:190} INFO - [2025-07-01T22:35:49.789+0000] {dag.py:3239} INFO - Sync 1 DAGs
[2025-07-01T22:35:49.807+0000] {logging_mixin.py:190} INFO - [2025-07-01T22:35:49.807+0000] {dag.py:4180} INFO - Setting next_dagrun for example_trigger_controller_dag to 2021-01-01 00:00:00+00:00, run_after=2021-01-01 00:00:00+00:00
[2025-07-01T22:35:49.823+0000] {processor.py:208} INFO - Processing /home/airflow/.local/lib/python3.12/site-packages/airflow/example_dags/example_trigger_controller_dag.py took 0.067 seconds
[2025-07-01T22:36:20.678+0000] {processor.py:186} INFO - Started process (PID=459) to work on /home/airflow/.local/lib/python3.12/site-packages/airflow/example_dags/example_trigger_controller_dag.py
[2025-07-01T22:36:20.679+0000] {processor.py:914} INFO - Processing file /home/airflow/.local/lib/python3.12/site-packages/airflow/example_dags/example_trigger_controller_dag.py for tasks to queue
[2025-07-01T22:36:20.681+0000] {logging_mixin.py:190} INFO - [2025-07-01T22:36:20.681+0000] {dagbag.py:588} INFO - Filling up the DagBag from /home/airflow/.local/lib/python3.12/site-packages/airflow/example_dags/example_trigger_controller_dag.py
[2025-07-01T22:36:20.687+0000] {processor.py:925} INFO - DAG(s) 'example_trigger_controller_dag' retrieved from /home/airflow/.local/lib/python3.12/site-packages/airflow/example_dags/example_trigger_controller_dag.py
[2025-07-01T22:36:20.704+0000] {logging_mixin.py:190} INFO - [2025-07-01T22:36:20.704+0000] {dag.py:3239} INFO - Sync 1 DAGs
[2025-07-01T22:36:20.724+0000] {logging_mixin.py:190} INFO - [2025-07-01T22:36:20.724+0000] {dag.py:4180} INFO - Setting next_dagrun for example_trigger_controller_dag to 2021-01-01 00:00:00+00:00, run_after=2021-01-01 00:00:00+00:00
[2025-07-01T22:36:20.747+0000] {processor.py:208} INFO - Processing /home/airflow/.local/lib/python3.12/site-packages/airflow/example_dags/example_trigger_controller_dag.py took 0.074 seconds
[2025-07-01T22:36:51.425+0000] {processor.py:186} INFO - Started process (PID=523) to work on /home/airflow/.local/lib/python3.12/site-packages/airflow/example_dags/example_trigger_controller_dag.py
[2025-07-01T22:36:51.426+0000] {processor.py:914} INFO - Processing file /home/airflow/.local/lib/python3.12/site-packages/airflow/example_dags/example_trigger_controller_dag.py for tasks to queue
[2025-07-01T22:36:51.429+0000] {logging_mixin.py:190} INFO - [2025-07-01T22:36:51.428+0000] {dagbag.py:588} INFO - Filling up the DagBag from /home/airflow/.local/lib/python3.12/site-packages/airflow/example_dags/example_trigger_controller_dag.py
[2025-07-01T22:36:51.435+0000] {processor.py:925} INFO - DAG(s) 'example_trigger_controller_dag' retrieved from /home/airflow/.local/lib/python3.12/site-packages/airflow/example_dags/example_trigger_controller_dag.py
[2025-07-01T22:36:51.452+0000] {logging_mixin.py:190} INFO - [2025-07-01T22:36:51.452+0000] {dag.py:3239} INFO - Sync 1 DAGs
[2025-07-01T22:36:51.471+0000] {logging_mixin.py:190} INFO - [2025-07-01T22:36:51.471+0000] {dag.py:4180} INFO - Setting next_dagrun for example_trigger_controller_dag to 2021-01-01 00:00:00+00:00, run_after=2021-01-01 00:00:00+00:00
[2025-07-01T22:36:51.489+0000] {processor.py:208} INFO - Processing /home/airflow/.local/lib/python3.12/site-packages/airflow/example_dags/example_trigger_controller_dag.py took 0.069 seconds
[2025-07-01T22:37:22.423+0000] {processor.py:186} INFO - Started process (PID=587) to work on /home/airflow/.local/lib/python3.12/site-packages/airflow/example_dags/example_trigger_controller_dag.py
[2025-07-01T22:37:22.424+0000] {processor.py:914} INFO - Processing file /home/airflow/.local/lib/python3.12/site-packages/airflow/example_dags/example_trigger_controller_dag.py for tasks to queue
[2025-07-01T22:37:22.427+0000] {logging_mixin.py:190} INFO - [2025-07-01T22:37:22.427+0000] {dagbag.py:588} INFO - Filling up the DagBag from /home/airflow/.local/lib/python3.12/site-packages/airflow/example_dags/example_trigger_controller_dag.py
[2025-07-01T22:37:22.436+0000] {processor.py:925} INFO - DAG(s) 'example_trigger_controller_dag' retrieved from /home/airflow/.local/lib/python3.12/site-packages/airflow/example_dags/example_trigger_controller_dag.py
[2025-07-01T22:37:22.457+0000] {logging_mixin.py:190} INFO - [2025-07-01T22:37:22.457+0000] {dag.py:3239} INFO - Sync 1 DAGs
[2025-07-01T22:37:22.479+0000] {logging_mixin.py:190} INFO - [2025-07-01T22:37:22.478+0000] {dag.py:4180} INFO - Setting next_dagrun for example_trigger_controller_dag to 2021-01-01 00:00:00+00:00, run_after=2021-01-01 00:00:00+00:00
[2025-07-01T22:37:22.501+0000] {processor.py:208} INFO - Processing /home/airflow/.local/lib/python3.12/site-packages/airflow/example_dags/example_trigger_controller_dag.py took 0.086 seconds
[2025-07-01T22:37:53.276+0000] {processor.py:186} INFO - Started process (PID=651) to work on /home/airflow/.local/lib/python3.12/site-packages/airflow/example_dags/example_trigger_controller_dag.py
[2025-07-01T22:37:53.277+0000] {processor.py:914} INFO - Processing file /home/airflow/.local/lib/python3.12/site-packages/airflow/example_dags/example_trigger_controller_dag.py for tasks to queue
[2025-07-01T22:37:53.280+0000] {logging_mixin.py:190} INFO - [2025-07-01T22:37:53.279+0000] {dagbag.py:588} INFO - Filling up the DagBag from /home/airflow/.local/lib/python3.12/site-packages/airflow/example_dags/example_trigger_controller_dag.py
[2025-07-01T22:37:53.286+0000] {processor.py:925} INFO - DAG(s) 'example_trigger_controller_dag' retrieved from /home/airflow/.local/lib/python3.12/site-packages/airflow/example_dags/example_trigger_controller_dag.py
[2025-07-01T22:37:53.307+0000] {logging_mixin.py:190} INFO - [2025-07-01T22:37:53.306+0000] {dag.py:3239} INFO - Sync 1 DAGs
[2025-07-01T22:37:53.328+0000] {logging_mixin.py:190} INFO - [2025-07-01T22:37:53.328+0000] {dag.py:4180} INFO - Setting next_dagrun for example_trigger_controller_dag to 2021-01-01 00:00:00+00:00, run_after=2021-01-01 00:00:00+00:00
[2025-07-01T22:37:53.348+0000] {processor.py:208} INFO - Processing /home/airflow/.local/lib/python3.12/site-packages/airflow/example_dags/example_trigger_controller_dag.py took 0.077 seconds
[2025-07-01T22:38:23.645+0000] {processor.py:186} INFO - Started process (PID=715) to work on /home/airflow/.local/lib/python3.12/site-packages/airflow/example_dags/example_trigger_controller_dag.py
[2025-07-01T22:38:23.646+0000] {processor.py:914} INFO - Processing file /home/airflow/.local/lib/python3.12/site-packages/airflow/example_dags/example_trigger_controller_dag.py for tasks to queue
[2025-07-01T22:38:23.648+0000] {logging_mixin.py:190} INFO - [2025-07-01T22:38:23.648+0000] {dagbag.py:588} INFO - Filling up the DagBag from /home/airflow/.local/lib/python3.12/site-packages/airflow/example_dags/example_trigger_controller_dag.py
[2025-07-01T22:38:23.654+0000] {processor.py:925} INFO - DAG(s) 'example_trigger_controller_dag' retrieved from /home/airflow/.local/lib/python3.12/site-packages/airflow/example_dags/example_trigger_controller_dag.py
[2025-07-01T22:38:23.673+0000] {logging_mixin.py:190} INFO - [2025-07-01T22:38:23.673+0000] {dag.py:3239} INFO - Sync 1 DAGs
[2025-07-01T22:38:23.693+0000] {logging_mixin.py:190} INFO - [2025-07-01T22:38:23.693+0000] {dag.py:4180} INFO - Setting next_dagrun for example_trigger_controller_dag to 2021-01-01 00:00:00+00:00, run_after=2021-01-01 00:00:00+00:00
[2025-07-01T22:38:23.713+0000] {processor.py:208} INFO - Processing /home/airflow/.local/lib/python3.12/site-packages/airflow/example_dags/example_trigger_controller_dag.py took 0.074 seconds
[2025-07-01T22:38:53.954+0000] {processor.py:186} INFO - Started process (PID=779) to work on /home/airflow/.local/lib/python3.12/site-packages/airflow/example_dags/example_trigger_controller_dag.py
[2025-07-01T22:38:53.954+0000] {processor.py:914} INFO - Processing file /home/airflow/.local/lib/python3.12/site-packages/airflow/example_dags/example_trigger_controller_dag.py for tasks to queue
[2025-07-01T22:38:53.956+0000] {logging_mixin.py:190} INFO - [2025-07-01T22:38:53.956+0000] {dagbag.py:588} INFO - Filling up the DagBag from /home/airflow/.local/lib/python3.12/site-packages/airflow/example_dags/example_trigger_controller_dag.py
[2025-07-01T22:38:53.962+0000] {processor.py:925} INFO - DAG(s) 'example_trigger_controller_dag' retrieved from /home/airflow/.local/lib/python3.12/site-packages/airflow/example_dags/example_trigger_controller_dag.py
[2025-07-01T22:38:53.979+0000] {logging_mixin.py:190} INFO - [2025-07-01T22:38:53.978+0000] {dag.py:3239} INFO - Sync 1 DAGs
[2025-07-01T22:38:53.998+0000] {logging_mixin.py:190} INFO - [2025-07-01T22:38:53.998+0000] {dag.py:4180} INFO - Setting next_dagrun for example_trigger_controller_dag to 2021-01-01 00:00:00+00:00, run_after=2021-01-01 00:00:00+00:00
[2025-07-01T22:38:54.016+0000] {processor.py:208} INFO - Processing /home/airflow/.local/lib/python3.12/site-packages/airflow/example_dags/example_trigger_controller_dag.py took 0.067 seconds
[2025-07-01T22:39:24.557+0000] {processor.py:186} INFO - Started process (PID=843) to work on /home/airflow/.local/lib/python3.12/site-packages/airflow/example_dags/example_trigger_controller_dag.py
[2025-07-01T22:39:24.559+0000] {processor.py:914} INFO - Processing file /home/airflow/.local/lib/python3.12/site-packages/airflow/example_dags/example_trigger_controller_dag.py for tasks to queue
[2025-07-01T22:39:24.563+0000] {logging_mixin.py:190} INFO - [2025-07-01T22:39:24.562+0000] {dagbag.py:588} INFO - Filling up the DagBag from /home/airflow/.local/lib/python3.12/site-packages/airflow/example_dags/example_trigger_controller_dag.py
[2025-07-01T22:39:24.571+0000] {processor.py:925} INFO - DAG(s) 'example_trigger_controller_dag' retrieved from /home/airflow/.local/lib/python3.12/site-packages/airflow/example_dags/example_trigger_controller_dag.py
[2025-07-01T22:39:24.590+0000] {logging_mixin.py:190} INFO - [2025-07-01T22:39:24.590+0000] {dag.py:3239} INFO - Sync 1 DAGs
[2025-07-01T22:39:24.609+0000] {logging_mixin.py:190} INFO - [2025-07-01T22:39:24.609+0000] {dag.py:4180} INFO - Setting next_dagrun for example_trigger_controller_dag to 2021-01-01 00:00:00+00:00, run_after=2021-01-01 00:00:00+00:00
[2025-07-01T22:39:24.630+0000] {processor.py:208} INFO - Processing /home/airflow/.local/lib/python3.12/site-packages/airflow/example_dags/example_trigger_controller_dag.py took 0.079 seconds
[2025-07-01T22:39:55.033+0000] {processor.py:186} INFO - Started process (PID=907) to work on /home/airflow/.local/lib/python3.12/site-packages/airflow/example_dags/example_trigger_controller_dag.py
[2025-07-01T22:39:55.034+0000] {processor.py:914} INFO - Processing file /home/airflow/.local/lib/python3.12/site-packages/airflow/example_dags/example_trigger_controller_dag.py for tasks to queue
[2025-07-01T22:39:55.037+0000] {logging_mixin.py:190} INFO - [2025-07-01T22:39:55.037+0000] {dagbag.py:588} INFO - Filling up the DagBag from /home/airflow/.local/lib/python3.12/site-packages/airflow/example_dags/example_trigger_controller_dag.py
[2025-07-01T22:39:55.044+0000] {processor.py:925} INFO - DAG(s) 'example_trigger_controller_dag' retrieved from /home/airflow/.local/lib/python3.12/site-packages/airflow/example_dags/example_trigger_controller_dag.py
[2025-07-01T22:39:55.063+0000] {logging_mixin.py:190} INFO - [2025-07-01T22:39:55.063+0000] {dag.py:3239} INFO - Sync 1 DAGs
[2025-07-01T22:39:55.085+0000] {logging_mixin.py:190} INFO - [2025-07-01T22:39:55.085+0000] {dag.py:4180} INFO - Setting next_dagrun for example_trigger_controller_dag to 2021-01-01 00:00:00+00:00, run_after=2021-01-01 00:00:00+00:00
[2025-07-01T22:39:55.106+0000] {processor.py:208} INFO - Processing /home/airflow/.local/lib/python3.12/site-packages/airflow/example_dags/example_trigger_controller_dag.py took 0.079 seconds
[2025-07-01T22:40:25.302+0000] {processor.py:186} INFO - Started process (PID=971) to work on /home/airflow/.local/lib/python3.12/site-packages/airflow/example_dags/example_trigger_controller_dag.py
[2025-07-01T22:40:25.303+0000] {processor.py:914} INFO - Processing file /home/airflow/.local/lib/python3.12/site-packages/airflow/example_dags/example_trigger_controller_dag.py for tasks to queue
[2025-07-01T22:40:25.305+0000] {logging_mixin.py:190} INFO - [2025-07-01T22:40:25.305+0000] {dagbag.py:588} INFO - Filling up the DagBag from /home/airflow/.local/lib/python3.12/site-packages/airflow/example_dags/example_trigger_controller_dag.py
[2025-07-01T22:40:25.312+0000] {processor.py:925} INFO - DAG(s) 'example_trigger_controller_dag' retrieved from /home/airflow/.local/lib/python3.12/site-packages/airflow/example_dags/example_trigger_controller_dag.py
[2025-07-01T22:40:25.331+0000] {logging_mixin.py:190} INFO - [2025-07-01T22:40:25.330+0000] {dag.py:3239} INFO - Sync 1 DAGs
[2025-07-01T22:40:25.353+0000] {logging_mixin.py:190} INFO - [2025-07-01T22:40:25.353+0000] {dag.py:4180} INFO - Setting next_dagrun for example_trigger_controller_dag to 2021-01-01 00:00:00+00:00, run_after=2021-01-01 00:00:00+00:00
[2025-07-01T22:40:25.372+0000] {processor.py:208} INFO - Processing /home/airflow/.local/lib/python3.12/site-packages/airflow/example_dags/example_trigger_controller_dag.py took 0.076 seconds
[2025-07-01T22:40:56.384+0000] {processor.py:186} INFO - Started process (PID=1035) to work on /home/airflow/.local/lib/python3.12/site-packages/airflow/example_dags/example_trigger_controller_dag.py
[2025-07-01T22:40:56.385+0000] {processor.py:914} INFO - Processing file /home/airflow/.local/lib/python3.12/site-packages/airflow/example_dags/example_trigger_controller_dag.py for tasks to queue
[2025-07-01T22:40:56.387+0000] {logging_mixin.py:190} INFO - [2025-07-01T22:40:56.387+0000] {dagbag.py:588} INFO - Filling up the DagBag from /home/airflow/.local/lib/python3.12/site-packages/airflow/example_dags/example_trigger_controller_dag.py
[2025-07-01T22:40:56.393+0000] {processor.py:925} INFO - DAG(s) 'example_trigger_controller_dag' retrieved from /home/airflow/.local/lib/python3.12/site-packages/airflow/example_dags/example_trigger_controller_dag.py
[2025-07-01T22:40:56.409+0000] {logging_mixin.py:190} INFO - [2025-07-01T22:40:56.408+0000] {dag.py:3239} INFO - Sync 1 DAGs
[2025-07-01T22:40:56.426+0000] {logging_mixin.py:190} INFO - [2025-07-01T22:40:56.426+0000] {dag.py:4180} INFO - Setting next_dagrun for example_trigger_controller_dag to 2021-01-01 00:00:00+00:00, run_after=2021-01-01 00:00:00+00:00
[2025-07-01T22:40:56.446+0000] {processor.py:208} INFO - Processing /home/airflow/.local/lib/python3.12/site-packages/airflow/example_dags/example_trigger_controller_dag.py took 0.067 seconds
[2025-07-01T22:41:26.817+0000] {processor.py:186} INFO - Started process (PID=1099) to work on /home/airflow/.local/lib/python3.12/site-packages/airflow/example_dags/example_trigger_controller_dag.py
[2025-07-01T22:41:26.817+0000] {processor.py:914} INFO - Processing file /home/airflow/.local/lib/python3.12/site-packages/airflow/example_dags/example_trigger_controller_dag.py for tasks to queue
[2025-07-01T22:41:26.819+0000] {logging_mixin.py:190} INFO - [2025-07-01T22:41:26.819+0000] {dagbag.py:588} INFO - Filling up the DagBag from /home/airflow/.local/lib/python3.12/site-packages/airflow/example_dags/example_trigger_controller_dag.py
[2025-07-01T22:41:26.825+0000] {processor.py:925} INFO - DAG(s) 'example_trigger_controller_dag' retrieved from /home/airflow/.local/lib/python3.12/site-packages/airflow/example_dags/example_trigger_controller_dag.py
[2025-07-01T22:41:26.842+0000] {logging_mixin.py:190} INFO - [2025-07-01T22:41:26.841+0000] {dag.py:3239} INFO - Sync 1 DAGs
[2025-07-01T22:41:26.859+0000] {logging_mixin.py:190} INFO - [2025-07-01T22:41:26.859+0000] {dag.py:4180} INFO - Setting next_dagrun for example_trigger_controller_dag to 2021-01-01 00:00:00+00:00, run_after=2021-01-01 00:00:00+00:00
[2025-07-01T22:41:26.876+0000] {processor.py:208} INFO - Processing /home/airflow/.local/lib/python3.12/site-packages/airflow/example_dags/example_trigger_controller_dag.py took 0.064 seconds
[2025-07-01T22:41:57.389+0000] {processor.py:186} INFO - Started process (PID=1163) to work on /home/airflow/.local/lib/python3.12/site-packages/airflow/example_dags/example_trigger_controller_dag.py
[2025-07-01T22:41:57.390+0000] {processor.py:914} INFO - Processing file /home/airflow/.local/lib/python3.12/site-packages/airflow/example_dags/example_trigger_controller_dag.py for tasks to queue
[2025-07-01T22:41:57.392+0000] {logging_mixin.py:190} INFO - [2025-07-01T22:41:57.392+0000] {dagbag.py:588} INFO - Filling up the DagBag from /home/airflow/.local/lib/python3.12/site-packages/airflow/example_dags/example_trigger_controller_dag.py
[2025-07-01T22:41:57.398+0000] {processor.py:925} INFO - DAG(s) 'example_trigger_controller_dag' retrieved from /home/airflow/.local/lib/python3.12/site-packages/airflow/example_dags/example_trigger_controller_dag.py
[2025-07-01T22:41:57.414+0000] {logging_mixin.py:190} INFO - [2025-07-01T22:41:57.414+0000] {dag.py:3239} INFO - Sync 1 DAGs
[2025-07-01T22:41:57.433+0000] {logging_mixin.py:190} INFO - [2025-07-01T22:41:57.433+0000] {dag.py:4180} INFO - Setting next_dagrun for example_trigger_controller_dag to 2021-01-01 00:00:00+00:00, run_after=2021-01-01 00:00:00+00:00
[2025-07-01T22:41:57.451+0000] {processor.py:208} INFO - Processing /home/airflow/.local/lib/python3.12/site-packages/airflow/example_dags/example_trigger_controller_dag.py took 0.067 seconds
[2025-07-01T22:42:28.380+0000] {processor.py:186} INFO - Started process (PID=1227) to work on /home/airflow/.local/lib/python3.12/site-packages/airflow/example_dags/example_trigger_controller_dag.py
[2025-07-01T22:42:28.381+0000] {processor.py:914} INFO - Processing file /home/airflow/.local/lib/python3.12/site-packages/airflow/example_dags/example_trigger_controller_dag.py for tasks to queue
[2025-07-01T22:42:28.383+0000] {logging_mixin.py:190} INFO - [2025-07-01T22:42:28.382+0000] {dagbag.py:588} INFO - Filling up the DagBag from /home/airflow/.local/lib/python3.12/site-packages/airflow/example_dags/example_trigger_controller_dag.py
[2025-07-01T22:42:28.388+0000] {processor.py:925} INFO - DAG(s) 'example_trigger_controller_dag' retrieved from /home/airflow/.local/lib/python3.12/site-packages/airflow/example_dags/example_trigger_controller_dag.py
[2025-07-01T22:42:28.405+0000] {logging_mixin.py:190} INFO - [2025-07-01T22:42:28.405+0000] {dag.py:3239} INFO - Sync 1 DAGs
[2025-07-01T22:42:28.423+0000] {logging_mixin.py:190} INFO - [2025-07-01T22:42:28.423+0000] {dag.py:4180} INFO - Setting next_dagrun for example_trigger_controller_dag to 2021-01-01 00:00:00+00:00, run_after=2021-01-01 00:00:00+00:00
[2025-07-01T22:42:28.439+0000] {processor.py:208} INFO - Processing /home/airflow/.local/lib/python3.12/site-packages/airflow/example_dags/example_trigger_controller_dag.py took 0.065 seconds
[2025-07-01T22:42:59.451+0000] {processor.py:186} INFO - Started process (PID=1291) to work on /home/airflow/.local/lib/python3.12/site-packages/airflow/example_dags/example_trigger_controller_dag.py
[2025-07-01T22:42:59.452+0000] {processor.py:914} INFO - Processing file /home/airflow/.local/lib/python3.12/site-packages/airflow/example_dags/example_trigger_controller_dag.py for tasks to queue
[2025-07-01T22:42:59.454+0000] {logging_mixin.py:190} INFO - [2025-07-01T22:42:59.454+0000] {dagbag.py:588} INFO - Filling up the DagBag from /home/airflow/.local/lib/python3.12/site-packages/airflow/example_dags/example_trigger_controller_dag.py
[2025-07-01T22:42:59.460+0000] {processor.py:925} INFO - DAG(s) 'example_trigger_controller_dag' retrieved from /home/airflow/.local/lib/python3.12/site-packages/airflow/example_dags/example_trigger_controller_dag.py
[2025-07-01T22:42:59.481+0000] {logging_mixin.py:190} INFO - [2025-07-01T22:42:59.480+0000] {dag.py:3239} INFO - Sync 1 DAGs
[2025-07-01T22:42:59.501+0000] {logging_mixin.py:190} INFO - [2025-07-01T22:42:59.501+0000] {dag.py:4180} INFO - Setting next_dagrun for example_trigger_controller_dag to 2021-01-01 00:00:00+00:00, run_after=2021-01-01 00:00:00+00:00
[2025-07-01T22:42:59.520+0000] {processor.py:208} INFO - Processing /home/airflow/.local/lib/python3.12/site-packages/airflow/example_dags/example_trigger_controller_dag.py took 0.074 seconds
[2025-07-01T22:43:30.225+0000] {processor.py:186} INFO - Started process (PID=1355) to work on /home/airflow/.local/lib/python3.12/site-packages/airflow/example_dags/example_trigger_controller_dag.py
[2025-07-01T22:43:30.226+0000] {processor.py:914} INFO - Processing file /home/airflow/.local/lib/python3.12/site-packages/airflow/example_dags/example_trigger_controller_dag.py for tasks to queue
[2025-07-01T22:43:30.228+0000] {logging_mixin.py:190} INFO - [2025-07-01T22:43:30.228+0000] {dagbag.py:588} INFO - Filling up the DagBag from /home/airflow/.local/lib/python3.12/site-packages/airflow/example_dags/example_trigger_controller_dag.py
[2025-07-01T22:43:30.234+0000] {processor.py:925} INFO - DAG(s) 'example_trigger_controller_dag' retrieved from /home/airflow/.local/lib/python3.12/site-packages/airflow/example_dags/example_trigger_controller_dag.py
[2025-07-01T22:43:30.251+0000] {logging_mixin.py:190} INFO - [2025-07-01T22:43:30.251+0000] {dag.py:3239} INFO - Sync 1 DAGs
[2025-07-01T22:43:30.273+0000] {logging_mixin.py:190} INFO - [2025-07-01T22:43:30.272+0000] {dag.py:4180} INFO - Setting next_dagrun for example_trigger_controller_dag to 2021-01-01 00:00:00+00:00, run_after=2021-01-01 00:00:00+00:00
[2025-07-01T22:43:30.292+0000] {processor.py:208} INFO - Processing /home/airflow/.local/lib/python3.12/site-packages/airflow/example_dags/example_trigger_controller_dag.py took 0.073 seconds
[2025-07-01T22:44:00.702+0000] {processor.py:186} INFO - Started process (PID=1419) to work on /home/airflow/.local/lib/python3.12/site-packages/airflow/example_dags/example_trigger_controller_dag.py
[2025-07-01T22:44:00.703+0000] {processor.py:914} INFO - Processing file /home/airflow/.local/lib/python3.12/site-packages/airflow/example_dags/example_trigger_controller_dag.py for tasks to queue
[2025-07-01T22:44:00.705+0000] {logging_mixin.py:190} INFO - [2025-07-01T22:44:00.705+0000] {dagbag.py:588} INFO - Filling up the DagBag from /home/airflow/.local/lib/python3.12/site-packages/airflow/example_dags/example_trigger_controller_dag.py
[2025-07-01T22:44:00.712+0000] {processor.py:925} INFO - DAG(s) 'example_trigger_controller_dag' retrieved from /home/airflow/.local/lib/python3.12/site-packages/airflow/example_dags/example_trigger_controller_dag.py
[2025-07-01T22:44:00.730+0000] {logging_mixin.py:190} INFO - [2025-07-01T22:44:00.730+0000] {dag.py:3239} INFO - Sync 1 DAGs
[2025-07-01T22:44:00.749+0000] {logging_mixin.py:190} INFO - [2025-07-01T22:44:00.749+0000] {dag.py:4180} INFO - Setting next_dagrun for example_trigger_controller_dag to 2021-01-01 00:00:00+00:00, run_after=2021-01-01 00:00:00+00:00
[2025-07-01T22:44:00.769+0000] {processor.py:208} INFO - Processing /home/airflow/.local/lib/python3.12/site-packages/airflow/example_dags/example_trigger_controller_dag.py took 0.072 seconds
[2025-07-01T22:44:31.631+0000] {processor.py:186} INFO - Started process (PID=1483) to work on /home/airflow/.local/lib/python3.12/site-packages/airflow/example_dags/example_trigger_controller_dag.py
[2025-07-01T22:44:31.632+0000] {processor.py:914} INFO - Processing file /home/airflow/.local/lib/python3.12/site-packages/airflow/example_dags/example_trigger_controller_dag.py for tasks to queue
[2025-07-01T22:44:31.634+0000] {logging_mixin.py:190} INFO - [2025-07-01T22:44:31.634+0000] {dagbag.py:588} INFO - Filling up the DagBag from /home/airflow/.local/lib/python3.12/site-packages/airflow/example_dags/example_trigger_controller_dag.py
[2025-07-01T22:44:31.640+0000] {processor.py:925} INFO - DAG(s) 'example_trigger_controller_dag' retrieved from /home/airflow/.local/lib/python3.12/site-packages/airflow/example_dags/example_trigger_controller_dag.py
[2025-07-01T22:44:31.656+0000] {logging_mixin.py:190} INFO - [2025-07-01T22:44:31.656+0000] {dag.py:3239} INFO - Sync 1 DAGs
[2025-07-01T22:44:31.675+0000] {logging_mixin.py:190} INFO - [2025-07-01T22:44:31.675+0000] {dag.py:4180} INFO - Setting next_dagrun for example_trigger_controller_dag to 2021-01-01 00:00:00+00:00, run_after=2021-01-01 00:00:00+00:00
[2025-07-01T22:44:31.694+0000] {processor.py:208} INFO - Processing /home/airflow/.local/lib/python3.12/site-packages/airflow/example_dags/example_trigger_controller_dag.py took 0.067 seconds
[2025-07-01T22:45:02.290+0000] {processor.py:186} INFO - Started process (PID=1547) to work on /home/airflow/.local/lib/python3.12/site-packages/airflow/example_dags/example_trigger_controller_dag.py
[2025-07-01T22:45:02.291+0000] {processor.py:914} INFO - Processing file /home/airflow/.local/lib/python3.12/site-packages/airflow/example_dags/example_trigger_controller_dag.py for tasks to queue
[2025-07-01T22:45:02.293+0000] {logging_mixin.py:190} INFO - [2025-07-01T22:45:02.293+0000] {dagbag.py:588} INFO - Filling up the DagBag from /home/airflow/.local/lib/python3.12/site-packages/airflow/example_dags/example_trigger_controller_dag.py
[2025-07-01T22:45:02.299+0000] {processor.py:925} INFO - DAG(s) 'example_trigger_controller_dag' retrieved from /home/airflow/.local/lib/python3.12/site-packages/airflow/example_dags/example_trigger_controller_dag.py
[2025-07-01T22:45:02.315+0000] {logging_mixin.py:190} INFO - [2025-07-01T22:45:02.315+0000] {dag.py:3239} INFO - Sync 1 DAGs
[2025-07-01T22:45:02.332+0000] {logging_mixin.py:190} INFO - [2025-07-01T22:45:02.332+0000] {dag.py:4180} INFO - Setting next_dagrun for example_trigger_controller_dag to 2021-01-01 00:00:00+00:00, run_after=2021-01-01 00:00:00+00:00
[2025-07-01T22:45:02.350+0000] {processor.py:208} INFO - Processing /home/airflow/.local/lib/python3.12/site-packages/airflow/example_dags/example_trigger_controller_dag.py took 0.065 seconds
[2025-07-01T22:45:32.796+0000] {processor.py:186} INFO - Started process (PID=1611) to work on /home/airflow/.local/lib/python3.12/site-packages/airflow/example_dags/example_trigger_controller_dag.py
[2025-07-01T22:45:32.797+0000] {processor.py:914} INFO - Processing file /home/airflow/.local/lib/python3.12/site-packages/airflow/example_dags/example_trigger_controller_dag.py for tasks to queue
[2025-07-01T22:45:32.799+0000] {logging_mixin.py:190} INFO - [2025-07-01T22:45:32.799+0000] {dagbag.py:588} INFO - Filling up the DagBag from /home/airflow/.local/lib/python3.12/site-packages/airflow/example_dags/example_trigger_controller_dag.py
[2025-07-01T22:45:32.805+0000] {processor.py:925} INFO - DAG(s) 'example_trigger_controller_dag' retrieved from /home/airflow/.local/lib/python3.12/site-packages/airflow/example_dags/example_trigger_controller_dag.py
[2025-07-01T22:45:32.822+0000] {logging_mixin.py:190} INFO - [2025-07-01T22:45:32.822+0000] {dag.py:3239} INFO - Sync 1 DAGs
[2025-07-01T22:45:32.841+0000] {logging_mixin.py:190} INFO - [2025-07-01T22:45:32.841+0000] {dag.py:4180} INFO - Setting next_dagrun for example_trigger_controller_dag to 2021-01-01 00:00:00+00:00, run_after=2021-01-01 00:00:00+00:00
[2025-07-01T22:45:32.857+0000] {processor.py:208} INFO - Processing /home/airflow/.local/lib/python3.12/site-packages/airflow/example_dags/example_trigger_controller_dag.py took 0.067 seconds
[2025-07-01T22:46:03.805+0000] {processor.py:186} INFO - Started process (PID=1675) to work on /home/airflow/.local/lib/python3.12/site-packages/airflow/example_dags/example_trigger_controller_dag.py
[2025-07-01T22:46:03.806+0000] {processor.py:914} INFO - Processing file /home/airflow/.local/lib/python3.12/site-packages/airflow/example_dags/example_trigger_controller_dag.py for tasks to queue
[2025-07-01T22:46:03.808+0000] {logging_mixin.py:190} INFO - [2025-07-01T22:46:03.808+0000] {dagbag.py:588} INFO - Filling up the DagBag from /home/airflow/.local/lib/python3.12/site-packages/airflow/example_dags/example_trigger_controller_dag.py
[2025-07-01T22:46:03.814+0000] {processor.py:925} INFO - DAG(s) 'example_trigger_controller_dag' retrieved from /home/airflow/.local/lib/python3.12/site-packages/airflow/example_dags/example_trigger_controller_dag.py
[2025-07-01T22:46:03.831+0000] {logging_mixin.py:190} INFO - [2025-07-01T22:46:03.831+0000] {dag.py:3239} INFO - Sync 1 DAGs
[2025-07-01T22:46:03.848+0000] {logging_mixin.py:190} INFO - [2025-07-01T22:46:03.848+0000] {dag.py:4180} INFO - Setting next_dagrun for example_trigger_controller_dag to 2021-01-01 00:00:00+00:00, run_after=2021-01-01 00:00:00+00:00
[2025-07-01T22:46:03.867+0000] {processor.py:208} INFO - Processing /home/airflow/.local/lib/python3.12/site-packages/airflow/example_dags/example_trigger_controller_dag.py took 0.067 seconds
[2025-07-01T22:46:34.620+0000] {processor.py:186} INFO - Started process (PID=1739) to work on /home/airflow/.local/lib/python3.12/site-packages/airflow/example_dags/example_trigger_controller_dag.py
[2025-07-01T22:46:34.621+0000] {processor.py:914} INFO - Processing file /home/airflow/.local/lib/python3.12/site-packages/airflow/example_dags/example_trigger_controller_dag.py for tasks to queue
[2025-07-01T22:46:34.624+0000] {logging_mixin.py:190} INFO - [2025-07-01T22:46:34.623+0000] {dagbag.py:588} INFO - Filling up the DagBag from /home/airflow/.local/lib/python3.12/site-packages/airflow/example_dags/example_trigger_controller_dag.py
[2025-07-01T22:46:34.632+0000] {processor.py:925} INFO - DAG(s) 'example_trigger_controller_dag' retrieved from /home/airflow/.local/lib/python3.12/site-packages/airflow/example_dags/example_trigger_controller_dag.py
[2025-07-01T22:46:34.651+0000] {logging_mixin.py:190} INFO - [2025-07-01T22:46:34.650+0000] {dag.py:3239} INFO - Sync 1 DAGs
[2025-07-01T22:46:34.669+0000] {logging_mixin.py:190} INFO - [2025-07-01T22:46:34.669+0000] {dag.py:4180} INFO - Setting next_dagrun for example_trigger_controller_dag to 2021-01-01 00:00:00+00:00, run_after=2021-01-01 00:00:00+00:00
[2025-07-01T22:46:34.690+0000] {processor.py:208} INFO - Processing /home/airflow/.local/lib/python3.12/site-packages/airflow/example_dags/example_trigger_controller_dag.py took 0.076 seconds
[2025-07-01T22:47:05.388+0000] {processor.py:186} INFO - Started process (PID=1803) to work on /home/airflow/.local/lib/python3.12/site-packages/airflow/example_dags/example_trigger_controller_dag.py
[2025-07-01T22:47:05.389+0000] {processor.py:914} INFO - Processing file /home/airflow/.local/lib/python3.12/site-packages/airflow/example_dags/example_trigger_controller_dag.py for tasks to queue
[2025-07-01T22:47:05.392+0000] {logging_mixin.py:190} INFO - [2025-07-01T22:47:05.391+0000] {dagbag.py:588} INFO - Filling up the DagBag from /home/airflow/.local/lib/python3.12/site-packages/airflow/example_dags/example_trigger_controller_dag.py
[2025-07-01T22:47:05.398+0000] {processor.py:925} INFO - DAG(s) 'example_trigger_controller_dag' retrieved from /home/airflow/.local/lib/python3.12/site-packages/airflow/example_dags/example_trigger_controller_dag.py
[2025-07-01T22:47:05.418+0000] {logging_mixin.py:190} INFO - [2025-07-01T22:47:05.418+0000] {dag.py:3239} INFO - Sync 1 DAGs
[2025-07-01T22:47:05.440+0000] {logging_mixin.py:190} INFO - [2025-07-01T22:47:05.440+0000] {dag.py:4180} INFO - Setting next_dagrun for example_trigger_controller_dag to 2021-01-01 00:00:00+00:00, run_after=2021-01-01 00:00:00+00:00
[2025-07-01T22:47:05.459+0000] {processor.py:208} INFO - Processing /home/airflow/.local/lib/python3.12/site-packages/airflow/example_dags/example_trigger_controller_dag.py took 0.077 seconds
[2025-07-01T22:47:35.606+0000] {processor.py:186} INFO - Started process (PID=1866) to work on /home/airflow/.local/lib/python3.12/site-packages/airflow/example_dags/example_trigger_controller_dag.py
[2025-07-01T22:47:35.607+0000] {processor.py:914} INFO - Processing file /home/airflow/.local/lib/python3.12/site-packages/airflow/example_dags/example_trigger_controller_dag.py for tasks to queue
[2025-07-01T22:47:35.609+0000] {logging_mixin.py:190} INFO - [2025-07-01T22:47:35.609+0000] {dagbag.py:588} INFO - Filling up the DagBag from /home/airflow/.local/lib/python3.12/site-packages/airflow/example_dags/example_trigger_controller_dag.py
[2025-07-01T22:47:35.615+0000] {processor.py:925} INFO - DAG(s) 'example_trigger_controller_dag' retrieved from /home/airflow/.local/lib/python3.12/site-packages/airflow/example_dags/example_trigger_controller_dag.py
[2025-07-01T22:47:35.632+0000] {logging_mixin.py:190} INFO - [2025-07-01T22:47:35.631+0000] {dag.py:3239} INFO - Sync 1 DAGs
[2025-07-01T22:47:35.651+0000] {logging_mixin.py:190} INFO - [2025-07-01T22:47:35.651+0000] {dag.py:4180} INFO - Setting next_dagrun for example_trigger_controller_dag to 2021-01-01 00:00:00+00:00, run_after=2021-01-01 00:00:00+00:00
[2025-07-01T22:47:35.673+0000] {processor.py:208} INFO - Processing /home/airflow/.local/lib/python3.12/site-packages/airflow/example_dags/example_trigger_controller_dag.py took 0.072 seconds
[2025-07-01T22:48:06.362+0000] {processor.py:186} INFO - Started process (PID=1931) to work on /home/airflow/.local/lib/python3.12/site-packages/airflow/example_dags/example_trigger_controller_dag.py
[2025-07-01T22:48:06.362+0000] {processor.py:914} INFO - Processing file /home/airflow/.local/lib/python3.12/site-packages/airflow/example_dags/example_trigger_controller_dag.py for tasks to queue
[2025-07-01T22:48:06.364+0000] {logging_mixin.py:190} INFO - [2025-07-01T22:48:06.364+0000] {dagbag.py:588} INFO - Filling up the DagBag from /home/airflow/.local/lib/python3.12/site-packages/airflow/example_dags/example_trigger_controller_dag.py
[2025-07-01T22:48:06.370+0000] {processor.py:925} INFO - DAG(s) 'example_trigger_controller_dag' retrieved from /home/airflow/.local/lib/python3.12/site-packages/airflow/example_dags/example_trigger_controller_dag.py
[2025-07-01T22:48:06.387+0000] {logging_mixin.py:190} INFO - [2025-07-01T22:48:06.387+0000] {dag.py:3239} INFO - Sync 1 DAGs
[2025-07-01T22:48:06.405+0000] {logging_mixin.py:190} INFO - [2025-07-01T22:48:06.404+0000] {dag.py:4180} INFO - Setting next_dagrun for example_trigger_controller_dag to 2021-01-01 00:00:00+00:00, run_after=2021-01-01 00:00:00+00:00
[2025-07-01T22:48:06.422+0000] {processor.py:208} INFO - Processing /home/airflow/.local/lib/python3.12/site-packages/airflow/example_dags/example_trigger_controller_dag.py took 0.065 seconds
[2025-07-01T22:48:37.490+0000] {processor.py:186} INFO - Started process (PID=1999) to work on /home/airflow/.local/lib/python3.12/site-packages/airflow/example_dags/example_trigger_controller_dag.py
[2025-07-01T22:48:37.491+0000] {processor.py:914} INFO - Processing file /home/airflow/.local/lib/python3.12/site-packages/airflow/example_dags/example_trigger_controller_dag.py for tasks to queue
[2025-07-01T22:48:37.493+0000] {logging_mixin.py:190} INFO - [2025-07-01T22:48:37.493+0000] {dagbag.py:588} INFO - Filling up the DagBag from /home/airflow/.local/lib/python3.12/site-packages/airflow/example_dags/example_trigger_controller_dag.py
[2025-07-01T22:48:37.500+0000] {processor.py:925} INFO - DAG(s) 'example_trigger_controller_dag' retrieved from /home/airflow/.local/lib/python3.12/site-packages/airflow/example_dags/example_trigger_controller_dag.py
[2025-07-01T22:48:37.519+0000] {logging_mixin.py:190} INFO - [2025-07-01T22:48:37.519+0000] {dag.py:3239} INFO - Sync 1 DAGs
[2025-07-01T22:48:37.545+0000] {logging_mixin.py:190} INFO - [2025-07-01T22:48:37.545+0000] {dag.py:4180} INFO - Setting next_dagrun for example_trigger_controller_dag to 2021-01-01 00:00:00+00:00, run_after=2021-01-01 00:00:00+00:00
[2025-07-01T22:48:37.580+0000] {processor.py:208} INFO - Processing /home/airflow/.local/lib/python3.12/site-packages/airflow/example_dags/example_trigger_controller_dag.py took 0.095 seconds
[2025-07-01T22:49:08.292+0000] {processor.py:186} INFO - Started process (PID=2064) to work on /home/airflow/.local/lib/python3.12/site-packages/airflow/example_dags/example_trigger_controller_dag.py
[2025-07-01T22:49:08.293+0000] {processor.py:914} INFO - Processing file /home/airflow/.local/lib/python3.12/site-packages/airflow/example_dags/example_trigger_controller_dag.py for tasks to queue
[2025-07-01T22:49:08.296+0000] {logging_mixin.py:190} INFO - [2025-07-01T22:49:08.295+0000] {dagbag.py:588} INFO - Filling up the DagBag from /home/airflow/.local/lib/python3.12/site-packages/airflow/example_dags/example_trigger_controller_dag.py
[2025-07-01T22:49:08.302+0000] {processor.py:925} INFO - DAG(s) 'example_trigger_controller_dag' retrieved from /home/airflow/.local/lib/python3.12/site-packages/airflow/example_dags/example_trigger_controller_dag.py
[2025-07-01T22:49:08.322+0000] {logging_mixin.py:190} INFO - [2025-07-01T22:49:08.321+0000] {dag.py:3239} INFO - Sync 1 DAGs
[2025-07-01T22:49:08.343+0000] {logging_mixin.py:190} INFO - [2025-07-01T22:49:08.342+0000] {dag.py:4180} INFO - Setting next_dagrun for example_trigger_controller_dag to 2021-01-01 00:00:00+00:00, run_after=2021-01-01 00:00:00+00:00
[2025-07-01T22:49:08.364+0000] {processor.py:208} INFO - Processing /home/airflow/.local/lib/python3.12/site-packages/airflow/example_dags/example_trigger_controller_dag.py took 0.078 seconds
[2025-07-01T22:49:39.189+0000] {processor.py:186} INFO - Started process (PID=2128) to work on /home/airflow/.local/lib/python3.12/site-packages/airflow/example_dags/example_trigger_controller_dag.py
[2025-07-01T22:49:39.190+0000] {processor.py:914} INFO - Processing file /home/airflow/.local/lib/python3.12/site-packages/airflow/example_dags/example_trigger_controller_dag.py for tasks to queue
[2025-07-01T22:49:39.193+0000] {logging_mixin.py:190} INFO - [2025-07-01T22:49:39.192+0000] {dagbag.py:588} INFO - Filling up the DagBag from /home/airflow/.local/lib/python3.12/site-packages/airflow/example_dags/example_trigger_controller_dag.py
[2025-07-01T22:49:39.199+0000] {processor.py:925} INFO - DAG(s) 'example_trigger_controller_dag' retrieved from /home/airflow/.local/lib/python3.12/site-packages/airflow/example_dags/example_trigger_controller_dag.py
[2025-07-01T22:49:39.215+0000] {logging_mixin.py:190} INFO - [2025-07-01T22:49:39.215+0000] {dag.py:3239} INFO - Sync 1 DAGs
[2025-07-01T22:49:39.233+0000] {logging_mixin.py:190} INFO - [2025-07-01T22:49:39.233+0000] {dag.py:4180} INFO - Setting next_dagrun for example_trigger_controller_dag to 2021-01-01 00:00:00+00:00, run_after=2021-01-01 00:00:00+00:00
[2025-07-01T22:49:39.251+0000] {processor.py:208} INFO - Processing /home/airflow/.local/lib/python3.12/site-packages/airflow/example_dags/example_trigger_controller_dag.py took 0.068 seconds
[2025-07-01T22:50:10.158+0000] {processor.py:186} INFO - Started process (PID=2192) to work on /home/airflow/.local/lib/python3.12/site-packages/airflow/example_dags/example_trigger_controller_dag.py
[2025-07-01T22:50:10.159+0000] {processor.py:914} INFO - Processing file /home/airflow/.local/lib/python3.12/site-packages/airflow/example_dags/example_trigger_controller_dag.py for tasks to queue
[2025-07-01T22:50:10.161+0000] {logging_mixin.py:190} INFO - [2025-07-01T22:50:10.161+0000] {dagbag.py:588} INFO - Filling up the DagBag from /home/airflow/.local/lib/python3.12/site-packages/airflow/example_dags/example_trigger_controller_dag.py
[2025-07-01T22:50:10.167+0000] {processor.py:925} INFO - DAG(s) 'example_trigger_controller_dag' retrieved from /home/airflow/.local/lib/python3.12/site-packages/airflow/example_dags/example_trigger_controller_dag.py
[2025-07-01T22:50:10.183+0000] {logging_mixin.py:190} INFO - [2025-07-01T22:50:10.183+0000] {dag.py:3239} INFO - Sync 1 DAGs
[2025-07-01T22:50:10.201+0000] {logging_mixin.py:190} INFO - [2025-07-01T22:50:10.201+0000] {dag.py:4180} INFO - Setting next_dagrun for example_trigger_controller_dag to 2021-01-01 00:00:00+00:00, run_after=2021-01-01 00:00:00+00:00
[2025-07-01T22:50:10.219+0000] {processor.py:208} INFO - Processing /home/airflow/.local/lib/python3.12/site-packages/airflow/example_dags/example_trigger_controller_dag.py took 0.065 seconds
[2025-07-01T22:50:41.419+0000] {processor.py:186} INFO - Started process (PID=2256) to work on /home/airflow/.local/lib/python3.12/site-packages/airflow/example_dags/example_trigger_controller_dag.py
[2025-07-01T22:50:41.420+0000] {processor.py:914} INFO - Processing file /home/airflow/.local/lib/python3.12/site-packages/airflow/example_dags/example_trigger_controller_dag.py for tasks to queue
[2025-07-01T22:50:41.422+0000] {logging_mixin.py:190} INFO - [2025-07-01T22:50:41.422+0000] {dagbag.py:588} INFO - Filling up the DagBag from /home/airflow/.local/lib/python3.12/site-packages/airflow/example_dags/example_trigger_controller_dag.py
[2025-07-01T22:50:41.428+0000] {processor.py:925} INFO - DAG(s) 'example_trigger_controller_dag' retrieved from /home/airflow/.local/lib/python3.12/site-packages/airflow/example_dags/example_trigger_controller_dag.py
[2025-07-01T22:50:41.445+0000] {logging_mixin.py:190} INFO - [2025-07-01T22:50:41.445+0000] {dag.py:3239} INFO - Sync 1 DAGs
[2025-07-01T22:50:41.465+0000] {logging_mixin.py:190} INFO - [2025-07-01T22:50:41.464+0000] {dag.py:4180} INFO - Setting next_dagrun for example_trigger_controller_dag to 2021-01-01 00:00:00+00:00, run_after=2021-01-01 00:00:00+00:00
[2025-07-01T22:50:41.484+0000] {processor.py:208} INFO - Processing /home/airflow/.local/lib/python3.12/site-packages/airflow/example_dags/example_trigger_controller_dag.py took 0.069 seconds
[2025-07-01T22:51:12.689+0000] {processor.py:186} INFO - Started process (PID=2320) to work on /home/airflow/.local/lib/python3.12/site-packages/airflow/example_dags/example_trigger_controller_dag.py
[2025-07-01T22:51:12.691+0000] {processor.py:914} INFO - Processing file /home/airflow/.local/lib/python3.12/site-packages/airflow/example_dags/example_trigger_controller_dag.py for tasks to queue
[2025-07-01T22:51:12.693+0000] {logging_mixin.py:190} INFO - [2025-07-01T22:51:12.693+0000] {dagbag.py:588} INFO - Filling up the DagBag from /home/airflow/.local/lib/python3.12/site-packages/airflow/example_dags/example_trigger_controller_dag.py
[2025-07-01T22:51:12.699+0000] {processor.py:925} INFO - DAG(s) 'example_trigger_controller_dag' retrieved from /home/airflow/.local/lib/python3.12/site-packages/airflow/example_dags/example_trigger_controller_dag.py
[2025-07-01T22:51:12.717+0000] {logging_mixin.py:190} INFO - [2025-07-01T22:51:12.716+0000] {dag.py:3239} INFO - Sync 1 DAGs
[2025-07-01T22:51:12.735+0000] {logging_mixin.py:190} INFO - [2025-07-01T22:51:12.734+0000] {dag.py:4180} INFO - Setting next_dagrun for example_trigger_controller_dag to 2021-01-01 00:00:00+00:00, run_after=2021-01-01 00:00:00+00:00
[2025-07-01T22:51:12.753+0000] {processor.py:208} INFO - Processing /home/airflow/.local/lib/python3.12/site-packages/airflow/example_dags/example_trigger_controller_dag.py took 0.069 seconds
[2025-07-01T22:51:43.086+0000] {processor.py:186} INFO - Started process (PID=2384) to work on /home/airflow/.local/lib/python3.12/site-packages/airflow/example_dags/example_trigger_controller_dag.py
[2025-07-01T22:51:43.087+0000] {processor.py:914} INFO - Processing file /home/airflow/.local/lib/python3.12/site-packages/airflow/example_dags/example_trigger_controller_dag.py for tasks to queue
[2025-07-01T22:51:43.089+0000] {logging_mixin.py:190} INFO - [2025-07-01T22:51:43.089+0000] {dagbag.py:588} INFO - Filling up the DagBag from /home/airflow/.local/lib/python3.12/site-packages/airflow/example_dags/example_trigger_controller_dag.py
[2025-07-01T22:51:43.097+0000] {processor.py:925} INFO - DAG(s) 'example_trigger_controller_dag' retrieved from /home/airflow/.local/lib/python3.12/site-packages/airflow/example_dags/example_trigger_controller_dag.py
[2025-07-01T22:51:43.118+0000] {logging_mixin.py:190} INFO - [2025-07-01T22:51:43.118+0000] {dag.py:3239} INFO - Sync 1 DAGs
[2025-07-01T22:51:43.145+0000] {logging_mixin.py:190} INFO - [2025-07-01T22:51:43.145+0000] {dag.py:4180} INFO - Setting next_dagrun for example_trigger_controller_dag to 2021-01-01 00:00:00+00:00, run_after=2021-01-01 00:00:00+00:00
[2025-07-01T22:51:43.166+0000] {processor.py:208} INFO - Processing /home/airflow/.local/lib/python3.12/site-packages/airflow/example_dags/example_trigger_controller_dag.py took 0.086 seconds
[2025-07-01T22:52:13.476+0000] {processor.py:186} INFO - Started process (PID=2448) to work on /home/airflow/.local/lib/python3.12/site-packages/airflow/example_dags/example_trigger_controller_dag.py
[2025-07-01T22:52:13.477+0000] {processor.py:914} INFO - Processing file /home/airflow/.local/lib/python3.12/site-packages/airflow/example_dags/example_trigger_controller_dag.py for tasks to queue
[2025-07-01T22:52:13.479+0000] {logging_mixin.py:190} INFO - [2025-07-01T22:52:13.479+0000] {dagbag.py:588} INFO - Filling up the DagBag from /home/airflow/.local/lib/python3.12/site-packages/airflow/example_dags/example_trigger_controller_dag.py
[2025-07-01T22:52:13.485+0000] {processor.py:925} INFO - DAG(s) 'example_trigger_controller_dag' retrieved from /home/airflow/.local/lib/python3.12/site-packages/airflow/example_dags/example_trigger_controller_dag.py
[2025-07-01T22:52:13.503+0000] {logging_mixin.py:190} INFO - [2025-07-01T22:52:13.502+0000] {dag.py:3239} INFO - Sync 1 DAGs
[2025-07-01T22:52:13.520+0000] {logging_mixin.py:190} INFO - [2025-07-01T22:52:13.520+0000] {dag.py:4180} INFO - Setting next_dagrun for example_trigger_controller_dag to 2021-01-01 00:00:00+00:00, run_after=2021-01-01 00:00:00+00:00
[2025-07-01T22:52:13.539+0000] {processor.py:208} INFO - Processing /home/airflow/.local/lib/python3.12/site-packages/airflow/example_dags/example_trigger_controller_dag.py took 0.068 seconds
[2025-07-01T22:52:44.154+0000] {processor.py:186} INFO - Started process (PID=2512) to work on /home/airflow/.local/lib/python3.12/site-packages/airflow/example_dags/example_trigger_controller_dag.py
[2025-07-01T22:52:44.154+0000] {processor.py:914} INFO - Processing file /home/airflow/.local/lib/python3.12/site-packages/airflow/example_dags/example_trigger_controller_dag.py for tasks to queue
[2025-07-01T22:52:44.157+0000] {logging_mixin.py:190} INFO - [2025-07-01T22:52:44.156+0000] {dagbag.py:588} INFO - Filling up the DagBag from /home/airflow/.local/lib/python3.12/site-packages/airflow/example_dags/example_trigger_controller_dag.py
[2025-07-01T22:52:44.162+0000] {processor.py:925} INFO - DAG(s) 'example_trigger_controller_dag' retrieved from /home/airflow/.local/lib/python3.12/site-packages/airflow/example_dags/example_trigger_controller_dag.py
[2025-07-01T22:52:44.179+0000] {logging_mixin.py:190} INFO - [2025-07-01T22:52:44.179+0000] {dag.py:3239} INFO - Sync 1 DAGs
[2025-07-01T22:52:44.197+0000] {logging_mixin.py:190} INFO - [2025-07-01T22:52:44.197+0000] {dag.py:4180} INFO - Setting next_dagrun for example_trigger_controller_dag to 2021-01-01 00:00:00+00:00, run_after=2021-01-01 00:00:00+00:00
[2025-07-01T22:52:44.214+0000] {processor.py:208} INFO - Processing /home/airflow/.local/lib/python3.12/site-packages/airflow/example_dags/example_trigger_controller_dag.py took 0.065 seconds
