[2025-07-01T21:16:44.547+0000] {processor.py:186} INFO - Started process (PID=60) to work on /home/airflow/.local/lib/python3.12/site-packages/airflow/example_dags/example_dataset_alias_with_no_taskflow.py
[2025-07-01T21:16:44.548+0000] {processor.py:914} INFO - Processing file /home/airflow/.local/lib/python3.12/site-packages/airflow/example_dags/example_dataset_alias_with_no_taskflow.py for tasks to queue
[2025-07-01T21:16:44.551+0000] {logging_mixin.py:190} INFO - [2025-07-01T21:16:44.551+0000] {dagbag.py:588} INFO - Filling up the DagBag from /home/airflow/.local/lib/python3.12/site-packages/airflow/example_dags/example_dataset_alias_with_no_taskflow.py
[2025-07-01T21:16:44.714+0000] {processor.py:925} INFO - DAG(s) 'dataset_alias_example_alias_consumer_with_no_taskflow', 'dataset_s3_bucket_consumer_with_no_taskflow', 'dataset_alias_example_alias_producer_with_no_taskflow', 'dataset_s3_bucket_producer_with_no_taskflow' retrieved from /home/airflow/.local/lib/python3.12/site-packages/airflow/example_dags/example_dataset_alias_with_no_taskflow.py
[2025-07-01T21:16:44.742+0000] {logging_mixin.py:190} INFO - [2025-07-01T21:16:44.741+0000] {dag.py:3239} INFO - Sync 4 DAGs
[2025-07-01T21:16:44.765+0000] {logging_mixin.py:190} INFO - [2025-07-01T21:16:44.765+0000] {dag.py:4180} INFO - Setting next_dagrun for dataset_alias_example_alias_consumer_with_no_taskflow to None, run_after=None
[2025-07-01T21:16:44.770+0000] {logging_mixin.py:190} INFO - [2025-07-01T21:16:44.769+0000] {dag.py:4180} INFO - Setting next_dagrun for dataset_alias_example_alias_producer_with_no_taskflow to None, run_after=None
[2025-07-01T21:16:44.771+0000] {logging_mixin.py:190} INFO - [2025-07-01T21:16:44.771+0000] {dag.py:4180} INFO - Setting next_dagrun for dataset_s3_bucket_consumer_with_no_taskflow to None, run_after=None
[2025-07-01T21:16:44.773+0000] {logging_mixin.py:190} INFO - [2025-07-01T21:16:44.772+0000] {dag.py:4180} INFO - Setting next_dagrun for dataset_s3_bucket_producer_with_no_taskflow to None, run_after=None
[2025-07-01T21:16:44.798+0000] {processor.py:208} INFO - Processing /home/airflow/.local/lib/python3.12/site-packages/airflow/example_dags/example_dataset_alias_with_no_taskflow.py took 0.260 seconds
[2025-07-01T21:17:15.401+0000] {processor.py:186} INFO - Started process (PID=122) to work on /home/airflow/.local/lib/python3.12/site-packages/airflow/example_dags/example_dataset_alias_with_no_taskflow.py
[2025-07-01T21:17:15.402+0000] {processor.py:914} INFO - Processing file /home/airflow/.local/lib/python3.12/site-packages/airflow/example_dags/example_dataset_alias_with_no_taskflow.py for tasks to queue
[2025-07-01T21:17:15.404+0000] {logging_mixin.py:190} INFO - [2025-07-01T21:17:15.404+0000] {dagbag.py:588} INFO - Filling up the DagBag from /home/airflow/.local/lib/python3.12/site-packages/airflow/example_dags/example_dataset_alias_with_no_taskflow.py
[2025-07-01T21:17:15.534+0000] {processor.py:925} INFO - DAG(s) 'dataset_s3_bucket_consumer_with_no_taskflow', 'dataset_alias_example_alias_producer_with_no_taskflow', 'dataset_alias_example_alias_consumer_with_no_taskflow', 'dataset_s3_bucket_producer_with_no_taskflow' retrieved from /home/airflow/.local/lib/python3.12/site-packages/airflow/example_dags/example_dataset_alias_with_no_taskflow.py
[2025-07-01T21:17:15.553+0000] {logging_mixin.py:190} INFO - [2025-07-01T21:17:15.552+0000] {dag.py:3239} INFO - Sync 4 DAGs
[2025-07-01T21:17:15.573+0000] {logging_mixin.py:190} INFO - [2025-07-01T21:17:15.573+0000] {dag.py:4180} INFO - Setting next_dagrun for dataset_alias_example_alias_consumer_with_no_taskflow to None, run_after=None
[2025-07-01T21:17:15.576+0000] {logging_mixin.py:190} INFO - [2025-07-01T21:17:15.576+0000] {dag.py:4180} INFO - Setting next_dagrun for dataset_alias_example_alias_producer_with_no_taskflow to None, run_after=None
[2025-07-01T21:17:15.578+0000] {logging_mixin.py:190} INFO - [2025-07-01T21:17:15.578+0000] {dag.py:4180} INFO - Setting next_dagrun for dataset_s3_bucket_consumer_with_no_taskflow to None, run_after=None
[2025-07-01T21:17:15.579+0000] {logging_mixin.py:190} INFO - [2025-07-01T21:17:15.579+0000] {dag.py:4180} INFO - Setting next_dagrun for dataset_s3_bucket_producer_with_no_taskflow to None, run_after=None
[2025-07-01T21:17:15.601+0000] {processor.py:208} INFO - Processing /home/airflow/.local/lib/python3.12/site-packages/airflow/example_dags/example_dataset_alias_with_no_taskflow.py took 0.206 seconds
[2025-07-01T21:17:45.898+0000] {processor.py:186} INFO - Started process (PID=184) to work on /home/airflow/.local/lib/python3.12/site-packages/airflow/example_dags/example_dataset_alias_with_no_taskflow.py
[2025-07-01T21:17:45.899+0000] {processor.py:914} INFO - Processing file /home/airflow/.local/lib/python3.12/site-packages/airflow/example_dags/example_dataset_alias_with_no_taskflow.py for tasks to queue
[2025-07-01T21:17:45.901+0000] {logging_mixin.py:190} INFO - [2025-07-01T21:17:45.901+0000] {dagbag.py:588} INFO - Filling up the DagBag from /home/airflow/.local/lib/python3.12/site-packages/airflow/example_dags/example_dataset_alias_with_no_taskflow.py
[2025-07-01T21:17:46.029+0000] {processor.py:925} INFO - DAG(s) 'dataset_alias_example_alias_consumer_with_no_taskflow', 'dataset_s3_bucket_producer_with_no_taskflow', 'dataset_alias_example_alias_producer_with_no_taskflow', 'dataset_s3_bucket_consumer_with_no_taskflow' retrieved from /home/airflow/.local/lib/python3.12/site-packages/airflow/example_dags/example_dataset_alias_with_no_taskflow.py
[2025-07-01T21:17:46.046+0000] {logging_mixin.py:190} INFO - [2025-07-01T21:17:46.046+0000] {dag.py:3239} INFO - Sync 4 DAGs
[2025-07-01T21:17:46.064+0000] {logging_mixin.py:190} INFO - [2025-07-01T21:17:46.064+0000] {dag.py:4180} INFO - Setting next_dagrun for dataset_alias_example_alias_consumer_with_no_taskflow to None, run_after=None
[2025-07-01T21:17:46.067+0000] {logging_mixin.py:190} INFO - [2025-07-01T21:17:46.067+0000] {dag.py:4180} INFO - Setting next_dagrun for dataset_alias_example_alias_producer_with_no_taskflow to None, run_after=None
[2025-07-01T21:17:46.068+0000] {logging_mixin.py:190} INFO - [2025-07-01T21:17:46.068+0000] {dag.py:4180} INFO - Setting next_dagrun for dataset_s3_bucket_consumer_with_no_taskflow to None, run_after=None
[2025-07-01T21:17:46.070+0000] {logging_mixin.py:190} INFO - [2025-07-01T21:17:46.069+0000] {dag.py:4180} INFO - Setting next_dagrun for dataset_s3_bucket_producer_with_no_taskflow to None, run_after=None
[2025-07-01T21:17:46.091+0000] {processor.py:208} INFO - Processing /home/airflow/.local/lib/python3.12/site-packages/airflow/example_dags/example_dataset_alias_with_no_taskflow.py took 0.199 seconds
[2025-07-01T21:18:16.619+0000] {processor.py:186} INFO - Started process (PID=247) to work on /home/airflow/.local/lib/python3.12/site-packages/airflow/example_dags/example_dataset_alias_with_no_taskflow.py
[2025-07-01T21:18:16.620+0000] {processor.py:914} INFO - Processing file /home/airflow/.local/lib/python3.12/site-packages/airflow/example_dags/example_dataset_alias_with_no_taskflow.py for tasks to queue
[2025-07-01T21:18:16.622+0000] {logging_mixin.py:190} INFO - [2025-07-01T21:18:16.621+0000] {dagbag.py:588} INFO - Filling up the DagBag from /home/airflow/.local/lib/python3.12/site-packages/airflow/example_dags/example_dataset_alias_with_no_taskflow.py
[2025-07-01T21:18:16.747+0000] {processor.py:925} INFO - DAG(s) 'dataset_s3_bucket_consumer_with_no_taskflow', 'dataset_alias_example_alias_producer_with_no_taskflow', 'dataset_alias_example_alias_consumer_with_no_taskflow', 'dataset_s3_bucket_producer_with_no_taskflow' retrieved from /home/airflow/.local/lib/python3.12/site-packages/airflow/example_dags/example_dataset_alias_with_no_taskflow.py
[2025-07-01T21:18:16.764+0000] {logging_mixin.py:190} INFO - [2025-07-01T21:18:16.764+0000] {dag.py:3239} INFO - Sync 4 DAGs
[2025-07-01T21:18:16.781+0000] {logging_mixin.py:190} INFO - [2025-07-01T21:18:16.781+0000] {dag.py:4180} INFO - Setting next_dagrun for dataset_alias_example_alias_consumer_with_no_taskflow to None, run_after=None
[2025-07-01T21:18:16.785+0000] {logging_mixin.py:190} INFO - [2025-07-01T21:18:16.784+0000] {dag.py:4180} INFO - Setting next_dagrun for dataset_alias_example_alias_producer_with_no_taskflow to None, run_after=None
[2025-07-01T21:18:16.786+0000] {logging_mixin.py:190} INFO - [2025-07-01T21:18:16.786+0000] {dag.py:4180} INFO - Setting next_dagrun for dataset_s3_bucket_consumer_with_no_taskflow to None, run_after=None
[2025-07-01T21:18:16.787+0000] {logging_mixin.py:190} INFO - [2025-07-01T21:18:16.787+0000] {dag.py:4180} INFO - Setting next_dagrun for dataset_s3_bucket_producer_with_no_taskflow to None, run_after=None
[2025-07-01T21:18:16.806+0000] {processor.py:208} INFO - Processing /home/airflow/.local/lib/python3.12/site-packages/airflow/example_dags/example_dataset_alias_with_no_taskflow.py took 0.193 seconds
[2025-07-01T21:18:47.363+0000] {processor.py:186} INFO - Started process (PID=309) to work on /home/airflow/.local/lib/python3.12/site-packages/airflow/example_dags/example_dataset_alias_with_no_taskflow.py
[2025-07-01T21:18:47.364+0000] {processor.py:914} INFO - Processing file /home/airflow/.local/lib/python3.12/site-packages/airflow/example_dags/example_dataset_alias_with_no_taskflow.py for tasks to queue
[2025-07-01T21:18:47.366+0000] {logging_mixin.py:190} INFO - [2025-07-01T21:18:47.366+0000] {dagbag.py:588} INFO - Filling up the DagBag from /home/airflow/.local/lib/python3.12/site-packages/airflow/example_dags/example_dataset_alias_with_no_taskflow.py
[2025-07-01T21:18:47.493+0000] {processor.py:925} INFO - DAG(s) 'dataset_s3_bucket_producer_with_no_taskflow', 'dataset_alias_example_alias_producer_with_no_taskflow', 'dataset_alias_example_alias_consumer_with_no_taskflow', 'dataset_s3_bucket_consumer_with_no_taskflow' retrieved from /home/airflow/.local/lib/python3.12/site-packages/airflow/example_dags/example_dataset_alias_with_no_taskflow.py
[2025-07-01T21:18:47.511+0000] {logging_mixin.py:190} INFO - [2025-07-01T21:18:47.511+0000] {dag.py:3239} INFO - Sync 4 DAGs
[2025-07-01T21:18:47.529+0000] {logging_mixin.py:190} INFO - [2025-07-01T21:18:47.529+0000] {dag.py:4180} INFO - Setting next_dagrun for dataset_alias_example_alias_consumer_with_no_taskflow to None, run_after=None
[2025-07-01T21:18:47.532+0000] {logging_mixin.py:190} INFO - [2025-07-01T21:18:47.532+0000] {dag.py:4180} INFO - Setting next_dagrun for dataset_alias_example_alias_producer_with_no_taskflow to None, run_after=None
[2025-07-01T21:18:47.533+0000] {logging_mixin.py:190} INFO - [2025-07-01T21:18:47.533+0000] {dag.py:4180} INFO - Setting next_dagrun for dataset_s3_bucket_consumer_with_no_taskflow to None, run_after=None
[2025-07-01T21:18:47.534+0000] {logging_mixin.py:190} INFO - [2025-07-01T21:18:47.534+0000] {dag.py:4180} INFO - Setting next_dagrun for dataset_s3_bucket_producer_with_no_taskflow to None, run_after=None
[2025-07-01T21:18:47.554+0000] {processor.py:208} INFO - Processing /home/airflow/.local/lib/python3.12/site-packages/airflow/example_dags/example_dataset_alias_with_no_taskflow.py took 0.196 seconds
[2025-07-01T21:19:18.068+0000] {processor.py:186} INFO - Started process (PID=371) to work on /home/airflow/.local/lib/python3.12/site-packages/airflow/example_dags/example_dataset_alias_with_no_taskflow.py
[2025-07-01T21:19:18.069+0000] {processor.py:914} INFO - Processing file /home/airflow/.local/lib/python3.12/site-packages/airflow/example_dags/example_dataset_alias_with_no_taskflow.py for tasks to queue
[2025-07-01T21:19:18.071+0000] {logging_mixin.py:190} INFO - [2025-07-01T21:19:18.070+0000] {dagbag.py:588} INFO - Filling up the DagBag from /home/airflow/.local/lib/python3.12/site-packages/airflow/example_dags/example_dataset_alias_with_no_taskflow.py
[2025-07-01T21:19:18.201+0000] {processor.py:925} INFO - DAG(s) 'dataset_alias_example_alias_consumer_with_no_taskflow', 'dataset_s3_bucket_producer_with_no_taskflow', 'dataset_s3_bucket_consumer_with_no_taskflow', 'dataset_alias_example_alias_producer_with_no_taskflow' retrieved from /home/airflow/.local/lib/python3.12/site-packages/airflow/example_dags/example_dataset_alias_with_no_taskflow.py
[2025-07-01T21:19:18.221+0000] {logging_mixin.py:190} INFO - [2025-07-01T21:19:18.220+0000] {dag.py:3239} INFO - Sync 4 DAGs
[2025-07-01T21:19:18.240+0000] {logging_mixin.py:190} INFO - [2025-07-01T21:19:18.240+0000] {dag.py:4180} INFO - Setting next_dagrun for dataset_alias_example_alias_consumer_with_no_taskflow to None, run_after=None
[2025-07-01T21:19:18.243+0000] {logging_mixin.py:190} INFO - [2025-07-01T21:19:18.243+0000] {dag.py:4180} INFO - Setting next_dagrun for dataset_alias_example_alias_producer_with_no_taskflow to None, run_after=None
[2025-07-01T21:19:18.244+0000] {logging_mixin.py:190} INFO - [2025-07-01T21:19:18.244+0000] {dag.py:4180} INFO - Setting next_dagrun for dataset_s3_bucket_consumer_with_no_taskflow to None, run_after=None
[2025-07-01T21:19:18.246+0000] {logging_mixin.py:190} INFO - [2025-07-01T21:19:18.245+0000] {dag.py:4180} INFO - Setting next_dagrun for dataset_s3_bucket_producer_with_no_taskflow to None, run_after=None
[2025-07-01T21:19:18.267+0000] {processor.py:208} INFO - Processing /home/airflow/.local/lib/python3.12/site-packages/airflow/example_dags/example_dataset_alias_with_no_taskflow.py took 0.204 seconds
[2025-07-01T21:19:49.120+0000] {processor.py:186} INFO - Started process (PID=439) to work on /home/airflow/.local/lib/python3.12/site-packages/airflow/example_dags/example_dataset_alias_with_no_taskflow.py
[2025-07-01T21:19:49.121+0000] {processor.py:914} INFO - Processing file /home/airflow/.local/lib/python3.12/site-packages/airflow/example_dags/example_dataset_alias_with_no_taskflow.py for tasks to queue
[2025-07-01T21:19:49.124+0000] {logging_mixin.py:190} INFO - [2025-07-01T21:19:49.123+0000] {dagbag.py:588} INFO - Filling up the DagBag from /home/airflow/.local/lib/python3.12/site-packages/airflow/example_dags/example_dataset_alias_with_no_taskflow.py
[2025-07-01T21:19:49.251+0000] {processor.py:925} INFO - DAG(s) 'dataset_alias_example_alias_consumer_with_no_taskflow', 'dataset_alias_example_alias_producer_with_no_taskflow', 'dataset_s3_bucket_consumer_with_no_taskflow', 'dataset_s3_bucket_producer_with_no_taskflow' retrieved from /home/airflow/.local/lib/python3.12/site-packages/airflow/example_dags/example_dataset_alias_with_no_taskflow.py
[2025-07-01T21:19:49.276+0000] {logging_mixin.py:190} INFO - [2025-07-01T21:19:49.276+0000] {dag.py:3239} INFO - Sync 4 DAGs
[2025-07-01T21:19:49.299+0000] {logging_mixin.py:190} INFO - [2025-07-01T21:19:49.299+0000] {dag.py:4180} INFO - Setting next_dagrun for dataset_alias_example_alias_consumer_with_no_taskflow to None, run_after=None
[2025-07-01T21:19:49.302+0000] {logging_mixin.py:190} INFO - [2025-07-01T21:19:49.302+0000] {dag.py:4180} INFO - Setting next_dagrun for dataset_alias_example_alias_producer_with_no_taskflow to None, run_after=None
[2025-07-01T21:19:49.303+0000] {logging_mixin.py:190} INFO - [2025-07-01T21:19:49.303+0000] {dag.py:4180} INFO - Setting next_dagrun for dataset_s3_bucket_consumer_with_no_taskflow to None, run_after=None
[2025-07-01T21:19:49.305+0000] {logging_mixin.py:190} INFO - [2025-07-01T21:19:49.304+0000] {dag.py:4180} INFO - Setting next_dagrun for dataset_s3_bucket_producer_with_no_taskflow to None, run_after=None
[2025-07-01T21:19:49.328+0000] {processor.py:208} INFO - Processing /home/airflow/.local/lib/python3.12/site-packages/airflow/example_dags/example_dataset_alias_with_no_taskflow.py took 0.214 seconds
[2025-07-01T21:20:19.678+0000] {processor.py:186} INFO - Started process (PID=501) to work on /home/airflow/.local/lib/python3.12/site-packages/airflow/example_dags/example_dataset_alias_with_no_taskflow.py
[2025-07-01T21:20:19.679+0000] {processor.py:914} INFO - Processing file /home/airflow/.local/lib/python3.12/site-packages/airflow/example_dags/example_dataset_alias_with_no_taskflow.py for tasks to queue
[2025-07-01T21:20:19.681+0000] {logging_mixin.py:190} INFO - [2025-07-01T21:20:19.681+0000] {dagbag.py:588} INFO - Filling up the DagBag from /home/airflow/.local/lib/python3.12/site-packages/airflow/example_dags/example_dataset_alias_with_no_taskflow.py
[2025-07-01T21:20:19.848+0000] {processor.py:925} INFO - DAG(s) 'dataset_alias_example_alias_consumer_with_no_taskflow', 'dataset_alias_example_alias_producer_with_no_taskflow', 'dataset_s3_bucket_producer_with_no_taskflow', 'dataset_s3_bucket_consumer_with_no_taskflow' retrieved from /home/airflow/.local/lib/python3.12/site-packages/airflow/example_dags/example_dataset_alias_with_no_taskflow.py
[2025-07-01T21:20:19.871+0000] {logging_mixin.py:190} INFO - [2025-07-01T21:20:19.871+0000] {dag.py:3239} INFO - Sync 4 DAGs
[2025-07-01T21:20:19.894+0000] {logging_mixin.py:190} INFO - [2025-07-01T21:20:19.893+0000] {dag.py:4180} INFO - Setting next_dagrun for dataset_alias_example_alias_consumer_with_no_taskflow to None, run_after=None
[2025-07-01T21:20:19.897+0000] {logging_mixin.py:190} INFO - [2025-07-01T21:20:19.896+0000] {dag.py:4180} INFO - Setting next_dagrun for dataset_alias_example_alias_producer_with_no_taskflow to None, run_after=None
[2025-07-01T21:20:19.898+0000] {logging_mixin.py:190} INFO - [2025-07-01T21:20:19.898+0000] {dag.py:4180} INFO - Setting next_dagrun for dataset_s3_bucket_consumer_with_no_taskflow to None, run_after=None
[2025-07-01T21:20:19.900+0000] {logging_mixin.py:190} INFO - [2025-07-01T21:20:19.900+0000] {dag.py:4180} INFO - Setting next_dagrun for dataset_s3_bucket_producer_with_no_taskflow to None, run_after=None
[2025-07-01T21:20:19.927+0000] {processor.py:208} INFO - Processing /home/airflow/.local/lib/python3.12/site-packages/airflow/example_dags/example_dataset_alias_with_no_taskflow.py took 0.254 seconds
[2025-07-01T21:20:50.718+0000] {processor.py:186} INFO - Started process (PID=563) to work on /home/airflow/.local/lib/python3.12/site-packages/airflow/example_dags/example_dataset_alias_with_no_taskflow.py
[2025-07-01T21:20:50.719+0000] {processor.py:914} INFO - Processing file /home/airflow/.local/lib/python3.12/site-packages/airflow/example_dags/example_dataset_alias_with_no_taskflow.py for tasks to queue
[2025-07-01T21:20:50.721+0000] {logging_mixin.py:190} INFO - [2025-07-01T21:20:50.721+0000] {dagbag.py:588} INFO - Filling up the DagBag from /home/airflow/.local/lib/python3.12/site-packages/airflow/example_dags/example_dataset_alias_with_no_taskflow.py
[2025-07-01T21:20:50.845+0000] {processor.py:925} INFO - DAG(s) 'dataset_alias_example_alias_consumer_with_no_taskflow', 'dataset_alias_example_alias_producer_with_no_taskflow', 'dataset_s3_bucket_producer_with_no_taskflow', 'dataset_s3_bucket_consumer_with_no_taskflow' retrieved from /home/airflow/.local/lib/python3.12/site-packages/airflow/example_dags/example_dataset_alias_with_no_taskflow.py
[2025-07-01T21:20:50.862+0000] {logging_mixin.py:190} INFO - [2025-07-01T21:20:50.862+0000] {dag.py:3239} INFO - Sync 4 DAGs
[2025-07-01T21:20:50.883+0000] {logging_mixin.py:190} INFO - [2025-07-01T21:20:50.882+0000] {dag.py:4180} INFO - Setting next_dagrun for dataset_alias_example_alias_consumer_with_no_taskflow to None, run_after=None
[2025-07-01T21:20:50.886+0000] {logging_mixin.py:190} INFO - [2025-07-01T21:20:50.885+0000] {dag.py:4180} INFO - Setting next_dagrun for dataset_alias_example_alias_producer_with_no_taskflow to None, run_after=None
[2025-07-01T21:20:50.887+0000] {logging_mixin.py:190} INFO - [2025-07-01T21:20:50.887+0000] {dag.py:4180} INFO - Setting next_dagrun for dataset_s3_bucket_consumer_with_no_taskflow to None, run_after=None
[2025-07-01T21:20:50.889+0000] {logging_mixin.py:190} INFO - [2025-07-01T21:20:50.889+0000] {dag.py:4180} INFO - Setting next_dagrun for dataset_s3_bucket_producer_with_no_taskflow to None, run_after=None
[2025-07-01T21:20:50.914+0000] {processor.py:208} INFO - Processing /home/airflow/.local/lib/python3.12/site-packages/airflow/example_dags/example_dataset_alias_with_no_taskflow.py took 0.201 seconds
[2025-07-01T21:21:21.611+0000] {processor.py:186} INFO - Started process (PID=625) to work on /home/airflow/.local/lib/python3.12/site-packages/airflow/example_dags/example_dataset_alias_with_no_taskflow.py
[2025-07-01T21:21:21.612+0000] {processor.py:914} INFO - Processing file /home/airflow/.local/lib/python3.12/site-packages/airflow/example_dags/example_dataset_alias_with_no_taskflow.py for tasks to queue
[2025-07-01T21:21:21.615+0000] {logging_mixin.py:190} INFO - [2025-07-01T21:21:21.615+0000] {dagbag.py:588} INFO - Filling up the DagBag from /home/airflow/.local/lib/python3.12/site-packages/airflow/example_dags/example_dataset_alias_with_no_taskflow.py
[2025-07-01T21:21:21.748+0000] {processor.py:925} INFO - DAG(s) 'dataset_alias_example_alias_producer_with_no_taskflow', 'dataset_s3_bucket_producer_with_no_taskflow', 'dataset_s3_bucket_consumer_with_no_taskflow', 'dataset_alias_example_alias_consumer_with_no_taskflow' retrieved from /home/airflow/.local/lib/python3.12/site-packages/airflow/example_dags/example_dataset_alias_with_no_taskflow.py
[2025-07-01T21:21:21.766+0000] {logging_mixin.py:190} INFO - [2025-07-01T21:21:21.766+0000] {dag.py:3239} INFO - Sync 4 DAGs
[2025-07-01T21:21:21.785+0000] {logging_mixin.py:190} INFO - [2025-07-01T21:21:21.785+0000] {dag.py:4180} INFO - Setting next_dagrun for dataset_alias_example_alias_consumer_with_no_taskflow to None, run_after=None
[2025-07-01T21:21:21.788+0000] {logging_mixin.py:190} INFO - [2025-07-01T21:21:21.787+0000] {dag.py:4180} INFO - Setting next_dagrun for dataset_alias_example_alias_producer_with_no_taskflow to None, run_after=None
[2025-07-01T21:21:21.789+0000] {logging_mixin.py:190} INFO - [2025-07-01T21:21:21.789+0000] {dag.py:4180} INFO - Setting next_dagrun for dataset_s3_bucket_consumer_with_no_taskflow to None, run_after=None
[2025-07-01T21:21:21.790+0000] {logging_mixin.py:190} INFO - [2025-07-01T21:21:21.790+0000] {dag.py:4180} INFO - Setting next_dagrun for dataset_s3_bucket_producer_with_no_taskflow to None, run_after=None
[2025-07-01T21:21:21.811+0000] {processor.py:208} INFO - Processing /home/airflow/.local/lib/python3.12/site-packages/airflow/example_dags/example_dataset_alias_with_no_taskflow.py took 0.205 seconds
[2025-07-01T21:21:52.197+0000] {processor.py:186} INFO - Started process (PID=688) to work on /home/airflow/.local/lib/python3.12/site-packages/airflow/example_dags/example_dataset_alias_with_no_taskflow.py
[2025-07-01T21:21:52.198+0000] {processor.py:914} INFO - Processing file /home/airflow/.local/lib/python3.12/site-packages/airflow/example_dags/example_dataset_alias_with_no_taskflow.py for tasks to queue
[2025-07-01T21:21:52.200+0000] {logging_mixin.py:190} INFO - [2025-07-01T21:21:52.199+0000] {dagbag.py:588} INFO - Filling up the DagBag from /home/airflow/.local/lib/python3.12/site-packages/airflow/example_dags/example_dataset_alias_with_no_taskflow.py
[2025-07-01T21:21:52.324+0000] {processor.py:925} INFO - DAG(s) 'dataset_alias_example_alias_producer_with_no_taskflow', 'dataset_s3_bucket_producer_with_no_taskflow', 'dataset_alias_example_alias_consumer_with_no_taskflow', 'dataset_s3_bucket_consumer_with_no_taskflow' retrieved from /home/airflow/.local/lib/python3.12/site-packages/airflow/example_dags/example_dataset_alias_with_no_taskflow.py
[2025-07-01T21:21:52.344+0000] {logging_mixin.py:190} INFO - [2025-07-01T21:21:52.344+0000] {dag.py:3239} INFO - Sync 4 DAGs
[2025-07-01T21:21:52.363+0000] {logging_mixin.py:190} INFO - [2025-07-01T21:21:52.363+0000] {dag.py:4180} INFO - Setting next_dagrun for dataset_alias_example_alias_consumer_with_no_taskflow to None, run_after=None
[2025-07-01T21:21:52.366+0000] {logging_mixin.py:190} INFO - [2025-07-01T21:21:52.366+0000] {dag.py:4180} INFO - Setting next_dagrun for dataset_alias_example_alias_producer_with_no_taskflow to None, run_after=None
[2025-07-01T21:21:52.367+0000] {logging_mixin.py:190} INFO - [2025-07-01T21:21:52.367+0000] {dag.py:4180} INFO - Setting next_dagrun for dataset_s3_bucket_consumer_with_no_taskflow to None, run_after=None
[2025-07-01T21:21:52.368+0000] {logging_mixin.py:190} INFO - [2025-07-01T21:21:52.368+0000] {dag.py:4180} INFO - Setting next_dagrun for dataset_s3_bucket_producer_with_no_taskflow to None, run_after=None
[2025-07-01T21:21:52.388+0000] {processor.py:208} INFO - Processing /home/airflow/.local/lib/python3.12/site-packages/airflow/example_dags/example_dataset_alias_with_no_taskflow.py took 0.196 seconds
[2025-07-01T21:22:22.627+0000] {processor.py:186} INFO - Started process (PID=749) to work on /home/airflow/.local/lib/python3.12/site-packages/airflow/example_dags/example_dataset_alias_with_no_taskflow.py
[2025-07-01T21:22:22.628+0000] {processor.py:914} INFO - Processing file /home/airflow/.local/lib/python3.12/site-packages/airflow/example_dags/example_dataset_alias_with_no_taskflow.py for tasks to queue
[2025-07-01T21:22:22.630+0000] {logging_mixin.py:190} INFO - [2025-07-01T21:22:22.630+0000] {dagbag.py:588} INFO - Filling up the DagBag from /home/airflow/.local/lib/python3.12/site-packages/airflow/example_dags/example_dataset_alias_with_no_taskflow.py
[2025-07-01T21:22:22.750+0000] {processor.py:925} INFO - DAG(s) 'dataset_alias_example_alias_consumer_with_no_taskflow', 'dataset_s3_bucket_consumer_with_no_taskflow', 'dataset_alias_example_alias_producer_with_no_taskflow', 'dataset_s3_bucket_producer_with_no_taskflow' retrieved from /home/airflow/.local/lib/python3.12/site-packages/airflow/example_dags/example_dataset_alias_with_no_taskflow.py
[2025-07-01T21:22:22.767+0000] {logging_mixin.py:190} INFO - [2025-07-01T21:22:22.767+0000] {dag.py:3239} INFO - Sync 4 DAGs
[2025-07-01T21:22:22.785+0000] {logging_mixin.py:190} INFO - [2025-07-01T21:22:22.785+0000] {dag.py:4180} INFO - Setting next_dagrun for dataset_alias_example_alias_consumer_with_no_taskflow to None, run_after=None
[2025-07-01T21:22:22.788+0000] {logging_mixin.py:190} INFO - [2025-07-01T21:22:22.788+0000] {dag.py:4180} INFO - Setting next_dagrun for dataset_alias_example_alias_producer_with_no_taskflow to None, run_after=None
[2025-07-01T21:22:22.789+0000] {logging_mixin.py:190} INFO - [2025-07-01T21:22:22.789+0000] {dag.py:4180} INFO - Setting next_dagrun for dataset_s3_bucket_consumer_with_no_taskflow to None, run_after=None
[2025-07-01T21:22:22.790+0000] {logging_mixin.py:190} INFO - [2025-07-01T21:22:22.790+0000] {dag.py:4180} INFO - Setting next_dagrun for dataset_s3_bucket_producer_with_no_taskflow to None, run_after=None
[2025-07-01T21:22:22.814+0000] {processor.py:208} INFO - Processing /home/airflow/.local/lib/python3.12/site-packages/airflow/example_dags/example_dataset_alias_with_no_taskflow.py took 0.192 seconds
[2025-07-01T21:22:53.110+0000] {processor.py:186} INFO - Started process (PID=811) to work on /home/airflow/.local/lib/python3.12/site-packages/airflow/example_dags/example_dataset_alias_with_no_taskflow.py
[2025-07-01T21:22:53.111+0000] {processor.py:914} INFO - Processing file /home/airflow/.local/lib/python3.12/site-packages/airflow/example_dags/example_dataset_alias_with_no_taskflow.py for tasks to queue
[2025-07-01T21:22:53.114+0000] {logging_mixin.py:190} INFO - [2025-07-01T21:22:53.113+0000] {dagbag.py:588} INFO - Filling up the DagBag from /home/airflow/.local/lib/python3.12/site-packages/airflow/example_dags/example_dataset_alias_with_no_taskflow.py
[2025-07-01T21:22:53.237+0000] {processor.py:925} INFO - DAG(s) 'dataset_alias_example_alias_consumer_with_no_taskflow', 'dataset_s3_bucket_producer_with_no_taskflow', 'dataset_alias_example_alias_producer_with_no_taskflow', 'dataset_s3_bucket_consumer_with_no_taskflow' retrieved from /home/airflow/.local/lib/python3.12/site-packages/airflow/example_dags/example_dataset_alias_with_no_taskflow.py
[2025-07-01T21:22:53.252+0000] {logging_mixin.py:190} INFO - [2025-07-01T21:22:53.252+0000] {dag.py:3239} INFO - Sync 4 DAGs
[2025-07-01T21:22:53.271+0000] {logging_mixin.py:190} INFO - [2025-07-01T21:22:53.271+0000] {dag.py:4180} INFO - Setting next_dagrun for dataset_alias_example_alias_consumer_with_no_taskflow to None, run_after=None
[2025-07-01T21:22:53.274+0000] {logging_mixin.py:190} INFO - [2025-07-01T21:22:53.274+0000] {dag.py:4180} INFO - Setting next_dagrun for dataset_alias_example_alias_producer_with_no_taskflow to None, run_after=None
[2025-07-01T21:22:53.275+0000] {logging_mixin.py:190} INFO - [2025-07-01T21:22:53.275+0000] {dag.py:4180} INFO - Setting next_dagrun for dataset_s3_bucket_consumer_with_no_taskflow to None, run_after=None
[2025-07-01T21:22:53.277+0000] {logging_mixin.py:190} INFO - [2025-07-01T21:22:53.277+0000] {dag.py:4180} INFO - Setting next_dagrun for dataset_s3_bucket_producer_with_no_taskflow to None, run_after=None
[2025-07-01T21:22:53.299+0000] {processor.py:208} INFO - Processing /home/airflow/.local/lib/python3.12/site-packages/airflow/example_dags/example_dataset_alias_with_no_taskflow.py took 0.195 seconds
[2025-07-01T21:23:23.368+0000] {processor.py:186} INFO - Started process (PID=873) to work on /home/airflow/.local/lib/python3.12/site-packages/airflow/example_dags/example_dataset_alias_with_no_taskflow.py
[2025-07-01T21:23:23.369+0000] {processor.py:914} INFO - Processing file /home/airflow/.local/lib/python3.12/site-packages/airflow/example_dags/example_dataset_alias_with_no_taskflow.py for tasks to queue
[2025-07-01T21:23:23.371+0000] {logging_mixin.py:190} INFO - [2025-07-01T21:23:23.370+0000] {dagbag.py:588} INFO - Filling up the DagBag from /home/airflow/.local/lib/python3.12/site-packages/airflow/example_dags/example_dataset_alias_with_no_taskflow.py
[2025-07-01T21:23:23.499+0000] {processor.py:925} INFO - DAG(s) 'dataset_s3_bucket_producer_with_no_taskflow', 'dataset_s3_bucket_consumer_with_no_taskflow', 'dataset_alias_example_alias_consumer_with_no_taskflow', 'dataset_alias_example_alias_producer_with_no_taskflow' retrieved from /home/airflow/.local/lib/python3.12/site-packages/airflow/example_dags/example_dataset_alias_with_no_taskflow.py
[2025-07-01T21:23:23.519+0000] {logging_mixin.py:190} INFO - [2025-07-01T21:23:23.519+0000] {dag.py:3239} INFO - Sync 4 DAGs
[2025-07-01T21:23:23.538+0000] {logging_mixin.py:190} INFO - [2025-07-01T21:23:23.537+0000] {dag.py:4180} INFO - Setting next_dagrun for dataset_alias_example_alias_consumer_with_no_taskflow to None, run_after=None
[2025-07-01T21:23:23.541+0000] {logging_mixin.py:190} INFO - [2025-07-01T21:23:23.540+0000] {dag.py:4180} INFO - Setting next_dagrun for dataset_alias_example_alias_producer_with_no_taskflow to None, run_after=None
[2025-07-01T21:23:23.542+0000] {logging_mixin.py:190} INFO - [2025-07-01T21:23:23.542+0000] {dag.py:4180} INFO - Setting next_dagrun for dataset_s3_bucket_consumer_with_no_taskflow to None, run_after=None
[2025-07-01T21:23:23.544+0000] {logging_mixin.py:190} INFO - [2025-07-01T21:23:23.544+0000] {dag.py:4180} INFO - Setting next_dagrun for dataset_s3_bucket_producer_with_no_taskflow to None, run_after=None
[2025-07-01T21:23:23.566+0000] {processor.py:208} INFO - Processing /home/airflow/.local/lib/python3.12/site-packages/airflow/example_dags/example_dataset_alias_with_no_taskflow.py took 0.203 seconds
[2025-07-01T21:23:53.931+0000] {processor.py:186} INFO - Started process (PID=936) to work on /home/airflow/.local/lib/python3.12/site-packages/airflow/example_dags/example_dataset_alias_with_no_taskflow.py
[2025-07-01T21:23:53.932+0000] {processor.py:914} INFO - Processing file /home/airflow/.local/lib/python3.12/site-packages/airflow/example_dags/example_dataset_alias_with_no_taskflow.py for tasks to queue
[2025-07-01T21:23:53.934+0000] {logging_mixin.py:190} INFO - [2025-07-01T21:23:53.934+0000] {dagbag.py:588} INFO - Filling up the DagBag from /home/airflow/.local/lib/python3.12/site-packages/airflow/example_dags/example_dataset_alias_with_no_taskflow.py
[2025-07-01T21:23:54.055+0000] {processor.py:925} INFO - DAG(s) 'dataset_alias_example_alias_producer_with_no_taskflow', 'dataset_alias_example_alias_consumer_with_no_taskflow', 'dataset_s3_bucket_producer_with_no_taskflow', 'dataset_s3_bucket_consumer_with_no_taskflow' retrieved from /home/airflow/.local/lib/python3.12/site-packages/airflow/example_dags/example_dataset_alias_with_no_taskflow.py
[2025-07-01T21:23:54.071+0000] {logging_mixin.py:190} INFO - [2025-07-01T21:23:54.071+0000] {dag.py:3239} INFO - Sync 4 DAGs
[2025-07-01T21:23:54.088+0000] {logging_mixin.py:190} INFO - [2025-07-01T21:23:54.088+0000] {dag.py:4180} INFO - Setting next_dagrun for dataset_alias_example_alias_consumer_with_no_taskflow to None, run_after=None
[2025-07-01T21:23:54.090+0000] {logging_mixin.py:190} INFO - [2025-07-01T21:23:54.090+0000] {dag.py:4180} INFO - Setting next_dagrun for dataset_alias_example_alias_producer_with_no_taskflow to None, run_after=None
[2025-07-01T21:23:54.092+0000] {logging_mixin.py:190} INFO - [2025-07-01T21:23:54.092+0000] {dag.py:4180} INFO - Setting next_dagrun for dataset_s3_bucket_consumer_with_no_taskflow to None, run_after=None
[2025-07-01T21:23:54.093+0000] {logging_mixin.py:190} INFO - [2025-07-01T21:23:54.093+0000] {dag.py:4180} INFO - Setting next_dagrun for dataset_s3_bucket_producer_with_no_taskflow to None, run_after=None
[2025-07-01T21:23:54.113+0000] {processor.py:208} INFO - Processing /home/airflow/.local/lib/python3.12/site-packages/airflow/example_dags/example_dataset_alias_with_no_taskflow.py took 0.186 seconds
[2025-07-01T21:24:24.216+0000] {processor.py:186} INFO - Started process (PID=998) to work on /home/airflow/.local/lib/python3.12/site-packages/airflow/example_dags/example_dataset_alias_with_no_taskflow.py
[2025-07-01T21:24:24.217+0000] {processor.py:914} INFO - Processing file /home/airflow/.local/lib/python3.12/site-packages/airflow/example_dags/example_dataset_alias_with_no_taskflow.py for tasks to queue
[2025-07-01T21:24:24.219+0000] {logging_mixin.py:190} INFO - [2025-07-01T21:24:24.219+0000] {dagbag.py:588} INFO - Filling up the DagBag from /home/airflow/.local/lib/python3.12/site-packages/airflow/example_dags/example_dataset_alias_with_no_taskflow.py
[2025-07-01T21:24:24.344+0000] {processor.py:925} INFO - DAG(s) 'dataset_s3_bucket_producer_with_no_taskflow', 'dataset_alias_example_alias_consumer_with_no_taskflow', 'dataset_alias_example_alias_producer_with_no_taskflow', 'dataset_s3_bucket_consumer_with_no_taskflow' retrieved from /home/airflow/.local/lib/python3.12/site-packages/airflow/example_dags/example_dataset_alias_with_no_taskflow.py
[2025-07-01T21:24:24.362+0000] {logging_mixin.py:190} INFO - [2025-07-01T21:24:24.361+0000] {dag.py:3239} INFO - Sync 4 DAGs
[2025-07-01T21:24:24.379+0000] {logging_mixin.py:190} INFO - [2025-07-01T21:24:24.379+0000] {dag.py:4180} INFO - Setting next_dagrun for dataset_alias_example_alias_consumer_with_no_taskflow to None, run_after=None
[2025-07-01T21:24:24.381+0000] {logging_mixin.py:190} INFO - [2025-07-01T21:24:24.381+0000] {dag.py:4180} INFO - Setting next_dagrun for dataset_alias_example_alias_producer_with_no_taskflow to None, run_after=None
[2025-07-01T21:24:24.383+0000] {logging_mixin.py:190} INFO - [2025-07-01T21:24:24.382+0000] {dag.py:4180} INFO - Setting next_dagrun for dataset_s3_bucket_consumer_with_no_taskflow to None, run_after=None
[2025-07-01T21:24:24.384+0000] {logging_mixin.py:190} INFO - [2025-07-01T21:24:24.384+0000] {dag.py:4180} INFO - Setting next_dagrun for dataset_s3_bucket_producer_with_no_taskflow to None, run_after=None
[2025-07-01T21:24:24.403+0000] {processor.py:208} INFO - Processing /home/airflow/.local/lib/python3.12/site-packages/airflow/example_dags/example_dataset_alias_with_no_taskflow.py took 0.192 seconds
[2025-07-01T21:24:54.632+0000] {processor.py:186} INFO - Started process (PID=1061) to work on /home/airflow/.local/lib/python3.12/site-packages/airflow/example_dags/example_dataset_alias_with_no_taskflow.py
[2025-07-01T21:24:54.633+0000] {processor.py:914} INFO - Processing file /home/airflow/.local/lib/python3.12/site-packages/airflow/example_dags/example_dataset_alias_with_no_taskflow.py for tasks to queue
[2025-07-01T21:24:54.635+0000] {logging_mixin.py:190} INFO - [2025-07-01T21:24:54.635+0000] {dagbag.py:588} INFO - Filling up the DagBag from /home/airflow/.local/lib/python3.12/site-packages/airflow/example_dags/example_dataset_alias_with_no_taskflow.py
[2025-07-01T21:24:54.765+0000] {processor.py:925} INFO - DAG(s) 'dataset_alias_example_alias_consumer_with_no_taskflow', 'dataset_s3_bucket_producer_with_no_taskflow', 'dataset_alias_example_alias_producer_with_no_taskflow', 'dataset_s3_bucket_consumer_with_no_taskflow' retrieved from /home/airflow/.local/lib/python3.12/site-packages/airflow/example_dags/example_dataset_alias_with_no_taskflow.py
[2025-07-01T21:24:54.783+0000] {logging_mixin.py:190} INFO - [2025-07-01T21:24:54.783+0000] {dag.py:3239} INFO - Sync 4 DAGs
[2025-07-01T21:24:54.804+0000] {logging_mixin.py:190} INFO - [2025-07-01T21:24:54.804+0000] {dag.py:4180} INFO - Setting next_dagrun for dataset_alias_example_alias_consumer_with_no_taskflow to None, run_after=None
[2025-07-01T21:24:54.808+0000] {logging_mixin.py:190} INFO - [2025-07-01T21:24:54.807+0000] {dag.py:4180} INFO - Setting next_dagrun for dataset_alias_example_alias_producer_with_no_taskflow to None, run_after=None
[2025-07-01T21:24:54.809+0000] {logging_mixin.py:190} INFO - [2025-07-01T21:24:54.809+0000] {dag.py:4180} INFO - Setting next_dagrun for dataset_s3_bucket_consumer_with_no_taskflow to None, run_after=None
[2025-07-01T21:24:54.810+0000] {logging_mixin.py:190} INFO - [2025-07-01T21:24:54.810+0000] {dag.py:4180} INFO - Setting next_dagrun for dataset_s3_bucket_producer_with_no_taskflow to None, run_after=None
[2025-07-01T21:24:54.831+0000] {processor.py:208} INFO - Processing /home/airflow/.local/lib/python3.12/site-packages/airflow/example_dags/example_dataset_alias_with_no_taskflow.py took 0.204 seconds
[2025-07-01T21:25:24.947+0000] {processor.py:186} INFO - Started process (PID=1121) to work on /home/airflow/.local/lib/python3.12/site-packages/airflow/example_dags/example_dataset_alias_with_no_taskflow.py
[2025-07-01T21:25:24.949+0000] {processor.py:914} INFO - Processing file /home/airflow/.local/lib/python3.12/site-packages/airflow/example_dags/example_dataset_alias_with_no_taskflow.py for tasks to queue
[2025-07-01T21:25:24.951+0000] {logging_mixin.py:190} INFO - [2025-07-01T21:25:24.951+0000] {dagbag.py:588} INFO - Filling up the DagBag from /home/airflow/.local/lib/python3.12/site-packages/airflow/example_dags/example_dataset_alias_with_no_taskflow.py
[2025-07-01T21:25:25.077+0000] {processor.py:925} INFO - DAG(s) 'dataset_alias_example_alias_producer_with_no_taskflow', 'dataset_s3_bucket_producer_with_no_taskflow', 'dataset_alias_example_alias_consumer_with_no_taskflow', 'dataset_s3_bucket_consumer_with_no_taskflow' retrieved from /home/airflow/.local/lib/python3.12/site-packages/airflow/example_dags/example_dataset_alias_with_no_taskflow.py
[2025-07-01T21:25:25.094+0000] {logging_mixin.py:190} INFO - [2025-07-01T21:25:25.094+0000] {dag.py:3239} INFO - Sync 4 DAGs
[2025-07-01T21:25:25.112+0000] {logging_mixin.py:190} INFO - [2025-07-01T21:25:25.112+0000] {dag.py:4180} INFO - Setting next_dagrun for dataset_alias_example_alias_consumer_with_no_taskflow to None, run_after=None
[2025-07-01T21:25:25.114+0000] {logging_mixin.py:190} INFO - [2025-07-01T21:25:25.114+0000] {dag.py:4180} INFO - Setting next_dagrun for dataset_alias_example_alias_producer_with_no_taskflow to None, run_after=None
[2025-07-01T21:25:25.115+0000] {logging_mixin.py:190} INFO - [2025-07-01T21:25:25.115+0000] {dag.py:4180} INFO - Setting next_dagrun for dataset_s3_bucket_consumer_with_no_taskflow to None, run_after=None
[2025-07-01T21:25:25.117+0000] {logging_mixin.py:190} INFO - [2025-07-01T21:25:25.116+0000] {dag.py:4180} INFO - Setting next_dagrun for dataset_s3_bucket_producer_with_no_taskflow to None, run_after=None
[2025-07-01T21:25:25.137+0000] {processor.py:208} INFO - Processing /home/airflow/.local/lib/python3.12/site-packages/airflow/example_dags/example_dataset_alias_with_no_taskflow.py took 0.195 seconds
[2025-07-01T21:25:55.566+0000] {processor.py:186} INFO - Started process (PID=1184) to work on /home/airflow/.local/lib/python3.12/site-packages/airflow/example_dags/example_dataset_alias_with_no_taskflow.py
[2025-07-01T21:25:55.567+0000] {processor.py:914} INFO - Processing file /home/airflow/.local/lib/python3.12/site-packages/airflow/example_dags/example_dataset_alias_with_no_taskflow.py for tasks to queue
[2025-07-01T21:25:55.570+0000] {logging_mixin.py:190} INFO - [2025-07-01T21:25:55.569+0000] {dagbag.py:588} INFO - Filling up the DagBag from /home/airflow/.local/lib/python3.12/site-packages/airflow/example_dags/example_dataset_alias_with_no_taskflow.py
[2025-07-01T21:25:55.721+0000] {processor.py:925} INFO - DAG(s) 'dataset_s3_bucket_consumer_with_no_taskflow', 'dataset_s3_bucket_producer_with_no_taskflow', 'dataset_alias_example_alias_consumer_with_no_taskflow', 'dataset_alias_example_alias_producer_with_no_taskflow' retrieved from /home/airflow/.local/lib/python3.12/site-packages/airflow/example_dags/example_dataset_alias_with_no_taskflow.py
[2025-07-01T21:25:55.742+0000] {logging_mixin.py:190} INFO - [2025-07-01T21:25:55.742+0000] {dag.py:3239} INFO - Sync 4 DAGs
[2025-07-01T21:25:55.763+0000] {logging_mixin.py:190} INFO - [2025-07-01T21:25:55.763+0000] {dag.py:4180} INFO - Setting next_dagrun for dataset_alias_example_alias_consumer_with_no_taskflow to None, run_after=None
[2025-07-01T21:25:55.765+0000] {logging_mixin.py:190} INFO - [2025-07-01T21:25:55.765+0000] {dag.py:4180} INFO - Setting next_dagrun for dataset_alias_example_alias_producer_with_no_taskflow to None, run_after=None
[2025-07-01T21:25:55.767+0000] {logging_mixin.py:190} INFO - [2025-07-01T21:25:55.767+0000] {dag.py:4180} INFO - Setting next_dagrun for dataset_s3_bucket_consumer_with_no_taskflow to None, run_after=None
[2025-07-01T21:25:55.768+0000] {logging_mixin.py:190} INFO - [2025-07-01T21:25:55.768+0000] {dag.py:4180} INFO - Setting next_dagrun for dataset_s3_bucket_producer_with_no_taskflow to None, run_after=None
[2025-07-01T21:25:55.791+0000] {processor.py:208} INFO - Processing /home/airflow/.local/lib/python3.12/site-packages/airflow/example_dags/example_dataset_alias_with_no_taskflow.py took 0.234 seconds
[2025-07-01T21:26:26.265+0000] {processor.py:186} INFO - Started process (PID=1246) to work on /home/airflow/.local/lib/python3.12/site-packages/airflow/example_dags/example_dataset_alias_with_no_taskflow.py
[2025-07-01T21:26:26.266+0000] {processor.py:914} INFO - Processing file /home/airflow/.local/lib/python3.12/site-packages/airflow/example_dags/example_dataset_alias_with_no_taskflow.py for tasks to queue
[2025-07-01T21:26:26.268+0000] {logging_mixin.py:190} INFO - [2025-07-01T21:26:26.268+0000] {dagbag.py:588} INFO - Filling up the DagBag from /home/airflow/.local/lib/python3.12/site-packages/airflow/example_dags/example_dataset_alias_with_no_taskflow.py
[2025-07-01T21:26:26.395+0000] {processor.py:925} INFO - DAG(s) 'dataset_s3_bucket_consumer_with_no_taskflow', 'dataset_alias_example_alias_producer_with_no_taskflow', 'dataset_alias_example_alias_consumer_with_no_taskflow', 'dataset_s3_bucket_producer_with_no_taskflow' retrieved from /home/airflow/.local/lib/python3.12/site-packages/airflow/example_dags/example_dataset_alias_with_no_taskflow.py
[2025-07-01T21:26:26.417+0000] {logging_mixin.py:190} INFO - [2025-07-01T21:26:26.417+0000] {dag.py:3239} INFO - Sync 4 DAGs
[2025-07-01T21:26:26.440+0000] {logging_mixin.py:190} INFO - [2025-07-01T21:26:26.440+0000] {dag.py:4180} INFO - Setting next_dagrun for dataset_alias_example_alias_consumer_with_no_taskflow to None, run_after=None
[2025-07-01T21:26:26.444+0000] {logging_mixin.py:190} INFO - [2025-07-01T21:26:26.443+0000] {dag.py:4180} INFO - Setting next_dagrun for dataset_alias_example_alias_producer_with_no_taskflow to None, run_after=None
[2025-07-01T21:26:26.445+0000] {logging_mixin.py:190} INFO - [2025-07-01T21:26:26.445+0000] {dag.py:4180} INFO - Setting next_dagrun for dataset_s3_bucket_consumer_with_no_taskflow to None, run_after=None
[2025-07-01T21:26:26.447+0000] {logging_mixin.py:190} INFO - [2025-07-01T21:26:26.447+0000] {dag.py:4180} INFO - Setting next_dagrun for dataset_s3_bucket_producer_with_no_taskflow to None, run_after=None
[2025-07-01T21:26:26.471+0000] {processor.py:208} INFO - Processing /home/airflow/.local/lib/python3.12/site-packages/airflow/example_dags/example_dataset_alias_with_no_taskflow.py took 0.212 seconds
[2025-07-01T21:26:56.779+0000] {processor.py:186} INFO - Started process (PID=1308) to work on /home/airflow/.local/lib/python3.12/site-packages/airflow/example_dags/example_dataset_alias_with_no_taskflow.py
[2025-07-01T21:26:56.780+0000] {processor.py:914} INFO - Processing file /home/airflow/.local/lib/python3.12/site-packages/airflow/example_dags/example_dataset_alias_with_no_taskflow.py for tasks to queue
[2025-07-01T21:26:56.782+0000] {logging_mixin.py:190} INFO - [2025-07-01T21:26:56.782+0000] {dagbag.py:588} INFO - Filling up the DagBag from /home/airflow/.local/lib/python3.12/site-packages/airflow/example_dags/example_dataset_alias_with_no_taskflow.py
[2025-07-01T21:26:56.907+0000] {processor.py:925} INFO - DAG(s) 'dataset_s3_bucket_producer_with_no_taskflow', 'dataset_s3_bucket_consumer_with_no_taskflow', 'dataset_alias_example_alias_producer_with_no_taskflow', 'dataset_alias_example_alias_consumer_with_no_taskflow' retrieved from /home/airflow/.local/lib/python3.12/site-packages/airflow/example_dags/example_dataset_alias_with_no_taskflow.py
[2025-07-01T21:26:56.928+0000] {logging_mixin.py:190} INFO - [2025-07-01T21:26:56.927+0000] {dag.py:3239} INFO - Sync 4 DAGs
[2025-07-01T21:26:56.949+0000] {logging_mixin.py:190} INFO - [2025-07-01T21:26:56.948+0000] {dag.py:4180} INFO - Setting next_dagrun for dataset_alias_example_alias_consumer_with_no_taskflow to None, run_after=None
[2025-07-01T21:26:56.951+0000] {logging_mixin.py:190} INFO - [2025-07-01T21:26:56.951+0000] {dag.py:4180} INFO - Setting next_dagrun for dataset_alias_example_alias_producer_with_no_taskflow to None, run_after=None
[2025-07-01T21:26:56.953+0000] {logging_mixin.py:190} INFO - [2025-07-01T21:26:56.953+0000] {dag.py:4180} INFO - Setting next_dagrun for dataset_s3_bucket_consumer_with_no_taskflow to None, run_after=None
[2025-07-01T21:26:56.955+0000] {logging_mixin.py:190} INFO - [2025-07-01T21:26:56.955+0000] {dag.py:4180} INFO - Setting next_dagrun for dataset_s3_bucket_producer_with_no_taskflow to None, run_after=None
[2025-07-01T21:26:56.984+0000] {processor.py:208} INFO - Processing /home/airflow/.local/lib/python3.12/site-packages/airflow/example_dags/example_dataset_alias_with_no_taskflow.py took 0.211 seconds
[2025-07-01T21:27:27.483+0000] {processor.py:186} INFO - Started process (PID=1370) to work on /home/airflow/.local/lib/python3.12/site-packages/airflow/example_dags/example_dataset_alias_with_no_taskflow.py
[2025-07-01T21:27:27.484+0000] {processor.py:914} INFO - Processing file /home/airflow/.local/lib/python3.12/site-packages/airflow/example_dags/example_dataset_alias_with_no_taskflow.py for tasks to queue
[2025-07-01T21:27:27.486+0000] {logging_mixin.py:190} INFO - [2025-07-01T21:27:27.486+0000] {dagbag.py:588} INFO - Filling up the DagBag from /home/airflow/.local/lib/python3.12/site-packages/airflow/example_dags/example_dataset_alias_with_no_taskflow.py
[2025-07-01T21:27:27.608+0000] {processor.py:925} INFO - DAG(s) 'dataset_s3_bucket_producer_with_no_taskflow', 'dataset_alias_example_alias_consumer_with_no_taskflow', 'dataset_alias_example_alias_producer_with_no_taskflow', 'dataset_s3_bucket_consumer_with_no_taskflow' retrieved from /home/airflow/.local/lib/python3.12/site-packages/airflow/example_dags/example_dataset_alias_with_no_taskflow.py
[2025-07-01T21:27:27.627+0000] {logging_mixin.py:190} INFO - [2025-07-01T21:27:27.626+0000] {dag.py:3239} INFO - Sync 4 DAGs
[2025-07-01T21:27:27.646+0000] {logging_mixin.py:190} INFO - [2025-07-01T21:27:27.646+0000] {dag.py:4180} INFO - Setting next_dagrun for dataset_alias_example_alias_consumer_with_no_taskflow to None, run_after=None
[2025-07-01T21:27:27.649+0000] {logging_mixin.py:190} INFO - [2025-07-01T21:27:27.648+0000] {dag.py:4180} INFO - Setting next_dagrun for dataset_alias_example_alias_producer_with_no_taskflow to None, run_after=None
[2025-07-01T21:27:27.650+0000] {logging_mixin.py:190} INFO - [2025-07-01T21:27:27.650+0000] {dag.py:4180} INFO - Setting next_dagrun for dataset_s3_bucket_consumer_with_no_taskflow to None, run_after=None
[2025-07-01T21:27:27.651+0000] {logging_mixin.py:190} INFO - [2025-07-01T21:27:27.651+0000] {dag.py:4180} INFO - Setting next_dagrun for dataset_s3_bucket_producer_with_no_taskflow to None, run_after=None
[2025-07-01T21:27:27.672+0000] {processor.py:208} INFO - Processing /home/airflow/.local/lib/python3.12/site-packages/airflow/example_dags/example_dataset_alias_with_no_taskflow.py took 0.194 seconds
[2025-07-01T21:27:58.133+0000] {processor.py:186} INFO - Started process (PID=1434) to work on /home/airflow/.local/lib/python3.12/site-packages/airflow/example_dags/example_dataset_alias_with_no_taskflow.py
[2025-07-01T21:27:58.134+0000] {processor.py:914} INFO - Processing file /home/airflow/.local/lib/python3.12/site-packages/airflow/example_dags/example_dataset_alias_with_no_taskflow.py for tasks to queue
[2025-07-01T21:27:58.137+0000] {logging_mixin.py:190} INFO - [2025-07-01T21:27:58.136+0000] {dagbag.py:588} INFO - Filling up the DagBag from /home/airflow/.local/lib/python3.12/site-packages/airflow/example_dags/example_dataset_alias_with_no_taskflow.py
[2025-07-01T21:27:58.265+0000] {processor.py:925} INFO - DAG(s) 'dataset_s3_bucket_producer_with_no_taskflow', 'dataset_alias_example_alias_consumer_with_no_taskflow', 'dataset_alias_example_alias_producer_with_no_taskflow', 'dataset_s3_bucket_consumer_with_no_taskflow' retrieved from /home/airflow/.local/lib/python3.12/site-packages/airflow/example_dags/example_dataset_alias_with_no_taskflow.py
[2025-07-01T21:27:58.284+0000] {logging_mixin.py:190} INFO - [2025-07-01T21:27:58.284+0000] {dag.py:3239} INFO - Sync 4 DAGs
[2025-07-01T21:27:58.303+0000] {logging_mixin.py:190} INFO - [2025-07-01T21:27:58.303+0000] {dag.py:4180} INFO - Setting next_dagrun for dataset_alias_example_alias_consumer_with_no_taskflow to None, run_after=None
[2025-07-01T21:27:58.306+0000] {logging_mixin.py:190} INFO - [2025-07-01T21:27:58.305+0000] {dag.py:4180} INFO - Setting next_dagrun for dataset_alias_example_alias_producer_with_no_taskflow to None, run_after=None
[2025-07-01T21:27:58.307+0000] {logging_mixin.py:190} INFO - [2025-07-01T21:27:58.307+0000] {dag.py:4180} INFO - Setting next_dagrun for dataset_s3_bucket_consumer_with_no_taskflow to None, run_after=None
[2025-07-01T21:27:58.308+0000] {logging_mixin.py:190} INFO - [2025-07-01T21:27:58.308+0000] {dag.py:4180} INFO - Setting next_dagrun for dataset_s3_bucket_producer_with_no_taskflow to None, run_after=None
[2025-07-01T21:27:58.330+0000] {processor.py:208} INFO - Processing /home/airflow/.local/lib/python3.12/site-packages/airflow/example_dags/example_dataset_alias_with_no_taskflow.py took 0.202 seconds
[2025-07-01T21:28:28.495+0000] {processor.py:186} INFO - Started process (PID=1496) to work on /home/airflow/.local/lib/python3.12/site-packages/airflow/example_dags/example_dataset_alias_with_no_taskflow.py
[2025-07-01T21:28:28.496+0000] {processor.py:914} INFO - Processing file /home/airflow/.local/lib/python3.12/site-packages/airflow/example_dags/example_dataset_alias_with_no_taskflow.py for tasks to queue
[2025-07-01T21:28:28.498+0000] {logging_mixin.py:190} INFO - [2025-07-01T21:28:28.498+0000] {dagbag.py:588} INFO - Filling up the DagBag from /home/airflow/.local/lib/python3.12/site-packages/airflow/example_dags/example_dataset_alias_with_no_taskflow.py
[2025-07-01T21:28:28.634+0000] {processor.py:925} INFO - DAG(s) 'dataset_alias_example_alias_producer_with_no_taskflow', 'dataset_alias_example_alias_consumer_with_no_taskflow', 'dataset_s3_bucket_producer_with_no_taskflow', 'dataset_s3_bucket_consumer_with_no_taskflow' retrieved from /home/airflow/.local/lib/python3.12/site-packages/airflow/example_dags/example_dataset_alias_with_no_taskflow.py
[2025-07-01T21:28:28.651+0000] {logging_mixin.py:190} INFO - [2025-07-01T21:28:28.651+0000] {dag.py:3239} INFO - Sync 4 DAGs
[2025-07-01T21:28:28.671+0000] {logging_mixin.py:190} INFO - [2025-07-01T21:28:28.670+0000] {dag.py:4180} INFO - Setting next_dagrun for dataset_alias_example_alias_consumer_with_no_taskflow to None, run_after=None
[2025-07-01T21:28:28.673+0000] {logging_mixin.py:190} INFO - [2025-07-01T21:28:28.672+0000] {dag.py:4180} INFO - Setting next_dagrun for dataset_alias_example_alias_producer_with_no_taskflow to None, run_after=None
[2025-07-01T21:28:28.674+0000] {logging_mixin.py:190} INFO - [2025-07-01T21:28:28.674+0000] {dag.py:4180} INFO - Setting next_dagrun for dataset_s3_bucket_consumer_with_no_taskflow to None, run_after=None
[2025-07-01T21:28:28.675+0000] {logging_mixin.py:190} INFO - [2025-07-01T21:28:28.675+0000] {dag.py:4180} INFO - Setting next_dagrun for dataset_s3_bucket_producer_with_no_taskflow to None, run_after=None
[2025-07-01T21:28:28.695+0000] {processor.py:208} INFO - Processing /home/airflow/.local/lib/python3.12/site-packages/airflow/example_dags/example_dataset_alias_with_no_taskflow.py took 0.206 seconds
[2025-07-01T21:28:59.473+0000] {processor.py:186} INFO - Started process (PID=1557) to work on /home/airflow/.local/lib/python3.12/site-packages/airflow/example_dags/example_dataset_alias_with_no_taskflow.py
[2025-07-01T21:28:59.474+0000] {processor.py:914} INFO - Processing file /home/airflow/.local/lib/python3.12/site-packages/airflow/example_dags/example_dataset_alias_with_no_taskflow.py for tasks to queue
[2025-07-01T21:28:59.477+0000] {logging_mixin.py:190} INFO - [2025-07-01T21:28:59.477+0000] {dagbag.py:588} INFO - Filling up the DagBag from /home/airflow/.local/lib/python3.12/site-packages/airflow/example_dags/example_dataset_alias_with_no_taskflow.py
[2025-07-01T21:28:59.605+0000] {processor.py:925} INFO - DAG(s) 'dataset_alias_example_alias_producer_with_no_taskflow', 'dataset_s3_bucket_producer_with_no_taskflow', 'dataset_s3_bucket_consumer_with_no_taskflow', 'dataset_alias_example_alias_consumer_with_no_taskflow' retrieved from /home/airflow/.local/lib/python3.12/site-packages/airflow/example_dags/example_dataset_alias_with_no_taskflow.py
[2025-07-01T21:28:59.625+0000] {logging_mixin.py:190} INFO - [2025-07-01T21:28:59.624+0000] {dag.py:3239} INFO - Sync 4 DAGs
[2025-07-01T21:28:59.642+0000] {logging_mixin.py:190} INFO - [2025-07-01T21:28:59.642+0000] {dag.py:4180} INFO - Setting next_dagrun for dataset_alias_example_alias_consumer_with_no_taskflow to None, run_after=None
[2025-07-01T21:28:59.645+0000] {logging_mixin.py:190} INFO - [2025-07-01T21:28:59.645+0000] {dag.py:4180} INFO - Setting next_dagrun for dataset_alias_example_alias_producer_with_no_taskflow to None, run_after=None
[2025-07-01T21:28:59.647+0000] {logging_mixin.py:190} INFO - [2025-07-01T21:28:59.646+0000] {dag.py:4180} INFO - Setting next_dagrun for dataset_s3_bucket_consumer_with_no_taskflow to None, run_after=None
[2025-07-01T21:28:59.648+0000] {logging_mixin.py:190} INFO - [2025-07-01T21:28:59.647+0000] {dag.py:4180} INFO - Setting next_dagrun for dataset_s3_bucket_producer_with_no_taskflow to None, run_after=None
[2025-07-01T21:28:59.669+0000] {processor.py:208} INFO - Processing /home/airflow/.local/lib/python3.12/site-packages/airflow/example_dags/example_dataset_alias_with_no_taskflow.py took 0.202 seconds
[2025-07-01T21:29:30.165+0000] {processor.py:186} INFO - Started process (PID=1620) to work on /home/airflow/.local/lib/python3.12/site-packages/airflow/example_dags/example_dataset_alias_with_no_taskflow.py
[2025-07-01T21:29:30.166+0000] {processor.py:914} INFO - Processing file /home/airflow/.local/lib/python3.12/site-packages/airflow/example_dags/example_dataset_alias_with_no_taskflow.py for tasks to queue
[2025-07-01T21:29:30.168+0000] {logging_mixin.py:190} INFO - [2025-07-01T21:29:30.168+0000] {dagbag.py:588} INFO - Filling up the DagBag from /home/airflow/.local/lib/python3.12/site-packages/airflow/example_dags/example_dataset_alias_with_no_taskflow.py
[2025-07-01T21:29:30.300+0000] {processor.py:925} INFO - DAG(s) 'dataset_s3_bucket_producer_with_no_taskflow', 'dataset_alias_example_alias_producer_with_no_taskflow', 'dataset_alias_example_alias_consumer_with_no_taskflow', 'dataset_s3_bucket_consumer_with_no_taskflow' retrieved from /home/airflow/.local/lib/python3.12/site-packages/airflow/example_dags/example_dataset_alias_with_no_taskflow.py
[2025-07-01T21:29:30.319+0000] {logging_mixin.py:190} INFO - [2025-07-01T21:29:30.318+0000] {dag.py:3239} INFO - Sync 4 DAGs
[2025-07-01T21:29:30.341+0000] {logging_mixin.py:190} INFO - [2025-07-01T21:29:30.341+0000] {dag.py:4180} INFO - Setting next_dagrun for dataset_alias_example_alias_consumer_with_no_taskflow to None, run_after=None
[2025-07-01T21:29:30.346+0000] {logging_mixin.py:190} INFO - [2025-07-01T21:29:30.346+0000] {dag.py:4180} INFO - Setting next_dagrun for dataset_alias_example_alias_producer_with_no_taskflow to None, run_after=None
[2025-07-01T21:29:30.348+0000] {logging_mixin.py:190} INFO - [2025-07-01T21:29:30.348+0000] {dag.py:4180} INFO - Setting next_dagrun for dataset_s3_bucket_consumer_with_no_taskflow to None, run_after=None
[2025-07-01T21:29:30.349+0000] {logging_mixin.py:190} INFO - [2025-07-01T21:29:30.349+0000] {dag.py:4180} INFO - Setting next_dagrun for dataset_s3_bucket_producer_with_no_taskflow to None, run_after=None
[2025-07-01T21:29:30.369+0000] {processor.py:208} INFO - Processing /home/airflow/.local/lib/python3.12/site-packages/airflow/example_dags/example_dataset_alias_with_no_taskflow.py took 0.208 seconds
[2025-07-01T21:30:00.457+0000] {processor.py:186} INFO - Started process (PID=1683) to work on /home/airflow/.local/lib/python3.12/site-packages/airflow/example_dags/example_dataset_alias_with_no_taskflow.py
[2025-07-01T21:30:00.458+0000] {processor.py:914} INFO - Processing file /home/airflow/.local/lib/python3.12/site-packages/airflow/example_dags/example_dataset_alias_with_no_taskflow.py for tasks to queue
[2025-07-01T21:30:00.460+0000] {logging_mixin.py:190} INFO - [2025-07-01T21:30:00.460+0000] {dagbag.py:588} INFO - Filling up the DagBag from /home/airflow/.local/lib/python3.12/site-packages/airflow/example_dags/example_dataset_alias_with_no_taskflow.py
[2025-07-01T21:30:00.585+0000] {processor.py:925} INFO - DAG(s) 'dataset_alias_example_alias_producer_with_no_taskflow', 'dataset_alias_example_alias_consumer_with_no_taskflow', 'dataset_s3_bucket_consumer_with_no_taskflow', 'dataset_s3_bucket_producer_with_no_taskflow' retrieved from /home/airflow/.local/lib/python3.12/site-packages/airflow/example_dags/example_dataset_alias_with_no_taskflow.py
[2025-07-01T21:30:00.603+0000] {logging_mixin.py:190} INFO - [2025-07-01T21:30:00.602+0000] {dag.py:3239} INFO - Sync 4 DAGs
[2025-07-01T21:30:00.627+0000] {logging_mixin.py:190} INFO - [2025-07-01T21:30:00.626+0000] {dag.py:4180} INFO - Setting next_dagrun for dataset_alias_example_alias_consumer_with_no_taskflow to None, run_after=None
[2025-07-01T21:30:00.629+0000] {logging_mixin.py:190} INFO - [2025-07-01T21:30:00.629+0000] {dag.py:4180} INFO - Setting next_dagrun for dataset_alias_example_alias_producer_with_no_taskflow to None, run_after=None
[2025-07-01T21:30:00.631+0000] {logging_mixin.py:190} INFO - [2025-07-01T21:30:00.631+0000] {dag.py:4180} INFO - Setting next_dagrun for dataset_s3_bucket_consumer_with_no_taskflow to None, run_after=None
[2025-07-01T21:30:00.632+0000] {logging_mixin.py:190} INFO - [2025-07-01T21:30:00.632+0000] {dag.py:4180} INFO - Setting next_dagrun for dataset_s3_bucket_producer_with_no_taskflow to None, run_after=None
[2025-07-01T21:30:00.655+0000] {processor.py:208} INFO - Processing /home/airflow/.local/lib/python3.12/site-packages/airflow/example_dags/example_dataset_alias_with_no_taskflow.py took 0.204 seconds
[2025-07-01T21:30:30.800+0000] {processor.py:186} INFO - Started process (PID=1746) to work on /home/airflow/.local/lib/python3.12/site-packages/airflow/example_dags/example_dataset_alias_with_no_taskflow.py
[2025-07-01T21:30:30.801+0000] {processor.py:914} INFO - Processing file /home/airflow/.local/lib/python3.12/site-packages/airflow/example_dags/example_dataset_alias_with_no_taskflow.py for tasks to queue
[2025-07-01T21:30:30.804+0000] {logging_mixin.py:190} INFO - [2025-07-01T21:30:30.804+0000] {dagbag.py:588} INFO - Filling up the DagBag from /home/airflow/.local/lib/python3.12/site-packages/airflow/example_dags/example_dataset_alias_with_no_taskflow.py
[2025-07-01T21:30:30.931+0000] {processor.py:925} INFO - DAG(s) 'dataset_alias_example_alias_producer_with_no_taskflow', 'dataset_alias_example_alias_consumer_with_no_taskflow', 'dataset_s3_bucket_consumer_with_no_taskflow', 'dataset_s3_bucket_producer_with_no_taskflow' retrieved from /home/airflow/.local/lib/python3.12/site-packages/airflow/example_dags/example_dataset_alias_with_no_taskflow.py
[2025-07-01T21:30:30.950+0000] {logging_mixin.py:190} INFO - [2025-07-01T21:30:30.949+0000] {dag.py:3239} INFO - Sync 4 DAGs
[2025-07-01T21:30:30.968+0000] {logging_mixin.py:190} INFO - [2025-07-01T21:30:30.968+0000] {dag.py:4180} INFO - Setting next_dagrun for dataset_alias_example_alias_consumer_with_no_taskflow to None, run_after=None
[2025-07-01T21:30:30.971+0000] {logging_mixin.py:190} INFO - [2025-07-01T21:30:30.970+0000] {dag.py:4180} INFO - Setting next_dagrun for dataset_alias_example_alias_producer_with_no_taskflow to None, run_after=None
[2025-07-01T21:30:30.972+0000] {logging_mixin.py:190} INFO - [2025-07-01T21:30:30.972+0000] {dag.py:4180} INFO - Setting next_dagrun for dataset_s3_bucket_consumer_with_no_taskflow to None, run_after=None
[2025-07-01T21:30:30.973+0000] {logging_mixin.py:190} INFO - [2025-07-01T21:30:30.973+0000] {dag.py:4180} INFO - Setting next_dagrun for dataset_s3_bucket_producer_with_no_taskflow to None, run_after=None
[2025-07-01T21:30:30.997+0000] {processor.py:208} INFO - Processing /home/airflow/.local/lib/python3.12/site-packages/airflow/example_dags/example_dataset_alias_with_no_taskflow.py took 0.201 seconds
[2025-07-01T21:31:01.376+0000] {processor.py:186} INFO - Started process (PID=1808) to work on /home/airflow/.local/lib/python3.12/site-packages/airflow/example_dags/example_dataset_alias_with_no_taskflow.py
[2025-07-01T21:31:01.377+0000] {processor.py:914} INFO - Processing file /home/airflow/.local/lib/python3.12/site-packages/airflow/example_dags/example_dataset_alias_with_no_taskflow.py for tasks to queue
[2025-07-01T21:31:01.379+0000] {logging_mixin.py:190} INFO - [2025-07-01T21:31:01.379+0000] {dagbag.py:588} INFO - Filling up the DagBag from /home/airflow/.local/lib/python3.12/site-packages/airflow/example_dags/example_dataset_alias_with_no_taskflow.py
[2025-07-01T21:31:01.514+0000] {processor.py:925} INFO - DAG(s) 'dataset_s3_bucket_consumer_with_no_taskflow', 'dataset_alias_example_alias_producer_with_no_taskflow', 'dataset_s3_bucket_producer_with_no_taskflow', 'dataset_alias_example_alias_consumer_with_no_taskflow' retrieved from /home/airflow/.local/lib/python3.12/site-packages/airflow/example_dags/example_dataset_alias_with_no_taskflow.py
[2025-07-01T21:31:01.532+0000] {logging_mixin.py:190} INFO - [2025-07-01T21:31:01.532+0000] {dag.py:3239} INFO - Sync 4 DAGs
[2025-07-01T21:31:01.551+0000] {logging_mixin.py:190} INFO - [2025-07-01T21:31:01.550+0000] {dag.py:4180} INFO - Setting next_dagrun for dataset_alias_example_alias_consumer_with_no_taskflow to None, run_after=None
[2025-07-01T21:31:01.553+0000] {logging_mixin.py:190} INFO - [2025-07-01T21:31:01.553+0000] {dag.py:4180} INFO - Setting next_dagrun for dataset_alias_example_alias_producer_with_no_taskflow to None, run_after=None
[2025-07-01T21:31:01.555+0000] {logging_mixin.py:190} INFO - [2025-07-01T21:31:01.554+0000] {dag.py:4180} INFO - Setting next_dagrun for dataset_s3_bucket_consumer_with_no_taskflow to None, run_after=None
[2025-07-01T21:31:01.556+0000] {logging_mixin.py:190} INFO - [2025-07-01T21:31:01.555+0000] {dag.py:4180} INFO - Setting next_dagrun for dataset_s3_bucket_producer_with_no_taskflow to None, run_after=None
[2025-07-01T21:31:01.575+0000] {processor.py:208} INFO - Processing /home/airflow/.local/lib/python3.12/site-packages/airflow/example_dags/example_dataset_alias_with_no_taskflow.py took 0.204 seconds
[2025-07-01T21:31:31.816+0000] {processor.py:186} INFO - Started process (PID=1871) to work on /home/airflow/.local/lib/python3.12/site-packages/airflow/example_dags/example_dataset_alias_with_no_taskflow.py
[2025-07-01T21:31:31.817+0000] {processor.py:914} INFO - Processing file /home/airflow/.local/lib/python3.12/site-packages/airflow/example_dags/example_dataset_alias_with_no_taskflow.py for tasks to queue
[2025-07-01T21:31:31.819+0000] {logging_mixin.py:190} INFO - [2025-07-01T21:31:31.819+0000] {dagbag.py:588} INFO - Filling up the DagBag from /home/airflow/.local/lib/python3.12/site-packages/airflow/example_dags/example_dataset_alias_with_no_taskflow.py
[2025-07-01T21:31:31.944+0000] {processor.py:925} INFO - DAG(s) 'dataset_alias_example_alias_producer_with_no_taskflow', 'dataset_alias_example_alias_consumer_with_no_taskflow', 'dataset_s3_bucket_consumer_with_no_taskflow', 'dataset_s3_bucket_producer_with_no_taskflow' retrieved from /home/airflow/.local/lib/python3.12/site-packages/airflow/example_dags/example_dataset_alias_with_no_taskflow.py
[2025-07-01T21:31:31.972+0000] {logging_mixin.py:190} INFO - [2025-07-01T21:31:31.972+0000] {dag.py:3239} INFO - Sync 4 DAGs
[2025-07-01T21:31:31.993+0000] {logging_mixin.py:190} INFO - [2025-07-01T21:31:31.993+0000] {dag.py:4180} INFO - Setting next_dagrun for dataset_alias_example_alias_consumer_with_no_taskflow to None, run_after=None
[2025-07-01T21:31:31.996+0000] {logging_mixin.py:190} INFO - [2025-07-01T21:31:31.996+0000] {dag.py:4180} INFO - Setting next_dagrun for dataset_alias_example_alias_producer_with_no_taskflow to None, run_after=None
[2025-07-01T21:31:31.997+0000] {logging_mixin.py:190} INFO - [2025-07-01T21:31:31.997+0000] {dag.py:4180} INFO - Setting next_dagrun for dataset_s3_bucket_consumer_with_no_taskflow to None, run_after=None
[2025-07-01T21:31:31.999+0000] {logging_mixin.py:190} INFO - [2025-07-01T21:31:31.998+0000] {dag.py:4180} INFO - Setting next_dagrun for dataset_s3_bucket_producer_with_no_taskflow to None, run_after=None
[2025-07-01T21:31:32.027+0000] {processor.py:208} INFO - Processing /home/airflow/.local/lib/python3.12/site-packages/airflow/example_dags/example_dataset_alias_with_no_taskflow.py took 0.217 seconds
[2025-07-01T21:32:02.099+0000] {processor.py:186} INFO - Started process (PID=1933) to work on /home/airflow/.local/lib/python3.12/site-packages/airflow/example_dags/example_dataset_alias_with_no_taskflow.py
[2025-07-01T21:32:02.101+0000] {processor.py:914} INFO - Processing file /home/airflow/.local/lib/python3.12/site-packages/airflow/example_dags/example_dataset_alias_with_no_taskflow.py for tasks to queue
[2025-07-01T21:32:02.104+0000] {logging_mixin.py:190} INFO - [2025-07-01T21:32:02.103+0000] {dagbag.py:588} INFO - Filling up the DagBag from /home/airflow/.local/lib/python3.12/site-packages/airflow/example_dags/example_dataset_alias_with_no_taskflow.py
[2025-07-01T21:32:02.253+0000] {processor.py:925} INFO - DAG(s) 'dataset_alias_example_alias_producer_with_no_taskflow', 'dataset_s3_bucket_consumer_with_no_taskflow', 'dataset_s3_bucket_producer_with_no_taskflow', 'dataset_alias_example_alias_consumer_with_no_taskflow' retrieved from /home/airflow/.local/lib/python3.12/site-packages/airflow/example_dags/example_dataset_alias_with_no_taskflow.py
[2025-07-01T21:32:02.272+0000] {logging_mixin.py:190} INFO - [2025-07-01T21:32:02.271+0000] {dag.py:3239} INFO - Sync 4 DAGs
[2025-07-01T21:32:02.292+0000] {logging_mixin.py:190} INFO - [2025-07-01T21:32:02.292+0000] {dag.py:4180} INFO - Setting next_dagrun for dataset_alias_example_alias_consumer_with_no_taskflow to None, run_after=None
[2025-07-01T21:32:02.295+0000] {logging_mixin.py:190} INFO - [2025-07-01T21:32:02.295+0000] {dag.py:4180} INFO - Setting next_dagrun for dataset_alias_example_alias_producer_with_no_taskflow to None, run_after=None
[2025-07-01T21:32:02.296+0000] {logging_mixin.py:190} INFO - [2025-07-01T21:32:02.296+0000] {dag.py:4180} INFO - Setting next_dagrun for dataset_s3_bucket_consumer_with_no_taskflow to None, run_after=None
[2025-07-01T21:32:02.297+0000] {logging_mixin.py:190} INFO - [2025-07-01T21:32:02.297+0000] {dag.py:4180} INFO - Setting next_dagrun for dataset_s3_bucket_producer_with_no_taskflow to None, run_after=None
[2025-07-01T21:32:02.318+0000] {processor.py:208} INFO - Processing /home/airflow/.local/lib/python3.12/site-packages/airflow/example_dags/example_dataset_alias_with_no_taskflow.py took 0.225 seconds
[2025-07-01T21:32:32.722+0000] {processor.py:186} INFO - Started process (PID=1993) to work on /home/airflow/.local/lib/python3.12/site-packages/airflow/example_dags/example_dataset_alias_with_no_taskflow.py
[2025-07-01T21:32:32.723+0000] {processor.py:914} INFO - Processing file /home/airflow/.local/lib/python3.12/site-packages/airflow/example_dags/example_dataset_alias_with_no_taskflow.py for tasks to queue
[2025-07-01T21:32:32.725+0000] {logging_mixin.py:190} INFO - [2025-07-01T21:32:32.725+0000] {dagbag.py:588} INFO - Filling up the DagBag from /home/airflow/.local/lib/python3.12/site-packages/airflow/example_dags/example_dataset_alias_with_no_taskflow.py
[2025-07-01T21:32:32.849+0000] {processor.py:925} INFO - DAG(s) 'dataset_s3_bucket_producer_with_no_taskflow', 'dataset_s3_bucket_consumer_with_no_taskflow', 'dataset_alias_example_alias_producer_with_no_taskflow', 'dataset_alias_example_alias_consumer_with_no_taskflow' retrieved from /home/airflow/.local/lib/python3.12/site-packages/airflow/example_dags/example_dataset_alias_with_no_taskflow.py
[2025-07-01T21:32:32.868+0000] {logging_mixin.py:190} INFO - [2025-07-01T21:32:32.868+0000] {dag.py:3239} INFO - Sync 4 DAGs
[2025-07-01T21:32:32.886+0000] {logging_mixin.py:190} INFO - [2025-07-01T21:32:32.886+0000] {dag.py:4180} INFO - Setting next_dagrun for dataset_alias_example_alias_consumer_with_no_taskflow to None, run_after=None
[2025-07-01T21:32:32.888+0000] {logging_mixin.py:190} INFO - [2025-07-01T21:32:32.888+0000] {dag.py:4180} INFO - Setting next_dagrun for dataset_alias_example_alias_producer_with_no_taskflow to None, run_after=None
[2025-07-01T21:32:32.889+0000] {logging_mixin.py:190} INFO - [2025-07-01T21:32:32.889+0000] {dag.py:4180} INFO - Setting next_dagrun for dataset_s3_bucket_consumer_with_no_taskflow to None, run_after=None
[2025-07-01T21:32:32.890+0000] {logging_mixin.py:190} INFO - [2025-07-01T21:32:32.890+0000] {dag.py:4180} INFO - Setting next_dagrun for dataset_s3_bucket_producer_with_no_taskflow to None, run_after=None
[2025-07-01T21:32:32.912+0000] {processor.py:208} INFO - Processing /home/airflow/.local/lib/python3.12/site-packages/airflow/example_dags/example_dataset_alias_with_no_taskflow.py took 0.195 seconds
[2025-07-01T21:33:03.050+0000] {processor.py:186} INFO - Started process (PID=2056) to work on /home/airflow/.local/lib/python3.12/site-packages/airflow/example_dags/example_dataset_alias_with_no_taskflow.py
[2025-07-01T21:33:03.051+0000] {processor.py:914} INFO - Processing file /home/airflow/.local/lib/python3.12/site-packages/airflow/example_dags/example_dataset_alias_with_no_taskflow.py for tasks to queue
[2025-07-01T21:33:03.054+0000] {logging_mixin.py:190} INFO - [2025-07-01T21:33:03.053+0000] {dagbag.py:588} INFO - Filling up the DagBag from /home/airflow/.local/lib/python3.12/site-packages/airflow/example_dags/example_dataset_alias_with_no_taskflow.py
[2025-07-01T21:33:03.177+0000] {processor.py:925} INFO - DAG(s) 'dataset_alias_example_alias_consumer_with_no_taskflow', 'dataset_alias_example_alias_producer_with_no_taskflow', 'dataset_s3_bucket_producer_with_no_taskflow', 'dataset_s3_bucket_consumer_with_no_taskflow' retrieved from /home/airflow/.local/lib/python3.12/site-packages/airflow/example_dags/example_dataset_alias_with_no_taskflow.py
[2025-07-01T21:33:03.195+0000] {logging_mixin.py:190} INFO - [2025-07-01T21:33:03.195+0000] {dag.py:3239} INFO - Sync 4 DAGs
[2025-07-01T21:33:03.216+0000] {logging_mixin.py:190} INFO - [2025-07-01T21:33:03.215+0000] {dag.py:4180} INFO - Setting next_dagrun for dataset_alias_example_alias_consumer_with_no_taskflow to None, run_after=None
[2025-07-01T21:33:03.218+0000] {logging_mixin.py:190} INFO - [2025-07-01T21:33:03.218+0000] {dag.py:4180} INFO - Setting next_dagrun for dataset_alias_example_alias_producer_with_no_taskflow to None, run_after=None
[2025-07-01T21:33:03.219+0000] {logging_mixin.py:190} INFO - [2025-07-01T21:33:03.219+0000] {dag.py:4180} INFO - Setting next_dagrun for dataset_s3_bucket_consumer_with_no_taskflow to None, run_after=None
[2025-07-01T21:33:03.221+0000] {logging_mixin.py:190} INFO - [2025-07-01T21:33:03.221+0000] {dag.py:4180} INFO - Setting next_dagrun for dataset_s3_bucket_producer_with_no_taskflow to None, run_after=None
[2025-07-01T21:33:03.258+0000] {processor.py:208} INFO - Processing /home/airflow/.local/lib/python3.12/site-packages/airflow/example_dags/example_dataset_alias_with_no_taskflow.py took 0.212 seconds
[2025-07-01T21:33:34.126+0000] {processor.py:186} INFO - Started process (PID=2119) to work on /home/airflow/.local/lib/python3.12/site-packages/airflow/example_dags/example_dataset_alias_with_no_taskflow.py
[2025-07-01T21:33:34.127+0000] {processor.py:914} INFO - Processing file /home/airflow/.local/lib/python3.12/site-packages/airflow/example_dags/example_dataset_alias_with_no_taskflow.py for tasks to queue
[2025-07-01T21:33:34.129+0000] {logging_mixin.py:190} INFO - [2025-07-01T21:33:34.128+0000] {dagbag.py:588} INFO - Filling up the DagBag from /home/airflow/.local/lib/python3.12/site-packages/airflow/example_dags/example_dataset_alias_with_no_taskflow.py
[2025-07-01T21:33:34.249+0000] {processor.py:925} INFO - DAG(s) 'dataset_s3_bucket_producer_with_no_taskflow', 'dataset_alias_example_alias_consumer_with_no_taskflow', 'dataset_s3_bucket_consumer_with_no_taskflow', 'dataset_alias_example_alias_producer_with_no_taskflow' retrieved from /home/airflow/.local/lib/python3.12/site-packages/airflow/example_dags/example_dataset_alias_with_no_taskflow.py
[2025-07-01T21:33:34.268+0000] {logging_mixin.py:190} INFO - [2025-07-01T21:33:34.268+0000] {dag.py:3239} INFO - Sync 4 DAGs
[2025-07-01T21:33:34.286+0000] {logging_mixin.py:190} INFO - [2025-07-01T21:33:34.286+0000] {dag.py:4180} INFO - Setting next_dagrun for dataset_alias_example_alias_consumer_with_no_taskflow to None, run_after=None
[2025-07-01T21:33:34.289+0000] {logging_mixin.py:190} INFO - [2025-07-01T21:33:34.288+0000] {dag.py:4180} INFO - Setting next_dagrun for dataset_alias_example_alias_producer_with_no_taskflow to None, run_after=None
[2025-07-01T21:33:34.290+0000] {logging_mixin.py:190} INFO - [2025-07-01T21:33:34.290+0000] {dag.py:4180} INFO - Setting next_dagrun for dataset_s3_bucket_consumer_with_no_taskflow to None, run_after=None
[2025-07-01T21:33:34.291+0000] {logging_mixin.py:190} INFO - [2025-07-01T21:33:34.291+0000] {dag.py:4180} INFO - Setting next_dagrun for dataset_s3_bucket_producer_with_no_taskflow to None, run_after=None
[2025-07-01T21:33:34.310+0000] {processor.py:208} INFO - Processing /home/airflow/.local/lib/python3.12/site-packages/airflow/example_dags/example_dataset_alias_with_no_taskflow.py took 0.190 seconds
[2025-07-01T21:34:04.421+0000] {processor.py:186} INFO - Started process (PID=2182) to work on /home/airflow/.local/lib/python3.12/site-packages/airflow/example_dags/example_dataset_alias_with_no_taskflow.py
[2025-07-01T21:34:04.422+0000] {processor.py:914} INFO - Processing file /home/airflow/.local/lib/python3.12/site-packages/airflow/example_dags/example_dataset_alias_with_no_taskflow.py for tasks to queue
[2025-07-01T21:34:04.425+0000] {logging_mixin.py:190} INFO - [2025-07-01T21:34:04.424+0000] {dagbag.py:588} INFO - Filling up the DagBag from /home/airflow/.local/lib/python3.12/site-packages/airflow/example_dags/example_dataset_alias_with_no_taskflow.py
[2025-07-01T21:34:04.554+0000] {processor.py:925} INFO - DAG(s) 'dataset_s3_bucket_consumer_with_no_taskflow', 'dataset_alias_example_alias_consumer_with_no_taskflow', 'dataset_s3_bucket_producer_with_no_taskflow', 'dataset_alias_example_alias_producer_with_no_taskflow' retrieved from /home/airflow/.local/lib/python3.12/site-packages/airflow/example_dags/example_dataset_alias_with_no_taskflow.py
[2025-07-01T21:34:04.583+0000] {logging_mixin.py:190} INFO - [2025-07-01T21:34:04.582+0000] {dag.py:3239} INFO - Sync 4 DAGs
[2025-07-01T21:34:04.606+0000] {logging_mixin.py:190} INFO - [2025-07-01T21:34:04.606+0000] {dag.py:4180} INFO - Setting next_dagrun for dataset_alias_example_alias_consumer_with_no_taskflow to None, run_after=None
[2025-07-01T21:34:04.609+0000] {logging_mixin.py:190} INFO - [2025-07-01T21:34:04.609+0000] {dag.py:4180} INFO - Setting next_dagrun for dataset_alias_example_alias_producer_with_no_taskflow to None, run_after=None
[2025-07-01T21:34:04.610+0000] {logging_mixin.py:190} INFO - [2025-07-01T21:34:04.610+0000] {dag.py:4180} INFO - Setting next_dagrun for dataset_s3_bucket_consumer_with_no_taskflow to None, run_after=None
[2025-07-01T21:34:04.611+0000] {logging_mixin.py:190} INFO - [2025-07-01T21:34:04.611+0000] {dag.py:4180} INFO - Setting next_dagrun for dataset_s3_bucket_producer_with_no_taskflow to None, run_after=None
[2025-07-01T21:34:04.636+0000] {processor.py:208} INFO - Processing /home/airflow/.local/lib/python3.12/site-packages/airflow/example_dags/example_dataset_alias_with_no_taskflow.py took 0.221 seconds
[2025-07-01T21:34:34.924+0000] {processor.py:186} INFO - Started process (PID=2245) to work on /home/airflow/.local/lib/python3.12/site-packages/airflow/example_dags/example_dataset_alias_with_no_taskflow.py
[2025-07-01T21:34:34.925+0000] {processor.py:914} INFO - Processing file /home/airflow/.local/lib/python3.12/site-packages/airflow/example_dags/example_dataset_alias_with_no_taskflow.py for tasks to queue
[2025-07-01T21:34:34.928+0000] {logging_mixin.py:190} INFO - [2025-07-01T21:34:34.927+0000] {dagbag.py:588} INFO - Filling up the DagBag from /home/airflow/.local/lib/python3.12/site-packages/airflow/example_dags/example_dataset_alias_with_no_taskflow.py
[2025-07-01T21:34:35.087+0000] {processor.py:925} INFO - DAG(s) 'dataset_s3_bucket_producer_with_no_taskflow', 'dataset_s3_bucket_consumer_with_no_taskflow', 'dataset_alias_example_alias_consumer_with_no_taskflow', 'dataset_alias_example_alias_producer_with_no_taskflow' retrieved from /home/airflow/.local/lib/python3.12/site-packages/airflow/example_dags/example_dataset_alias_with_no_taskflow.py
[2025-07-01T21:34:35.107+0000] {logging_mixin.py:190} INFO - [2025-07-01T21:34:35.106+0000] {dag.py:3239} INFO - Sync 4 DAGs
[2025-07-01T21:34:35.127+0000] {logging_mixin.py:190} INFO - [2025-07-01T21:34:35.126+0000] {dag.py:4180} INFO - Setting next_dagrun for dataset_alias_example_alias_consumer_with_no_taskflow to None, run_after=None
[2025-07-01T21:34:35.132+0000] {logging_mixin.py:190} INFO - [2025-07-01T21:34:35.131+0000] {dag.py:4180} INFO - Setting next_dagrun for dataset_alias_example_alias_producer_with_no_taskflow to None, run_after=None
[2025-07-01T21:34:35.133+0000] {logging_mixin.py:190} INFO - [2025-07-01T21:34:35.133+0000] {dag.py:4180} INFO - Setting next_dagrun for dataset_s3_bucket_consumer_with_no_taskflow to None, run_after=None
[2025-07-01T21:34:35.135+0000] {logging_mixin.py:190} INFO - [2025-07-01T21:34:35.135+0000] {dag.py:4180} INFO - Setting next_dagrun for dataset_s3_bucket_producer_with_no_taskflow to None, run_after=None
[2025-07-01T21:34:35.323+0000] {processor.py:208} INFO - Processing /home/airflow/.local/lib/python3.12/site-packages/airflow/example_dags/example_dataset_alias_with_no_taskflow.py took 0.403 seconds
[2025-07-01T21:35:05.652+0000] {processor.py:186} INFO - Started process (PID=2311) to work on /home/airflow/.local/lib/python3.12/site-packages/airflow/example_dags/example_dataset_alias_with_no_taskflow.py
[2025-07-01T21:35:05.653+0000] {processor.py:914} INFO - Processing file /home/airflow/.local/lib/python3.12/site-packages/airflow/example_dags/example_dataset_alias_with_no_taskflow.py for tasks to queue
[2025-07-01T21:35:05.655+0000] {logging_mixin.py:190} INFO - [2025-07-01T21:35:05.655+0000] {dagbag.py:588} INFO - Filling up the DagBag from /home/airflow/.local/lib/python3.12/site-packages/airflow/example_dags/example_dataset_alias_with_no_taskflow.py
[2025-07-01T21:35:05.787+0000] {processor.py:925} INFO - DAG(s) 'dataset_s3_bucket_consumer_with_no_taskflow', 'dataset_alias_example_alias_producer_with_no_taskflow', 'dataset_alias_example_alias_consumer_with_no_taskflow', 'dataset_s3_bucket_producer_with_no_taskflow' retrieved from /home/airflow/.local/lib/python3.12/site-packages/airflow/example_dags/example_dataset_alias_with_no_taskflow.py
[2025-07-01T21:35:05.805+0000] {logging_mixin.py:190} INFO - [2025-07-01T21:35:05.804+0000] {dag.py:3239} INFO - Sync 4 DAGs
[2025-07-01T21:35:05.823+0000] {logging_mixin.py:190} INFO - [2025-07-01T21:35:05.823+0000] {dag.py:4180} INFO - Setting next_dagrun for dataset_alias_example_alias_consumer_with_no_taskflow to None, run_after=None
[2025-07-01T21:35:05.828+0000] {logging_mixin.py:190} INFO - [2025-07-01T21:35:05.828+0000] {dag.py:4180} INFO - Setting next_dagrun for dataset_alias_example_alias_producer_with_no_taskflow to None, run_after=None
[2025-07-01T21:35:05.829+0000] {logging_mixin.py:190} INFO - [2025-07-01T21:35:05.829+0000] {dag.py:4180} INFO - Setting next_dagrun for dataset_s3_bucket_consumer_with_no_taskflow to None, run_after=None
[2025-07-01T21:35:05.830+0000] {logging_mixin.py:190} INFO - [2025-07-01T21:35:05.830+0000] {dag.py:4180} INFO - Setting next_dagrun for dataset_s3_bucket_producer_with_no_taskflow to None, run_after=None
[2025-07-01T21:35:05.849+0000] {processor.py:208} INFO - Processing /home/airflow/.local/lib/python3.12/site-packages/airflow/example_dags/example_dataset_alias_with_no_taskflow.py took 0.202 seconds
[2025-07-01T21:35:36.437+0000] {processor.py:186} INFO - Started process (PID=2371) to work on /home/airflow/.local/lib/python3.12/site-packages/airflow/example_dags/example_dataset_alias_with_no_taskflow.py
[2025-07-01T21:35:36.438+0000] {processor.py:914} INFO - Processing file /home/airflow/.local/lib/python3.12/site-packages/airflow/example_dags/example_dataset_alias_with_no_taskflow.py for tasks to queue
[2025-07-01T21:35:36.443+0000] {logging_mixin.py:190} INFO - [2025-07-01T21:35:36.442+0000] {dagbag.py:588} INFO - Filling up the DagBag from /home/airflow/.local/lib/python3.12/site-packages/airflow/example_dags/example_dataset_alias_with_no_taskflow.py
[2025-07-01T21:35:36.567+0000] {processor.py:925} INFO - DAG(s) 'dataset_alias_example_alias_producer_with_no_taskflow', 'dataset_alias_example_alias_consumer_with_no_taskflow', 'dataset_s3_bucket_producer_with_no_taskflow', 'dataset_s3_bucket_consumer_with_no_taskflow' retrieved from /home/airflow/.local/lib/python3.12/site-packages/airflow/example_dags/example_dataset_alias_with_no_taskflow.py
[2025-07-01T21:35:36.589+0000] {logging_mixin.py:190} INFO - [2025-07-01T21:35:36.589+0000] {dag.py:3239} INFO - Sync 4 DAGs
[2025-07-01T21:35:36.607+0000] {logging_mixin.py:190} INFO - [2025-07-01T21:35:36.607+0000] {dag.py:4180} INFO - Setting next_dagrun for dataset_alias_example_alias_consumer_with_no_taskflow to None, run_after=None
[2025-07-01T21:35:36.610+0000] {logging_mixin.py:190} INFO - [2025-07-01T21:35:36.610+0000] {dag.py:4180} INFO - Setting next_dagrun for dataset_alias_example_alias_producer_with_no_taskflow to None, run_after=None
[2025-07-01T21:35:36.611+0000] {logging_mixin.py:190} INFO - [2025-07-01T21:35:36.611+0000] {dag.py:4180} INFO - Setting next_dagrun for dataset_s3_bucket_consumer_with_no_taskflow to None, run_after=None
[2025-07-01T21:35:36.613+0000] {logging_mixin.py:190} INFO - [2025-07-01T21:35:36.612+0000] {dag.py:4180} INFO - Setting next_dagrun for dataset_s3_bucket_producer_with_no_taskflow to None, run_after=None
[2025-07-01T21:35:36.634+0000] {processor.py:208} INFO - Processing /home/airflow/.local/lib/python3.12/site-packages/airflow/example_dags/example_dataset_alias_with_no_taskflow.py took 0.204 seconds
[2025-07-01T21:36:07.006+0000] {processor.py:186} INFO - Started process (PID=2434) to work on /home/airflow/.local/lib/python3.12/site-packages/airflow/example_dags/example_dataset_alias_with_no_taskflow.py
[2025-07-01T21:36:07.007+0000] {processor.py:914} INFO - Processing file /home/airflow/.local/lib/python3.12/site-packages/airflow/example_dags/example_dataset_alias_with_no_taskflow.py for tasks to queue
[2025-07-01T21:36:07.011+0000] {logging_mixin.py:190} INFO - [2025-07-01T21:36:07.011+0000] {dagbag.py:588} INFO - Filling up the DagBag from /home/airflow/.local/lib/python3.12/site-packages/airflow/example_dags/example_dataset_alias_with_no_taskflow.py
[2025-07-01T21:36:07.153+0000] {processor.py:925} INFO - DAG(s) 'dataset_s3_bucket_consumer_with_no_taskflow', 'dataset_alias_example_alias_consumer_with_no_taskflow', 'dataset_s3_bucket_producer_with_no_taskflow', 'dataset_alias_example_alias_producer_with_no_taskflow' retrieved from /home/airflow/.local/lib/python3.12/site-packages/airflow/example_dags/example_dataset_alias_with_no_taskflow.py
[2025-07-01T21:36:07.171+0000] {logging_mixin.py:190} INFO - [2025-07-01T21:36:07.171+0000] {dag.py:3239} INFO - Sync 4 DAGs
[2025-07-01T21:36:07.362+0000] {logging_mixin.py:190} INFO - [2025-07-01T21:36:07.362+0000] {dag.py:4180} INFO - Setting next_dagrun for dataset_alias_example_alias_consumer_with_no_taskflow to None, run_after=None
[2025-07-01T21:36:07.365+0000] {logging_mixin.py:190} INFO - [2025-07-01T21:36:07.365+0000] {dag.py:4180} INFO - Setting next_dagrun for dataset_alias_example_alias_producer_with_no_taskflow to None, run_after=None
[2025-07-01T21:36:07.367+0000] {logging_mixin.py:190} INFO - [2025-07-01T21:36:07.367+0000] {dag.py:4180} INFO - Setting next_dagrun for dataset_s3_bucket_consumer_with_no_taskflow to None, run_after=None
[2025-07-01T21:36:07.368+0000] {logging_mixin.py:190} INFO - [2025-07-01T21:36:07.368+0000] {dag.py:4180} INFO - Setting next_dagrun for dataset_s3_bucket_producer_with_no_taskflow to None, run_after=None
[2025-07-01T21:36:07.389+0000] {processor.py:208} INFO - Processing /home/airflow/.local/lib/python3.12/site-packages/airflow/example_dags/example_dataset_alias_with_no_taskflow.py took 0.389 seconds
[2025-07-01T21:36:37.646+0000] {processor.py:186} INFO - Started process (PID=2497) to work on /home/airflow/.local/lib/python3.12/site-packages/airflow/example_dags/example_dataset_alias_with_no_taskflow.py
[2025-07-01T21:36:37.647+0000] {processor.py:914} INFO - Processing file /home/airflow/.local/lib/python3.12/site-packages/airflow/example_dags/example_dataset_alias_with_no_taskflow.py for tasks to queue
[2025-07-01T21:36:37.649+0000] {logging_mixin.py:190} INFO - [2025-07-01T21:36:37.648+0000] {dagbag.py:588} INFO - Filling up the DagBag from /home/airflow/.local/lib/python3.12/site-packages/airflow/example_dags/example_dataset_alias_with_no_taskflow.py
[2025-07-01T21:36:37.775+0000] {processor.py:925} INFO - DAG(s) 'dataset_s3_bucket_producer_with_no_taskflow', 'dataset_s3_bucket_consumer_with_no_taskflow', 'dataset_alias_example_alias_producer_with_no_taskflow', 'dataset_alias_example_alias_consumer_with_no_taskflow' retrieved from /home/airflow/.local/lib/python3.12/site-packages/airflow/example_dags/example_dataset_alias_with_no_taskflow.py
[2025-07-01T21:36:37.792+0000] {logging_mixin.py:190} INFO - [2025-07-01T21:36:37.791+0000] {dag.py:3239} INFO - Sync 4 DAGs
[2025-07-01T21:36:37.811+0000] {logging_mixin.py:190} INFO - [2025-07-01T21:36:37.810+0000] {dag.py:4180} INFO - Setting next_dagrun for dataset_alias_example_alias_consumer_with_no_taskflow to None, run_after=None
[2025-07-01T21:36:37.815+0000] {logging_mixin.py:190} INFO - [2025-07-01T21:36:37.815+0000] {dag.py:4180} INFO - Setting next_dagrun for dataset_alias_example_alias_producer_with_no_taskflow to None, run_after=None
[2025-07-01T21:36:37.817+0000] {logging_mixin.py:190} INFO - [2025-07-01T21:36:37.817+0000] {dag.py:4180} INFO - Setting next_dagrun for dataset_s3_bucket_consumer_with_no_taskflow to None, run_after=None
[2025-07-01T21:36:37.818+0000] {logging_mixin.py:190} INFO - [2025-07-01T21:36:37.818+0000] {dag.py:4180} INFO - Setting next_dagrun for dataset_s3_bucket_producer_with_no_taskflow to None, run_after=None
[2025-07-01T21:36:38.012+0000] {processor.py:208} INFO - Processing /home/airflow/.local/lib/python3.12/site-packages/airflow/example_dags/example_dataset_alias_with_no_taskflow.py took 0.371 seconds
[2025-07-01T21:37:08.467+0000] {processor.py:186} INFO - Started process (PID=2560) to work on /home/airflow/.local/lib/python3.12/site-packages/airflow/example_dags/example_dataset_alias_with_no_taskflow.py
[2025-07-01T21:37:08.468+0000] {processor.py:914} INFO - Processing file /home/airflow/.local/lib/python3.12/site-packages/airflow/example_dags/example_dataset_alias_with_no_taskflow.py for tasks to queue
[2025-07-01T21:37:08.470+0000] {logging_mixin.py:190} INFO - [2025-07-01T21:37:08.469+0000] {dagbag.py:588} INFO - Filling up the DagBag from /home/airflow/.local/lib/python3.12/site-packages/airflow/example_dags/example_dataset_alias_with_no_taskflow.py
[2025-07-01T21:37:08.607+0000] {processor.py:925} INFO - DAG(s) 'dataset_alias_example_alias_consumer_with_no_taskflow', 'dataset_s3_bucket_consumer_with_no_taskflow', 'dataset_alias_example_alias_producer_with_no_taskflow', 'dataset_s3_bucket_producer_with_no_taskflow' retrieved from /home/airflow/.local/lib/python3.12/site-packages/airflow/example_dags/example_dataset_alias_with_no_taskflow.py
[2025-07-01T21:37:08.625+0000] {logging_mixin.py:190} INFO - [2025-07-01T21:37:08.625+0000] {dag.py:3239} INFO - Sync 4 DAGs
[2025-07-01T21:37:08.644+0000] {logging_mixin.py:190} INFO - [2025-07-01T21:37:08.644+0000] {dag.py:4180} INFO - Setting next_dagrun for dataset_alias_example_alias_consumer_with_no_taskflow to None, run_after=None
[2025-07-01T21:37:08.646+0000] {logging_mixin.py:190} INFO - [2025-07-01T21:37:08.646+0000] {dag.py:4180} INFO - Setting next_dagrun for dataset_alias_example_alias_producer_with_no_taskflow to None, run_after=None
[2025-07-01T21:37:08.648+0000] {logging_mixin.py:190} INFO - [2025-07-01T21:37:08.648+0000] {dag.py:4180} INFO - Setting next_dagrun for dataset_s3_bucket_consumer_with_no_taskflow to None, run_after=None
[2025-07-01T21:37:08.649+0000] {logging_mixin.py:190} INFO - [2025-07-01T21:37:08.649+0000] {dag.py:4180} INFO - Setting next_dagrun for dataset_s3_bucket_producer_with_no_taskflow to None, run_after=None
[2025-07-01T21:37:08.671+0000] {processor.py:208} INFO - Processing /home/airflow/.local/lib/python3.12/site-packages/airflow/example_dags/example_dataset_alias_with_no_taskflow.py took 0.208 seconds
[2025-07-01T21:37:39.091+0000] {processor.py:186} INFO - Started process (PID=2623) to work on /home/airflow/.local/lib/python3.12/site-packages/airflow/example_dags/example_dataset_alias_with_no_taskflow.py
[2025-07-01T21:37:39.092+0000] {processor.py:914} INFO - Processing file /home/airflow/.local/lib/python3.12/site-packages/airflow/example_dags/example_dataset_alias_with_no_taskflow.py for tasks to queue
[2025-07-01T21:37:39.093+0000] {logging_mixin.py:190} INFO - [2025-07-01T21:37:39.093+0000] {dagbag.py:588} INFO - Filling up the DagBag from /home/airflow/.local/lib/python3.12/site-packages/airflow/example_dags/example_dataset_alias_with_no_taskflow.py
[2025-07-01T21:37:39.222+0000] {processor.py:925} INFO - DAG(s) 'dataset_alias_example_alias_consumer_with_no_taskflow', 'dataset_s3_bucket_consumer_with_no_taskflow', 'dataset_alias_example_alias_producer_with_no_taskflow', 'dataset_s3_bucket_producer_with_no_taskflow' retrieved from /home/airflow/.local/lib/python3.12/site-packages/airflow/example_dags/example_dataset_alias_with_no_taskflow.py
[2025-07-01T21:37:39.412+0000] {logging_mixin.py:190} INFO - [2025-07-01T21:37:39.411+0000] {dag.py:3239} INFO - Sync 4 DAGs
[2025-07-01T21:37:39.427+0000] {logging_mixin.py:190} INFO - [2025-07-01T21:37:39.427+0000] {dag.py:4180} INFO - Setting next_dagrun for dataset_alias_example_alias_consumer_with_no_taskflow to None, run_after=None
[2025-07-01T21:37:39.430+0000] {logging_mixin.py:190} INFO - [2025-07-01T21:37:39.430+0000] {dag.py:4180} INFO - Setting next_dagrun for dataset_alias_example_alias_producer_with_no_taskflow to None, run_after=None
[2025-07-01T21:37:39.431+0000] {logging_mixin.py:190} INFO - [2025-07-01T21:37:39.431+0000] {dag.py:4180} INFO - Setting next_dagrun for dataset_s3_bucket_consumer_with_no_taskflow to None, run_after=None
[2025-07-01T21:37:39.432+0000] {logging_mixin.py:190} INFO - [2025-07-01T21:37:39.432+0000] {dag.py:4180} INFO - Setting next_dagrun for dataset_s3_bucket_producer_with_no_taskflow to None, run_after=None
[2025-07-01T21:37:39.452+0000] {processor.py:208} INFO - Processing /home/airflow/.local/lib/python3.12/site-packages/airflow/example_dags/example_dataset_alias_with_no_taskflow.py took 0.366 seconds
[2025-07-01T21:38:09.982+0000] {processor.py:186} INFO - Started process (PID=2686) to work on /home/airflow/.local/lib/python3.12/site-packages/airflow/example_dags/example_dataset_alias_with_no_taskflow.py
[2025-07-01T21:38:09.983+0000] {processor.py:914} INFO - Processing file /home/airflow/.local/lib/python3.12/site-packages/airflow/example_dags/example_dataset_alias_with_no_taskflow.py for tasks to queue
[2025-07-01T21:38:09.985+0000] {logging_mixin.py:190} INFO - [2025-07-01T21:38:09.985+0000] {dagbag.py:588} INFO - Filling up the DagBag from /home/airflow/.local/lib/python3.12/site-packages/airflow/example_dags/example_dataset_alias_with_no_taskflow.py
[2025-07-01T21:38:10.116+0000] {processor.py:925} INFO - DAG(s) 'dataset_alias_example_alias_producer_with_no_taskflow', 'dataset_s3_bucket_producer_with_no_taskflow', 'dataset_s3_bucket_consumer_with_no_taskflow', 'dataset_alias_example_alias_consumer_with_no_taskflow' retrieved from /home/airflow/.local/lib/python3.12/site-packages/airflow/example_dags/example_dataset_alias_with_no_taskflow.py
[2025-07-01T21:38:10.135+0000] {logging_mixin.py:190} INFO - [2025-07-01T21:38:10.134+0000] {dag.py:3239} INFO - Sync 4 DAGs
[2025-07-01T21:38:10.346+0000] {logging_mixin.py:190} INFO - [2025-07-01T21:38:10.346+0000] {dag.py:4180} INFO - Setting next_dagrun for dataset_alias_example_alias_consumer_with_no_taskflow to None, run_after=None
[2025-07-01T21:38:10.349+0000] {logging_mixin.py:190} INFO - [2025-07-01T21:38:10.348+0000] {dag.py:4180} INFO - Setting next_dagrun for dataset_alias_example_alias_producer_with_no_taskflow to None, run_after=None
[2025-07-01T21:38:10.350+0000] {logging_mixin.py:190} INFO - [2025-07-01T21:38:10.350+0000] {dag.py:4180} INFO - Setting next_dagrun for dataset_s3_bucket_consumer_with_no_taskflow to None, run_after=None
[2025-07-01T21:38:10.351+0000] {logging_mixin.py:190} INFO - [2025-07-01T21:38:10.351+0000] {dag.py:4180} INFO - Setting next_dagrun for dataset_s3_bucket_producer_with_no_taskflow to None, run_after=None
[2025-07-01T21:38:10.370+0000] {processor.py:208} INFO - Processing /home/airflow/.local/lib/python3.12/site-packages/airflow/example_dags/example_dataset_alias_with_no_taskflow.py took 0.392 seconds
[2025-07-01T21:38:40.558+0000] {processor.py:186} INFO - Started process (PID=2749) to work on /home/airflow/.local/lib/python3.12/site-packages/airflow/example_dags/example_dataset_alias_with_no_taskflow.py
[2025-07-01T21:38:40.559+0000] {processor.py:914} INFO - Processing file /home/airflow/.local/lib/python3.12/site-packages/airflow/example_dags/example_dataset_alias_with_no_taskflow.py for tasks to queue
[2025-07-01T21:38:40.561+0000] {logging_mixin.py:190} INFO - [2025-07-01T21:38:40.560+0000] {dagbag.py:588} INFO - Filling up the DagBag from /home/airflow/.local/lib/python3.12/site-packages/airflow/example_dags/example_dataset_alias_with_no_taskflow.py
[2025-07-01T21:38:40.703+0000] {processor.py:925} INFO - DAG(s) 'dataset_alias_example_alias_producer_with_no_taskflow', 'dataset_alias_example_alias_consumer_with_no_taskflow', 'dataset_s3_bucket_consumer_with_no_taskflow', 'dataset_s3_bucket_producer_with_no_taskflow' retrieved from /home/airflow/.local/lib/python3.12/site-packages/airflow/example_dags/example_dataset_alias_with_no_taskflow.py
[2025-07-01T21:38:40.719+0000] {logging_mixin.py:190} INFO - [2025-07-01T21:38:40.719+0000] {dag.py:3239} INFO - Sync 4 DAGs
[2025-07-01T21:38:40.739+0000] {logging_mixin.py:190} INFO - [2025-07-01T21:38:40.739+0000] {dag.py:4180} INFO - Setting next_dagrun for dataset_alias_example_alias_consumer_with_no_taskflow to None, run_after=None
[2025-07-01T21:38:40.744+0000] {logging_mixin.py:190} INFO - [2025-07-01T21:38:40.744+0000] {dag.py:4180} INFO - Setting next_dagrun for dataset_alias_example_alias_producer_with_no_taskflow to None, run_after=None
[2025-07-01T21:38:40.745+0000] {logging_mixin.py:190} INFO - [2025-07-01T21:38:40.745+0000] {dag.py:4180} INFO - Setting next_dagrun for dataset_s3_bucket_consumer_with_no_taskflow to None, run_after=None
[2025-07-01T21:38:40.746+0000] {logging_mixin.py:190} INFO - [2025-07-01T21:38:40.746+0000] {dag.py:4180} INFO - Setting next_dagrun for dataset_s3_bucket_producer_with_no_taskflow to None, run_after=None
[2025-07-01T21:38:40.951+0000] {processor.py:208} INFO - Processing /home/airflow/.local/lib/python3.12/site-packages/airflow/example_dags/example_dataset_alias_with_no_taskflow.py took 0.398 seconds
[2025-07-01T21:39:11.477+0000] {processor.py:186} INFO - Started process (PID=2812) to work on /home/airflow/.local/lib/python3.12/site-packages/airflow/example_dags/example_dataset_alias_with_no_taskflow.py
[2025-07-01T21:39:11.478+0000] {processor.py:914} INFO - Processing file /home/airflow/.local/lib/python3.12/site-packages/airflow/example_dags/example_dataset_alias_with_no_taskflow.py for tasks to queue
[2025-07-01T21:39:11.480+0000] {logging_mixin.py:190} INFO - [2025-07-01T21:39:11.480+0000] {dagbag.py:588} INFO - Filling up the DagBag from /home/airflow/.local/lib/python3.12/site-packages/airflow/example_dags/example_dataset_alias_with_no_taskflow.py
[2025-07-01T21:39:11.800+0000] {processor.py:925} INFO - DAG(s) 'dataset_alias_example_alias_consumer_with_no_taskflow', 'dataset_s3_bucket_producer_with_no_taskflow', 'dataset_alias_example_alias_producer_with_no_taskflow', 'dataset_s3_bucket_consumer_with_no_taskflow' retrieved from /home/airflow/.local/lib/python3.12/site-packages/airflow/example_dags/example_dataset_alias_with_no_taskflow.py
[2025-07-01T21:39:11.816+0000] {logging_mixin.py:190} INFO - [2025-07-01T21:39:11.815+0000] {dag.py:3239} INFO - Sync 4 DAGs
[2025-07-01T21:39:11.832+0000] {logging_mixin.py:190} INFO - [2025-07-01T21:39:11.832+0000] {dag.py:4180} INFO - Setting next_dagrun for dataset_alias_example_alias_consumer_with_no_taskflow to None, run_after=None
[2025-07-01T21:39:11.835+0000] {logging_mixin.py:190} INFO - [2025-07-01T21:39:11.835+0000] {dag.py:4180} INFO - Setting next_dagrun for dataset_alias_example_alias_producer_with_no_taskflow to None, run_after=None
[2025-07-01T21:39:11.836+0000] {logging_mixin.py:190} INFO - [2025-07-01T21:39:11.836+0000] {dag.py:4180} INFO - Setting next_dagrun for dataset_s3_bucket_consumer_with_no_taskflow to None, run_after=None
[2025-07-01T21:39:11.837+0000] {logging_mixin.py:190} INFO - [2025-07-01T21:39:11.837+0000] {dag.py:4180} INFO - Setting next_dagrun for dataset_s3_bucket_producer_with_no_taskflow to None, run_after=None
[2025-07-01T21:39:11.857+0000] {processor.py:208} INFO - Processing /home/airflow/.local/lib/python3.12/site-packages/airflow/example_dags/example_dataset_alias_with_no_taskflow.py took 0.384 seconds
[2025-07-01T21:39:42.309+0000] {processor.py:186} INFO - Started process (PID=2875) to work on /home/airflow/.local/lib/python3.12/site-packages/airflow/example_dags/example_dataset_alias_with_no_taskflow.py
[2025-07-01T21:39:42.310+0000] {processor.py:914} INFO - Processing file /home/airflow/.local/lib/python3.12/site-packages/airflow/example_dags/example_dataset_alias_with_no_taskflow.py for tasks to queue
[2025-07-01T21:39:42.312+0000] {logging_mixin.py:190} INFO - [2025-07-01T21:39:42.312+0000] {dagbag.py:588} INFO - Filling up the DagBag from /home/airflow/.local/lib/python3.12/site-packages/airflow/example_dags/example_dataset_alias_with_no_taskflow.py
[2025-07-01T21:39:42.465+0000] {processor.py:925} INFO - DAG(s) 'dataset_alias_example_alias_producer_with_no_taskflow', 'dataset_s3_bucket_producer_with_no_taskflow', 'dataset_s3_bucket_consumer_with_no_taskflow', 'dataset_alias_example_alias_consumer_with_no_taskflow' retrieved from /home/airflow/.local/lib/python3.12/site-packages/airflow/example_dags/example_dataset_alias_with_no_taskflow.py
[2025-07-01T21:39:42.674+0000] {logging_mixin.py:190} INFO - [2025-07-01T21:39:42.673+0000] {dag.py:3239} INFO - Sync 4 DAGs
[2025-07-01T21:39:42.690+0000] {logging_mixin.py:190} INFO - [2025-07-01T21:39:42.690+0000] {dag.py:4180} INFO - Setting next_dagrun for dataset_alias_example_alias_consumer_with_no_taskflow to None, run_after=None
[2025-07-01T21:39:42.693+0000] {logging_mixin.py:190} INFO - [2025-07-01T21:39:42.693+0000] {dag.py:4180} INFO - Setting next_dagrun for dataset_alias_example_alias_producer_with_no_taskflow to None, run_after=None
[2025-07-01T21:39:42.695+0000] {logging_mixin.py:190} INFO - [2025-07-01T21:39:42.695+0000] {dag.py:4180} INFO - Setting next_dagrun for dataset_s3_bucket_consumer_with_no_taskflow to None, run_after=None
[2025-07-01T21:39:42.696+0000] {logging_mixin.py:190} INFO - [2025-07-01T21:39:42.696+0000] {dag.py:4180} INFO - Setting next_dagrun for dataset_s3_bucket_producer_with_no_taskflow to None, run_after=None
[2025-07-01T21:39:42.720+0000] {processor.py:208} INFO - Processing /home/airflow/.local/lib/python3.12/site-packages/airflow/example_dags/example_dataset_alias_with_no_taskflow.py took 0.415 seconds
[2025-07-01T21:40:13.278+0000] {processor.py:186} INFO - Started process (PID=2939) to work on /home/airflow/.local/lib/python3.12/site-packages/airflow/example_dags/example_dataset_alias_with_no_taskflow.py
[2025-07-01T21:40:13.279+0000] {processor.py:914} INFO - Processing file /home/airflow/.local/lib/python3.12/site-packages/airflow/example_dags/example_dataset_alias_with_no_taskflow.py for tasks to queue
[2025-07-01T21:40:13.281+0000] {logging_mixin.py:190} INFO - [2025-07-01T21:40:13.281+0000] {dagbag.py:588} INFO - Filling up the DagBag from /home/airflow/.local/lib/python3.12/site-packages/airflow/example_dags/example_dataset_alias_with_no_taskflow.py
[2025-07-01T21:40:13.418+0000] {processor.py:925} INFO - DAG(s) 'dataset_s3_bucket_producer_with_no_taskflow', 'dataset_alias_example_alias_producer_with_no_taskflow', 'dataset_s3_bucket_consumer_with_no_taskflow', 'dataset_alias_example_alias_consumer_with_no_taskflow' retrieved from /home/airflow/.local/lib/python3.12/site-packages/airflow/example_dags/example_dataset_alias_with_no_taskflow.py
[2025-07-01T21:40:13.436+0000] {logging_mixin.py:190} INFO - [2025-07-01T21:40:13.435+0000] {dag.py:3239} INFO - Sync 4 DAGs
[2025-07-01T21:40:13.630+0000] {logging_mixin.py:190} INFO - [2025-07-01T21:40:13.630+0000] {dag.py:4180} INFO - Setting next_dagrun for dataset_alias_example_alias_consumer_with_no_taskflow to None, run_after=None
[2025-07-01T21:40:13.633+0000] {logging_mixin.py:190} INFO - [2025-07-01T21:40:13.633+0000] {dag.py:4180} INFO - Setting next_dagrun for dataset_alias_example_alias_producer_with_no_taskflow to None, run_after=None
[2025-07-01T21:40:13.634+0000] {logging_mixin.py:190} INFO - [2025-07-01T21:40:13.634+0000] {dag.py:4180} INFO - Setting next_dagrun for dataset_s3_bucket_consumer_with_no_taskflow to None, run_after=None
[2025-07-01T21:40:13.635+0000] {logging_mixin.py:190} INFO - [2025-07-01T21:40:13.635+0000] {dag.py:4180} INFO - Setting next_dagrun for dataset_s3_bucket_producer_with_no_taskflow to None, run_after=None
[2025-07-01T21:40:13.655+0000] {processor.py:208} INFO - Processing /home/airflow/.local/lib/python3.12/site-packages/airflow/example_dags/example_dataset_alias_with_no_taskflow.py took 0.382 seconds
[2025-07-01T21:40:44.038+0000] {processor.py:186} INFO - Started process (PID=3002) to work on /home/airflow/.local/lib/python3.12/site-packages/airflow/example_dags/example_dataset_alias_with_no_taskflow.py
[2025-07-01T21:40:44.039+0000] {processor.py:914} INFO - Processing file /home/airflow/.local/lib/python3.12/site-packages/airflow/example_dags/example_dataset_alias_with_no_taskflow.py for tasks to queue
[2025-07-01T21:40:44.041+0000] {logging_mixin.py:190} INFO - [2025-07-01T21:40:44.040+0000] {dagbag.py:588} INFO - Filling up the DagBag from /home/airflow/.local/lib/python3.12/site-packages/airflow/example_dags/example_dataset_alias_with_no_taskflow.py
[2025-07-01T21:40:44.369+0000] {processor.py:925} INFO - DAG(s) 'dataset_alias_example_alias_consumer_with_no_taskflow', 'dataset_alias_example_alias_producer_with_no_taskflow', 'dataset_s3_bucket_producer_with_no_taskflow', 'dataset_s3_bucket_consumer_with_no_taskflow' retrieved from /home/airflow/.local/lib/python3.12/site-packages/airflow/example_dags/example_dataset_alias_with_no_taskflow.py
[2025-07-01T21:40:44.385+0000] {logging_mixin.py:190} INFO - [2025-07-01T21:40:44.385+0000] {dag.py:3239} INFO - Sync 4 DAGs
[2025-07-01T21:40:44.402+0000] {logging_mixin.py:190} INFO - [2025-07-01T21:40:44.402+0000] {dag.py:4180} INFO - Setting next_dagrun for dataset_alias_example_alias_consumer_with_no_taskflow to None, run_after=None
[2025-07-01T21:40:44.404+0000] {logging_mixin.py:190} INFO - [2025-07-01T21:40:44.404+0000] {dag.py:4180} INFO - Setting next_dagrun for dataset_alias_example_alias_producer_with_no_taskflow to None, run_after=None
[2025-07-01T21:40:44.405+0000] {logging_mixin.py:190} INFO - [2025-07-01T21:40:44.405+0000] {dag.py:4180} INFO - Setting next_dagrun for dataset_s3_bucket_consumer_with_no_taskflow to None, run_after=None
[2025-07-01T21:40:44.407+0000] {logging_mixin.py:190} INFO - [2025-07-01T21:40:44.406+0000] {dag.py:4180} INFO - Setting next_dagrun for dataset_s3_bucket_producer_with_no_taskflow to None, run_after=None
[2025-07-01T21:40:44.427+0000] {processor.py:208} INFO - Processing /home/airflow/.local/lib/python3.12/site-packages/airflow/example_dags/example_dataset_alias_with_no_taskflow.py took 0.394 seconds
[2025-07-01T21:41:14.811+0000] {processor.py:186} INFO - Started process (PID=3065) to work on /home/airflow/.local/lib/python3.12/site-packages/airflow/example_dags/example_dataset_alias_with_no_taskflow.py
[2025-07-01T21:41:14.812+0000] {processor.py:914} INFO - Processing file /home/airflow/.local/lib/python3.12/site-packages/airflow/example_dags/example_dataset_alias_with_no_taskflow.py for tasks to queue
[2025-07-01T21:41:14.814+0000] {logging_mixin.py:190} INFO - [2025-07-01T21:41:14.814+0000] {dagbag.py:588} INFO - Filling up the DagBag from /home/airflow/.local/lib/python3.12/site-packages/airflow/example_dags/example_dataset_alias_with_no_taskflow.py
[2025-07-01T21:41:15.115+0000] {processor.py:925} INFO - DAG(s) 'dataset_alias_example_alias_consumer_with_no_taskflow', 'dataset_alias_example_alias_producer_with_no_taskflow', 'dataset_s3_bucket_consumer_with_no_taskflow', 'dataset_s3_bucket_producer_with_no_taskflow' retrieved from /home/airflow/.local/lib/python3.12/site-packages/airflow/example_dags/example_dataset_alias_with_no_taskflow.py
[2025-07-01T21:41:15.131+0000] {logging_mixin.py:190} INFO - [2025-07-01T21:41:15.130+0000] {dag.py:3239} INFO - Sync 4 DAGs
[2025-07-01T21:41:15.147+0000] {logging_mixin.py:190} INFO - [2025-07-01T21:41:15.147+0000] {dag.py:4180} INFO - Setting next_dagrun for dataset_alias_example_alias_consumer_with_no_taskflow to None, run_after=None
[2025-07-01T21:41:15.150+0000] {logging_mixin.py:190} INFO - [2025-07-01T21:41:15.150+0000] {dag.py:4180} INFO - Setting next_dagrun for dataset_alias_example_alias_producer_with_no_taskflow to None, run_after=None
[2025-07-01T21:41:15.152+0000] {logging_mixin.py:190} INFO - [2025-07-01T21:41:15.152+0000] {dag.py:4180} INFO - Setting next_dagrun for dataset_s3_bucket_consumer_with_no_taskflow to None, run_after=None
[2025-07-01T21:41:15.154+0000] {logging_mixin.py:190} INFO - [2025-07-01T21:41:15.153+0000] {dag.py:4180} INFO - Setting next_dagrun for dataset_s3_bucket_producer_with_no_taskflow to None, run_after=None
[2025-07-01T21:41:15.172+0000] {processor.py:208} INFO - Processing /home/airflow/.local/lib/python3.12/site-packages/airflow/example_dags/example_dataset_alias_with_no_taskflow.py took 0.366 seconds
[2025-07-01T21:41:45.749+0000] {processor.py:186} INFO - Started process (PID=3128) to work on /home/airflow/.local/lib/python3.12/site-packages/airflow/example_dags/example_dataset_alias_with_no_taskflow.py
[2025-07-01T21:41:45.750+0000] {processor.py:914} INFO - Processing file /home/airflow/.local/lib/python3.12/site-packages/airflow/example_dags/example_dataset_alias_with_no_taskflow.py for tasks to queue
[2025-07-01T21:41:45.752+0000] {logging_mixin.py:190} INFO - [2025-07-01T21:41:45.751+0000] {dagbag.py:588} INFO - Filling up the DagBag from /home/airflow/.local/lib/python3.12/site-packages/airflow/example_dags/example_dataset_alias_with_no_taskflow.py
[2025-07-01T21:41:45.883+0000] {processor.py:925} INFO - DAG(s) 'dataset_alias_example_alias_producer_with_no_taskflow', 'dataset_s3_bucket_consumer_with_no_taskflow', 'dataset_s3_bucket_producer_with_no_taskflow', 'dataset_alias_example_alias_consumer_with_no_taskflow' retrieved from /home/airflow/.local/lib/python3.12/site-packages/airflow/example_dags/example_dataset_alias_with_no_taskflow.py
[2025-07-01T21:41:46.087+0000] {logging_mixin.py:190} INFO - [2025-07-01T21:41:46.087+0000] {dag.py:3239} INFO - Sync 4 DAGs
[2025-07-01T21:41:46.103+0000] {logging_mixin.py:190} INFO - [2025-07-01T21:41:46.103+0000] {dag.py:4180} INFO - Setting next_dagrun for dataset_alias_example_alias_consumer_with_no_taskflow to None, run_after=None
[2025-07-01T21:41:46.105+0000] {logging_mixin.py:190} INFO - [2025-07-01T21:41:46.105+0000] {dag.py:4180} INFO - Setting next_dagrun for dataset_alias_example_alias_producer_with_no_taskflow to None, run_after=None
[2025-07-01T21:41:46.106+0000] {logging_mixin.py:190} INFO - [2025-07-01T21:41:46.106+0000] {dag.py:4180} INFO - Setting next_dagrun for dataset_s3_bucket_consumer_with_no_taskflow to None, run_after=None
[2025-07-01T21:41:46.107+0000] {logging_mixin.py:190} INFO - [2025-07-01T21:41:46.107+0000] {dag.py:4180} INFO - Setting next_dagrun for dataset_s3_bucket_producer_with_no_taskflow to None, run_after=None
[2025-07-01T21:41:46.130+0000] {processor.py:208} INFO - Processing /home/airflow/.local/lib/python3.12/site-packages/airflow/example_dags/example_dataset_alias_with_no_taskflow.py took 0.386 seconds
[2025-07-01T21:42:16.552+0000] {processor.py:186} INFO - Started process (PID=3191) to work on /home/airflow/.local/lib/python3.12/site-packages/airflow/example_dags/example_dataset_alias_with_no_taskflow.py
[2025-07-01T21:42:16.553+0000] {processor.py:914} INFO - Processing file /home/airflow/.local/lib/python3.12/site-packages/airflow/example_dags/example_dataset_alias_with_no_taskflow.py for tasks to queue
[2025-07-01T21:42:16.556+0000] {logging_mixin.py:190} INFO - [2025-07-01T21:42:16.555+0000] {dagbag.py:588} INFO - Filling up the DagBag from /home/airflow/.local/lib/python3.12/site-packages/airflow/example_dags/example_dataset_alias_with_no_taskflow.py
[2025-07-01T21:42:16.883+0000] {processor.py:925} INFO - DAG(s) 'dataset_s3_bucket_consumer_with_no_taskflow', 'dataset_alias_example_alias_producer_with_no_taskflow', 'dataset_s3_bucket_producer_with_no_taskflow', 'dataset_alias_example_alias_consumer_with_no_taskflow' retrieved from /home/airflow/.local/lib/python3.12/site-packages/airflow/example_dags/example_dataset_alias_with_no_taskflow.py
[2025-07-01T21:42:16.901+0000] {logging_mixin.py:190} INFO - [2025-07-01T21:42:16.901+0000] {dag.py:3239} INFO - Sync 4 DAGs
[2025-07-01T21:42:16.920+0000] {logging_mixin.py:190} INFO - [2025-07-01T21:42:16.920+0000] {dag.py:4180} INFO - Setting next_dagrun for dataset_alias_example_alias_consumer_with_no_taskflow to None, run_after=None
[2025-07-01T21:42:16.923+0000] {logging_mixin.py:190} INFO - [2025-07-01T21:42:16.923+0000] {dag.py:4180} INFO - Setting next_dagrun for dataset_alias_example_alias_producer_with_no_taskflow to None, run_after=None
[2025-07-01T21:42:16.925+0000] {logging_mixin.py:190} INFO - [2025-07-01T21:42:16.925+0000] {dag.py:4180} INFO - Setting next_dagrun for dataset_s3_bucket_consumer_with_no_taskflow to None, run_after=None
[2025-07-01T21:42:16.926+0000] {logging_mixin.py:190} INFO - [2025-07-01T21:42:16.926+0000] {dag.py:4180} INFO - Setting next_dagrun for dataset_s3_bucket_producer_with_no_taskflow to None, run_after=None
[2025-07-01T21:42:16.946+0000] {processor.py:208} INFO - Processing /home/airflow/.local/lib/python3.12/site-packages/airflow/example_dags/example_dataset_alias_with_no_taskflow.py took 0.399 seconds
[2025-07-01T21:42:47.517+0000] {processor.py:186} INFO - Started process (PID=3255) to work on /home/airflow/.local/lib/python3.12/site-packages/airflow/example_dags/example_dataset_alias_with_no_taskflow.py
[2025-07-01T21:42:47.518+0000] {processor.py:914} INFO - Processing file /home/airflow/.local/lib/python3.12/site-packages/airflow/example_dags/example_dataset_alias_with_no_taskflow.py for tasks to queue
[2025-07-01T21:42:47.520+0000] {logging_mixin.py:190} INFO - [2025-07-01T21:42:47.520+0000] {dagbag.py:588} INFO - Filling up the DagBag from /home/airflow/.local/lib/python3.12/site-packages/airflow/example_dags/example_dataset_alias_with_no_taskflow.py
[2025-07-01T21:42:47.833+0000] {processor.py:925} INFO - DAG(s) 'dataset_s3_bucket_producer_with_no_taskflow', 'dataset_alias_example_alias_producer_with_no_taskflow', 'dataset_s3_bucket_consumer_with_no_taskflow', 'dataset_alias_example_alias_consumer_with_no_taskflow' retrieved from /home/airflow/.local/lib/python3.12/site-packages/airflow/example_dags/example_dataset_alias_with_no_taskflow.py
[2025-07-01T21:42:47.849+0000] {logging_mixin.py:190} INFO - [2025-07-01T21:42:47.849+0000] {dag.py:3239} INFO - Sync 4 DAGs
[2025-07-01T21:42:47.867+0000] {logging_mixin.py:190} INFO - [2025-07-01T21:42:47.866+0000] {dag.py:4180} INFO - Setting next_dagrun for dataset_alias_example_alias_consumer_with_no_taskflow to None, run_after=None
[2025-07-01T21:42:47.869+0000] {logging_mixin.py:190} INFO - [2025-07-01T21:42:47.869+0000] {dag.py:4180} INFO - Setting next_dagrun for dataset_alias_example_alias_producer_with_no_taskflow to None, run_after=None
[2025-07-01T21:42:47.870+0000] {logging_mixin.py:190} INFO - [2025-07-01T21:42:47.870+0000] {dag.py:4180} INFO - Setting next_dagrun for dataset_s3_bucket_consumer_with_no_taskflow to None, run_after=None
[2025-07-01T21:42:47.871+0000] {logging_mixin.py:190} INFO - [2025-07-01T21:42:47.871+0000] {dag.py:4180} INFO - Setting next_dagrun for dataset_s3_bucket_producer_with_no_taskflow to None, run_after=None
[2025-07-01T21:42:47.889+0000] {processor.py:208} INFO - Processing /home/airflow/.local/lib/python3.12/site-packages/airflow/example_dags/example_dataset_alias_with_no_taskflow.py took 0.377 seconds
[2025-07-01T21:43:18.704+0000] {processor.py:186} INFO - Started process (PID=3318) to work on /home/airflow/.local/lib/python3.12/site-packages/airflow/example_dags/example_dataset_alias_with_no_taskflow.py
[2025-07-01T21:43:18.705+0000] {processor.py:914} INFO - Processing file /home/airflow/.local/lib/python3.12/site-packages/airflow/example_dags/example_dataset_alias_with_no_taskflow.py for tasks to queue
[2025-07-01T21:43:18.707+0000] {logging_mixin.py:190} INFO - [2025-07-01T21:43:18.706+0000] {dagbag.py:588} INFO - Filling up the DagBag from /home/airflow/.local/lib/python3.12/site-packages/airflow/example_dags/example_dataset_alias_with_no_taskflow.py
[2025-07-01T21:43:19.001+0000] {processor.py:925} INFO - DAG(s) 'dataset_alias_example_alias_producer_with_no_taskflow', 'dataset_alias_example_alias_consumer_with_no_taskflow', 'dataset_s3_bucket_producer_with_no_taskflow', 'dataset_s3_bucket_consumer_with_no_taskflow' retrieved from /home/airflow/.local/lib/python3.12/site-packages/airflow/example_dags/example_dataset_alias_with_no_taskflow.py
[2025-07-01T21:43:19.019+0000] {logging_mixin.py:190} INFO - [2025-07-01T21:43:19.019+0000] {dag.py:3239} INFO - Sync 4 DAGs
[2025-07-01T21:43:19.035+0000] {logging_mixin.py:190} INFO - [2025-07-01T21:43:19.035+0000] {dag.py:4180} INFO - Setting next_dagrun for dataset_alias_example_alias_consumer_with_no_taskflow to None, run_after=None
[2025-07-01T21:43:19.038+0000] {logging_mixin.py:190} INFO - [2025-07-01T21:43:19.038+0000] {dag.py:4180} INFO - Setting next_dagrun for dataset_alias_example_alias_producer_with_no_taskflow to None, run_after=None
[2025-07-01T21:43:19.039+0000] {logging_mixin.py:190} INFO - [2025-07-01T21:43:19.039+0000] {dag.py:4180} INFO - Setting next_dagrun for dataset_s3_bucket_consumer_with_no_taskflow to None, run_after=None
[2025-07-01T21:43:19.040+0000] {logging_mixin.py:190} INFO - [2025-07-01T21:43:19.040+0000] {dag.py:4180} INFO - Setting next_dagrun for dataset_s3_bucket_producer_with_no_taskflow to None, run_after=None
[2025-07-01T21:43:19.060+0000] {processor.py:208} INFO - Processing /home/airflow/.local/lib/python3.12/site-packages/airflow/example_dags/example_dataset_alias_with_no_taskflow.py took 0.361 seconds
[2025-07-01T21:43:49.540+0000] {processor.py:186} INFO - Started process (PID=3381) to work on /home/airflow/.local/lib/python3.12/site-packages/airflow/example_dags/example_dataset_alias_with_no_taskflow.py
[2025-07-01T21:43:49.541+0000] {processor.py:914} INFO - Processing file /home/airflow/.local/lib/python3.12/site-packages/airflow/example_dags/example_dataset_alias_with_no_taskflow.py for tasks to queue
[2025-07-01T21:43:49.542+0000] {logging_mixin.py:190} INFO - [2025-07-01T21:43:49.542+0000] {dagbag.py:588} INFO - Filling up the DagBag from /home/airflow/.local/lib/python3.12/site-packages/airflow/example_dags/example_dataset_alias_with_no_taskflow.py
[2025-07-01T21:43:49.824+0000] {processor.py:925} INFO - DAG(s) 'dataset_alias_example_alias_producer_with_no_taskflow', 'dataset_s3_bucket_producer_with_no_taskflow', 'dataset_alias_example_alias_consumer_with_no_taskflow', 'dataset_s3_bucket_consumer_with_no_taskflow' retrieved from /home/airflow/.local/lib/python3.12/site-packages/airflow/example_dags/example_dataset_alias_with_no_taskflow.py
[2025-07-01T21:43:49.841+0000] {logging_mixin.py:190} INFO - [2025-07-01T21:43:49.841+0000] {dag.py:3239} INFO - Sync 4 DAGs
[2025-07-01T21:43:49.859+0000] {logging_mixin.py:190} INFO - [2025-07-01T21:43:49.859+0000] {dag.py:4180} INFO - Setting next_dagrun for dataset_alias_example_alias_consumer_with_no_taskflow to None, run_after=None
[2025-07-01T21:43:49.862+0000] {logging_mixin.py:190} INFO - [2025-07-01T21:43:49.862+0000] {dag.py:4180} INFO - Setting next_dagrun for dataset_alias_example_alias_producer_with_no_taskflow to None, run_after=None
[2025-07-01T21:43:49.863+0000] {logging_mixin.py:190} INFO - [2025-07-01T21:43:49.863+0000] {dag.py:4180} INFO - Setting next_dagrun for dataset_s3_bucket_consumer_with_no_taskflow to None, run_after=None
[2025-07-01T21:43:49.865+0000] {logging_mixin.py:190} INFO - [2025-07-01T21:43:49.865+0000] {dag.py:4180} INFO - Setting next_dagrun for dataset_s3_bucket_producer_with_no_taskflow to None, run_after=None
[2025-07-01T21:43:49.889+0000] {processor.py:208} INFO - Processing /home/airflow/.local/lib/python3.12/site-packages/airflow/example_dags/example_dataset_alias_with_no_taskflow.py took 0.354 seconds
[2025-07-01T21:44:20.322+0000] {processor.py:186} INFO - Started process (PID=3444) to work on /home/airflow/.local/lib/python3.12/site-packages/airflow/example_dags/example_dataset_alias_with_no_taskflow.py
[2025-07-01T21:44:20.323+0000] {processor.py:914} INFO - Processing file /home/airflow/.local/lib/python3.12/site-packages/airflow/example_dags/example_dataset_alias_with_no_taskflow.py for tasks to queue
[2025-07-01T21:44:20.326+0000] {logging_mixin.py:190} INFO - [2025-07-01T21:44:20.325+0000] {dagbag.py:588} INFO - Filling up the DagBag from /home/airflow/.local/lib/python3.12/site-packages/airflow/example_dags/example_dataset_alias_with_no_taskflow.py
[2025-07-01T21:44:20.663+0000] {processor.py:925} INFO - DAG(s) 'dataset_s3_bucket_consumer_with_no_taskflow', 'dataset_alias_example_alias_producer_with_no_taskflow', 'dataset_s3_bucket_producer_with_no_taskflow', 'dataset_alias_example_alias_consumer_with_no_taskflow' retrieved from /home/airflow/.local/lib/python3.12/site-packages/airflow/example_dags/example_dataset_alias_with_no_taskflow.py
[2025-07-01T21:44:20.683+0000] {logging_mixin.py:190} INFO - [2025-07-01T21:44:20.682+0000] {dag.py:3239} INFO - Sync 4 DAGs
[2025-07-01T21:44:20.699+0000] {logging_mixin.py:190} INFO - [2025-07-01T21:44:20.699+0000] {dag.py:4180} INFO - Setting next_dagrun for dataset_alias_example_alias_consumer_with_no_taskflow to None, run_after=None
[2025-07-01T21:44:20.702+0000] {logging_mixin.py:190} INFO - [2025-07-01T21:44:20.702+0000] {dag.py:4180} INFO - Setting next_dagrun for dataset_alias_example_alias_producer_with_no_taskflow to None, run_after=None
[2025-07-01T21:44:20.704+0000] {logging_mixin.py:190} INFO - [2025-07-01T21:44:20.704+0000] {dag.py:4180} INFO - Setting next_dagrun for dataset_s3_bucket_consumer_with_no_taskflow to None, run_after=None
[2025-07-01T21:44:20.705+0000] {logging_mixin.py:190} INFO - [2025-07-01T21:44:20.705+0000] {dag.py:4180} INFO - Setting next_dagrun for dataset_s3_bucket_producer_with_no_taskflow to None, run_after=None
[2025-07-01T21:44:20.726+0000] {processor.py:208} INFO - Processing /home/airflow/.local/lib/python3.12/site-packages/airflow/example_dags/example_dataset_alias_with_no_taskflow.py took 0.410 seconds
[2025-07-01T21:44:51.030+0000] {processor.py:186} INFO - Started process (PID=3507) to work on /home/airflow/.local/lib/python3.12/site-packages/airflow/example_dags/example_dataset_alias_with_no_taskflow.py
[2025-07-01T21:44:51.031+0000] {processor.py:914} INFO - Processing file /home/airflow/.local/lib/python3.12/site-packages/airflow/example_dags/example_dataset_alias_with_no_taskflow.py for tasks to queue
[2025-07-01T21:44:51.033+0000] {logging_mixin.py:190} INFO - [2025-07-01T21:44:51.033+0000] {dagbag.py:588} INFO - Filling up the DagBag from /home/airflow/.local/lib/python3.12/site-packages/airflow/example_dags/example_dataset_alias_with_no_taskflow.py
[2025-07-01T21:44:51.313+0000] {processor.py:925} INFO - DAG(s) 'dataset_alias_example_alias_consumer_with_no_taskflow', 'dataset_s3_bucket_producer_with_no_taskflow', 'dataset_s3_bucket_consumer_with_no_taskflow', 'dataset_alias_example_alias_producer_with_no_taskflow' retrieved from /home/airflow/.local/lib/python3.12/site-packages/airflow/example_dags/example_dataset_alias_with_no_taskflow.py
[2025-07-01T21:44:51.328+0000] {logging_mixin.py:190} INFO - [2025-07-01T21:44:51.328+0000] {dag.py:3239} INFO - Sync 4 DAGs
[2025-07-01T21:44:51.345+0000] {logging_mixin.py:190} INFO - [2025-07-01T21:44:51.345+0000] {dag.py:4180} INFO - Setting next_dagrun for dataset_alias_example_alias_consumer_with_no_taskflow to None, run_after=None
[2025-07-01T21:44:51.347+0000] {logging_mixin.py:190} INFO - [2025-07-01T21:44:51.347+0000] {dag.py:4180} INFO - Setting next_dagrun for dataset_alias_example_alias_producer_with_no_taskflow to None, run_after=None
[2025-07-01T21:44:51.349+0000] {logging_mixin.py:190} INFO - [2025-07-01T21:44:51.348+0000] {dag.py:4180} INFO - Setting next_dagrun for dataset_s3_bucket_consumer_with_no_taskflow to None, run_after=None
[2025-07-01T21:44:51.350+0000] {logging_mixin.py:190} INFO - [2025-07-01T21:44:51.350+0000] {dag.py:4180} INFO - Setting next_dagrun for dataset_s3_bucket_producer_with_no_taskflow to None, run_after=None
[2025-07-01T21:44:51.374+0000] {processor.py:208} INFO - Processing /home/airflow/.local/lib/python3.12/site-packages/airflow/example_dags/example_dataset_alias_with_no_taskflow.py took 0.350 seconds
[2025-07-01T21:45:21.972+0000] {processor.py:186} INFO - Started process (PID=3576) to work on /home/airflow/.local/lib/python3.12/site-packages/airflow/example_dags/example_dataset_alias_with_no_taskflow.py
[2025-07-01T21:45:21.973+0000] {processor.py:914} INFO - Processing file /home/airflow/.local/lib/python3.12/site-packages/airflow/example_dags/example_dataset_alias_with_no_taskflow.py for tasks to queue
[2025-07-01T21:45:21.976+0000] {logging_mixin.py:190} INFO - [2025-07-01T21:45:21.975+0000] {dagbag.py:588} INFO - Filling up the DagBag from /home/airflow/.local/lib/python3.12/site-packages/airflow/example_dags/example_dataset_alias_with_no_taskflow.py
[2025-07-01T21:45:22.276+0000] {processor.py:925} INFO - DAG(s) 'dataset_s3_bucket_producer_with_no_taskflow', 'dataset_alias_example_alias_consumer_with_no_taskflow', 'dataset_alias_example_alias_producer_with_no_taskflow', 'dataset_s3_bucket_consumer_with_no_taskflow' retrieved from /home/airflow/.local/lib/python3.12/site-packages/airflow/example_dags/example_dataset_alias_with_no_taskflow.py
[2025-07-01T21:45:22.293+0000] {logging_mixin.py:190} INFO - [2025-07-01T21:45:22.293+0000] {dag.py:3239} INFO - Sync 4 DAGs
[2025-07-01T21:45:22.309+0000] {logging_mixin.py:190} INFO - [2025-07-01T21:45:22.309+0000] {dag.py:4180} INFO - Setting next_dagrun for dataset_alias_example_alias_consumer_with_no_taskflow to None, run_after=None
[2025-07-01T21:45:22.311+0000] {logging_mixin.py:190} INFO - [2025-07-01T21:45:22.311+0000] {dag.py:4180} INFO - Setting next_dagrun for dataset_alias_example_alias_producer_with_no_taskflow to None, run_after=None
[2025-07-01T21:45:22.313+0000] {logging_mixin.py:190} INFO - [2025-07-01T21:45:22.313+0000] {dag.py:4180} INFO - Setting next_dagrun for dataset_s3_bucket_consumer_with_no_taskflow to None, run_after=None
[2025-07-01T21:45:22.314+0000] {logging_mixin.py:190} INFO - [2025-07-01T21:45:22.314+0000] {dag.py:4180} INFO - Setting next_dagrun for dataset_s3_bucket_producer_with_no_taskflow to None, run_after=None
[2025-07-01T21:45:22.336+0000] {processor.py:208} INFO - Processing /home/airflow/.local/lib/python3.12/site-packages/airflow/example_dags/example_dataset_alias_with_no_taskflow.py took 0.370 seconds
[2025-07-01T21:45:52.949+0000] {processor.py:186} INFO - Started process (PID=3639) to work on /home/airflow/.local/lib/python3.12/site-packages/airflow/example_dags/example_dataset_alias_with_no_taskflow.py
[2025-07-01T21:45:52.950+0000] {processor.py:914} INFO - Processing file /home/airflow/.local/lib/python3.12/site-packages/airflow/example_dags/example_dataset_alias_with_no_taskflow.py for tasks to queue
[2025-07-01T21:45:52.952+0000] {logging_mixin.py:190} INFO - [2025-07-01T21:45:52.951+0000] {dagbag.py:588} INFO - Filling up the DagBag from /home/airflow/.local/lib/python3.12/site-packages/airflow/example_dags/example_dataset_alias_with_no_taskflow.py
[2025-07-01T21:45:53.274+0000] {processor.py:925} INFO - DAG(s) 'dataset_alias_example_alias_producer_with_no_taskflow', 'dataset_alias_example_alias_consumer_with_no_taskflow', 'dataset_s3_bucket_consumer_with_no_taskflow', 'dataset_s3_bucket_producer_with_no_taskflow' retrieved from /home/airflow/.local/lib/python3.12/site-packages/airflow/example_dags/example_dataset_alias_with_no_taskflow.py
[2025-07-01T21:45:53.297+0000] {logging_mixin.py:190} INFO - [2025-07-01T21:45:53.297+0000] {dag.py:3239} INFO - Sync 4 DAGs
[2025-07-01T21:45:53.317+0000] {logging_mixin.py:190} INFO - [2025-07-01T21:45:53.317+0000] {dag.py:4180} INFO - Setting next_dagrun for dataset_alias_example_alias_consumer_with_no_taskflow to None, run_after=None
[2025-07-01T21:45:53.320+0000] {logging_mixin.py:190} INFO - [2025-07-01T21:45:53.320+0000] {dag.py:4180} INFO - Setting next_dagrun for dataset_alias_example_alias_producer_with_no_taskflow to None, run_after=None
[2025-07-01T21:45:53.322+0000] {logging_mixin.py:190} INFO - [2025-07-01T21:45:53.321+0000] {dag.py:4180} INFO - Setting next_dagrun for dataset_s3_bucket_consumer_with_no_taskflow to None, run_after=None
[2025-07-01T21:45:53.323+0000] {logging_mixin.py:190} INFO - [2025-07-01T21:45:53.323+0000] {dag.py:4180} INFO - Setting next_dagrun for dataset_s3_bucket_producer_with_no_taskflow to None, run_after=None
[2025-07-01T21:45:53.345+0000] {processor.py:208} INFO - Processing /home/airflow/.local/lib/python3.12/site-packages/airflow/example_dags/example_dataset_alias_with_no_taskflow.py took 0.400 seconds
[2025-07-01T21:46:23.798+0000] {processor.py:186} INFO - Started process (PID=3702) to work on /home/airflow/.local/lib/python3.12/site-packages/airflow/example_dags/example_dataset_alias_with_no_taskflow.py
[2025-07-01T21:46:23.799+0000] {processor.py:914} INFO - Processing file /home/airflow/.local/lib/python3.12/site-packages/airflow/example_dags/example_dataset_alias_with_no_taskflow.py for tasks to queue
[2025-07-01T21:46:23.801+0000] {logging_mixin.py:190} INFO - [2025-07-01T21:46:23.801+0000] {dagbag.py:588} INFO - Filling up the DagBag from /home/airflow/.local/lib/python3.12/site-packages/airflow/example_dags/example_dataset_alias_with_no_taskflow.py
[2025-07-01T21:46:24.118+0000] {processor.py:925} INFO - DAG(s) 'dataset_s3_bucket_producer_with_no_taskflow', 'dataset_s3_bucket_consumer_with_no_taskflow', 'dataset_alias_example_alias_consumer_with_no_taskflow', 'dataset_alias_example_alias_producer_with_no_taskflow' retrieved from /home/airflow/.local/lib/python3.12/site-packages/airflow/example_dags/example_dataset_alias_with_no_taskflow.py
[2025-07-01T21:46:24.140+0000] {logging_mixin.py:190} INFO - [2025-07-01T21:46:24.140+0000] {dag.py:3239} INFO - Sync 4 DAGs
[2025-07-01T21:46:24.161+0000] {logging_mixin.py:190} INFO - [2025-07-01T21:46:24.161+0000] {dag.py:4180} INFO - Setting next_dagrun for dataset_alias_example_alias_consumer_with_no_taskflow to None, run_after=None
[2025-07-01T21:46:24.164+0000] {logging_mixin.py:190} INFO - [2025-07-01T21:46:24.164+0000] {dag.py:4180} INFO - Setting next_dagrun for dataset_alias_example_alias_producer_with_no_taskflow to None, run_after=None
[2025-07-01T21:46:24.165+0000] {logging_mixin.py:190} INFO - [2025-07-01T21:46:24.165+0000] {dag.py:4180} INFO - Setting next_dagrun for dataset_s3_bucket_consumer_with_no_taskflow to None, run_after=None
[2025-07-01T21:46:24.166+0000] {logging_mixin.py:190} INFO - [2025-07-01T21:46:24.166+0000] {dag.py:4180} INFO - Setting next_dagrun for dataset_s3_bucket_producer_with_no_taskflow to None, run_after=None
[2025-07-01T21:46:24.190+0000] {processor.py:208} INFO - Processing /home/airflow/.local/lib/python3.12/site-packages/airflow/example_dags/example_dataset_alias_with_no_taskflow.py took 0.396 seconds
[2025-07-01T21:46:54.736+0000] {processor.py:186} INFO - Started process (PID=3765) to work on /home/airflow/.local/lib/python3.12/site-packages/airflow/example_dags/example_dataset_alias_with_no_taskflow.py
[2025-07-01T21:46:54.737+0000] {processor.py:914} INFO - Processing file /home/airflow/.local/lib/python3.12/site-packages/airflow/example_dags/example_dataset_alias_with_no_taskflow.py for tasks to queue
[2025-07-01T21:46:54.739+0000] {logging_mixin.py:190} INFO - [2025-07-01T21:46:54.739+0000] {dagbag.py:588} INFO - Filling up the DagBag from /home/airflow/.local/lib/python3.12/site-packages/airflow/example_dags/example_dataset_alias_with_no_taskflow.py
[2025-07-01T21:46:55.035+0000] {processor.py:925} INFO - DAG(s) 'dataset_s3_bucket_producer_with_no_taskflow', 'dataset_s3_bucket_consumer_with_no_taskflow', 'dataset_alias_example_alias_consumer_with_no_taskflow', 'dataset_alias_example_alias_producer_with_no_taskflow' retrieved from /home/airflow/.local/lib/python3.12/site-packages/airflow/example_dags/example_dataset_alias_with_no_taskflow.py
[2025-07-01T21:46:55.050+0000] {logging_mixin.py:190} INFO - [2025-07-01T21:46:55.049+0000] {dag.py:3239} INFO - Sync 4 DAGs
[2025-07-01T21:46:55.066+0000] {logging_mixin.py:190} INFO - [2025-07-01T21:46:55.066+0000] {dag.py:4180} INFO - Setting next_dagrun for dataset_alias_example_alias_consumer_with_no_taskflow to None, run_after=None
[2025-07-01T21:46:55.068+0000] {logging_mixin.py:190} INFO - [2025-07-01T21:46:55.068+0000] {dag.py:4180} INFO - Setting next_dagrun for dataset_alias_example_alias_producer_with_no_taskflow to None, run_after=None
[2025-07-01T21:46:55.069+0000] {logging_mixin.py:190} INFO - [2025-07-01T21:46:55.069+0000] {dag.py:4180} INFO - Setting next_dagrun for dataset_s3_bucket_consumer_with_no_taskflow to None, run_after=None
[2025-07-01T21:46:55.070+0000] {logging_mixin.py:190} INFO - [2025-07-01T21:46:55.070+0000] {dag.py:4180} INFO - Setting next_dagrun for dataset_s3_bucket_producer_with_no_taskflow to None, run_after=None
[2025-07-01T21:46:55.090+0000] {processor.py:208} INFO - Processing /home/airflow/.local/lib/python3.12/site-packages/airflow/example_dags/example_dataset_alias_with_no_taskflow.py took 0.359 seconds
[2025-07-01T21:47:25.710+0000] {processor.py:186} INFO - Started process (PID=3828) to work on /home/airflow/.local/lib/python3.12/site-packages/airflow/example_dags/example_dataset_alias_with_no_taskflow.py
[2025-07-01T21:47:25.711+0000] {processor.py:914} INFO - Processing file /home/airflow/.local/lib/python3.12/site-packages/airflow/example_dags/example_dataset_alias_with_no_taskflow.py for tasks to queue
[2025-07-01T21:47:25.713+0000] {logging_mixin.py:190} INFO - [2025-07-01T21:47:25.713+0000] {dagbag.py:588} INFO - Filling up the DagBag from /home/airflow/.local/lib/python3.12/site-packages/airflow/example_dags/example_dataset_alias_with_no_taskflow.py
[2025-07-01T21:47:26.028+0000] {processor.py:925} INFO - DAG(s) 'dataset_alias_example_alias_consumer_with_no_taskflow', 'dataset_s3_bucket_producer_with_no_taskflow', 'dataset_s3_bucket_consumer_with_no_taskflow', 'dataset_alias_example_alias_producer_with_no_taskflow' retrieved from /home/airflow/.local/lib/python3.12/site-packages/airflow/example_dags/example_dataset_alias_with_no_taskflow.py
[2025-07-01T21:47:26.046+0000] {logging_mixin.py:190} INFO - [2025-07-01T21:47:26.046+0000] {dag.py:3239} INFO - Sync 4 DAGs
[2025-07-01T21:47:26.066+0000] {logging_mixin.py:190} INFO - [2025-07-01T21:47:26.066+0000] {dag.py:4180} INFO - Setting next_dagrun for dataset_alias_example_alias_consumer_with_no_taskflow to None, run_after=None
[2025-07-01T21:47:26.069+0000] {logging_mixin.py:190} INFO - [2025-07-01T21:47:26.068+0000] {dag.py:4180} INFO - Setting next_dagrun for dataset_alias_example_alias_producer_with_no_taskflow to None, run_after=None
[2025-07-01T21:47:26.070+0000] {logging_mixin.py:190} INFO - [2025-07-01T21:47:26.070+0000] {dag.py:4180} INFO - Setting next_dagrun for dataset_s3_bucket_consumer_with_no_taskflow to None, run_after=None
[2025-07-01T21:47:26.071+0000] {logging_mixin.py:190} INFO - [2025-07-01T21:47:26.071+0000] {dag.py:4180} INFO - Setting next_dagrun for dataset_s3_bucket_producer_with_no_taskflow to None, run_after=None
[2025-07-01T21:47:26.093+0000] {processor.py:208} INFO - Processing /home/airflow/.local/lib/python3.12/site-packages/airflow/example_dags/example_dataset_alias_with_no_taskflow.py took 0.388 seconds
[2025-07-01T21:47:56.641+0000] {processor.py:186} INFO - Started process (PID=3891) to work on /home/airflow/.local/lib/python3.12/site-packages/airflow/example_dags/example_dataset_alias_with_no_taskflow.py
[2025-07-01T21:47:56.641+0000] {processor.py:914} INFO - Processing file /home/airflow/.local/lib/python3.12/site-packages/airflow/example_dags/example_dataset_alias_with_no_taskflow.py for tasks to queue
[2025-07-01T21:47:56.643+0000] {logging_mixin.py:190} INFO - [2025-07-01T21:47:56.643+0000] {dagbag.py:588} INFO - Filling up the DagBag from /home/airflow/.local/lib/python3.12/site-packages/airflow/example_dags/example_dataset_alias_with_no_taskflow.py
[2025-07-01T21:47:56.933+0000] {processor.py:925} INFO - DAG(s) 'dataset_s3_bucket_consumer_with_no_taskflow', 'dataset_alias_example_alias_producer_with_no_taskflow', 'dataset_s3_bucket_producer_with_no_taskflow', 'dataset_alias_example_alias_consumer_with_no_taskflow' retrieved from /home/airflow/.local/lib/python3.12/site-packages/airflow/example_dags/example_dataset_alias_with_no_taskflow.py
[2025-07-01T21:47:56.953+0000] {logging_mixin.py:190} INFO - [2025-07-01T21:47:56.953+0000] {dag.py:3239} INFO - Sync 4 DAGs
[2025-07-01T21:47:56.973+0000] {logging_mixin.py:190} INFO - [2025-07-01T21:47:56.972+0000] {dag.py:4180} INFO - Setting next_dagrun for dataset_alias_example_alias_consumer_with_no_taskflow to None, run_after=None
[2025-07-01T21:47:56.976+0000] {logging_mixin.py:190} INFO - [2025-07-01T21:47:56.975+0000] {dag.py:4180} INFO - Setting next_dagrun for dataset_alias_example_alias_producer_with_no_taskflow to None, run_after=None
[2025-07-01T21:47:56.977+0000] {logging_mixin.py:190} INFO - [2025-07-01T21:47:56.977+0000] {dag.py:4180} INFO - Setting next_dagrun for dataset_s3_bucket_consumer_with_no_taskflow to None, run_after=None
[2025-07-01T21:47:56.978+0000] {logging_mixin.py:190} INFO - [2025-07-01T21:47:56.978+0000] {dag.py:4180} INFO - Setting next_dagrun for dataset_s3_bucket_producer_with_no_taskflow to None, run_after=None
[2025-07-01T21:47:57.004+0000] {processor.py:208} INFO - Processing /home/airflow/.local/lib/python3.12/site-packages/airflow/example_dags/example_dataset_alias_with_no_taskflow.py took 0.367 seconds
[2025-07-01T21:48:27.486+0000] {processor.py:186} INFO - Started process (PID=3954) to work on /home/airflow/.local/lib/python3.12/site-packages/airflow/example_dags/example_dataset_alias_with_no_taskflow.py
[2025-07-01T21:48:27.487+0000] {processor.py:914} INFO - Processing file /home/airflow/.local/lib/python3.12/site-packages/airflow/example_dags/example_dataset_alias_with_no_taskflow.py for tasks to queue
[2025-07-01T21:48:27.490+0000] {logging_mixin.py:190} INFO - [2025-07-01T21:48:27.489+0000] {dagbag.py:588} INFO - Filling up the DagBag from /home/airflow/.local/lib/python3.12/site-packages/airflow/example_dags/example_dataset_alias_with_no_taskflow.py
[2025-07-01T21:48:27.773+0000] {processor.py:925} INFO - DAG(s) 'dataset_alias_example_alias_producer_with_no_taskflow', 'dataset_alias_example_alias_consumer_with_no_taskflow', 'dataset_s3_bucket_consumer_with_no_taskflow', 'dataset_s3_bucket_producer_with_no_taskflow' retrieved from /home/airflow/.local/lib/python3.12/site-packages/airflow/example_dags/example_dataset_alias_with_no_taskflow.py
[2025-07-01T21:48:27.789+0000] {logging_mixin.py:190} INFO - [2025-07-01T21:48:27.789+0000] {dag.py:3239} INFO - Sync 4 DAGs
[2025-07-01T21:48:27.806+0000] {logging_mixin.py:190} INFO - [2025-07-01T21:48:27.806+0000] {dag.py:4180} INFO - Setting next_dagrun for dataset_alias_example_alias_consumer_with_no_taskflow to None, run_after=None
[2025-07-01T21:48:27.809+0000] {logging_mixin.py:190} INFO - [2025-07-01T21:48:27.808+0000] {dag.py:4180} INFO - Setting next_dagrun for dataset_alias_example_alias_producer_with_no_taskflow to None, run_after=None
[2025-07-01T21:48:27.810+0000] {logging_mixin.py:190} INFO - [2025-07-01T21:48:27.810+0000] {dag.py:4180} INFO - Setting next_dagrun for dataset_s3_bucket_consumer_with_no_taskflow to None, run_after=None
[2025-07-01T21:48:27.811+0000] {logging_mixin.py:190} INFO - [2025-07-01T21:48:27.811+0000] {dag.py:4180} INFO - Setting next_dagrun for dataset_s3_bucket_producer_with_no_taskflow to None, run_after=None
[2025-07-01T21:48:27.831+0000] {processor.py:208} INFO - Processing /home/airflow/.local/lib/python3.12/site-packages/airflow/example_dags/example_dataset_alias_with_no_taskflow.py took 0.349 seconds
[2025-07-01T21:48:57.919+0000] {processor.py:186} INFO - Started process (PID=4018) to work on /home/airflow/.local/lib/python3.12/site-packages/airflow/example_dags/example_dataset_alias_with_no_taskflow.py
[2025-07-01T21:48:57.920+0000] {processor.py:914} INFO - Processing file /home/airflow/.local/lib/python3.12/site-packages/airflow/example_dags/example_dataset_alias_with_no_taskflow.py for tasks to queue
[2025-07-01T21:48:57.923+0000] {logging_mixin.py:190} INFO - [2025-07-01T21:48:57.922+0000] {dagbag.py:588} INFO - Filling up the DagBag from /home/airflow/.local/lib/python3.12/site-packages/airflow/example_dags/example_dataset_alias_with_no_taskflow.py
[2025-07-01T21:48:58.245+0000] {processor.py:925} INFO - DAG(s) 'dataset_alias_example_alias_producer_with_no_taskflow', 'dataset_s3_bucket_consumer_with_no_taskflow', 'dataset_s3_bucket_producer_with_no_taskflow', 'dataset_alias_example_alias_consumer_with_no_taskflow' retrieved from /home/airflow/.local/lib/python3.12/site-packages/airflow/example_dags/example_dataset_alias_with_no_taskflow.py
[2025-07-01T21:48:58.260+0000] {logging_mixin.py:190} INFO - [2025-07-01T21:48:58.260+0000] {dag.py:3239} INFO - Sync 4 DAGs
[2025-07-01T21:48:58.276+0000] {logging_mixin.py:190} INFO - [2025-07-01T21:48:58.276+0000] {dag.py:4180} INFO - Setting next_dagrun for dataset_alias_example_alias_consumer_with_no_taskflow to None, run_after=None
[2025-07-01T21:48:58.278+0000] {logging_mixin.py:190} INFO - [2025-07-01T21:48:58.278+0000] {dag.py:4180} INFO - Setting next_dagrun for dataset_alias_example_alias_producer_with_no_taskflow to None, run_after=None
[2025-07-01T21:48:58.279+0000] {logging_mixin.py:190} INFO - [2025-07-01T21:48:58.279+0000] {dag.py:4180} INFO - Setting next_dagrun for dataset_s3_bucket_consumer_with_no_taskflow to None, run_after=None
[2025-07-01T21:48:58.281+0000] {logging_mixin.py:190} INFO - [2025-07-01T21:48:58.280+0000] {dag.py:4180} INFO - Setting next_dagrun for dataset_s3_bucket_producer_with_no_taskflow to None, run_after=None
[2025-07-01T21:48:58.304+0000] {processor.py:208} INFO - Processing /home/airflow/.local/lib/python3.12/site-packages/airflow/example_dags/example_dataset_alias_with_no_taskflow.py took 0.390 seconds
[2025-07-01T21:49:28.905+0000] {processor.py:186} INFO - Started process (PID=4081) to work on /home/airflow/.local/lib/python3.12/site-packages/airflow/example_dags/example_dataset_alias_with_no_taskflow.py
[2025-07-01T21:49:28.906+0000] {processor.py:914} INFO - Processing file /home/airflow/.local/lib/python3.12/site-packages/airflow/example_dags/example_dataset_alias_with_no_taskflow.py for tasks to queue
[2025-07-01T21:49:28.908+0000] {logging_mixin.py:190} INFO - [2025-07-01T21:49:28.908+0000] {dagbag.py:588} INFO - Filling up the DagBag from /home/airflow/.local/lib/python3.12/site-packages/airflow/example_dags/example_dataset_alias_with_no_taskflow.py
[2025-07-01T21:49:29.227+0000] {processor.py:925} INFO - DAG(s) 'dataset_s3_bucket_producer_with_no_taskflow', 'dataset_alias_example_alias_consumer_with_no_taskflow', 'dataset_s3_bucket_consumer_with_no_taskflow', 'dataset_alias_example_alias_producer_with_no_taskflow' retrieved from /home/airflow/.local/lib/python3.12/site-packages/airflow/example_dags/example_dataset_alias_with_no_taskflow.py
[2025-07-01T21:49:29.242+0000] {logging_mixin.py:190} INFO - [2025-07-01T21:49:29.242+0000] {dag.py:3239} INFO - Sync 4 DAGs
[2025-07-01T21:49:29.259+0000] {logging_mixin.py:190} INFO - [2025-07-01T21:49:29.258+0000] {dag.py:4180} INFO - Setting next_dagrun for dataset_alias_example_alias_consumer_with_no_taskflow to None, run_after=None
[2025-07-01T21:49:29.261+0000] {logging_mixin.py:190} INFO - [2025-07-01T21:49:29.261+0000] {dag.py:4180} INFO - Setting next_dagrun for dataset_alias_example_alias_producer_with_no_taskflow to None, run_after=None
[2025-07-01T21:49:29.262+0000] {logging_mixin.py:190} INFO - [2025-07-01T21:49:29.262+0000] {dag.py:4180} INFO - Setting next_dagrun for dataset_s3_bucket_consumer_with_no_taskflow to None, run_after=None
[2025-07-01T21:49:29.264+0000] {logging_mixin.py:190} INFO - [2025-07-01T21:49:29.264+0000] {dag.py:4180} INFO - Setting next_dagrun for dataset_s3_bucket_producer_with_no_taskflow to None, run_after=None
[2025-07-01T21:49:29.284+0000] {processor.py:208} INFO - Processing /home/airflow/.local/lib/python3.12/site-packages/airflow/example_dags/example_dataset_alias_with_no_taskflow.py took 0.384 seconds
[2025-07-01T21:49:59.347+0000] {processor.py:186} INFO - Started process (PID=4145) to work on /home/airflow/.local/lib/python3.12/site-packages/airflow/example_dags/example_dataset_alias_with_no_taskflow.py
[2025-07-01T21:49:59.348+0000] {processor.py:914} INFO - Processing file /home/airflow/.local/lib/python3.12/site-packages/airflow/example_dags/example_dataset_alias_with_no_taskflow.py for tasks to queue
[2025-07-01T21:49:59.350+0000] {logging_mixin.py:190} INFO - [2025-07-01T21:49:59.349+0000] {dagbag.py:588} INFO - Filling up the DagBag from /home/airflow/.local/lib/python3.12/site-packages/airflow/example_dags/example_dataset_alias_with_no_taskflow.py
[2025-07-01T21:49:59.643+0000] {processor.py:925} INFO - DAG(s) 'dataset_s3_bucket_producer_with_no_taskflow', 'dataset_s3_bucket_consumer_with_no_taskflow', 'dataset_alias_example_alias_producer_with_no_taskflow', 'dataset_alias_example_alias_consumer_with_no_taskflow' retrieved from /home/airflow/.local/lib/python3.12/site-packages/airflow/example_dags/example_dataset_alias_with_no_taskflow.py
[2025-07-01T21:49:59.663+0000] {logging_mixin.py:190} INFO - [2025-07-01T21:49:59.663+0000] {dag.py:3239} INFO - Sync 4 DAGs
[2025-07-01T21:49:59.688+0000] {logging_mixin.py:190} INFO - [2025-07-01T21:49:59.688+0000] {dag.py:4180} INFO - Setting next_dagrun for dataset_alias_example_alias_consumer_with_no_taskflow to None, run_after=None
[2025-07-01T21:49:59.692+0000] {logging_mixin.py:190} INFO - [2025-07-01T21:49:59.691+0000] {dag.py:4180} INFO - Setting next_dagrun for dataset_alias_example_alias_producer_with_no_taskflow to None, run_after=None
[2025-07-01T21:49:59.694+0000] {logging_mixin.py:190} INFO - [2025-07-01T21:49:59.693+0000] {dag.py:4180} INFO - Setting next_dagrun for dataset_s3_bucket_consumer_with_no_taskflow to None, run_after=None
[2025-07-01T21:49:59.695+0000] {logging_mixin.py:190} INFO - [2025-07-01T21:49:59.695+0000] {dag.py:4180} INFO - Setting next_dagrun for dataset_s3_bucket_producer_with_no_taskflow to None, run_after=None
[2025-07-01T21:49:59.719+0000] {processor.py:208} INFO - Processing /home/airflow/.local/lib/python3.12/site-packages/airflow/example_dags/example_dataset_alias_with_no_taskflow.py took 0.376 seconds
[2025-07-01T21:50:30.096+0000] {processor.py:186} INFO - Started process (PID=4208) to work on /home/airflow/.local/lib/python3.12/site-packages/airflow/example_dags/example_dataset_alias_with_no_taskflow.py
[2025-07-01T21:50:30.097+0000] {processor.py:914} INFO - Processing file /home/airflow/.local/lib/python3.12/site-packages/airflow/example_dags/example_dataset_alias_with_no_taskflow.py for tasks to queue
[2025-07-01T21:50:30.100+0000] {logging_mixin.py:190} INFO - [2025-07-01T21:50:30.099+0000] {dagbag.py:588} INFO - Filling up the DagBag from /home/airflow/.local/lib/python3.12/site-packages/airflow/example_dags/example_dataset_alias_with_no_taskflow.py
[2025-07-01T21:50:30.443+0000] {processor.py:925} INFO - DAG(s) 'dataset_alias_example_alias_producer_with_no_taskflow', 'dataset_alias_example_alias_consumer_with_no_taskflow', 'dataset_s3_bucket_producer_with_no_taskflow', 'dataset_s3_bucket_consumer_with_no_taskflow' retrieved from /home/airflow/.local/lib/python3.12/site-packages/airflow/example_dags/example_dataset_alias_with_no_taskflow.py
[2025-07-01T21:50:30.461+0000] {logging_mixin.py:190} INFO - [2025-07-01T21:50:30.460+0000] {dag.py:3239} INFO - Sync 4 DAGs
[2025-07-01T21:50:30.478+0000] {logging_mixin.py:190} INFO - [2025-07-01T21:50:30.478+0000] {dag.py:4180} INFO - Setting next_dagrun for dataset_alias_example_alias_consumer_with_no_taskflow to None, run_after=None
[2025-07-01T21:50:30.481+0000] {logging_mixin.py:190} INFO - [2025-07-01T21:50:30.480+0000] {dag.py:4180} INFO - Setting next_dagrun for dataset_alias_example_alias_producer_with_no_taskflow to None, run_after=None
[2025-07-01T21:50:30.482+0000] {logging_mixin.py:190} INFO - [2025-07-01T21:50:30.482+0000] {dag.py:4180} INFO - Setting next_dagrun for dataset_s3_bucket_consumer_with_no_taskflow to None, run_after=None
[2025-07-01T21:50:30.483+0000] {logging_mixin.py:190} INFO - [2025-07-01T21:50:30.483+0000] {dag.py:4180} INFO - Setting next_dagrun for dataset_s3_bucket_producer_with_no_taskflow to None, run_after=None
[2025-07-01T21:50:30.503+0000] {processor.py:208} INFO - Processing /home/airflow/.local/lib/python3.12/site-packages/airflow/example_dags/example_dataset_alias_with_no_taskflow.py took 0.412 seconds
[2025-07-01T21:51:01.142+0000] {processor.py:186} INFO - Started process (PID=4271) to work on /home/airflow/.local/lib/python3.12/site-packages/airflow/example_dags/example_dataset_alias_with_no_taskflow.py
[2025-07-01T21:51:01.143+0000] {processor.py:914} INFO - Processing file /home/airflow/.local/lib/python3.12/site-packages/airflow/example_dags/example_dataset_alias_with_no_taskflow.py for tasks to queue
[2025-07-01T21:51:01.145+0000] {logging_mixin.py:190} INFO - [2025-07-01T21:51:01.145+0000] {dagbag.py:588} INFO - Filling up the DagBag from /home/airflow/.local/lib/python3.12/site-packages/airflow/example_dags/example_dataset_alias_with_no_taskflow.py
[2025-07-01T21:51:01.433+0000] {processor.py:925} INFO - DAG(s) 'dataset_alias_example_alias_producer_with_no_taskflow', 'dataset_alias_example_alias_consumer_with_no_taskflow', 'dataset_s3_bucket_producer_with_no_taskflow', 'dataset_s3_bucket_consumer_with_no_taskflow' retrieved from /home/airflow/.local/lib/python3.12/site-packages/airflow/example_dags/example_dataset_alias_with_no_taskflow.py
[2025-07-01T21:51:01.448+0000] {logging_mixin.py:190} INFO - [2025-07-01T21:51:01.448+0000] {dag.py:3239} INFO - Sync 4 DAGs
[2025-07-01T21:51:01.465+0000] {logging_mixin.py:190} INFO - [2025-07-01T21:51:01.465+0000] {dag.py:4180} INFO - Setting next_dagrun for dataset_alias_example_alias_consumer_with_no_taskflow to None, run_after=None
[2025-07-01T21:51:01.467+0000] {logging_mixin.py:190} INFO - [2025-07-01T21:51:01.467+0000] {dag.py:4180} INFO - Setting next_dagrun for dataset_alias_example_alias_producer_with_no_taskflow to None, run_after=None
[2025-07-01T21:51:01.468+0000] {logging_mixin.py:190} INFO - [2025-07-01T21:51:01.468+0000] {dag.py:4180} INFO - Setting next_dagrun for dataset_s3_bucket_consumer_with_no_taskflow to None, run_after=None
[2025-07-01T21:51:01.469+0000] {logging_mixin.py:190} INFO - [2025-07-01T21:51:01.469+0000] {dag.py:4180} INFO - Setting next_dagrun for dataset_s3_bucket_producer_with_no_taskflow to None, run_after=None
[2025-07-01T21:51:01.488+0000] {processor.py:208} INFO - Processing /home/airflow/.local/lib/python3.12/site-packages/airflow/example_dags/example_dataset_alias_with_no_taskflow.py took 0.351 seconds
[2025-07-01T21:51:31.530+0000] {processor.py:186} INFO - Started process (PID=4333) to work on /home/airflow/.local/lib/python3.12/site-packages/airflow/example_dags/example_dataset_alias_with_no_taskflow.py
[2025-07-01T21:51:31.531+0000] {processor.py:914} INFO - Processing file /home/airflow/.local/lib/python3.12/site-packages/airflow/example_dags/example_dataset_alias_with_no_taskflow.py for tasks to queue
[2025-07-01T21:51:31.534+0000] {logging_mixin.py:190} INFO - [2025-07-01T21:51:31.533+0000] {dagbag.py:588} INFO - Filling up the DagBag from /home/airflow/.local/lib/python3.12/site-packages/airflow/example_dags/example_dataset_alias_with_no_taskflow.py
[2025-07-01T21:51:31.800+0000] {processor.py:925} INFO - DAG(s) 'dataset_s3_bucket_producer_with_no_taskflow', 'dataset_s3_bucket_consumer_with_no_taskflow', 'dataset_alias_example_alias_consumer_with_no_taskflow', 'dataset_alias_example_alias_producer_with_no_taskflow' retrieved from /home/airflow/.local/lib/python3.12/site-packages/airflow/example_dags/example_dataset_alias_with_no_taskflow.py
[2025-07-01T21:51:31.817+0000] {logging_mixin.py:190} INFO - [2025-07-01T21:51:31.817+0000] {dag.py:3239} INFO - Sync 4 DAGs
[2025-07-01T21:51:31.835+0000] {logging_mixin.py:190} INFO - [2025-07-01T21:51:31.835+0000] {dag.py:4180} INFO - Setting next_dagrun for dataset_alias_example_alias_consumer_with_no_taskflow to None, run_after=None
[2025-07-01T21:51:31.837+0000] {logging_mixin.py:190} INFO - [2025-07-01T21:51:31.837+0000] {dag.py:4180} INFO - Setting next_dagrun for dataset_alias_example_alias_producer_with_no_taskflow to None, run_after=None
[2025-07-01T21:51:31.839+0000] {logging_mixin.py:190} INFO - [2025-07-01T21:51:31.839+0000] {dag.py:4180} INFO - Setting next_dagrun for dataset_s3_bucket_consumer_with_no_taskflow to None, run_after=None
[2025-07-01T21:51:31.840+0000] {logging_mixin.py:190} INFO - [2025-07-01T21:51:31.840+0000] {dag.py:4180} INFO - Setting next_dagrun for dataset_s3_bucket_producer_with_no_taskflow to None, run_after=None
[2025-07-01T21:51:31.858+0000] {processor.py:208} INFO - Processing /home/airflow/.local/lib/python3.12/site-packages/airflow/example_dags/example_dataset_alias_with_no_taskflow.py took 0.333 seconds
[2025-07-01T21:52:02.748+0000] {processor.py:186} INFO - Started process (PID=4397) to work on /home/airflow/.local/lib/python3.12/site-packages/airflow/example_dags/example_dataset_alias_with_no_taskflow.py
[2025-07-01T21:52:02.749+0000] {processor.py:914} INFO - Processing file /home/airflow/.local/lib/python3.12/site-packages/airflow/example_dags/example_dataset_alias_with_no_taskflow.py for tasks to queue
[2025-07-01T21:52:02.751+0000] {logging_mixin.py:190} INFO - [2025-07-01T21:52:02.751+0000] {dagbag.py:588} INFO - Filling up the DagBag from /home/airflow/.local/lib/python3.12/site-packages/airflow/example_dags/example_dataset_alias_with_no_taskflow.py
[2025-07-01T21:52:02.891+0000] {processor.py:925} INFO - DAG(s) 'dataset_s3_bucket_producer_with_no_taskflow', 'dataset_alias_example_alias_consumer_with_no_taskflow', 'dataset_alias_example_alias_producer_with_no_taskflow', 'dataset_s3_bucket_consumer_with_no_taskflow' retrieved from /home/airflow/.local/lib/python3.12/site-packages/airflow/example_dags/example_dataset_alias_with_no_taskflow.py
[2025-07-01T21:52:02.915+0000] {logging_mixin.py:190} INFO - [2025-07-01T21:52:02.914+0000] {dag.py:3239} INFO - Sync 4 DAGs
[2025-07-01T21:52:02.936+0000] {logging_mixin.py:190} INFO - [2025-07-01T21:52:02.936+0000] {dag.py:4180} INFO - Setting next_dagrun for dataset_alias_example_alias_consumer_with_no_taskflow to None, run_after=None
[2025-07-01T21:52:02.940+0000] {logging_mixin.py:190} INFO - [2025-07-01T21:52:02.940+0000] {dag.py:4180} INFO - Setting next_dagrun for dataset_alias_example_alias_producer_with_no_taskflow to None, run_after=None
[2025-07-01T21:52:02.942+0000] {logging_mixin.py:190} INFO - [2025-07-01T21:52:02.941+0000] {dag.py:4180} INFO - Setting next_dagrun for dataset_s3_bucket_consumer_with_no_taskflow to None, run_after=None
[2025-07-01T21:52:02.943+0000] {logging_mixin.py:190} INFO - [2025-07-01T21:52:02.943+0000] {dag.py:4180} INFO - Setting next_dagrun for dataset_s3_bucket_producer_with_no_taskflow to None, run_after=None
[2025-07-01T21:52:02.967+0000] {processor.py:208} INFO - Processing /home/airflow/.local/lib/python3.12/site-packages/airflow/example_dags/example_dataset_alias_with_no_taskflow.py took 0.223 seconds
[2025-07-01T21:52:33.041+0000] {processor.py:186} INFO - Started process (PID=4460) to work on /home/airflow/.local/lib/python3.12/site-packages/airflow/example_dags/example_dataset_alias_with_no_taskflow.py
[2025-07-01T21:52:33.042+0000] {processor.py:914} INFO - Processing file /home/airflow/.local/lib/python3.12/site-packages/airflow/example_dags/example_dataset_alias_with_no_taskflow.py for tasks to queue
[2025-07-01T21:52:33.045+0000] {logging_mixin.py:190} INFO - [2025-07-01T21:52:33.044+0000] {dagbag.py:588} INFO - Filling up the DagBag from /home/airflow/.local/lib/python3.12/site-packages/airflow/example_dags/example_dataset_alias_with_no_taskflow.py
[2025-07-01T21:52:33.177+0000] {processor.py:925} INFO - DAG(s) 'dataset_s3_bucket_producer_with_no_taskflow', 'dataset_s3_bucket_consumer_with_no_taskflow', 'dataset_alias_example_alias_producer_with_no_taskflow', 'dataset_alias_example_alias_consumer_with_no_taskflow' retrieved from /home/airflow/.local/lib/python3.12/site-packages/airflow/example_dags/example_dataset_alias_with_no_taskflow.py
[2025-07-01T21:52:33.196+0000] {logging_mixin.py:190} INFO - [2025-07-01T21:52:33.196+0000] {dag.py:3239} INFO - Sync 4 DAGs
[2025-07-01T21:52:33.215+0000] {logging_mixin.py:190} INFO - [2025-07-01T21:52:33.215+0000] {dag.py:4180} INFO - Setting next_dagrun for dataset_alias_example_alias_consumer_with_no_taskflow to None, run_after=None
[2025-07-01T21:52:33.219+0000] {logging_mixin.py:190} INFO - [2025-07-01T21:52:33.219+0000] {dag.py:4180} INFO - Setting next_dagrun for dataset_alias_example_alias_producer_with_no_taskflow to None, run_after=None
[2025-07-01T21:52:33.220+0000] {logging_mixin.py:190} INFO - [2025-07-01T21:52:33.220+0000] {dag.py:4180} INFO - Setting next_dagrun for dataset_s3_bucket_consumer_with_no_taskflow to None, run_after=None
[2025-07-01T21:52:33.221+0000] {logging_mixin.py:190} INFO - [2025-07-01T21:52:33.221+0000] {dag.py:4180} INFO - Setting next_dagrun for dataset_s3_bucket_producer_with_no_taskflow to None, run_after=None
[2025-07-01T21:52:33.246+0000] {processor.py:208} INFO - Processing /home/airflow/.local/lib/python3.12/site-packages/airflow/example_dags/example_dataset_alias_with_no_taskflow.py took 0.211 seconds
[2025-07-01T21:53:03.361+0000] {processor.py:186} INFO - Started process (PID=4523) to work on /home/airflow/.local/lib/python3.12/site-packages/airflow/example_dags/example_dataset_alias_with_no_taskflow.py
[2025-07-01T21:53:03.362+0000] {processor.py:914} INFO - Processing file /home/airflow/.local/lib/python3.12/site-packages/airflow/example_dags/example_dataset_alias_with_no_taskflow.py for tasks to queue
[2025-07-01T21:53:03.364+0000] {logging_mixin.py:190} INFO - [2025-07-01T21:53:03.363+0000] {dagbag.py:588} INFO - Filling up the DagBag from /home/airflow/.local/lib/python3.12/site-packages/airflow/example_dags/example_dataset_alias_with_no_taskflow.py
[2025-07-01T21:53:03.492+0000] {processor.py:925} INFO - DAG(s) 'dataset_s3_bucket_consumer_with_no_taskflow', 'dataset_alias_example_alias_producer_with_no_taskflow', 'dataset_alias_example_alias_consumer_with_no_taskflow', 'dataset_s3_bucket_producer_with_no_taskflow' retrieved from /home/airflow/.local/lib/python3.12/site-packages/airflow/example_dags/example_dataset_alias_with_no_taskflow.py
[2025-07-01T21:53:03.510+0000] {logging_mixin.py:190} INFO - [2025-07-01T21:53:03.510+0000] {dag.py:3239} INFO - Sync 4 DAGs
[2025-07-01T21:53:03.528+0000] {logging_mixin.py:190} INFO - [2025-07-01T21:53:03.528+0000] {dag.py:4180} INFO - Setting next_dagrun for dataset_alias_example_alias_consumer_with_no_taskflow to None, run_after=None
[2025-07-01T21:53:03.531+0000] {logging_mixin.py:190} INFO - [2025-07-01T21:53:03.531+0000] {dag.py:4180} INFO - Setting next_dagrun for dataset_alias_example_alias_producer_with_no_taskflow to None, run_after=None
[2025-07-01T21:53:03.533+0000] {logging_mixin.py:190} INFO - [2025-07-01T21:53:03.532+0000] {dag.py:4180} INFO - Setting next_dagrun for dataset_s3_bucket_consumer_with_no_taskflow to None, run_after=None
[2025-07-01T21:53:03.534+0000] {logging_mixin.py:190} INFO - [2025-07-01T21:53:03.534+0000] {dag.py:4180} INFO - Setting next_dagrun for dataset_s3_bucket_producer_with_no_taskflow to None, run_after=None
[2025-07-01T21:53:03.555+0000] {processor.py:208} INFO - Processing /home/airflow/.local/lib/python3.12/site-packages/airflow/example_dags/example_dataset_alias_with_no_taskflow.py took 0.199 seconds
[2025-07-01T21:53:33.843+0000] {processor.py:186} INFO - Started process (PID=4586) to work on /home/airflow/.local/lib/python3.12/site-packages/airflow/example_dags/example_dataset_alias_with_no_taskflow.py
[2025-07-01T21:53:33.844+0000] {processor.py:914} INFO - Processing file /home/airflow/.local/lib/python3.12/site-packages/airflow/example_dags/example_dataset_alias_with_no_taskflow.py for tasks to queue
[2025-07-01T21:53:33.846+0000] {logging_mixin.py:190} INFO - [2025-07-01T21:53:33.846+0000] {dagbag.py:588} INFO - Filling up the DagBag from /home/airflow/.local/lib/python3.12/site-packages/airflow/example_dags/example_dataset_alias_with_no_taskflow.py
[2025-07-01T21:53:33.968+0000] {processor.py:925} INFO - DAG(s) 'dataset_s3_bucket_consumer_with_no_taskflow', 'dataset_alias_example_alias_producer_with_no_taskflow', 'dataset_alias_example_alias_consumer_with_no_taskflow', 'dataset_s3_bucket_producer_with_no_taskflow' retrieved from /home/airflow/.local/lib/python3.12/site-packages/airflow/example_dags/example_dataset_alias_with_no_taskflow.py
[2025-07-01T21:53:33.985+0000] {logging_mixin.py:190} INFO - [2025-07-01T21:53:33.985+0000] {dag.py:3239} INFO - Sync 4 DAGs
[2025-07-01T21:53:34.005+0000] {logging_mixin.py:190} INFO - [2025-07-01T21:53:34.005+0000] {dag.py:4180} INFO - Setting next_dagrun for dataset_alias_example_alias_consumer_with_no_taskflow to None, run_after=None
[2025-07-01T21:53:34.007+0000] {logging_mixin.py:190} INFO - [2025-07-01T21:53:34.007+0000] {dag.py:4180} INFO - Setting next_dagrun for dataset_alias_example_alias_producer_with_no_taskflow to None, run_after=None
[2025-07-01T21:53:34.008+0000] {logging_mixin.py:190} INFO - [2025-07-01T21:53:34.008+0000] {dag.py:4180} INFO - Setting next_dagrun for dataset_s3_bucket_consumer_with_no_taskflow to None, run_after=None
[2025-07-01T21:53:34.009+0000] {logging_mixin.py:190} INFO - [2025-07-01T21:53:34.009+0000] {dag.py:4180} INFO - Setting next_dagrun for dataset_s3_bucket_producer_with_no_taskflow to None, run_after=None
[2025-07-01T21:53:34.029+0000] {processor.py:208} INFO - Processing /home/airflow/.local/lib/python3.12/site-packages/airflow/example_dags/example_dataset_alias_with_no_taskflow.py took 0.191 seconds
[2025-07-01T21:54:04.151+0000] {processor.py:186} INFO - Started process (PID=4649) to work on /home/airflow/.local/lib/python3.12/site-packages/airflow/example_dags/example_dataset_alias_with_no_taskflow.py
[2025-07-01T21:54:04.152+0000] {processor.py:914} INFO - Processing file /home/airflow/.local/lib/python3.12/site-packages/airflow/example_dags/example_dataset_alias_with_no_taskflow.py for tasks to queue
[2025-07-01T21:54:04.155+0000] {logging_mixin.py:190} INFO - [2025-07-01T21:54:04.155+0000] {dagbag.py:588} INFO - Filling up the DagBag from /home/airflow/.local/lib/python3.12/site-packages/airflow/example_dags/example_dataset_alias_with_no_taskflow.py
[2025-07-01T21:54:04.311+0000] {processor.py:925} INFO - DAG(s) 'dataset_s3_bucket_consumer_with_no_taskflow', 'dataset_alias_example_alias_producer_with_no_taskflow', 'dataset_s3_bucket_producer_with_no_taskflow', 'dataset_alias_example_alias_consumer_with_no_taskflow' retrieved from /home/airflow/.local/lib/python3.12/site-packages/airflow/example_dags/example_dataset_alias_with_no_taskflow.py
[2025-07-01T21:54:04.331+0000] {logging_mixin.py:190} INFO - [2025-07-01T21:54:04.330+0000] {dag.py:3239} INFO - Sync 4 DAGs
[2025-07-01T21:54:04.352+0000] {logging_mixin.py:190} INFO - [2025-07-01T21:54:04.352+0000] {dag.py:4180} INFO - Setting next_dagrun for dataset_alias_example_alias_consumer_with_no_taskflow to None, run_after=None
[2025-07-01T21:54:04.357+0000] {logging_mixin.py:190} INFO - [2025-07-01T21:54:04.356+0000] {dag.py:4180} INFO - Setting next_dagrun for dataset_alias_example_alias_producer_with_no_taskflow to None, run_after=None
[2025-07-01T21:54:04.358+0000] {logging_mixin.py:190} INFO - [2025-07-01T21:54:04.358+0000] {dag.py:4180} INFO - Setting next_dagrun for dataset_s3_bucket_consumer_with_no_taskflow to None, run_after=None
[2025-07-01T21:54:04.360+0000] {logging_mixin.py:190} INFO - [2025-07-01T21:54:04.360+0000] {dag.py:4180} INFO - Setting next_dagrun for dataset_s3_bucket_producer_with_no_taskflow to None, run_after=None
[2025-07-01T21:54:04.384+0000] {processor.py:208} INFO - Processing /home/airflow/.local/lib/python3.12/site-packages/airflow/example_dags/example_dataset_alias_with_no_taskflow.py took 0.240 seconds
[2025-07-01T21:54:34.537+0000] {processor.py:186} INFO - Started process (PID=4712) to work on /home/airflow/.local/lib/python3.12/site-packages/airflow/example_dags/example_dataset_alias_with_no_taskflow.py
[2025-07-01T21:54:34.538+0000] {processor.py:914} INFO - Processing file /home/airflow/.local/lib/python3.12/site-packages/airflow/example_dags/example_dataset_alias_with_no_taskflow.py for tasks to queue
[2025-07-01T21:54:34.540+0000] {logging_mixin.py:190} INFO - [2025-07-01T21:54:34.540+0000] {dagbag.py:588} INFO - Filling up the DagBag from /home/airflow/.local/lib/python3.12/site-packages/airflow/example_dags/example_dataset_alias_with_no_taskflow.py
[2025-07-01T21:54:34.684+0000] {processor.py:925} INFO - DAG(s) 'dataset_s3_bucket_producer_with_no_taskflow', 'dataset_alias_example_alias_producer_with_no_taskflow', 'dataset_s3_bucket_consumer_with_no_taskflow', 'dataset_alias_example_alias_consumer_with_no_taskflow' retrieved from /home/airflow/.local/lib/python3.12/site-packages/airflow/example_dags/example_dataset_alias_with_no_taskflow.py
[2025-07-01T21:54:34.702+0000] {logging_mixin.py:190} INFO - [2025-07-01T21:54:34.702+0000] {dag.py:3239} INFO - Sync 4 DAGs
[2025-07-01T21:54:34.725+0000] {logging_mixin.py:190} INFO - [2025-07-01T21:54:34.724+0000] {dag.py:4180} INFO - Setting next_dagrun for dataset_alias_example_alias_consumer_with_no_taskflow to None, run_after=None
[2025-07-01T21:54:34.729+0000] {logging_mixin.py:190} INFO - [2025-07-01T21:54:34.729+0000] {dag.py:4180} INFO - Setting next_dagrun for dataset_alias_example_alias_producer_with_no_taskflow to None, run_after=None
[2025-07-01T21:54:34.733+0000] {logging_mixin.py:190} INFO - [2025-07-01T21:54:34.732+0000] {dag.py:4180} INFO - Setting next_dagrun for dataset_s3_bucket_consumer_with_no_taskflow to None, run_after=None
[2025-07-01T21:54:34.735+0000] {logging_mixin.py:190} INFO - [2025-07-01T21:54:34.735+0000] {dag.py:4180} INFO - Setting next_dagrun for dataset_s3_bucket_producer_with_no_taskflow to None, run_after=None
[2025-07-01T21:54:34.775+0000] {processor.py:208} INFO - Processing /home/airflow/.local/lib/python3.12/site-packages/airflow/example_dags/example_dataset_alias_with_no_taskflow.py took 0.243 seconds
[2025-07-01T21:55:04.930+0000] {processor.py:186} INFO - Started process (PID=4775) to work on /home/airflow/.local/lib/python3.12/site-packages/airflow/example_dags/example_dataset_alias_with_no_taskflow.py
[2025-07-01T21:55:04.931+0000] {processor.py:914} INFO - Processing file /home/airflow/.local/lib/python3.12/site-packages/airflow/example_dags/example_dataset_alias_with_no_taskflow.py for tasks to queue
[2025-07-01T21:55:04.933+0000] {logging_mixin.py:190} INFO - [2025-07-01T21:55:04.933+0000] {dagbag.py:588} INFO - Filling up the DagBag from /home/airflow/.local/lib/python3.12/site-packages/airflow/example_dags/example_dataset_alias_with_no_taskflow.py
[2025-07-01T21:55:05.058+0000] {processor.py:925} INFO - DAG(s) 'dataset_alias_example_alias_consumer_with_no_taskflow', 'dataset_alias_example_alias_producer_with_no_taskflow', 'dataset_s3_bucket_consumer_with_no_taskflow', 'dataset_s3_bucket_producer_with_no_taskflow' retrieved from /home/airflow/.local/lib/python3.12/site-packages/airflow/example_dags/example_dataset_alias_with_no_taskflow.py
[2025-07-01T21:55:05.076+0000] {logging_mixin.py:190} INFO - [2025-07-01T21:55:05.075+0000] {dag.py:3239} INFO - Sync 4 DAGs
[2025-07-01T21:55:05.095+0000] {logging_mixin.py:190} INFO - [2025-07-01T21:55:05.095+0000] {dag.py:4180} INFO - Setting next_dagrun for dataset_alias_example_alias_consumer_with_no_taskflow to None, run_after=None
[2025-07-01T21:55:05.097+0000] {logging_mixin.py:190} INFO - [2025-07-01T21:55:05.097+0000] {dag.py:4180} INFO - Setting next_dagrun for dataset_alias_example_alias_producer_with_no_taskflow to None, run_after=None
[2025-07-01T21:55:05.098+0000] {logging_mixin.py:190} INFO - [2025-07-01T21:55:05.098+0000] {dag.py:4180} INFO - Setting next_dagrun for dataset_s3_bucket_consumer_with_no_taskflow to None, run_after=None
[2025-07-01T21:55:05.099+0000] {logging_mixin.py:190} INFO - [2025-07-01T21:55:05.099+0000] {dag.py:4180} INFO - Setting next_dagrun for dataset_s3_bucket_producer_with_no_taskflow to None, run_after=None
[2025-07-01T21:55:05.123+0000] {processor.py:208} INFO - Processing /home/airflow/.local/lib/python3.12/site-packages/airflow/example_dags/example_dataset_alias_with_no_taskflow.py took 0.198 seconds
[2025-07-01T21:55:35.397+0000] {processor.py:186} INFO - Started process (PID=4839) to work on /home/airflow/.local/lib/python3.12/site-packages/airflow/example_dags/example_dataset_alias_with_no_taskflow.py
[2025-07-01T21:55:35.397+0000] {processor.py:914} INFO - Processing file /home/airflow/.local/lib/python3.12/site-packages/airflow/example_dags/example_dataset_alias_with_no_taskflow.py for tasks to queue
[2025-07-01T21:55:35.400+0000] {logging_mixin.py:190} INFO - [2025-07-01T21:55:35.399+0000] {dagbag.py:588} INFO - Filling up the DagBag from /home/airflow/.local/lib/python3.12/site-packages/airflow/example_dags/example_dataset_alias_with_no_taskflow.py
[2025-07-01T21:55:35.524+0000] {processor.py:925} INFO - DAG(s) 'dataset_alias_example_alias_producer_with_no_taskflow', 'dataset_alias_example_alias_consumer_with_no_taskflow', 'dataset_s3_bucket_consumer_with_no_taskflow', 'dataset_s3_bucket_producer_with_no_taskflow' retrieved from /home/airflow/.local/lib/python3.12/site-packages/airflow/example_dags/example_dataset_alias_with_no_taskflow.py
[2025-07-01T21:55:35.543+0000] {logging_mixin.py:190} INFO - [2025-07-01T21:55:35.543+0000] {dag.py:3239} INFO - Sync 4 DAGs
[2025-07-01T21:55:35.561+0000] {logging_mixin.py:190} INFO - [2025-07-01T21:55:35.561+0000] {dag.py:4180} INFO - Setting next_dagrun for dataset_alias_example_alias_consumer_with_no_taskflow to None, run_after=None
[2025-07-01T21:55:35.564+0000] {logging_mixin.py:190} INFO - [2025-07-01T21:55:35.563+0000] {dag.py:4180} INFO - Setting next_dagrun for dataset_alias_example_alias_producer_with_no_taskflow to None, run_after=None
[2025-07-01T21:55:35.565+0000] {logging_mixin.py:190} INFO - [2025-07-01T21:55:35.565+0000] {dag.py:4180} INFO - Setting next_dagrun for dataset_s3_bucket_consumer_with_no_taskflow to None, run_after=None
[2025-07-01T21:55:35.566+0000] {logging_mixin.py:190} INFO - [2025-07-01T21:55:35.566+0000] {dag.py:4180} INFO - Setting next_dagrun for dataset_s3_bucket_producer_with_no_taskflow to None, run_after=None
[2025-07-01T21:55:35.587+0000] {processor.py:208} INFO - Processing /home/airflow/.local/lib/python3.12/site-packages/airflow/example_dags/example_dataset_alias_with_no_taskflow.py took 0.195 seconds
[2025-07-01T21:56:05.714+0000] {processor.py:186} INFO - Started process (PID=4902) to work on /home/airflow/.local/lib/python3.12/site-packages/airflow/example_dags/example_dataset_alias_with_no_taskflow.py
[2025-07-01T21:56:05.715+0000] {processor.py:914} INFO - Processing file /home/airflow/.local/lib/python3.12/site-packages/airflow/example_dags/example_dataset_alias_with_no_taskflow.py for tasks to queue
[2025-07-01T21:56:05.718+0000] {logging_mixin.py:190} INFO - [2025-07-01T21:56:05.718+0000] {dagbag.py:588} INFO - Filling up the DagBag from /home/airflow/.local/lib/python3.12/site-packages/airflow/example_dags/example_dataset_alias_with_no_taskflow.py
[2025-07-01T21:56:05.876+0000] {processor.py:925} INFO - DAG(s) 'dataset_s3_bucket_consumer_with_no_taskflow', 'dataset_alias_example_alias_consumer_with_no_taskflow', 'dataset_alias_example_alias_producer_with_no_taskflow', 'dataset_s3_bucket_producer_with_no_taskflow' retrieved from /home/airflow/.local/lib/python3.12/site-packages/airflow/example_dags/example_dataset_alias_with_no_taskflow.py
[2025-07-01T21:56:05.895+0000] {logging_mixin.py:190} INFO - [2025-07-01T21:56:05.895+0000] {dag.py:3239} INFO - Sync 4 DAGs
[2025-07-01T21:56:05.916+0000] {logging_mixin.py:190} INFO - [2025-07-01T21:56:05.916+0000] {dag.py:4180} INFO - Setting next_dagrun for dataset_alias_example_alias_consumer_with_no_taskflow to None, run_after=None
[2025-07-01T21:56:05.919+0000] {logging_mixin.py:190} INFO - [2025-07-01T21:56:05.919+0000] {dag.py:4180} INFO - Setting next_dagrun for dataset_alias_example_alias_producer_with_no_taskflow to None, run_after=None
[2025-07-01T21:56:05.921+0000] {logging_mixin.py:190} INFO - [2025-07-01T21:56:05.921+0000] {dag.py:4180} INFO - Setting next_dagrun for dataset_s3_bucket_consumer_with_no_taskflow to None, run_after=None
[2025-07-01T21:56:05.922+0000] {logging_mixin.py:190} INFO - [2025-07-01T21:56:05.922+0000] {dag.py:4180} INFO - Setting next_dagrun for dataset_s3_bucket_producer_with_no_taskflow to None, run_after=None
[2025-07-01T21:56:05.947+0000] {processor.py:208} INFO - Processing /home/airflow/.local/lib/python3.12/site-packages/airflow/example_dags/example_dataset_alias_with_no_taskflow.py took 0.240 seconds
[2025-07-01T21:56:36.049+0000] {processor.py:186} INFO - Started process (PID=4965) to work on /home/airflow/.local/lib/python3.12/site-packages/airflow/example_dags/example_dataset_alias_with_no_taskflow.py
[2025-07-01T21:56:36.050+0000] {processor.py:914} INFO - Processing file /home/airflow/.local/lib/python3.12/site-packages/airflow/example_dags/example_dataset_alias_with_no_taskflow.py for tasks to queue
[2025-07-01T21:56:36.053+0000] {logging_mixin.py:190} INFO - [2025-07-01T21:56:36.053+0000] {dagbag.py:588} INFO - Filling up the DagBag from /home/airflow/.local/lib/python3.12/site-packages/airflow/example_dags/example_dataset_alias_with_no_taskflow.py
[2025-07-01T21:56:36.198+0000] {processor.py:925} INFO - DAG(s) 'dataset_alias_example_alias_producer_with_no_taskflow', 'dataset_s3_bucket_producer_with_no_taskflow', 'dataset_alias_example_alias_consumer_with_no_taskflow', 'dataset_s3_bucket_consumer_with_no_taskflow' retrieved from /home/airflow/.local/lib/python3.12/site-packages/airflow/example_dags/example_dataset_alias_with_no_taskflow.py
[2025-07-01T21:56:36.217+0000] {logging_mixin.py:190} INFO - [2025-07-01T21:56:36.217+0000] {dag.py:3239} INFO - Sync 4 DAGs
[2025-07-01T21:56:36.237+0000] {logging_mixin.py:190} INFO - [2025-07-01T21:56:36.237+0000] {dag.py:4180} INFO - Setting next_dagrun for dataset_alias_example_alias_consumer_with_no_taskflow to None, run_after=None
[2025-07-01T21:56:36.241+0000] {logging_mixin.py:190} INFO - [2025-07-01T21:56:36.241+0000] {dag.py:4180} INFO - Setting next_dagrun for dataset_alias_example_alias_producer_with_no_taskflow to None, run_after=None
[2025-07-01T21:56:36.243+0000] {logging_mixin.py:190} INFO - [2025-07-01T21:56:36.243+0000] {dag.py:4180} INFO - Setting next_dagrun for dataset_s3_bucket_consumer_with_no_taskflow to None, run_after=None
[2025-07-01T21:56:36.244+0000] {logging_mixin.py:190} INFO - [2025-07-01T21:56:36.244+0000] {dag.py:4180} INFO - Setting next_dagrun for dataset_s3_bucket_producer_with_no_taskflow to None, run_after=None
[2025-07-01T21:56:36.267+0000] {processor.py:208} INFO - Processing /home/airflow/.local/lib/python3.12/site-packages/airflow/example_dags/example_dataset_alias_with_no_taskflow.py took 0.226 seconds
[2025-07-01T21:57:06.512+0000] {processor.py:186} INFO - Started process (PID=5029) to work on /home/airflow/.local/lib/python3.12/site-packages/airflow/example_dags/example_dataset_alias_with_no_taskflow.py
[2025-07-01T21:57:06.513+0000] {processor.py:914} INFO - Processing file /home/airflow/.local/lib/python3.12/site-packages/airflow/example_dags/example_dataset_alias_with_no_taskflow.py for tasks to queue
[2025-07-01T21:57:06.515+0000] {logging_mixin.py:190} INFO - [2025-07-01T21:57:06.515+0000] {dagbag.py:588} INFO - Filling up the DagBag from /home/airflow/.local/lib/python3.12/site-packages/airflow/example_dags/example_dataset_alias_with_no_taskflow.py
[2025-07-01T21:57:06.667+0000] {processor.py:925} INFO - DAG(s) 'dataset_s3_bucket_consumer_with_no_taskflow', 'dataset_s3_bucket_producer_with_no_taskflow', 'dataset_alias_example_alias_producer_with_no_taskflow', 'dataset_alias_example_alias_consumer_with_no_taskflow' retrieved from /home/airflow/.local/lib/python3.12/site-packages/airflow/example_dags/example_dataset_alias_with_no_taskflow.py
[2025-07-01T21:57:06.691+0000] {logging_mixin.py:190} INFO - [2025-07-01T21:57:06.691+0000] {dag.py:3239} INFO - Sync 4 DAGs
[2025-07-01T21:57:06.717+0000] {logging_mixin.py:190} INFO - [2025-07-01T21:57:06.717+0000] {dag.py:4180} INFO - Setting next_dagrun for dataset_alias_example_alias_consumer_with_no_taskflow to None, run_after=None
[2025-07-01T21:57:06.720+0000] {logging_mixin.py:190} INFO - [2025-07-01T21:57:06.720+0000] {dag.py:4180} INFO - Setting next_dagrun for dataset_alias_example_alias_producer_with_no_taskflow to None, run_after=None
[2025-07-01T21:57:06.722+0000] {logging_mixin.py:190} INFO - [2025-07-01T21:57:06.722+0000] {dag.py:4180} INFO - Setting next_dagrun for dataset_s3_bucket_consumer_with_no_taskflow to None, run_after=None
[2025-07-01T21:57:06.724+0000] {logging_mixin.py:190} INFO - [2025-07-01T21:57:06.724+0000] {dag.py:4180} INFO - Setting next_dagrun for dataset_s3_bucket_producer_with_no_taskflow to None, run_after=None
[2025-07-01T21:57:06.756+0000] {processor.py:208} INFO - Processing /home/airflow/.local/lib/python3.12/site-packages/airflow/example_dags/example_dataset_alias_with_no_taskflow.py took 0.250 seconds
[2025-07-01T21:57:37.774+0000] {processor.py:186} INFO - Started process (PID=5092) to work on /home/airflow/.local/lib/python3.12/site-packages/airflow/example_dags/example_dataset_alias_with_no_taskflow.py
[2025-07-01T21:57:37.775+0000] {processor.py:914} INFO - Processing file /home/airflow/.local/lib/python3.12/site-packages/airflow/example_dags/example_dataset_alias_with_no_taskflow.py for tasks to queue
[2025-07-01T21:57:37.777+0000] {logging_mixin.py:190} INFO - [2025-07-01T21:57:37.777+0000] {dagbag.py:588} INFO - Filling up the DagBag from /home/airflow/.local/lib/python3.12/site-packages/airflow/example_dags/example_dataset_alias_with_no_taskflow.py
[2025-07-01T21:57:37.918+0000] {processor.py:925} INFO - DAG(s) 'dataset_s3_bucket_consumer_with_no_taskflow', 'dataset_alias_example_alias_consumer_with_no_taskflow', 'dataset_s3_bucket_producer_with_no_taskflow', 'dataset_alias_example_alias_producer_with_no_taskflow' retrieved from /home/airflow/.local/lib/python3.12/site-packages/airflow/example_dags/example_dataset_alias_with_no_taskflow.py
[2025-07-01T21:57:37.938+0000] {logging_mixin.py:190} INFO - [2025-07-01T21:57:37.938+0000] {dag.py:3239} INFO - Sync 4 DAGs
[2025-07-01T21:57:37.958+0000] {logging_mixin.py:190} INFO - [2025-07-01T21:57:37.958+0000] {dag.py:4180} INFO - Setting next_dagrun for dataset_alias_example_alias_consumer_with_no_taskflow to None, run_after=None
[2025-07-01T21:57:37.961+0000] {logging_mixin.py:190} INFO - [2025-07-01T21:57:37.961+0000] {dag.py:4180} INFO - Setting next_dagrun for dataset_alias_example_alias_producer_with_no_taskflow to None, run_after=None
[2025-07-01T21:57:37.962+0000] {logging_mixin.py:190} INFO - [2025-07-01T21:57:37.962+0000] {dag.py:4180} INFO - Setting next_dagrun for dataset_s3_bucket_consumer_with_no_taskflow to None, run_after=None
[2025-07-01T21:57:37.964+0000] {logging_mixin.py:190} INFO - [2025-07-01T21:57:37.963+0000] {dag.py:4180} INFO - Setting next_dagrun for dataset_s3_bucket_producer_with_no_taskflow to None, run_after=None
[2025-07-01T21:57:37.987+0000] {processor.py:208} INFO - Processing /home/airflow/.local/lib/python3.12/site-packages/airflow/example_dags/example_dataset_alias_with_no_taskflow.py took 0.217 seconds
[2025-07-01T21:58:08.358+0000] {processor.py:186} INFO - Started process (PID=5155) to work on /home/airflow/.local/lib/python3.12/site-packages/airflow/example_dags/example_dataset_alias_with_no_taskflow.py
[2025-07-01T21:58:08.359+0000] {processor.py:914} INFO - Processing file /home/airflow/.local/lib/python3.12/site-packages/airflow/example_dags/example_dataset_alias_with_no_taskflow.py for tasks to queue
[2025-07-01T21:58:08.361+0000] {logging_mixin.py:190} INFO - [2025-07-01T21:58:08.361+0000] {dagbag.py:588} INFO - Filling up the DagBag from /home/airflow/.local/lib/python3.12/site-packages/airflow/example_dags/example_dataset_alias_with_no_taskflow.py
[2025-07-01T21:58:08.488+0000] {processor.py:925} INFO - DAG(s) 'dataset_s3_bucket_consumer_with_no_taskflow', 'dataset_alias_example_alias_consumer_with_no_taskflow', 'dataset_s3_bucket_producer_with_no_taskflow', 'dataset_alias_example_alias_producer_with_no_taskflow' retrieved from /home/airflow/.local/lib/python3.12/site-packages/airflow/example_dags/example_dataset_alias_with_no_taskflow.py
[2025-07-01T21:58:08.504+0000] {logging_mixin.py:190} INFO - [2025-07-01T21:58:08.504+0000] {dag.py:3239} INFO - Sync 4 DAGs
[2025-07-01T21:58:08.525+0000] {logging_mixin.py:190} INFO - [2025-07-01T21:58:08.525+0000] {dag.py:4180} INFO - Setting next_dagrun for dataset_alias_example_alias_consumer_with_no_taskflow to None, run_after=None
[2025-07-01T21:58:08.528+0000] {logging_mixin.py:190} INFO - [2025-07-01T21:58:08.528+0000] {dag.py:4180} INFO - Setting next_dagrun for dataset_alias_example_alias_producer_with_no_taskflow to None, run_after=None
[2025-07-01T21:58:08.529+0000] {logging_mixin.py:190} INFO - [2025-07-01T21:58:08.529+0000] {dag.py:4180} INFO - Setting next_dagrun for dataset_s3_bucket_consumer_with_no_taskflow to None, run_after=None
[2025-07-01T21:58:08.530+0000] {logging_mixin.py:190} INFO - [2025-07-01T21:58:08.530+0000] {dag.py:4180} INFO - Setting next_dagrun for dataset_s3_bucket_producer_with_no_taskflow to None, run_after=None
[2025-07-01T21:58:08.550+0000] {processor.py:208} INFO - Processing /home/airflow/.local/lib/python3.12/site-packages/airflow/example_dags/example_dataset_alias_with_no_taskflow.py took 0.198 seconds
[2025-07-01T21:58:38.641+0000] {processor.py:186} INFO - Started process (PID=5218) to work on /home/airflow/.local/lib/python3.12/site-packages/airflow/example_dags/example_dataset_alias_with_no_taskflow.py
[2025-07-01T21:58:38.642+0000] {processor.py:914} INFO - Processing file /home/airflow/.local/lib/python3.12/site-packages/airflow/example_dags/example_dataset_alias_with_no_taskflow.py for tasks to queue
[2025-07-01T21:58:38.644+0000] {logging_mixin.py:190} INFO - [2025-07-01T21:58:38.644+0000] {dagbag.py:588} INFO - Filling up the DagBag from /home/airflow/.local/lib/python3.12/site-packages/airflow/example_dags/example_dataset_alias_with_no_taskflow.py
[2025-07-01T21:58:38.790+0000] {processor.py:925} INFO - DAG(s) 'dataset_s3_bucket_consumer_with_no_taskflow', 'dataset_s3_bucket_producer_with_no_taskflow', 'dataset_alias_example_alias_producer_with_no_taskflow', 'dataset_alias_example_alias_consumer_with_no_taskflow' retrieved from /home/airflow/.local/lib/python3.12/site-packages/airflow/example_dags/example_dataset_alias_with_no_taskflow.py
[2025-07-01T21:58:38.809+0000] {logging_mixin.py:190} INFO - [2025-07-01T21:58:38.809+0000] {dag.py:3239} INFO - Sync 4 DAGs
[2025-07-01T21:58:38.829+0000] {logging_mixin.py:190} INFO - [2025-07-01T21:58:38.829+0000] {dag.py:4180} INFO - Setting next_dagrun for dataset_alias_example_alias_consumer_with_no_taskflow to None, run_after=None
[2025-07-01T21:58:38.833+0000] {logging_mixin.py:190} INFO - [2025-07-01T21:58:38.833+0000] {dag.py:4180} INFO - Setting next_dagrun for dataset_alias_example_alias_producer_with_no_taskflow to None, run_after=None
[2025-07-01T21:58:38.834+0000] {logging_mixin.py:190} INFO - [2025-07-01T21:58:38.834+0000] {dag.py:4180} INFO - Setting next_dagrun for dataset_s3_bucket_consumer_with_no_taskflow to None, run_after=None
[2025-07-01T21:58:38.835+0000] {logging_mixin.py:190} INFO - [2025-07-01T21:58:38.835+0000] {dag.py:4180} INFO - Setting next_dagrun for dataset_s3_bucket_producer_with_no_taskflow to None, run_after=None
[2025-07-01T21:58:38.856+0000] {processor.py:208} INFO - Processing /home/airflow/.local/lib/python3.12/site-packages/airflow/example_dags/example_dataset_alias_with_no_taskflow.py took 0.221 seconds
[2025-07-01T21:59:08.972+0000] {processor.py:186} INFO - Started process (PID=5281) to work on /home/airflow/.local/lib/python3.12/site-packages/airflow/example_dags/example_dataset_alias_with_no_taskflow.py
[2025-07-01T21:59:08.973+0000] {processor.py:914} INFO - Processing file /home/airflow/.local/lib/python3.12/site-packages/airflow/example_dags/example_dataset_alias_with_no_taskflow.py for tasks to queue
[2025-07-01T21:59:08.974+0000] {logging_mixin.py:190} INFO - [2025-07-01T21:59:08.974+0000] {dagbag.py:588} INFO - Filling up the DagBag from /home/airflow/.local/lib/python3.12/site-packages/airflow/example_dags/example_dataset_alias_with_no_taskflow.py
[2025-07-01T21:59:09.115+0000] {processor.py:925} INFO - DAG(s) 'dataset_alias_example_alias_consumer_with_no_taskflow', 'dataset_s3_bucket_consumer_with_no_taskflow', 'dataset_s3_bucket_producer_with_no_taskflow', 'dataset_alias_example_alias_producer_with_no_taskflow' retrieved from /home/airflow/.local/lib/python3.12/site-packages/airflow/example_dags/example_dataset_alias_with_no_taskflow.py
[2025-07-01T21:59:09.136+0000] {logging_mixin.py:190} INFO - [2025-07-01T21:59:09.135+0000] {dag.py:3239} INFO - Sync 4 DAGs
[2025-07-01T21:59:09.155+0000] {logging_mixin.py:190} INFO - [2025-07-01T21:59:09.155+0000] {dag.py:4180} INFO - Setting next_dagrun for dataset_alias_example_alias_consumer_with_no_taskflow to None, run_after=None
[2025-07-01T21:59:09.158+0000] {logging_mixin.py:190} INFO - [2025-07-01T21:59:09.158+0000] {dag.py:4180} INFO - Setting next_dagrun for dataset_alias_example_alias_producer_with_no_taskflow to None, run_after=None
[2025-07-01T21:59:09.159+0000] {logging_mixin.py:190} INFO - [2025-07-01T21:59:09.159+0000] {dag.py:4180} INFO - Setting next_dagrun for dataset_s3_bucket_consumer_with_no_taskflow to None, run_after=None
[2025-07-01T21:59:09.160+0000] {logging_mixin.py:190} INFO - [2025-07-01T21:59:09.160+0000] {dag.py:4180} INFO - Setting next_dagrun for dataset_s3_bucket_producer_with_no_taskflow to None, run_after=None
[2025-07-01T21:59:09.181+0000] {processor.py:208} INFO - Processing /home/airflow/.local/lib/python3.12/site-packages/airflow/example_dags/example_dataset_alias_with_no_taskflow.py took 0.214 seconds
[2025-07-01T21:59:39.774+0000] {processor.py:186} INFO - Started process (PID=5344) to work on /home/airflow/.local/lib/python3.12/site-packages/airflow/example_dags/example_dataset_alias_with_no_taskflow.py
[2025-07-01T21:59:39.775+0000] {processor.py:914} INFO - Processing file /home/airflow/.local/lib/python3.12/site-packages/airflow/example_dags/example_dataset_alias_with_no_taskflow.py for tasks to queue
[2025-07-01T21:59:39.778+0000] {logging_mixin.py:190} INFO - [2025-07-01T21:59:39.777+0000] {dagbag.py:588} INFO - Filling up the DagBag from /home/airflow/.local/lib/python3.12/site-packages/airflow/example_dags/example_dataset_alias_with_no_taskflow.py
[2025-07-01T21:59:39.930+0000] {processor.py:925} INFO - DAG(s) 'dataset_alias_example_alias_producer_with_no_taskflow', 'dataset_alias_example_alias_consumer_with_no_taskflow', 'dataset_s3_bucket_consumer_with_no_taskflow', 'dataset_s3_bucket_producer_with_no_taskflow' retrieved from /home/airflow/.local/lib/python3.12/site-packages/airflow/example_dags/example_dataset_alias_with_no_taskflow.py
[2025-07-01T21:59:39.955+0000] {logging_mixin.py:190} INFO - [2025-07-01T21:59:39.954+0000] {dag.py:3239} INFO - Sync 4 DAGs
[2025-07-01T21:59:39.981+0000] {logging_mixin.py:190} INFO - [2025-07-01T21:59:39.980+0000] {dag.py:4180} INFO - Setting next_dagrun for dataset_alias_example_alias_consumer_with_no_taskflow to None, run_after=None
[2025-07-01T21:59:39.984+0000] {logging_mixin.py:190} INFO - [2025-07-01T21:59:39.984+0000] {dag.py:4180} INFO - Setting next_dagrun for dataset_alias_example_alias_producer_with_no_taskflow to None, run_after=None
[2025-07-01T21:59:39.985+0000] {logging_mixin.py:190} INFO - [2025-07-01T21:59:39.985+0000] {dag.py:4180} INFO - Setting next_dagrun for dataset_s3_bucket_consumer_with_no_taskflow to None, run_after=None
[2025-07-01T21:59:39.987+0000] {logging_mixin.py:190} INFO - [2025-07-01T21:59:39.987+0000] {dag.py:4180} INFO - Setting next_dagrun for dataset_s3_bucket_producer_with_no_taskflow to None, run_after=None
[2025-07-01T21:59:40.018+0000] {processor.py:208} INFO - Processing /home/airflow/.local/lib/python3.12/site-packages/airflow/example_dags/example_dataset_alias_with_no_taskflow.py took 0.250 seconds
[2025-07-01T22:00:10.323+0000] {processor.py:186} INFO - Started process (PID=5408) to work on /home/airflow/.local/lib/python3.12/site-packages/airflow/example_dags/example_dataset_alias_with_no_taskflow.py
[2025-07-01T22:00:10.324+0000] {processor.py:914} INFO - Processing file /home/airflow/.local/lib/python3.12/site-packages/airflow/example_dags/example_dataset_alias_with_no_taskflow.py for tasks to queue
[2025-07-01T22:00:10.326+0000] {logging_mixin.py:190} INFO - [2025-07-01T22:00:10.326+0000] {dagbag.py:588} INFO - Filling up the DagBag from /home/airflow/.local/lib/python3.12/site-packages/airflow/example_dags/example_dataset_alias_with_no_taskflow.py
[2025-07-01T22:00:10.461+0000] {processor.py:925} INFO - DAG(s) 'dataset_alias_example_alias_producer_with_no_taskflow', 'dataset_s3_bucket_consumer_with_no_taskflow', 'dataset_alias_example_alias_consumer_with_no_taskflow', 'dataset_s3_bucket_producer_with_no_taskflow' retrieved from /home/airflow/.local/lib/python3.12/site-packages/airflow/example_dags/example_dataset_alias_with_no_taskflow.py
[2025-07-01T22:00:10.481+0000] {logging_mixin.py:190} INFO - [2025-07-01T22:00:10.480+0000] {dag.py:3239} INFO - Sync 4 DAGs
[2025-07-01T22:00:10.503+0000] {logging_mixin.py:190} INFO - [2025-07-01T22:00:10.503+0000] {dag.py:4180} INFO - Setting next_dagrun for dataset_alias_example_alias_consumer_with_no_taskflow to None, run_after=None
[2025-07-01T22:00:10.506+0000] {logging_mixin.py:190} INFO - [2025-07-01T22:00:10.505+0000] {dag.py:4180} INFO - Setting next_dagrun for dataset_alias_example_alias_producer_with_no_taskflow to None, run_after=None
[2025-07-01T22:00:10.507+0000] {logging_mixin.py:190} INFO - [2025-07-01T22:00:10.507+0000] {dag.py:4180} INFO - Setting next_dagrun for dataset_s3_bucket_consumer_with_no_taskflow to None, run_after=None
[2025-07-01T22:00:10.509+0000] {logging_mixin.py:190} INFO - [2025-07-01T22:00:10.508+0000] {dag.py:4180} INFO - Setting next_dagrun for dataset_s3_bucket_producer_with_no_taskflow to None, run_after=None
[2025-07-01T22:00:10.533+0000] {processor.py:208} INFO - Processing /home/airflow/.local/lib/python3.12/site-packages/airflow/example_dags/example_dataset_alias_with_no_taskflow.py took 0.214 seconds
[2025-07-01T22:00:40.942+0000] {processor.py:186} INFO - Started process (PID=5471) to work on /home/airflow/.local/lib/python3.12/site-packages/airflow/example_dags/example_dataset_alias_with_no_taskflow.py
[2025-07-01T22:00:40.943+0000] {processor.py:914} INFO - Processing file /home/airflow/.local/lib/python3.12/site-packages/airflow/example_dags/example_dataset_alias_with_no_taskflow.py for tasks to queue
[2025-07-01T22:00:40.946+0000] {logging_mixin.py:190} INFO - [2025-07-01T22:00:40.945+0000] {dagbag.py:588} INFO - Filling up the DagBag from /home/airflow/.local/lib/python3.12/site-packages/airflow/example_dags/example_dataset_alias_with_no_taskflow.py
[2025-07-01T22:00:41.088+0000] {processor.py:925} INFO - DAG(s) 'dataset_alias_example_alias_consumer_with_no_taskflow', 'dataset_alias_example_alias_producer_with_no_taskflow', 'dataset_s3_bucket_producer_with_no_taskflow', 'dataset_s3_bucket_consumer_with_no_taskflow' retrieved from /home/airflow/.local/lib/python3.12/site-packages/airflow/example_dags/example_dataset_alias_with_no_taskflow.py
[2025-07-01T22:00:41.109+0000] {logging_mixin.py:190} INFO - [2025-07-01T22:00:41.108+0000] {dag.py:3239} INFO - Sync 4 DAGs
[2025-07-01T22:00:41.132+0000] {logging_mixin.py:190} INFO - [2025-07-01T22:00:41.132+0000] {dag.py:4180} INFO - Setting next_dagrun for dataset_alias_example_alias_consumer_with_no_taskflow to None, run_after=None
[2025-07-01T22:00:41.135+0000] {logging_mixin.py:190} INFO - [2025-07-01T22:00:41.135+0000] {dag.py:4180} INFO - Setting next_dagrun for dataset_alias_example_alias_producer_with_no_taskflow to None, run_after=None
[2025-07-01T22:00:41.137+0000] {logging_mixin.py:190} INFO - [2025-07-01T22:00:41.137+0000] {dag.py:4180} INFO - Setting next_dagrun for dataset_s3_bucket_consumer_with_no_taskflow to None, run_after=None
[2025-07-01T22:00:41.138+0000] {logging_mixin.py:190} INFO - [2025-07-01T22:00:41.138+0000] {dag.py:4180} INFO - Setting next_dagrun for dataset_s3_bucket_producer_with_no_taskflow to None, run_after=None
[2025-07-01T22:00:41.165+0000] {processor.py:208} INFO - Processing /home/airflow/.local/lib/python3.12/site-packages/airflow/example_dags/example_dataset_alias_with_no_taskflow.py took 0.229 seconds
[2025-07-01T22:01:11.785+0000] {processor.py:186} INFO - Started process (PID=5535) to work on /home/airflow/.local/lib/python3.12/site-packages/airflow/example_dags/example_dataset_alias_with_no_taskflow.py
[2025-07-01T22:01:11.787+0000] {processor.py:914} INFO - Processing file /home/airflow/.local/lib/python3.12/site-packages/airflow/example_dags/example_dataset_alias_with_no_taskflow.py for tasks to queue
[2025-07-01T22:01:11.790+0000] {logging_mixin.py:190} INFO - [2025-07-01T22:01:11.789+0000] {dagbag.py:588} INFO - Filling up the DagBag from /home/airflow/.local/lib/python3.12/site-packages/airflow/example_dags/example_dataset_alias_with_no_taskflow.py
[2025-07-01T22:01:11.946+0000] {processor.py:925} INFO - DAG(s) 'dataset_s3_bucket_consumer_with_no_taskflow', 'dataset_alias_example_alias_consumer_with_no_taskflow', 'dataset_s3_bucket_producer_with_no_taskflow', 'dataset_alias_example_alias_producer_with_no_taskflow' retrieved from /home/airflow/.local/lib/python3.12/site-packages/airflow/example_dags/example_dataset_alias_with_no_taskflow.py
[2025-07-01T22:01:11.969+0000] {logging_mixin.py:190} INFO - [2025-07-01T22:01:11.969+0000] {dag.py:3239} INFO - Sync 4 DAGs
[2025-07-01T22:01:11.995+0000] {logging_mixin.py:190} INFO - [2025-07-01T22:01:11.994+0000] {dag.py:4180} INFO - Setting next_dagrun for dataset_alias_example_alias_consumer_with_no_taskflow to None, run_after=None
[2025-07-01T22:01:11.998+0000] {logging_mixin.py:190} INFO - [2025-07-01T22:01:11.997+0000] {dag.py:4180} INFO - Setting next_dagrun for dataset_alias_example_alias_producer_with_no_taskflow to None, run_after=None
[2025-07-01T22:01:11.999+0000] {logging_mixin.py:190} INFO - [2025-07-01T22:01:11.999+0000] {dag.py:4180} INFO - Setting next_dagrun for dataset_s3_bucket_consumer_with_no_taskflow to None, run_after=None
[2025-07-01T22:01:12.001+0000] {logging_mixin.py:190} INFO - [2025-07-01T22:01:12.000+0000] {dag.py:4180} INFO - Setting next_dagrun for dataset_s3_bucket_producer_with_no_taskflow to None, run_after=None
[2025-07-01T22:01:12.023+0000] {processor.py:208} INFO - Processing /home/airflow/.local/lib/python3.12/site-packages/airflow/example_dags/example_dataset_alias_with_no_taskflow.py took 0.243 seconds
[2025-07-01T22:01:42.307+0000] {processor.py:186} INFO - Started process (PID=5598) to work on /home/airflow/.local/lib/python3.12/site-packages/airflow/example_dags/example_dataset_alias_with_no_taskflow.py
[2025-07-01T22:01:42.309+0000] {processor.py:914} INFO - Processing file /home/airflow/.local/lib/python3.12/site-packages/airflow/example_dags/example_dataset_alias_with_no_taskflow.py for tasks to queue
[2025-07-01T22:01:42.312+0000] {logging_mixin.py:190} INFO - [2025-07-01T22:01:42.312+0000] {dagbag.py:588} INFO - Filling up the DagBag from /home/airflow/.local/lib/python3.12/site-packages/airflow/example_dags/example_dataset_alias_with_no_taskflow.py
[2025-07-01T22:01:42.487+0000] {processor.py:925} INFO - DAG(s) 'dataset_s3_bucket_producer_with_no_taskflow', 'dataset_alias_example_alias_producer_with_no_taskflow', 'dataset_alias_example_alias_consumer_with_no_taskflow', 'dataset_s3_bucket_consumer_with_no_taskflow' retrieved from /home/airflow/.local/lib/python3.12/site-packages/airflow/example_dags/example_dataset_alias_with_no_taskflow.py
[2025-07-01T22:01:42.514+0000] {logging_mixin.py:190} INFO - [2025-07-01T22:01:42.513+0000] {dag.py:3239} INFO - Sync 4 DAGs
[2025-07-01T22:01:42.543+0000] {logging_mixin.py:190} INFO - [2025-07-01T22:01:42.543+0000] {dag.py:4180} INFO - Setting next_dagrun for dataset_alias_example_alias_consumer_with_no_taskflow to None, run_after=None
[2025-07-01T22:01:42.548+0000] {logging_mixin.py:190} INFO - [2025-07-01T22:01:42.548+0000] {dag.py:4180} INFO - Setting next_dagrun for dataset_alias_example_alias_producer_with_no_taskflow to None, run_after=None
[2025-07-01T22:01:42.550+0000] {logging_mixin.py:190} INFO - [2025-07-01T22:01:42.550+0000] {dag.py:4180} INFO - Setting next_dagrun for dataset_s3_bucket_consumer_with_no_taskflow to None, run_after=None
[2025-07-01T22:01:42.553+0000] {logging_mixin.py:190} INFO - [2025-07-01T22:01:42.552+0000] {dag.py:4180} INFO - Setting next_dagrun for dataset_s3_bucket_producer_with_no_taskflow to None, run_after=None
[2025-07-01T22:01:42.583+0000] {processor.py:208} INFO - Processing /home/airflow/.local/lib/python3.12/site-packages/airflow/example_dags/example_dataset_alias_with_no_taskflow.py took 0.282 seconds
[2025-07-01T22:02:13.208+0000] {processor.py:186} INFO - Started process (PID=5661) to work on /home/airflow/.local/lib/python3.12/site-packages/airflow/example_dags/example_dataset_alias_with_no_taskflow.py
[2025-07-01T22:02:13.209+0000] {processor.py:914} INFO - Processing file /home/airflow/.local/lib/python3.12/site-packages/airflow/example_dags/example_dataset_alias_with_no_taskflow.py for tasks to queue
[2025-07-01T22:02:13.211+0000] {logging_mixin.py:190} INFO - [2025-07-01T22:02:13.210+0000] {dagbag.py:588} INFO - Filling up the DagBag from /home/airflow/.local/lib/python3.12/site-packages/airflow/example_dags/example_dataset_alias_with_no_taskflow.py
[2025-07-01T22:02:13.348+0000] {processor.py:925} INFO - DAG(s) 'dataset_alias_example_alias_producer_with_no_taskflow', 'dataset_alias_example_alias_consumer_with_no_taskflow', 'dataset_s3_bucket_consumer_with_no_taskflow', 'dataset_s3_bucket_producer_with_no_taskflow' retrieved from /home/airflow/.local/lib/python3.12/site-packages/airflow/example_dags/example_dataset_alias_with_no_taskflow.py
[2025-07-01T22:02:13.369+0000] {logging_mixin.py:190} INFO - [2025-07-01T22:02:13.369+0000] {dag.py:3239} INFO - Sync 4 DAGs
[2025-07-01T22:02:13.392+0000] {logging_mixin.py:190} INFO - [2025-07-01T22:02:13.392+0000] {dag.py:4180} INFO - Setting next_dagrun for dataset_alias_example_alias_consumer_with_no_taskflow to None, run_after=None
[2025-07-01T22:02:13.398+0000] {logging_mixin.py:190} INFO - [2025-07-01T22:02:13.398+0000] {dag.py:4180} INFO - Setting next_dagrun for dataset_alias_example_alias_producer_with_no_taskflow to None, run_after=None
[2025-07-01T22:02:13.400+0000] {logging_mixin.py:190} INFO - [2025-07-01T22:02:13.400+0000] {dag.py:4180} INFO - Setting next_dagrun for dataset_s3_bucket_consumer_with_no_taskflow to None, run_after=None
[2025-07-01T22:02:13.402+0000] {logging_mixin.py:190} INFO - [2025-07-01T22:02:13.402+0000] {dag.py:4180} INFO - Setting next_dagrun for dataset_s3_bucket_producer_with_no_taskflow to None, run_after=None
[2025-07-01T22:02:13.429+0000] {processor.py:208} INFO - Processing /home/airflow/.local/lib/python3.12/site-packages/airflow/example_dags/example_dataset_alias_with_no_taskflow.py took 0.227 seconds
[2025-07-01T22:02:44.396+0000] {processor.py:186} INFO - Started process (PID=5724) to work on /home/airflow/.local/lib/python3.12/site-packages/airflow/example_dags/example_dataset_alias_with_no_taskflow.py
[2025-07-01T22:02:44.397+0000] {processor.py:914} INFO - Processing file /home/airflow/.local/lib/python3.12/site-packages/airflow/example_dags/example_dataset_alias_with_no_taskflow.py for tasks to queue
[2025-07-01T22:02:44.400+0000] {logging_mixin.py:190} INFO - [2025-07-01T22:02:44.399+0000] {dagbag.py:588} INFO - Filling up the DagBag from /home/airflow/.local/lib/python3.12/site-packages/airflow/example_dags/example_dataset_alias_with_no_taskflow.py
[2025-07-01T22:02:44.578+0000] {processor.py:925} INFO - DAG(s) 'dataset_s3_bucket_producer_with_no_taskflow', 'dataset_s3_bucket_consumer_with_no_taskflow', 'dataset_alias_example_alias_producer_with_no_taskflow', 'dataset_alias_example_alias_consumer_with_no_taskflow' retrieved from /home/airflow/.local/lib/python3.12/site-packages/airflow/example_dags/example_dataset_alias_with_no_taskflow.py
[2025-07-01T22:02:44.600+0000] {logging_mixin.py:190} INFO - [2025-07-01T22:02:44.600+0000] {dag.py:3239} INFO - Sync 4 DAGs
[2025-07-01T22:02:44.623+0000] {logging_mixin.py:190} INFO - [2025-07-01T22:02:44.622+0000] {dag.py:4180} INFO - Setting next_dagrun for dataset_alias_example_alias_consumer_with_no_taskflow to None, run_after=None
[2025-07-01T22:02:44.626+0000] {logging_mixin.py:190} INFO - [2025-07-01T22:02:44.625+0000] {dag.py:4180} INFO - Setting next_dagrun for dataset_alias_example_alias_producer_with_no_taskflow to None, run_after=None
[2025-07-01T22:02:44.628+0000] {logging_mixin.py:190} INFO - [2025-07-01T22:02:44.628+0000] {dag.py:4180} INFO - Setting next_dagrun for dataset_s3_bucket_consumer_with_no_taskflow to None, run_after=None
[2025-07-01T22:02:44.629+0000] {logging_mixin.py:190} INFO - [2025-07-01T22:02:44.629+0000] {dag.py:4180} INFO - Setting next_dagrun for dataset_s3_bucket_producer_with_no_taskflow to None, run_after=None
[2025-07-01T22:02:44.655+0000] {processor.py:208} INFO - Processing /home/airflow/.local/lib/python3.12/site-packages/airflow/example_dags/example_dataset_alias_with_no_taskflow.py took 0.264 seconds
[2025-07-01T22:03:15.541+0000] {processor.py:186} INFO - Started process (PID=5787) to work on /home/airflow/.local/lib/python3.12/site-packages/airflow/example_dags/example_dataset_alias_with_no_taskflow.py
[2025-07-01T22:03:15.542+0000] {processor.py:914} INFO - Processing file /home/airflow/.local/lib/python3.12/site-packages/airflow/example_dags/example_dataset_alias_with_no_taskflow.py for tasks to queue
[2025-07-01T22:03:15.545+0000] {logging_mixin.py:190} INFO - [2025-07-01T22:03:15.545+0000] {dagbag.py:588} INFO - Filling up the DagBag from /home/airflow/.local/lib/python3.12/site-packages/airflow/example_dags/example_dataset_alias_with_no_taskflow.py
[2025-07-01T22:03:15.682+0000] {processor.py:925} INFO - DAG(s) 'dataset_alias_example_alias_consumer_with_no_taskflow', 'dataset_s3_bucket_producer_with_no_taskflow', 'dataset_s3_bucket_consumer_with_no_taskflow', 'dataset_alias_example_alias_producer_with_no_taskflow' retrieved from /home/airflow/.local/lib/python3.12/site-packages/airflow/example_dags/example_dataset_alias_with_no_taskflow.py
[2025-07-01T22:03:15.702+0000] {logging_mixin.py:190} INFO - [2025-07-01T22:03:15.702+0000] {dag.py:3239} INFO - Sync 4 DAGs
[2025-07-01T22:03:15.721+0000] {logging_mixin.py:190} INFO - [2025-07-01T22:03:15.721+0000] {dag.py:4180} INFO - Setting next_dagrun for dataset_alias_example_alias_consumer_with_no_taskflow to None, run_after=None
[2025-07-01T22:03:15.724+0000] {logging_mixin.py:190} INFO - [2025-07-01T22:03:15.723+0000] {dag.py:4180} INFO - Setting next_dagrun for dataset_alias_example_alias_producer_with_no_taskflow to None, run_after=None
[2025-07-01T22:03:15.725+0000] {logging_mixin.py:190} INFO - [2025-07-01T22:03:15.725+0000] {dag.py:4180} INFO - Setting next_dagrun for dataset_s3_bucket_consumer_with_no_taskflow to None, run_after=None
[2025-07-01T22:03:15.726+0000] {logging_mixin.py:190} INFO - [2025-07-01T22:03:15.726+0000] {dag.py:4180} INFO - Setting next_dagrun for dataset_s3_bucket_producer_with_no_taskflow to None, run_after=None
[2025-07-01T22:03:15.747+0000] {processor.py:208} INFO - Processing /home/airflow/.local/lib/python3.12/site-packages/airflow/example_dags/example_dataset_alias_with_no_taskflow.py took 0.212 seconds
[2025-07-01T22:03:46.276+0000] {processor.py:186} INFO - Started process (PID=5850) to work on /home/airflow/.local/lib/python3.12/site-packages/airflow/example_dags/example_dataset_alias_with_no_taskflow.py
[2025-07-01T22:03:46.278+0000] {processor.py:914} INFO - Processing file /home/airflow/.local/lib/python3.12/site-packages/airflow/example_dags/example_dataset_alias_with_no_taskflow.py for tasks to queue
[2025-07-01T22:03:46.281+0000] {logging_mixin.py:190} INFO - [2025-07-01T22:03:46.281+0000] {dagbag.py:588} INFO - Filling up the DagBag from /home/airflow/.local/lib/python3.12/site-packages/airflow/example_dags/example_dataset_alias_with_no_taskflow.py
[2025-07-01T22:03:46.463+0000] {processor.py:925} INFO - DAG(s) 'dataset_alias_example_alias_consumer_with_no_taskflow', 'dataset_s3_bucket_consumer_with_no_taskflow', 'dataset_s3_bucket_producer_with_no_taskflow', 'dataset_alias_example_alias_producer_with_no_taskflow' retrieved from /home/airflow/.local/lib/python3.12/site-packages/airflow/example_dags/example_dataset_alias_with_no_taskflow.py
[2025-07-01T22:03:46.493+0000] {logging_mixin.py:190} INFO - [2025-07-01T22:03:46.493+0000] {dag.py:3239} INFO - Sync 4 DAGs
[2025-07-01T22:03:46.525+0000] {logging_mixin.py:190} INFO - [2025-07-01T22:03:46.525+0000] {dag.py:4180} INFO - Setting next_dagrun for dataset_alias_example_alias_consumer_with_no_taskflow to None, run_after=None
[2025-07-01T22:03:46.531+0000] {logging_mixin.py:190} INFO - [2025-07-01T22:03:46.530+0000] {dag.py:4180} INFO - Setting next_dagrun for dataset_alias_example_alias_producer_with_no_taskflow to None, run_after=None
[2025-07-01T22:03:46.533+0000] {logging_mixin.py:190} INFO - [2025-07-01T22:03:46.533+0000] {dag.py:4180} INFO - Setting next_dagrun for dataset_s3_bucket_consumer_with_no_taskflow to None, run_after=None
[2025-07-01T22:03:46.535+0000] {logging_mixin.py:190} INFO - [2025-07-01T22:03:46.534+0000] {dag.py:4180} INFO - Setting next_dagrun for dataset_s3_bucket_producer_with_no_taskflow to None, run_after=None
[2025-07-01T22:03:46.572+0000] {processor.py:208} INFO - Processing /home/airflow/.local/lib/python3.12/site-packages/airflow/example_dags/example_dataset_alias_with_no_taskflow.py took 0.307 seconds
[2025-07-01T22:04:17.070+0000] {processor.py:186} INFO - Started process (PID=5913) to work on /home/airflow/.local/lib/python3.12/site-packages/airflow/example_dags/example_dataset_alias_with_no_taskflow.py
[2025-07-01T22:04:17.071+0000] {processor.py:914} INFO - Processing file /home/airflow/.local/lib/python3.12/site-packages/airflow/example_dags/example_dataset_alias_with_no_taskflow.py for tasks to queue
[2025-07-01T22:04:17.073+0000] {logging_mixin.py:190} INFO - [2025-07-01T22:04:17.073+0000] {dagbag.py:588} INFO - Filling up the DagBag from /home/airflow/.local/lib/python3.12/site-packages/airflow/example_dags/example_dataset_alias_with_no_taskflow.py
[2025-07-01T22:04:17.213+0000] {processor.py:925} INFO - DAG(s) 'dataset_s3_bucket_producer_with_no_taskflow', 'dataset_alias_example_alias_producer_with_no_taskflow', 'dataset_s3_bucket_consumer_with_no_taskflow', 'dataset_alias_example_alias_consumer_with_no_taskflow' retrieved from /home/airflow/.local/lib/python3.12/site-packages/airflow/example_dags/example_dataset_alias_with_no_taskflow.py
[2025-07-01T22:04:17.231+0000] {logging_mixin.py:190} INFO - [2025-07-01T22:04:17.231+0000] {dag.py:3239} INFO - Sync 4 DAGs
[2025-07-01T22:04:17.252+0000] {logging_mixin.py:190} INFO - [2025-07-01T22:04:17.251+0000] {dag.py:4180} INFO - Setting next_dagrun for dataset_alias_example_alias_consumer_with_no_taskflow to None, run_after=None
[2025-07-01T22:04:17.254+0000] {logging_mixin.py:190} INFO - [2025-07-01T22:04:17.254+0000] {dag.py:4180} INFO - Setting next_dagrun for dataset_alias_example_alias_producer_with_no_taskflow to None, run_after=None
[2025-07-01T22:04:17.255+0000] {logging_mixin.py:190} INFO - [2025-07-01T22:04:17.255+0000] {dag.py:4180} INFO - Setting next_dagrun for dataset_s3_bucket_consumer_with_no_taskflow to None, run_after=None
[2025-07-01T22:04:17.256+0000] {logging_mixin.py:190} INFO - [2025-07-01T22:04:17.256+0000] {dag.py:4180} INFO - Setting next_dagrun for dataset_s3_bucket_producer_with_no_taskflow to None, run_after=None
[2025-07-01T22:04:17.283+0000] {processor.py:208} INFO - Processing /home/airflow/.local/lib/python3.12/site-packages/airflow/example_dags/example_dataset_alias_with_no_taskflow.py took 0.217 seconds
[2025-07-01T22:04:47.327+0000] {processor.py:186} INFO - Started process (PID=5976) to work on /home/airflow/.local/lib/python3.12/site-packages/airflow/example_dags/example_dataset_alias_with_no_taskflow.py
[2025-07-01T22:04:47.328+0000] {processor.py:914} INFO - Processing file /home/airflow/.local/lib/python3.12/site-packages/airflow/example_dags/example_dataset_alias_with_no_taskflow.py for tasks to queue
[2025-07-01T22:04:47.330+0000] {logging_mixin.py:190} INFO - [2025-07-01T22:04:47.330+0000] {dagbag.py:588} INFO - Filling up the DagBag from /home/airflow/.local/lib/python3.12/site-packages/airflow/example_dags/example_dataset_alias_with_no_taskflow.py
[2025-07-01T22:04:47.489+0000] {processor.py:925} INFO - DAG(s) 'dataset_alias_example_alias_producer_with_no_taskflow', 'dataset_s3_bucket_producer_with_no_taskflow', 'dataset_alias_example_alias_consumer_with_no_taskflow', 'dataset_s3_bucket_consumer_with_no_taskflow' retrieved from /home/airflow/.local/lib/python3.12/site-packages/airflow/example_dags/example_dataset_alias_with_no_taskflow.py
[2025-07-01T22:04:47.509+0000] {logging_mixin.py:190} INFO - [2025-07-01T22:04:47.509+0000] {dag.py:3239} INFO - Sync 4 DAGs
[2025-07-01T22:04:47.530+0000] {logging_mixin.py:190} INFO - [2025-07-01T22:04:47.530+0000] {dag.py:4180} INFO - Setting next_dagrun for dataset_alias_example_alias_consumer_with_no_taskflow to None, run_after=None
[2025-07-01T22:04:47.532+0000] {logging_mixin.py:190} INFO - [2025-07-01T22:04:47.532+0000] {dag.py:4180} INFO - Setting next_dagrun for dataset_alias_example_alias_producer_with_no_taskflow to None, run_after=None
[2025-07-01T22:04:47.533+0000] {logging_mixin.py:190} INFO - [2025-07-01T22:04:47.533+0000] {dag.py:4180} INFO - Setting next_dagrun for dataset_s3_bucket_consumer_with_no_taskflow to None, run_after=None
[2025-07-01T22:04:47.534+0000] {logging_mixin.py:190} INFO - [2025-07-01T22:04:47.534+0000] {dag.py:4180} INFO - Setting next_dagrun for dataset_s3_bucket_producer_with_no_taskflow to None, run_after=None
[2025-07-01T22:04:47.558+0000] {processor.py:208} INFO - Processing /home/airflow/.local/lib/python3.12/site-packages/airflow/example_dags/example_dataset_alias_with_no_taskflow.py took 0.236 seconds
[2025-07-01T22:05:18.474+0000] {processor.py:186} INFO - Started process (PID=6039) to work on /home/airflow/.local/lib/python3.12/site-packages/airflow/example_dags/example_dataset_alias_with_no_taskflow.py
[2025-07-01T22:05:18.475+0000] {processor.py:914} INFO - Processing file /home/airflow/.local/lib/python3.12/site-packages/airflow/example_dags/example_dataset_alias_with_no_taskflow.py for tasks to queue
[2025-07-01T22:05:18.477+0000] {logging_mixin.py:190} INFO - [2025-07-01T22:05:18.477+0000] {dagbag.py:588} INFO - Filling up the DagBag from /home/airflow/.local/lib/python3.12/site-packages/airflow/example_dags/example_dataset_alias_with_no_taskflow.py
[2025-07-01T22:05:18.607+0000] {processor.py:925} INFO - DAG(s) 'dataset_alias_example_alias_consumer_with_no_taskflow', 'dataset_s3_bucket_producer_with_no_taskflow', 'dataset_s3_bucket_consumer_with_no_taskflow', 'dataset_alias_example_alias_producer_with_no_taskflow' retrieved from /home/airflow/.local/lib/python3.12/site-packages/airflow/example_dags/example_dataset_alias_with_no_taskflow.py
[2025-07-01T22:05:18.628+0000] {logging_mixin.py:190} INFO - [2025-07-01T22:05:18.627+0000] {dag.py:3239} INFO - Sync 4 DAGs
[2025-07-01T22:05:18.647+0000] {logging_mixin.py:190} INFO - [2025-07-01T22:05:18.647+0000] {dag.py:4180} INFO - Setting next_dagrun for dataset_alias_example_alias_consumer_with_no_taskflow to None, run_after=None
[2025-07-01T22:05:18.650+0000] {logging_mixin.py:190} INFO - [2025-07-01T22:05:18.649+0000] {dag.py:4180} INFO - Setting next_dagrun for dataset_alias_example_alias_producer_with_no_taskflow to None, run_after=None
[2025-07-01T22:05:18.651+0000] {logging_mixin.py:190} INFO - [2025-07-01T22:05:18.651+0000] {dag.py:4180} INFO - Setting next_dagrun for dataset_s3_bucket_consumer_with_no_taskflow to None, run_after=None
[2025-07-01T22:05:18.652+0000] {logging_mixin.py:190} INFO - [2025-07-01T22:05:18.652+0000] {dag.py:4180} INFO - Setting next_dagrun for dataset_s3_bucket_producer_with_no_taskflow to None, run_after=None
[2025-07-01T22:05:18.672+0000] {processor.py:208} INFO - Processing /home/airflow/.local/lib/python3.12/site-packages/airflow/example_dags/example_dataset_alias_with_no_taskflow.py took 0.203 seconds
[2025-07-01T22:05:48.767+0000] {processor.py:186} INFO - Started process (PID=6102) to work on /home/airflow/.local/lib/python3.12/site-packages/airflow/example_dags/example_dataset_alias_with_no_taskflow.py
[2025-07-01T22:05:48.767+0000] {processor.py:914} INFO - Processing file /home/airflow/.local/lib/python3.12/site-packages/airflow/example_dags/example_dataset_alias_with_no_taskflow.py for tasks to queue
[2025-07-01T22:05:48.770+0000] {logging_mixin.py:190} INFO - [2025-07-01T22:05:48.769+0000] {dagbag.py:588} INFO - Filling up the DagBag from /home/airflow/.local/lib/python3.12/site-packages/airflow/example_dags/example_dataset_alias_with_no_taskflow.py
[2025-07-01T22:05:48.891+0000] {processor.py:925} INFO - DAG(s) 'dataset_alias_example_alias_producer_with_no_taskflow', 'dataset_alias_example_alias_consumer_with_no_taskflow', 'dataset_s3_bucket_producer_with_no_taskflow', 'dataset_s3_bucket_consumer_with_no_taskflow' retrieved from /home/airflow/.local/lib/python3.12/site-packages/airflow/example_dags/example_dataset_alias_with_no_taskflow.py
[2025-07-01T22:05:48.908+0000] {logging_mixin.py:190} INFO - [2025-07-01T22:05:48.908+0000] {dag.py:3239} INFO - Sync 4 DAGs
[2025-07-01T22:05:48.927+0000] {logging_mixin.py:190} INFO - [2025-07-01T22:05:48.927+0000] {dag.py:4180} INFO - Setting next_dagrun for dataset_alias_example_alias_consumer_with_no_taskflow to None, run_after=None
[2025-07-01T22:05:48.930+0000] {logging_mixin.py:190} INFO - [2025-07-01T22:05:48.929+0000] {dag.py:4180} INFO - Setting next_dagrun for dataset_alias_example_alias_producer_with_no_taskflow to None, run_after=None
[2025-07-01T22:05:48.931+0000] {logging_mixin.py:190} INFO - [2025-07-01T22:05:48.931+0000] {dag.py:4180} INFO - Setting next_dagrun for dataset_s3_bucket_consumer_with_no_taskflow to None, run_after=None
[2025-07-01T22:05:48.932+0000] {logging_mixin.py:190} INFO - [2025-07-01T22:05:48.932+0000] {dag.py:4180} INFO - Setting next_dagrun for dataset_s3_bucket_producer_with_no_taskflow to None, run_after=None
[2025-07-01T22:05:48.953+0000] {processor.py:208} INFO - Processing /home/airflow/.local/lib/python3.12/site-packages/airflow/example_dags/example_dataset_alias_with_no_taskflow.py took 0.191 seconds
[2025-07-01T22:06:19.250+0000] {processor.py:186} INFO - Started process (PID=6165) to work on /home/airflow/.local/lib/python3.12/site-packages/airflow/example_dags/example_dataset_alias_with_no_taskflow.py
[2025-07-01T22:06:19.251+0000] {processor.py:914} INFO - Processing file /home/airflow/.local/lib/python3.12/site-packages/airflow/example_dags/example_dataset_alias_with_no_taskflow.py for tasks to queue
[2025-07-01T22:06:19.254+0000] {logging_mixin.py:190} INFO - [2025-07-01T22:06:19.254+0000] {dagbag.py:588} INFO - Filling up the DagBag from /home/airflow/.local/lib/python3.12/site-packages/airflow/example_dags/example_dataset_alias_with_no_taskflow.py
[2025-07-01T22:06:19.417+0000] {processor.py:925} INFO - DAG(s) 'dataset_alias_example_alias_producer_with_no_taskflow', 'dataset_s3_bucket_consumer_with_no_taskflow', 'dataset_s3_bucket_producer_with_no_taskflow', 'dataset_alias_example_alias_consumer_with_no_taskflow' retrieved from /home/airflow/.local/lib/python3.12/site-packages/airflow/example_dags/example_dataset_alias_with_no_taskflow.py
[2025-07-01T22:06:19.434+0000] {logging_mixin.py:190} INFO - [2025-07-01T22:06:19.434+0000] {dag.py:3239} INFO - Sync 4 DAGs
[2025-07-01T22:06:19.454+0000] {logging_mixin.py:190} INFO - [2025-07-01T22:06:19.454+0000] {dag.py:4180} INFO - Setting next_dagrun for dataset_alias_example_alias_consumer_with_no_taskflow to None, run_after=None
[2025-07-01T22:06:19.456+0000] {logging_mixin.py:190} INFO - [2025-07-01T22:06:19.456+0000] {dag.py:4180} INFO - Setting next_dagrun for dataset_alias_example_alias_producer_with_no_taskflow to None, run_after=None
[2025-07-01T22:06:19.457+0000] {logging_mixin.py:190} INFO - [2025-07-01T22:06:19.457+0000] {dag.py:4180} INFO - Setting next_dagrun for dataset_s3_bucket_consumer_with_no_taskflow to None, run_after=None
[2025-07-01T22:06:19.459+0000] {logging_mixin.py:190} INFO - [2025-07-01T22:06:19.459+0000] {dag.py:4180} INFO - Setting next_dagrun for dataset_s3_bucket_producer_with_no_taskflow to None, run_after=None
[2025-07-01T22:06:19.480+0000] {processor.py:208} INFO - Processing /home/airflow/.local/lib/python3.12/site-packages/airflow/example_dags/example_dataset_alias_with_no_taskflow.py took 0.236 seconds
[2025-07-01T22:06:50.095+0000] {processor.py:186} INFO - Started process (PID=6228) to work on /home/airflow/.local/lib/python3.12/site-packages/airflow/example_dags/example_dataset_alias_with_no_taskflow.py
[2025-07-01T22:06:50.096+0000] {processor.py:914} INFO - Processing file /home/airflow/.local/lib/python3.12/site-packages/airflow/example_dags/example_dataset_alias_with_no_taskflow.py for tasks to queue
[2025-07-01T22:06:50.098+0000] {logging_mixin.py:190} INFO - [2025-07-01T22:06:50.098+0000] {dagbag.py:588} INFO - Filling up the DagBag from /home/airflow/.local/lib/python3.12/site-packages/airflow/example_dags/example_dataset_alias_with_no_taskflow.py
[2025-07-01T22:06:50.226+0000] {processor.py:925} INFO - DAG(s) 'dataset_alias_example_alias_consumer_with_no_taskflow', 'dataset_alias_example_alias_producer_with_no_taskflow', 'dataset_s3_bucket_producer_with_no_taskflow', 'dataset_s3_bucket_consumer_with_no_taskflow' retrieved from /home/airflow/.local/lib/python3.12/site-packages/airflow/example_dags/example_dataset_alias_with_no_taskflow.py
[2025-07-01T22:06:50.245+0000] {logging_mixin.py:190} INFO - [2025-07-01T22:06:50.244+0000] {dag.py:3239} INFO - Sync 4 DAGs
[2025-07-01T22:06:50.264+0000] {logging_mixin.py:190} INFO - [2025-07-01T22:06:50.264+0000] {dag.py:4180} INFO - Setting next_dagrun for dataset_alias_example_alias_consumer_with_no_taskflow to None, run_after=None
[2025-07-01T22:06:50.267+0000] {logging_mixin.py:190} INFO - [2025-07-01T22:06:50.266+0000] {dag.py:4180} INFO - Setting next_dagrun for dataset_alias_example_alias_producer_with_no_taskflow to None, run_after=None
[2025-07-01T22:06:50.268+0000] {logging_mixin.py:190} INFO - [2025-07-01T22:06:50.268+0000] {dag.py:4180} INFO - Setting next_dagrun for dataset_s3_bucket_consumer_with_no_taskflow to None, run_after=None
[2025-07-01T22:06:50.269+0000] {logging_mixin.py:190} INFO - [2025-07-01T22:06:50.269+0000] {dag.py:4180} INFO - Setting next_dagrun for dataset_s3_bucket_producer_with_no_taskflow to None, run_after=None
[2025-07-01T22:06:50.295+0000] {processor.py:208} INFO - Processing /home/airflow/.local/lib/python3.12/site-packages/airflow/example_dags/example_dataset_alias_with_no_taskflow.py took 0.205 seconds
[2025-07-01T22:07:20.656+0000] {processor.py:186} INFO - Started process (PID=6291) to work on /home/airflow/.local/lib/python3.12/site-packages/airflow/example_dags/example_dataset_alias_with_no_taskflow.py
[2025-07-01T22:07:20.657+0000] {processor.py:914} INFO - Processing file /home/airflow/.local/lib/python3.12/site-packages/airflow/example_dags/example_dataset_alias_with_no_taskflow.py for tasks to queue
[2025-07-01T22:07:20.659+0000] {logging_mixin.py:190} INFO - [2025-07-01T22:07:20.659+0000] {dagbag.py:588} INFO - Filling up the DagBag from /home/airflow/.local/lib/python3.12/site-packages/airflow/example_dags/example_dataset_alias_with_no_taskflow.py
[2025-07-01T22:07:20.789+0000] {processor.py:925} INFO - DAG(s) 'dataset_alias_example_alias_consumer_with_no_taskflow', 'dataset_s3_bucket_consumer_with_no_taskflow', 'dataset_s3_bucket_producer_with_no_taskflow', 'dataset_alias_example_alias_producer_with_no_taskflow' retrieved from /home/airflow/.local/lib/python3.12/site-packages/airflow/example_dags/example_dataset_alias_with_no_taskflow.py
[2025-07-01T22:07:20.806+0000] {logging_mixin.py:190} INFO - [2025-07-01T22:07:20.806+0000] {dag.py:3239} INFO - Sync 4 DAGs
[2025-07-01T22:07:20.827+0000] {logging_mixin.py:190} INFO - [2025-07-01T22:07:20.827+0000] {dag.py:4180} INFO - Setting next_dagrun for dataset_alias_example_alias_consumer_with_no_taskflow to None, run_after=None
[2025-07-01T22:07:20.830+0000] {logging_mixin.py:190} INFO - [2025-07-01T22:07:20.830+0000] {dag.py:4180} INFO - Setting next_dagrun for dataset_alias_example_alias_producer_with_no_taskflow to None, run_after=None
[2025-07-01T22:07:20.831+0000] {logging_mixin.py:190} INFO - [2025-07-01T22:07:20.831+0000] {dag.py:4180} INFO - Setting next_dagrun for dataset_s3_bucket_consumer_with_no_taskflow to None, run_after=None
[2025-07-01T22:07:20.832+0000] {logging_mixin.py:190} INFO - [2025-07-01T22:07:20.832+0000] {dag.py:4180} INFO - Setting next_dagrun for dataset_s3_bucket_producer_with_no_taskflow to None, run_after=None
[2025-07-01T22:07:20.855+0000] {processor.py:208} INFO - Processing /home/airflow/.local/lib/python3.12/site-packages/airflow/example_dags/example_dataset_alias_with_no_taskflow.py took 0.204 seconds
[2025-07-01T22:07:51.357+0000] {processor.py:186} INFO - Started process (PID=6354) to work on /home/airflow/.local/lib/python3.12/site-packages/airflow/example_dags/example_dataset_alias_with_no_taskflow.py
[2025-07-01T22:07:51.359+0000] {processor.py:914} INFO - Processing file /home/airflow/.local/lib/python3.12/site-packages/airflow/example_dags/example_dataset_alias_with_no_taskflow.py for tasks to queue
[2025-07-01T22:07:51.362+0000] {logging_mixin.py:190} INFO - [2025-07-01T22:07:51.362+0000] {dagbag.py:588} INFO - Filling up the DagBag from /home/airflow/.local/lib/python3.12/site-packages/airflow/example_dags/example_dataset_alias_with_no_taskflow.py
[2025-07-01T22:07:51.514+0000] {processor.py:925} INFO - DAG(s) 'dataset_s3_bucket_consumer_with_no_taskflow', 'dataset_alias_example_alias_producer_with_no_taskflow', 'dataset_alias_example_alias_consumer_with_no_taskflow', 'dataset_s3_bucket_producer_with_no_taskflow' retrieved from /home/airflow/.local/lib/python3.12/site-packages/airflow/example_dags/example_dataset_alias_with_no_taskflow.py
[2025-07-01T22:07:51.533+0000] {logging_mixin.py:190} INFO - [2025-07-01T22:07:51.533+0000] {dag.py:3239} INFO - Sync 4 DAGs
[2025-07-01T22:07:51.551+0000] {logging_mixin.py:190} INFO - [2025-07-01T22:07:51.551+0000] {dag.py:4180} INFO - Setting next_dagrun for dataset_alias_example_alias_consumer_with_no_taskflow to None, run_after=None
[2025-07-01T22:07:51.553+0000] {logging_mixin.py:190} INFO - [2025-07-01T22:07:51.553+0000] {dag.py:4180} INFO - Setting next_dagrun for dataset_alias_example_alias_producer_with_no_taskflow to None, run_after=None
[2025-07-01T22:07:51.554+0000] {logging_mixin.py:190} INFO - [2025-07-01T22:07:51.554+0000] {dag.py:4180} INFO - Setting next_dagrun for dataset_s3_bucket_consumer_with_no_taskflow to None, run_after=None
[2025-07-01T22:07:51.555+0000] {logging_mixin.py:190} INFO - [2025-07-01T22:07:51.555+0000] {dag.py:4180} INFO - Setting next_dagrun for dataset_s3_bucket_producer_with_no_taskflow to None, run_after=None
[2025-07-01T22:07:51.579+0000] {processor.py:208} INFO - Processing /home/airflow/.local/lib/python3.12/site-packages/airflow/example_dags/example_dataset_alias_with_no_taskflow.py took 0.229 seconds
[2025-07-01T22:08:22.117+0000] {processor.py:186} INFO - Started process (PID=6417) to work on /home/airflow/.local/lib/python3.12/site-packages/airflow/example_dags/example_dataset_alias_with_no_taskflow.py
[2025-07-01T22:08:22.118+0000] {processor.py:914} INFO - Processing file /home/airflow/.local/lib/python3.12/site-packages/airflow/example_dags/example_dataset_alias_with_no_taskflow.py for tasks to queue
[2025-07-01T22:08:22.120+0000] {logging_mixin.py:190} INFO - [2025-07-01T22:08:22.120+0000] {dagbag.py:588} INFO - Filling up the DagBag from /home/airflow/.local/lib/python3.12/site-packages/airflow/example_dags/example_dataset_alias_with_no_taskflow.py
[2025-07-01T22:08:22.243+0000] {processor.py:925} INFO - DAG(s) 'dataset_alias_example_alias_producer_with_no_taskflow', 'dataset_s3_bucket_consumer_with_no_taskflow', 'dataset_alias_example_alias_consumer_with_no_taskflow', 'dataset_s3_bucket_producer_with_no_taskflow' retrieved from /home/airflow/.local/lib/python3.12/site-packages/airflow/example_dags/example_dataset_alias_with_no_taskflow.py
[2025-07-01T22:08:22.259+0000] {logging_mixin.py:190} INFO - [2025-07-01T22:08:22.259+0000] {dag.py:3239} INFO - Sync 4 DAGs
[2025-07-01T22:08:22.278+0000] {logging_mixin.py:190} INFO - [2025-07-01T22:08:22.278+0000] {dag.py:4180} INFO - Setting next_dagrun for dataset_alias_example_alias_consumer_with_no_taskflow to None, run_after=None
[2025-07-01T22:08:22.280+0000] {logging_mixin.py:190} INFO - [2025-07-01T22:08:22.280+0000] {dag.py:4180} INFO - Setting next_dagrun for dataset_alias_example_alias_producer_with_no_taskflow to None, run_after=None
[2025-07-01T22:08:22.281+0000] {logging_mixin.py:190} INFO - [2025-07-01T22:08:22.281+0000] {dag.py:4180} INFO - Setting next_dagrun for dataset_s3_bucket_consumer_with_no_taskflow to None, run_after=None
[2025-07-01T22:08:22.282+0000] {logging_mixin.py:190} INFO - [2025-07-01T22:08:22.282+0000] {dag.py:4180} INFO - Setting next_dagrun for dataset_s3_bucket_producer_with_no_taskflow to None, run_after=None
[2025-07-01T22:08:22.303+0000] {processor.py:208} INFO - Processing /home/airflow/.local/lib/python3.12/site-packages/airflow/example_dags/example_dataset_alias_with_no_taskflow.py took 0.190 seconds
[2025-07-01T22:08:52.886+0000] {processor.py:186} INFO - Started process (PID=6480) to work on /home/airflow/.local/lib/python3.12/site-packages/airflow/example_dags/example_dataset_alias_with_no_taskflow.py
[2025-07-01T22:08:52.887+0000] {processor.py:914} INFO - Processing file /home/airflow/.local/lib/python3.12/site-packages/airflow/example_dags/example_dataset_alias_with_no_taskflow.py for tasks to queue
[2025-07-01T22:08:52.890+0000] {logging_mixin.py:190} INFO - [2025-07-01T22:08:52.889+0000] {dagbag.py:588} INFO - Filling up the DagBag from /home/airflow/.local/lib/python3.12/site-packages/airflow/example_dags/example_dataset_alias_with_no_taskflow.py
[2025-07-01T22:08:53.014+0000] {processor.py:925} INFO - DAG(s) 'dataset_alias_example_alias_producer_with_no_taskflow', 'dataset_alias_example_alias_consumer_with_no_taskflow', 'dataset_s3_bucket_consumer_with_no_taskflow', 'dataset_s3_bucket_producer_with_no_taskflow' retrieved from /home/airflow/.local/lib/python3.12/site-packages/airflow/example_dags/example_dataset_alias_with_no_taskflow.py
[2025-07-01T22:08:53.033+0000] {logging_mixin.py:190} INFO - [2025-07-01T22:08:53.033+0000] {dag.py:3239} INFO - Sync 4 DAGs
[2025-07-01T22:08:53.052+0000] {logging_mixin.py:190} INFO - [2025-07-01T22:08:53.052+0000] {dag.py:4180} INFO - Setting next_dagrun for dataset_alias_example_alias_consumer_with_no_taskflow to None, run_after=None
[2025-07-01T22:08:53.055+0000] {logging_mixin.py:190} INFO - [2025-07-01T22:08:53.054+0000] {dag.py:4180} INFO - Setting next_dagrun for dataset_alias_example_alias_producer_with_no_taskflow to None, run_after=None
[2025-07-01T22:08:53.056+0000] {logging_mixin.py:190} INFO - [2025-07-01T22:08:53.056+0000] {dag.py:4180} INFO - Setting next_dagrun for dataset_s3_bucket_consumer_with_no_taskflow to None, run_after=None
[2025-07-01T22:08:53.057+0000] {logging_mixin.py:190} INFO - [2025-07-01T22:08:53.057+0000] {dag.py:4180} INFO - Setting next_dagrun for dataset_s3_bucket_producer_with_no_taskflow to None, run_after=None
[2025-07-01T22:08:53.083+0000] {processor.py:208} INFO - Processing /home/airflow/.local/lib/python3.12/site-packages/airflow/example_dags/example_dataset_alias_with_no_taskflow.py took 0.202 seconds
[2025-07-01T22:09:23.521+0000] {processor.py:186} INFO - Started process (PID=6543) to work on /home/airflow/.local/lib/python3.12/site-packages/airflow/example_dags/example_dataset_alias_with_no_taskflow.py
[2025-07-01T22:09:23.522+0000] {processor.py:914} INFO - Processing file /home/airflow/.local/lib/python3.12/site-packages/airflow/example_dags/example_dataset_alias_with_no_taskflow.py for tasks to queue
[2025-07-01T22:09:23.525+0000] {logging_mixin.py:190} INFO - [2025-07-01T22:09:23.525+0000] {dagbag.py:588} INFO - Filling up the DagBag from /home/airflow/.local/lib/python3.12/site-packages/airflow/example_dags/example_dataset_alias_with_no_taskflow.py
[2025-07-01T22:09:23.672+0000] {processor.py:925} INFO - DAG(s) 'dataset_s3_bucket_producer_with_no_taskflow', 'dataset_s3_bucket_consumer_with_no_taskflow', 'dataset_alias_example_alias_consumer_with_no_taskflow', 'dataset_alias_example_alias_producer_with_no_taskflow' retrieved from /home/airflow/.local/lib/python3.12/site-packages/airflow/example_dags/example_dataset_alias_with_no_taskflow.py
[2025-07-01T22:09:23.693+0000] {logging_mixin.py:190} INFO - [2025-07-01T22:09:23.693+0000] {dag.py:3239} INFO - Sync 4 DAGs
[2025-07-01T22:09:23.722+0000] {logging_mixin.py:190} INFO - [2025-07-01T22:09:23.722+0000] {dag.py:4180} INFO - Setting next_dagrun for dataset_alias_example_alias_consumer_with_no_taskflow to None, run_after=None
[2025-07-01T22:09:23.725+0000] {logging_mixin.py:190} INFO - [2025-07-01T22:09:23.725+0000] {dag.py:4180} INFO - Setting next_dagrun for dataset_alias_example_alias_producer_with_no_taskflow to None, run_after=None
[2025-07-01T22:09:23.726+0000] {logging_mixin.py:190} INFO - [2025-07-01T22:09:23.726+0000] {dag.py:4180} INFO - Setting next_dagrun for dataset_s3_bucket_consumer_with_no_taskflow to None, run_after=None
[2025-07-01T22:09:23.728+0000] {logging_mixin.py:190} INFO - [2025-07-01T22:09:23.728+0000] {dag.py:4180} INFO - Setting next_dagrun for dataset_s3_bucket_producer_with_no_taskflow to None, run_after=None
[2025-07-01T22:09:23.752+0000] {processor.py:208} INFO - Processing /home/airflow/.local/lib/python3.12/site-packages/airflow/example_dags/example_dataset_alias_with_no_taskflow.py took 0.238 seconds
[2025-07-01T22:09:54.049+0000] {processor.py:186} INFO - Started process (PID=6606) to work on /home/airflow/.local/lib/python3.12/site-packages/airflow/example_dags/example_dataset_alias_with_no_taskflow.py
[2025-07-01T22:09:54.050+0000] {processor.py:914} INFO - Processing file /home/airflow/.local/lib/python3.12/site-packages/airflow/example_dags/example_dataset_alias_with_no_taskflow.py for tasks to queue
[2025-07-01T22:09:54.052+0000] {logging_mixin.py:190} INFO - [2025-07-01T22:09:54.052+0000] {dagbag.py:588} INFO - Filling up the DagBag from /home/airflow/.local/lib/python3.12/site-packages/airflow/example_dags/example_dataset_alias_with_no_taskflow.py
[2025-07-01T22:09:54.202+0000] {processor.py:925} INFO - DAG(s) 'dataset_alias_example_alias_consumer_with_no_taskflow', 'dataset_alias_example_alias_producer_with_no_taskflow', 'dataset_s3_bucket_consumer_with_no_taskflow', 'dataset_s3_bucket_producer_with_no_taskflow' retrieved from /home/airflow/.local/lib/python3.12/site-packages/airflow/example_dags/example_dataset_alias_with_no_taskflow.py
[2025-07-01T22:09:54.220+0000] {logging_mixin.py:190} INFO - [2025-07-01T22:09:54.220+0000] {dag.py:3239} INFO - Sync 4 DAGs
[2025-07-01T22:09:54.239+0000] {logging_mixin.py:190} INFO - [2025-07-01T22:09:54.239+0000] {dag.py:4180} INFO - Setting next_dagrun for dataset_alias_example_alias_consumer_with_no_taskflow to None, run_after=None
[2025-07-01T22:09:54.242+0000] {logging_mixin.py:190} INFO - [2025-07-01T22:09:54.241+0000] {dag.py:4180} INFO - Setting next_dagrun for dataset_alias_example_alias_producer_with_no_taskflow to None, run_after=None
[2025-07-01T22:09:54.243+0000] {logging_mixin.py:190} INFO - [2025-07-01T22:09:54.243+0000] {dag.py:4180} INFO - Setting next_dagrun for dataset_s3_bucket_consumer_with_no_taskflow to None, run_after=None
[2025-07-01T22:09:54.244+0000] {logging_mixin.py:190} INFO - [2025-07-01T22:09:54.244+0000] {dag.py:4180} INFO - Setting next_dagrun for dataset_s3_bucket_producer_with_no_taskflow to None, run_after=None
[2025-07-01T22:09:54.269+0000] {processor.py:208} INFO - Processing /home/airflow/.local/lib/python3.12/site-packages/airflow/example_dags/example_dataset_alias_with_no_taskflow.py took 0.225 seconds
[2025-07-01T22:10:24.328+0000] {processor.py:186} INFO - Started process (PID=6669) to work on /home/airflow/.local/lib/python3.12/site-packages/airflow/example_dags/example_dataset_alias_with_no_taskflow.py
[2025-07-01T22:10:24.329+0000] {processor.py:914} INFO - Processing file /home/airflow/.local/lib/python3.12/site-packages/airflow/example_dags/example_dataset_alias_with_no_taskflow.py for tasks to queue
[2025-07-01T22:10:24.331+0000] {logging_mixin.py:190} INFO - [2025-07-01T22:10:24.331+0000] {dagbag.py:588} INFO - Filling up the DagBag from /home/airflow/.local/lib/python3.12/site-packages/airflow/example_dags/example_dataset_alias_with_no_taskflow.py
[2025-07-01T22:10:24.482+0000] {processor.py:925} INFO - DAG(s) 'dataset_alias_example_alias_consumer_with_no_taskflow', 'dataset_s3_bucket_consumer_with_no_taskflow', 'dataset_alias_example_alias_producer_with_no_taskflow', 'dataset_s3_bucket_producer_with_no_taskflow' retrieved from /home/airflow/.local/lib/python3.12/site-packages/airflow/example_dags/example_dataset_alias_with_no_taskflow.py
[2025-07-01T22:10:24.507+0000] {logging_mixin.py:190} INFO - [2025-07-01T22:10:24.507+0000] {dag.py:3239} INFO - Sync 4 DAGs
[2025-07-01T22:10:24.530+0000] {logging_mixin.py:190} INFO - [2025-07-01T22:10:24.530+0000] {dag.py:4180} INFO - Setting next_dagrun for dataset_alias_example_alias_consumer_with_no_taskflow to None, run_after=None
[2025-07-01T22:10:24.533+0000] {logging_mixin.py:190} INFO - [2025-07-01T22:10:24.533+0000] {dag.py:4180} INFO - Setting next_dagrun for dataset_alias_example_alias_producer_with_no_taskflow to None, run_after=None
[2025-07-01T22:10:24.534+0000] {logging_mixin.py:190} INFO - [2025-07-01T22:10:24.534+0000] {dag.py:4180} INFO - Setting next_dagrun for dataset_s3_bucket_consumer_with_no_taskflow to None, run_after=None
[2025-07-01T22:10:24.535+0000] {logging_mixin.py:190} INFO - [2025-07-01T22:10:24.535+0000] {dag.py:4180} INFO - Setting next_dagrun for dataset_s3_bucket_producer_with_no_taskflow to None, run_after=None
[2025-07-01T22:10:24.560+0000] {processor.py:208} INFO - Processing /home/airflow/.local/lib/python3.12/site-packages/airflow/example_dags/example_dataset_alias_with_no_taskflow.py took 0.237 seconds
[2025-07-01T22:10:54.969+0000] {processor.py:186} INFO - Started process (PID=6738) to work on /home/airflow/.local/lib/python3.12/site-packages/airflow/example_dags/example_dataset_alias_with_no_taskflow.py
[2025-07-01T22:10:54.970+0000] {processor.py:914} INFO - Processing file /home/airflow/.local/lib/python3.12/site-packages/airflow/example_dags/example_dataset_alias_with_no_taskflow.py for tasks to queue
[2025-07-01T22:10:54.972+0000] {logging_mixin.py:190} INFO - [2025-07-01T22:10:54.971+0000] {dagbag.py:588} INFO - Filling up the DagBag from /home/airflow/.local/lib/python3.12/site-packages/airflow/example_dags/example_dataset_alias_with_no_taskflow.py
[2025-07-01T22:10:55.117+0000] {processor.py:925} INFO - DAG(s) 'dataset_alias_example_alias_producer_with_no_taskflow', 'dataset_s3_bucket_producer_with_no_taskflow', 'dataset_alias_example_alias_consumer_with_no_taskflow', 'dataset_s3_bucket_consumer_with_no_taskflow' retrieved from /home/airflow/.local/lib/python3.12/site-packages/airflow/example_dags/example_dataset_alias_with_no_taskflow.py
[2025-07-01T22:10:55.136+0000] {logging_mixin.py:190} INFO - [2025-07-01T22:10:55.135+0000] {dag.py:3239} INFO - Sync 4 DAGs
[2025-07-01T22:10:55.157+0000] {logging_mixin.py:190} INFO - [2025-07-01T22:10:55.156+0000] {dag.py:4180} INFO - Setting next_dagrun for dataset_alias_example_alias_consumer_with_no_taskflow to None, run_after=None
[2025-07-01T22:10:55.159+0000] {logging_mixin.py:190} INFO - [2025-07-01T22:10:55.159+0000] {dag.py:4180} INFO - Setting next_dagrun for dataset_alias_example_alias_producer_with_no_taskflow to None, run_after=None
[2025-07-01T22:10:55.160+0000] {logging_mixin.py:190} INFO - [2025-07-01T22:10:55.160+0000] {dag.py:4180} INFO - Setting next_dagrun for dataset_s3_bucket_consumer_with_no_taskflow to None, run_after=None
[2025-07-01T22:10:55.161+0000] {logging_mixin.py:190} INFO - [2025-07-01T22:10:55.161+0000] {dag.py:4180} INFO - Setting next_dagrun for dataset_s3_bucket_producer_with_no_taskflow to None, run_after=None
[2025-07-01T22:10:55.182+0000] {processor.py:208} INFO - Processing /home/airflow/.local/lib/python3.12/site-packages/airflow/example_dags/example_dataset_alias_with_no_taskflow.py took 0.218 seconds
[2025-07-01T22:11:25.573+0000] {processor.py:186} INFO - Started process (PID=6801) to work on /home/airflow/.local/lib/python3.12/site-packages/airflow/example_dags/example_dataset_alias_with_no_taskflow.py
[2025-07-01T22:11:25.574+0000] {processor.py:914} INFO - Processing file /home/airflow/.local/lib/python3.12/site-packages/airflow/example_dags/example_dataset_alias_with_no_taskflow.py for tasks to queue
[2025-07-01T22:11:25.576+0000] {logging_mixin.py:190} INFO - [2025-07-01T22:11:25.576+0000] {dagbag.py:588} INFO - Filling up the DagBag from /home/airflow/.local/lib/python3.12/site-packages/airflow/example_dags/example_dataset_alias_with_no_taskflow.py
[2025-07-01T22:11:25.718+0000] {processor.py:925} INFO - DAG(s) 'dataset_s3_bucket_producer_with_no_taskflow', 'dataset_alias_example_alias_producer_with_no_taskflow', 'dataset_s3_bucket_consumer_with_no_taskflow', 'dataset_alias_example_alias_consumer_with_no_taskflow' retrieved from /home/airflow/.local/lib/python3.12/site-packages/airflow/example_dags/example_dataset_alias_with_no_taskflow.py
[2025-07-01T22:11:25.736+0000] {logging_mixin.py:190} INFO - [2025-07-01T22:11:25.736+0000] {dag.py:3239} INFO - Sync 4 DAGs
[2025-07-01T22:11:25.756+0000] {logging_mixin.py:190} INFO - [2025-07-01T22:11:25.756+0000] {dag.py:4180} INFO - Setting next_dagrun for dataset_alias_example_alias_consumer_with_no_taskflow to None, run_after=None
[2025-07-01T22:11:25.758+0000] {logging_mixin.py:190} INFO - [2025-07-01T22:11:25.758+0000] {dag.py:4180} INFO - Setting next_dagrun for dataset_alias_example_alias_producer_with_no_taskflow to None, run_after=None
[2025-07-01T22:11:25.760+0000] {logging_mixin.py:190} INFO - [2025-07-01T22:11:25.760+0000] {dag.py:4180} INFO - Setting next_dagrun for dataset_s3_bucket_consumer_with_no_taskflow to None, run_after=None
[2025-07-01T22:11:25.761+0000] {logging_mixin.py:190} INFO - [2025-07-01T22:11:25.761+0000] {dag.py:4180} INFO - Setting next_dagrun for dataset_s3_bucket_producer_with_no_taskflow to None, run_after=None
[2025-07-01T22:11:25.787+0000] {processor.py:208} INFO - Processing /home/airflow/.local/lib/python3.12/site-packages/airflow/example_dags/example_dataset_alias_with_no_taskflow.py took 0.222 seconds
[2025-07-01T22:11:56.257+0000] {processor.py:186} INFO - Started process (PID=6864) to work on /home/airflow/.local/lib/python3.12/site-packages/airflow/example_dags/example_dataset_alias_with_no_taskflow.py
[2025-07-01T22:11:56.258+0000] {processor.py:914} INFO - Processing file /home/airflow/.local/lib/python3.12/site-packages/airflow/example_dags/example_dataset_alias_with_no_taskflow.py for tasks to queue
[2025-07-01T22:11:56.261+0000] {logging_mixin.py:190} INFO - [2025-07-01T22:11:56.260+0000] {dagbag.py:588} INFO - Filling up the DagBag from /home/airflow/.local/lib/python3.12/site-packages/airflow/example_dags/example_dataset_alias_with_no_taskflow.py
[2025-07-01T22:11:56.418+0000] {processor.py:925} INFO - DAG(s) 'dataset_s3_bucket_consumer_with_no_taskflow', 'dataset_alias_example_alias_producer_with_no_taskflow', 'dataset_s3_bucket_producer_with_no_taskflow', 'dataset_alias_example_alias_consumer_with_no_taskflow' retrieved from /home/airflow/.local/lib/python3.12/site-packages/airflow/example_dags/example_dataset_alias_with_no_taskflow.py
[2025-07-01T22:11:56.436+0000] {logging_mixin.py:190} INFO - [2025-07-01T22:11:56.435+0000] {dag.py:3239} INFO - Sync 4 DAGs
[2025-07-01T22:11:56.456+0000] {logging_mixin.py:190} INFO - [2025-07-01T22:11:56.455+0000] {dag.py:4180} INFO - Setting next_dagrun for dataset_alias_example_alias_consumer_with_no_taskflow to None, run_after=None
[2025-07-01T22:11:56.458+0000] {logging_mixin.py:190} INFO - [2025-07-01T22:11:56.458+0000] {dag.py:4180} INFO - Setting next_dagrun for dataset_alias_example_alias_producer_with_no_taskflow to None, run_after=None
[2025-07-01T22:11:56.459+0000] {logging_mixin.py:190} INFO - [2025-07-01T22:11:56.459+0000] {dag.py:4180} INFO - Setting next_dagrun for dataset_s3_bucket_consumer_with_no_taskflow to None, run_after=None
[2025-07-01T22:11:56.460+0000] {logging_mixin.py:190} INFO - [2025-07-01T22:11:56.460+0000] {dag.py:4180} INFO - Setting next_dagrun for dataset_s3_bucket_producer_with_no_taskflow to None, run_after=None
[2025-07-01T22:11:56.482+0000] {processor.py:208} INFO - Processing /home/airflow/.local/lib/python3.12/site-packages/airflow/example_dags/example_dataset_alias_with_no_taskflow.py took 0.232 seconds
[2025-07-01T22:12:27.093+0000] {processor.py:186} INFO - Started process (PID=6927) to work on /home/airflow/.local/lib/python3.12/site-packages/airflow/example_dags/example_dataset_alias_with_no_taskflow.py
[2025-07-01T22:12:27.094+0000] {processor.py:914} INFO - Processing file /home/airflow/.local/lib/python3.12/site-packages/airflow/example_dags/example_dataset_alias_with_no_taskflow.py for tasks to queue
[2025-07-01T22:12:27.096+0000] {logging_mixin.py:190} INFO - [2025-07-01T22:12:27.096+0000] {dagbag.py:588} INFO - Filling up the DagBag from /home/airflow/.local/lib/python3.12/site-packages/airflow/example_dags/example_dataset_alias_with_no_taskflow.py
[2025-07-01T22:12:27.272+0000] {processor.py:925} INFO - DAG(s) 'dataset_alias_example_alias_consumer_with_no_taskflow', 'dataset_s3_bucket_consumer_with_no_taskflow', 'dataset_s3_bucket_producer_with_no_taskflow', 'dataset_alias_example_alias_producer_with_no_taskflow' retrieved from /home/airflow/.local/lib/python3.12/site-packages/airflow/example_dags/example_dataset_alias_with_no_taskflow.py
[2025-07-01T22:12:27.297+0000] {logging_mixin.py:190} INFO - [2025-07-01T22:12:27.297+0000] {dag.py:3239} INFO - Sync 4 DAGs
[2025-07-01T22:12:27.326+0000] {logging_mixin.py:190} INFO - [2025-07-01T22:12:27.326+0000] {dag.py:4180} INFO - Setting next_dagrun for dataset_alias_example_alias_consumer_with_no_taskflow to None, run_after=None
[2025-07-01T22:12:27.330+0000] {logging_mixin.py:190} INFO - [2025-07-01T22:12:27.330+0000] {dag.py:4180} INFO - Setting next_dagrun for dataset_alias_example_alias_producer_with_no_taskflow to None, run_after=None
[2025-07-01T22:12:27.332+0000] {logging_mixin.py:190} INFO - [2025-07-01T22:12:27.332+0000] {dag.py:4180} INFO - Setting next_dagrun for dataset_s3_bucket_consumer_with_no_taskflow to None, run_after=None
[2025-07-01T22:12:27.334+0000] {logging_mixin.py:190} INFO - [2025-07-01T22:12:27.334+0000] {dag.py:4180} INFO - Setting next_dagrun for dataset_s3_bucket_producer_with_no_taskflow to None, run_after=None
[2025-07-01T22:12:27.361+0000] {processor.py:208} INFO - Processing /home/airflow/.local/lib/python3.12/site-packages/airflow/example_dags/example_dataset_alias_with_no_taskflow.py took 0.273 seconds
[2025-07-01T22:12:57.896+0000] {processor.py:186} INFO - Started process (PID=6991) to work on /home/airflow/.local/lib/python3.12/site-packages/airflow/example_dags/example_dataset_alias_with_no_taskflow.py
[2025-07-01T22:12:57.897+0000] {processor.py:914} INFO - Processing file /home/airflow/.local/lib/python3.12/site-packages/airflow/example_dags/example_dataset_alias_with_no_taskflow.py for tasks to queue
[2025-07-01T22:12:57.899+0000] {logging_mixin.py:190} INFO - [2025-07-01T22:12:57.899+0000] {dagbag.py:588} INFO - Filling up the DagBag from /home/airflow/.local/lib/python3.12/site-packages/airflow/example_dags/example_dataset_alias_with_no_taskflow.py
[2025-07-01T22:12:58.042+0000] {processor.py:925} INFO - DAG(s) 'dataset_s3_bucket_consumer_with_no_taskflow', 'dataset_alias_example_alias_consumer_with_no_taskflow', 'dataset_alias_example_alias_producer_with_no_taskflow', 'dataset_s3_bucket_producer_with_no_taskflow' retrieved from /home/airflow/.local/lib/python3.12/site-packages/airflow/example_dags/example_dataset_alias_with_no_taskflow.py
[2025-07-01T22:12:58.061+0000] {logging_mixin.py:190} INFO - [2025-07-01T22:12:58.061+0000] {dag.py:3239} INFO - Sync 4 DAGs
[2025-07-01T22:12:58.084+0000] {logging_mixin.py:190} INFO - [2025-07-01T22:12:58.084+0000] {dag.py:4180} INFO - Setting next_dagrun for dataset_alias_example_alias_consumer_with_no_taskflow to None, run_after=None
[2025-07-01T22:12:58.087+0000] {logging_mixin.py:190} INFO - [2025-07-01T22:12:58.087+0000] {dag.py:4180} INFO - Setting next_dagrun for dataset_alias_example_alias_producer_with_no_taskflow to None, run_after=None
[2025-07-01T22:12:58.088+0000] {logging_mixin.py:190} INFO - [2025-07-01T22:12:58.088+0000] {dag.py:4180} INFO - Setting next_dagrun for dataset_s3_bucket_consumer_with_no_taskflow to None, run_after=None
[2025-07-01T22:12:58.089+0000] {logging_mixin.py:190} INFO - [2025-07-01T22:12:58.089+0000] {dag.py:4180} INFO - Setting next_dagrun for dataset_s3_bucket_producer_with_no_taskflow to None, run_after=None
[2025-07-01T22:12:58.115+0000] {processor.py:208} INFO - Processing /home/airflow/.local/lib/python3.12/site-packages/airflow/example_dags/example_dataset_alias_with_no_taskflow.py took 0.224 seconds
[2025-07-01T22:13:28.624+0000] {processor.py:186} INFO - Started process (PID=7054) to work on /home/airflow/.local/lib/python3.12/site-packages/airflow/example_dags/example_dataset_alias_with_no_taskflow.py
[2025-07-01T22:13:28.625+0000] {processor.py:914} INFO - Processing file /home/airflow/.local/lib/python3.12/site-packages/airflow/example_dags/example_dataset_alias_with_no_taskflow.py for tasks to queue
[2025-07-01T22:13:28.627+0000] {logging_mixin.py:190} INFO - [2025-07-01T22:13:28.627+0000] {dagbag.py:588} INFO - Filling up the DagBag from /home/airflow/.local/lib/python3.12/site-packages/airflow/example_dags/example_dataset_alias_with_no_taskflow.py
[2025-07-01T22:13:28.758+0000] {processor.py:925} INFO - DAG(s) 'dataset_s3_bucket_producer_with_no_taskflow', 'dataset_alias_example_alias_consumer_with_no_taskflow', 'dataset_alias_example_alias_producer_with_no_taskflow', 'dataset_s3_bucket_consumer_with_no_taskflow' retrieved from /home/airflow/.local/lib/python3.12/site-packages/airflow/example_dags/example_dataset_alias_with_no_taskflow.py
[2025-07-01T22:13:28.773+0000] {logging_mixin.py:190} INFO - [2025-07-01T22:13:28.773+0000] {dag.py:3239} INFO - Sync 4 DAGs
[2025-07-01T22:13:28.793+0000] {logging_mixin.py:190} INFO - [2025-07-01T22:13:28.792+0000] {dag.py:4180} INFO - Setting next_dagrun for dataset_alias_example_alias_consumer_with_no_taskflow to None, run_after=None
[2025-07-01T22:13:28.795+0000] {logging_mixin.py:190} INFO - [2025-07-01T22:13:28.795+0000] {dag.py:4180} INFO - Setting next_dagrun for dataset_alias_example_alias_producer_with_no_taskflow to None, run_after=None
[2025-07-01T22:13:28.796+0000] {logging_mixin.py:190} INFO - [2025-07-01T22:13:28.796+0000] {dag.py:4180} INFO - Setting next_dagrun for dataset_s3_bucket_consumer_with_no_taskflow to None, run_after=None
[2025-07-01T22:13:28.797+0000] {logging_mixin.py:190} INFO - [2025-07-01T22:13:28.797+0000] {dag.py:4180} INFO - Setting next_dagrun for dataset_s3_bucket_producer_with_no_taskflow to None, run_after=None
[2025-07-01T22:13:28.823+0000] {processor.py:208} INFO - Processing /home/airflow/.local/lib/python3.12/site-packages/airflow/example_dags/example_dataset_alias_with_no_taskflow.py took 0.204 seconds
[2025-07-01T22:13:59.693+0000] {processor.py:186} INFO - Started process (PID=7117) to work on /home/airflow/.local/lib/python3.12/site-packages/airflow/example_dags/example_dataset_alias_with_no_taskflow.py
[2025-07-01T22:13:59.694+0000] {processor.py:914} INFO - Processing file /home/airflow/.local/lib/python3.12/site-packages/airflow/example_dags/example_dataset_alias_with_no_taskflow.py for tasks to queue
[2025-07-01T22:13:59.697+0000] {logging_mixin.py:190} INFO - [2025-07-01T22:13:59.696+0000] {dagbag.py:588} INFO - Filling up the DagBag from /home/airflow/.local/lib/python3.12/site-packages/airflow/example_dags/example_dataset_alias_with_no_taskflow.py
[2025-07-01T22:13:59.825+0000] {processor.py:925} INFO - DAG(s) 'dataset_s3_bucket_producer_with_no_taskflow', 'dataset_alias_example_alias_consumer_with_no_taskflow', 'dataset_alias_example_alias_producer_with_no_taskflow', 'dataset_s3_bucket_consumer_with_no_taskflow' retrieved from /home/airflow/.local/lib/python3.12/site-packages/airflow/example_dags/example_dataset_alias_with_no_taskflow.py
[2025-07-01T22:13:59.841+0000] {logging_mixin.py:190} INFO - [2025-07-01T22:13:59.840+0000] {dag.py:3239} INFO - Sync 4 DAGs
[2025-07-01T22:13:59.859+0000] {logging_mixin.py:190} INFO - [2025-07-01T22:13:59.859+0000] {dag.py:4180} INFO - Setting next_dagrun for dataset_alias_example_alias_consumer_with_no_taskflow to None, run_after=None
[2025-07-01T22:13:59.862+0000] {logging_mixin.py:190} INFO - [2025-07-01T22:13:59.861+0000] {dag.py:4180} INFO - Setting next_dagrun for dataset_alias_example_alias_producer_with_no_taskflow to None, run_after=None
[2025-07-01T22:13:59.863+0000] {logging_mixin.py:190} INFO - [2025-07-01T22:13:59.863+0000] {dag.py:4180} INFO - Setting next_dagrun for dataset_s3_bucket_consumer_with_no_taskflow to None, run_after=None
[2025-07-01T22:13:59.864+0000] {logging_mixin.py:190} INFO - [2025-07-01T22:13:59.864+0000] {dag.py:4180} INFO - Setting next_dagrun for dataset_s3_bucket_producer_with_no_taskflow to None, run_after=None
[2025-07-01T22:13:59.883+0000] {processor.py:208} INFO - Processing /home/airflow/.local/lib/python3.12/site-packages/airflow/example_dags/example_dataset_alias_with_no_taskflow.py took 0.194 seconds
[2025-07-01T22:14:30.395+0000] {processor.py:186} INFO - Started process (PID=7180) to work on /home/airflow/.local/lib/python3.12/site-packages/airflow/example_dags/example_dataset_alias_with_no_taskflow.py
[2025-07-01T22:14:30.396+0000] {processor.py:914} INFO - Processing file /home/airflow/.local/lib/python3.12/site-packages/airflow/example_dags/example_dataset_alias_with_no_taskflow.py for tasks to queue
[2025-07-01T22:14:30.398+0000] {logging_mixin.py:190} INFO - [2025-07-01T22:14:30.398+0000] {dagbag.py:588} INFO - Filling up the DagBag from /home/airflow/.local/lib/python3.12/site-packages/airflow/example_dags/example_dataset_alias_with_no_taskflow.py
[2025-07-01T22:14:30.528+0000] {processor.py:925} INFO - DAG(s) 'dataset_s3_bucket_producer_with_no_taskflow', 'dataset_alias_example_alias_producer_with_no_taskflow', 'dataset_alias_example_alias_consumer_with_no_taskflow', 'dataset_s3_bucket_consumer_with_no_taskflow' retrieved from /home/airflow/.local/lib/python3.12/site-packages/airflow/example_dags/example_dataset_alias_with_no_taskflow.py
[2025-07-01T22:14:30.546+0000] {logging_mixin.py:190} INFO - [2025-07-01T22:14:30.546+0000] {dag.py:3239} INFO - Sync 4 DAGs
[2025-07-01T22:14:30.568+0000] {logging_mixin.py:190} INFO - [2025-07-01T22:14:30.568+0000] {dag.py:4180} INFO - Setting next_dagrun for dataset_alias_example_alias_consumer_with_no_taskflow to None, run_after=None
[2025-07-01T22:14:30.571+0000] {logging_mixin.py:190} INFO - [2025-07-01T22:14:30.571+0000] {dag.py:4180} INFO - Setting next_dagrun for dataset_alias_example_alias_producer_with_no_taskflow to None, run_after=None
[2025-07-01T22:14:30.572+0000] {logging_mixin.py:190} INFO - [2025-07-01T22:14:30.572+0000] {dag.py:4180} INFO - Setting next_dagrun for dataset_s3_bucket_consumer_with_no_taskflow to None, run_after=None
[2025-07-01T22:14:30.573+0000] {logging_mixin.py:190} INFO - [2025-07-01T22:14:30.573+0000] {dag.py:4180} INFO - Setting next_dagrun for dataset_s3_bucket_producer_with_no_taskflow to None, run_after=None
[2025-07-01T22:14:30.599+0000] {processor.py:208} INFO - Processing /home/airflow/.local/lib/python3.12/site-packages/airflow/example_dags/example_dataset_alias_with_no_taskflow.py took 0.209 seconds
[2025-07-01T22:15:00.718+0000] {processor.py:186} INFO - Started process (PID=7243) to work on /home/airflow/.local/lib/python3.12/site-packages/airflow/example_dags/example_dataset_alias_with_no_taskflow.py
[2025-07-01T22:15:00.719+0000] {processor.py:914} INFO - Processing file /home/airflow/.local/lib/python3.12/site-packages/airflow/example_dags/example_dataset_alias_with_no_taskflow.py for tasks to queue
[2025-07-01T22:15:00.723+0000] {logging_mixin.py:190} INFO - [2025-07-01T22:15:00.722+0000] {dagbag.py:588} INFO - Filling up the DagBag from /home/airflow/.local/lib/python3.12/site-packages/airflow/example_dags/example_dataset_alias_with_no_taskflow.py
[2025-07-01T22:15:00.902+0000] {processor.py:925} INFO - DAG(s) 'dataset_s3_bucket_consumer_with_no_taskflow', 'dataset_alias_example_alias_producer_with_no_taskflow', 'dataset_alias_example_alias_consumer_with_no_taskflow', 'dataset_s3_bucket_producer_with_no_taskflow' retrieved from /home/airflow/.local/lib/python3.12/site-packages/airflow/example_dags/example_dataset_alias_with_no_taskflow.py
[2025-07-01T22:15:00.934+0000] {logging_mixin.py:190} INFO - [2025-07-01T22:15:00.934+0000] {dag.py:3239} INFO - Sync 4 DAGs
[2025-07-01T22:15:00.963+0000] {logging_mixin.py:190} INFO - [2025-07-01T22:15:00.963+0000] {dag.py:4180} INFO - Setting next_dagrun for dataset_alias_example_alias_consumer_with_no_taskflow to None, run_after=None
[2025-07-01T22:15:00.967+0000] {logging_mixin.py:190} INFO - [2025-07-01T22:15:00.967+0000] {dag.py:4180} INFO - Setting next_dagrun for dataset_alias_example_alias_producer_with_no_taskflow to None, run_after=None
[2025-07-01T22:15:00.969+0000] {logging_mixin.py:190} INFO - [2025-07-01T22:15:00.969+0000] {dag.py:4180} INFO - Setting next_dagrun for dataset_s3_bucket_consumer_with_no_taskflow to None, run_after=None
[2025-07-01T22:15:00.970+0000] {logging_mixin.py:190} INFO - [2025-07-01T22:15:00.970+0000] {dag.py:4180} INFO - Setting next_dagrun for dataset_s3_bucket_producer_with_no_taskflow to None, run_after=None
[2025-07-01T22:15:00.999+0000] {processor.py:208} INFO - Processing /home/airflow/.local/lib/python3.12/site-packages/airflow/example_dags/example_dataset_alias_with_no_taskflow.py took 0.286 seconds
[2025-07-01T22:15:31.184+0000] {processor.py:186} INFO - Started process (PID=7306) to work on /home/airflow/.local/lib/python3.12/site-packages/airflow/example_dags/example_dataset_alias_with_no_taskflow.py
[2025-07-01T22:15:31.185+0000] {processor.py:914} INFO - Processing file /home/airflow/.local/lib/python3.12/site-packages/airflow/example_dags/example_dataset_alias_with_no_taskflow.py for tasks to queue
[2025-07-01T22:15:31.187+0000] {logging_mixin.py:190} INFO - [2025-07-01T22:15:31.187+0000] {dagbag.py:588} INFO - Filling up the DagBag from /home/airflow/.local/lib/python3.12/site-packages/airflow/example_dags/example_dataset_alias_with_no_taskflow.py
[2025-07-01T22:15:31.336+0000] {processor.py:925} INFO - DAG(s) 'dataset_s3_bucket_consumer_with_no_taskflow', 'dataset_alias_example_alias_producer_with_no_taskflow', 'dataset_alias_example_alias_consumer_with_no_taskflow', 'dataset_s3_bucket_producer_with_no_taskflow' retrieved from /home/airflow/.local/lib/python3.12/site-packages/airflow/example_dags/example_dataset_alias_with_no_taskflow.py
[2025-07-01T22:15:31.361+0000] {logging_mixin.py:190} INFO - [2025-07-01T22:15:31.361+0000] {dag.py:3239} INFO - Sync 4 DAGs
[2025-07-01T22:15:31.385+0000] {logging_mixin.py:190} INFO - [2025-07-01T22:15:31.384+0000] {dag.py:4180} INFO - Setting next_dagrun for dataset_alias_example_alias_consumer_with_no_taskflow to None, run_after=None
[2025-07-01T22:15:31.389+0000] {logging_mixin.py:190} INFO - [2025-07-01T22:15:31.388+0000] {dag.py:4180} INFO - Setting next_dagrun for dataset_alias_example_alias_producer_with_no_taskflow to None, run_after=None
[2025-07-01T22:15:31.390+0000] {logging_mixin.py:190} INFO - [2025-07-01T22:15:31.390+0000] {dag.py:4180} INFO - Setting next_dagrun for dataset_s3_bucket_consumer_with_no_taskflow to None, run_after=None
[2025-07-01T22:15:31.392+0000] {logging_mixin.py:190} INFO - [2025-07-01T22:15:31.392+0000] {dag.py:4180} INFO - Setting next_dagrun for dataset_s3_bucket_producer_with_no_taskflow to None, run_after=None
[2025-07-01T22:15:31.423+0000] {processor.py:208} INFO - Processing /home/airflow/.local/lib/python3.12/site-packages/airflow/example_dags/example_dataset_alias_with_no_taskflow.py took 0.244 seconds
[2025-07-01T22:16:01.746+0000] {processor.py:186} INFO - Started process (PID=7369) to work on /home/airflow/.local/lib/python3.12/site-packages/airflow/example_dags/example_dataset_alias_with_no_taskflow.py
[2025-07-01T22:16:01.747+0000] {processor.py:914} INFO - Processing file /home/airflow/.local/lib/python3.12/site-packages/airflow/example_dags/example_dataset_alias_with_no_taskflow.py for tasks to queue
[2025-07-01T22:16:01.750+0000] {logging_mixin.py:190} INFO - [2025-07-01T22:16:01.750+0000] {dagbag.py:588} INFO - Filling up the DagBag from /home/airflow/.local/lib/python3.12/site-packages/airflow/example_dags/example_dataset_alias_with_no_taskflow.py
[2025-07-01T22:16:01.900+0000] {processor.py:925} INFO - DAG(s) 'dataset_alias_example_alias_consumer_with_no_taskflow', 'dataset_alias_example_alias_producer_with_no_taskflow', 'dataset_s3_bucket_consumer_with_no_taskflow', 'dataset_s3_bucket_producer_with_no_taskflow' retrieved from /home/airflow/.local/lib/python3.12/site-packages/airflow/example_dags/example_dataset_alias_with_no_taskflow.py
[2025-07-01T22:16:01.918+0000] {logging_mixin.py:190} INFO - [2025-07-01T22:16:01.918+0000] {dag.py:3239} INFO - Sync 4 DAGs
[2025-07-01T22:16:01.938+0000] {logging_mixin.py:190} INFO - [2025-07-01T22:16:01.938+0000] {dag.py:4180} INFO - Setting next_dagrun for dataset_alias_example_alias_consumer_with_no_taskflow to None, run_after=None
[2025-07-01T22:16:01.940+0000] {logging_mixin.py:190} INFO - [2025-07-01T22:16:01.940+0000] {dag.py:4180} INFO - Setting next_dagrun for dataset_alias_example_alias_producer_with_no_taskflow to None, run_after=None
[2025-07-01T22:16:01.941+0000] {logging_mixin.py:190} INFO - [2025-07-01T22:16:01.941+0000] {dag.py:4180} INFO - Setting next_dagrun for dataset_s3_bucket_consumer_with_no_taskflow to None, run_after=None
[2025-07-01T22:16:01.942+0000] {logging_mixin.py:190} INFO - [2025-07-01T22:16:01.942+0000] {dag.py:4180} INFO - Setting next_dagrun for dataset_s3_bucket_producer_with_no_taskflow to None, run_after=None
[2025-07-01T22:16:01.968+0000] {processor.py:208} INFO - Processing /home/airflow/.local/lib/python3.12/site-packages/airflow/example_dags/example_dataset_alias_with_no_taskflow.py took 0.229 seconds
[2025-07-01T22:16:32.337+0000] {processor.py:186} INFO - Started process (PID=7432) to work on /home/airflow/.local/lib/python3.12/site-packages/airflow/example_dags/example_dataset_alias_with_no_taskflow.py
[2025-07-01T22:16:32.338+0000] {processor.py:914} INFO - Processing file /home/airflow/.local/lib/python3.12/site-packages/airflow/example_dags/example_dataset_alias_with_no_taskflow.py for tasks to queue
[2025-07-01T22:16:32.340+0000] {logging_mixin.py:190} INFO - [2025-07-01T22:16:32.340+0000] {dagbag.py:588} INFO - Filling up the DagBag from /home/airflow/.local/lib/python3.12/site-packages/airflow/example_dags/example_dataset_alias_with_no_taskflow.py
[2025-07-01T22:16:32.475+0000] {processor.py:925} INFO - DAG(s) 'dataset_s3_bucket_producer_with_no_taskflow', 'dataset_alias_example_alias_producer_with_no_taskflow', 'dataset_alias_example_alias_consumer_with_no_taskflow', 'dataset_s3_bucket_consumer_with_no_taskflow' retrieved from /home/airflow/.local/lib/python3.12/site-packages/airflow/example_dags/example_dataset_alias_with_no_taskflow.py
[2025-07-01T22:16:32.495+0000] {logging_mixin.py:190} INFO - [2025-07-01T22:16:32.495+0000] {dag.py:3239} INFO - Sync 4 DAGs
[2025-07-01T22:16:32.518+0000] {logging_mixin.py:190} INFO - [2025-07-01T22:16:32.518+0000] {dag.py:4180} INFO - Setting next_dagrun for dataset_alias_example_alias_consumer_with_no_taskflow to None, run_after=None
[2025-07-01T22:16:32.521+0000] {logging_mixin.py:190} INFO - [2025-07-01T22:16:32.521+0000] {dag.py:4180} INFO - Setting next_dagrun for dataset_alias_example_alias_producer_with_no_taskflow to None, run_after=None
[2025-07-01T22:16:32.522+0000] {logging_mixin.py:190} INFO - [2025-07-01T22:16:32.522+0000] {dag.py:4180} INFO - Setting next_dagrun for dataset_s3_bucket_consumer_with_no_taskflow to None, run_after=None
[2025-07-01T22:16:32.523+0000] {logging_mixin.py:190} INFO - [2025-07-01T22:16:32.523+0000] {dag.py:4180} INFO - Setting next_dagrun for dataset_s3_bucket_producer_with_no_taskflow to None, run_after=None
[2025-07-01T22:16:32.547+0000] {processor.py:208} INFO - Processing /home/airflow/.local/lib/python3.12/site-packages/airflow/example_dags/example_dataset_alias_with_no_taskflow.py took 0.215 seconds
[2025-07-01T22:17:02.899+0000] {processor.py:186} INFO - Started process (PID=7495) to work on /home/airflow/.local/lib/python3.12/site-packages/airflow/example_dags/example_dataset_alias_with_no_taskflow.py
[2025-07-01T22:17:02.900+0000] {processor.py:914} INFO - Processing file /home/airflow/.local/lib/python3.12/site-packages/airflow/example_dags/example_dataset_alias_with_no_taskflow.py for tasks to queue
[2025-07-01T22:17:02.902+0000] {logging_mixin.py:190} INFO - [2025-07-01T22:17:02.902+0000] {dagbag.py:588} INFO - Filling up the DagBag from /home/airflow/.local/lib/python3.12/site-packages/airflow/example_dags/example_dataset_alias_with_no_taskflow.py
[2025-07-01T22:17:03.044+0000] {processor.py:925} INFO - DAG(s) 'dataset_alias_example_alias_producer_with_no_taskflow', 'dataset_alias_example_alias_consumer_with_no_taskflow', 'dataset_s3_bucket_consumer_with_no_taskflow', 'dataset_s3_bucket_producer_with_no_taskflow' retrieved from /home/airflow/.local/lib/python3.12/site-packages/airflow/example_dags/example_dataset_alias_with_no_taskflow.py
[2025-07-01T22:17:03.063+0000] {logging_mixin.py:190} INFO - [2025-07-01T22:17:03.063+0000] {dag.py:3239} INFO - Sync 4 DAGs
[2025-07-01T22:17:03.086+0000] {logging_mixin.py:190} INFO - [2025-07-01T22:17:03.085+0000] {dag.py:4180} INFO - Setting next_dagrun for dataset_alias_example_alias_consumer_with_no_taskflow to None, run_after=None
[2025-07-01T22:17:03.089+0000] {logging_mixin.py:190} INFO - [2025-07-01T22:17:03.089+0000] {dag.py:4180} INFO - Setting next_dagrun for dataset_alias_example_alias_producer_with_no_taskflow to None, run_after=None
[2025-07-01T22:17:03.091+0000] {logging_mixin.py:190} INFO - [2025-07-01T22:17:03.090+0000] {dag.py:4180} INFO - Setting next_dagrun for dataset_s3_bucket_consumer_with_no_taskflow to None, run_after=None
[2025-07-01T22:17:03.092+0000] {logging_mixin.py:190} INFO - [2025-07-01T22:17:03.092+0000] {dag.py:4180} INFO - Setting next_dagrun for dataset_s3_bucket_producer_with_no_taskflow to None, run_after=None
[2025-07-01T22:17:03.113+0000] {processor.py:208} INFO - Processing /home/airflow/.local/lib/python3.12/site-packages/airflow/example_dags/example_dataset_alias_with_no_taskflow.py took 0.219 seconds
[2025-07-01T22:17:33.543+0000] {processor.py:186} INFO - Started process (PID=7558) to work on /home/airflow/.local/lib/python3.12/site-packages/airflow/example_dags/example_dataset_alias_with_no_taskflow.py
[2025-07-01T22:17:33.544+0000] {processor.py:914} INFO - Processing file /home/airflow/.local/lib/python3.12/site-packages/airflow/example_dags/example_dataset_alias_with_no_taskflow.py for tasks to queue
[2025-07-01T22:17:33.547+0000] {logging_mixin.py:190} INFO - [2025-07-01T22:17:33.547+0000] {dagbag.py:588} INFO - Filling up the DagBag from /home/airflow/.local/lib/python3.12/site-packages/airflow/example_dags/example_dataset_alias_with_no_taskflow.py
[2025-07-01T22:17:33.701+0000] {processor.py:925} INFO - DAG(s) 'dataset_s3_bucket_producer_with_no_taskflow', 'dataset_alias_example_alias_consumer_with_no_taskflow', 'dataset_alias_example_alias_producer_with_no_taskflow', 'dataset_s3_bucket_consumer_with_no_taskflow' retrieved from /home/airflow/.local/lib/python3.12/site-packages/airflow/example_dags/example_dataset_alias_with_no_taskflow.py
[2025-07-01T22:17:33.721+0000] {logging_mixin.py:190} INFO - [2025-07-01T22:17:33.720+0000] {dag.py:3239} INFO - Sync 4 DAGs
[2025-07-01T22:17:33.743+0000] {logging_mixin.py:190} INFO - [2025-07-01T22:17:33.742+0000] {dag.py:4180} INFO - Setting next_dagrun for dataset_alias_example_alias_consumer_with_no_taskflow to None, run_after=None
[2025-07-01T22:17:33.745+0000] {logging_mixin.py:190} INFO - [2025-07-01T22:17:33.745+0000] {dag.py:4180} INFO - Setting next_dagrun for dataset_alias_example_alias_producer_with_no_taskflow to None, run_after=None
[2025-07-01T22:17:33.747+0000] {logging_mixin.py:190} INFO - [2025-07-01T22:17:33.746+0000] {dag.py:4180} INFO - Setting next_dagrun for dataset_s3_bucket_consumer_with_no_taskflow to None, run_after=None
[2025-07-01T22:17:33.748+0000] {logging_mixin.py:190} INFO - [2025-07-01T22:17:33.748+0000] {dag.py:4180} INFO - Setting next_dagrun for dataset_s3_bucket_producer_with_no_taskflow to None, run_after=None
[2025-07-01T22:17:33.774+0000] {processor.py:208} INFO - Processing /home/airflow/.local/lib/python3.12/site-packages/airflow/example_dags/example_dataset_alias_with_no_taskflow.py took 0.238 seconds
[2025-07-01T22:18:04.460+0000] {processor.py:186} INFO - Started process (PID=7621) to work on /home/airflow/.local/lib/python3.12/site-packages/airflow/example_dags/example_dataset_alias_with_no_taskflow.py
[2025-07-01T22:18:04.462+0000] {processor.py:914} INFO - Processing file /home/airflow/.local/lib/python3.12/site-packages/airflow/example_dags/example_dataset_alias_with_no_taskflow.py for tasks to queue
[2025-07-01T22:18:04.468+0000] {logging_mixin.py:190} INFO - [2025-07-01T22:18:04.467+0000] {dagbag.py:588} INFO - Filling up the DagBag from /home/airflow/.local/lib/python3.12/site-packages/airflow/example_dags/example_dataset_alias_with_no_taskflow.py
[2025-07-01T22:18:04.674+0000] {processor.py:925} INFO - DAG(s) 'dataset_s3_bucket_consumer_with_no_taskflow', 'dataset_s3_bucket_producer_with_no_taskflow', 'dataset_alias_example_alias_consumer_with_no_taskflow', 'dataset_alias_example_alias_producer_with_no_taskflow' retrieved from /home/airflow/.local/lib/python3.12/site-packages/airflow/example_dags/example_dataset_alias_with_no_taskflow.py
[2025-07-01T22:18:04.696+0000] {logging_mixin.py:190} INFO - [2025-07-01T22:18:04.696+0000] {dag.py:3239} INFO - Sync 4 DAGs
[2025-07-01T22:18:04.730+0000] {logging_mixin.py:190} INFO - [2025-07-01T22:18:04.729+0000] {dag.py:4180} INFO - Setting next_dagrun for dataset_alias_example_alias_consumer_with_no_taskflow to None, run_after=None
[2025-07-01T22:18:04.734+0000] {logging_mixin.py:190} INFO - [2025-07-01T22:18:04.733+0000] {dag.py:4180} INFO - Setting next_dagrun for dataset_alias_example_alias_producer_with_no_taskflow to None, run_after=None
[2025-07-01T22:18:04.735+0000] {logging_mixin.py:190} INFO - [2025-07-01T22:18:04.735+0000] {dag.py:4180} INFO - Setting next_dagrun for dataset_s3_bucket_consumer_with_no_taskflow to None, run_after=None
[2025-07-01T22:18:04.737+0000] {logging_mixin.py:190} INFO - [2025-07-01T22:18:04.737+0000] {dag.py:4180} INFO - Setting next_dagrun for dataset_s3_bucket_producer_with_no_taskflow to None, run_after=None
[2025-07-01T22:18:04.769+0000] {processor.py:208} INFO - Processing /home/airflow/.local/lib/python3.12/site-packages/airflow/example_dags/example_dataset_alias_with_no_taskflow.py took 0.320 seconds
[2025-07-01T22:18:35.048+0000] {processor.py:186} INFO - Started process (PID=7690) to work on /home/airflow/.local/lib/python3.12/site-packages/airflow/example_dags/example_dataset_alias_with_no_taskflow.py
[2025-07-01T22:18:35.049+0000] {processor.py:914} INFO - Processing file /home/airflow/.local/lib/python3.12/site-packages/airflow/example_dags/example_dataset_alias_with_no_taskflow.py for tasks to queue
[2025-07-01T22:18:35.052+0000] {logging_mixin.py:190} INFO - [2025-07-01T22:18:35.052+0000] {dagbag.py:588} INFO - Filling up the DagBag from /home/airflow/.local/lib/python3.12/site-packages/airflow/example_dags/example_dataset_alias_with_no_taskflow.py
[2025-07-01T22:18:35.204+0000] {processor.py:925} INFO - DAG(s) 'dataset_alias_example_alias_consumer_with_no_taskflow', 'dataset_s3_bucket_consumer_with_no_taskflow', 'dataset_alias_example_alias_producer_with_no_taskflow', 'dataset_s3_bucket_producer_with_no_taskflow' retrieved from /home/airflow/.local/lib/python3.12/site-packages/airflow/example_dags/example_dataset_alias_with_no_taskflow.py
[2025-07-01T22:18:35.228+0000] {logging_mixin.py:190} INFO - [2025-07-01T22:18:35.228+0000] {dag.py:3239} INFO - Sync 4 DAGs
[2025-07-01T22:18:35.254+0000] {logging_mixin.py:190} INFO - [2025-07-01T22:18:35.254+0000] {dag.py:4180} INFO - Setting next_dagrun for dataset_alias_example_alias_consumer_with_no_taskflow to None, run_after=None
[2025-07-01T22:18:35.257+0000] {logging_mixin.py:190} INFO - [2025-07-01T22:18:35.257+0000] {dag.py:4180} INFO - Setting next_dagrun for dataset_alias_example_alias_producer_with_no_taskflow to None, run_after=None
[2025-07-01T22:18:35.258+0000] {logging_mixin.py:190} INFO - [2025-07-01T22:18:35.258+0000] {dag.py:4180} INFO - Setting next_dagrun for dataset_s3_bucket_consumer_with_no_taskflow to None, run_after=None
[2025-07-01T22:18:35.260+0000] {logging_mixin.py:190} INFO - [2025-07-01T22:18:35.260+0000] {dag.py:4180} INFO - Setting next_dagrun for dataset_s3_bucket_producer_with_no_taskflow to None, run_after=None
[2025-07-01T22:18:35.289+0000] {processor.py:208} INFO - Processing /home/airflow/.local/lib/python3.12/site-packages/airflow/example_dags/example_dataset_alias_with_no_taskflow.py took 0.246 seconds
[2025-07-01T22:19:06.215+0000] {processor.py:186} INFO - Started process (PID=7754) to work on /home/airflow/.local/lib/python3.12/site-packages/airflow/example_dags/example_dataset_alias_with_no_taskflow.py
[2025-07-01T22:19:06.217+0000] {processor.py:914} INFO - Processing file /home/airflow/.local/lib/python3.12/site-packages/airflow/example_dags/example_dataset_alias_with_no_taskflow.py for tasks to queue
[2025-07-01T22:19:06.220+0000] {logging_mixin.py:190} INFO - [2025-07-01T22:19:06.220+0000] {dagbag.py:588} INFO - Filling up the DagBag from /home/airflow/.local/lib/python3.12/site-packages/airflow/example_dags/example_dataset_alias_with_no_taskflow.py
[2025-07-01T22:19:06.400+0000] {processor.py:925} INFO - DAG(s) 'dataset_s3_bucket_consumer_with_no_taskflow', 'dataset_s3_bucket_producer_with_no_taskflow', 'dataset_alias_example_alias_producer_with_no_taskflow', 'dataset_alias_example_alias_consumer_with_no_taskflow' retrieved from /home/airflow/.local/lib/python3.12/site-packages/airflow/example_dags/example_dataset_alias_with_no_taskflow.py
[2025-07-01T22:19:06.419+0000] {logging_mixin.py:190} INFO - [2025-07-01T22:19:06.418+0000] {dag.py:3239} INFO - Sync 4 DAGs
[2025-07-01T22:19:06.438+0000] {logging_mixin.py:190} INFO - [2025-07-01T22:19:06.438+0000] {dag.py:4180} INFO - Setting next_dagrun for dataset_alias_example_alias_consumer_with_no_taskflow to None, run_after=None
[2025-07-01T22:19:06.441+0000] {logging_mixin.py:190} INFO - [2025-07-01T22:19:06.441+0000] {dag.py:4180} INFO - Setting next_dagrun for dataset_alias_example_alias_producer_with_no_taskflow to None, run_after=None
[2025-07-01T22:19:06.443+0000] {logging_mixin.py:190} INFO - [2025-07-01T22:19:06.443+0000] {dag.py:4180} INFO - Setting next_dagrun for dataset_s3_bucket_consumer_with_no_taskflow to None, run_after=None
[2025-07-01T22:19:06.445+0000] {logging_mixin.py:190} INFO - [2025-07-01T22:19:06.444+0000] {dag.py:4180} INFO - Setting next_dagrun for dataset_s3_bucket_producer_with_no_taskflow to None, run_after=None
[2025-07-01T22:19:06.468+0000] {processor.py:208} INFO - Processing /home/airflow/.local/lib/python3.12/site-packages/airflow/example_dags/example_dataset_alias_with_no_taskflow.py took 0.261 seconds
[2025-07-01T22:19:36.820+0000] {processor.py:186} INFO - Started process (PID=7817) to work on /home/airflow/.local/lib/python3.12/site-packages/airflow/example_dags/example_dataset_alias_with_no_taskflow.py
[2025-07-01T22:19:36.821+0000] {processor.py:914} INFO - Processing file /home/airflow/.local/lib/python3.12/site-packages/airflow/example_dags/example_dataset_alias_with_no_taskflow.py for tasks to queue
[2025-07-01T22:19:36.824+0000] {logging_mixin.py:190} INFO - [2025-07-01T22:19:36.824+0000] {dagbag.py:588} INFO - Filling up the DagBag from /home/airflow/.local/lib/python3.12/site-packages/airflow/example_dags/example_dataset_alias_with_no_taskflow.py
[2025-07-01T22:19:36.991+0000] {processor.py:925} INFO - DAG(s) 'dataset_s3_bucket_consumer_with_no_taskflow', 'dataset_alias_example_alias_consumer_with_no_taskflow', 'dataset_alias_example_alias_producer_with_no_taskflow', 'dataset_s3_bucket_producer_with_no_taskflow' retrieved from /home/airflow/.local/lib/python3.12/site-packages/airflow/example_dags/example_dataset_alias_with_no_taskflow.py
[2025-07-01T22:19:37.014+0000] {logging_mixin.py:190} INFO - [2025-07-01T22:19:37.013+0000] {dag.py:3239} INFO - Sync 4 DAGs
[2025-07-01T22:19:37.036+0000] {logging_mixin.py:190} INFO - [2025-07-01T22:19:37.036+0000] {dag.py:4180} INFO - Setting next_dagrun for dataset_alias_example_alias_consumer_with_no_taskflow to None, run_after=None
[2025-07-01T22:19:37.039+0000] {logging_mixin.py:190} INFO - [2025-07-01T22:19:37.039+0000] {dag.py:4180} INFO - Setting next_dagrun for dataset_alias_example_alias_producer_with_no_taskflow to None, run_after=None
[2025-07-01T22:19:37.040+0000] {logging_mixin.py:190} INFO - [2025-07-01T22:19:37.040+0000] {dag.py:4180} INFO - Setting next_dagrun for dataset_s3_bucket_consumer_with_no_taskflow to None, run_after=None
[2025-07-01T22:19:37.041+0000] {logging_mixin.py:190} INFO - [2025-07-01T22:19:37.041+0000] {dag.py:4180} INFO - Setting next_dagrun for dataset_s3_bucket_producer_with_no_taskflow to None, run_after=None
[2025-07-01T22:19:37.068+0000] {processor.py:208} INFO - Processing /home/airflow/.local/lib/python3.12/site-packages/airflow/example_dags/example_dataset_alias_with_no_taskflow.py took 0.252 seconds
[2025-07-01T22:20:07.456+0000] {processor.py:186} INFO - Started process (PID=7880) to work on /home/airflow/.local/lib/python3.12/site-packages/airflow/example_dags/example_dataset_alias_with_no_taskflow.py
[2025-07-01T22:20:07.457+0000] {processor.py:914} INFO - Processing file /home/airflow/.local/lib/python3.12/site-packages/airflow/example_dags/example_dataset_alias_with_no_taskflow.py for tasks to queue
[2025-07-01T22:20:07.459+0000] {logging_mixin.py:190} INFO - [2025-07-01T22:20:07.459+0000] {dagbag.py:588} INFO - Filling up the DagBag from /home/airflow/.local/lib/python3.12/site-packages/airflow/example_dags/example_dataset_alias_with_no_taskflow.py
[2025-07-01T22:20:07.596+0000] {processor.py:925} INFO - DAG(s) 'dataset_s3_bucket_producer_with_no_taskflow', 'dataset_alias_example_alias_producer_with_no_taskflow', 'dataset_alias_example_alias_consumer_with_no_taskflow', 'dataset_s3_bucket_consumer_with_no_taskflow' retrieved from /home/airflow/.local/lib/python3.12/site-packages/airflow/example_dags/example_dataset_alias_with_no_taskflow.py
[2025-07-01T22:20:07.614+0000] {logging_mixin.py:190} INFO - [2025-07-01T22:20:07.614+0000] {dag.py:3239} INFO - Sync 4 DAGs
[2025-07-01T22:20:07.633+0000] {logging_mixin.py:190} INFO - [2025-07-01T22:20:07.633+0000] {dag.py:4180} INFO - Setting next_dagrun for dataset_alias_example_alias_consumer_with_no_taskflow to None, run_after=None
[2025-07-01T22:20:07.635+0000] {logging_mixin.py:190} INFO - [2025-07-01T22:20:07.635+0000] {dag.py:4180} INFO - Setting next_dagrun for dataset_alias_example_alias_producer_with_no_taskflow to None, run_after=None
[2025-07-01T22:20:07.637+0000] {logging_mixin.py:190} INFO - [2025-07-01T22:20:07.637+0000] {dag.py:4180} INFO - Setting next_dagrun for dataset_s3_bucket_consumer_with_no_taskflow to None, run_after=None
[2025-07-01T22:20:07.638+0000] {logging_mixin.py:190} INFO - [2025-07-01T22:20:07.638+0000] {dag.py:4180} INFO - Setting next_dagrun for dataset_s3_bucket_producer_with_no_taskflow to None, run_after=None
[2025-07-01T22:20:07.662+0000] {processor.py:208} INFO - Processing /home/airflow/.local/lib/python3.12/site-packages/airflow/example_dags/example_dataset_alias_with_no_taskflow.py took 0.211 seconds
[2025-07-01T22:20:37.910+0000] {processor.py:186} INFO - Started process (PID=7943) to work on /home/airflow/.local/lib/python3.12/site-packages/airflow/example_dags/example_dataset_alias_with_no_taskflow.py
[2025-07-01T22:20:37.911+0000] {processor.py:914} INFO - Processing file /home/airflow/.local/lib/python3.12/site-packages/airflow/example_dags/example_dataset_alias_with_no_taskflow.py for tasks to queue
[2025-07-01T22:20:37.913+0000] {logging_mixin.py:190} INFO - [2025-07-01T22:20:37.913+0000] {dagbag.py:588} INFO - Filling up the DagBag from /home/airflow/.local/lib/python3.12/site-packages/airflow/example_dags/example_dataset_alias_with_no_taskflow.py
[2025-07-01T22:20:38.047+0000] {processor.py:925} INFO - DAG(s) 'dataset_alias_example_alias_producer_with_no_taskflow', 'dataset_s3_bucket_producer_with_no_taskflow', 'dataset_s3_bucket_consumer_with_no_taskflow', 'dataset_alias_example_alias_consumer_with_no_taskflow' retrieved from /home/airflow/.local/lib/python3.12/site-packages/airflow/example_dags/example_dataset_alias_with_no_taskflow.py
[2025-07-01T22:20:38.066+0000] {logging_mixin.py:190} INFO - [2025-07-01T22:20:38.066+0000] {dag.py:3239} INFO - Sync 4 DAGs
[2025-07-01T22:20:38.086+0000] {logging_mixin.py:190} INFO - [2025-07-01T22:20:38.086+0000] {dag.py:4180} INFO - Setting next_dagrun for dataset_alias_example_alias_consumer_with_no_taskflow to None, run_after=None
[2025-07-01T22:20:38.088+0000] {logging_mixin.py:190} INFO - [2025-07-01T22:20:38.088+0000] {dag.py:4180} INFO - Setting next_dagrun for dataset_alias_example_alias_producer_with_no_taskflow to None, run_after=None
[2025-07-01T22:20:38.089+0000] {logging_mixin.py:190} INFO - [2025-07-01T22:20:38.089+0000] {dag.py:4180} INFO - Setting next_dagrun for dataset_s3_bucket_consumer_with_no_taskflow to None, run_after=None
[2025-07-01T22:20:38.091+0000] {logging_mixin.py:190} INFO - [2025-07-01T22:20:38.091+0000] {dag.py:4180} INFO - Setting next_dagrun for dataset_s3_bucket_producer_with_no_taskflow to None, run_after=None
[2025-07-01T22:20:38.116+0000] {processor.py:208} INFO - Processing /home/airflow/.local/lib/python3.12/site-packages/airflow/example_dags/example_dataset_alias_with_no_taskflow.py took 0.211 seconds
[2025-07-01T22:21:08.575+0000] {processor.py:186} INFO - Started process (PID=8006) to work on /home/airflow/.local/lib/python3.12/site-packages/airflow/example_dags/example_dataset_alias_with_no_taskflow.py
[2025-07-01T22:21:08.576+0000] {processor.py:914} INFO - Processing file /home/airflow/.local/lib/python3.12/site-packages/airflow/example_dags/example_dataset_alias_with_no_taskflow.py for tasks to queue
[2025-07-01T22:21:08.578+0000] {logging_mixin.py:190} INFO - [2025-07-01T22:21:08.578+0000] {dagbag.py:588} INFO - Filling up the DagBag from /home/airflow/.local/lib/python3.12/site-packages/airflow/example_dags/example_dataset_alias_with_no_taskflow.py
[2025-07-01T22:21:08.732+0000] {processor.py:925} INFO - DAG(s) 'dataset_s3_bucket_producer_with_no_taskflow', 'dataset_alias_example_alias_consumer_with_no_taskflow', 'dataset_alias_example_alias_producer_with_no_taskflow', 'dataset_s3_bucket_consumer_with_no_taskflow' retrieved from /home/airflow/.local/lib/python3.12/site-packages/airflow/example_dags/example_dataset_alias_with_no_taskflow.py
[2025-07-01T22:21:08.752+0000] {logging_mixin.py:190} INFO - [2025-07-01T22:21:08.752+0000] {dag.py:3239} INFO - Sync 4 DAGs
[2025-07-01T22:21:08.776+0000] {logging_mixin.py:190} INFO - [2025-07-01T22:21:08.775+0000] {dag.py:4180} INFO - Setting next_dagrun for dataset_alias_example_alias_consumer_with_no_taskflow to None, run_after=None
[2025-07-01T22:21:08.778+0000] {logging_mixin.py:190} INFO - [2025-07-01T22:21:08.778+0000] {dag.py:4180} INFO - Setting next_dagrun for dataset_alias_example_alias_producer_with_no_taskflow to None, run_after=None
[2025-07-01T22:21:08.780+0000] {logging_mixin.py:190} INFO - [2025-07-01T22:21:08.780+0000] {dag.py:4180} INFO - Setting next_dagrun for dataset_s3_bucket_consumer_with_no_taskflow to None, run_after=None
[2025-07-01T22:21:08.781+0000] {logging_mixin.py:190} INFO - [2025-07-01T22:21:08.781+0000] {dag.py:4180} INFO - Setting next_dagrun for dataset_s3_bucket_producer_with_no_taskflow to None, run_after=None
[2025-07-01T22:21:08.812+0000] {processor.py:208} INFO - Processing /home/airflow/.local/lib/python3.12/site-packages/airflow/example_dags/example_dataset_alias_with_no_taskflow.py took 0.242 seconds
[2025-07-01T22:21:39.447+0000] {processor.py:186} INFO - Started process (PID=8069) to work on /home/airflow/.local/lib/python3.12/site-packages/airflow/example_dags/example_dataset_alias_with_no_taskflow.py
[2025-07-01T22:21:39.448+0000] {processor.py:914} INFO - Processing file /home/airflow/.local/lib/python3.12/site-packages/airflow/example_dags/example_dataset_alias_with_no_taskflow.py for tasks to queue
[2025-07-01T22:21:39.451+0000] {logging_mixin.py:190} INFO - [2025-07-01T22:21:39.450+0000] {dagbag.py:588} INFO - Filling up the DagBag from /home/airflow/.local/lib/python3.12/site-packages/airflow/example_dags/example_dataset_alias_with_no_taskflow.py
[2025-07-01T22:21:39.598+0000] {processor.py:925} INFO - DAG(s) 'dataset_alias_example_alias_consumer_with_no_taskflow', 'dataset_alias_example_alias_producer_with_no_taskflow', 'dataset_s3_bucket_producer_with_no_taskflow', 'dataset_s3_bucket_consumer_with_no_taskflow' retrieved from /home/airflow/.local/lib/python3.12/site-packages/airflow/example_dags/example_dataset_alias_with_no_taskflow.py
[2025-07-01T22:21:39.616+0000] {logging_mixin.py:190} INFO - [2025-07-01T22:21:39.616+0000] {dag.py:3239} INFO - Sync 4 DAGs
[2025-07-01T22:21:39.636+0000] {logging_mixin.py:190} INFO - [2025-07-01T22:21:39.636+0000] {dag.py:4180} INFO - Setting next_dagrun for dataset_alias_example_alias_consumer_with_no_taskflow to None, run_after=None
[2025-07-01T22:21:39.638+0000] {logging_mixin.py:190} INFO - [2025-07-01T22:21:39.638+0000] {dag.py:4180} INFO - Setting next_dagrun for dataset_alias_example_alias_producer_with_no_taskflow to None, run_after=None
[2025-07-01T22:21:39.639+0000] {logging_mixin.py:190} INFO - [2025-07-01T22:21:39.639+0000] {dag.py:4180} INFO - Setting next_dagrun for dataset_s3_bucket_consumer_with_no_taskflow to None, run_after=None
[2025-07-01T22:21:39.641+0000] {logging_mixin.py:190} INFO - [2025-07-01T22:21:39.641+0000] {dag.py:4180} INFO - Setting next_dagrun for dataset_s3_bucket_producer_with_no_taskflow to None, run_after=None
[2025-07-01T22:21:39.663+0000] {processor.py:208} INFO - Processing /home/airflow/.local/lib/python3.12/site-packages/airflow/example_dags/example_dataset_alias_with_no_taskflow.py took 0.223 seconds
[2025-07-01T22:22:09.934+0000] {processor.py:186} INFO - Started process (PID=8132) to work on /home/airflow/.local/lib/python3.12/site-packages/airflow/example_dags/example_dataset_alias_with_no_taskflow.py
[2025-07-01T22:22:09.935+0000] {processor.py:914} INFO - Processing file /home/airflow/.local/lib/python3.12/site-packages/airflow/example_dags/example_dataset_alias_with_no_taskflow.py for tasks to queue
[2025-07-01T22:22:09.937+0000] {logging_mixin.py:190} INFO - [2025-07-01T22:22:09.937+0000] {dagbag.py:588} INFO - Filling up the DagBag from /home/airflow/.local/lib/python3.12/site-packages/airflow/example_dags/example_dataset_alias_with_no_taskflow.py
[2025-07-01T22:22:10.104+0000] {processor.py:925} INFO - DAG(s) 'dataset_s3_bucket_producer_with_no_taskflow', 'dataset_alias_example_alias_consumer_with_no_taskflow', 'dataset_s3_bucket_consumer_with_no_taskflow', 'dataset_alias_example_alias_producer_with_no_taskflow' retrieved from /home/airflow/.local/lib/python3.12/site-packages/airflow/example_dags/example_dataset_alias_with_no_taskflow.py
[2025-07-01T22:22:10.126+0000] {logging_mixin.py:190} INFO - [2025-07-01T22:22:10.125+0000] {dag.py:3239} INFO - Sync 4 DAGs
[2025-07-01T22:22:10.145+0000] {logging_mixin.py:190} INFO - [2025-07-01T22:22:10.145+0000] {dag.py:4180} INFO - Setting next_dagrun for dataset_alias_example_alias_consumer_with_no_taskflow to None, run_after=None
[2025-07-01T22:22:10.147+0000] {logging_mixin.py:190} INFO - [2025-07-01T22:22:10.147+0000] {dag.py:4180} INFO - Setting next_dagrun for dataset_alias_example_alias_producer_with_no_taskflow to None, run_after=None
[2025-07-01T22:22:10.149+0000] {logging_mixin.py:190} INFO - [2025-07-01T22:22:10.148+0000] {dag.py:4180} INFO - Setting next_dagrun for dataset_s3_bucket_consumer_with_no_taskflow to None, run_after=None
[2025-07-01T22:22:10.150+0000] {logging_mixin.py:190} INFO - [2025-07-01T22:22:10.150+0000] {dag.py:4180} INFO - Setting next_dagrun for dataset_s3_bucket_producer_with_no_taskflow to None, run_after=None
[2025-07-01T22:22:10.173+0000] {processor.py:208} INFO - Processing /home/airflow/.local/lib/python3.12/site-packages/airflow/example_dags/example_dataset_alias_with_no_taskflow.py took 0.246 seconds
[2025-07-01T22:22:40.450+0000] {processor.py:186} INFO - Started process (PID=8195) to work on /home/airflow/.local/lib/python3.12/site-packages/airflow/example_dags/example_dataset_alias_with_no_taskflow.py
[2025-07-01T22:22:40.451+0000] {processor.py:914} INFO - Processing file /home/airflow/.local/lib/python3.12/site-packages/airflow/example_dags/example_dataset_alias_with_no_taskflow.py for tasks to queue
[2025-07-01T22:22:40.454+0000] {logging_mixin.py:190} INFO - [2025-07-01T22:22:40.453+0000] {dagbag.py:588} INFO - Filling up the DagBag from /home/airflow/.local/lib/python3.12/site-packages/airflow/example_dags/example_dataset_alias_with_no_taskflow.py
[2025-07-01T22:22:40.598+0000] {processor.py:925} INFO - DAG(s) 'dataset_s3_bucket_consumer_with_no_taskflow', 'dataset_s3_bucket_producer_with_no_taskflow', 'dataset_alias_example_alias_consumer_with_no_taskflow', 'dataset_alias_example_alias_producer_with_no_taskflow' retrieved from /home/airflow/.local/lib/python3.12/site-packages/airflow/example_dags/example_dataset_alias_with_no_taskflow.py
[2025-07-01T22:22:40.617+0000] {logging_mixin.py:190} INFO - [2025-07-01T22:22:40.617+0000] {dag.py:3239} INFO - Sync 4 DAGs
[2025-07-01T22:22:40.636+0000] {logging_mixin.py:190} INFO - [2025-07-01T22:22:40.636+0000] {dag.py:4180} INFO - Setting next_dagrun for dataset_alias_example_alias_consumer_with_no_taskflow to None, run_after=None
[2025-07-01T22:22:40.638+0000] {logging_mixin.py:190} INFO - [2025-07-01T22:22:40.638+0000] {dag.py:4180} INFO - Setting next_dagrun for dataset_alias_example_alias_producer_with_no_taskflow to None, run_after=None
[2025-07-01T22:22:40.640+0000] {logging_mixin.py:190} INFO - [2025-07-01T22:22:40.639+0000] {dag.py:4180} INFO - Setting next_dagrun for dataset_s3_bucket_consumer_with_no_taskflow to None, run_after=None
[2025-07-01T22:22:40.641+0000] {logging_mixin.py:190} INFO - [2025-07-01T22:22:40.641+0000] {dag.py:4180} INFO - Setting next_dagrun for dataset_s3_bucket_producer_with_no_taskflow to None, run_after=None
[2025-07-01T22:22:40.666+0000] {processor.py:208} INFO - Processing /home/airflow/.local/lib/python3.12/site-packages/airflow/example_dags/example_dataset_alias_with_no_taskflow.py took 0.220 seconds
[2025-07-01T22:23:11.161+0000] {processor.py:186} INFO - Started process (PID=8258) to work on /home/airflow/.local/lib/python3.12/site-packages/airflow/example_dags/example_dataset_alias_with_no_taskflow.py
[2025-07-01T22:23:11.162+0000] {processor.py:914} INFO - Processing file /home/airflow/.local/lib/python3.12/site-packages/airflow/example_dags/example_dataset_alias_with_no_taskflow.py for tasks to queue
[2025-07-01T22:23:11.165+0000] {logging_mixin.py:190} INFO - [2025-07-01T22:23:11.164+0000] {dagbag.py:588} INFO - Filling up the DagBag from /home/airflow/.local/lib/python3.12/site-packages/airflow/example_dags/example_dataset_alias_with_no_taskflow.py
[2025-07-01T22:23:11.293+0000] {processor.py:925} INFO - DAG(s) 'dataset_alias_example_alias_consumer_with_no_taskflow', 'dataset_alias_example_alias_producer_with_no_taskflow', 'dataset_s3_bucket_consumer_with_no_taskflow', 'dataset_s3_bucket_producer_with_no_taskflow' retrieved from /home/airflow/.local/lib/python3.12/site-packages/airflow/example_dags/example_dataset_alias_with_no_taskflow.py
[2025-07-01T22:23:11.311+0000] {logging_mixin.py:190} INFO - [2025-07-01T22:23:11.311+0000] {dag.py:3239} INFO - Sync 4 DAGs
[2025-07-01T22:23:11.332+0000] {logging_mixin.py:190} INFO - [2025-07-01T22:23:11.332+0000] {dag.py:4180} INFO - Setting next_dagrun for dataset_alias_example_alias_consumer_with_no_taskflow to None, run_after=None
[2025-07-01T22:23:11.334+0000] {logging_mixin.py:190} INFO - [2025-07-01T22:23:11.334+0000] {dag.py:4180} INFO - Setting next_dagrun for dataset_alias_example_alias_producer_with_no_taskflow to None, run_after=None
[2025-07-01T22:23:11.336+0000] {logging_mixin.py:190} INFO - [2025-07-01T22:23:11.336+0000] {dag.py:4180} INFO - Setting next_dagrun for dataset_s3_bucket_consumer_with_no_taskflow to None, run_after=None
[2025-07-01T22:23:11.337+0000] {logging_mixin.py:190} INFO - [2025-07-01T22:23:11.337+0000] {dag.py:4180} INFO - Setting next_dagrun for dataset_s3_bucket_producer_with_no_taskflow to None, run_after=None
[2025-07-01T22:23:11.360+0000] {processor.py:208} INFO - Processing /home/airflow/.local/lib/python3.12/site-packages/airflow/example_dags/example_dataset_alias_with_no_taskflow.py took 0.204 seconds
[2025-07-01T22:23:41.957+0000] {processor.py:186} INFO - Started process (PID=8321) to work on /home/airflow/.local/lib/python3.12/site-packages/airflow/example_dags/example_dataset_alias_with_no_taskflow.py
[2025-07-01T22:23:41.958+0000] {processor.py:914} INFO - Processing file /home/airflow/.local/lib/python3.12/site-packages/airflow/example_dags/example_dataset_alias_with_no_taskflow.py for tasks to queue
[2025-07-01T22:23:41.961+0000] {logging_mixin.py:190} INFO - [2025-07-01T22:23:41.961+0000] {dagbag.py:588} INFO - Filling up the DagBag from /home/airflow/.local/lib/python3.12/site-packages/airflow/example_dags/example_dataset_alias_with_no_taskflow.py
[2025-07-01T22:23:42.115+0000] {processor.py:925} INFO - DAG(s) 'dataset_s3_bucket_consumer_with_no_taskflow', 'dataset_alias_example_alias_consumer_with_no_taskflow', 'dataset_alias_example_alias_producer_with_no_taskflow', 'dataset_s3_bucket_producer_with_no_taskflow' retrieved from /home/airflow/.local/lib/python3.12/site-packages/airflow/example_dags/example_dataset_alias_with_no_taskflow.py
[2025-07-01T22:23:42.140+0000] {logging_mixin.py:190} INFO - [2025-07-01T22:23:42.140+0000] {dag.py:3239} INFO - Sync 4 DAGs
[2025-07-01T22:23:42.158+0000] {logging_mixin.py:190} INFO - [2025-07-01T22:23:42.158+0000] {dag.py:4180} INFO - Setting next_dagrun for dataset_alias_example_alias_consumer_with_no_taskflow to None, run_after=None
[2025-07-01T22:23:42.161+0000] {logging_mixin.py:190} INFO - [2025-07-01T22:23:42.160+0000] {dag.py:4180} INFO - Setting next_dagrun for dataset_alias_example_alias_producer_with_no_taskflow to None, run_after=None
[2025-07-01T22:23:42.162+0000] {logging_mixin.py:190} INFO - [2025-07-01T22:23:42.162+0000] {dag.py:4180} INFO - Setting next_dagrun for dataset_s3_bucket_consumer_with_no_taskflow to None, run_after=None
[2025-07-01T22:23:42.163+0000] {logging_mixin.py:190} INFO - [2025-07-01T22:23:42.163+0000] {dag.py:4180} INFO - Setting next_dagrun for dataset_s3_bucket_producer_with_no_taskflow to None, run_after=None
[2025-07-01T22:23:42.190+0000] {processor.py:208} INFO - Processing /home/airflow/.local/lib/python3.12/site-packages/airflow/example_dags/example_dataset_alias_with_no_taskflow.py took 0.239 seconds
[2025-07-01T22:24:12.572+0000] {processor.py:186} INFO - Started process (PID=8384) to work on /home/airflow/.local/lib/python3.12/site-packages/airflow/example_dags/example_dataset_alias_with_no_taskflow.py
[2025-07-01T22:24:12.573+0000] {processor.py:914} INFO - Processing file /home/airflow/.local/lib/python3.12/site-packages/airflow/example_dags/example_dataset_alias_with_no_taskflow.py for tasks to queue
[2025-07-01T22:24:12.575+0000] {logging_mixin.py:190} INFO - [2025-07-01T22:24:12.575+0000] {dagbag.py:588} INFO - Filling up the DagBag from /home/airflow/.local/lib/python3.12/site-packages/airflow/example_dags/example_dataset_alias_with_no_taskflow.py
[2025-07-01T22:24:12.728+0000] {processor.py:925} INFO - DAG(s) 'dataset_s3_bucket_producer_with_no_taskflow', 'dataset_alias_example_alias_consumer_with_no_taskflow', 'dataset_s3_bucket_consumer_with_no_taskflow', 'dataset_alias_example_alias_producer_with_no_taskflow' retrieved from /home/airflow/.local/lib/python3.12/site-packages/airflow/example_dags/example_dataset_alias_with_no_taskflow.py
[2025-07-01T22:24:12.751+0000] {logging_mixin.py:190} INFO - [2025-07-01T22:24:12.751+0000] {dag.py:3239} INFO - Sync 4 DAGs
[2025-07-01T22:24:12.779+0000] {logging_mixin.py:190} INFO - [2025-07-01T22:24:12.779+0000] {dag.py:4180} INFO - Setting next_dagrun for dataset_alias_example_alias_consumer_with_no_taskflow to None, run_after=None
[2025-07-01T22:24:12.783+0000] {logging_mixin.py:190} INFO - [2025-07-01T22:24:12.783+0000] {dag.py:4180} INFO - Setting next_dagrun for dataset_alias_example_alias_producer_with_no_taskflow to None, run_after=None
[2025-07-01T22:24:12.785+0000] {logging_mixin.py:190} INFO - [2025-07-01T22:24:12.785+0000] {dag.py:4180} INFO - Setting next_dagrun for dataset_s3_bucket_consumer_with_no_taskflow to None, run_after=None
[2025-07-01T22:24:12.786+0000] {logging_mixin.py:190} INFO - [2025-07-01T22:24:12.786+0000] {dag.py:4180} INFO - Setting next_dagrun for dataset_s3_bucket_producer_with_no_taskflow to None, run_after=None
[2025-07-01T22:24:12.818+0000] {processor.py:208} INFO - Processing /home/airflow/.local/lib/python3.12/site-packages/airflow/example_dags/example_dataset_alias_with_no_taskflow.py took 0.250 seconds
[2025-07-01T22:24:43.228+0000] {processor.py:186} INFO - Started process (PID=8453) to work on /home/airflow/.local/lib/python3.12/site-packages/airflow/example_dags/example_dataset_alias_with_no_taskflow.py
[2025-07-01T22:24:43.229+0000] {processor.py:914} INFO - Processing file /home/airflow/.local/lib/python3.12/site-packages/airflow/example_dags/example_dataset_alias_with_no_taskflow.py for tasks to queue
[2025-07-01T22:24:43.232+0000] {logging_mixin.py:190} INFO - [2025-07-01T22:24:43.231+0000] {dagbag.py:588} INFO - Filling up the DagBag from /home/airflow/.local/lib/python3.12/site-packages/airflow/example_dags/example_dataset_alias_with_no_taskflow.py
[2025-07-01T22:24:43.380+0000] {processor.py:925} INFO - DAG(s) 'dataset_alias_example_alias_producer_with_no_taskflow', 'dataset_alias_example_alias_consumer_with_no_taskflow', 'dataset_s3_bucket_consumer_with_no_taskflow', 'dataset_s3_bucket_producer_with_no_taskflow' retrieved from /home/airflow/.local/lib/python3.12/site-packages/airflow/example_dags/example_dataset_alias_with_no_taskflow.py
[2025-07-01T22:24:43.400+0000] {logging_mixin.py:190} INFO - [2025-07-01T22:24:43.400+0000] {dag.py:3239} INFO - Sync 4 DAGs
[2025-07-01T22:24:43.424+0000] {logging_mixin.py:190} INFO - [2025-07-01T22:24:43.424+0000] {dag.py:4180} INFO - Setting next_dagrun for dataset_alias_example_alias_consumer_with_no_taskflow to None, run_after=None
[2025-07-01T22:24:43.427+0000] {logging_mixin.py:190} INFO - [2025-07-01T22:24:43.427+0000] {dag.py:4180} INFO - Setting next_dagrun for dataset_alias_example_alias_producer_with_no_taskflow to None, run_after=None
[2025-07-01T22:24:43.428+0000] {logging_mixin.py:190} INFO - [2025-07-01T22:24:43.428+0000] {dag.py:4180} INFO - Setting next_dagrun for dataset_s3_bucket_consumer_with_no_taskflow to None, run_after=None
[2025-07-01T22:24:43.429+0000] {logging_mixin.py:190} INFO - [2025-07-01T22:24:43.429+0000] {dag.py:4180} INFO - Setting next_dagrun for dataset_s3_bucket_producer_with_no_taskflow to None, run_after=None
[2025-07-01T22:24:43.456+0000] {processor.py:208} INFO - Processing /home/airflow/.local/lib/python3.12/site-packages/airflow/example_dags/example_dataset_alias_with_no_taskflow.py took 0.233 seconds
[2025-07-01T22:25:13.972+0000] {processor.py:186} INFO - Started process (PID=8516) to work on /home/airflow/.local/lib/python3.12/site-packages/airflow/example_dags/example_dataset_alias_with_no_taskflow.py
[2025-07-01T22:25:13.973+0000] {processor.py:914} INFO - Processing file /home/airflow/.local/lib/python3.12/site-packages/airflow/example_dags/example_dataset_alias_with_no_taskflow.py for tasks to queue
[2025-07-01T22:25:13.976+0000] {logging_mixin.py:190} INFO - [2025-07-01T22:25:13.976+0000] {dagbag.py:588} INFO - Filling up the DagBag from /home/airflow/.local/lib/python3.12/site-packages/airflow/example_dags/example_dataset_alias_with_no_taskflow.py
[2025-07-01T22:25:14.121+0000] {processor.py:925} INFO - DAG(s) 'dataset_alias_example_alias_consumer_with_no_taskflow', 'dataset_s3_bucket_producer_with_no_taskflow', 'dataset_s3_bucket_consumer_with_no_taskflow', 'dataset_alias_example_alias_producer_with_no_taskflow' retrieved from /home/airflow/.local/lib/python3.12/site-packages/airflow/example_dags/example_dataset_alias_with_no_taskflow.py
[2025-07-01T22:25:14.138+0000] {logging_mixin.py:190} INFO - [2025-07-01T22:25:14.138+0000] {dag.py:3239} INFO - Sync 4 DAGs
[2025-07-01T22:25:14.158+0000] {logging_mixin.py:190} INFO - [2025-07-01T22:25:14.158+0000] {dag.py:4180} INFO - Setting next_dagrun for dataset_alias_example_alias_consumer_with_no_taskflow to None, run_after=None
[2025-07-01T22:25:14.161+0000] {logging_mixin.py:190} INFO - [2025-07-01T22:25:14.160+0000] {dag.py:4180} INFO - Setting next_dagrun for dataset_alias_example_alias_producer_with_no_taskflow to None, run_after=None
[2025-07-01T22:25:14.162+0000] {logging_mixin.py:190} INFO - [2025-07-01T22:25:14.162+0000] {dag.py:4180} INFO - Setting next_dagrun for dataset_s3_bucket_consumer_with_no_taskflow to None, run_after=None
[2025-07-01T22:25:14.163+0000] {logging_mixin.py:190} INFO - [2025-07-01T22:25:14.163+0000] {dag.py:4180} INFO - Setting next_dagrun for dataset_s3_bucket_producer_with_no_taskflow to None, run_after=None
[2025-07-01T22:25:14.185+0000] {processor.py:208} INFO - Processing /home/airflow/.local/lib/python3.12/site-packages/airflow/example_dags/example_dataset_alias_with_no_taskflow.py took 0.222 seconds
[2025-07-01T22:25:44.592+0000] {processor.py:186} INFO - Started process (PID=8621) to work on /home/airflow/.local/lib/python3.12/site-packages/airflow/example_dags/example_dataset_alias_with_no_taskflow.py
[2025-07-01T22:25:44.592+0000] {processor.py:914} INFO - Processing file /home/airflow/.local/lib/python3.12/site-packages/airflow/example_dags/example_dataset_alias_with_no_taskflow.py for tasks to queue
[2025-07-01T22:25:44.595+0000] {logging_mixin.py:190} INFO - [2025-07-01T22:25:44.594+0000] {dagbag.py:588} INFO - Filling up the DagBag from /home/airflow/.local/lib/python3.12/site-packages/airflow/example_dags/example_dataset_alias_with_no_taskflow.py
[2025-07-01T22:25:44.748+0000] {processor.py:925} INFO - DAG(s) 'dataset_alias_example_alias_producer_with_no_taskflow', 'dataset_s3_bucket_consumer_with_no_taskflow', 'dataset_alias_example_alias_consumer_with_no_taskflow', 'dataset_s3_bucket_producer_with_no_taskflow' retrieved from /home/airflow/.local/lib/python3.12/site-packages/airflow/example_dags/example_dataset_alias_with_no_taskflow.py
[2025-07-01T22:25:44.770+0000] {logging_mixin.py:190} INFO - [2025-07-01T22:25:44.770+0000] {dag.py:3239} INFO - Sync 4 DAGs
[2025-07-01T22:25:44.791+0000] {logging_mixin.py:190} INFO - [2025-07-01T22:25:44.790+0000] {dag.py:4180} INFO - Setting next_dagrun for dataset_alias_example_alias_consumer_with_no_taskflow to None, run_after=None
[2025-07-01T22:25:44.793+0000] {logging_mixin.py:190} INFO - [2025-07-01T22:25:44.793+0000] {dag.py:4180} INFO - Setting next_dagrun for dataset_alias_example_alias_producer_with_no_taskflow to None, run_after=None
[2025-07-01T22:25:44.795+0000] {logging_mixin.py:190} INFO - [2025-07-01T22:25:44.795+0000] {dag.py:4180} INFO - Setting next_dagrun for dataset_s3_bucket_consumer_with_no_taskflow to None, run_after=None
[2025-07-01T22:25:44.797+0000] {logging_mixin.py:190} INFO - [2025-07-01T22:25:44.797+0000] {dag.py:4180} INFO - Setting next_dagrun for dataset_s3_bucket_producer_with_no_taskflow to None, run_after=None
[2025-07-01T22:25:44.824+0000] {processor.py:208} INFO - Processing /home/airflow/.local/lib/python3.12/site-packages/airflow/example_dags/example_dataset_alias_with_no_taskflow.py took 0.241 seconds
[2025-07-01T22:26:15.522+0000] {processor.py:186} INFO - Started process (PID=8687) to work on /home/airflow/.local/lib/python3.12/site-packages/airflow/example_dags/example_dataset_alias_with_no_taskflow.py
[2025-07-01T22:26:15.523+0000] {processor.py:914} INFO - Processing file /home/airflow/.local/lib/python3.12/site-packages/airflow/example_dags/example_dataset_alias_with_no_taskflow.py for tasks to queue
[2025-07-01T22:26:15.527+0000] {logging_mixin.py:190} INFO - [2025-07-01T22:26:15.526+0000] {dagbag.py:588} INFO - Filling up the DagBag from /home/airflow/.local/lib/python3.12/site-packages/airflow/example_dags/example_dataset_alias_with_no_taskflow.py
[2025-07-01T22:26:15.704+0000] {processor.py:925} INFO - DAG(s) 'dataset_s3_bucket_producer_with_no_taskflow', 'dataset_alias_example_alias_producer_with_no_taskflow', 'dataset_s3_bucket_consumer_with_no_taskflow', 'dataset_alias_example_alias_consumer_with_no_taskflow' retrieved from /home/airflow/.local/lib/python3.12/site-packages/airflow/example_dags/example_dataset_alias_with_no_taskflow.py
[2025-07-01T22:26:15.731+0000] {logging_mixin.py:190} INFO - [2025-07-01T22:26:15.730+0000] {dag.py:3239} INFO - Sync 4 DAGs
[2025-07-01T22:26:15.757+0000] {logging_mixin.py:190} INFO - [2025-07-01T22:26:15.757+0000] {dag.py:4180} INFO - Setting next_dagrun for dataset_alias_example_alias_consumer_with_no_taskflow to None, run_after=None
[2025-07-01T22:26:15.760+0000] {logging_mixin.py:190} INFO - [2025-07-01T22:26:15.760+0000] {dag.py:4180} INFO - Setting next_dagrun for dataset_alias_example_alias_producer_with_no_taskflow to None, run_after=None
[2025-07-01T22:26:15.765+0000] {logging_mixin.py:190} INFO - [2025-07-01T22:26:15.762+0000] {dag.py:4180} INFO - Setting next_dagrun for dataset_s3_bucket_consumer_with_no_taskflow to None, run_after=None
[2025-07-01T22:26:15.766+0000] {logging_mixin.py:190} INFO - [2025-07-01T22:26:15.766+0000] {dag.py:4180} INFO - Setting next_dagrun for dataset_s3_bucket_producer_with_no_taskflow to None, run_after=None
[2025-07-01T22:26:15.796+0000] {processor.py:208} INFO - Processing /home/airflow/.local/lib/python3.12/site-packages/airflow/example_dags/example_dataset_alias_with_no_taskflow.py took 0.285 seconds
[2025-07-01T22:26:45.964+0000] {processor.py:186} INFO - Started process (PID=8751) to work on /home/airflow/.local/lib/python3.12/site-packages/airflow/example_dags/example_dataset_alias_with_no_taskflow.py
[2025-07-01T22:26:45.965+0000] {processor.py:914} INFO - Processing file /home/airflow/.local/lib/python3.12/site-packages/airflow/example_dags/example_dataset_alias_with_no_taskflow.py for tasks to queue
[2025-07-01T22:26:45.968+0000] {logging_mixin.py:190} INFO - [2025-07-01T22:26:45.967+0000] {dagbag.py:588} INFO - Filling up the DagBag from /home/airflow/.local/lib/python3.12/site-packages/airflow/example_dags/example_dataset_alias_with_no_taskflow.py
[2025-07-01T22:26:46.105+0000] {processor.py:925} INFO - DAG(s) 'dataset_alias_example_alias_producer_with_no_taskflow', 'dataset_alias_example_alias_consumer_with_no_taskflow', 'dataset_s3_bucket_producer_with_no_taskflow', 'dataset_s3_bucket_consumer_with_no_taskflow' retrieved from /home/airflow/.local/lib/python3.12/site-packages/airflow/example_dags/example_dataset_alias_with_no_taskflow.py
[2025-07-01T22:26:46.124+0000] {logging_mixin.py:190} INFO - [2025-07-01T22:26:46.124+0000] {dag.py:3239} INFO - Sync 4 DAGs
[2025-07-01T22:26:46.144+0000] {logging_mixin.py:190} INFO - [2025-07-01T22:26:46.144+0000] {dag.py:4180} INFO - Setting next_dagrun for dataset_alias_example_alias_consumer_with_no_taskflow to None, run_after=None
[2025-07-01T22:26:46.146+0000] {logging_mixin.py:190} INFO - [2025-07-01T22:26:46.146+0000] {dag.py:4180} INFO - Setting next_dagrun for dataset_alias_example_alias_producer_with_no_taskflow to None, run_after=None
[2025-07-01T22:26:46.147+0000] {logging_mixin.py:190} INFO - [2025-07-01T22:26:46.147+0000] {dag.py:4180} INFO - Setting next_dagrun for dataset_s3_bucket_consumer_with_no_taskflow to None, run_after=None
[2025-07-01T22:26:46.148+0000] {logging_mixin.py:190} INFO - [2025-07-01T22:26:46.148+0000] {dag.py:4180} INFO - Setting next_dagrun for dataset_s3_bucket_producer_with_no_taskflow to None, run_after=None
[2025-07-01T22:26:46.169+0000] {processor.py:208} INFO - Processing /home/airflow/.local/lib/python3.12/site-packages/airflow/example_dags/example_dataset_alias_with_no_taskflow.py took 0.212 seconds
[2025-07-01T22:27:17.042+0000] {processor.py:186} INFO - Started process (PID=8815) to work on /home/airflow/.local/lib/python3.12/site-packages/airflow/example_dags/example_dataset_alias_with_no_taskflow.py
[2025-07-01T22:27:17.044+0000] {processor.py:914} INFO - Processing file /home/airflow/.local/lib/python3.12/site-packages/airflow/example_dags/example_dataset_alias_with_no_taskflow.py for tasks to queue
[2025-07-01T22:27:17.046+0000] {logging_mixin.py:190} INFO - [2025-07-01T22:27:17.046+0000] {dagbag.py:588} INFO - Filling up the DagBag from /home/airflow/.local/lib/python3.12/site-packages/airflow/example_dags/example_dataset_alias_with_no_taskflow.py
[2025-07-01T22:27:17.186+0000] {processor.py:925} INFO - DAG(s) 'dataset_s3_bucket_producer_with_no_taskflow', 'dataset_s3_bucket_consumer_with_no_taskflow', 'dataset_alias_example_alias_consumer_with_no_taskflow', 'dataset_alias_example_alias_producer_with_no_taskflow' retrieved from /home/airflow/.local/lib/python3.12/site-packages/airflow/example_dags/example_dataset_alias_with_no_taskflow.py
[2025-07-01T22:27:17.206+0000] {logging_mixin.py:190} INFO - [2025-07-01T22:27:17.206+0000] {dag.py:3239} INFO - Sync 4 DAGs
[2025-07-01T22:27:17.226+0000] {logging_mixin.py:190} INFO - [2025-07-01T22:27:17.225+0000] {dag.py:4180} INFO - Setting next_dagrun for dataset_alias_example_alias_consumer_with_no_taskflow to None, run_after=None
[2025-07-01T22:27:17.228+0000] {logging_mixin.py:190} INFO - [2025-07-01T22:27:17.228+0000] {dag.py:4180} INFO - Setting next_dagrun for dataset_alias_example_alias_producer_with_no_taskflow to None, run_after=None
[2025-07-01T22:27:17.229+0000] {logging_mixin.py:190} INFO - [2025-07-01T22:27:17.229+0000] {dag.py:4180} INFO - Setting next_dagrun for dataset_s3_bucket_consumer_with_no_taskflow to None, run_after=None
[2025-07-01T22:27:17.230+0000] {logging_mixin.py:190} INFO - [2025-07-01T22:27:17.230+0000] {dag.py:4180} INFO - Setting next_dagrun for dataset_s3_bucket_producer_with_no_taskflow to None, run_after=None
[2025-07-01T22:27:17.251+0000] {processor.py:208} INFO - Processing /home/airflow/.local/lib/python3.12/site-packages/airflow/example_dags/example_dataset_alias_with_no_taskflow.py took 0.216 seconds
[2025-07-01T22:27:48.025+0000] {processor.py:186} INFO - Started process (PID=8880) to work on /home/airflow/.local/lib/python3.12/site-packages/airflow/example_dags/example_dataset_alias_with_no_taskflow.py
[2025-07-01T22:27:48.026+0000] {processor.py:914} INFO - Processing file /home/airflow/.local/lib/python3.12/site-packages/airflow/example_dags/example_dataset_alias_with_no_taskflow.py for tasks to queue
[2025-07-01T22:27:48.028+0000] {logging_mixin.py:190} INFO - [2025-07-01T22:27:48.028+0000] {dagbag.py:588} INFO - Filling up the DagBag from /home/airflow/.local/lib/python3.12/site-packages/airflow/example_dags/example_dataset_alias_with_no_taskflow.py
[2025-07-01T22:27:48.168+0000] {processor.py:925} INFO - DAG(s) 'dataset_alias_example_alias_consumer_with_no_taskflow', 'dataset_s3_bucket_consumer_with_no_taskflow', 'dataset_alias_example_alias_producer_with_no_taskflow', 'dataset_s3_bucket_producer_with_no_taskflow' retrieved from /home/airflow/.local/lib/python3.12/site-packages/airflow/example_dags/example_dataset_alias_with_no_taskflow.py
[2025-07-01T22:27:48.187+0000] {logging_mixin.py:190} INFO - [2025-07-01T22:27:48.187+0000] {dag.py:3239} INFO - Sync 4 DAGs
[2025-07-01T22:27:48.212+0000] {logging_mixin.py:190} INFO - [2025-07-01T22:27:48.212+0000] {dag.py:4180} INFO - Setting next_dagrun for dataset_alias_example_alias_consumer_with_no_taskflow to None, run_after=None
[2025-07-01T22:27:48.215+0000] {logging_mixin.py:190} INFO - [2025-07-01T22:27:48.215+0000] {dag.py:4180} INFO - Setting next_dagrun for dataset_alias_example_alias_producer_with_no_taskflow to None, run_after=None
[2025-07-01T22:27:48.217+0000] {logging_mixin.py:190} INFO - [2025-07-01T22:27:48.217+0000] {dag.py:4180} INFO - Setting next_dagrun for dataset_s3_bucket_consumer_with_no_taskflow to None, run_after=None
[2025-07-01T22:27:48.218+0000] {logging_mixin.py:190} INFO - [2025-07-01T22:27:48.218+0000] {dag.py:4180} INFO - Setting next_dagrun for dataset_s3_bucket_producer_with_no_taskflow to None, run_after=None
[2025-07-01T22:27:48.245+0000] {processor.py:208} INFO - Processing /home/airflow/.local/lib/python3.12/site-packages/airflow/example_dags/example_dataset_alias_with_no_taskflow.py took 0.227 seconds
[2025-07-01T22:28:18.607+0000] {processor.py:186} INFO - Started process (PID=8944) to work on /home/airflow/.local/lib/python3.12/site-packages/airflow/example_dags/example_dataset_alias_with_no_taskflow.py
[2025-07-01T22:28:18.608+0000] {processor.py:914} INFO - Processing file /home/airflow/.local/lib/python3.12/site-packages/airflow/example_dags/example_dataset_alias_with_no_taskflow.py for tasks to queue
[2025-07-01T22:28:18.610+0000] {logging_mixin.py:190} INFO - [2025-07-01T22:28:18.610+0000] {dagbag.py:588} INFO - Filling up the DagBag from /home/airflow/.local/lib/python3.12/site-packages/airflow/example_dags/example_dataset_alias_with_no_taskflow.py
[2025-07-01T22:28:18.740+0000] {processor.py:925} INFO - DAG(s) 'dataset_alias_example_alias_producer_with_no_taskflow', 'dataset_alias_example_alias_consumer_with_no_taskflow', 'dataset_s3_bucket_producer_with_no_taskflow', 'dataset_s3_bucket_consumer_with_no_taskflow' retrieved from /home/airflow/.local/lib/python3.12/site-packages/airflow/example_dags/example_dataset_alias_with_no_taskflow.py
[2025-07-01T22:28:18.759+0000] {logging_mixin.py:190} INFO - [2025-07-01T22:28:18.758+0000] {dag.py:3239} INFO - Sync 4 DAGs
[2025-07-01T22:28:18.781+0000] {logging_mixin.py:190} INFO - [2025-07-01T22:28:18.781+0000] {dag.py:4180} INFO - Setting next_dagrun for dataset_alias_example_alias_consumer_with_no_taskflow to None, run_after=None
[2025-07-01T22:28:18.784+0000] {logging_mixin.py:190} INFO - [2025-07-01T22:28:18.784+0000] {dag.py:4180} INFO - Setting next_dagrun for dataset_alias_example_alias_producer_with_no_taskflow to None, run_after=None
[2025-07-01T22:28:18.786+0000] {logging_mixin.py:190} INFO - [2025-07-01T22:28:18.785+0000] {dag.py:4180} INFO - Setting next_dagrun for dataset_s3_bucket_consumer_with_no_taskflow to None, run_after=None
[2025-07-01T22:28:18.787+0000] {logging_mixin.py:190} INFO - [2025-07-01T22:28:18.787+0000] {dag.py:4180} INFO - Setting next_dagrun for dataset_s3_bucket_producer_with_no_taskflow to None, run_after=None
[2025-07-01T22:28:18.808+0000] {processor.py:208} INFO - Processing /home/airflow/.local/lib/python3.12/site-packages/airflow/example_dags/example_dataset_alias_with_no_taskflow.py took 0.208 seconds
[2025-07-01T22:28:49.325+0000] {processor.py:186} INFO - Started process (PID=9008) to work on /home/airflow/.local/lib/python3.12/site-packages/airflow/example_dags/example_dataset_alias_with_no_taskflow.py
[2025-07-01T22:28:49.326+0000] {processor.py:914} INFO - Processing file /home/airflow/.local/lib/python3.12/site-packages/airflow/example_dags/example_dataset_alias_with_no_taskflow.py for tasks to queue
[2025-07-01T22:28:49.328+0000] {logging_mixin.py:190} INFO - [2025-07-01T22:28:49.328+0000] {dagbag.py:588} INFO - Filling up the DagBag from /home/airflow/.local/lib/python3.12/site-packages/airflow/example_dags/example_dataset_alias_with_no_taskflow.py
[2025-07-01T22:28:49.457+0000] {processor.py:925} INFO - DAG(s) 'dataset_alias_example_alias_producer_with_no_taskflow', 'dataset_alias_example_alias_consumer_with_no_taskflow', 'dataset_s3_bucket_producer_with_no_taskflow', 'dataset_s3_bucket_consumer_with_no_taskflow' retrieved from /home/airflow/.local/lib/python3.12/site-packages/airflow/example_dags/example_dataset_alias_with_no_taskflow.py
[2025-07-01T22:28:49.480+0000] {logging_mixin.py:190} INFO - [2025-07-01T22:28:49.480+0000] {dag.py:3239} INFO - Sync 4 DAGs
[2025-07-01T22:28:49.501+0000] {logging_mixin.py:190} INFO - [2025-07-01T22:28:49.500+0000] {dag.py:4180} INFO - Setting next_dagrun for dataset_alias_example_alias_consumer_with_no_taskflow to None, run_after=None
[2025-07-01T22:28:49.504+0000] {logging_mixin.py:190} INFO - [2025-07-01T22:28:49.503+0000] {dag.py:4180} INFO - Setting next_dagrun for dataset_alias_example_alias_producer_with_no_taskflow to None, run_after=None
[2025-07-01T22:28:49.506+0000] {logging_mixin.py:190} INFO - [2025-07-01T22:28:49.505+0000] {dag.py:4180} INFO - Setting next_dagrun for dataset_s3_bucket_consumer_with_no_taskflow to None, run_after=None
[2025-07-01T22:28:49.508+0000] {logging_mixin.py:190} INFO - [2025-07-01T22:28:49.507+0000] {dag.py:4180} INFO - Setting next_dagrun for dataset_s3_bucket_producer_with_no_taskflow to None, run_after=None
[2025-07-01T22:28:49.536+0000] {processor.py:208} INFO - Processing /home/airflow/.local/lib/python3.12/site-packages/airflow/example_dags/example_dataset_alias_with_no_taskflow.py took 0.218 seconds
[2025-07-01T22:29:19.795+0000] {processor.py:186} INFO - Started process (PID=9072) to work on /home/airflow/.local/lib/python3.12/site-packages/airflow/example_dags/example_dataset_alias_with_no_taskflow.py
[2025-07-01T22:29:19.796+0000] {processor.py:914} INFO - Processing file /home/airflow/.local/lib/python3.12/site-packages/airflow/example_dags/example_dataset_alias_with_no_taskflow.py for tasks to queue
[2025-07-01T22:29:19.799+0000] {logging_mixin.py:190} INFO - [2025-07-01T22:29:19.798+0000] {dagbag.py:588} INFO - Filling up the DagBag from /home/airflow/.local/lib/python3.12/site-packages/airflow/example_dags/example_dataset_alias_with_no_taskflow.py
[2025-07-01T22:29:19.948+0000] {processor.py:925} INFO - DAG(s) 'dataset_s3_bucket_consumer_with_no_taskflow', 'dataset_alias_example_alias_producer_with_no_taskflow', 'dataset_alias_example_alias_consumer_with_no_taskflow', 'dataset_s3_bucket_producer_with_no_taskflow' retrieved from /home/airflow/.local/lib/python3.12/site-packages/airflow/example_dags/example_dataset_alias_with_no_taskflow.py
[2025-07-01T22:29:19.967+0000] {logging_mixin.py:190} INFO - [2025-07-01T22:29:19.966+0000] {dag.py:3239} INFO - Sync 4 DAGs
[2025-07-01T22:29:19.988+0000] {logging_mixin.py:190} INFO - [2025-07-01T22:29:19.987+0000] {dag.py:4180} INFO - Setting next_dagrun for dataset_alias_example_alias_consumer_with_no_taskflow to None, run_after=None
[2025-07-01T22:29:19.991+0000] {logging_mixin.py:190} INFO - [2025-07-01T22:29:19.991+0000] {dag.py:4180} INFO - Setting next_dagrun for dataset_alias_example_alias_producer_with_no_taskflow to None, run_after=None
[2025-07-01T22:29:19.993+0000] {logging_mixin.py:190} INFO - [2025-07-01T22:29:19.993+0000] {dag.py:4180} INFO - Setting next_dagrun for dataset_s3_bucket_consumer_with_no_taskflow to None, run_after=None
[2025-07-01T22:29:19.995+0000] {logging_mixin.py:190} INFO - [2025-07-01T22:29:19.995+0000] {dag.py:4180} INFO - Setting next_dagrun for dataset_s3_bucket_producer_with_no_taskflow to None, run_after=None
[2025-07-01T22:29:20.026+0000] {processor.py:208} INFO - Processing /home/airflow/.local/lib/python3.12/site-packages/airflow/example_dags/example_dataset_alias_with_no_taskflow.py took 0.240 seconds
[2025-07-01T22:29:50.533+0000] {processor.py:186} INFO - Started process (PID=9136) to work on /home/airflow/.local/lib/python3.12/site-packages/airflow/example_dags/example_dataset_alias_with_no_taskflow.py
[2025-07-01T22:29:50.534+0000] {processor.py:914} INFO - Processing file /home/airflow/.local/lib/python3.12/site-packages/airflow/example_dags/example_dataset_alias_with_no_taskflow.py for tasks to queue
[2025-07-01T22:29:50.536+0000] {logging_mixin.py:190} INFO - [2025-07-01T22:29:50.536+0000] {dagbag.py:588} INFO - Filling up the DagBag from /home/airflow/.local/lib/python3.12/site-packages/airflow/example_dags/example_dataset_alias_with_no_taskflow.py
[2025-07-01T22:29:50.672+0000] {processor.py:925} INFO - DAG(s) 'dataset_s3_bucket_producer_with_no_taskflow', 'dataset_alias_example_alias_consumer_with_no_taskflow', 'dataset_s3_bucket_consumer_with_no_taskflow', 'dataset_alias_example_alias_producer_with_no_taskflow' retrieved from /home/airflow/.local/lib/python3.12/site-packages/airflow/example_dags/example_dataset_alias_with_no_taskflow.py
[2025-07-01T22:29:50.691+0000] {logging_mixin.py:190} INFO - [2025-07-01T22:29:50.691+0000] {dag.py:3239} INFO - Sync 4 DAGs
[2025-07-01T22:29:50.711+0000] {logging_mixin.py:190} INFO - [2025-07-01T22:29:50.711+0000] {dag.py:4180} INFO - Setting next_dagrun for dataset_alias_example_alias_consumer_with_no_taskflow to None, run_after=None
[2025-07-01T22:29:50.713+0000] {logging_mixin.py:190} INFO - [2025-07-01T22:29:50.713+0000] {dag.py:4180} INFO - Setting next_dagrun for dataset_alias_example_alias_producer_with_no_taskflow to None, run_after=None
[2025-07-01T22:29:50.715+0000] {logging_mixin.py:190} INFO - [2025-07-01T22:29:50.714+0000] {dag.py:4180} INFO - Setting next_dagrun for dataset_s3_bucket_consumer_with_no_taskflow to None, run_after=None
[2025-07-01T22:29:50.715+0000] {logging_mixin.py:190} INFO - [2025-07-01T22:29:50.715+0000] {dag.py:4180} INFO - Setting next_dagrun for dataset_s3_bucket_producer_with_no_taskflow to None, run_after=None
[2025-07-01T22:29:50.740+0000] {processor.py:208} INFO - Processing /home/airflow/.local/lib/python3.12/site-packages/airflow/example_dags/example_dataset_alias_with_no_taskflow.py took 0.214 seconds
[2025-07-01T22:30:21.357+0000] {processor.py:186} INFO - Started process (PID=9200) to work on /home/airflow/.local/lib/python3.12/site-packages/airflow/example_dags/example_dataset_alias_with_no_taskflow.py
[2025-07-01T22:30:21.358+0000] {processor.py:914} INFO - Processing file /home/airflow/.local/lib/python3.12/site-packages/airflow/example_dags/example_dataset_alias_with_no_taskflow.py for tasks to queue
[2025-07-01T22:30:21.360+0000] {logging_mixin.py:190} INFO - [2025-07-01T22:30:21.360+0000] {dagbag.py:588} INFO - Filling up the DagBag from /home/airflow/.local/lib/python3.12/site-packages/airflow/example_dags/example_dataset_alias_with_no_taskflow.py
[2025-07-01T22:30:21.488+0000] {processor.py:925} INFO - DAG(s) 'dataset_s3_bucket_consumer_with_no_taskflow', 'dataset_s3_bucket_producer_with_no_taskflow', 'dataset_alias_example_alias_consumer_with_no_taskflow', 'dataset_alias_example_alias_producer_with_no_taskflow' retrieved from /home/airflow/.local/lib/python3.12/site-packages/airflow/example_dags/example_dataset_alias_with_no_taskflow.py
[2025-07-01T22:30:21.507+0000] {logging_mixin.py:190} INFO - [2025-07-01T22:30:21.507+0000] {dag.py:3239} INFO - Sync 4 DAGs
[2025-07-01T22:30:21.527+0000] {logging_mixin.py:190} INFO - [2025-07-01T22:30:21.527+0000] {dag.py:4180} INFO - Setting next_dagrun for dataset_alias_example_alias_consumer_with_no_taskflow to None, run_after=None
[2025-07-01T22:30:21.529+0000] {logging_mixin.py:190} INFO - [2025-07-01T22:30:21.529+0000] {dag.py:4180} INFO - Setting next_dagrun for dataset_alias_example_alias_producer_with_no_taskflow to None, run_after=None
[2025-07-01T22:30:21.531+0000] {logging_mixin.py:190} INFO - [2025-07-01T22:30:21.530+0000] {dag.py:4180} INFO - Setting next_dagrun for dataset_s3_bucket_consumer_with_no_taskflow to None, run_after=None
[2025-07-01T22:30:21.532+0000] {logging_mixin.py:190} INFO - [2025-07-01T22:30:21.532+0000] {dag.py:4180} INFO - Setting next_dagrun for dataset_s3_bucket_producer_with_no_taskflow to None, run_after=None
[2025-07-01T22:30:21.554+0000] {processor.py:208} INFO - Processing /home/airflow/.local/lib/python3.12/site-packages/airflow/example_dags/example_dataset_alias_with_no_taskflow.py took 0.203 seconds
[2025-07-01T22:30:52.079+0000] {processor.py:186} INFO - Started process (PID=9264) to work on /home/airflow/.local/lib/python3.12/site-packages/airflow/example_dags/example_dataset_alias_with_no_taskflow.py
[2025-07-01T22:30:52.080+0000] {processor.py:914} INFO - Processing file /home/airflow/.local/lib/python3.12/site-packages/airflow/example_dags/example_dataset_alias_with_no_taskflow.py for tasks to queue
[2025-07-01T22:30:52.082+0000] {logging_mixin.py:190} INFO - [2025-07-01T22:30:52.082+0000] {dagbag.py:588} INFO - Filling up the DagBag from /home/airflow/.local/lib/python3.12/site-packages/airflow/example_dags/example_dataset_alias_with_no_taskflow.py
[2025-07-01T22:30:52.232+0000] {processor.py:925} INFO - DAG(s) 'dataset_alias_example_alias_producer_with_no_taskflow', 'dataset_s3_bucket_producer_with_no_taskflow', 'dataset_s3_bucket_consumer_with_no_taskflow', 'dataset_alias_example_alias_consumer_with_no_taskflow' retrieved from /home/airflow/.local/lib/python3.12/site-packages/airflow/example_dags/example_dataset_alias_with_no_taskflow.py
[2025-07-01T22:30:52.253+0000] {logging_mixin.py:190} INFO - [2025-07-01T22:30:52.253+0000] {dag.py:3239} INFO - Sync 4 DAGs
[2025-07-01T22:30:52.281+0000] {logging_mixin.py:190} INFO - [2025-07-01T22:30:52.281+0000] {dag.py:4180} INFO - Setting next_dagrun for dataset_alias_example_alias_consumer_with_no_taskflow to None, run_after=None
[2025-07-01T22:30:52.284+0000] {logging_mixin.py:190} INFO - [2025-07-01T22:30:52.284+0000] {dag.py:4180} INFO - Setting next_dagrun for dataset_alias_example_alias_producer_with_no_taskflow to None, run_after=None
[2025-07-01T22:30:52.286+0000] {logging_mixin.py:190} INFO - [2025-07-01T22:30:52.286+0000] {dag.py:4180} INFO - Setting next_dagrun for dataset_s3_bucket_consumer_with_no_taskflow to None, run_after=None
[2025-07-01T22:30:52.288+0000] {logging_mixin.py:190} INFO - [2025-07-01T22:30:52.287+0000] {dag.py:4180} INFO - Setting next_dagrun for dataset_s3_bucket_producer_with_no_taskflow to None, run_after=None
[2025-07-01T22:30:52.312+0000] {processor.py:208} INFO - Processing /home/airflow/.local/lib/python3.12/site-packages/airflow/example_dags/example_dataset_alias_with_no_taskflow.py took 0.240 seconds
[2025-07-01T22:31:22.773+0000] {processor.py:186} INFO - Started process (PID=9328) to work on /home/airflow/.local/lib/python3.12/site-packages/airflow/example_dags/example_dataset_alias_with_no_taskflow.py
[2025-07-01T22:31:22.774+0000] {processor.py:914} INFO - Processing file /home/airflow/.local/lib/python3.12/site-packages/airflow/example_dags/example_dataset_alias_with_no_taskflow.py for tasks to queue
[2025-07-01T22:31:22.776+0000] {logging_mixin.py:190} INFO - [2025-07-01T22:31:22.776+0000] {dagbag.py:588} INFO - Filling up the DagBag from /home/airflow/.local/lib/python3.12/site-packages/airflow/example_dags/example_dataset_alias_with_no_taskflow.py
[2025-07-01T22:31:22.910+0000] {processor.py:925} INFO - DAG(s) 'dataset_s3_bucket_consumer_with_no_taskflow', 'dataset_s3_bucket_producer_with_no_taskflow', 'dataset_alias_example_alias_producer_with_no_taskflow', 'dataset_alias_example_alias_consumer_with_no_taskflow' retrieved from /home/airflow/.local/lib/python3.12/site-packages/airflow/example_dags/example_dataset_alias_with_no_taskflow.py
[2025-07-01T22:31:22.928+0000] {logging_mixin.py:190} INFO - [2025-07-01T22:31:22.927+0000] {dag.py:3239} INFO - Sync 4 DAGs
[2025-07-01T22:31:22.949+0000] {logging_mixin.py:190} INFO - [2025-07-01T22:31:22.949+0000] {dag.py:4180} INFO - Setting next_dagrun for dataset_alias_example_alias_consumer_with_no_taskflow to None, run_after=None
[2025-07-01T22:31:22.952+0000] {logging_mixin.py:190} INFO - [2025-07-01T22:31:22.951+0000] {dag.py:4180} INFO - Setting next_dagrun for dataset_alias_example_alias_producer_with_no_taskflow to None, run_after=None
[2025-07-01T22:31:22.953+0000] {logging_mixin.py:190} INFO - [2025-07-01T22:31:22.953+0000] {dag.py:4180} INFO - Setting next_dagrun for dataset_s3_bucket_consumer_with_no_taskflow to None, run_after=None
[2025-07-01T22:31:22.954+0000] {logging_mixin.py:190} INFO - [2025-07-01T22:31:22.954+0000] {dag.py:4180} INFO - Setting next_dagrun for dataset_s3_bucket_producer_with_no_taskflow to None, run_after=None
[2025-07-01T22:31:22.977+0000] {processor.py:208} INFO - Processing /home/airflow/.local/lib/python3.12/site-packages/airflow/example_dags/example_dataset_alias_with_no_taskflow.py took 0.212 seconds
[2025-07-01T22:31:53.705+0000] {processor.py:186} INFO - Started process (PID=9392) to work on /home/airflow/.local/lib/python3.12/site-packages/airflow/example_dags/example_dataset_alias_with_no_taskflow.py
[2025-07-01T22:31:53.706+0000] {processor.py:914} INFO - Processing file /home/airflow/.local/lib/python3.12/site-packages/airflow/example_dags/example_dataset_alias_with_no_taskflow.py for tasks to queue
[2025-07-01T22:31:53.709+0000] {logging_mixin.py:190} INFO - [2025-07-01T22:31:53.709+0000] {dagbag.py:588} INFO - Filling up the DagBag from /home/airflow/.local/lib/python3.12/site-packages/airflow/example_dags/example_dataset_alias_with_no_taskflow.py
[2025-07-01T22:31:53.847+0000] {processor.py:925} INFO - DAG(s) 'dataset_s3_bucket_producer_with_no_taskflow', 'dataset_alias_example_alias_producer_with_no_taskflow', 'dataset_s3_bucket_consumer_with_no_taskflow', 'dataset_alias_example_alias_consumer_with_no_taskflow' retrieved from /home/airflow/.local/lib/python3.12/site-packages/airflow/example_dags/example_dataset_alias_with_no_taskflow.py
[2025-07-01T22:31:53.871+0000] {logging_mixin.py:190} INFO - [2025-07-01T22:31:53.871+0000] {dag.py:3239} INFO - Sync 4 DAGs
[2025-07-01T22:31:53.891+0000] {logging_mixin.py:190} INFO - [2025-07-01T22:31:53.891+0000] {dag.py:4180} INFO - Setting next_dagrun for dataset_alias_example_alias_consumer_with_no_taskflow to None, run_after=None
[2025-07-01T22:31:53.893+0000] {logging_mixin.py:190} INFO - [2025-07-01T22:31:53.893+0000] {dag.py:4180} INFO - Setting next_dagrun for dataset_alias_example_alias_producer_with_no_taskflow to None, run_after=None
[2025-07-01T22:31:53.894+0000] {logging_mixin.py:190} INFO - [2025-07-01T22:31:53.894+0000] {dag.py:4180} INFO - Setting next_dagrun for dataset_s3_bucket_consumer_with_no_taskflow to None, run_after=None
[2025-07-01T22:31:53.896+0000] {logging_mixin.py:190} INFO - [2025-07-01T22:31:53.895+0000] {dag.py:4180} INFO - Setting next_dagrun for dataset_s3_bucket_producer_with_no_taskflow to None, run_after=None
[2025-07-01T22:31:53.923+0000] {processor.py:208} INFO - Processing /home/airflow/.local/lib/python3.12/site-packages/airflow/example_dags/example_dataset_alias_with_no_taskflow.py took 0.225 seconds
[2025-07-01T22:32:24.863+0000] {processor.py:186} INFO - Started process (PID=9474) to work on /home/airflow/.local/lib/python3.12/site-packages/airflow/example_dags/example_dataset_alias_with_no_taskflow.py
[2025-07-01T22:32:24.864+0000] {processor.py:914} INFO - Processing file /home/airflow/.local/lib/python3.12/site-packages/airflow/example_dags/example_dataset_alias_with_no_taskflow.py for tasks to queue
[2025-07-01T22:32:24.867+0000] {logging_mixin.py:190} INFO - [2025-07-01T22:32:24.866+0000] {dagbag.py:588} INFO - Filling up the DagBag from /home/airflow/.local/lib/python3.12/site-packages/airflow/example_dags/example_dataset_alias_with_no_taskflow.py
[2025-07-01T22:32:25.006+0000] {processor.py:925} INFO - DAG(s) 'dataset_s3_bucket_producer_with_no_taskflow', 'dataset_s3_bucket_consumer_with_no_taskflow', 'dataset_alias_example_alias_producer_with_no_taskflow', 'dataset_alias_example_alias_consumer_with_no_taskflow' retrieved from /home/airflow/.local/lib/python3.12/site-packages/airflow/example_dags/example_dataset_alias_with_no_taskflow.py
[2025-07-01T22:32:25.023+0000] {logging_mixin.py:190} INFO - [2025-07-01T22:32:25.023+0000] {dag.py:3239} INFO - Sync 4 DAGs
[2025-07-01T22:32:25.044+0000] {logging_mixin.py:190} INFO - [2025-07-01T22:32:25.044+0000] {dag.py:4180} INFO - Setting next_dagrun for dataset_alias_example_alias_consumer_with_no_taskflow to None, run_after=None
[2025-07-01T22:32:25.047+0000] {logging_mixin.py:190} INFO - [2025-07-01T22:32:25.047+0000] {dag.py:4180} INFO - Setting next_dagrun for dataset_alias_example_alias_producer_with_no_taskflow to None, run_after=None
[2025-07-01T22:32:25.049+0000] {logging_mixin.py:190} INFO - [2025-07-01T22:32:25.048+0000] {dag.py:4180} INFO - Setting next_dagrun for dataset_s3_bucket_consumer_with_no_taskflow to None, run_after=None
[2025-07-01T22:32:25.050+0000] {logging_mixin.py:190} INFO - [2025-07-01T22:32:25.050+0000] {dag.py:4180} INFO - Setting next_dagrun for dataset_s3_bucket_producer_with_no_taskflow to None, run_after=None
[2025-07-01T22:32:25.073+0000] {processor.py:208} INFO - Processing /home/airflow/.local/lib/python3.12/site-packages/airflow/example_dags/example_dataset_alias_with_no_taskflow.py took 0.217 seconds
[2025-07-01T22:32:58.715+0000] {processor.py:186} INFO - Started process (PID=62) to work on /home/airflow/.local/lib/python3.12/site-packages/airflow/example_dags/example_dataset_alias_with_no_taskflow.py
[2025-07-01T22:32:58.716+0000] {processor.py:914} INFO - Processing file /home/airflow/.local/lib/python3.12/site-packages/airflow/example_dags/example_dataset_alias_with_no_taskflow.py for tasks to queue
[2025-07-01T22:32:58.718+0000] {logging_mixin.py:190} INFO - [2025-07-01T22:32:58.718+0000] {dagbag.py:588} INFO - Filling up the DagBag from /home/airflow/.local/lib/python3.12/site-packages/airflow/example_dags/example_dataset_alias_with_no_taskflow.py
[2025-07-01T22:32:58.865+0000] {processor.py:925} INFO - DAG(s) 'dataset_s3_bucket_producer_with_no_taskflow', 'dataset_alias_example_alias_consumer_with_no_taskflow', 'dataset_alias_example_alias_producer_with_no_taskflow', 'dataset_s3_bucket_consumer_with_no_taskflow' retrieved from /home/airflow/.local/lib/python3.12/site-packages/airflow/example_dags/example_dataset_alias_with_no_taskflow.py
[2025-07-01T22:32:58.887+0000] {logging_mixin.py:190} INFO - [2025-07-01T22:32:58.887+0000] {dag.py:3239} INFO - Sync 4 DAGs
[2025-07-01T22:32:58.908+0000] {logging_mixin.py:190} INFO - [2025-07-01T22:32:58.907+0000] {dag.py:4180} INFO - Setting next_dagrun for dataset_alias_example_alias_consumer_with_no_taskflow to None, run_after=None
[2025-07-01T22:32:58.911+0000] {logging_mixin.py:190} INFO - [2025-07-01T22:32:58.910+0000] {dag.py:4180} INFO - Setting next_dagrun for dataset_alias_example_alias_producer_with_no_taskflow to None, run_after=None
[2025-07-01T22:32:58.913+0000] {logging_mixin.py:190} INFO - [2025-07-01T22:32:58.913+0000] {dag.py:4180} INFO - Setting next_dagrun for dataset_s3_bucket_consumer_with_no_taskflow to None, run_after=None
[2025-07-01T22:32:58.915+0000] {logging_mixin.py:190} INFO - [2025-07-01T22:32:58.915+0000] {dag.py:4180} INFO - Setting next_dagrun for dataset_s3_bucket_producer_with_no_taskflow to None, run_after=None
[2025-07-01T22:32:58.942+0000] {processor.py:208} INFO - Processing /home/airflow/.local/lib/python3.12/site-packages/airflow/example_dags/example_dataset_alias_with_no_taskflow.py took 0.232 seconds
[2025-07-01T22:33:16.029+0000] {processor.py:186} INFO - Started process (PID=56) to work on /home/airflow/.local/lib/python3.12/site-packages/airflow/example_dags/example_dataset_alias_with_no_taskflow.py
[2025-07-01T22:33:16.030+0000] {processor.py:914} INFO - Processing file /home/airflow/.local/lib/python3.12/site-packages/airflow/example_dags/example_dataset_alias_with_no_taskflow.py for tasks to queue
[2025-07-01T22:33:16.032+0000] {logging_mixin.py:190} INFO - [2025-07-01T22:33:16.032+0000] {dagbag.py:588} INFO - Filling up the DagBag from /home/airflow/.local/lib/python3.12/site-packages/airflow/example_dags/example_dataset_alias_with_no_taskflow.py
[2025-07-01T22:33:16.190+0000] {processor.py:925} INFO - DAG(s) 'dataset_s3_bucket_producer_with_no_taskflow', 'dataset_s3_bucket_consumer_with_no_taskflow', 'dataset_alias_example_alias_producer_with_no_taskflow', 'dataset_alias_example_alias_consumer_with_no_taskflow' retrieved from /home/airflow/.local/lib/python3.12/site-packages/airflow/example_dags/example_dataset_alias_with_no_taskflow.py
[2025-07-01T22:33:16.217+0000] {logging_mixin.py:190} INFO - [2025-07-01T22:33:16.217+0000] {dag.py:3239} INFO - Sync 4 DAGs
[2025-07-01T22:33:16.244+0000] {logging_mixin.py:190} INFO - [2025-07-01T22:33:16.244+0000] {dag.py:4180} INFO - Setting next_dagrun for dataset_alias_example_alias_consumer_with_no_taskflow to None, run_after=None
[2025-07-01T22:33:16.249+0000] {logging_mixin.py:190} INFO - [2025-07-01T22:33:16.248+0000] {dag.py:4180} INFO - Setting next_dagrun for dataset_alias_example_alias_producer_with_no_taskflow to None, run_after=None
[2025-07-01T22:33:16.251+0000] {logging_mixin.py:190} INFO - [2025-07-01T22:33:16.251+0000] {dag.py:4180} INFO - Setting next_dagrun for dataset_s3_bucket_consumer_with_no_taskflow to None, run_after=None
[2025-07-01T22:33:16.254+0000] {logging_mixin.py:190} INFO - [2025-07-01T22:33:16.253+0000] {dag.py:4180} INFO - Setting next_dagrun for dataset_s3_bucket_producer_with_no_taskflow to None, run_after=None
[2025-07-01T22:33:16.287+0000] {processor.py:208} INFO - Processing /home/airflow/.local/lib/python3.12/site-packages/airflow/example_dags/example_dataset_alias_with_no_taskflow.py took 0.263 seconds
[2025-07-01T22:33:46.429+0000] {processor.py:186} INFO - Started process (PID=121) to work on /home/airflow/.local/lib/python3.12/site-packages/airflow/example_dags/example_dataset_alias_with_no_taskflow.py
[2025-07-01T22:33:46.431+0000] {processor.py:914} INFO - Processing file /home/airflow/.local/lib/python3.12/site-packages/airflow/example_dags/example_dataset_alias_with_no_taskflow.py for tasks to queue
[2025-07-01T22:33:46.433+0000] {logging_mixin.py:190} INFO - [2025-07-01T22:33:46.433+0000] {dagbag.py:588} INFO - Filling up the DagBag from /home/airflow/.local/lib/python3.12/site-packages/airflow/example_dags/example_dataset_alias_with_no_taskflow.py
[2025-07-01T22:33:46.565+0000] {processor.py:925} INFO - DAG(s) 'dataset_s3_bucket_producer_with_no_taskflow', 'dataset_alias_example_alias_consumer_with_no_taskflow', 'dataset_alias_example_alias_producer_with_no_taskflow', 'dataset_s3_bucket_consumer_with_no_taskflow' retrieved from /home/airflow/.local/lib/python3.12/site-packages/airflow/example_dags/example_dataset_alias_with_no_taskflow.py
[2025-07-01T22:33:46.584+0000] {logging_mixin.py:190} INFO - [2025-07-01T22:33:46.584+0000] {dag.py:3239} INFO - Sync 4 DAGs
[2025-07-01T22:33:46.607+0000] {logging_mixin.py:190} INFO - [2025-07-01T22:33:46.607+0000] {dag.py:4180} INFO - Setting next_dagrun for dataset_alias_example_alias_consumer_with_no_taskflow to None, run_after=None
[2025-07-01T22:33:46.610+0000] {logging_mixin.py:190} INFO - [2025-07-01T22:33:46.610+0000] {dag.py:4180} INFO - Setting next_dagrun for dataset_alias_example_alias_producer_with_no_taskflow to None, run_after=None
[2025-07-01T22:33:46.612+0000] {logging_mixin.py:190} INFO - [2025-07-01T22:33:46.612+0000] {dag.py:4180} INFO - Setting next_dagrun for dataset_s3_bucket_consumer_with_no_taskflow to None, run_after=None
[2025-07-01T22:33:46.614+0000] {logging_mixin.py:190} INFO - [2025-07-01T22:33:46.613+0000] {dag.py:4180} INFO - Setting next_dagrun for dataset_s3_bucket_producer_with_no_taskflow to None, run_after=None
[2025-07-01T22:33:46.643+0000] {processor.py:208} INFO - Processing /home/airflow/.local/lib/python3.12/site-packages/airflow/example_dags/example_dataset_alias_with_no_taskflow.py took 0.219 seconds
[2025-07-01T22:34:16.976+0000] {processor.py:186} INFO - Started process (PID=192) to work on /home/airflow/.local/lib/python3.12/site-packages/airflow/example_dags/example_dataset_alias_with_no_taskflow.py
[2025-07-01T22:34:16.977+0000] {processor.py:914} INFO - Processing file /home/airflow/.local/lib/python3.12/site-packages/airflow/example_dags/example_dataset_alias_with_no_taskflow.py for tasks to queue
[2025-07-01T22:34:16.979+0000] {logging_mixin.py:190} INFO - [2025-07-01T22:34:16.979+0000] {dagbag.py:588} INFO - Filling up the DagBag from /home/airflow/.local/lib/python3.12/site-packages/airflow/example_dags/example_dataset_alias_with_no_taskflow.py
[2025-07-01T22:34:17.109+0000] {processor.py:925} INFO - DAG(s) 'dataset_alias_example_alias_consumer_with_no_taskflow', 'dataset_s3_bucket_consumer_with_no_taskflow', 'dataset_alias_example_alias_producer_with_no_taskflow', 'dataset_s3_bucket_producer_with_no_taskflow' retrieved from /home/airflow/.local/lib/python3.12/site-packages/airflow/example_dags/example_dataset_alias_with_no_taskflow.py
[2025-07-01T22:34:17.126+0000] {logging_mixin.py:190} INFO - [2025-07-01T22:34:17.126+0000] {dag.py:3239} INFO - Sync 4 DAGs
[2025-07-01T22:34:17.145+0000] {logging_mixin.py:190} INFO - [2025-07-01T22:34:17.145+0000] {dag.py:4180} INFO - Setting next_dagrun for dataset_alias_example_alias_consumer_with_no_taskflow to None, run_after=None
[2025-07-01T22:34:17.148+0000] {logging_mixin.py:190} INFO - [2025-07-01T22:34:17.148+0000] {dag.py:4180} INFO - Setting next_dagrun for dataset_alias_example_alias_producer_with_no_taskflow to None, run_after=None
[2025-07-01T22:34:17.149+0000] {logging_mixin.py:190} INFO - [2025-07-01T22:34:17.149+0000] {dag.py:4180} INFO - Setting next_dagrun for dataset_s3_bucket_consumer_with_no_taskflow to None, run_after=None
[2025-07-01T22:34:17.150+0000] {logging_mixin.py:190} INFO - [2025-07-01T22:34:17.150+0000] {dag.py:4180} INFO - Setting next_dagrun for dataset_s3_bucket_producer_with_no_taskflow to None, run_after=None
[2025-07-01T22:34:17.172+0000] {processor.py:208} INFO - Processing /home/airflow/.local/lib/python3.12/site-packages/airflow/example_dags/example_dataset_alias_with_no_taskflow.py took 0.202 seconds
[2025-07-01T22:34:47.919+0000] {processor.py:186} INFO - Started process (PID=262) to work on /home/airflow/.local/lib/python3.12/site-packages/airflow/example_dags/example_dataset_alias_with_no_taskflow.py
[2025-07-01T22:34:47.919+0000] {processor.py:914} INFO - Processing file /home/airflow/.local/lib/python3.12/site-packages/airflow/example_dags/example_dataset_alias_with_no_taskflow.py for tasks to queue
[2025-07-01T22:34:47.922+0000] {logging_mixin.py:190} INFO - [2025-07-01T22:34:47.921+0000] {dagbag.py:588} INFO - Filling up the DagBag from /home/airflow/.local/lib/python3.12/site-packages/airflow/example_dags/example_dataset_alias_with_no_taskflow.py
[2025-07-01T22:34:48.048+0000] {processor.py:925} INFO - DAG(s) 'dataset_s3_bucket_consumer_with_no_taskflow', 'dataset_s3_bucket_producer_with_no_taskflow', 'dataset_alias_example_alias_consumer_with_no_taskflow', 'dataset_alias_example_alias_producer_with_no_taskflow' retrieved from /home/airflow/.local/lib/python3.12/site-packages/airflow/example_dags/example_dataset_alias_with_no_taskflow.py
[2025-07-01T22:34:48.068+0000] {logging_mixin.py:190} INFO - [2025-07-01T22:34:48.068+0000] {dag.py:3239} INFO - Sync 4 DAGs
[2025-07-01T22:34:48.088+0000] {logging_mixin.py:190} INFO - [2025-07-01T22:34:48.088+0000] {dag.py:4180} INFO - Setting next_dagrun for dataset_alias_example_alias_consumer_with_no_taskflow to None, run_after=None
[2025-07-01T22:34:48.090+0000] {logging_mixin.py:190} INFO - [2025-07-01T22:34:48.090+0000] {dag.py:4180} INFO - Setting next_dagrun for dataset_alias_example_alias_producer_with_no_taskflow to None, run_after=None
[2025-07-01T22:34:48.091+0000] {logging_mixin.py:190} INFO - [2025-07-01T22:34:48.091+0000] {dag.py:4180} INFO - Setting next_dagrun for dataset_s3_bucket_consumer_with_no_taskflow to None, run_after=None
[2025-07-01T22:34:48.092+0000] {logging_mixin.py:190} INFO - [2025-07-01T22:34:48.092+0000] {dag.py:4180} INFO - Setting next_dagrun for dataset_s3_bucket_producer_with_no_taskflow to None, run_after=None
[2025-07-01T22:34:48.114+0000] {processor.py:208} INFO - Processing /home/airflow/.local/lib/python3.12/site-packages/airflow/example_dags/example_dataset_alias_with_no_taskflow.py took 0.201 seconds
[2025-07-01T22:35:18.810+0000] {processor.py:186} INFO - Started process (PID=326) to work on /home/airflow/.local/lib/python3.12/site-packages/airflow/example_dags/example_dataset_alias_with_no_taskflow.py
[2025-07-01T22:35:18.811+0000] {processor.py:914} INFO - Processing file /home/airflow/.local/lib/python3.12/site-packages/airflow/example_dags/example_dataset_alias_with_no_taskflow.py for tasks to queue
[2025-07-01T22:35:18.813+0000] {logging_mixin.py:190} INFO - [2025-07-01T22:35:18.813+0000] {dagbag.py:588} INFO - Filling up the DagBag from /home/airflow/.local/lib/python3.12/site-packages/airflow/example_dags/example_dataset_alias_with_no_taskflow.py
[2025-07-01T22:35:18.937+0000] {processor.py:925} INFO - DAG(s) 'dataset_alias_example_alias_producer_with_no_taskflow', 'dataset_s3_bucket_producer_with_no_taskflow', 'dataset_alias_example_alias_consumer_with_no_taskflow', 'dataset_s3_bucket_consumer_with_no_taskflow' retrieved from /home/airflow/.local/lib/python3.12/site-packages/airflow/example_dags/example_dataset_alias_with_no_taskflow.py
[2025-07-01T22:35:18.954+0000] {logging_mixin.py:190} INFO - [2025-07-01T22:35:18.954+0000] {dag.py:3239} INFO - Sync 4 DAGs
[2025-07-01T22:35:18.973+0000] {logging_mixin.py:190} INFO - [2025-07-01T22:35:18.973+0000] {dag.py:4180} INFO - Setting next_dagrun for dataset_alias_example_alias_consumer_with_no_taskflow to None, run_after=None
[2025-07-01T22:35:18.976+0000] {logging_mixin.py:190} INFO - [2025-07-01T22:35:18.975+0000] {dag.py:4180} INFO - Setting next_dagrun for dataset_alias_example_alias_producer_with_no_taskflow to None, run_after=None
[2025-07-01T22:35:18.977+0000] {logging_mixin.py:190} INFO - [2025-07-01T22:35:18.976+0000] {dag.py:4180} INFO - Setting next_dagrun for dataset_s3_bucket_consumer_with_no_taskflow to None, run_after=None
[2025-07-01T22:35:18.977+0000] {logging_mixin.py:190} INFO - [2025-07-01T22:35:18.977+0000] {dag.py:4180} INFO - Setting next_dagrun for dataset_s3_bucket_producer_with_no_taskflow to None, run_after=None
[2025-07-01T22:35:18.998+0000] {processor.py:208} INFO - Processing /home/airflow/.local/lib/python3.12/site-packages/airflow/example_dags/example_dataset_alias_with_no_taskflow.py took 0.194 seconds
[2025-07-01T22:35:49.964+0000] {processor.py:186} INFO - Started process (PID=398) to work on /home/airflow/.local/lib/python3.12/site-packages/airflow/example_dags/example_dataset_alias_with_no_taskflow.py
[2025-07-01T22:35:49.965+0000] {processor.py:914} INFO - Processing file /home/airflow/.local/lib/python3.12/site-packages/airflow/example_dags/example_dataset_alias_with_no_taskflow.py for tasks to queue
[2025-07-01T22:35:49.967+0000] {logging_mixin.py:190} INFO - [2025-07-01T22:35:49.967+0000] {dagbag.py:588} INFO - Filling up the DagBag from /home/airflow/.local/lib/python3.12/site-packages/airflow/example_dags/example_dataset_alias_with_no_taskflow.py
[2025-07-01T22:35:50.087+0000] {processor.py:925} INFO - DAG(s) 'dataset_alias_example_alias_producer_with_no_taskflow', 'dataset_alias_example_alias_consumer_with_no_taskflow', 'dataset_s3_bucket_producer_with_no_taskflow', 'dataset_s3_bucket_consumer_with_no_taskflow' retrieved from /home/airflow/.local/lib/python3.12/site-packages/airflow/example_dags/example_dataset_alias_with_no_taskflow.py
[2025-07-01T22:35:50.103+0000] {logging_mixin.py:190} INFO - [2025-07-01T22:35:50.103+0000] {dag.py:3239} INFO - Sync 4 DAGs
[2025-07-01T22:35:50.121+0000] {logging_mixin.py:190} INFO - [2025-07-01T22:35:50.121+0000] {dag.py:4180} INFO - Setting next_dagrun for dataset_alias_example_alias_consumer_with_no_taskflow to None, run_after=None
[2025-07-01T22:35:50.124+0000] {logging_mixin.py:190} INFO - [2025-07-01T22:35:50.123+0000] {dag.py:4180} INFO - Setting next_dagrun for dataset_alias_example_alias_producer_with_no_taskflow to None, run_after=None
[2025-07-01T22:35:50.125+0000] {logging_mixin.py:190} INFO - [2025-07-01T22:35:50.125+0000] {dag.py:4180} INFO - Setting next_dagrun for dataset_s3_bucket_consumer_with_no_taskflow to None, run_after=None
[2025-07-01T22:35:50.126+0000] {logging_mixin.py:190} INFO - [2025-07-01T22:35:50.125+0000] {dag.py:4180} INFO - Setting next_dagrun for dataset_s3_bucket_producer_with_no_taskflow to None, run_after=None
[2025-07-01T22:35:50.144+0000] {processor.py:208} INFO - Processing /home/airflow/.local/lib/python3.12/site-packages/airflow/example_dags/example_dataset_alias_with_no_taskflow.py took 0.186 seconds
[2025-07-01T22:36:20.896+0000] {processor.py:186} INFO - Started process (PID=462) to work on /home/airflow/.local/lib/python3.12/site-packages/airflow/example_dags/example_dataset_alias_with_no_taskflow.py
[2025-07-01T22:36:20.897+0000] {processor.py:914} INFO - Processing file /home/airflow/.local/lib/python3.12/site-packages/airflow/example_dags/example_dataset_alias_with_no_taskflow.py for tasks to queue
[2025-07-01T22:36:20.899+0000] {logging_mixin.py:190} INFO - [2025-07-01T22:36:20.899+0000] {dagbag.py:588} INFO - Filling up the DagBag from /home/airflow/.local/lib/python3.12/site-packages/airflow/example_dags/example_dataset_alias_with_no_taskflow.py
[2025-07-01T22:36:21.025+0000] {processor.py:925} INFO - DAG(s) 'dataset_alias_example_alias_producer_with_no_taskflow', 'dataset_alias_example_alias_consumer_with_no_taskflow', 'dataset_s3_bucket_consumer_with_no_taskflow', 'dataset_s3_bucket_producer_with_no_taskflow' retrieved from /home/airflow/.local/lib/python3.12/site-packages/airflow/example_dags/example_dataset_alias_with_no_taskflow.py
[2025-07-01T22:36:21.044+0000] {logging_mixin.py:190} INFO - [2025-07-01T22:36:21.044+0000] {dag.py:3239} INFO - Sync 4 DAGs
[2025-07-01T22:36:21.061+0000] {logging_mixin.py:190} INFO - [2025-07-01T22:36:21.061+0000] {dag.py:4180} INFO - Setting next_dagrun for dataset_alias_example_alias_consumer_with_no_taskflow to None, run_after=None
[2025-07-01T22:36:21.063+0000] {logging_mixin.py:190} INFO - [2025-07-01T22:36:21.063+0000] {dag.py:4180} INFO - Setting next_dagrun for dataset_alias_example_alias_producer_with_no_taskflow to None, run_after=None
[2025-07-01T22:36:21.065+0000] {logging_mixin.py:190} INFO - [2025-07-01T22:36:21.064+0000] {dag.py:4180} INFO - Setting next_dagrun for dataset_s3_bucket_consumer_with_no_taskflow to None, run_after=None
[2025-07-01T22:36:21.066+0000] {logging_mixin.py:190} INFO - [2025-07-01T22:36:21.065+0000] {dag.py:4180} INFO - Setting next_dagrun for dataset_s3_bucket_producer_with_no_taskflow to None, run_after=None
[2025-07-01T22:36:21.085+0000] {processor.py:208} INFO - Processing /home/airflow/.local/lib/python3.12/site-packages/airflow/example_dags/example_dataset_alias_with_no_taskflow.py took 0.194 seconds
[2025-07-01T22:36:51.645+0000] {processor.py:186} INFO - Started process (PID=526) to work on /home/airflow/.local/lib/python3.12/site-packages/airflow/example_dags/example_dataset_alias_with_no_taskflow.py
[2025-07-01T22:36:51.646+0000] {processor.py:914} INFO - Processing file /home/airflow/.local/lib/python3.12/site-packages/airflow/example_dags/example_dataset_alias_with_no_taskflow.py for tasks to queue
[2025-07-01T22:36:51.649+0000] {logging_mixin.py:190} INFO - [2025-07-01T22:36:51.648+0000] {dagbag.py:588} INFO - Filling up the DagBag from /home/airflow/.local/lib/python3.12/site-packages/airflow/example_dags/example_dataset_alias_with_no_taskflow.py
[2025-07-01T22:36:51.806+0000] {processor.py:925} INFO - DAG(s) 'dataset_alias_example_alias_consumer_with_no_taskflow', 'dataset_alias_example_alias_producer_with_no_taskflow', 'dataset_s3_bucket_consumer_with_no_taskflow', 'dataset_s3_bucket_producer_with_no_taskflow' retrieved from /home/airflow/.local/lib/python3.12/site-packages/airflow/example_dags/example_dataset_alias_with_no_taskflow.py
[2025-07-01T22:36:51.832+0000] {logging_mixin.py:190} INFO - [2025-07-01T22:36:51.832+0000] {dag.py:3239} INFO - Sync 4 DAGs
[2025-07-01T22:36:51.857+0000] {logging_mixin.py:190} INFO - [2025-07-01T22:36:51.857+0000] {dag.py:4180} INFO - Setting next_dagrun for dataset_alias_example_alias_consumer_with_no_taskflow to None, run_after=None
[2025-07-01T22:36:51.860+0000] {logging_mixin.py:190} INFO - [2025-07-01T22:36:51.859+0000] {dag.py:4180} INFO - Setting next_dagrun for dataset_alias_example_alias_producer_with_no_taskflow to None, run_after=None
[2025-07-01T22:36:51.861+0000] {logging_mixin.py:190} INFO - [2025-07-01T22:36:51.861+0000] {dag.py:4180} INFO - Setting next_dagrun for dataset_s3_bucket_consumer_with_no_taskflow to None, run_after=None
[2025-07-01T22:36:51.863+0000] {logging_mixin.py:190} INFO - [2025-07-01T22:36:51.863+0000] {dag.py:4180} INFO - Setting next_dagrun for dataset_s3_bucket_producer_with_no_taskflow to None, run_after=None
[2025-07-01T22:36:51.885+0000] {processor.py:208} INFO - Processing /home/airflow/.local/lib/python3.12/site-packages/airflow/example_dags/example_dataset_alias_with_no_taskflow.py took 0.246 seconds
[2025-07-01T22:37:22.649+0000] {processor.py:186} INFO - Started process (PID=590) to work on /home/airflow/.local/lib/python3.12/site-packages/airflow/example_dags/example_dataset_alias_with_no_taskflow.py
[2025-07-01T22:37:22.650+0000] {processor.py:914} INFO - Processing file /home/airflow/.local/lib/python3.12/site-packages/airflow/example_dags/example_dataset_alias_with_no_taskflow.py for tasks to queue
[2025-07-01T22:37:22.652+0000] {logging_mixin.py:190} INFO - [2025-07-01T22:37:22.652+0000] {dagbag.py:588} INFO - Filling up the DagBag from /home/airflow/.local/lib/python3.12/site-packages/airflow/example_dags/example_dataset_alias_with_no_taskflow.py
[2025-07-01T22:37:22.797+0000] {processor.py:925} INFO - DAG(s) 'dataset_s3_bucket_producer_with_no_taskflow', 'dataset_s3_bucket_consumer_with_no_taskflow', 'dataset_alias_example_alias_producer_with_no_taskflow', 'dataset_alias_example_alias_consumer_with_no_taskflow' retrieved from /home/airflow/.local/lib/python3.12/site-packages/airflow/example_dags/example_dataset_alias_with_no_taskflow.py
[2025-07-01T22:37:22.827+0000] {logging_mixin.py:190} INFO - [2025-07-01T22:37:22.827+0000] {dag.py:3239} INFO - Sync 4 DAGs
[2025-07-01T22:37:22.853+0000] {logging_mixin.py:190} INFO - [2025-07-01T22:37:22.853+0000] {dag.py:4180} INFO - Setting next_dagrun for dataset_alias_example_alias_consumer_with_no_taskflow to None, run_after=None
[2025-07-01T22:37:22.858+0000] {logging_mixin.py:190} INFO - [2025-07-01T22:37:22.857+0000] {dag.py:4180} INFO - Setting next_dagrun for dataset_alias_example_alias_producer_with_no_taskflow to None, run_after=None
[2025-07-01T22:37:22.861+0000] {logging_mixin.py:190} INFO - [2025-07-01T22:37:22.860+0000] {dag.py:4180} INFO - Setting next_dagrun for dataset_s3_bucket_consumer_with_no_taskflow to None, run_after=None
[2025-07-01T22:37:22.863+0000] {logging_mixin.py:190} INFO - [2025-07-01T22:37:22.863+0000] {dag.py:4180} INFO - Setting next_dagrun for dataset_s3_bucket_producer_with_no_taskflow to None, run_after=None
[2025-07-01T22:37:22.893+0000] {processor.py:208} INFO - Processing /home/airflow/.local/lib/python3.12/site-packages/airflow/example_dags/example_dataset_alias_with_no_taskflow.py took 0.249 seconds
[2025-07-01T22:37:53.663+0000] {processor.py:186} INFO - Started process (PID=654) to work on /home/airflow/.local/lib/python3.12/site-packages/airflow/example_dags/example_dataset_alias_with_no_taskflow.py
[2025-07-01T22:37:53.664+0000] {processor.py:914} INFO - Processing file /home/airflow/.local/lib/python3.12/site-packages/airflow/example_dags/example_dataset_alias_with_no_taskflow.py for tasks to queue
[2025-07-01T22:37:53.667+0000] {logging_mixin.py:190} INFO - [2025-07-01T22:37:53.667+0000] {dagbag.py:588} INFO - Filling up the DagBag from /home/airflow/.local/lib/python3.12/site-packages/airflow/example_dags/example_dataset_alias_with_no_taskflow.py
[2025-07-01T22:37:53.822+0000] {processor.py:925} INFO - DAG(s) 'dataset_s3_bucket_producer_with_no_taskflow', 'dataset_alias_example_alias_consumer_with_no_taskflow', 'dataset_s3_bucket_consumer_with_no_taskflow', 'dataset_alias_example_alias_producer_with_no_taskflow' retrieved from /home/airflow/.local/lib/python3.12/site-packages/airflow/example_dags/example_dataset_alias_with_no_taskflow.py
[2025-07-01T22:37:53.843+0000] {logging_mixin.py:190} INFO - [2025-07-01T22:37:53.842+0000] {dag.py:3239} INFO - Sync 4 DAGs
[2025-07-01T22:37:53.869+0000] {logging_mixin.py:190} INFO - [2025-07-01T22:37:53.869+0000] {dag.py:4180} INFO - Setting next_dagrun for dataset_alias_example_alias_consumer_with_no_taskflow to None, run_after=None
[2025-07-01T22:37:53.872+0000] {logging_mixin.py:190} INFO - [2025-07-01T22:37:53.872+0000] {dag.py:4180} INFO - Setting next_dagrun for dataset_alias_example_alias_producer_with_no_taskflow to None, run_after=None
[2025-07-01T22:37:53.874+0000] {logging_mixin.py:190} INFO - [2025-07-01T22:37:53.874+0000] {dag.py:4180} INFO - Setting next_dagrun for dataset_s3_bucket_consumer_with_no_taskflow to None, run_after=None
[2025-07-01T22:37:53.877+0000] {logging_mixin.py:190} INFO - [2025-07-01T22:37:53.876+0000] {dag.py:4180} INFO - Setting next_dagrun for dataset_s3_bucket_producer_with_no_taskflow to None, run_after=None
[2025-07-01T22:37:53.904+0000] {processor.py:208} INFO - Processing /home/airflow/.local/lib/python3.12/site-packages/airflow/example_dags/example_dataset_alias_with_no_taskflow.py took 0.247 seconds
[2025-07-01T22:38:23.970+0000] {processor.py:186} INFO - Started process (PID=719) to work on /home/airflow/.local/lib/python3.12/site-packages/airflow/example_dags/example_dataset_alias_with_no_taskflow.py
[2025-07-01T22:38:23.971+0000] {processor.py:914} INFO - Processing file /home/airflow/.local/lib/python3.12/site-packages/airflow/example_dags/example_dataset_alias_with_no_taskflow.py for tasks to queue
[2025-07-01T22:38:23.974+0000] {logging_mixin.py:190} INFO - [2025-07-01T22:38:23.974+0000] {dagbag.py:588} INFO - Filling up the DagBag from /home/airflow/.local/lib/python3.12/site-packages/airflow/example_dags/example_dataset_alias_with_no_taskflow.py
[2025-07-01T22:38:24.122+0000] {processor.py:925} INFO - DAG(s) 'dataset_s3_bucket_consumer_with_no_taskflow', 'dataset_alias_example_alias_producer_with_no_taskflow', 'dataset_alias_example_alias_consumer_with_no_taskflow', 'dataset_s3_bucket_producer_with_no_taskflow' retrieved from /home/airflow/.local/lib/python3.12/site-packages/airflow/example_dags/example_dataset_alias_with_no_taskflow.py
[2025-07-01T22:38:24.141+0000] {logging_mixin.py:190} INFO - [2025-07-01T22:38:24.141+0000] {dag.py:3239} INFO - Sync 4 DAGs
[2025-07-01T22:38:24.162+0000] {logging_mixin.py:190} INFO - [2025-07-01T22:38:24.162+0000] {dag.py:4180} INFO - Setting next_dagrun for dataset_alias_example_alias_consumer_with_no_taskflow to None, run_after=None
[2025-07-01T22:38:24.165+0000] {logging_mixin.py:190} INFO - [2025-07-01T22:38:24.165+0000] {dag.py:4180} INFO - Setting next_dagrun for dataset_alias_example_alias_producer_with_no_taskflow to None, run_after=None
[2025-07-01T22:38:24.166+0000] {logging_mixin.py:190} INFO - [2025-07-01T22:38:24.166+0000] {dag.py:4180} INFO - Setting next_dagrun for dataset_s3_bucket_consumer_with_no_taskflow to None, run_after=None
[2025-07-01T22:38:24.167+0000] {logging_mixin.py:190} INFO - [2025-07-01T22:38:24.167+0000] {dag.py:4180} INFO - Setting next_dagrun for dataset_s3_bucket_producer_with_no_taskflow to None, run_after=None
[2025-07-01T22:38:24.189+0000] {processor.py:208} INFO - Processing /home/airflow/.local/lib/python3.12/site-packages/airflow/example_dags/example_dataset_alias_with_no_taskflow.py took 0.224 seconds
[2025-07-01T22:38:54.246+0000] {processor.py:186} INFO - Started process (PID=783) to work on /home/airflow/.local/lib/python3.12/site-packages/airflow/example_dags/example_dataset_alias_with_no_taskflow.py
[2025-07-01T22:38:54.246+0000] {processor.py:914} INFO - Processing file /home/airflow/.local/lib/python3.12/site-packages/airflow/example_dags/example_dataset_alias_with_no_taskflow.py for tasks to queue
[2025-07-01T22:38:54.249+0000] {logging_mixin.py:190} INFO - [2025-07-01T22:38:54.248+0000] {dagbag.py:588} INFO - Filling up the DagBag from /home/airflow/.local/lib/python3.12/site-packages/airflow/example_dags/example_dataset_alias_with_no_taskflow.py
[2025-07-01T22:38:54.370+0000] {processor.py:925} INFO - DAG(s) 'dataset_s3_bucket_consumer_with_no_taskflow', 'dataset_s3_bucket_producer_with_no_taskflow', 'dataset_alias_example_alias_consumer_with_no_taskflow', 'dataset_alias_example_alias_producer_with_no_taskflow' retrieved from /home/airflow/.local/lib/python3.12/site-packages/airflow/example_dags/example_dataset_alias_with_no_taskflow.py
[2025-07-01T22:38:54.389+0000] {logging_mixin.py:190} INFO - [2025-07-01T22:38:54.389+0000] {dag.py:3239} INFO - Sync 4 DAGs
[2025-07-01T22:38:54.409+0000] {logging_mixin.py:190} INFO - [2025-07-01T22:38:54.409+0000] {dag.py:4180} INFO - Setting next_dagrun for dataset_alias_example_alias_consumer_with_no_taskflow to None, run_after=None
[2025-07-01T22:38:54.412+0000] {logging_mixin.py:190} INFO - [2025-07-01T22:38:54.412+0000] {dag.py:4180} INFO - Setting next_dagrun for dataset_alias_example_alias_producer_with_no_taskflow to None, run_after=None
[2025-07-01T22:38:54.413+0000] {logging_mixin.py:190} INFO - [2025-07-01T22:38:54.413+0000] {dag.py:4180} INFO - Setting next_dagrun for dataset_s3_bucket_consumer_with_no_taskflow to None, run_after=None
[2025-07-01T22:38:54.414+0000] {logging_mixin.py:190} INFO - [2025-07-01T22:38:54.414+0000] {dag.py:4180} INFO - Setting next_dagrun for dataset_s3_bucket_producer_with_no_taskflow to None, run_after=None
[2025-07-01T22:38:54.435+0000] {processor.py:208} INFO - Processing /home/airflow/.local/lib/python3.12/site-packages/airflow/example_dags/example_dataset_alias_with_no_taskflow.py took 0.195 seconds
[2025-07-01T22:39:24.770+0000] {processor.py:186} INFO - Started process (PID=846) to work on /home/airflow/.local/lib/python3.12/site-packages/airflow/example_dags/example_dataset_alias_with_no_taskflow.py
[2025-07-01T22:39:24.771+0000] {processor.py:914} INFO - Processing file /home/airflow/.local/lib/python3.12/site-packages/airflow/example_dags/example_dataset_alias_with_no_taskflow.py for tasks to queue
[2025-07-01T22:39:24.773+0000] {logging_mixin.py:190} INFO - [2025-07-01T22:39:24.773+0000] {dagbag.py:588} INFO - Filling up the DagBag from /home/airflow/.local/lib/python3.12/site-packages/airflow/example_dags/example_dataset_alias_with_no_taskflow.py
[2025-07-01T22:39:24.898+0000] {processor.py:925} INFO - DAG(s) 'dataset_alias_example_alias_consumer_with_no_taskflow', 'dataset_s3_bucket_producer_with_no_taskflow', 'dataset_alias_example_alias_producer_with_no_taskflow', 'dataset_s3_bucket_consumer_with_no_taskflow' retrieved from /home/airflow/.local/lib/python3.12/site-packages/airflow/example_dags/example_dataset_alias_with_no_taskflow.py
[2025-07-01T22:39:24.915+0000] {logging_mixin.py:190} INFO - [2025-07-01T22:39:24.914+0000] {dag.py:3239} INFO - Sync 4 DAGs
[2025-07-01T22:39:24.932+0000] {logging_mixin.py:190} INFO - [2025-07-01T22:39:24.932+0000] {dag.py:4180} INFO - Setting next_dagrun for dataset_alias_example_alias_consumer_with_no_taskflow to None, run_after=None
[2025-07-01T22:39:24.935+0000] {logging_mixin.py:190} INFO - [2025-07-01T22:39:24.935+0000] {dag.py:4180} INFO - Setting next_dagrun for dataset_alias_example_alias_producer_with_no_taskflow to None, run_after=None
[2025-07-01T22:39:24.936+0000] {logging_mixin.py:190} INFO - [2025-07-01T22:39:24.936+0000] {dag.py:4180} INFO - Setting next_dagrun for dataset_s3_bucket_consumer_with_no_taskflow to None, run_after=None
[2025-07-01T22:39:24.937+0000] {logging_mixin.py:190} INFO - [2025-07-01T22:39:24.937+0000] {dag.py:4180} INFO - Setting next_dagrun for dataset_s3_bucket_producer_with_no_taskflow to None, run_after=None
[2025-07-01T22:39:24.960+0000] {processor.py:208} INFO - Processing /home/airflow/.local/lib/python3.12/site-packages/airflow/example_dags/example_dataset_alias_with_no_taskflow.py took 0.195 seconds
[2025-07-01T22:39:55.266+0000] {processor.py:186} INFO - Started process (PID=910) to work on /home/airflow/.local/lib/python3.12/site-packages/airflow/example_dags/example_dataset_alias_with_no_taskflow.py
[2025-07-01T22:39:55.267+0000] {processor.py:914} INFO - Processing file /home/airflow/.local/lib/python3.12/site-packages/airflow/example_dags/example_dataset_alias_with_no_taskflow.py for tasks to queue
[2025-07-01T22:39:55.270+0000] {logging_mixin.py:190} INFO - [2025-07-01T22:39:55.269+0000] {dagbag.py:588} INFO - Filling up the DagBag from /home/airflow/.local/lib/python3.12/site-packages/airflow/example_dags/example_dataset_alias_with_no_taskflow.py
[2025-07-01T22:39:55.411+0000] {processor.py:925} INFO - DAG(s) 'dataset_alias_example_alias_consumer_with_no_taskflow', 'dataset_s3_bucket_producer_with_no_taskflow', 'dataset_alias_example_alias_producer_with_no_taskflow', 'dataset_s3_bucket_consumer_with_no_taskflow' retrieved from /home/airflow/.local/lib/python3.12/site-packages/airflow/example_dags/example_dataset_alias_with_no_taskflow.py
[2025-07-01T22:39:55.433+0000] {logging_mixin.py:190} INFO - [2025-07-01T22:39:55.432+0000] {dag.py:3239} INFO - Sync 4 DAGs
[2025-07-01T22:39:55.453+0000] {logging_mixin.py:190} INFO - [2025-07-01T22:39:55.453+0000] {dag.py:4180} INFO - Setting next_dagrun for dataset_alias_example_alias_consumer_with_no_taskflow to None, run_after=None
[2025-07-01T22:39:55.457+0000] {logging_mixin.py:190} INFO - [2025-07-01T22:39:55.457+0000] {dag.py:4180} INFO - Setting next_dagrun for dataset_alias_example_alias_producer_with_no_taskflow to None, run_after=None
[2025-07-01T22:39:55.459+0000] {logging_mixin.py:190} INFO - [2025-07-01T22:39:55.459+0000] {dag.py:4180} INFO - Setting next_dagrun for dataset_s3_bucket_consumer_with_no_taskflow to None, run_after=None
[2025-07-01T22:39:55.461+0000] {logging_mixin.py:190} INFO - [2025-07-01T22:39:55.461+0000] {dag.py:4180} INFO - Setting next_dagrun for dataset_s3_bucket_producer_with_no_taskflow to None, run_after=None
[2025-07-01T22:39:55.487+0000] {processor.py:208} INFO - Processing /home/airflow/.local/lib/python3.12/site-packages/airflow/example_dags/example_dataset_alias_with_no_taskflow.py took 0.227 seconds
[2025-07-01T22:40:25.638+0000] {processor.py:186} INFO - Started process (PID=974) to work on /home/airflow/.local/lib/python3.12/site-packages/airflow/example_dags/example_dataset_alias_with_no_taskflow.py
[2025-07-01T22:40:25.639+0000] {processor.py:914} INFO - Processing file /home/airflow/.local/lib/python3.12/site-packages/airflow/example_dags/example_dataset_alias_with_no_taskflow.py for tasks to queue
[2025-07-01T22:40:25.642+0000] {logging_mixin.py:190} INFO - [2025-07-01T22:40:25.641+0000] {dagbag.py:588} INFO - Filling up the DagBag from /home/airflow/.local/lib/python3.12/site-packages/airflow/example_dags/example_dataset_alias_with_no_taskflow.py
[2025-07-01T22:40:25.784+0000] {processor.py:925} INFO - DAG(s) 'dataset_s3_bucket_consumer_with_no_taskflow', 'dataset_alias_example_alias_producer_with_no_taskflow', 'dataset_s3_bucket_producer_with_no_taskflow', 'dataset_alias_example_alias_consumer_with_no_taskflow' retrieved from /home/airflow/.local/lib/python3.12/site-packages/airflow/example_dags/example_dataset_alias_with_no_taskflow.py
[2025-07-01T22:40:25.804+0000] {logging_mixin.py:190} INFO - [2025-07-01T22:40:25.804+0000] {dag.py:3239} INFO - Sync 4 DAGs
[2025-07-01T22:40:25.824+0000] {logging_mixin.py:190} INFO - [2025-07-01T22:40:25.824+0000] {dag.py:4180} INFO - Setting next_dagrun for dataset_alias_example_alias_consumer_with_no_taskflow to None, run_after=None
[2025-07-01T22:40:25.827+0000] {logging_mixin.py:190} INFO - [2025-07-01T22:40:25.827+0000] {dag.py:4180} INFO - Setting next_dagrun for dataset_alias_example_alias_producer_with_no_taskflow to None, run_after=None
[2025-07-01T22:40:25.829+0000] {logging_mixin.py:190} INFO - [2025-07-01T22:40:25.829+0000] {dag.py:4180} INFO - Setting next_dagrun for dataset_s3_bucket_consumer_with_no_taskflow to None, run_after=None
[2025-07-01T22:40:25.830+0000] {logging_mixin.py:190} INFO - [2025-07-01T22:40:25.830+0000] {dag.py:4180} INFO - Setting next_dagrun for dataset_s3_bucket_producer_with_no_taskflow to None, run_after=None
[2025-07-01T22:40:25.852+0000] {processor.py:208} INFO - Processing /home/airflow/.local/lib/python3.12/site-packages/airflow/example_dags/example_dataset_alias_with_no_taskflow.py took 0.220 seconds
[2025-07-01T22:40:56.492+0000] {processor.py:186} INFO - Started process (PID=1038) to work on /home/airflow/.local/lib/python3.12/site-packages/airflow/example_dags/example_dataset_alias_with_no_taskflow.py
[2025-07-01T22:40:56.493+0000] {processor.py:914} INFO - Processing file /home/airflow/.local/lib/python3.12/site-packages/airflow/example_dags/example_dataset_alias_with_no_taskflow.py for tasks to queue
[2025-07-01T22:40:56.495+0000] {logging_mixin.py:190} INFO - [2025-07-01T22:40:56.495+0000] {dagbag.py:588} INFO - Filling up the DagBag from /home/airflow/.local/lib/python3.12/site-packages/airflow/example_dags/example_dataset_alias_with_no_taskflow.py
[2025-07-01T22:40:56.615+0000] {processor.py:925} INFO - DAG(s) 'dataset_alias_example_alias_producer_with_no_taskflow', 'dataset_s3_bucket_consumer_with_no_taskflow', 'dataset_alias_example_alias_consumer_with_no_taskflow', 'dataset_s3_bucket_producer_with_no_taskflow' retrieved from /home/airflow/.local/lib/python3.12/site-packages/airflow/example_dags/example_dataset_alias_with_no_taskflow.py
[2025-07-01T22:40:56.633+0000] {logging_mixin.py:190} INFO - [2025-07-01T22:40:56.633+0000] {dag.py:3239} INFO - Sync 4 DAGs
[2025-07-01T22:40:56.650+0000] {logging_mixin.py:190} INFO - [2025-07-01T22:40:56.650+0000] {dag.py:4180} INFO - Setting next_dagrun for dataset_alias_example_alias_consumer_with_no_taskflow to None, run_after=None
[2025-07-01T22:40:56.653+0000] {logging_mixin.py:190} INFO - [2025-07-01T22:40:56.653+0000] {dag.py:4180} INFO - Setting next_dagrun for dataset_alias_example_alias_producer_with_no_taskflow to None, run_after=None
[2025-07-01T22:40:56.654+0000] {logging_mixin.py:190} INFO - [2025-07-01T22:40:56.654+0000] {dag.py:4180} INFO - Setting next_dagrun for dataset_s3_bucket_consumer_with_no_taskflow to None, run_after=None
[2025-07-01T22:40:56.655+0000] {logging_mixin.py:190} INFO - [2025-07-01T22:40:56.655+0000] {dag.py:4180} INFO - Setting next_dagrun for dataset_s3_bucket_producer_with_no_taskflow to None, run_after=None
[2025-07-01T22:40:56.678+0000] {processor.py:208} INFO - Processing /home/airflow/.local/lib/python3.12/site-packages/airflow/example_dags/example_dataset_alias_with_no_taskflow.py took 0.190 seconds
[2025-07-01T22:41:27.008+0000] {processor.py:186} INFO - Started process (PID=1102) to work on /home/airflow/.local/lib/python3.12/site-packages/airflow/example_dags/example_dataset_alias_with_no_taskflow.py
[2025-07-01T22:41:27.009+0000] {processor.py:914} INFO - Processing file /home/airflow/.local/lib/python3.12/site-packages/airflow/example_dags/example_dataset_alias_with_no_taskflow.py for tasks to queue
[2025-07-01T22:41:27.011+0000] {logging_mixin.py:190} INFO - [2025-07-01T22:41:27.011+0000] {dagbag.py:588} INFO - Filling up the DagBag from /home/airflow/.local/lib/python3.12/site-packages/airflow/example_dags/example_dataset_alias_with_no_taskflow.py
[2025-07-01T22:41:27.134+0000] {processor.py:925} INFO - DAG(s) 'dataset_alias_example_alias_consumer_with_no_taskflow', 'dataset_s3_bucket_consumer_with_no_taskflow', 'dataset_s3_bucket_producer_with_no_taskflow', 'dataset_alias_example_alias_producer_with_no_taskflow' retrieved from /home/airflow/.local/lib/python3.12/site-packages/airflow/example_dags/example_dataset_alias_with_no_taskflow.py
[2025-07-01T22:41:27.152+0000] {logging_mixin.py:190} INFO - [2025-07-01T22:41:27.152+0000] {dag.py:3239} INFO - Sync 4 DAGs
[2025-07-01T22:41:27.170+0000] {logging_mixin.py:190} INFO - [2025-07-01T22:41:27.170+0000] {dag.py:4180} INFO - Setting next_dagrun for dataset_alias_example_alias_consumer_with_no_taskflow to None, run_after=None
[2025-07-01T22:41:27.172+0000] {logging_mixin.py:190} INFO - [2025-07-01T22:41:27.172+0000] {dag.py:4180} INFO - Setting next_dagrun for dataset_alias_example_alias_producer_with_no_taskflow to None, run_after=None
[2025-07-01T22:41:27.173+0000] {logging_mixin.py:190} INFO - [2025-07-01T22:41:27.173+0000] {dag.py:4180} INFO - Setting next_dagrun for dataset_s3_bucket_consumer_with_no_taskflow to None, run_after=None
[2025-07-01T22:41:27.174+0000] {logging_mixin.py:190} INFO - [2025-07-01T22:41:27.174+0000] {dag.py:4180} INFO - Setting next_dagrun for dataset_s3_bucket_producer_with_no_taskflow to None, run_after=None
[2025-07-01T22:41:27.195+0000] {processor.py:208} INFO - Processing /home/airflow/.local/lib/python3.12/site-packages/airflow/example_dags/example_dataset_alias_with_no_taskflow.py took 0.192 seconds
[2025-07-01T22:41:57.585+0000] {processor.py:186} INFO - Started process (PID=1166) to work on /home/airflow/.local/lib/python3.12/site-packages/airflow/example_dags/example_dataset_alias_with_no_taskflow.py
[2025-07-01T22:41:57.585+0000] {processor.py:914} INFO - Processing file /home/airflow/.local/lib/python3.12/site-packages/airflow/example_dags/example_dataset_alias_with_no_taskflow.py for tasks to queue
[2025-07-01T22:41:57.587+0000] {logging_mixin.py:190} INFO - [2025-07-01T22:41:57.587+0000] {dagbag.py:588} INFO - Filling up the DagBag from /home/airflow/.local/lib/python3.12/site-packages/airflow/example_dags/example_dataset_alias_with_no_taskflow.py
[2025-07-01T22:41:57.712+0000] {processor.py:925} INFO - DAG(s) 'dataset_s3_bucket_consumer_with_no_taskflow', 'dataset_s3_bucket_producer_with_no_taskflow', 'dataset_alias_example_alias_consumer_with_no_taskflow', 'dataset_alias_example_alias_producer_with_no_taskflow' retrieved from /home/airflow/.local/lib/python3.12/site-packages/airflow/example_dags/example_dataset_alias_with_no_taskflow.py
[2025-07-01T22:41:57.730+0000] {logging_mixin.py:190} INFO - [2025-07-01T22:41:57.729+0000] {dag.py:3239} INFO - Sync 4 DAGs
[2025-07-01T22:41:57.749+0000] {logging_mixin.py:190} INFO - [2025-07-01T22:41:57.749+0000] {dag.py:4180} INFO - Setting next_dagrun for dataset_alias_example_alias_consumer_with_no_taskflow to None, run_after=None
[2025-07-01T22:41:57.751+0000] {logging_mixin.py:190} INFO - [2025-07-01T22:41:57.751+0000] {dag.py:4180} INFO - Setting next_dagrun for dataset_alias_example_alias_producer_with_no_taskflow to None, run_after=None
[2025-07-01T22:41:57.752+0000] {logging_mixin.py:190} INFO - [2025-07-01T22:41:57.752+0000] {dag.py:4180} INFO - Setting next_dagrun for dataset_s3_bucket_consumer_with_no_taskflow to None, run_after=None
[2025-07-01T22:41:57.753+0000] {logging_mixin.py:190} INFO - [2025-07-01T22:41:57.753+0000] {dag.py:4180} INFO - Setting next_dagrun for dataset_s3_bucket_producer_with_no_taskflow to None, run_after=None
[2025-07-01T22:41:57.774+0000] {processor.py:208} INFO - Processing /home/airflow/.local/lib/python3.12/site-packages/airflow/example_dags/example_dataset_alias_with_no_taskflow.py took 0.194 seconds
[2025-07-01T22:42:28.580+0000] {processor.py:186} INFO - Started process (PID=1230) to work on /home/airflow/.local/lib/python3.12/site-packages/airflow/example_dags/example_dataset_alias_with_no_taskflow.py
[2025-07-01T22:42:28.581+0000] {processor.py:914} INFO - Processing file /home/airflow/.local/lib/python3.12/site-packages/airflow/example_dags/example_dataset_alias_with_no_taskflow.py for tasks to queue
[2025-07-01T22:42:28.583+0000] {logging_mixin.py:190} INFO - [2025-07-01T22:42:28.583+0000] {dagbag.py:588} INFO - Filling up the DagBag from /home/airflow/.local/lib/python3.12/site-packages/airflow/example_dags/example_dataset_alias_with_no_taskflow.py
[2025-07-01T22:42:28.727+0000] {processor.py:925} INFO - DAG(s) 'dataset_alias_example_alias_consumer_with_no_taskflow', 'dataset_alias_example_alias_producer_with_no_taskflow', 'dataset_s3_bucket_producer_with_no_taskflow', 'dataset_s3_bucket_consumer_with_no_taskflow' retrieved from /home/airflow/.local/lib/python3.12/site-packages/airflow/example_dags/example_dataset_alias_with_no_taskflow.py
[2025-07-01T22:42:28.752+0000] {logging_mixin.py:190} INFO - [2025-07-01T22:42:28.752+0000] {dag.py:3239} INFO - Sync 4 DAGs
[2025-07-01T22:42:28.786+0000] {logging_mixin.py:190} INFO - [2025-07-01T22:42:28.786+0000] {dag.py:4180} INFO - Setting next_dagrun for dataset_alias_example_alias_consumer_with_no_taskflow to None, run_after=None
[2025-07-01T22:42:28.789+0000] {logging_mixin.py:190} INFO - [2025-07-01T22:42:28.789+0000] {dag.py:4180} INFO - Setting next_dagrun for dataset_alias_example_alias_producer_with_no_taskflow to None, run_after=None
[2025-07-01T22:42:28.792+0000] {logging_mixin.py:190} INFO - [2025-07-01T22:42:28.792+0000] {dag.py:4180} INFO - Setting next_dagrun for dataset_s3_bucket_consumer_with_no_taskflow to None, run_after=None
[2025-07-01T22:42:28.794+0000] {logging_mixin.py:190} INFO - [2025-07-01T22:42:28.794+0000] {dag.py:4180} INFO - Setting next_dagrun for dataset_s3_bucket_producer_with_no_taskflow to None, run_after=None
[2025-07-01T22:42:28.836+0000] {processor.py:208} INFO - Processing /home/airflow/.local/lib/python3.12/site-packages/airflow/example_dags/example_dataset_alias_with_no_taskflow.py took 0.262 seconds
[2025-07-01T22:42:59.671+0000] {processor.py:186} INFO - Started process (PID=1294) to work on /home/airflow/.local/lib/python3.12/site-packages/airflow/example_dags/example_dataset_alias_with_no_taskflow.py
[2025-07-01T22:42:59.672+0000] {processor.py:914} INFO - Processing file /home/airflow/.local/lib/python3.12/site-packages/airflow/example_dags/example_dataset_alias_with_no_taskflow.py for tasks to queue
[2025-07-01T22:42:59.674+0000] {logging_mixin.py:190} INFO - [2025-07-01T22:42:59.674+0000] {dagbag.py:588} INFO - Filling up the DagBag from /home/airflow/.local/lib/python3.12/site-packages/airflow/example_dags/example_dataset_alias_with_no_taskflow.py
[2025-07-01T22:42:59.807+0000] {processor.py:925} INFO - DAG(s) 'dataset_alias_example_alias_producer_with_no_taskflow', 'dataset_s3_bucket_producer_with_no_taskflow', 'dataset_alias_example_alias_consumer_with_no_taskflow', 'dataset_s3_bucket_consumer_with_no_taskflow' retrieved from /home/airflow/.local/lib/python3.12/site-packages/airflow/example_dags/example_dataset_alias_with_no_taskflow.py
[2025-07-01T22:42:59.825+0000] {logging_mixin.py:190} INFO - [2025-07-01T22:42:59.824+0000] {dag.py:3239} INFO - Sync 4 DAGs
[2025-07-01T22:42:59.842+0000] {logging_mixin.py:190} INFO - [2025-07-01T22:42:59.842+0000] {dag.py:4180} INFO - Setting next_dagrun for dataset_alias_example_alias_consumer_with_no_taskflow to None, run_after=None
[2025-07-01T22:42:59.844+0000] {logging_mixin.py:190} INFO - [2025-07-01T22:42:59.844+0000] {dag.py:4180} INFO - Setting next_dagrun for dataset_alias_example_alias_producer_with_no_taskflow to None, run_after=None
[2025-07-01T22:42:59.845+0000] {logging_mixin.py:190} INFO - [2025-07-01T22:42:59.845+0000] {dag.py:4180} INFO - Setting next_dagrun for dataset_s3_bucket_consumer_with_no_taskflow to None, run_after=None
[2025-07-01T22:42:59.846+0000] {logging_mixin.py:190} INFO - [2025-07-01T22:42:59.846+0000] {dag.py:4180} INFO - Setting next_dagrun for dataset_s3_bucket_producer_with_no_taskflow to None, run_after=None
[2025-07-01T22:42:59.865+0000] {processor.py:208} INFO - Processing /home/airflow/.local/lib/python3.12/site-packages/airflow/example_dags/example_dataset_alias_with_no_taskflow.py took 0.199 seconds
[2025-07-01T22:43:30.360+0000] {processor.py:186} INFO - Started process (PID=1358) to work on /home/airflow/.local/lib/python3.12/site-packages/airflow/example_dags/example_dataset_alias_with_no_taskflow.py
[2025-07-01T22:43:30.361+0000] {processor.py:914} INFO - Processing file /home/airflow/.local/lib/python3.12/site-packages/airflow/example_dags/example_dataset_alias_with_no_taskflow.py for tasks to queue
[2025-07-01T22:43:30.363+0000] {logging_mixin.py:190} INFO - [2025-07-01T22:43:30.363+0000] {dagbag.py:588} INFO - Filling up the DagBag from /home/airflow/.local/lib/python3.12/site-packages/airflow/example_dags/example_dataset_alias_with_no_taskflow.py
[2025-07-01T22:43:30.488+0000] {processor.py:925} INFO - DAG(s) 'dataset_s3_bucket_consumer_with_no_taskflow', 'dataset_alias_example_alias_producer_with_no_taskflow', 'dataset_s3_bucket_producer_with_no_taskflow', 'dataset_alias_example_alias_consumer_with_no_taskflow' retrieved from /home/airflow/.local/lib/python3.12/site-packages/airflow/example_dags/example_dataset_alias_with_no_taskflow.py
[2025-07-01T22:43:30.507+0000] {logging_mixin.py:190} INFO - [2025-07-01T22:43:30.507+0000] {dag.py:3239} INFO - Sync 4 DAGs
[2025-07-01T22:43:30.530+0000] {logging_mixin.py:190} INFO - [2025-07-01T22:43:30.530+0000] {dag.py:4180} INFO - Setting next_dagrun for dataset_alias_example_alias_consumer_with_no_taskflow to None, run_after=None
[2025-07-01T22:43:30.533+0000] {logging_mixin.py:190} INFO - [2025-07-01T22:43:30.533+0000] {dag.py:4180} INFO - Setting next_dagrun for dataset_alias_example_alias_producer_with_no_taskflow to None, run_after=None
[2025-07-01T22:43:30.534+0000] {logging_mixin.py:190} INFO - [2025-07-01T22:43:30.534+0000] {dag.py:4180} INFO - Setting next_dagrun for dataset_s3_bucket_consumer_with_no_taskflow to None, run_after=None
[2025-07-01T22:43:30.535+0000] {logging_mixin.py:190} INFO - [2025-07-01T22:43:30.535+0000] {dag.py:4180} INFO - Setting next_dagrun for dataset_s3_bucket_producer_with_no_taskflow to None, run_after=None
[2025-07-01T22:43:30.557+0000] {processor.py:208} INFO - Processing /home/airflow/.local/lib/python3.12/site-packages/airflow/example_dags/example_dataset_alias_with_no_taskflow.py took 0.203 seconds
[2025-07-01T22:44:00.922+0000] {processor.py:186} INFO - Started process (PID=1422) to work on /home/airflow/.local/lib/python3.12/site-packages/airflow/example_dags/example_dataset_alias_with_no_taskflow.py
[2025-07-01T22:44:00.924+0000] {processor.py:914} INFO - Processing file /home/airflow/.local/lib/python3.12/site-packages/airflow/example_dags/example_dataset_alias_with_no_taskflow.py for tasks to queue
[2025-07-01T22:44:00.926+0000] {logging_mixin.py:190} INFO - [2025-07-01T22:44:00.925+0000] {dagbag.py:588} INFO - Filling up the DagBag from /home/airflow/.local/lib/python3.12/site-packages/airflow/example_dags/example_dataset_alias_with_no_taskflow.py
[2025-07-01T22:44:01.071+0000] {processor.py:925} INFO - DAG(s) 'dataset_alias_example_alias_producer_with_no_taskflow', 'dataset_alias_example_alias_consumer_with_no_taskflow', 'dataset_s3_bucket_producer_with_no_taskflow', 'dataset_s3_bucket_consumer_with_no_taskflow' retrieved from /home/airflow/.local/lib/python3.12/site-packages/airflow/example_dags/example_dataset_alias_with_no_taskflow.py
[2025-07-01T22:44:01.091+0000] {logging_mixin.py:190} INFO - [2025-07-01T22:44:01.091+0000] {dag.py:3239} INFO - Sync 4 DAGs
[2025-07-01T22:44:01.110+0000] {logging_mixin.py:190} INFO - [2025-07-01T22:44:01.110+0000] {dag.py:4180} INFO - Setting next_dagrun for dataset_alias_example_alias_consumer_with_no_taskflow to None, run_after=None
[2025-07-01T22:44:01.113+0000] {logging_mixin.py:190} INFO - [2025-07-01T22:44:01.113+0000] {dag.py:4180} INFO - Setting next_dagrun for dataset_alias_example_alias_producer_with_no_taskflow to None, run_after=None
[2025-07-01T22:44:01.114+0000] {logging_mixin.py:190} INFO - [2025-07-01T22:44:01.114+0000] {dag.py:4180} INFO - Setting next_dagrun for dataset_s3_bucket_consumer_with_no_taskflow to None, run_after=None
[2025-07-01T22:44:01.116+0000] {logging_mixin.py:190} INFO - [2025-07-01T22:44:01.115+0000] {dag.py:4180} INFO - Setting next_dagrun for dataset_s3_bucket_producer_with_no_taskflow to None, run_after=None
[2025-07-01T22:44:01.137+0000] {processor.py:208} INFO - Processing /home/airflow/.local/lib/python3.12/site-packages/airflow/example_dags/example_dataset_alias_with_no_taskflow.py took 0.221 seconds
[2025-07-01T22:44:31.828+0000] {processor.py:186} INFO - Started process (PID=1486) to work on /home/airflow/.local/lib/python3.12/site-packages/airflow/example_dags/example_dataset_alias_with_no_taskflow.py
[2025-07-01T22:44:31.829+0000] {processor.py:914} INFO - Processing file /home/airflow/.local/lib/python3.12/site-packages/airflow/example_dags/example_dataset_alias_with_no_taskflow.py for tasks to queue
[2025-07-01T22:44:31.831+0000] {logging_mixin.py:190} INFO - [2025-07-01T22:44:31.831+0000] {dagbag.py:588} INFO - Filling up the DagBag from /home/airflow/.local/lib/python3.12/site-packages/airflow/example_dags/example_dataset_alias_with_no_taskflow.py
[2025-07-01T22:44:31.953+0000] {processor.py:925} INFO - DAG(s) 'dataset_s3_bucket_producer_with_no_taskflow', 'dataset_s3_bucket_consumer_with_no_taskflow', 'dataset_alias_example_alias_consumer_with_no_taskflow', 'dataset_alias_example_alias_producer_with_no_taskflow' retrieved from /home/airflow/.local/lib/python3.12/site-packages/airflow/example_dags/example_dataset_alias_with_no_taskflow.py
[2025-07-01T22:44:31.969+0000] {logging_mixin.py:190} INFO - [2025-07-01T22:44:31.969+0000] {dag.py:3239} INFO - Sync 4 DAGs
[2025-07-01T22:44:31.989+0000] {logging_mixin.py:190} INFO - [2025-07-01T22:44:31.989+0000] {dag.py:4180} INFO - Setting next_dagrun for dataset_alias_example_alias_consumer_with_no_taskflow to None, run_after=None
[2025-07-01T22:44:31.992+0000] {logging_mixin.py:190} INFO - [2025-07-01T22:44:31.992+0000] {dag.py:4180} INFO - Setting next_dagrun for dataset_alias_example_alias_producer_with_no_taskflow to None, run_after=None
[2025-07-01T22:44:31.993+0000] {logging_mixin.py:190} INFO - [2025-07-01T22:44:31.993+0000] {dag.py:4180} INFO - Setting next_dagrun for dataset_s3_bucket_consumer_with_no_taskflow to None, run_after=None
[2025-07-01T22:44:31.994+0000] {logging_mixin.py:190} INFO - [2025-07-01T22:44:31.994+0000] {dag.py:4180} INFO - Setting next_dagrun for dataset_s3_bucket_producer_with_no_taskflow to None, run_after=None
[2025-07-01T22:44:32.017+0000] {processor.py:208} INFO - Processing /home/airflow/.local/lib/python3.12/site-packages/airflow/example_dags/example_dataset_alias_with_no_taskflow.py took 0.194 seconds
[2025-07-01T22:45:02.499+0000] {processor.py:186} INFO - Started process (PID=1550) to work on /home/airflow/.local/lib/python3.12/site-packages/airflow/example_dags/example_dataset_alias_with_no_taskflow.py
[2025-07-01T22:45:02.500+0000] {processor.py:914} INFO - Processing file /home/airflow/.local/lib/python3.12/site-packages/airflow/example_dags/example_dataset_alias_with_no_taskflow.py for tasks to queue
[2025-07-01T22:45:02.502+0000] {logging_mixin.py:190} INFO - [2025-07-01T22:45:02.502+0000] {dagbag.py:588} INFO - Filling up the DagBag from /home/airflow/.local/lib/python3.12/site-packages/airflow/example_dags/example_dataset_alias_with_no_taskflow.py
[2025-07-01T22:45:02.630+0000] {processor.py:925} INFO - DAG(s) 'dataset_alias_example_alias_producer_with_no_taskflow', 'dataset_s3_bucket_consumer_with_no_taskflow', 'dataset_alias_example_alias_consumer_with_no_taskflow', 'dataset_s3_bucket_producer_with_no_taskflow' retrieved from /home/airflow/.local/lib/python3.12/site-packages/airflow/example_dags/example_dataset_alias_with_no_taskflow.py
[2025-07-01T22:45:02.647+0000] {logging_mixin.py:190} INFO - [2025-07-01T22:45:02.647+0000] {dag.py:3239} INFO - Sync 4 DAGs
[2025-07-01T22:45:02.664+0000] {logging_mixin.py:190} INFO - [2025-07-01T22:45:02.664+0000] {dag.py:4180} INFO - Setting next_dagrun for dataset_alias_example_alias_consumer_with_no_taskflow to None, run_after=None
[2025-07-01T22:45:02.666+0000] {logging_mixin.py:190} INFO - [2025-07-01T22:45:02.666+0000] {dag.py:4180} INFO - Setting next_dagrun for dataset_alias_example_alias_producer_with_no_taskflow to None, run_after=None
[2025-07-01T22:45:02.668+0000] {logging_mixin.py:190} INFO - [2025-07-01T22:45:02.667+0000] {dag.py:4180} INFO - Setting next_dagrun for dataset_s3_bucket_consumer_with_no_taskflow to None, run_after=None
[2025-07-01T22:45:02.669+0000] {logging_mixin.py:190} INFO - [2025-07-01T22:45:02.669+0000] {dag.py:4180} INFO - Setting next_dagrun for dataset_s3_bucket_producer_with_no_taskflow to None, run_after=None
[2025-07-01T22:45:02.689+0000] {processor.py:208} INFO - Processing /home/airflow/.local/lib/python3.12/site-packages/airflow/example_dags/example_dataset_alias_with_no_taskflow.py took 0.195 seconds
[2025-07-01T22:45:33.001+0000] {processor.py:186} INFO - Started process (PID=1614) to work on /home/airflow/.local/lib/python3.12/site-packages/airflow/example_dags/example_dataset_alias_with_no_taskflow.py
[2025-07-01T22:45:33.002+0000] {processor.py:914} INFO - Processing file /home/airflow/.local/lib/python3.12/site-packages/airflow/example_dags/example_dataset_alias_with_no_taskflow.py for tasks to queue
[2025-07-01T22:45:33.005+0000] {logging_mixin.py:190} INFO - [2025-07-01T22:45:33.004+0000] {dagbag.py:588} INFO - Filling up the DagBag from /home/airflow/.local/lib/python3.12/site-packages/airflow/example_dags/example_dataset_alias_with_no_taskflow.py
[2025-07-01T22:45:33.126+0000] {processor.py:925} INFO - DAG(s) 'dataset_alias_example_alias_producer_with_no_taskflow', 'dataset_s3_bucket_consumer_with_no_taskflow', 'dataset_s3_bucket_producer_with_no_taskflow', 'dataset_alias_example_alias_consumer_with_no_taskflow' retrieved from /home/airflow/.local/lib/python3.12/site-packages/airflow/example_dags/example_dataset_alias_with_no_taskflow.py
[2025-07-01T22:45:33.143+0000] {logging_mixin.py:190} INFO - [2025-07-01T22:45:33.143+0000] {dag.py:3239} INFO - Sync 4 DAGs
[2025-07-01T22:45:33.160+0000] {logging_mixin.py:190} INFO - [2025-07-01T22:45:33.160+0000] {dag.py:4180} INFO - Setting next_dagrun for dataset_alias_example_alias_consumer_with_no_taskflow to None, run_after=None
[2025-07-01T22:45:33.163+0000] {logging_mixin.py:190} INFO - [2025-07-01T22:45:33.162+0000] {dag.py:4180} INFO - Setting next_dagrun for dataset_alias_example_alias_producer_with_no_taskflow to None, run_after=None
[2025-07-01T22:45:33.164+0000] {logging_mixin.py:190} INFO - [2025-07-01T22:45:33.164+0000] {dag.py:4180} INFO - Setting next_dagrun for dataset_s3_bucket_consumer_with_no_taskflow to None, run_after=None
[2025-07-01T22:45:33.165+0000] {logging_mixin.py:190} INFO - [2025-07-01T22:45:33.165+0000] {dag.py:4180} INFO - Setting next_dagrun for dataset_s3_bucket_producer_with_no_taskflow to None, run_after=None
[2025-07-01T22:45:33.184+0000] {processor.py:208} INFO - Processing /home/airflow/.local/lib/python3.12/site-packages/airflow/example_dags/example_dataset_alias_with_no_taskflow.py took 0.189 seconds
[2025-07-01T22:46:04.006+0000] {processor.py:186} INFO - Started process (PID=1678) to work on /home/airflow/.local/lib/python3.12/site-packages/airflow/example_dags/example_dataset_alias_with_no_taskflow.py
[2025-07-01T22:46:04.007+0000] {processor.py:914} INFO - Processing file /home/airflow/.local/lib/python3.12/site-packages/airflow/example_dags/example_dataset_alias_with_no_taskflow.py for tasks to queue
[2025-07-01T22:46:04.009+0000] {logging_mixin.py:190} INFO - [2025-07-01T22:46:04.009+0000] {dagbag.py:588} INFO - Filling up the DagBag from /home/airflow/.local/lib/python3.12/site-packages/airflow/example_dags/example_dataset_alias_with_no_taskflow.py
[2025-07-01T22:46:04.140+0000] {processor.py:925} INFO - DAG(s) 'dataset_alias_example_alias_producer_with_no_taskflow', 'dataset_s3_bucket_producer_with_no_taskflow', 'dataset_alias_example_alias_consumer_with_no_taskflow', 'dataset_s3_bucket_consumer_with_no_taskflow' retrieved from /home/airflow/.local/lib/python3.12/site-packages/airflow/example_dags/example_dataset_alias_with_no_taskflow.py
[2025-07-01T22:46:04.160+0000] {logging_mixin.py:190} INFO - [2025-07-01T22:46:04.160+0000] {dag.py:3239} INFO - Sync 4 DAGs
[2025-07-01T22:46:04.181+0000] {logging_mixin.py:190} INFO - [2025-07-01T22:46:04.180+0000] {dag.py:4180} INFO - Setting next_dagrun for dataset_alias_example_alias_consumer_with_no_taskflow to None, run_after=None
[2025-07-01T22:46:04.183+0000] {logging_mixin.py:190} INFO - [2025-07-01T22:46:04.183+0000] {dag.py:4180} INFO - Setting next_dagrun for dataset_alias_example_alias_producer_with_no_taskflow to None, run_after=None
[2025-07-01T22:46:04.184+0000] {logging_mixin.py:190} INFO - [2025-07-01T22:46:04.184+0000] {dag.py:4180} INFO - Setting next_dagrun for dataset_s3_bucket_consumer_with_no_taskflow to None, run_after=None
[2025-07-01T22:46:04.185+0000] {logging_mixin.py:190} INFO - [2025-07-01T22:46:04.185+0000] {dag.py:4180} INFO - Setting next_dagrun for dataset_s3_bucket_producer_with_no_taskflow to None, run_after=None
[2025-07-01T22:46:04.206+0000] {processor.py:208} INFO - Processing /home/airflow/.local/lib/python3.12/site-packages/airflow/example_dags/example_dataset_alias_with_no_taskflow.py took 0.205 seconds
[2025-07-01T22:46:34.847+0000] {processor.py:186} INFO - Started process (PID=1742) to work on /home/airflow/.local/lib/python3.12/site-packages/airflow/example_dags/example_dataset_alias_with_no_taskflow.py
[2025-07-01T22:46:34.849+0000] {processor.py:914} INFO - Processing file /home/airflow/.local/lib/python3.12/site-packages/airflow/example_dags/example_dataset_alias_with_no_taskflow.py for tasks to queue
[2025-07-01T22:46:34.852+0000] {logging_mixin.py:190} INFO - [2025-07-01T22:46:34.852+0000] {dagbag.py:588} INFO - Filling up the DagBag from /home/airflow/.local/lib/python3.12/site-packages/airflow/example_dags/example_dataset_alias_with_no_taskflow.py
[2025-07-01T22:46:35.010+0000] {processor.py:925} INFO - DAG(s) 'dataset_alias_example_alias_producer_with_no_taskflow', 'dataset_s3_bucket_consumer_with_no_taskflow', 'dataset_alias_example_alias_consumer_with_no_taskflow', 'dataset_s3_bucket_producer_with_no_taskflow' retrieved from /home/airflow/.local/lib/python3.12/site-packages/airflow/example_dags/example_dataset_alias_with_no_taskflow.py
[2025-07-01T22:46:35.039+0000] {logging_mixin.py:190} INFO - [2025-07-01T22:46:35.039+0000] {dag.py:3239} INFO - Sync 4 DAGs
[2025-07-01T22:46:35.058+0000] {logging_mixin.py:190} INFO - [2025-07-01T22:46:35.058+0000] {dag.py:4180} INFO - Setting next_dagrun for dataset_alias_example_alias_consumer_with_no_taskflow to None, run_after=None
[2025-07-01T22:46:35.061+0000] {logging_mixin.py:190} INFO - [2025-07-01T22:46:35.060+0000] {dag.py:4180} INFO - Setting next_dagrun for dataset_alias_example_alias_producer_with_no_taskflow to None, run_after=None
[2025-07-01T22:46:35.062+0000] {logging_mixin.py:190} INFO - [2025-07-01T22:46:35.062+0000] {dag.py:4180} INFO - Setting next_dagrun for dataset_s3_bucket_consumer_with_no_taskflow to None, run_after=None
[2025-07-01T22:46:35.064+0000] {logging_mixin.py:190} INFO - [2025-07-01T22:46:35.063+0000] {dag.py:4180} INFO - Setting next_dagrun for dataset_s3_bucket_producer_with_no_taskflow to None, run_after=None
[2025-07-01T22:46:35.105+0000] {processor.py:208} INFO - Processing /home/airflow/.local/lib/python3.12/site-packages/airflow/example_dags/example_dataset_alias_with_no_taskflow.py took 0.265 seconds
[2025-07-01T22:47:05.721+0000] {processor.py:186} INFO - Started process (PID=1806) to work on /home/airflow/.local/lib/python3.12/site-packages/airflow/example_dags/example_dataset_alias_with_no_taskflow.py
[2025-07-01T22:47:05.722+0000] {processor.py:914} INFO - Processing file /home/airflow/.local/lib/python3.12/site-packages/airflow/example_dags/example_dataset_alias_with_no_taskflow.py for tasks to queue
[2025-07-01T22:47:05.724+0000] {logging_mixin.py:190} INFO - [2025-07-01T22:47:05.724+0000] {dagbag.py:588} INFO - Filling up the DagBag from /home/airflow/.local/lib/python3.12/site-packages/airflow/example_dags/example_dataset_alias_with_no_taskflow.py
[2025-07-01T22:47:05.851+0000] {processor.py:925} INFO - DAG(s) 'dataset_s3_bucket_producer_with_no_taskflow', 'dataset_s3_bucket_consumer_with_no_taskflow', 'dataset_alias_example_alias_producer_with_no_taskflow', 'dataset_alias_example_alias_consumer_with_no_taskflow' retrieved from /home/airflow/.local/lib/python3.12/site-packages/airflow/example_dags/example_dataset_alias_with_no_taskflow.py
[2025-07-01T22:47:05.870+0000] {logging_mixin.py:190} INFO - [2025-07-01T22:47:05.870+0000] {dag.py:3239} INFO - Sync 4 DAGs
[2025-07-01T22:47:05.894+0000] {logging_mixin.py:190} INFO - [2025-07-01T22:47:05.894+0000] {dag.py:4180} INFO - Setting next_dagrun for dataset_alias_example_alias_consumer_with_no_taskflow to None, run_after=None
[2025-07-01T22:47:05.897+0000] {logging_mixin.py:190} INFO - [2025-07-01T22:47:05.897+0000] {dag.py:4180} INFO - Setting next_dagrun for dataset_alias_example_alias_producer_with_no_taskflow to None, run_after=None
[2025-07-01T22:47:05.899+0000] {logging_mixin.py:190} INFO - [2025-07-01T22:47:05.898+0000] {dag.py:4180} INFO - Setting next_dagrun for dataset_s3_bucket_consumer_with_no_taskflow to None, run_after=None
[2025-07-01T22:47:05.901+0000] {logging_mixin.py:190} INFO - [2025-07-01T22:47:05.900+0000] {dag.py:4180} INFO - Setting next_dagrun for dataset_s3_bucket_producer_with_no_taskflow to None, run_after=None
[2025-07-01T22:47:06.109+0000] {processor.py:208} INFO - Processing /home/airflow/.local/lib/python3.12/site-packages/airflow/example_dags/example_dataset_alias_with_no_taskflow.py took 0.394 seconds
[2025-07-01T22:47:36.946+0000] {processor.py:186} INFO - Started process (PID=1872) to work on /home/airflow/.local/lib/python3.12/site-packages/airflow/example_dags/example_dataset_alias_with_no_taskflow.py
[2025-07-01T22:47:36.947+0000] {processor.py:914} INFO - Processing file /home/airflow/.local/lib/python3.12/site-packages/airflow/example_dags/example_dataset_alias_with_no_taskflow.py for tasks to queue
[2025-07-01T22:47:36.950+0000] {logging_mixin.py:190} INFO - [2025-07-01T22:47:36.949+0000] {dagbag.py:588} INFO - Filling up the DagBag from /home/airflow/.local/lib/python3.12/site-packages/airflow/example_dags/example_dataset_alias_with_no_taskflow.py
[2025-07-01T22:47:37.075+0000] {processor.py:925} INFO - DAG(s) 'dataset_s3_bucket_producer_with_no_taskflow', 'dataset_alias_example_alias_producer_with_no_taskflow', 'dataset_alias_example_alias_consumer_with_no_taskflow', 'dataset_s3_bucket_consumer_with_no_taskflow' retrieved from /home/airflow/.local/lib/python3.12/site-packages/airflow/example_dags/example_dataset_alias_with_no_taskflow.py
[2025-07-01T22:47:37.096+0000] {logging_mixin.py:190} INFO - [2025-07-01T22:47:37.096+0000] {dag.py:3239} INFO - Sync 4 DAGs
[2025-07-01T22:47:37.114+0000] {logging_mixin.py:190} INFO - [2025-07-01T22:47:37.113+0000] {dag.py:4180} INFO - Setting next_dagrun for dataset_alias_example_alias_consumer_with_no_taskflow to None, run_after=None
[2025-07-01T22:47:37.116+0000] {logging_mixin.py:190} INFO - [2025-07-01T22:47:37.116+0000] {dag.py:4180} INFO - Setting next_dagrun for dataset_alias_example_alias_producer_with_no_taskflow to None, run_after=None
[2025-07-01T22:47:37.117+0000] {logging_mixin.py:190} INFO - [2025-07-01T22:47:37.117+0000] {dag.py:4180} INFO - Setting next_dagrun for dataset_s3_bucket_consumer_with_no_taskflow to None, run_after=None
[2025-07-01T22:47:37.118+0000] {logging_mixin.py:190} INFO - [2025-07-01T22:47:37.118+0000] {dag.py:4180} INFO - Setting next_dagrun for dataset_s3_bucket_producer_with_no_taskflow to None, run_after=None
[2025-07-01T22:47:37.140+0000] {processor.py:208} INFO - Processing /home/airflow/.local/lib/python3.12/site-packages/airflow/example_dags/example_dataset_alias_with_no_taskflow.py took 0.199 seconds
[2025-07-01T22:48:07.689+0000] {processor.py:186} INFO - Started process (PID=1936) to work on /home/airflow/.local/lib/python3.12/site-packages/airflow/example_dags/example_dataset_alias_with_no_taskflow.py
[2025-07-01T22:48:07.690+0000] {processor.py:914} INFO - Processing file /home/airflow/.local/lib/python3.12/site-packages/airflow/example_dags/example_dataset_alias_with_no_taskflow.py for tasks to queue
[2025-07-01T22:48:07.692+0000] {logging_mixin.py:190} INFO - [2025-07-01T22:48:07.691+0000] {dagbag.py:588} INFO - Filling up the DagBag from /home/airflow/.local/lib/python3.12/site-packages/airflow/example_dags/example_dataset_alias_with_no_taskflow.py
[2025-07-01T22:48:07.822+0000] {processor.py:925} INFO - DAG(s) 'dataset_alias_example_alias_producer_with_no_taskflow', 'dataset_s3_bucket_consumer_with_no_taskflow', 'dataset_s3_bucket_producer_with_no_taskflow', 'dataset_alias_example_alias_consumer_with_no_taskflow' retrieved from /home/airflow/.local/lib/python3.12/site-packages/airflow/example_dags/example_dataset_alias_with_no_taskflow.py
[2025-07-01T22:48:07.839+0000] {logging_mixin.py:190} INFO - [2025-07-01T22:48:07.839+0000] {dag.py:3239} INFO - Sync 4 DAGs
[2025-07-01T22:48:07.857+0000] {logging_mixin.py:190} INFO - [2025-07-01T22:48:07.857+0000] {dag.py:4180} INFO - Setting next_dagrun for dataset_alias_example_alias_consumer_with_no_taskflow to None, run_after=None
[2025-07-01T22:48:07.860+0000] {logging_mixin.py:190} INFO - [2025-07-01T22:48:07.860+0000] {dag.py:4180} INFO - Setting next_dagrun for dataset_alias_example_alias_producer_with_no_taskflow to None, run_after=None
[2025-07-01T22:48:07.861+0000] {logging_mixin.py:190} INFO - [2025-07-01T22:48:07.861+0000] {dag.py:4180} INFO - Setting next_dagrun for dataset_s3_bucket_consumer_with_no_taskflow to None, run_after=None
[2025-07-01T22:48:07.863+0000] {logging_mixin.py:190} INFO - [2025-07-01T22:48:07.862+0000] {dag.py:4180} INFO - Setting next_dagrun for dataset_s3_bucket_producer_with_no_taskflow to None, run_after=None
[2025-07-01T22:48:07.884+0000] {processor.py:208} INFO - Processing /home/airflow/.local/lib/python3.12/site-packages/airflow/example_dags/example_dataset_alias_with_no_taskflow.py took 0.200 seconds
[2025-07-01T22:48:37.959+0000] {processor.py:186} INFO - Started process (PID=2006) to work on /home/airflow/.local/lib/python3.12/site-packages/airflow/example_dags/example_dataset_alias_with_no_taskflow.py
[2025-07-01T22:48:37.960+0000] {processor.py:914} INFO - Processing file /home/airflow/.local/lib/python3.12/site-packages/airflow/example_dags/example_dataset_alias_with_no_taskflow.py for tasks to queue
[2025-07-01T22:48:37.964+0000] {logging_mixin.py:190} INFO - [2025-07-01T22:48:37.963+0000] {dagbag.py:588} INFO - Filling up the DagBag from /home/airflow/.local/lib/python3.12/site-packages/airflow/example_dags/example_dataset_alias_with_no_taskflow.py
[2025-07-01T22:48:38.117+0000] {processor.py:925} INFO - DAG(s) 'dataset_alias_example_alias_producer_with_no_taskflow', 'dataset_alias_example_alias_consumer_with_no_taskflow', 'dataset_s3_bucket_producer_with_no_taskflow', 'dataset_s3_bucket_consumer_with_no_taskflow' retrieved from /home/airflow/.local/lib/python3.12/site-packages/airflow/example_dags/example_dataset_alias_with_no_taskflow.py
[2025-07-01T22:48:38.142+0000] {logging_mixin.py:190} INFO - [2025-07-01T22:48:38.141+0000] {dag.py:3239} INFO - Sync 4 DAGs
[2025-07-01T22:48:38.165+0000] {logging_mixin.py:190} INFO - [2025-07-01T22:48:38.165+0000] {dag.py:4180} INFO - Setting next_dagrun for dataset_alias_example_alias_consumer_with_no_taskflow to None, run_after=None
[2025-07-01T22:48:38.169+0000] {logging_mixin.py:190} INFO - [2025-07-01T22:48:38.168+0000] {dag.py:4180} INFO - Setting next_dagrun for dataset_alias_example_alias_producer_with_no_taskflow to None, run_after=None
[2025-07-01T22:48:38.171+0000] {logging_mixin.py:190} INFO - [2025-07-01T22:48:38.171+0000] {dag.py:4180} INFO - Setting next_dagrun for dataset_s3_bucket_consumer_with_no_taskflow to None, run_after=None
[2025-07-01T22:48:38.173+0000] {logging_mixin.py:190} INFO - [2025-07-01T22:48:38.173+0000] {dag.py:4180} INFO - Setting next_dagrun for dataset_s3_bucket_producer_with_no_taskflow to None, run_after=None
[2025-07-01T22:48:38.199+0000] {processor.py:208} INFO - Processing /home/airflow/.local/lib/python3.12/site-packages/airflow/example_dags/example_dataset_alias_with_no_taskflow.py took 0.248 seconds
[2025-07-01T22:49:08.501+0000] {processor.py:186} INFO - Started process (PID=2067) to work on /home/airflow/.local/lib/python3.12/site-packages/airflow/example_dags/example_dataset_alias_with_no_taskflow.py
[2025-07-01T22:49:08.502+0000] {processor.py:914} INFO - Processing file /home/airflow/.local/lib/python3.12/site-packages/airflow/example_dags/example_dataset_alias_with_no_taskflow.py for tasks to queue
[2025-07-01T22:49:08.504+0000] {logging_mixin.py:190} INFO - [2025-07-01T22:49:08.504+0000] {dagbag.py:588} INFO - Filling up the DagBag from /home/airflow/.local/lib/python3.12/site-packages/airflow/example_dags/example_dataset_alias_with_no_taskflow.py
[2025-07-01T22:49:08.631+0000] {processor.py:925} INFO - DAG(s) 'dataset_s3_bucket_consumer_with_no_taskflow', 'dataset_alias_example_alias_consumer_with_no_taskflow', 'dataset_s3_bucket_producer_with_no_taskflow', 'dataset_alias_example_alias_producer_with_no_taskflow' retrieved from /home/airflow/.local/lib/python3.12/site-packages/airflow/example_dags/example_dataset_alias_with_no_taskflow.py
[2025-07-01T22:49:08.649+0000] {logging_mixin.py:190} INFO - [2025-07-01T22:49:08.649+0000] {dag.py:3239} INFO - Sync 4 DAGs
[2025-07-01T22:49:08.827+0000] {logging_mixin.py:190} INFO - [2025-07-01T22:49:08.827+0000] {dag.py:4180} INFO - Setting next_dagrun for dataset_alias_example_alias_consumer_with_no_taskflow to None, run_after=None
[2025-07-01T22:49:08.830+0000] {logging_mixin.py:190} INFO - [2025-07-01T22:49:08.829+0000] {dag.py:4180} INFO - Setting next_dagrun for dataset_alias_example_alias_producer_with_no_taskflow to None, run_after=None
[2025-07-01T22:49:08.831+0000] {logging_mixin.py:190} INFO - [2025-07-01T22:49:08.831+0000] {dag.py:4180} INFO - Setting next_dagrun for dataset_s3_bucket_consumer_with_no_taskflow to None, run_after=None
[2025-07-01T22:49:08.832+0000] {logging_mixin.py:190} INFO - [2025-07-01T22:49:08.832+0000] {dag.py:4180} INFO - Setting next_dagrun for dataset_s3_bucket_producer_with_no_taskflow to None, run_after=None
[2025-07-01T22:49:08.855+0000] {processor.py:208} INFO - Processing /home/airflow/.local/lib/python3.12/site-packages/airflow/example_dags/example_dataset_alias_with_no_taskflow.py took 0.358 seconds
[2025-07-01T22:49:39.489+0000] {processor.py:186} INFO - Started process (PID=2133) to work on /home/airflow/.local/lib/python3.12/site-packages/airflow/example_dags/example_dataset_alias_with_no_taskflow.py
[2025-07-01T22:49:39.490+0000] {processor.py:914} INFO - Processing file /home/airflow/.local/lib/python3.12/site-packages/airflow/example_dags/example_dataset_alias_with_no_taskflow.py for tasks to queue
[2025-07-01T22:49:39.493+0000] {logging_mixin.py:190} INFO - [2025-07-01T22:49:39.493+0000] {dagbag.py:588} INFO - Filling up the DagBag from /home/airflow/.local/lib/python3.12/site-packages/airflow/example_dags/example_dataset_alias_with_no_taskflow.py
[2025-07-01T22:49:39.676+0000] {processor.py:925} INFO - DAG(s) 'dataset_alias_example_alias_consumer_with_no_taskflow', 'dataset_alias_example_alias_producer_with_no_taskflow', 'dataset_s3_bucket_consumer_with_no_taskflow', 'dataset_s3_bucket_producer_with_no_taskflow' retrieved from /home/airflow/.local/lib/python3.12/site-packages/airflow/example_dags/example_dataset_alias_with_no_taskflow.py
[2025-07-01T22:49:39.700+0000] {logging_mixin.py:190} INFO - [2025-07-01T22:49:39.700+0000] {dag.py:3239} INFO - Sync 4 DAGs
[2025-07-01T22:49:39.726+0000] {logging_mixin.py:190} INFO - [2025-07-01T22:49:39.726+0000] {dag.py:4180} INFO - Setting next_dagrun for dataset_alias_example_alias_consumer_with_no_taskflow to None, run_after=None
[2025-07-01T22:49:39.729+0000] {logging_mixin.py:190} INFO - [2025-07-01T22:49:39.729+0000] {dag.py:4180} INFO - Setting next_dagrun for dataset_alias_example_alias_producer_with_no_taskflow to None, run_after=None
[2025-07-01T22:49:39.731+0000] {logging_mixin.py:190} INFO - [2025-07-01T22:49:39.731+0000] {dag.py:4180} INFO - Setting next_dagrun for dataset_s3_bucket_consumer_with_no_taskflow to None, run_after=None
[2025-07-01T22:49:39.732+0000] {logging_mixin.py:190} INFO - [2025-07-01T22:49:39.732+0000] {dag.py:4180} INFO - Setting next_dagrun for dataset_s3_bucket_producer_with_no_taskflow to None, run_after=None
[2025-07-01T22:49:39.980+0000] {processor.py:208} INFO - Processing /home/airflow/.local/lib/python3.12/site-packages/airflow/example_dags/example_dataset_alias_with_no_taskflow.py took 0.496 seconds
[2025-07-01T22:50:10.709+0000] {processor.py:186} INFO - Started process (PID=2197) to work on /home/airflow/.local/lib/python3.12/site-packages/airflow/example_dags/example_dataset_alias_with_no_taskflow.py
[2025-07-01T22:50:10.710+0000] {processor.py:914} INFO - Processing file /home/airflow/.local/lib/python3.12/site-packages/airflow/example_dags/example_dataset_alias_with_no_taskflow.py for tasks to queue
[2025-07-01T22:50:10.712+0000] {logging_mixin.py:190} INFO - [2025-07-01T22:50:10.712+0000] {dagbag.py:588} INFO - Filling up the DagBag from /home/airflow/.local/lib/python3.12/site-packages/airflow/example_dags/example_dataset_alias_with_no_taskflow.py
[2025-07-01T22:50:10.832+0000] {processor.py:925} INFO - DAG(s) 'dataset_s3_bucket_consumer_with_no_taskflow', 'dataset_alias_example_alias_consumer_with_no_taskflow', 'dataset_s3_bucket_producer_with_no_taskflow', 'dataset_alias_example_alias_producer_with_no_taskflow' retrieved from /home/airflow/.local/lib/python3.12/site-packages/airflow/example_dags/example_dataset_alias_with_no_taskflow.py
[2025-07-01T22:50:10.850+0000] {logging_mixin.py:190} INFO - [2025-07-01T22:50:10.850+0000] {dag.py:3239} INFO - Sync 4 DAGs
[2025-07-01T22:50:10.867+0000] {logging_mixin.py:190} INFO - [2025-07-01T22:50:10.867+0000] {dag.py:4180} INFO - Setting next_dagrun for dataset_alias_example_alias_consumer_with_no_taskflow to None, run_after=None
[2025-07-01T22:50:10.870+0000] {logging_mixin.py:190} INFO - [2025-07-01T22:50:10.869+0000] {dag.py:4180} INFO - Setting next_dagrun for dataset_alias_example_alias_producer_with_no_taskflow to None, run_after=None
[2025-07-01T22:50:10.871+0000] {logging_mixin.py:190} INFO - [2025-07-01T22:50:10.871+0000] {dag.py:4180} INFO - Setting next_dagrun for dataset_s3_bucket_consumer_with_no_taskflow to None, run_after=None
[2025-07-01T22:50:10.872+0000] {logging_mixin.py:190} INFO - [2025-07-01T22:50:10.872+0000] {dag.py:4180} INFO - Setting next_dagrun for dataset_s3_bucket_producer_with_no_taskflow to None, run_after=None
[2025-07-01T22:50:10.891+0000] {processor.py:208} INFO - Processing /home/airflow/.local/lib/python3.12/site-packages/airflow/example_dags/example_dataset_alias_with_no_taskflow.py took 0.188 seconds
[2025-07-01T22:50:41.836+0000] {processor.py:186} INFO - Started process (PID=2262) to work on /home/airflow/.local/lib/python3.12/site-packages/airflow/example_dags/example_dataset_alias_with_no_taskflow.py
[2025-07-01T22:50:41.837+0000] {processor.py:914} INFO - Processing file /home/airflow/.local/lib/python3.12/site-packages/airflow/example_dags/example_dataset_alias_with_no_taskflow.py for tasks to queue
[2025-07-01T22:50:41.839+0000] {logging_mixin.py:190} INFO - [2025-07-01T22:50:41.839+0000] {dagbag.py:588} INFO - Filling up the DagBag from /home/airflow/.local/lib/python3.12/site-packages/airflow/example_dags/example_dataset_alias_with_no_taskflow.py
[2025-07-01T22:50:41.972+0000] {processor.py:925} INFO - DAG(s) 'dataset_s3_bucket_consumer_with_no_taskflow', 'dataset_alias_example_alias_consumer_with_no_taskflow', 'dataset_alias_example_alias_producer_with_no_taskflow', 'dataset_s3_bucket_producer_with_no_taskflow' retrieved from /home/airflow/.local/lib/python3.12/site-packages/airflow/example_dags/example_dataset_alias_with_no_taskflow.py
[2025-07-01T22:50:42.184+0000] {logging_mixin.py:190} INFO - [2025-07-01T22:50:42.183+0000] {dag.py:3239} INFO - Sync 4 DAGs
[2025-07-01T22:50:42.203+0000] {logging_mixin.py:190} INFO - [2025-07-01T22:50:42.202+0000] {dag.py:4180} INFO - Setting next_dagrun for dataset_alias_example_alias_consumer_with_no_taskflow to None, run_after=None
[2025-07-01T22:50:42.206+0000] {logging_mixin.py:190} INFO - [2025-07-01T22:50:42.206+0000] {dag.py:4180} INFO - Setting next_dagrun for dataset_alias_example_alias_producer_with_no_taskflow to None, run_after=None
[2025-07-01T22:50:42.208+0000] {logging_mixin.py:190} INFO - [2025-07-01T22:50:42.208+0000] {dag.py:4180} INFO - Setting next_dagrun for dataset_s3_bucket_consumer_with_no_taskflow to None, run_after=None
[2025-07-01T22:50:42.209+0000] {logging_mixin.py:190} INFO - [2025-07-01T22:50:42.209+0000] {dag.py:4180} INFO - Setting next_dagrun for dataset_s3_bucket_producer_with_no_taskflow to None, run_after=None
[2025-07-01T22:50:42.232+0000] {processor.py:208} INFO - Processing /home/airflow/.local/lib/python3.12/site-packages/airflow/example_dags/example_dataset_alias_with_no_taskflow.py took 0.401 seconds
[2025-07-01T22:51:13.206+0000] {processor.py:186} INFO - Started process (PID=2327) to work on /home/airflow/.local/lib/python3.12/site-packages/airflow/example_dags/example_dataset_alias_with_no_taskflow.py
[2025-07-01T22:51:13.207+0000] {processor.py:914} INFO - Processing file /home/airflow/.local/lib/python3.12/site-packages/airflow/example_dags/example_dataset_alias_with_no_taskflow.py for tasks to queue
[2025-07-01T22:51:13.209+0000] {logging_mixin.py:190} INFO - [2025-07-01T22:51:13.209+0000] {dagbag.py:588} INFO - Filling up the DagBag from /home/airflow/.local/lib/python3.12/site-packages/airflow/example_dags/example_dataset_alias_with_no_taskflow.py
[2025-07-01T22:51:13.333+0000] {processor.py:925} INFO - DAG(s) 'dataset_s3_bucket_producer_with_no_taskflow', 'dataset_alias_example_alias_consumer_with_no_taskflow', 'dataset_alias_example_alias_producer_with_no_taskflow', 'dataset_s3_bucket_consumer_with_no_taskflow' retrieved from /home/airflow/.local/lib/python3.12/site-packages/airflow/example_dags/example_dataset_alias_with_no_taskflow.py
[2025-07-01T22:51:13.350+0000] {logging_mixin.py:190} INFO - [2025-07-01T22:51:13.350+0000] {dag.py:3239} INFO - Sync 4 DAGs
[2025-07-01T22:51:13.538+0000] {logging_mixin.py:190} INFO - [2025-07-01T22:51:13.538+0000] {dag.py:4180} INFO - Setting next_dagrun for dataset_alias_example_alias_consumer_with_no_taskflow to None, run_after=None
[2025-07-01T22:51:13.541+0000] {logging_mixin.py:190} INFO - [2025-07-01T22:51:13.540+0000] {dag.py:4180} INFO - Setting next_dagrun for dataset_alias_example_alias_producer_with_no_taskflow to None, run_after=None
[2025-07-01T22:51:13.542+0000] {logging_mixin.py:190} INFO - [2025-07-01T22:51:13.542+0000] {dag.py:4180} INFO - Setting next_dagrun for dataset_s3_bucket_consumer_with_no_taskflow to None, run_after=None
[2025-07-01T22:51:13.543+0000] {logging_mixin.py:190} INFO - [2025-07-01T22:51:13.543+0000] {dag.py:4180} INFO - Setting next_dagrun for dataset_s3_bucket_producer_with_no_taskflow to None, run_after=None
[2025-07-01T22:51:13.563+0000] {processor.py:208} INFO - Processing /home/airflow/.local/lib/python3.12/site-packages/airflow/example_dags/example_dataset_alias_with_no_taskflow.py took 0.363 seconds
[2025-07-01T22:51:43.652+0000] {processor.py:186} INFO - Started process (PID=2394) to work on /home/airflow/.local/lib/python3.12/site-packages/airflow/example_dags/example_dataset_alias_with_no_taskflow.py
[2025-07-01T22:51:43.653+0000] {processor.py:914} INFO - Processing file /home/airflow/.local/lib/python3.12/site-packages/airflow/example_dags/example_dataset_alias_with_no_taskflow.py for tasks to queue
[2025-07-01T22:51:43.660+0000] {logging_mixin.py:190} INFO - [2025-07-01T22:51:43.659+0000] {dagbag.py:588} INFO - Filling up the DagBag from /home/airflow/.local/lib/python3.12/site-packages/airflow/example_dags/example_dataset_alias_with_no_taskflow.py
[2025-07-01T22:51:43.791+0000] {processor.py:925} INFO - DAG(s) 'dataset_s3_bucket_consumer_with_no_taskflow', 'dataset_s3_bucket_producer_with_no_taskflow', 'dataset_alias_example_alias_consumer_with_no_taskflow', 'dataset_alias_example_alias_producer_with_no_taskflow' retrieved from /home/airflow/.local/lib/python3.12/site-packages/airflow/example_dags/example_dataset_alias_with_no_taskflow.py
[2025-07-01T22:51:43.819+0000] {logging_mixin.py:190} INFO - [2025-07-01T22:51:43.819+0000] {dag.py:3239} INFO - Sync 4 DAGs
[2025-07-01T22:51:43.849+0000] {logging_mixin.py:190} INFO - [2025-07-01T22:51:43.848+0000] {dag.py:4180} INFO - Setting next_dagrun for dataset_alias_example_alias_consumer_with_no_taskflow to None, run_after=None
[2025-07-01T22:51:43.852+0000] {logging_mixin.py:190} INFO - [2025-07-01T22:51:43.852+0000] {dag.py:4180} INFO - Setting next_dagrun for dataset_alias_example_alias_producer_with_no_taskflow to None, run_after=None
[2025-07-01T22:51:43.854+0000] {logging_mixin.py:190} INFO - [2025-07-01T22:51:43.854+0000] {dag.py:4180} INFO - Setting next_dagrun for dataset_s3_bucket_consumer_with_no_taskflow to None, run_after=None
[2025-07-01T22:51:43.856+0000] {logging_mixin.py:190} INFO - [2025-07-01T22:51:43.856+0000] {dag.py:4180} INFO - Setting next_dagrun for dataset_s3_bucket_producer_with_no_taskflow to None, run_after=None
[2025-07-01T22:51:44.050+0000] {processor.py:208} INFO - Processing /home/airflow/.local/lib/python3.12/site-packages/airflow/example_dags/example_dataset_alias_with_no_taskflow.py took 0.403 seconds
[2025-07-01T22:52:14.211+0000] {processor.py:186} INFO - Started process (PID=2459) to work on /home/airflow/.local/lib/python3.12/site-packages/airflow/example_dags/example_dataset_alias_with_no_taskflow.py
[2025-07-01T22:52:14.212+0000] {processor.py:914} INFO - Processing file /home/airflow/.local/lib/python3.12/site-packages/airflow/example_dags/example_dataset_alias_with_no_taskflow.py for tasks to queue
[2025-07-01T22:52:14.214+0000] {logging_mixin.py:190} INFO - [2025-07-01T22:52:14.214+0000] {dagbag.py:588} INFO - Filling up the DagBag from /home/airflow/.local/lib/python3.12/site-packages/airflow/example_dags/example_dataset_alias_with_no_taskflow.py
[2025-07-01T22:52:14.501+0000] {processor.py:925} INFO - DAG(s) 'dataset_s3_bucket_consumer_with_no_taskflow', 'dataset_alias_example_alias_producer_with_no_taskflow', 'dataset_s3_bucket_producer_with_no_taskflow', 'dataset_alias_example_alias_consumer_with_no_taskflow' retrieved from /home/airflow/.local/lib/python3.12/site-packages/airflow/example_dags/example_dataset_alias_with_no_taskflow.py
[2025-07-01T22:52:14.517+0000] {logging_mixin.py:190} INFO - [2025-07-01T22:52:14.517+0000] {dag.py:3239} INFO - Sync 4 DAGs
[2025-07-01T22:52:14.533+0000] {logging_mixin.py:190} INFO - [2025-07-01T22:52:14.533+0000] {dag.py:4180} INFO - Setting next_dagrun for dataset_alias_example_alias_consumer_with_no_taskflow to None, run_after=None
[2025-07-01T22:52:14.535+0000] {logging_mixin.py:190} INFO - [2025-07-01T22:52:14.535+0000] {dag.py:4180} INFO - Setting next_dagrun for dataset_alias_example_alias_producer_with_no_taskflow to None, run_after=None
[2025-07-01T22:52:14.536+0000] {logging_mixin.py:190} INFO - [2025-07-01T22:52:14.536+0000] {dag.py:4180} INFO - Setting next_dagrun for dataset_s3_bucket_consumer_with_no_taskflow to None, run_after=None
[2025-07-01T22:52:14.538+0000] {logging_mixin.py:190} INFO - [2025-07-01T22:52:14.538+0000] {dag.py:4180} INFO - Setting next_dagrun for dataset_s3_bucket_producer_with_no_taskflow to None, run_after=None
[2025-07-01T22:52:14.562+0000] {processor.py:208} INFO - Processing /home/airflow/.local/lib/python3.12/site-packages/airflow/example_dags/example_dataset_alias_with_no_taskflow.py took 0.357 seconds
[2025-07-01T22:52:44.798+0000] {processor.py:186} INFO - Started process (PID=2523) to work on /home/airflow/.local/lib/python3.12/site-packages/airflow/example_dags/example_dataset_alias_with_no_taskflow.py
[2025-07-01T22:52:44.799+0000] {processor.py:914} INFO - Processing file /home/airflow/.local/lib/python3.12/site-packages/airflow/example_dags/example_dataset_alias_with_no_taskflow.py for tasks to queue
[2025-07-01T22:52:44.802+0000] {logging_mixin.py:190} INFO - [2025-07-01T22:52:44.801+0000] {dagbag.py:588} INFO - Filling up the DagBag from /home/airflow/.local/lib/python3.12/site-packages/airflow/example_dags/example_dataset_alias_with_no_taskflow.py
[2025-07-01T22:52:45.133+0000] {processor.py:925} INFO - DAG(s) 'dataset_s3_bucket_producer_with_no_taskflow', 'dataset_s3_bucket_consumer_with_no_taskflow', 'dataset_alias_example_alias_consumer_with_no_taskflow', 'dataset_alias_example_alias_producer_with_no_taskflow' retrieved from /home/airflow/.local/lib/python3.12/site-packages/airflow/example_dags/example_dataset_alias_with_no_taskflow.py
[2025-07-01T22:52:45.155+0000] {logging_mixin.py:190} INFO - [2025-07-01T22:52:45.155+0000] {dag.py:3239} INFO - Sync 4 DAGs
[2025-07-01T22:52:45.173+0000] {logging_mixin.py:190} INFO - [2025-07-01T22:52:45.173+0000] {dag.py:4180} INFO - Setting next_dagrun for dataset_alias_example_alias_consumer_with_no_taskflow to None, run_after=None
[2025-07-01T22:52:45.176+0000] {logging_mixin.py:190} INFO - [2025-07-01T22:52:45.175+0000] {dag.py:4180} INFO - Setting next_dagrun for dataset_alias_example_alias_producer_with_no_taskflow to None, run_after=None
[2025-07-01T22:52:45.177+0000] {logging_mixin.py:190} INFO - [2025-07-01T22:52:45.177+0000] {dag.py:4180} INFO - Setting next_dagrun for dataset_s3_bucket_consumer_with_no_taskflow to None, run_after=None
[2025-07-01T22:52:45.179+0000] {logging_mixin.py:190} INFO - [2025-07-01T22:52:45.179+0000] {dag.py:4180} INFO - Setting next_dagrun for dataset_s3_bucket_producer_with_no_taskflow to None, run_after=None
[2025-07-01T22:52:45.210+0000] {processor.py:208} INFO - Processing /home/airflow/.local/lib/python3.12/site-packages/airflow/example_dags/example_dataset_alias_with_no_taskflow.py took 0.417 seconds
