[2025-07-01T21:16:45.882+0000] {processor.py:186} INFO - Started process (PID=78) to work on /home/airflow/.local/lib/python3.12/site-packages/airflow/example_dags/example_python_decorator.py
[2025-07-01T21:16:45.883+0000] {processor.py:914} INFO - Processing file /home/airflow/.local/lib/python3.12/site-packages/airflow/example_dags/example_python_decorator.py for tasks to queue
[2025-07-01T21:16:45.885+0000] {logging_mixin.py:190} INFO - [2025-07-01T21:16:45.884+0000] {dagbag.py:588} INFO - Filling up the DagBag from /home/airflow/.local/lib/python3.12/site-packages/airflow/example_dags/example_python_decorator.py
[2025-07-01T21:16:45.897+0000] {processor.py:925} INFO - DAG(s) 'example_python_decorator' retrieved from /home/airflow/.local/lib/python3.12/site-packages/airflow/example_dags/example_python_decorator.py
[2025-07-01T21:16:45.986+0000] {logging_mixin.py:190} INFO - [2025-07-01T21:16:45.986+0000] {dag.py:3239} INFO - Sync 1 DAGs
[2025-07-01T21:16:45.997+0000] {logging_mixin.py:190} INFO - [2025-07-01T21:16:45.997+0000] {dag.py:4180} INFO - Setting next_dagrun for example_python_decorator to None, run_after=None
[2025-07-01T21:16:46.016+0000] {processor.py:208} INFO - Processing /home/airflow/.local/lib/python3.12/site-packages/airflow/example_dags/example_python_decorator.py took 0.139 seconds
[2025-07-01T21:17:16.634+0000] {processor.py:186} INFO - Started process (PID=140) to work on /home/airflow/.local/lib/python3.12/site-packages/airflow/example_dags/example_python_decorator.py
[2025-07-01T21:17:16.635+0000] {processor.py:914} INFO - Processing file /home/airflow/.local/lib/python3.12/site-packages/airflow/example_dags/example_python_decorator.py for tasks to queue
[2025-07-01T21:17:16.637+0000] {logging_mixin.py:190} INFO - [2025-07-01T21:17:16.637+0000] {dagbag.py:588} INFO - Filling up the DagBag from /home/airflow/.local/lib/python3.12/site-packages/airflow/example_dags/example_python_decorator.py
[2025-07-01T21:17:16.650+0000] {processor.py:925} INFO - DAG(s) 'example_python_decorator' retrieved from /home/airflow/.local/lib/python3.12/site-packages/airflow/example_dags/example_python_decorator.py
[2025-07-01T21:17:16.668+0000] {logging_mixin.py:190} INFO - [2025-07-01T21:17:16.668+0000] {dag.py:3239} INFO - Sync 1 DAGs
[2025-07-01T21:17:16.682+0000] {logging_mixin.py:190} INFO - [2025-07-01T21:17:16.682+0000] {dag.py:4180} INFO - Setting next_dagrun for example_python_decorator to None, run_after=None
[2025-07-01T21:17:16.701+0000] {processor.py:208} INFO - Processing /home/airflow/.local/lib/python3.12/site-packages/airflow/example_dags/example_python_decorator.py took 0.072 seconds
[2025-07-01T21:17:47.181+0000] {processor.py:186} INFO - Started process (PID=202) to work on /home/airflow/.local/lib/python3.12/site-packages/airflow/example_dags/example_python_decorator.py
[2025-07-01T21:17:47.182+0000] {processor.py:914} INFO - Processing file /home/airflow/.local/lib/python3.12/site-packages/airflow/example_dags/example_python_decorator.py for tasks to queue
[2025-07-01T21:17:47.184+0000] {logging_mixin.py:190} INFO - [2025-07-01T21:17:47.184+0000] {dagbag.py:588} INFO - Filling up the DagBag from /home/airflow/.local/lib/python3.12/site-packages/airflow/example_dags/example_python_decorator.py
[2025-07-01T21:17:47.196+0000] {processor.py:925} INFO - DAG(s) 'example_python_decorator' retrieved from /home/airflow/.local/lib/python3.12/site-packages/airflow/example_dags/example_python_decorator.py
[2025-07-01T21:17:47.214+0000] {logging_mixin.py:190} INFO - [2025-07-01T21:17:47.214+0000] {dag.py:3239} INFO - Sync 1 DAGs
[2025-07-01T21:17:47.225+0000] {logging_mixin.py:190} INFO - [2025-07-01T21:17:47.225+0000] {dag.py:4180} INFO - Setting next_dagrun for example_python_decorator to None, run_after=None
[2025-07-01T21:17:47.243+0000] {processor.py:208} INFO - Processing /home/airflow/.local/lib/python3.12/site-packages/airflow/example_dags/example_python_decorator.py took 0.067 seconds
[2025-07-01T21:18:17.981+0000] {processor.py:186} INFO - Started process (PID=265) to work on /home/airflow/.local/lib/python3.12/site-packages/airflow/example_dags/example_python_decorator.py
[2025-07-01T21:18:17.982+0000] {processor.py:914} INFO - Processing file /home/airflow/.local/lib/python3.12/site-packages/airflow/example_dags/example_python_decorator.py for tasks to queue
[2025-07-01T21:18:17.984+0000] {logging_mixin.py:190} INFO - [2025-07-01T21:18:17.984+0000] {dagbag.py:588} INFO - Filling up the DagBag from /home/airflow/.local/lib/python3.12/site-packages/airflow/example_dags/example_python_decorator.py
[2025-07-01T21:18:17.997+0000] {processor.py:925} INFO - DAG(s) 'example_python_decorator' retrieved from /home/airflow/.local/lib/python3.12/site-packages/airflow/example_dags/example_python_decorator.py
[2025-07-01T21:18:18.015+0000] {logging_mixin.py:190} INFO - [2025-07-01T21:18:18.014+0000] {dag.py:3239} INFO - Sync 1 DAGs
[2025-07-01T21:18:18.027+0000] {logging_mixin.py:190} INFO - [2025-07-01T21:18:18.027+0000] {dag.py:4180} INFO - Setting next_dagrun for example_python_decorator to None, run_after=None
[2025-07-01T21:18:18.044+0000] {processor.py:208} INFO - Processing /home/airflow/.local/lib/python3.12/site-packages/airflow/example_dags/example_python_decorator.py took 0.067 seconds
[2025-07-01T21:18:48.683+0000] {processor.py:186} INFO - Started process (PID=333) to work on /home/airflow/.local/lib/python3.12/site-packages/airflow/example_dags/example_python_decorator.py
[2025-07-01T21:18:48.684+0000] {processor.py:914} INFO - Processing file /home/airflow/.local/lib/python3.12/site-packages/airflow/example_dags/example_python_decorator.py for tasks to queue
[2025-07-01T21:18:48.687+0000] {logging_mixin.py:190} INFO - [2025-07-01T21:18:48.686+0000] {dagbag.py:588} INFO - Filling up the DagBag from /home/airflow/.local/lib/python3.12/site-packages/airflow/example_dags/example_python_decorator.py
[2025-07-01T21:18:48.699+0000] {processor.py:925} INFO - DAG(s) 'example_python_decorator' retrieved from /home/airflow/.local/lib/python3.12/site-packages/airflow/example_dags/example_python_decorator.py
[2025-07-01T21:18:48.718+0000] {logging_mixin.py:190} INFO - [2025-07-01T21:18:48.718+0000] {dag.py:3239} INFO - Sync 1 DAGs
[2025-07-01T21:18:48.730+0000] {logging_mixin.py:190} INFO - [2025-07-01T21:18:48.730+0000] {dag.py:4180} INFO - Setting next_dagrun for example_python_decorator to None, run_after=None
[2025-07-01T21:18:48.751+0000] {processor.py:208} INFO - Processing /home/airflow/.local/lib/python3.12/site-packages/airflow/example_dags/example_python_decorator.py took 0.073 seconds
[2025-07-01T21:19:19.558+0000] {processor.py:186} INFO - Started process (PID=395) to work on /home/airflow/.local/lib/python3.12/site-packages/airflow/example_dags/example_python_decorator.py
[2025-07-01T21:19:19.559+0000] {processor.py:914} INFO - Processing file /home/airflow/.local/lib/python3.12/site-packages/airflow/example_dags/example_python_decorator.py for tasks to queue
[2025-07-01T21:19:19.561+0000] {logging_mixin.py:190} INFO - [2025-07-01T21:19:19.561+0000] {dagbag.py:588} INFO - Filling up the DagBag from /home/airflow/.local/lib/python3.12/site-packages/airflow/example_dags/example_python_decorator.py
[2025-07-01T21:19:19.573+0000] {processor.py:925} INFO - DAG(s) 'example_python_decorator' retrieved from /home/airflow/.local/lib/python3.12/site-packages/airflow/example_dags/example_python_decorator.py
[2025-07-01T21:19:19.590+0000] {logging_mixin.py:190} INFO - [2025-07-01T21:19:19.590+0000] {dag.py:3239} INFO - Sync 1 DAGs
[2025-07-01T21:19:19.602+0000] {logging_mixin.py:190} INFO - [2025-07-01T21:19:19.601+0000] {dag.py:4180} INFO - Setting next_dagrun for example_python_decorator to None, run_after=None
[2025-07-01T21:19:19.620+0000] {processor.py:208} INFO - Processing /home/airflow/.local/lib/python3.12/site-packages/airflow/example_dags/example_python_decorator.py took 0.066 seconds
[2025-07-01T21:19:50.464+0000] {processor.py:186} INFO - Started process (PID=457) to work on /home/airflow/.local/lib/python3.12/site-packages/airflow/example_dags/example_python_decorator.py
[2025-07-01T21:19:50.465+0000] {processor.py:914} INFO - Processing file /home/airflow/.local/lib/python3.12/site-packages/airflow/example_dags/example_python_decorator.py for tasks to queue
[2025-07-01T21:19:50.467+0000] {logging_mixin.py:190} INFO - [2025-07-01T21:19:50.467+0000] {dagbag.py:588} INFO - Filling up the DagBag from /home/airflow/.local/lib/python3.12/site-packages/airflow/example_dags/example_python_decorator.py
[2025-07-01T21:19:50.479+0000] {processor.py:925} INFO - DAG(s) 'example_python_decorator' retrieved from /home/airflow/.local/lib/python3.12/site-packages/airflow/example_dags/example_python_decorator.py
[2025-07-01T21:19:50.497+0000] {logging_mixin.py:190} INFO - [2025-07-01T21:19:50.497+0000] {dag.py:3239} INFO - Sync 1 DAGs
[2025-07-01T21:19:50.510+0000] {logging_mixin.py:190} INFO - [2025-07-01T21:19:50.510+0000] {dag.py:4180} INFO - Setting next_dagrun for example_python_decorator to None, run_after=None
[2025-07-01T21:19:50.529+0000] {processor.py:208} INFO - Processing /home/airflow/.local/lib/python3.12/site-packages/airflow/example_dags/example_python_decorator.py took 0.070 seconds
[2025-07-01T21:20:21.108+0000] {processor.py:186} INFO - Started process (PID=519) to work on /home/airflow/.local/lib/python3.12/site-packages/airflow/example_dags/example_python_decorator.py
[2025-07-01T21:20:21.109+0000] {processor.py:914} INFO - Processing file /home/airflow/.local/lib/python3.12/site-packages/airflow/example_dags/example_python_decorator.py for tasks to queue
[2025-07-01T21:20:21.111+0000] {logging_mixin.py:190} INFO - [2025-07-01T21:20:21.111+0000] {dagbag.py:588} INFO - Filling up the DagBag from /home/airflow/.local/lib/python3.12/site-packages/airflow/example_dags/example_python_decorator.py
[2025-07-01T21:20:21.125+0000] {processor.py:925} INFO - DAG(s) 'example_python_decorator' retrieved from /home/airflow/.local/lib/python3.12/site-packages/airflow/example_dags/example_python_decorator.py
[2025-07-01T21:20:21.147+0000] {logging_mixin.py:190} INFO - [2025-07-01T21:20:21.147+0000] {dag.py:3239} INFO - Sync 1 DAGs
[2025-07-01T21:20:21.160+0000] {logging_mixin.py:190} INFO - [2025-07-01T21:20:21.159+0000] {dag.py:4180} INFO - Setting next_dagrun for example_python_decorator to None, run_after=None
[2025-07-01T21:20:21.181+0000] {processor.py:208} INFO - Processing /home/airflow/.local/lib/python3.12/site-packages/airflow/example_dags/example_python_decorator.py took 0.077 seconds
[2025-07-01T21:20:52.082+0000] {processor.py:186} INFO - Started process (PID=581) to work on /home/airflow/.local/lib/python3.12/site-packages/airflow/example_dags/example_python_decorator.py
[2025-07-01T21:20:52.083+0000] {processor.py:914} INFO - Processing file /home/airflow/.local/lib/python3.12/site-packages/airflow/example_dags/example_python_decorator.py for tasks to queue
[2025-07-01T21:20:52.085+0000] {logging_mixin.py:190} INFO - [2025-07-01T21:20:52.085+0000] {dagbag.py:588} INFO - Filling up the DagBag from /home/airflow/.local/lib/python3.12/site-packages/airflow/example_dags/example_python_decorator.py
[2025-07-01T21:20:52.096+0000] {processor.py:925} INFO - DAG(s) 'example_python_decorator' retrieved from /home/airflow/.local/lib/python3.12/site-packages/airflow/example_dags/example_python_decorator.py
[2025-07-01T21:20:52.115+0000] {logging_mixin.py:190} INFO - [2025-07-01T21:20:52.115+0000] {dag.py:3239} INFO - Sync 1 DAGs
[2025-07-01T21:20:52.127+0000] {logging_mixin.py:190} INFO - [2025-07-01T21:20:52.126+0000] {dag.py:4180} INFO - Setting next_dagrun for example_python_decorator to None, run_after=None
[2025-07-01T21:20:52.143+0000] {processor.py:208} INFO - Processing /home/airflow/.local/lib/python3.12/site-packages/airflow/example_dags/example_python_decorator.py took 0.066 seconds
[2025-07-01T21:21:22.960+0000] {processor.py:186} INFO - Started process (PID=643) to work on /home/airflow/.local/lib/python3.12/site-packages/airflow/example_dags/example_python_decorator.py
[2025-07-01T21:21:22.961+0000] {processor.py:914} INFO - Processing file /home/airflow/.local/lib/python3.12/site-packages/airflow/example_dags/example_python_decorator.py for tasks to queue
[2025-07-01T21:21:22.964+0000] {logging_mixin.py:190} INFO - [2025-07-01T21:21:22.963+0000] {dagbag.py:588} INFO - Filling up the DagBag from /home/airflow/.local/lib/python3.12/site-packages/airflow/example_dags/example_python_decorator.py
[2025-07-01T21:21:22.979+0000] {processor.py:925} INFO - DAG(s) 'example_python_decorator' retrieved from /home/airflow/.local/lib/python3.12/site-packages/airflow/example_dags/example_python_decorator.py
[2025-07-01T21:21:22.998+0000] {logging_mixin.py:190} INFO - [2025-07-01T21:21:22.998+0000] {dag.py:3239} INFO - Sync 1 DAGs
[2025-07-01T21:21:23.010+0000] {logging_mixin.py:190} INFO - [2025-07-01T21:21:23.010+0000] {dag.py:4180} INFO - Setting next_dagrun for example_python_decorator to None, run_after=None
[2025-07-01T21:21:23.034+0000] {processor.py:208} INFO - Processing /home/airflow/.local/lib/python3.12/site-packages/airflow/example_dags/example_python_decorator.py took 0.080 seconds
[2025-07-01T21:21:53.326+0000] {processor.py:186} INFO - Started process (PID=705) to work on /home/airflow/.local/lib/python3.12/site-packages/airflow/example_dags/example_python_decorator.py
[2025-07-01T21:21:53.326+0000] {processor.py:914} INFO - Processing file /home/airflow/.local/lib/python3.12/site-packages/airflow/example_dags/example_python_decorator.py for tasks to queue
[2025-07-01T21:21:53.328+0000] {logging_mixin.py:190} INFO - [2025-07-01T21:21:53.328+0000] {dagbag.py:588} INFO - Filling up the DagBag from /home/airflow/.local/lib/python3.12/site-packages/airflow/example_dags/example_python_decorator.py
[2025-07-01T21:21:53.340+0000] {processor.py:925} INFO - DAG(s) 'example_python_decorator' retrieved from /home/airflow/.local/lib/python3.12/site-packages/airflow/example_dags/example_python_decorator.py
[2025-07-01T21:21:53.358+0000] {logging_mixin.py:190} INFO - [2025-07-01T21:21:53.358+0000] {dag.py:3239} INFO - Sync 1 DAGs
[2025-07-01T21:21:53.369+0000] {logging_mixin.py:190} INFO - [2025-07-01T21:21:53.369+0000] {dag.py:4180} INFO - Setting next_dagrun for example_python_decorator to None, run_after=None
[2025-07-01T21:21:53.388+0000] {processor.py:208} INFO - Processing /home/airflow/.local/lib/python3.12/site-packages/airflow/example_dags/example_python_decorator.py took 0.067 seconds
[2025-07-01T21:22:23.884+0000] {processor.py:186} INFO - Started process (PID=767) to work on /home/airflow/.local/lib/python3.12/site-packages/airflow/example_dags/example_python_decorator.py
[2025-07-01T21:22:23.885+0000] {processor.py:914} INFO - Processing file /home/airflow/.local/lib/python3.12/site-packages/airflow/example_dags/example_python_decorator.py for tasks to queue
[2025-07-01T21:22:23.887+0000] {logging_mixin.py:190} INFO - [2025-07-01T21:22:23.887+0000] {dagbag.py:588} INFO - Filling up the DagBag from /home/airflow/.local/lib/python3.12/site-packages/airflow/example_dags/example_python_decorator.py
[2025-07-01T21:22:23.899+0000] {processor.py:925} INFO - DAG(s) 'example_python_decorator' retrieved from /home/airflow/.local/lib/python3.12/site-packages/airflow/example_dags/example_python_decorator.py
[2025-07-01T21:22:23.917+0000] {logging_mixin.py:190} INFO - [2025-07-01T21:22:23.916+0000] {dag.py:3239} INFO - Sync 1 DAGs
[2025-07-01T21:22:23.928+0000] {logging_mixin.py:190} INFO - [2025-07-01T21:22:23.928+0000] {dag.py:4180} INFO - Setting next_dagrun for example_python_decorator to None, run_after=None
[2025-07-01T21:22:23.946+0000] {processor.py:208} INFO - Processing /home/airflow/.local/lib/python3.12/site-packages/airflow/example_dags/example_python_decorator.py took 0.066 seconds
[2025-07-01T21:22:54.313+0000] {processor.py:186} INFO - Started process (PID=829) to work on /home/airflow/.local/lib/python3.12/site-packages/airflow/example_dags/example_python_decorator.py
[2025-07-01T21:22:54.314+0000] {processor.py:914} INFO - Processing file /home/airflow/.local/lib/python3.12/site-packages/airflow/example_dags/example_python_decorator.py for tasks to queue
[2025-07-01T21:22:54.316+0000] {logging_mixin.py:190} INFO - [2025-07-01T21:22:54.315+0000] {dagbag.py:588} INFO - Filling up the DagBag from /home/airflow/.local/lib/python3.12/site-packages/airflow/example_dags/example_python_decorator.py
[2025-07-01T21:22:54.327+0000] {processor.py:925} INFO - DAG(s) 'example_python_decorator' retrieved from /home/airflow/.local/lib/python3.12/site-packages/airflow/example_dags/example_python_decorator.py
[2025-07-01T21:22:54.345+0000] {logging_mixin.py:190} INFO - [2025-07-01T21:22:54.345+0000] {dag.py:3239} INFO - Sync 1 DAGs
[2025-07-01T21:22:54.356+0000] {logging_mixin.py:190} INFO - [2025-07-01T21:22:54.356+0000] {dag.py:4180} INFO - Setting next_dagrun for example_python_decorator to None, run_after=None
[2025-07-01T21:22:54.373+0000] {processor.py:208} INFO - Processing /home/airflow/.local/lib/python3.12/site-packages/airflow/example_dags/example_python_decorator.py took 0.065 seconds
[2025-07-01T21:23:24.646+0000] {processor.py:186} INFO - Started process (PID=891) to work on /home/airflow/.local/lib/python3.12/site-packages/airflow/example_dags/example_python_decorator.py
[2025-07-01T21:23:24.647+0000] {processor.py:914} INFO - Processing file /home/airflow/.local/lib/python3.12/site-packages/airflow/example_dags/example_python_decorator.py for tasks to queue
[2025-07-01T21:23:24.649+0000] {logging_mixin.py:190} INFO - [2025-07-01T21:23:24.649+0000] {dagbag.py:588} INFO - Filling up the DagBag from /home/airflow/.local/lib/python3.12/site-packages/airflow/example_dags/example_python_decorator.py
[2025-07-01T21:23:24.661+0000] {processor.py:925} INFO - DAG(s) 'example_python_decorator' retrieved from /home/airflow/.local/lib/python3.12/site-packages/airflow/example_dags/example_python_decorator.py
[2025-07-01T21:23:24.678+0000] {logging_mixin.py:190} INFO - [2025-07-01T21:23:24.678+0000] {dag.py:3239} INFO - Sync 1 DAGs
[2025-07-01T21:23:24.690+0000] {logging_mixin.py:190} INFO - [2025-07-01T21:23:24.689+0000] {dag.py:4180} INFO - Setting next_dagrun for example_python_decorator to None, run_after=None
[2025-07-01T21:23:24.708+0000] {processor.py:208} INFO - Processing /home/airflow/.local/lib/python3.12/site-packages/airflow/example_dags/example_python_decorator.py took 0.067 seconds
[2025-07-01T21:23:54.930+0000] {processor.py:186} INFO - Started process (PID=953) to work on /home/airflow/.local/lib/python3.12/site-packages/airflow/example_dags/example_python_decorator.py
[2025-07-01T21:23:54.931+0000] {processor.py:914} INFO - Processing file /home/airflow/.local/lib/python3.12/site-packages/airflow/example_dags/example_python_decorator.py for tasks to queue
[2025-07-01T21:23:54.933+0000] {logging_mixin.py:190} INFO - [2025-07-01T21:23:54.933+0000] {dagbag.py:588} INFO - Filling up the DagBag from /home/airflow/.local/lib/python3.12/site-packages/airflow/example_dags/example_python_decorator.py
[2025-07-01T21:23:54.946+0000] {processor.py:925} INFO - DAG(s) 'example_python_decorator' retrieved from /home/airflow/.local/lib/python3.12/site-packages/airflow/example_dags/example_python_decorator.py
[2025-07-01T21:23:54.964+0000] {logging_mixin.py:190} INFO - [2025-07-01T21:23:54.964+0000] {dag.py:3239} INFO - Sync 1 DAGs
[2025-07-01T21:23:54.976+0000] {logging_mixin.py:190} INFO - [2025-07-01T21:23:54.976+0000] {dag.py:4180} INFO - Setting next_dagrun for example_python_decorator to None, run_after=None
[2025-07-01T21:23:54.995+0000] {processor.py:208} INFO - Processing /home/airflow/.local/lib/python3.12/site-packages/airflow/example_dags/example_python_decorator.py took 0.071 seconds
[2025-07-01T21:24:25.194+0000] {processor.py:186} INFO - Started process (PID=1015) to work on /home/airflow/.local/lib/python3.12/site-packages/airflow/example_dags/example_python_decorator.py
[2025-07-01T21:24:25.195+0000] {processor.py:914} INFO - Processing file /home/airflow/.local/lib/python3.12/site-packages/airflow/example_dags/example_python_decorator.py for tasks to queue
[2025-07-01T21:24:25.197+0000] {logging_mixin.py:190} INFO - [2025-07-01T21:24:25.197+0000] {dagbag.py:588} INFO - Filling up the DagBag from /home/airflow/.local/lib/python3.12/site-packages/airflow/example_dags/example_python_decorator.py
[2025-07-01T21:24:25.209+0000] {processor.py:925} INFO - DAG(s) 'example_python_decorator' retrieved from /home/airflow/.local/lib/python3.12/site-packages/airflow/example_dags/example_python_decorator.py
[2025-07-01T21:24:25.229+0000] {logging_mixin.py:190} INFO - [2025-07-01T21:24:25.228+0000] {dag.py:3239} INFO - Sync 1 DAGs
[2025-07-01T21:24:25.240+0000] {logging_mixin.py:190} INFO - [2025-07-01T21:24:25.240+0000] {dag.py:4180} INFO - Setting next_dagrun for example_python_decorator to None, run_after=None
[2025-07-01T21:24:25.260+0000] {processor.py:208} INFO - Processing /home/airflow/.local/lib/python3.12/site-packages/airflow/example_dags/example_python_decorator.py took 0.071 seconds
[2025-07-01T21:24:55.569+0000] {processor.py:186} INFO - Started process (PID=1077) to work on /home/airflow/.local/lib/python3.12/site-packages/airflow/example_dags/example_python_decorator.py
[2025-07-01T21:24:55.570+0000] {processor.py:914} INFO - Processing file /home/airflow/.local/lib/python3.12/site-packages/airflow/example_dags/example_python_decorator.py for tasks to queue
[2025-07-01T21:24:55.572+0000] {logging_mixin.py:190} INFO - [2025-07-01T21:24:55.572+0000] {dagbag.py:588} INFO - Filling up the DagBag from /home/airflow/.local/lib/python3.12/site-packages/airflow/example_dags/example_python_decorator.py
[2025-07-01T21:24:55.585+0000] {processor.py:925} INFO - DAG(s) 'example_python_decorator' retrieved from /home/airflow/.local/lib/python3.12/site-packages/airflow/example_dags/example_python_decorator.py
[2025-07-01T21:24:55.602+0000] {logging_mixin.py:190} INFO - [2025-07-01T21:24:55.602+0000] {dag.py:3239} INFO - Sync 1 DAGs
[2025-07-01T21:24:55.612+0000] {logging_mixin.py:190} INFO - [2025-07-01T21:24:55.612+0000] {dag.py:4180} INFO - Setting next_dagrun for example_python_decorator to None, run_after=None
[2025-07-01T21:24:55.630+0000] {processor.py:208} INFO - Processing /home/airflow/.local/lib/python3.12/site-packages/airflow/example_dags/example_python_decorator.py took 0.067 seconds
[2025-07-01T21:25:25.957+0000] {processor.py:186} INFO - Started process (PID=1139) to work on /home/airflow/.local/lib/python3.12/site-packages/airflow/example_dags/example_python_decorator.py
[2025-07-01T21:25:25.958+0000] {processor.py:914} INFO - Processing file /home/airflow/.local/lib/python3.12/site-packages/airflow/example_dags/example_python_decorator.py for tasks to queue
[2025-07-01T21:25:25.961+0000] {logging_mixin.py:190} INFO - [2025-07-01T21:25:25.961+0000] {dagbag.py:588} INFO - Filling up the DagBag from /home/airflow/.local/lib/python3.12/site-packages/airflow/example_dags/example_python_decorator.py
[2025-07-01T21:25:25.975+0000] {processor.py:925} INFO - DAG(s) 'example_python_decorator' retrieved from /home/airflow/.local/lib/python3.12/site-packages/airflow/example_dags/example_python_decorator.py
[2025-07-01T21:25:26.000+0000] {logging_mixin.py:190} INFO - [2025-07-01T21:25:26.000+0000] {dag.py:3239} INFO - Sync 1 DAGs
[2025-07-01T21:25:26.013+0000] {logging_mixin.py:190} INFO - [2025-07-01T21:25:26.013+0000] {dag.py:4180} INFO - Setting next_dagrun for example_python_decorator to None, run_after=None
[2025-07-01T21:25:26.033+0000] {processor.py:208} INFO - Processing /home/airflow/.local/lib/python3.12/site-packages/airflow/example_dags/example_python_decorator.py took 0.082 seconds
[2025-07-01T21:25:56.933+0000] {processor.py:186} INFO - Started process (PID=1202) to work on /home/airflow/.local/lib/python3.12/site-packages/airflow/example_dags/example_python_decorator.py
[2025-07-01T21:25:56.934+0000] {processor.py:914} INFO - Processing file /home/airflow/.local/lib/python3.12/site-packages/airflow/example_dags/example_python_decorator.py for tasks to queue
[2025-07-01T21:25:56.937+0000] {logging_mixin.py:190} INFO - [2025-07-01T21:25:56.936+0000] {dagbag.py:588} INFO - Filling up the DagBag from /home/airflow/.local/lib/python3.12/site-packages/airflow/example_dags/example_python_decorator.py
[2025-07-01T21:25:56.950+0000] {processor.py:925} INFO - DAG(s) 'example_python_decorator' retrieved from /home/airflow/.local/lib/python3.12/site-packages/airflow/example_dags/example_python_decorator.py
[2025-07-01T21:25:56.970+0000] {logging_mixin.py:190} INFO - [2025-07-01T21:25:56.970+0000] {dag.py:3239} INFO - Sync 1 DAGs
[2025-07-01T21:25:56.985+0000] {logging_mixin.py:190} INFO - [2025-07-01T21:25:56.985+0000] {dag.py:4180} INFO - Setting next_dagrun for example_python_decorator to None, run_after=None
[2025-07-01T21:25:57.005+0000] {processor.py:208} INFO - Processing /home/airflow/.local/lib/python3.12/site-packages/airflow/example_dags/example_python_decorator.py took 0.079 seconds
[2025-07-01T21:26:27.393+0000] {processor.py:186} INFO - Started process (PID=1264) to work on /home/airflow/.local/lib/python3.12/site-packages/airflow/example_dags/example_python_decorator.py
[2025-07-01T21:26:27.394+0000] {processor.py:914} INFO - Processing file /home/airflow/.local/lib/python3.12/site-packages/airflow/example_dags/example_python_decorator.py for tasks to queue
[2025-07-01T21:26:27.396+0000] {logging_mixin.py:190} INFO - [2025-07-01T21:26:27.396+0000] {dagbag.py:588} INFO - Filling up the DagBag from /home/airflow/.local/lib/python3.12/site-packages/airflow/example_dags/example_python_decorator.py
[2025-07-01T21:26:27.410+0000] {processor.py:925} INFO - DAG(s) 'example_python_decorator' retrieved from /home/airflow/.local/lib/python3.12/site-packages/airflow/example_dags/example_python_decorator.py
[2025-07-01T21:26:27.430+0000] {logging_mixin.py:190} INFO - [2025-07-01T21:26:27.429+0000] {dag.py:3239} INFO - Sync 1 DAGs
[2025-07-01T21:26:27.442+0000] {logging_mixin.py:190} INFO - [2025-07-01T21:26:27.441+0000] {dag.py:4180} INFO - Setting next_dagrun for example_python_decorator to None, run_after=None
[2025-07-01T21:26:27.460+0000] {processor.py:208} INFO - Processing /home/airflow/.local/lib/python3.12/site-packages/airflow/example_dags/example_python_decorator.py took 0.073 seconds
[2025-07-01T21:26:58.130+0000] {processor.py:186} INFO - Started process (PID=1326) to work on /home/airflow/.local/lib/python3.12/site-packages/airflow/example_dags/example_python_decorator.py
[2025-07-01T21:26:58.131+0000] {processor.py:914} INFO - Processing file /home/airflow/.local/lib/python3.12/site-packages/airflow/example_dags/example_python_decorator.py for tasks to queue
[2025-07-01T21:26:58.133+0000] {logging_mixin.py:190} INFO - [2025-07-01T21:26:58.133+0000] {dagbag.py:588} INFO - Filling up the DagBag from /home/airflow/.local/lib/python3.12/site-packages/airflow/example_dags/example_python_decorator.py
[2025-07-01T21:26:58.145+0000] {processor.py:925} INFO - DAG(s) 'example_python_decorator' retrieved from /home/airflow/.local/lib/python3.12/site-packages/airflow/example_dags/example_python_decorator.py
[2025-07-01T21:26:58.163+0000] {logging_mixin.py:190} INFO - [2025-07-01T21:26:58.163+0000] {dag.py:3239} INFO - Sync 1 DAGs
[2025-07-01T21:26:58.174+0000] {logging_mixin.py:190} INFO - [2025-07-01T21:26:58.174+0000] {dag.py:4180} INFO - Setting next_dagrun for example_python_decorator to None, run_after=None
[2025-07-01T21:26:58.193+0000] {processor.py:208} INFO - Processing /home/airflow/.local/lib/python3.12/site-packages/airflow/example_dags/example_python_decorator.py took 0.068 seconds
[2025-07-01T21:27:28.855+0000] {processor.py:186} INFO - Started process (PID=1388) to work on /home/airflow/.local/lib/python3.12/site-packages/airflow/example_dags/example_python_decorator.py
[2025-07-01T21:27:28.856+0000] {processor.py:914} INFO - Processing file /home/airflow/.local/lib/python3.12/site-packages/airflow/example_dags/example_python_decorator.py for tasks to queue
[2025-07-01T21:27:28.858+0000] {logging_mixin.py:190} INFO - [2025-07-01T21:27:28.858+0000] {dagbag.py:588} INFO - Filling up the DagBag from /home/airflow/.local/lib/python3.12/site-packages/airflow/example_dags/example_python_decorator.py
[2025-07-01T21:27:28.870+0000] {processor.py:925} INFO - DAG(s) 'example_python_decorator' retrieved from /home/airflow/.local/lib/python3.12/site-packages/airflow/example_dags/example_python_decorator.py
[2025-07-01T21:27:28.890+0000] {logging_mixin.py:190} INFO - [2025-07-01T21:27:28.890+0000] {dag.py:3239} INFO - Sync 1 DAGs
[2025-07-01T21:27:28.902+0000] {logging_mixin.py:190} INFO - [2025-07-01T21:27:28.902+0000] {dag.py:4180} INFO - Setting next_dagrun for example_python_decorator to None, run_after=None
[2025-07-01T21:27:28.921+0000] {processor.py:208} INFO - Processing /home/airflow/.local/lib/python3.12/site-packages/airflow/example_dags/example_python_decorator.py took 0.072 seconds
[2025-07-01T21:27:59.090+0000] {processor.py:186} INFO - Started process (PID=1451) to work on /home/airflow/.local/lib/python3.12/site-packages/airflow/example_dags/example_python_decorator.py
[2025-07-01T21:27:59.091+0000] {processor.py:914} INFO - Processing file /home/airflow/.local/lib/python3.12/site-packages/airflow/example_dags/example_python_decorator.py for tasks to queue
[2025-07-01T21:27:59.094+0000] {logging_mixin.py:190} INFO - [2025-07-01T21:27:59.093+0000] {dagbag.py:588} INFO - Filling up the DagBag from /home/airflow/.local/lib/python3.12/site-packages/airflow/example_dags/example_python_decorator.py
[2025-07-01T21:27:59.106+0000] {processor.py:925} INFO - DAG(s) 'example_python_decorator' retrieved from /home/airflow/.local/lib/python3.12/site-packages/airflow/example_dags/example_python_decorator.py
[2025-07-01T21:27:59.124+0000] {logging_mixin.py:190} INFO - [2025-07-01T21:27:59.124+0000] {dag.py:3239} INFO - Sync 1 DAGs
[2025-07-01T21:27:59.139+0000] {logging_mixin.py:190} INFO - [2025-07-01T21:27:59.138+0000] {dag.py:4180} INFO - Setting next_dagrun for example_python_decorator to None, run_after=None
[2025-07-01T21:27:59.158+0000] {processor.py:208} INFO - Processing /home/airflow/.local/lib/python3.12/site-packages/airflow/example_dags/example_python_decorator.py took 0.073 seconds
[2025-07-01T21:28:29.580+0000] {processor.py:186} INFO - Started process (PID=1513) to work on /home/airflow/.local/lib/python3.12/site-packages/airflow/example_dags/example_python_decorator.py
[2025-07-01T21:28:29.582+0000] {processor.py:914} INFO - Processing file /home/airflow/.local/lib/python3.12/site-packages/airflow/example_dags/example_python_decorator.py for tasks to queue
[2025-07-01T21:28:29.584+0000] {logging_mixin.py:190} INFO - [2025-07-01T21:28:29.584+0000] {dagbag.py:588} INFO - Filling up the DagBag from /home/airflow/.local/lib/python3.12/site-packages/airflow/example_dags/example_python_decorator.py
[2025-07-01T21:28:29.595+0000] {processor.py:925} INFO - DAG(s) 'example_python_decorator' retrieved from /home/airflow/.local/lib/python3.12/site-packages/airflow/example_dags/example_python_decorator.py
[2025-07-01T21:28:29.613+0000] {logging_mixin.py:190} INFO - [2025-07-01T21:28:29.613+0000] {dag.py:3239} INFO - Sync 1 DAGs
[2025-07-01T21:28:29.625+0000] {logging_mixin.py:190} INFO - [2025-07-01T21:28:29.625+0000] {dag.py:4180} INFO - Setting next_dagrun for example_python_decorator to None, run_after=None
[2025-07-01T21:28:29.642+0000] {processor.py:208} INFO - Processing /home/airflow/.local/lib/python3.12/site-packages/airflow/example_dags/example_python_decorator.py took 0.069 seconds
[2025-07-01T21:29:00.582+0000] {processor.py:186} INFO - Started process (PID=1575) to work on /home/airflow/.local/lib/python3.12/site-packages/airflow/example_dags/example_python_decorator.py
[2025-07-01T21:29:00.583+0000] {processor.py:914} INFO - Processing file /home/airflow/.local/lib/python3.12/site-packages/airflow/example_dags/example_python_decorator.py for tasks to queue
[2025-07-01T21:29:00.586+0000] {logging_mixin.py:190} INFO - [2025-07-01T21:29:00.585+0000] {dagbag.py:588} INFO - Filling up the DagBag from /home/airflow/.local/lib/python3.12/site-packages/airflow/example_dags/example_python_decorator.py
[2025-07-01T21:29:00.599+0000] {processor.py:925} INFO - DAG(s) 'example_python_decorator' retrieved from /home/airflow/.local/lib/python3.12/site-packages/airflow/example_dags/example_python_decorator.py
[2025-07-01T21:29:00.617+0000] {logging_mixin.py:190} INFO - [2025-07-01T21:29:00.617+0000] {dag.py:3239} INFO - Sync 1 DAGs
[2025-07-01T21:29:00.629+0000] {logging_mixin.py:190} INFO - [2025-07-01T21:29:00.629+0000] {dag.py:4180} INFO - Setting next_dagrun for example_python_decorator to None, run_after=None
[2025-07-01T21:29:00.648+0000] {processor.py:208} INFO - Processing /home/airflow/.local/lib/python3.12/site-packages/airflow/example_dags/example_python_decorator.py took 0.070 seconds
[2025-07-01T21:29:31.098+0000] {processor.py:186} INFO - Started process (PID=1637) to work on /home/airflow/.local/lib/python3.12/site-packages/airflow/example_dags/example_python_decorator.py
[2025-07-01T21:29:31.099+0000] {processor.py:914} INFO - Processing file /home/airflow/.local/lib/python3.12/site-packages/airflow/example_dags/example_python_decorator.py for tasks to queue
[2025-07-01T21:29:31.101+0000] {logging_mixin.py:190} INFO - [2025-07-01T21:29:31.101+0000] {dagbag.py:588} INFO - Filling up the DagBag from /home/airflow/.local/lib/python3.12/site-packages/airflow/example_dags/example_python_decorator.py
[2025-07-01T21:29:31.113+0000] {processor.py:925} INFO - DAG(s) 'example_python_decorator' retrieved from /home/airflow/.local/lib/python3.12/site-packages/airflow/example_dags/example_python_decorator.py
[2025-07-01T21:29:31.132+0000] {logging_mixin.py:190} INFO - [2025-07-01T21:29:31.132+0000] {dag.py:3239} INFO - Sync 1 DAGs
[2025-07-01T21:29:31.144+0000] {logging_mixin.py:190} INFO - [2025-07-01T21:29:31.143+0000] {dag.py:4180} INFO - Setting next_dagrun for example_python_decorator to None, run_after=None
[2025-07-01T21:29:31.167+0000] {processor.py:208} INFO - Processing /home/airflow/.local/lib/python3.12/site-packages/airflow/example_dags/example_python_decorator.py took 0.074 seconds
[2025-07-01T21:30:01.327+0000] {processor.py:186} INFO - Started process (PID=1699) to work on /home/airflow/.local/lib/python3.12/site-packages/airflow/example_dags/example_python_decorator.py
[2025-07-01T21:30:01.328+0000] {processor.py:914} INFO - Processing file /home/airflow/.local/lib/python3.12/site-packages/airflow/example_dags/example_python_decorator.py for tasks to queue
[2025-07-01T21:30:01.330+0000] {logging_mixin.py:190} INFO - [2025-07-01T21:30:01.330+0000] {dagbag.py:588} INFO - Filling up the DagBag from /home/airflow/.local/lib/python3.12/site-packages/airflow/example_dags/example_python_decorator.py
[2025-07-01T21:30:01.342+0000] {processor.py:925} INFO - DAG(s) 'example_python_decorator' retrieved from /home/airflow/.local/lib/python3.12/site-packages/airflow/example_dags/example_python_decorator.py
[2025-07-01T21:30:01.361+0000] {logging_mixin.py:190} INFO - [2025-07-01T21:30:01.361+0000] {dag.py:3239} INFO - Sync 1 DAGs
[2025-07-01T21:30:01.374+0000] {logging_mixin.py:190} INFO - [2025-07-01T21:30:01.374+0000] {dag.py:4180} INFO - Setting next_dagrun for example_python_decorator to None, run_after=None
[2025-07-01T21:30:01.398+0000] {processor.py:208} INFO - Processing /home/airflow/.local/lib/python3.12/site-packages/airflow/example_dags/example_python_decorator.py took 0.077 seconds
[2025-07-01T21:30:31.650+0000] {processor.py:186} INFO - Started process (PID=1761) to work on /home/airflow/.local/lib/python3.12/site-packages/airflow/example_dags/example_python_decorator.py
[2025-07-01T21:30:31.651+0000] {processor.py:914} INFO - Processing file /home/airflow/.local/lib/python3.12/site-packages/airflow/example_dags/example_python_decorator.py for tasks to queue
[2025-07-01T21:30:31.653+0000] {logging_mixin.py:190} INFO - [2025-07-01T21:30:31.652+0000] {dagbag.py:588} INFO - Filling up the DagBag from /home/airflow/.local/lib/python3.12/site-packages/airflow/example_dags/example_python_decorator.py
[2025-07-01T21:30:31.665+0000] {processor.py:925} INFO - DAG(s) 'example_python_decorator' retrieved from /home/airflow/.local/lib/python3.12/site-packages/airflow/example_dags/example_python_decorator.py
[2025-07-01T21:30:31.685+0000] {logging_mixin.py:190} INFO - [2025-07-01T21:30:31.685+0000] {dag.py:3239} INFO - Sync 1 DAGs
[2025-07-01T21:30:31.698+0000] {logging_mixin.py:190} INFO - [2025-07-01T21:30:31.698+0000] {dag.py:4180} INFO - Setting next_dagrun for example_python_decorator to None, run_after=None
[2025-07-01T21:30:31.715+0000] {processor.py:208} INFO - Processing /home/airflow/.local/lib/python3.12/site-packages/airflow/example_dags/example_python_decorator.py took 0.071 seconds
[2025-07-01T21:31:02.329+0000] {processor.py:186} INFO - Started process (PID=1823) to work on /home/airflow/.local/lib/python3.12/site-packages/airflow/example_dags/example_python_decorator.py
[2025-07-01T21:31:02.330+0000] {processor.py:914} INFO - Processing file /home/airflow/.local/lib/python3.12/site-packages/airflow/example_dags/example_python_decorator.py for tasks to queue
[2025-07-01T21:31:02.332+0000] {logging_mixin.py:190} INFO - [2025-07-01T21:31:02.332+0000] {dagbag.py:588} INFO - Filling up the DagBag from /home/airflow/.local/lib/python3.12/site-packages/airflow/example_dags/example_python_decorator.py
[2025-07-01T21:31:02.344+0000] {processor.py:925} INFO - DAG(s) 'example_python_decorator' retrieved from /home/airflow/.local/lib/python3.12/site-packages/airflow/example_dags/example_python_decorator.py
[2025-07-01T21:31:02.364+0000] {logging_mixin.py:190} INFO - [2025-07-01T21:31:02.363+0000] {dag.py:3239} INFO - Sync 1 DAGs
[2025-07-01T21:31:02.375+0000] {logging_mixin.py:190} INFO - [2025-07-01T21:31:02.375+0000] {dag.py:4180} INFO - Setting next_dagrun for example_python_decorator to None, run_after=None
[2025-07-01T21:31:02.394+0000] {processor.py:208} INFO - Processing /home/airflow/.local/lib/python3.12/site-packages/airflow/example_dags/example_python_decorator.py took 0.070 seconds
[2025-07-01T21:31:32.614+0000] {processor.py:186} INFO - Started process (PID=1885) to work on /home/airflow/.local/lib/python3.12/site-packages/airflow/example_dags/example_python_decorator.py
[2025-07-01T21:31:32.615+0000] {processor.py:914} INFO - Processing file /home/airflow/.local/lib/python3.12/site-packages/airflow/example_dags/example_python_decorator.py for tasks to queue
[2025-07-01T21:31:32.617+0000] {logging_mixin.py:190} INFO - [2025-07-01T21:31:32.617+0000] {dagbag.py:588} INFO - Filling up the DagBag from /home/airflow/.local/lib/python3.12/site-packages/airflow/example_dags/example_python_decorator.py
[2025-07-01T21:31:32.629+0000] {processor.py:925} INFO - DAG(s) 'example_python_decorator' retrieved from /home/airflow/.local/lib/python3.12/site-packages/airflow/example_dags/example_python_decorator.py
[2025-07-01T21:31:32.647+0000] {logging_mixin.py:190} INFO - [2025-07-01T21:31:32.647+0000] {dag.py:3239} INFO - Sync 1 DAGs
[2025-07-01T21:31:32.659+0000] {logging_mixin.py:190} INFO - [2025-07-01T21:31:32.658+0000] {dag.py:4180} INFO - Setting next_dagrun for example_python_decorator to None, run_after=None
[2025-07-01T21:31:32.678+0000] {processor.py:208} INFO - Processing /home/airflow/.local/lib/python3.12/site-packages/airflow/example_dags/example_python_decorator.py took 0.069 seconds
[2025-07-01T21:32:03.178+0000] {processor.py:186} INFO - Started process (PID=1948) to work on /home/airflow/.local/lib/python3.12/site-packages/airflow/example_dags/example_python_decorator.py
[2025-07-01T21:32:03.179+0000] {processor.py:914} INFO - Processing file /home/airflow/.local/lib/python3.12/site-packages/airflow/example_dags/example_python_decorator.py for tasks to queue
[2025-07-01T21:32:03.181+0000] {logging_mixin.py:190} INFO - [2025-07-01T21:32:03.180+0000] {dagbag.py:588} INFO - Filling up the DagBag from /home/airflow/.local/lib/python3.12/site-packages/airflow/example_dags/example_python_decorator.py
[2025-07-01T21:32:03.193+0000] {processor.py:925} INFO - DAG(s) 'example_python_decorator' retrieved from /home/airflow/.local/lib/python3.12/site-packages/airflow/example_dags/example_python_decorator.py
[2025-07-01T21:32:03.212+0000] {logging_mixin.py:190} INFO - [2025-07-01T21:32:03.211+0000] {dag.py:3239} INFO - Sync 1 DAGs
[2025-07-01T21:32:03.223+0000] {logging_mixin.py:190} INFO - [2025-07-01T21:32:03.223+0000] {dag.py:4180} INFO - Setting next_dagrun for example_python_decorator to None, run_after=None
[2025-07-01T21:32:03.242+0000] {processor.py:208} INFO - Processing /home/airflow/.local/lib/python3.12/site-packages/airflow/example_dags/example_python_decorator.py took 0.070 seconds
[2025-07-01T21:32:33.749+0000] {processor.py:186} INFO - Started process (PID=2011) to work on /home/airflow/.local/lib/python3.12/site-packages/airflow/example_dags/example_python_decorator.py
[2025-07-01T21:32:33.750+0000] {processor.py:914} INFO - Processing file /home/airflow/.local/lib/python3.12/site-packages/airflow/example_dags/example_python_decorator.py for tasks to queue
[2025-07-01T21:32:33.752+0000] {logging_mixin.py:190} INFO - [2025-07-01T21:32:33.752+0000] {dagbag.py:588} INFO - Filling up the DagBag from /home/airflow/.local/lib/python3.12/site-packages/airflow/example_dags/example_python_decorator.py
[2025-07-01T21:32:33.764+0000] {processor.py:925} INFO - DAG(s) 'example_python_decorator' retrieved from /home/airflow/.local/lib/python3.12/site-packages/airflow/example_dags/example_python_decorator.py
[2025-07-01T21:32:33.782+0000] {logging_mixin.py:190} INFO - [2025-07-01T21:32:33.782+0000] {dag.py:3239} INFO - Sync 1 DAGs
[2025-07-01T21:32:33.794+0000] {logging_mixin.py:190} INFO - [2025-07-01T21:32:33.794+0000] {dag.py:4180} INFO - Setting next_dagrun for example_python_decorator to None, run_after=None
[2025-07-01T21:32:33.813+0000] {processor.py:208} INFO - Processing /home/airflow/.local/lib/python3.12/site-packages/airflow/example_dags/example_python_decorator.py took 0.069 seconds
[2025-07-01T21:33:04.200+0000] {processor.py:186} INFO - Started process (PID=2074) to work on /home/airflow/.local/lib/python3.12/site-packages/airflow/example_dags/example_python_decorator.py
[2025-07-01T21:33:04.201+0000] {processor.py:914} INFO - Processing file /home/airflow/.local/lib/python3.12/site-packages/airflow/example_dags/example_python_decorator.py for tasks to queue
[2025-07-01T21:33:04.203+0000] {logging_mixin.py:190} INFO - [2025-07-01T21:33:04.202+0000] {dagbag.py:588} INFO - Filling up the DagBag from /home/airflow/.local/lib/python3.12/site-packages/airflow/example_dags/example_python_decorator.py
[2025-07-01T21:33:04.215+0000] {processor.py:925} INFO - DAG(s) 'example_python_decorator' retrieved from /home/airflow/.local/lib/python3.12/site-packages/airflow/example_dags/example_python_decorator.py
[2025-07-01T21:33:04.233+0000] {logging_mixin.py:190} INFO - [2025-07-01T21:33:04.233+0000] {dag.py:3239} INFO - Sync 1 DAGs
[2025-07-01T21:33:04.245+0000] {logging_mixin.py:190} INFO - [2025-07-01T21:33:04.245+0000] {dag.py:4180} INFO - Setting next_dagrun for example_python_decorator to None, run_after=None
[2025-07-01T21:33:04.265+0000] {processor.py:208} INFO - Processing /home/airflow/.local/lib/python3.12/site-packages/airflow/example_dags/example_python_decorator.py took 0.070 seconds
[2025-07-01T21:33:35.611+0000] {processor.py:186} INFO - Started process (PID=2137) to work on /home/airflow/.local/lib/python3.12/site-packages/airflow/example_dags/example_python_decorator.py
[2025-07-01T21:33:35.612+0000] {processor.py:914} INFO - Processing file /home/airflow/.local/lib/python3.12/site-packages/airflow/example_dags/example_python_decorator.py for tasks to queue
[2025-07-01T21:33:35.614+0000] {logging_mixin.py:190} INFO - [2025-07-01T21:33:35.613+0000] {dagbag.py:588} INFO - Filling up the DagBag from /home/airflow/.local/lib/python3.12/site-packages/airflow/example_dags/example_python_decorator.py
[2025-07-01T21:33:35.626+0000] {processor.py:925} INFO - DAG(s) 'example_python_decorator' retrieved from /home/airflow/.local/lib/python3.12/site-packages/airflow/example_dags/example_python_decorator.py
[2025-07-01T21:33:35.645+0000] {logging_mixin.py:190} INFO - [2025-07-01T21:33:35.645+0000] {dag.py:3239} INFO - Sync 1 DAGs
[2025-07-01T21:33:35.657+0000] {logging_mixin.py:190} INFO - [2025-07-01T21:33:35.657+0000] {dag.py:4180} INFO - Setting next_dagrun for example_python_decorator to None, run_after=None
[2025-07-01T21:33:35.677+0000] {processor.py:208} INFO - Processing /home/airflow/.local/lib/python3.12/site-packages/airflow/example_dags/example_python_decorator.py took 0.072 seconds
[2025-07-01T21:34:05.962+0000] {processor.py:186} INFO - Started process (PID=2200) to work on /home/airflow/.local/lib/python3.12/site-packages/airflow/example_dags/example_python_decorator.py
[2025-07-01T21:34:05.963+0000] {processor.py:914} INFO - Processing file /home/airflow/.local/lib/python3.12/site-packages/airflow/example_dags/example_python_decorator.py for tasks to queue
[2025-07-01T21:34:05.965+0000] {logging_mixin.py:190} INFO - [2025-07-01T21:34:05.965+0000] {dagbag.py:588} INFO - Filling up the DagBag from /home/airflow/.local/lib/python3.12/site-packages/airflow/example_dags/example_python_decorator.py
[2025-07-01T21:34:05.979+0000] {processor.py:925} INFO - DAG(s) 'example_python_decorator' retrieved from /home/airflow/.local/lib/python3.12/site-packages/airflow/example_dags/example_python_decorator.py
[2025-07-01T21:34:05.999+0000] {logging_mixin.py:190} INFO - [2025-07-01T21:34:05.999+0000] {dag.py:3239} INFO - Sync 1 DAGs
[2025-07-01T21:34:06.012+0000] {logging_mixin.py:190} INFO - [2025-07-01T21:34:06.011+0000] {dag.py:4180} INFO - Setting next_dagrun for example_python_decorator to None, run_after=None
[2025-07-01T21:34:06.034+0000] {processor.py:208} INFO - Processing /home/airflow/.local/lib/python3.12/site-packages/airflow/example_dags/example_python_decorator.py took 0.078 seconds
[2025-07-01T21:34:36.241+0000] {processor.py:186} INFO - Started process (PID=2263) to work on /home/airflow/.local/lib/python3.12/site-packages/airflow/example_dags/example_python_decorator.py
[2025-07-01T21:34:36.242+0000] {processor.py:914} INFO - Processing file /home/airflow/.local/lib/python3.12/site-packages/airflow/example_dags/example_python_decorator.py for tasks to queue
[2025-07-01T21:34:36.244+0000] {logging_mixin.py:190} INFO - [2025-07-01T21:34:36.243+0000] {dagbag.py:588} INFO - Filling up the DagBag from /home/airflow/.local/lib/python3.12/site-packages/airflow/example_dags/example_python_decorator.py
[2025-07-01T21:34:36.257+0000] {processor.py:925} INFO - DAG(s) 'example_python_decorator' retrieved from /home/airflow/.local/lib/python3.12/site-packages/airflow/example_dags/example_python_decorator.py
[2025-07-01T21:34:36.280+0000] {logging_mixin.py:190} INFO - [2025-07-01T21:34:36.279+0000] {dag.py:3239} INFO - Sync 1 DAGs
[2025-07-01T21:34:36.294+0000] {logging_mixin.py:190} INFO - [2025-07-01T21:34:36.294+0000] {dag.py:4180} INFO - Setting next_dagrun for example_python_decorator to None, run_after=None
[2025-07-01T21:34:36.317+0000] {processor.py:208} INFO - Processing /home/airflow/.local/lib/python3.12/site-packages/airflow/example_dags/example_python_decorator.py took 0.081 seconds
[2025-07-01T21:35:06.628+0000] {processor.py:186} INFO - Started process (PID=2326) to work on /home/airflow/.local/lib/python3.12/site-packages/airflow/example_dags/example_python_decorator.py
[2025-07-01T21:35:06.629+0000] {processor.py:914} INFO - Processing file /home/airflow/.local/lib/python3.12/site-packages/airflow/example_dags/example_python_decorator.py for tasks to queue
[2025-07-01T21:35:06.631+0000] {logging_mixin.py:190} INFO - [2025-07-01T21:35:06.631+0000] {dagbag.py:588} INFO - Filling up the DagBag from /home/airflow/.local/lib/python3.12/site-packages/airflow/example_dags/example_python_decorator.py
[2025-07-01T21:35:06.644+0000] {processor.py:925} INFO - DAG(s) 'example_python_decorator' retrieved from /home/airflow/.local/lib/python3.12/site-packages/airflow/example_dags/example_python_decorator.py
[2025-07-01T21:35:06.662+0000] {logging_mixin.py:190} INFO - [2025-07-01T21:35:06.661+0000] {dag.py:3239} INFO - Sync 1 DAGs
[2025-07-01T21:35:06.676+0000] {logging_mixin.py:190} INFO - [2025-07-01T21:35:06.676+0000] {dag.py:4180} INFO - Setting next_dagrun for example_python_decorator to None, run_after=None
[2025-07-01T21:35:06.700+0000] {processor.py:208} INFO - Processing /home/airflow/.local/lib/python3.12/site-packages/airflow/example_dags/example_python_decorator.py took 0.077 seconds
[2025-07-01T21:35:37.486+0000] {processor.py:186} INFO - Started process (PID=2389) to work on /home/airflow/.local/lib/python3.12/site-packages/airflow/example_dags/example_python_decorator.py
[2025-07-01T21:35:37.487+0000] {processor.py:914} INFO - Processing file /home/airflow/.local/lib/python3.12/site-packages/airflow/example_dags/example_python_decorator.py for tasks to queue
[2025-07-01T21:35:37.490+0000] {logging_mixin.py:190} INFO - [2025-07-01T21:35:37.490+0000] {dagbag.py:588} INFO - Filling up the DagBag from /home/airflow/.local/lib/python3.12/site-packages/airflow/example_dags/example_python_decorator.py
[2025-07-01T21:35:37.505+0000] {processor.py:925} INFO - DAG(s) 'example_python_decorator' retrieved from /home/airflow/.local/lib/python3.12/site-packages/airflow/example_dags/example_python_decorator.py
[2025-07-01T21:35:37.524+0000] {logging_mixin.py:190} INFO - [2025-07-01T21:35:37.524+0000] {dag.py:3239} INFO - Sync 1 DAGs
[2025-07-01T21:35:37.538+0000] {logging_mixin.py:190} INFO - [2025-07-01T21:35:37.537+0000] {dag.py:4180} INFO - Setting next_dagrun for example_python_decorator to None, run_after=None
[2025-07-01T21:35:37.555+0000] {processor.py:208} INFO - Processing /home/airflow/.local/lib/python3.12/site-packages/airflow/example_dags/example_python_decorator.py took 0.074 seconds
[2025-07-01T21:36:08.174+0000] {processor.py:186} INFO - Started process (PID=2452) to work on /home/airflow/.local/lib/python3.12/site-packages/airflow/example_dags/example_python_decorator.py
[2025-07-01T21:36:08.176+0000] {processor.py:914} INFO - Processing file /home/airflow/.local/lib/python3.12/site-packages/airflow/example_dags/example_python_decorator.py for tasks to queue
[2025-07-01T21:36:08.178+0000] {logging_mixin.py:190} INFO - [2025-07-01T21:36:08.178+0000] {dagbag.py:588} INFO - Filling up the DagBag from /home/airflow/.local/lib/python3.12/site-packages/airflow/example_dags/example_python_decorator.py
[2025-07-01T21:36:08.190+0000] {processor.py:925} INFO - DAG(s) 'example_python_decorator' retrieved from /home/airflow/.local/lib/python3.12/site-packages/airflow/example_dags/example_python_decorator.py
[2025-07-01T21:36:08.209+0000] {logging_mixin.py:190} INFO - [2025-07-01T21:36:08.209+0000] {dag.py:3239} INFO - Sync 1 DAGs
[2025-07-01T21:36:08.221+0000] {logging_mixin.py:190} INFO - [2025-07-01T21:36:08.221+0000] {dag.py:4180} INFO - Setting next_dagrun for example_python_decorator to None, run_after=None
[2025-07-01T21:36:08.239+0000] {processor.py:208} INFO - Processing /home/airflow/.local/lib/python3.12/site-packages/airflow/example_dags/example_python_decorator.py took 0.070 seconds
[2025-07-01T21:36:39.023+0000] {processor.py:186} INFO - Started process (PID=2515) to work on /home/airflow/.local/lib/python3.12/site-packages/airflow/example_dags/example_python_decorator.py
[2025-07-01T21:36:39.024+0000] {processor.py:914} INFO - Processing file /home/airflow/.local/lib/python3.12/site-packages/airflow/example_dags/example_python_decorator.py for tasks to queue
[2025-07-01T21:36:39.026+0000] {logging_mixin.py:190} INFO - [2025-07-01T21:36:39.026+0000] {dagbag.py:588} INFO - Filling up the DagBag from /home/airflow/.local/lib/python3.12/site-packages/airflow/example_dags/example_python_decorator.py
[2025-07-01T21:36:39.039+0000] {processor.py:925} INFO - DAG(s) 'example_python_decorator' retrieved from /home/airflow/.local/lib/python3.12/site-packages/airflow/example_dags/example_python_decorator.py
[2025-07-01T21:36:39.060+0000] {logging_mixin.py:190} INFO - [2025-07-01T21:36:39.060+0000] {dag.py:3239} INFO - Sync 1 DAGs
[2025-07-01T21:36:39.073+0000] {logging_mixin.py:190} INFO - [2025-07-01T21:36:39.073+0000] {dag.py:4180} INFO - Setting next_dagrun for example_python_decorator to None, run_after=None
[2025-07-01T21:36:39.092+0000] {processor.py:208} INFO - Processing /home/airflow/.local/lib/python3.12/site-packages/airflow/example_dags/example_python_decorator.py took 0.074 seconds
[2025-07-01T21:37:09.667+0000] {processor.py:186} INFO - Started process (PID=2578) to work on /home/airflow/.local/lib/python3.12/site-packages/airflow/example_dags/example_python_decorator.py
[2025-07-01T21:37:09.668+0000] {processor.py:914} INFO - Processing file /home/airflow/.local/lib/python3.12/site-packages/airflow/example_dags/example_python_decorator.py for tasks to queue
[2025-07-01T21:37:09.671+0000] {logging_mixin.py:190} INFO - [2025-07-01T21:37:09.670+0000] {dagbag.py:588} INFO - Filling up the DagBag from /home/airflow/.local/lib/python3.12/site-packages/airflow/example_dags/example_python_decorator.py
[2025-07-01T21:37:09.693+0000] {processor.py:925} INFO - DAG(s) 'example_python_decorator' retrieved from /home/airflow/.local/lib/python3.12/site-packages/airflow/example_dags/example_python_decorator.py
[2025-07-01T21:37:09.719+0000] {logging_mixin.py:190} INFO - [2025-07-01T21:37:09.718+0000] {dag.py:3239} INFO - Sync 1 DAGs
[2025-07-01T21:37:09.738+0000] {logging_mixin.py:190} INFO - [2025-07-01T21:37:09.738+0000] {dag.py:4180} INFO - Setting next_dagrun for example_python_decorator to None, run_after=None
[2025-07-01T21:37:09.763+0000] {processor.py:208} INFO - Processing /home/airflow/.local/lib/python3.12/site-packages/airflow/example_dags/example_python_decorator.py took 0.102 seconds
[2025-07-01T21:37:40.738+0000] {processor.py:186} INFO - Started process (PID=2641) to work on /home/airflow/.local/lib/python3.12/site-packages/airflow/example_dags/example_python_decorator.py
[2025-07-01T21:37:40.739+0000] {processor.py:914} INFO - Processing file /home/airflow/.local/lib/python3.12/site-packages/airflow/example_dags/example_python_decorator.py for tasks to queue
[2025-07-01T21:37:40.741+0000] {logging_mixin.py:190} INFO - [2025-07-01T21:37:40.741+0000] {dagbag.py:588} INFO - Filling up the DagBag from /home/airflow/.local/lib/python3.12/site-packages/airflow/example_dags/example_python_decorator.py
[2025-07-01T21:37:40.753+0000] {processor.py:925} INFO - DAG(s) 'example_python_decorator' retrieved from /home/airflow/.local/lib/python3.12/site-packages/airflow/example_dags/example_python_decorator.py
[2025-07-01T21:37:40.770+0000] {logging_mixin.py:190} INFO - [2025-07-01T21:37:40.770+0000] {dag.py:3239} INFO - Sync 1 DAGs
[2025-07-01T21:37:40.782+0000] {logging_mixin.py:190} INFO - [2025-07-01T21:37:40.781+0000] {dag.py:4180} INFO - Setting next_dagrun for example_python_decorator to None, run_after=None
[2025-07-01T21:37:40.799+0000] {processor.py:208} INFO - Processing /home/airflow/.local/lib/python3.12/site-packages/airflow/example_dags/example_python_decorator.py took 0.066 seconds
[2025-07-01T21:38:11.245+0000] {processor.py:186} INFO - Started process (PID=2704) to work on /home/airflow/.local/lib/python3.12/site-packages/airflow/example_dags/example_python_decorator.py
[2025-07-01T21:38:11.246+0000] {processor.py:914} INFO - Processing file /home/airflow/.local/lib/python3.12/site-packages/airflow/example_dags/example_python_decorator.py for tasks to queue
[2025-07-01T21:38:11.248+0000] {logging_mixin.py:190} INFO - [2025-07-01T21:38:11.248+0000] {dagbag.py:588} INFO - Filling up the DagBag from /home/airflow/.local/lib/python3.12/site-packages/airflow/example_dags/example_python_decorator.py
[2025-07-01T21:38:11.260+0000] {processor.py:925} INFO - DAG(s) 'example_python_decorator' retrieved from /home/airflow/.local/lib/python3.12/site-packages/airflow/example_dags/example_python_decorator.py
[2025-07-01T21:38:11.279+0000] {logging_mixin.py:190} INFO - [2025-07-01T21:38:11.279+0000] {dag.py:3239} INFO - Sync 1 DAGs
[2025-07-01T21:38:11.290+0000] {logging_mixin.py:190} INFO - [2025-07-01T21:38:11.290+0000] {dag.py:4180} INFO - Setting next_dagrun for example_python_decorator to None, run_after=None
[2025-07-01T21:38:11.308+0000] {processor.py:208} INFO - Processing /home/airflow/.local/lib/python3.12/site-packages/airflow/example_dags/example_python_decorator.py took 0.067 seconds
[2025-07-01T21:38:42.099+0000] {processor.py:186} INFO - Started process (PID=2767) to work on /home/airflow/.local/lib/python3.12/site-packages/airflow/example_dags/example_python_decorator.py
[2025-07-01T21:38:42.100+0000] {processor.py:914} INFO - Processing file /home/airflow/.local/lib/python3.12/site-packages/airflow/example_dags/example_python_decorator.py for tasks to queue
[2025-07-01T21:38:42.103+0000] {logging_mixin.py:190} INFO - [2025-07-01T21:38:42.102+0000] {dagbag.py:588} INFO - Filling up the DagBag from /home/airflow/.local/lib/python3.12/site-packages/airflow/example_dags/example_python_decorator.py
[2025-07-01T21:38:42.114+0000] {processor.py:925} INFO - DAG(s) 'example_python_decorator' retrieved from /home/airflow/.local/lib/python3.12/site-packages/airflow/example_dags/example_python_decorator.py
[2025-07-01T21:38:42.133+0000] {logging_mixin.py:190} INFO - [2025-07-01T21:38:42.133+0000] {dag.py:3239} INFO - Sync 1 DAGs
[2025-07-01T21:38:42.144+0000] {logging_mixin.py:190} INFO - [2025-07-01T21:38:42.144+0000] {dag.py:4180} INFO - Setting next_dagrun for example_python_decorator to None, run_after=None
[2025-07-01T21:38:42.164+0000] {processor.py:208} INFO - Processing /home/airflow/.local/lib/python3.12/site-packages/airflow/example_dags/example_python_decorator.py took 0.069 seconds
[2025-07-01T21:39:12.900+0000] {processor.py:186} INFO - Started process (PID=2830) to work on /home/airflow/.local/lib/python3.12/site-packages/airflow/example_dags/example_python_decorator.py
[2025-07-01T21:39:12.901+0000] {processor.py:914} INFO - Processing file /home/airflow/.local/lib/python3.12/site-packages/airflow/example_dags/example_python_decorator.py for tasks to queue
[2025-07-01T21:39:12.904+0000] {logging_mixin.py:190} INFO - [2025-07-01T21:39:12.904+0000] {dagbag.py:588} INFO - Filling up the DagBag from /home/airflow/.local/lib/python3.12/site-packages/airflow/example_dags/example_python_decorator.py
[2025-07-01T21:39:12.920+0000] {processor.py:925} INFO - DAG(s) 'example_python_decorator' retrieved from /home/airflow/.local/lib/python3.12/site-packages/airflow/example_dags/example_python_decorator.py
[2025-07-01T21:39:12.939+0000] {logging_mixin.py:190} INFO - [2025-07-01T21:39:12.939+0000] {dag.py:3239} INFO - Sync 1 DAGs
[2025-07-01T21:39:12.951+0000] {logging_mixin.py:190} INFO - [2025-07-01T21:39:12.951+0000] {dag.py:4180} INFO - Setting next_dagrun for example_python_decorator to None, run_after=None
[2025-07-01T21:39:12.969+0000] {processor.py:208} INFO - Processing /home/airflow/.local/lib/python3.12/site-packages/airflow/example_dags/example_python_decorator.py took 0.074 seconds
[2025-07-01T21:39:43.762+0000] {processor.py:186} INFO - Started process (PID=2893) to work on /home/airflow/.local/lib/python3.12/site-packages/airflow/example_dags/example_python_decorator.py
[2025-07-01T21:39:43.763+0000] {processor.py:914} INFO - Processing file /home/airflow/.local/lib/python3.12/site-packages/airflow/example_dags/example_python_decorator.py for tasks to queue
[2025-07-01T21:39:43.765+0000] {logging_mixin.py:190} INFO - [2025-07-01T21:39:43.765+0000] {dagbag.py:588} INFO - Filling up the DagBag from /home/airflow/.local/lib/python3.12/site-packages/airflow/example_dags/example_python_decorator.py
[2025-07-01T21:39:43.778+0000] {processor.py:925} INFO - DAG(s) 'example_python_decorator' retrieved from /home/airflow/.local/lib/python3.12/site-packages/airflow/example_dags/example_python_decorator.py
[2025-07-01T21:39:43.799+0000] {logging_mixin.py:190} INFO - [2025-07-01T21:39:43.799+0000] {dag.py:3239} INFO - Sync 1 DAGs
[2025-07-01T21:39:43.812+0000] {logging_mixin.py:190} INFO - [2025-07-01T21:39:43.811+0000] {dag.py:4180} INFO - Setting next_dagrun for example_python_decorator to None, run_after=None
[2025-07-01T21:39:43.835+0000] {processor.py:208} INFO - Processing /home/airflow/.local/lib/python3.12/site-packages/airflow/example_dags/example_python_decorator.py took 0.078 seconds
[2025-07-01T21:40:14.648+0000] {processor.py:186} INFO - Started process (PID=2957) to work on /home/airflow/.local/lib/python3.12/site-packages/airflow/example_dags/example_python_decorator.py
[2025-07-01T21:40:14.649+0000] {processor.py:914} INFO - Processing file /home/airflow/.local/lib/python3.12/site-packages/airflow/example_dags/example_python_decorator.py for tasks to queue
[2025-07-01T21:40:14.651+0000] {logging_mixin.py:190} INFO - [2025-07-01T21:40:14.651+0000] {dagbag.py:588} INFO - Filling up the DagBag from /home/airflow/.local/lib/python3.12/site-packages/airflow/example_dags/example_python_decorator.py
[2025-07-01T21:40:14.663+0000] {processor.py:925} INFO - DAG(s) 'example_python_decorator' retrieved from /home/airflow/.local/lib/python3.12/site-packages/airflow/example_dags/example_python_decorator.py
[2025-07-01T21:40:14.683+0000] {logging_mixin.py:190} INFO - [2025-07-01T21:40:14.682+0000] {dag.py:3239} INFO - Sync 1 DAGs
[2025-07-01T21:40:14.695+0000] {logging_mixin.py:190} INFO - [2025-07-01T21:40:14.694+0000] {dag.py:4180} INFO - Setting next_dagrun for example_python_decorator to None, run_after=None
[2025-07-01T21:40:14.714+0000] {processor.py:208} INFO - Processing /home/airflow/.local/lib/python3.12/site-packages/airflow/example_dags/example_python_decorator.py took 0.072 seconds
[2025-07-01T21:40:45.331+0000] {processor.py:186} INFO - Started process (PID=3020) to work on /home/airflow/.local/lib/python3.12/site-packages/airflow/example_dags/example_python_decorator.py
[2025-07-01T21:40:45.332+0000] {processor.py:914} INFO - Processing file /home/airflow/.local/lib/python3.12/site-packages/airflow/example_dags/example_python_decorator.py for tasks to queue
[2025-07-01T21:40:45.334+0000] {logging_mixin.py:190} INFO - [2025-07-01T21:40:45.334+0000] {dagbag.py:588} INFO - Filling up the DagBag from /home/airflow/.local/lib/python3.12/site-packages/airflow/example_dags/example_python_decorator.py
[2025-07-01T21:40:45.348+0000] {processor.py:925} INFO - DAG(s) 'example_python_decorator' retrieved from /home/airflow/.local/lib/python3.12/site-packages/airflow/example_dags/example_python_decorator.py
[2025-07-01T21:40:45.368+0000] {logging_mixin.py:190} INFO - [2025-07-01T21:40:45.367+0000] {dag.py:3239} INFO - Sync 1 DAGs
[2025-07-01T21:40:45.379+0000] {logging_mixin.py:190} INFO - [2025-07-01T21:40:45.379+0000] {dag.py:4180} INFO - Setting next_dagrun for example_python_decorator to None, run_after=None
[2025-07-01T21:40:45.399+0000] {processor.py:208} INFO - Processing /home/airflow/.local/lib/python3.12/site-packages/airflow/example_dags/example_python_decorator.py took 0.073 seconds
[2025-07-01T21:41:16.045+0000] {processor.py:186} INFO - Started process (PID=3083) to work on /home/airflow/.local/lib/python3.12/site-packages/airflow/example_dags/example_python_decorator.py
[2025-07-01T21:41:16.046+0000] {processor.py:914} INFO - Processing file /home/airflow/.local/lib/python3.12/site-packages/airflow/example_dags/example_python_decorator.py for tasks to queue
[2025-07-01T21:41:16.048+0000] {logging_mixin.py:190} INFO - [2025-07-01T21:41:16.047+0000] {dagbag.py:588} INFO - Filling up the DagBag from /home/airflow/.local/lib/python3.12/site-packages/airflow/example_dags/example_python_decorator.py
[2025-07-01T21:41:16.060+0000] {processor.py:925} INFO - DAG(s) 'example_python_decorator' retrieved from /home/airflow/.local/lib/python3.12/site-packages/airflow/example_dags/example_python_decorator.py
[2025-07-01T21:41:16.080+0000] {logging_mixin.py:190} INFO - [2025-07-01T21:41:16.079+0000] {dag.py:3239} INFO - Sync 1 DAGs
[2025-07-01T21:41:16.092+0000] {logging_mixin.py:190} INFO - [2025-07-01T21:41:16.092+0000] {dag.py:4180} INFO - Setting next_dagrun for example_python_decorator to None, run_after=None
[2025-07-01T21:41:16.109+0000] {processor.py:208} INFO - Processing /home/airflow/.local/lib/python3.12/site-packages/airflow/example_dags/example_python_decorator.py took 0.069 seconds
[2025-07-01T21:41:47.106+0000] {processor.py:186} INFO - Started process (PID=3146) to work on /home/airflow/.local/lib/python3.12/site-packages/airflow/example_dags/example_python_decorator.py
[2025-07-01T21:41:47.107+0000] {processor.py:914} INFO - Processing file /home/airflow/.local/lib/python3.12/site-packages/airflow/example_dags/example_python_decorator.py for tasks to queue
[2025-07-01T21:41:47.109+0000] {logging_mixin.py:190} INFO - [2025-07-01T21:41:47.109+0000] {dagbag.py:588} INFO - Filling up the DagBag from /home/airflow/.local/lib/python3.12/site-packages/airflow/example_dags/example_python_decorator.py
[2025-07-01T21:41:47.121+0000] {processor.py:925} INFO - DAG(s) 'example_python_decorator' retrieved from /home/airflow/.local/lib/python3.12/site-packages/airflow/example_dags/example_python_decorator.py
[2025-07-01T21:41:47.141+0000] {logging_mixin.py:190} INFO - [2025-07-01T21:41:47.141+0000] {dag.py:3239} INFO - Sync 1 DAGs
[2025-07-01T21:41:47.153+0000] {logging_mixin.py:190} INFO - [2025-07-01T21:41:47.153+0000] {dag.py:4180} INFO - Setting next_dagrun for example_python_decorator to None, run_after=None
[2025-07-01T21:41:47.173+0000] {processor.py:208} INFO - Processing /home/airflow/.local/lib/python3.12/site-packages/airflow/example_dags/example_python_decorator.py took 0.071 seconds
[2025-07-01T21:42:17.926+0000] {processor.py:186} INFO - Started process (PID=3209) to work on /home/airflow/.local/lib/python3.12/site-packages/airflow/example_dags/example_python_decorator.py
[2025-07-01T21:42:17.927+0000] {processor.py:914} INFO - Processing file /home/airflow/.local/lib/python3.12/site-packages/airflow/example_dags/example_python_decorator.py for tasks to queue
[2025-07-01T21:42:17.930+0000] {logging_mixin.py:190} INFO - [2025-07-01T21:42:17.930+0000] {dagbag.py:588} INFO - Filling up the DagBag from /home/airflow/.local/lib/python3.12/site-packages/airflow/example_dags/example_python_decorator.py
[2025-07-01T21:42:17.944+0000] {processor.py:925} INFO - DAG(s) 'example_python_decorator' retrieved from /home/airflow/.local/lib/python3.12/site-packages/airflow/example_dags/example_python_decorator.py
[2025-07-01T21:42:17.963+0000] {logging_mixin.py:190} INFO - [2025-07-01T21:42:17.963+0000] {dag.py:3239} INFO - Sync 1 DAGs
[2025-07-01T21:42:17.975+0000] {logging_mixin.py:190} INFO - [2025-07-01T21:42:17.975+0000] {dag.py:4180} INFO - Setting next_dagrun for example_python_decorator to None, run_after=None
[2025-07-01T21:42:17.993+0000] {processor.py:208} INFO - Processing /home/airflow/.local/lib/python3.12/site-packages/airflow/example_dags/example_python_decorator.py took 0.073 seconds
[2025-07-01T21:42:49.163+0000] {processor.py:186} INFO - Started process (PID=3273) to work on /home/airflow/.local/lib/python3.12/site-packages/airflow/example_dags/example_python_decorator.py
[2025-07-01T21:42:49.164+0000] {processor.py:914} INFO - Processing file /home/airflow/.local/lib/python3.12/site-packages/airflow/example_dags/example_python_decorator.py for tasks to queue
[2025-07-01T21:42:49.166+0000] {logging_mixin.py:190} INFO - [2025-07-01T21:42:49.166+0000] {dagbag.py:588} INFO - Filling up the DagBag from /home/airflow/.local/lib/python3.12/site-packages/airflow/example_dags/example_python_decorator.py
[2025-07-01T21:42:49.178+0000] {processor.py:925} INFO - DAG(s) 'example_python_decorator' retrieved from /home/airflow/.local/lib/python3.12/site-packages/airflow/example_dags/example_python_decorator.py
[2025-07-01T21:42:49.196+0000] {logging_mixin.py:190} INFO - [2025-07-01T21:42:49.196+0000] {dag.py:3239} INFO - Sync 1 DAGs
[2025-07-01T21:42:49.207+0000] {logging_mixin.py:190} INFO - [2025-07-01T21:42:49.207+0000] {dag.py:4180} INFO - Setting next_dagrun for example_python_decorator to None, run_after=None
[2025-07-01T21:42:49.226+0000] {processor.py:208} INFO - Processing /home/airflow/.local/lib/python3.12/site-packages/airflow/example_dags/example_python_decorator.py took 0.068 seconds
[2025-07-01T21:43:20.134+0000] {processor.py:186} INFO - Started process (PID=3336) to work on /home/airflow/.local/lib/python3.12/site-packages/airflow/example_dags/example_python_decorator.py
[2025-07-01T21:43:20.135+0000] {processor.py:914} INFO - Processing file /home/airflow/.local/lib/python3.12/site-packages/airflow/example_dags/example_python_decorator.py for tasks to queue
[2025-07-01T21:43:20.137+0000] {logging_mixin.py:190} INFO - [2025-07-01T21:43:20.137+0000] {dagbag.py:588} INFO - Filling up the DagBag from /home/airflow/.local/lib/python3.12/site-packages/airflow/example_dags/example_python_decorator.py
[2025-07-01T21:43:20.149+0000] {processor.py:925} INFO - DAG(s) 'example_python_decorator' retrieved from /home/airflow/.local/lib/python3.12/site-packages/airflow/example_dags/example_python_decorator.py
[2025-07-01T21:43:20.169+0000] {logging_mixin.py:190} INFO - [2025-07-01T21:43:20.168+0000] {dag.py:3239} INFO - Sync 1 DAGs
[2025-07-01T21:43:20.183+0000] {logging_mixin.py:190} INFO - [2025-07-01T21:43:20.183+0000] {dag.py:4180} INFO - Setting next_dagrun for example_python_decorator to None, run_after=None
[2025-07-01T21:43:20.203+0000] {processor.py:208} INFO - Processing /home/airflow/.local/lib/python3.12/site-packages/airflow/example_dags/example_python_decorator.py took 0.075 seconds
[2025-07-01T21:43:50.935+0000] {processor.py:186} INFO - Started process (PID=3399) to work on /home/airflow/.local/lib/python3.12/site-packages/airflow/example_dags/example_python_decorator.py
[2025-07-01T21:43:50.936+0000] {processor.py:914} INFO - Processing file /home/airflow/.local/lib/python3.12/site-packages/airflow/example_dags/example_python_decorator.py for tasks to queue
[2025-07-01T21:43:50.938+0000] {logging_mixin.py:190} INFO - [2025-07-01T21:43:50.938+0000] {dagbag.py:588} INFO - Filling up the DagBag from /home/airflow/.local/lib/python3.12/site-packages/airflow/example_dags/example_python_decorator.py
[2025-07-01T21:43:50.951+0000] {processor.py:925} INFO - DAG(s) 'example_python_decorator' retrieved from /home/airflow/.local/lib/python3.12/site-packages/airflow/example_dags/example_python_decorator.py
[2025-07-01T21:43:50.973+0000] {logging_mixin.py:190} INFO - [2025-07-01T21:43:50.973+0000] {dag.py:3239} INFO - Sync 1 DAGs
[2025-07-01T21:43:50.985+0000] {logging_mixin.py:190} INFO - [2025-07-01T21:43:50.985+0000] {dag.py:4180} INFO - Setting next_dagrun for example_python_decorator to None, run_after=None
[2025-07-01T21:43:51.004+0000] {processor.py:208} INFO - Processing /home/airflow/.local/lib/python3.12/site-packages/airflow/example_dags/example_python_decorator.py took 0.075 seconds
[2025-07-01T21:44:21.660+0000] {processor.py:186} INFO - Started process (PID=3468) to work on /home/airflow/.local/lib/python3.12/site-packages/airflow/example_dags/example_python_decorator.py
[2025-07-01T21:44:21.661+0000] {processor.py:914} INFO - Processing file /home/airflow/.local/lib/python3.12/site-packages/airflow/example_dags/example_python_decorator.py for tasks to queue
[2025-07-01T21:44:21.663+0000] {logging_mixin.py:190} INFO - [2025-07-01T21:44:21.663+0000] {dagbag.py:588} INFO - Filling up the DagBag from /home/airflow/.local/lib/python3.12/site-packages/airflow/example_dags/example_python_decorator.py
[2025-07-01T21:44:21.677+0000] {processor.py:925} INFO - DAG(s) 'example_python_decorator' retrieved from /home/airflow/.local/lib/python3.12/site-packages/airflow/example_dags/example_python_decorator.py
[2025-07-01T21:44:21.695+0000] {logging_mixin.py:190} INFO - [2025-07-01T21:44:21.695+0000] {dag.py:3239} INFO - Sync 1 DAGs
[2025-07-01T21:44:21.709+0000] {logging_mixin.py:190} INFO - [2025-07-01T21:44:21.709+0000] {dag.py:4180} INFO - Setting next_dagrun for example_python_decorator to None, run_after=None
[2025-07-01T21:44:21.729+0000] {processor.py:208} INFO - Processing /home/airflow/.local/lib/python3.12/site-packages/airflow/example_dags/example_python_decorator.py took 0.073 seconds
[2025-07-01T21:44:52.410+0000] {processor.py:186} INFO - Started process (PID=3531) to work on /home/airflow/.local/lib/python3.12/site-packages/airflow/example_dags/example_python_decorator.py
[2025-07-01T21:44:52.411+0000] {processor.py:914} INFO - Processing file /home/airflow/.local/lib/python3.12/site-packages/airflow/example_dags/example_python_decorator.py for tasks to queue
[2025-07-01T21:44:52.416+0000] {logging_mixin.py:190} INFO - [2025-07-01T21:44:52.415+0000] {dagbag.py:588} INFO - Filling up the DagBag from /home/airflow/.local/lib/python3.12/site-packages/airflow/example_dags/example_python_decorator.py
[2025-07-01T21:44:52.428+0000] {processor.py:925} INFO - DAG(s) 'example_python_decorator' retrieved from /home/airflow/.local/lib/python3.12/site-packages/airflow/example_dags/example_python_decorator.py
[2025-07-01T21:44:52.450+0000] {logging_mixin.py:190} INFO - [2025-07-01T21:44:52.450+0000] {dag.py:3239} INFO - Sync 1 DAGs
[2025-07-01T21:44:52.464+0000] {logging_mixin.py:190} INFO - [2025-07-01T21:44:52.464+0000] {dag.py:4180} INFO - Setting next_dagrun for example_python_decorator to None, run_after=None
[2025-07-01T21:44:52.484+0000] {processor.py:208} INFO - Processing /home/airflow/.local/lib/python3.12/site-packages/airflow/example_dags/example_python_decorator.py took 0.079 seconds
[2025-07-01T21:45:23.438+0000] {processor.py:186} INFO - Started process (PID=3594) to work on /home/airflow/.local/lib/python3.12/site-packages/airflow/example_dags/example_python_decorator.py
[2025-07-01T21:45:23.439+0000] {processor.py:914} INFO - Processing file /home/airflow/.local/lib/python3.12/site-packages/airflow/example_dags/example_python_decorator.py for tasks to queue
[2025-07-01T21:45:23.441+0000] {logging_mixin.py:190} INFO - [2025-07-01T21:45:23.441+0000] {dagbag.py:588} INFO - Filling up the DagBag from /home/airflow/.local/lib/python3.12/site-packages/airflow/example_dags/example_python_decorator.py
[2025-07-01T21:45:23.454+0000] {processor.py:925} INFO - DAG(s) 'example_python_decorator' retrieved from /home/airflow/.local/lib/python3.12/site-packages/airflow/example_dags/example_python_decorator.py
[2025-07-01T21:45:23.474+0000] {logging_mixin.py:190} INFO - [2025-07-01T21:45:23.474+0000] {dag.py:3239} INFO - Sync 1 DAGs
[2025-07-01T21:45:23.486+0000] {logging_mixin.py:190} INFO - [2025-07-01T21:45:23.486+0000] {dag.py:4180} INFO - Setting next_dagrun for example_python_decorator to None, run_after=None
[2025-07-01T21:45:23.507+0000] {processor.py:208} INFO - Processing /home/airflow/.local/lib/python3.12/site-packages/airflow/example_dags/example_python_decorator.py took 0.074 seconds
[2025-07-01T21:45:54.459+0000] {processor.py:186} INFO - Started process (PID=3657) to work on /home/airflow/.local/lib/python3.12/site-packages/airflow/example_dags/example_python_decorator.py
[2025-07-01T21:45:54.460+0000] {processor.py:914} INFO - Processing file /home/airflow/.local/lib/python3.12/site-packages/airflow/example_dags/example_python_decorator.py for tasks to queue
[2025-07-01T21:45:54.463+0000] {logging_mixin.py:190} INFO - [2025-07-01T21:45:54.462+0000] {dagbag.py:588} INFO - Filling up the DagBag from /home/airflow/.local/lib/python3.12/site-packages/airflow/example_dags/example_python_decorator.py
[2025-07-01T21:45:54.477+0000] {processor.py:925} INFO - DAG(s) 'example_python_decorator' retrieved from /home/airflow/.local/lib/python3.12/site-packages/airflow/example_dags/example_python_decorator.py
[2025-07-01T21:45:54.500+0000] {logging_mixin.py:190} INFO - [2025-07-01T21:45:54.499+0000] {dag.py:3239} INFO - Sync 1 DAGs
[2025-07-01T21:45:54.512+0000] {logging_mixin.py:190} INFO - [2025-07-01T21:45:54.512+0000] {dag.py:4180} INFO - Setting next_dagrun for example_python_decorator to None, run_after=None
[2025-07-01T21:45:54.529+0000] {processor.py:208} INFO - Processing /home/airflow/.local/lib/python3.12/site-packages/airflow/example_dags/example_python_decorator.py took 0.076 seconds
[2025-07-01T21:46:25.252+0000] {processor.py:186} INFO - Started process (PID=3720) to work on /home/airflow/.local/lib/python3.12/site-packages/airflow/example_dags/example_python_decorator.py
[2025-07-01T21:46:25.253+0000] {processor.py:914} INFO - Processing file /home/airflow/.local/lib/python3.12/site-packages/airflow/example_dags/example_python_decorator.py for tasks to queue
[2025-07-01T21:46:25.256+0000] {logging_mixin.py:190} INFO - [2025-07-01T21:46:25.255+0000] {dagbag.py:588} INFO - Filling up the DagBag from /home/airflow/.local/lib/python3.12/site-packages/airflow/example_dags/example_python_decorator.py
[2025-07-01T21:46:25.273+0000] {processor.py:925} INFO - DAG(s) 'example_python_decorator' retrieved from /home/airflow/.local/lib/python3.12/site-packages/airflow/example_dags/example_python_decorator.py
[2025-07-01T21:46:25.292+0000] {logging_mixin.py:190} INFO - [2025-07-01T21:46:25.291+0000] {dag.py:3239} INFO - Sync 1 DAGs
[2025-07-01T21:46:25.304+0000] {logging_mixin.py:190} INFO - [2025-07-01T21:46:25.303+0000] {dag.py:4180} INFO - Setting next_dagrun for example_python_decorator to None, run_after=None
[2025-07-01T21:46:25.325+0000] {processor.py:208} INFO - Processing /home/airflow/.local/lib/python3.12/site-packages/airflow/example_dags/example_python_decorator.py took 0.078 seconds
[2025-07-01T21:46:56.175+0000] {processor.py:186} INFO - Started process (PID=3783) to work on /home/airflow/.local/lib/python3.12/site-packages/airflow/example_dags/example_python_decorator.py
[2025-07-01T21:46:56.176+0000] {processor.py:914} INFO - Processing file /home/airflow/.local/lib/python3.12/site-packages/airflow/example_dags/example_python_decorator.py for tasks to queue
[2025-07-01T21:46:56.179+0000] {logging_mixin.py:190} INFO - [2025-07-01T21:46:56.178+0000] {dagbag.py:588} INFO - Filling up the DagBag from /home/airflow/.local/lib/python3.12/site-packages/airflow/example_dags/example_python_decorator.py
[2025-07-01T21:46:56.192+0000] {processor.py:925} INFO - DAG(s) 'example_python_decorator' retrieved from /home/airflow/.local/lib/python3.12/site-packages/airflow/example_dags/example_python_decorator.py
[2025-07-01T21:46:56.215+0000] {logging_mixin.py:190} INFO - [2025-07-01T21:46:56.215+0000] {dag.py:3239} INFO - Sync 1 DAGs
[2025-07-01T21:46:56.229+0000] {logging_mixin.py:190} INFO - [2025-07-01T21:46:56.229+0000] {dag.py:4180} INFO - Setting next_dagrun for example_python_decorator to None, run_after=None
[2025-07-01T21:46:56.249+0000] {processor.py:208} INFO - Processing /home/airflow/.local/lib/python3.12/site-packages/airflow/example_dags/example_python_decorator.py took 0.079 seconds
[2025-07-01T21:47:27.871+0000] {processor.py:186} INFO - Started process (PID=3846) to work on /home/airflow/.local/lib/python3.12/site-packages/airflow/example_dags/example_python_decorator.py
[2025-07-01T21:47:27.872+0000] {processor.py:914} INFO - Processing file /home/airflow/.local/lib/python3.12/site-packages/airflow/example_dags/example_python_decorator.py for tasks to queue
[2025-07-01T21:47:27.874+0000] {logging_mixin.py:190} INFO - [2025-07-01T21:47:27.874+0000] {dagbag.py:588} INFO - Filling up the DagBag from /home/airflow/.local/lib/python3.12/site-packages/airflow/example_dags/example_python_decorator.py
[2025-07-01T21:47:27.885+0000] {processor.py:925} INFO - DAG(s) 'example_python_decorator' retrieved from /home/airflow/.local/lib/python3.12/site-packages/airflow/example_dags/example_python_decorator.py
[2025-07-01T21:47:27.904+0000] {logging_mixin.py:190} INFO - [2025-07-01T21:47:27.904+0000] {dag.py:3239} INFO - Sync 1 DAGs
[2025-07-01T21:47:27.915+0000] {logging_mixin.py:190} INFO - [2025-07-01T21:47:27.915+0000] {dag.py:4180} INFO - Setting next_dagrun for example_python_decorator to None, run_after=None
[2025-07-01T21:47:28.067+0000] {processor.py:208} INFO - Processing /home/airflow/.local/lib/python3.12/site-packages/airflow/example_dags/example_python_decorator.py took 0.201 seconds
[2025-07-01T21:47:58.309+0000] {processor.py:186} INFO - Started process (PID=3909) to work on /home/airflow/.local/lib/python3.12/site-packages/airflow/example_dags/example_python_decorator.py
[2025-07-01T21:47:58.310+0000] {processor.py:914} INFO - Processing file /home/airflow/.local/lib/python3.12/site-packages/airflow/example_dags/example_python_decorator.py for tasks to queue
[2025-07-01T21:47:58.313+0000] {logging_mixin.py:190} INFO - [2025-07-01T21:47:58.312+0000] {dagbag.py:588} INFO - Filling up the DagBag from /home/airflow/.local/lib/python3.12/site-packages/airflow/example_dags/example_python_decorator.py
[2025-07-01T21:47:58.325+0000] {processor.py:925} INFO - DAG(s) 'example_python_decorator' retrieved from /home/airflow/.local/lib/python3.12/site-packages/airflow/example_dags/example_python_decorator.py
[2025-07-01T21:47:58.344+0000] {logging_mixin.py:190} INFO - [2025-07-01T21:47:58.344+0000] {dag.py:3239} INFO - Sync 1 DAGs
[2025-07-01T21:47:58.356+0000] {logging_mixin.py:190} INFO - [2025-07-01T21:47:58.356+0000] {dag.py:4180} INFO - Setting next_dagrun for example_python_decorator to None, run_after=None
[2025-07-01T21:47:58.376+0000] {processor.py:208} INFO - Processing /home/airflow/.local/lib/python3.12/site-packages/airflow/example_dags/example_python_decorator.py took 0.072 seconds
[2025-07-01T21:48:29.024+0000] {processor.py:186} INFO - Started process (PID=3972) to work on /home/airflow/.local/lib/python3.12/site-packages/airflow/example_dags/example_python_decorator.py
[2025-07-01T21:48:29.025+0000] {processor.py:914} INFO - Processing file /home/airflow/.local/lib/python3.12/site-packages/airflow/example_dags/example_python_decorator.py for tasks to queue
[2025-07-01T21:48:29.027+0000] {logging_mixin.py:190} INFO - [2025-07-01T21:48:29.027+0000] {dagbag.py:588} INFO - Filling up the DagBag from /home/airflow/.local/lib/python3.12/site-packages/airflow/example_dags/example_python_decorator.py
[2025-07-01T21:48:29.039+0000] {processor.py:925} INFO - DAG(s) 'example_python_decorator' retrieved from /home/airflow/.local/lib/python3.12/site-packages/airflow/example_dags/example_python_decorator.py
[2025-07-01T21:48:29.059+0000] {logging_mixin.py:190} INFO - [2025-07-01T21:48:29.059+0000] {dag.py:3239} INFO - Sync 1 DAGs
[2025-07-01T21:48:29.071+0000] {logging_mixin.py:190} INFO - [2025-07-01T21:48:29.070+0000] {dag.py:4180} INFO - Setting next_dagrun for example_python_decorator to None, run_after=None
[2025-07-01T21:48:29.090+0000] {processor.py:208} INFO - Processing /home/airflow/.local/lib/python3.12/site-packages/airflow/example_dags/example_python_decorator.py took 0.071 seconds
[2025-07-01T21:48:59.633+0000] {processor.py:186} INFO - Started process (PID=4036) to work on /home/airflow/.local/lib/python3.12/site-packages/airflow/example_dags/example_python_decorator.py
[2025-07-01T21:48:59.634+0000] {processor.py:914} INFO - Processing file /home/airflow/.local/lib/python3.12/site-packages/airflow/example_dags/example_python_decorator.py for tasks to queue
[2025-07-01T21:48:59.636+0000] {logging_mixin.py:190} INFO - [2025-07-01T21:48:59.636+0000] {dagbag.py:588} INFO - Filling up the DagBag from /home/airflow/.local/lib/python3.12/site-packages/airflow/example_dags/example_python_decorator.py
[2025-07-01T21:48:59.651+0000] {processor.py:925} INFO - DAG(s) 'example_python_decorator' retrieved from /home/airflow/.local/lib/python3.12/site-packages/airflow/example_dags/example_python_decorator.py
[2025-07-01T21:48:59.672+0000] {logging_mixin.py:190} INFO - [2025-07-01T21:48:59.672+0000] {dag.py:3239} INFO - Sync 1 DAGs
[2025-07-01T21:48:59.684+0000] {logging_mixin.py:190} INFO - [2025-07-01T21:48:59.684+0000] {dag.py:4180} INFO - Setting next_dagrun for example_python_decorator to None, run_after=None
[2025-07-01T21:48:59.703+0000] {processor.py:208} INFO - Processing /home/airflow/.local/lib/python3.12/site-packages/airflow/example_dags/example_python_decorator.py took 0.076 seconds
[2025-07-01T21:49:30.592+0000] {processor.py:186} INFO - Started process (PID=4099) to work on /home/airflow/.local/lib/python3.12/site-packages/airflow/example_dags/example_python_decorator.py
[2025-07-01T21:49:30.593+0000] {processor.py:914} INFO - Processing file /home/airflow/.local/lib/python3.12/site-packages/airflow/example_dags/example_python_decorator.py for tasks to queue
[2025-07-01T21:49:30.595+0000] {logging_mixin.py:190} INFO - [2025-07-01T21:49:30.595+0000] {dagbag.py:588} INFO - Filling up the DagBag from /home/airflow/.local/lib/python3.12/site-packages/airflow/example_dags/example_python_decorator.py
[2025-07-01T21:49:30.607+0000] {processor.py:925} INFO - DAG(s) 'example_python_decorator' retrieved from /home/airflow/.local/lib/python3.12/site-packages/airflow/example_dags/example_python_decorator.py
[2025-07-01T21:49:30.626+0000] {logging_mixin.py:190} INFO - [2025-07-01T21:49:30.626+0000] {dag.py:3239} INFO - Sync 1 DAGs
[2025-07-01T21:49:30.637+0000] {logging_mixin.py:190} INFO - [2025-07-01T21:49:30.637+0000] {dag.py:4180} INFO - Setting next_dagrun for example_python_decorator to None, run_after=None
[2025-07-01T21:49:30.656+0000] {processor.py:208} INFO - Processing /home/airflow/.local/lib/python3.12/site-packages/airflow/example_dags/example_python_decorator.py took 0.070 seconds
[2025-07-01T21:50:01.208+0000] {processor.py:186} INFO - Started process (PID=4163) to work on /home/airflow/.local/lib/python3.12/site-packages/airflow/example_dags/example_python_decorator.py
[2025-07-01T21:50:01.209+0000] {processor.py:914} INFO - Processing file /home/airflow/.local/lib/python3.12/site-packages/airflow/example_dags/example_python_decorator.py for tasks to queue
[2025-07-01T21:50:01.212+0000] {logging_mixin.py:190} INFO - [2025-07-01T21:50:01.211+0000] {dagbag.py:588} INFO - Filling up the DagBag from /home/airflow/.local/lib/python3.12/site-packages/airflow/example_dags/example_python_decorator.py
[2025-07-01T21:50:01.223+0000] {processor.py:925} INFO - DAG(s) 'example_python_decorator' retrieved from /home/airflow/.local/lib/python3.12/site-packages/airflow/example_dags/example_python_decorator.py
[2025-07-01T21:50:01.243+0000] {logging_mixin.py:190} INFO - [2025-07-01T21:50:01.243+0000] {dag.py:3239} INFO - Sync 1 DAGs
[2025-07-01T21:50:01.255+0000] {logging_mixin.py:190} INFO - [2025-07-01T21:50:01.255+0000] {dag.py:4180} INFO - Setting next_dagrun for example_python_decorator to None, run_after=None
[2025-07-01T21:50:01.275+0000] {processor.py:208} INFO - Processing /home/airflow/.local/lib/python3.12/site-packages/airflow/example_dags/example_python_decorator.py took 0.071 seconds
[2025-07-01T21:50:32.920+0000] {processor.py:186} INFO - Started process (PID=4226) to work on /home/airflow/.local/lib/python3.12/site-packages/airflow/example_dags/example_python_decorator.py
[2025-07-01T21:50:32.921+0000] {processor.py:914} INFO - Processing file /home/airflow/.local/lib/python3.12/site-packages/airflow/example_dags/example_python_decorator.py for tasks to queue
[2025-07-01T21:50:32.924+0000] {logging_mixin.py:190} INFO - [2025-07-01T21:50:32.924+0000] {dagbag.py:588} INFO - Filling up the DagBag from /home/airflow/.local/lib/python3.12/site-packages/airflow/example_dags/example_python_decorator.py
[2025-07-01T21:50:32.937+0000] {processor.py:925} INFO - DAG(s) 'example_python_decorator' retrieved from /home/airflow/.local/lib/python3.12/site-packages/airflow/example_dags/example_python_decorator.py
[2025-07-01T21:50:32.957+0000] {logging_mixin.py:190} INFO - [2025-07-01T21:50:32.957+0000] {dag.py:3239} INFO - Sync 1 DAGs
[2025-07-01T21:50:33.112+0000] {logging_mixin.py:190} INFO - [2025-07-01T21:50:33.111+0000] {dag.py:4180} INFO - Setting next_dagrun for example_python_decorator to None, run_after=None
[2025-07-01T21:50:33.128+0000] {processor.py:208} INFO - Processing /home/airflow/.local/lib/python3.12/site-packages/airflow/example_dags/example_python_decorator.py took 0.213 seconds
[2025-07-01T21:51:03.737+0000] {processor.py:186} INFO - Started process (PID=4289) to work on /home/airflow/.local/lib/python3.12/site-packages/airflow/example_dags/example_python_decorator.py
[2025-07-01T21:51:03.738+0000] {processor.py:914} INFO - Processing file /home/airflow/.local/lib/python3.12/site-packages/airflow/example_dags/example_python_decorator.py for tasks to queue
[2025-07-01T21:51:03.740+0000] {logging_mixin.py:190} INFO - [2025-07-01T21:51:03.739+0000] {dagbag.py:588} INFO - Filling up the DagBag from /home/airflow/.local/lib/python3.12/site-packages/airflow/example_dags/example_python_decorator.py
[2025-07-01T21:51:03.751+0000] {processor.py:925} INFO - DAG(s) 'example_python_decorator' retrieved from /home/airflow/.local/lib/python3.12/site-packages/airflow/example_dags/example_python_decorator.py
[2025-07-01T21:51:03.770+0000] {logging_mixin.py:190} INFO - [2025-07-01T21:51:03.770+0000] {dag.py:3239} INFO - Sync 1 DAGs
[2025-07-01T21:51:03.782+0000] {logging_mixin.py:190} INFO - [2025-07-01T21:51:03.781+0000] {dag.py:4180} INFO - Setting next_dagrun for example_python_decorator to None, run_after=None
[2025-07-01T21:51:03.801+0000] {processor.py:208} INFO - Processing /home/airflow/.local/lib/python3.12/site-packages/airflow/example_dags/example_python_decorator.py took 0.070 seconds
[2025-07-01T21:51:34.518+0000] {processor.py:186} INFO - Started process (PID=4352) to work on /home/airflow/.local/lib/python3.12/site-packages/airflow/example_dags/example_python_decorator.py
[2025-07-01T21:51:34.519+0000] {processor.py:914} INFO - Processing file /home/airflow/.local/lib/python3.12/site-packages/airflow/example_dags/example_python_decorator.py for tasks to queue
[2025-07-01T21:51:34.521+0000] {logging_mixin.py:190} INFO - [2025-07-01T21:51:34.521+0000] {dagbag.py:588} INFO - Filling up the DagBag from /home/airflow/.local/lib/python3.12/site-packages/airflow/example_dags/example_python_decorator.py
[2025-07-01T21:51:34.534+0000] {processor.py:925} INFO - DAG(s) 'example_python_decorator' retrieved from /home/airflow/.local/lib/python3.12/site-packages/airflow/example_dags/example_python_decorator.py
[2025-07-01T21:51:34.556+0000] {logging_mixin.py:190} INFO - [2025-07-01T21:51:34.556+0000] {dag.py:3239} INFO - Sync 1 DAGs
[2025-07-01T21:51:34.569+0000] {logging_mixin.py:190} INFO - [2025-07-01T21:51:34.569+0000] {dag.py:4180} INFO - Setting next_dagrun for example_python_decorator to None, run_after=None
[2025-07-01T21:51:34.590+0000] {processor.py:208} INFO - Processing /home/airflow/.local/lib/python3.12/site-packages/airflow/example_dags/example_python_decorator.py took 0.078 seconds
[2025-07-01T21:52:04.883+0000] {processor.py:186} INFO - Started process (PID=4415) to work on /home/airflow/.local/lib/python3.12/site-packages/airflow/example_dags/example_python_decorator.py
[2025-07-01T21:52:04.884+0000] {processor.py:914} INFO - Processing file /home/airflow/.local/lib/python3.12/site-packages/airflow/example_dags/example_python_decorator.py for tasks to queue
[2025-07-01T21:52:04.886+0000] {logging_mixin.py:190} INFO - [2025-07-01T21:52:04.886+0000] {dagbag.py:588} INFO - Filling up the DagBag from /home/airflow/.local/lib/python3.12/site-packages/airflow/example_dags/example_python_decorator.py
[2025-07-01T21:52:04.898+0000] {processor.py:925} INFO - DAG(s) 'example_python_decorator' retrieved from /home/airflow/.local/lib/python3.12/site-packages/airflow/example_dags/example_python_decorator.py
[2025-07-01T21:52:04.917+0000] {logging_mixin.py:190} INFO - [2025-07-01T21:52:04.917+0000] {dag.py:3239} INFO - Sync 1 DAGs
[2025-07-01T21:52:04.931+0000] {logging_mixin.py:190} INFO - [2025-07-01T21:52:04.931+0000] {dag.py:4180} INFO - Setting next_dagrun for example_python_decorator to None, run_after=None
[2025-07-01T21:52:04.948+0000] {processor.py:208} INFO - Processing /home/airflow/.local/lib/python3.12/site-packages/airflow/example_dags/example_python_decorator.py took 0.070 seconds
[2025-07-01T21:52:35.315+0000] {processor.py:186} INFO - Started process (PID=4478) to work on /home/airflow/.local/lib/python3.12/site-packages/airflow/example_dags/example_python_decorator.py
[2025-07-01T21:52:35.316+0000] {processor.py:914} INFO - Processing file /home/airflow/.local/lib/python3.12/site-packages/airflow/example_dags/example_python_decorator.py for tasks to queue
[2025-07-01T21:52:35.319+0000] {logging_mixin.py:190} INFO - [2025-07-01T21:52:35.318+0000] {dagbag.py:588} INFO - Filling up the DagBag from /home/airflow/.local/lib/python3.12/site-packages/airflow/example_dags/example_python_decorator.py
[2025-07-01T21:52:35.334+0000] {processor.py:925} INFO - DAG(s) 'example_python_decorator' retrieved from /home/airflow/.local/lib/python3.12/site-packages/airflow/example_dags/example_python_decorator.py
[2025-07-01T21:52:35.352+0000] {logging_mixin.py:190} INFO - [2025-07-01T21:52:35.352+0000] {dag.py:3239} INFO - Sync 1 DAGs
[2025-07-01T21:52:35.364+0000] {logging_mixin.py:190} INFO - [2025-07-01T21:52:35.364+0000] {dag.py:4180} INFO - Setting next_dagrun for example_python_decorator to None, run_after=None
[2025-07-01T21:52:35.383+0000] {processor.py:208} INFO - Processing /home/airflow/.local/lib/python3.12/site-packages/airflow/example_dags/example_python_decorator.py took 0.073 seconds
[2025-07-01T21:53:05.509+0000] {processor.py:186} INFO - Started process (PID=4541) to work on /home/airflow/.local/lib/python3.12/site-packages/airflow/example_dags/example_python_decorator.py
[2025-07-01T21:53:05.510+0000] {processor.py:914} INFO - Processing file /home/airflow/.local/lib/python3.12/site-packages/airflow/example_dags/example_python_decorator.py for tasks to queue
[2025-07-01T21:53:05.513+0000] {logging_mixin.py:190} INFO - [2025-07-01T21:53:05.512+0000] {dagbag.py:588} INFO - Filling up the DagBag from /home/airflow/.local/lib/python3.12/site-packages/airflow/example_dags/example_python_decorator.py
[2025-07-01T21:53:05.524+0000] {processor.py:925} INFO - DAG(s) 'example_python_decorator' retrieved from /home/airflow/.local/lib/python3.12/site-packages/airflow/example_dags/example_python_decorator.py
[2025-07-01T21:53:05.543+0000] {logging_mixin.py:190} INFO - [2025-07-01T21:53:05.542+0000] {dag.py:3239} INFO - Sync 1 DAGs
[2025-07-01T21:53:05.555+0000] {logging_mixin.py:190} INFO - [2025-07-01T21:53:05.555+0000] {dag.py:4180} INFO - Setting next_dagrun for example_python_decorator to None, run_after=None
[2025-07-01T21:53:05.573+0000] {processor.py:208} INFO - Processing /home/airflow/.local/lib/python3.12/site-packages/airflow/example_dags/example_python_decorator.py took 0.069 seconds
[2025-07-01T21:53:35.968+0000] {processor.py:186} INFO - Started process (PID=4604) to work on /home/airflow/.local/lib/python3.12/site-packages/airflow/example_dags/example_python_decorator.py
[2025-07-01T21:53:35.969+0000] {processor.py:914} INFO - Processing file /home/airflow/.local/lib/python3.12/site-packages/airflow/example_dags/example_python_decorator.py for tasks to queue
[2025-07-01T21:53:35.971+0000] {logging_mixin.py:190} INFO - [2025-07-01T21:53:35.971+0000] {dagbag.py:588} INFO - Filling up the DagBag from /home/airflow/.local/lib/python3.12/site-packages/airflow/example_dags/example_python_decorator.py
[2025-07-01T21:53:35.983+0000] {processor.py:925} INFO - DAG(s) 'example_python_decorator' retrieved from /home/airflow/.local/lib/python3.12/site-packages/airflow/example_dags/example_python_decorator.py
[2025-07-01T21:53:36.000+0000] {logging_mixin.py:190} INFO - [2025-07-01T21:53:36.000+0000] {dag.py:3239} INFO - Sync 1 DAGs
[2025-07-01T21:53:36.012+0000] {logging_mixin.py:190} INFO - [2025-07-01T21:53:36.011+0000] {dag.py:4180} INFO - Setting next_dagrun for example_python_decorator to None, run_after=None
[2025-07-01T21:53:36.031+0000] {processor.py:208} INFO - Processing /home/airflow/.local/lib/python3.12/site-packages/airflow/example_dags/example_python_decorator.py took 0.068 seconds
[2025-07-01T21:54:06.353+0000] {processor.py:186} INFO - Started process (PID=4667) to work on /home/airflow/.local/lib/python3.12/site-packages/airflow/example_dags/example_python_decorator.py
[2025-07-01T21:54:06.354+0000] {processor.py:914} INFO - Processing file /home/airflow/.local/lib/python3.12/site-packages/airflow/example_dags/example_python_decorator.py for tasks to queue
[2025-07-01T21:54:06.356+0000] {logging_mixin.py:190} INFO - [2025-07-01T21:54:06.356+0000] {dagbag.py:588} INFO - Filling up the DagBag from /home/airflow/.local/lib/python3.12/site-packages/airflow/example_dags/example_python_decorator.py
[2025-07-01T21:54:06.369+0000] {processor.py:925} INFO - DAG(s) 'example_python_decorator' retrieved from /home/airflow/.local/lib/python3.12/site-packages/airflow/example_dags/example_python_decorator.py
[2025-07-01T21:54:06.388+0000] {logging_mixin.py:190} INFO - [2025-07-01T21:54:06.387+0000] {dag.py:3239} INFO - Sync 1 DAGs
[2025-07-01T21:54:06.400+0000] {logging_mixin.py:190} INFO - [2025-07-01T21:54:06.400+0000] {dag.py:4180} INFO - Setting next_dagrun for example_python_decorator to None, run_after=None
[2025-07-01T21:54:06.417+0000] {processor.py:208} INFO - Processing /home/airflow/.local/lib/python3.12/site-packages/airflow/example_dags/example_python_decorator.py took 0.070 seconds
[2025-07-01T21:54:36.846+0000] {processor.py:186} INFO - Started process (PID=4730) to work on /home/airflow/.local/lib/python3.12/site-packages/airflow/example_dags/example_python_decorator.py
[2025-07-01T21:54:36.847+0000] {processor.py:914} INFO - Processing file /home/airflow/.local/lib/python3.12/site-packages/airflow/example_dags/example_python_decorator.py for tasks to queue
[2025-07-01T21:54:36.851+0000] {logging_mixin.py:190} INFO - [2025-07-01T21:54:36.850+0000] {dagbag.py:588} INFO - Filling up the DagBag from /home/airflow/.local/lib/python3.12/site-packages/airflow/example_dags/example_python_decorator.py
[2025-07-01T21:54:36.865+0000] {processor.py:925} INFO - DAG(s) 'example_python_decorator' retrieved from /home/airflow/.local/lib/python3.12/site-packages/airflow/example_dags/example_python_decorator.py
[2025-07-01T21:54:36.887+0000] {logging_mixin.py:190} INFO - [2025-07-01T21:54:36.887+0000] {dag.py:3239} INFO - Sync 1 DAGs
[2025-07-01T21:54:36.905+0000] {logging_mixin.py:190} INFO - [2025-07-01T21:54:36.905+0000] {dag.py:4180} INFO - Setting next_dagrun for example_python_decorator to None, run_after=None
[2025-07-01T21:54:36.927+0000] {processor.py:208} INFO - Processing /home/airflow/.local/lib/python3.12/site-packages/airflow/example_dags/example_python_decorator.py took 0.087 seconds
[2025-07-01T21:55:07.161+0000] {processor.py:186} INFO - Started process (PID=4793) to work on /home/airflow/.local/lib/python3.12/site-packages/airflow/example_dags/example_python_decorator.py
[2025-07-01T21:55:07.162+0000] {processor.py:914} INFO - Processing file /home/airflow/.local/lib/python3.12/site-packages/airflow/example_dags/example_python_decorator.py for tasks to queue
[2025-07-01T21:55:07.164+0000] {logging_mixin.py:190} INFO - [2025-07-01T21:55:07.163+0000] {dagbag.py:588} INFO - Filling up the DagBag from /home/airflow/.local/lib/python3.12/site-packages/airflow/example_dags/example_python_decorator.py
[2025-07-01T21:55:07.175+0000] {processor.py:925} INFO - DAG(s) 'example_python_decorator' retrieved from /home/airflow/.local/lib/python3.12/site-packages/airflow/example_dags/example_python_decorator.py
[2025-07-01T21:55:07.192+0000] {logging_mixin.py:190} INFO - [2025-07-01T21:55:07.192+0000] {dag.py:3239} INFO - Sync 1 DAGs
[2025-07-01T21:55:07.204+0000] {logging_mixin.py:190} INFO - [2025-07-01T21:55:07.203+0000] {dag.py:4180} INFO - Setting next_dagrun for example_python_decorator to None, run_after=None
[2025-07-01T21:55:07.221+0000] {processor.py:208} INFO - Processing /home/airflow/.local/lib/python3.12/site-packages/airflow/example_dags/example_python_decorator.py took 0.065 seconds
[2025-07-01T21:55:37.613+0000] {processor.py:186} INFO - Started process (PID=4857) to work on /home/airflow/.local/lib/python3.12/site-packages/airflow/example_dags/example_python_decorator.py
[2025-07-01T21:55:37.614+0000] {processor.py:914} INFO - Processing file /home/airflow/.local/lib/python3.12/site-packages/airflow/example_dags/example_python_decorator.py for tasks to queue
[2025-07-01T21:55:37.616+0000] {logging_mixin.py:190} INFO - [2025-07-01T21:55:37.616+0000] {dagbag.py:588} INFO - Filling up the DagBag from /home/airflow/.local/lib/python3.12/site-packages/airflow/example_dags/example_python_decorator.py
[2025-07-01T21:55:37.628+0000] {processor.py:925} INFO - DAG(s) 'example_python_decorator' retrieved from /home/airflow/.local/lib/python3.12/site-packages/airflow/example_dags/example_python_decorator.py
[2025-07-01T21:55:37.647+0000] {logging_mixin.py:190} INFO - [2025-07-01T21:55:37.646+0000] {dag.py:3239} INFO - Sync 1 DAGs
[2025-07-01T21:55:37.659+0000] {logging_mixin.py:190} INFO - [2025-07-01T21:55:37.659+0000] {dag.py:4180} INFO - Setting next_dagrun for example_python_decorator to None, run_after=None
[2025-07-01T21:55:37.677+0000] {processor.py:208} INFO - Processing /home/airflow/.local/lib/python3.12/site-packages/airflow/example_dags/example_python_decorator.py took 0.069 seconds
[2025-07-01T21:56:08.011+0000] {processor.py:186} INFO - Started process (PID=4920) to work on /home/airflow/.local/lib/python3.12/site-packages/airflow/example_dags/example_python_decorator.py
[2025-07-01T21:56:08.012+0000] {processor.py:914} INFO - Processing file /home/airflow/.local/lib/python3.12/site-packages/airflow/example_dags/example_python_decorator.py for tasks to queue
[2025-07-01T21:56:08.014+0000] {logging_mixin.py:190} INFO - [2025-07-01T21:56:08.014+0000] {dagbag.py:588} INFO - Filling up the DagBag from /home/airflow/.local/lib/python3.12/site-packages/airflow/example_dags/example_python_decorator.py
[2025-07-01T21:56:08.026+0000] {processor.py:925} INFO - DAG(s) 'example_python_decorator' retrieved from /home/airflow/.local/lib/python3.12/site-packages/airflow/example_dags/example_python_decorator.py
[2025-07-01T21:56:08.045+0000] {logging_mixin.py:190} INFO - [2025-07-01T21:56:08.045+0000] {dag.py:3239} INFO - Sync 1 DAGs
[2025-07-01T21:56:08.058+0000] {logging_mixin.py:190} INFO - [2025-07-01T21:56:08.057+0000] {dag.py:4180} INFO - Setting next_dagrun for example_python_decorator to None, run_after=None
[2025-07-01T21:56:08.075+0000] {processor.py:208} INFO - Processing /home/airflow/.local/lib/python3.12/site-packages/airflow/example_dags/example_python_decorator.py took 0.068 seconds
[2025-07-01T21:56:38.320+0000] {processor.py:186} INFO - Started process (PID=4983) to work on /home/airflow/.local/lib/python3.12/site-packages/airflow/example_dags/example_python_decorator.py
[2025-07-01T21:56:38.322+0000] {processor.py:914} INFO - Processing file /home/airflow/.local/lib/python3.12/site-packages/airflow/example_dags/example_python_decorator.py for tasks to queue
[2025-07-01T21:56:38.327+0000] {logging_mixin.py:190} INFO - [2025-07-01T21:56:38.326+0000] {dagbag.py:588} INFO - Filling up the DagBag from /home/airflow/.local/lib/python3.12/site-packages/airflow/example_dags/example_python_decorator.py
[2025-07-01T21:56:38.340+0000] {processor.py:925} INFO - DAG(s) 'example_python_decorator' retrieved from /home/airflow/.local/lib/python3.12/site-packages/airflow/example_dags/example_python_decorator.py
[2025-07-01T21:56:38.360+0000] {logging_mixin.py:190} INFO - [2025-07-01T21:56:38.360+0000] {dag.py:3239} INFO - Sync 1 DAGs
[2025-07-01T21:56:38.372+0000] {logging_mixin.py:190} INFO - [2025-07-01T21:56:38.372+0000] {dag.py:4180} INFO - Setting next_dagrun for example_python_decorator to None, run_after=None
[2025-07-01T21:56:38.390+0000] {processor.py:208} INFO - Processing /home/airflow/.local/lib/python3.12/site-packages/airflow/example_dags/example_python_decorator.py took 0.075 seconds
[2025-07-01T21:57:08.722+0000] {processor.py:186} INFO - Started process (PID=5047) to work on /home/airflow/.local/lib/python3.12/site-packages/airflow/example_dags/example_python_decorator.py
[2025-07-01T21:57:08.723+0000] {processor.py:914} INFO - Processing file /home/airflow/.local/lib/python3.12/site-packages/airflow/example_dags/example_python_decorator.py for tasks to queue
[2025-07-01T21:57:08.726+0000] {logging_mixin.py:190} INFO - [2025-07-01T21:57:08.725+0000] {dagbag.py:588} INFO - Filling up the DagBag from /home/airflow/.local/lib/python3.12/site-packages/airflow/example_dags/example_python_decorator.py
[2025-07-01T21:57:08.738+0000] {processor.py:925} INFO - DAG(s) 'example_python_decorator' retrieved from /home/airflow/.local/lib/python3.12/site-packages/airflow/example_dags/example_python_decorator.py
[2025-07-01T21:57:08.758+0000] {logging_mixin.py:190} INFO - [2025-07-01T21:57:08.758+0000] {dag.py:3239} INFO - Sync 1 DAGs
[2025-07-01T21:57:08.772+0000] {logging_mixin.py:190} INFO - [2025-07-01T21:57:08.772+0000] {dag.py:4180} INFO - Setting next_dagrun for example_python_decorator to None, run_after=None
[2025-07-01T21:57:08.790+0000] {processor.py:208} INFO - Processing /home/airflow/.local/lib/python3.12/site-packages/airflow/example_dags/example_python_decorator.py took 0.073 seconds
[2025-07-01T21:57:39.110+0000] {processor.py:186} INFO - Started process (PID=5110) to work on /home/airflow/.local/lib/python3.12/site-packages/airflow/example_dags/example_python_decorator.py
[2025-07-01T21:57:39.111+0000] {processor.py:914} INFO - Processing file /home/airflow/.local/lib/python3.12/site-packages/airflow/example_dags/example_python_decorator.py for tasks to queue
[2025-07-01T21:57:39.113+0000] {logging_mixin.py:190} INFO - [2025-07-01T21:57:39.113+0000] {dagbag.py:588} INFO - Filling up the DagBag from /home/airflow/.local/lib/python3.12/site-packages/airflow/example_dags/example_python_decorator.py
[2025-07-01T21:57:39.127+0000] {processor.py:925} INFO - DAG(s) 'example_python_decorator' retrieved from /home/airflow/.local/lib/python3.12/site-packages/airflow/example_dags/example_python_decorator.py
[2025-07-01T21:57:39.147+0000] {logging_mixin.py:190} INFO - [2025-07-01T21:57:39.147+0000] {dag.py:3239} INFO - Sync 1 DAGs
[2025-07-01T21:57:39.158+0000] {logging_mixin.py:190} INFO - [2025-07-01T21:57:39.158+0000] {dag.py:4180} INFO - Setting next_dagrun for example_python_decorator to None, run_after=None
[2025-07-01T21:57:39.177+0000] {processor.py:208} INFO - Processing /home/airflow/.local/lib/python3.12/site-packages/airflow/example_dags/example_python_decorator.py took 0.074 seconds
[2025-07-01T21:58:09.537+0000] {processor.py:186} INFO - Started process (PID=5173) to work on /home/airflow/.local/lib/python3.12/site-packages/airflow/example_dags/example_python_decorator.py
[2025-07-01T21:58:09.538+0000] {processor.py:914} INFO - Processing file /home/airflow/.local/lib/python3.12/site-packages/airflow/example_dags/example_python_decorator.py for tasks to queue
[2025-07-01T21:58:09.540+0000] {logging_mixin.py:190} INFO - [2025-07-01T21:58:09.540+0000] {dagbag.py:588} INFO - Filling up the DagBag from /home/airflow/.local/lib/python3.12/site-packages/airflow/example_dags/example_python_decorator.py
[2025-07-01T21:58:09.553+0000] {processor.py:925} INFO - DAG(s) 'example_python_decorator' retrieved from /home/airflow/.local/lib/python3.12/site-packages/airflow/example_dags/example_python_decorator.py
[2025-07-01T21:58:09.574+0000] {logging_mixin.py:190} INFO - [2025-07-01T21:58:09.574+0000] {dag.py:3239} INFO - Sync 1 DAGs
[2025-07-01T21:58:09.586+0000] {logging_mixin.py:190} INFO - [2025-07-01T21:58:09.586+0000] {dag.py:4180} INFO - Setting next_dagrun for example_python_decorator to None, run_after=None
[2025-07-01T21:58:09.605+0000] {processor.py:208} INFO - Processing /home/airflow/.local/lib/python3.12/site-packages/airflow/example_dags/example_python_decorator.py took 0.073 seconds
[2025-07-01T21:58:39.885+0000] {processor.py:186} INFO - Started process (PID=5236) to work on /home/airflow/.local/lib/python3.12/site-packages/airflow/example_dags/example_python_decorator.py
[2025-07-01T21:58:39.886+0000] {processor.py:914} INFO - Processing file /home/airflow/.local/lib/python3.12/site-packages/airflow/example_dags/example_python_decorator.py for tasks to queue
[2025-07-01T21:58:39.889+0000] {logging_mixin.py:190} INFO - [2025-07-01T21:58:39.888+0000] {dagbag.py:588} INFO - Filling up the DagBag from /home/airflow/.local/lib/python3.12/site-packages/airflow/example_dags/example_python_decorator.py
[2025-07-01T21:58:39.905+0000] {processor.py:925} INFO - DAG(s) 'example_python_decorator' retrieved from /home/airflow/.local/lib/python3.12/site-packages/airflow/example_dags/example_python_decorator.py
[2025-07-01T21:58:39.931+0000] {logging_mixin.py:190} INFO - [2025-07-01T21:58:39.930+0000] {dag.py:3239} INFO - Sync 1 DAGs
[2025-07-01T21:58:39.945+0000] {logging_mixin.py:190} INFO - [2025-07-01T21:58:39.945+0000] {dag.py:4180} INFO - Setting next_dagrun for example_python_decorator to None, run_after=None
[2025-07-01T21:58:39.964+0000] {processor.py:208} INFO - Processing /home/airflow/.local/lib/python3.12/site-packages/airflow/example_dags/example_python_decorator.py took 0.085 seconds
[2025-07-01T21:59:10.526+0000] {processor.py:186} INFO - Started process (PID=5299) to work on /home/airflow/.local/lib/python3.12/site-packages/airflow/example_dags/example_python_decorator.py
[2025-07-01T21:59:10.527+0000] {processor.py:914} INFO - Processing file /home/airflow/.local/lib/python3.12/site-packages/airflow/example_dags/example_python_decorator.py for tasks to queue
[2025-07-01T21:59:10.529+0000] {logging_mixin.py:190} INFO - [2025-07-01T21:59:10.529+0000] {dagbag.py:588} INFO - Filling up the DagBag from /home/airflow/.local/lib/python3.12/site-packages/airflow/example_dags/example_python_decorator.py
[2025-07-01T21:59:10.541+0000] {processor.py:925} INFO - DAG(s) 'example_python_decorator' retrieved from /home/airflow/.local/lib/python3.12/site-packages/airflow/example_dags/example_python_decorator.py
[2025-07-01T21:59:10.560+0000] {logging_mixin.py:190} INFO - [2025-07-01T21:59:10.559+0000] {dag.py:3239} INFO - Sync 1 DAGs
[2025-07-01T21:59:10.574+0000] {logging_mixin.py:190} INFO - [2025-07-01T21:59:10.574+0000] {dag.py:4180} INFO - Setting next_dagrun for example_python_decorator to None, run_after=None
[2025-07-01T21:59:10.599+0000] {processor.py:208} INFO - Processing /home/airflow/.local/lib/python3.12/site-packages/airflow/example_dags/example_python_decorator.py took 0.078 seconds
[2025-07-01T21:59:41.201+0000] {processor.py:186} INFO - Started process (PID=5362) to work on /home/airflow/.local/lib/python3.12/site-packages/airflow/example_dags/example_python_decorator.py
[2025-07-01T21:59:41.202+0000] {processor.py:914} INFO - Processing file /home/airflow/.local/lib/python3.12/site-packages/airflow/example_dags/example_python_decorator.py for tasks to queue
[2025-07-01T21:59:41.205+0000] {logging_mixin.py:190} INFO - [2025-07-01T21:59:41.205+0000] {dagbag.py:588} INFO - Filling up the DagBag from /home/airflow/.local/lib/python3.12/site-packages/airflow/example_dags/example_python_decorator.py
[2025-07-01T21:59:41.219+0000] {processor.py:925} INFO - DAG(s) 'example_python_decorator' retrieved from /home/airflow/.local/lib/python3.12/site-packages/airflow/example_dags/example_python_decorator.py
[2025-07-01T21:59:41.238+0000] {logging_mixin.py:190} INFO - [2025-07-01T21:59:41.237+0000] {dag.py:3239} INFO - Sync 1 DAGs
[2025-07-01T21:59:41.251+0000] {logging_mixin.py:190} INFO - [2025-07-01T21:59:41.251+0000] {dag.py:4180} INFO - Setting next_dagrun for example_python_decorator to None, run_after=None
[2025-07-01T21:59:41.271+0000] {processor.py:208} INFO - Processing /home/airflow/.local/lib/python3.12/site-packages/airflow/example_dags/example_python_decorator.py took 0.075 seconds
[2025-07-01T22:00:11.788+0000] {processor.py:186} INFO - Started process (PID=5426) to work on /home/airflow/.local/lib/python3.12/site-packages/airflow/example_dags/example_python_decorator.py
[2025-07-01T22:00:11.789+0000] {processor.py:914} INFO - Processing file /home/airflow/.local/lib/python3.12/site-packages/airflow/example_dags/example_python_decorator.py for tasks to queue
[2025-07-01T22:00:11.791+0000] {logging_mixin.py:190} INFO - [2025-07-01T22:00:11.791+0000] {dagbag.py:588} INFO - Filling up the DagBag from /home/airflow/.local/lib/python3.12/site-packages/airflow/example_dags/example_python_decorator.py
[2025-07-01T22:00:11.804+0000] {processor.py:925} INFO - DAG(s) 'example_python_decorator' retrieved from /home/airflow/.local/lib/python3.12/site-packages/airflow/example_dags/example_python_decorator.py
[2025-07-01T22:00:11.825+0000] {logging_mixin.py:190} INFO - [2025-07-01T22:00:11.825+0000] {dag.py:3239} INFO - Sync 1 DAGs
[2025-07-01T22:00:11.837+0000] {logging_mixin.py:190} INFO - [2025-07-01T22:00:11.837+0000] {dag.py:4180} INFO - Setting next_dagrun for example_python_decorator to None, run_after=None
[2025-07-01T22:00:11.857+0000] {processor.py:208} INFO - Processing /home/airflow/.local/lib/python3.12/site-packages/airflow/example_dags/example_python_decorator.py took 0.075 seconds
[2025-07-01T22:00:42.358+0000] {processor.py:186} INFO - Started process (PID=5489) to work on /home/airflow/.local/lib/python3.12/site-packages/airflow/example_dags/example_python_decorator.py
[2025-07-01T22:00:42.360+0000] {processor.py:914} INFO - Processing file /home/airflow/.local/lib/python3.12/site-packages/airflow/example_dags/example_python_decorator.py for tasks to queue
[2025-07-01T22:00:42.362+0000] {logging_mixin.py:190} INFO - [2025-07-01T22:00:42.362+0000] {dagbag.py:588} INFO - Filling up the DagBag from /home/airflow/.local/lib/python3.12/site-packages/airflow/example_dags/example_python_decorator.py
[2025-07-01T22:00:42.376+0000] {processor.py:925} INFO - DAG(s) 'example_python_decorator' retrieved from /home/airflow/.local/lib/python3.12/site-packages/airflow/example_dags/example_python_decorator.py
[2025-07-01T22:00:42.401+0000] {logging_mixin.py:190} INFO - [2025-07-01T22:00:42.401+0000] {dag.py:3239} INFO - Sync 1 DAGs
[2025-07-01T22:00:42.415+0000] {logging_mixin.py:190} INFO - [2025-07-01T22:00:42.415+0000] {dag.py:4180} INFO - Setting next_dagrun for example_python_decorator to None, run_after=None
[2025-07-01T22:00:42.439+0000] {processor.py:208} INFO - Processing /home/airflow/.local/lib/python3.12/site-packages/airflow/example_dags/example_python_decorator.py took 0.086 seconds
[2025-07-01T22:01:13.117+0000] {processor.py:186} INFO - Started process (PID=5553) to work on /home/airflow/.local/lib/python3.12/site-packages/airflow/example_dags/example_python_decorator.py
[2025-07-01T22:01:13.118+0000] {processor.py:914} INFO - Processing file /home/airflow/.local/lib/python3.12/site-packages/airflow/example_dags/example_python_decorator.py for tasks to queue
[2025-07-01T22:01:13.121+0000] {logging_mixin.py:190} INFO - [2025-07-01T22:01:13.121+0000] {dagbag.py:588} INFO - Filling up the DagBag from /home/airflow/.local/lib/python3.12/site-packages/airflow/example_dags/example_python_decorator.py
[2025-07-01T22:01:13.133+0000] {processor.py:925} INFO - DAG(s) 'example_python_decorator' retrieved from /home/airflow/.local/lib/python3.12/site-packages/airflow/example_dags/example_python_decorator.py
[2025-07-01T22:01:13.152+0000] {logging_mixin.py:190} INFO - [2025-07-01T22:01:13.152+0000] {dag.py:3239} INFO - Sync 1 DAGs
[2025-07-01T22:01:13.164+0000] {logging_mixin.py:190} INFO - [2025-07-01T22:01:13.164+0000] {dag.py:4180} INFO - Setting next_dagrun for example_python_decorator to None, run_after=None
[2025-07-01T22:01:13.183+0000] {processor.py:208} INFO - Processing /home/airflow/.local/lib/python3.12/site-packages/airflow/example_dags/example_python_decorator.py took 0.071 seconds
[2025-07-01T22:01:43.989+0000] {processor.py:186} INFO - Started process (PID=5616) to work on /home/airflow/.local/lib/python3.12/site-packages/airflow/example_dags/example_python_decorator.py
[2025-07-01T22:01:43.990+0000] {processor.py:914} INFO - Processing file /home/airflow/.local/lib/python3.12/site-packages/airflow/example_dags/example_python_decorator.py for tasks to queue
[2025-07-01T22:01:43.993+0000] {logging_mixin.py:190} INFO - [2025-07-01T22:01:43.993+0000] {dagbag.py:588} INFO - Filling up the DagBag from /home/airflow/.local/lib/python3.12/site-packages/airflow/example_dags/example_python_decorator.py
[2025-07-01T22:01:44.011+0000] {processor.py:925} INFO - DAG(s) 'example_python_decorator' retrieved from /home/airflow/.local/lib/python3.12/site-packages/airflow/example_dags/example_python_decorator.py
[2025-07-01T22:01:44.036+0000] {logging_mixin.py:190} INFO - [2025-07-01T22:01:44.036+0000] {dag.py:3239} INFO - Sync 1 DAGs
[2025-07-01T22:01:44.050+0000] {logging_mixin.py:190} INFO - [2025-07-01T22:01:44.050+0000] {dag.py:4180} INFO - Setting next_dagrun for example_python_decorator to None, run_after=None
[2025-07-01T22:01:44.075+0000] {processor.py:208} INFO - Processing /home/airflow/.local/lib/python3.12/site-packages/airflow/example_dags/example_python_decorator.py took 0.092 seconds
[2025-07-01T22:02:14.395+0000] {processor.py:186} INFO - Started process (PID=5679) to work on /home/airflow/.local/lib/python3.12/site-packages/airflow/example_dags/example_python_decorator.py
[2025-07-01T22:02:14.396+0000] {processor.py:914} INFO - Processing file /home/airflow/.local/lib/python3.12/site-packages/airflow/example_dags/example_python_decorator.py for tasks to queue
[2025-07-01T22:02:14.399+0000] {logging_mixin.py:190} INFO - [2025-07-01T22:02:14.398+0000] {dagbag.py:588} INFO - Filling up the DagBag from /home/airflow/.local/lib/python3.12/site-packages/airflow/example_dags/example_python_decorator.py
[2025-07-01T22:02:14.411+0000] {processor.py:925} INFO - DAG(s) 'example_python_decorator' retrieved from /home/airflow/.local/lib/python3.12/site-packages/airflow/example_dags/example_python_decorator.py
[2025-07-01T22:02:14.430+0000] {logging_mixin.py:190} INFO - [2025-07-01T22:02:14.430+0000] {dag.py:3239} INFO - Sync 1 DAGs
[2025-07-01T22:02:14.442+0000] {logging_mixin.py:190} INFO - [2025-07-01T22:02:14.441+0000] {dag.py:4180} INFO - Setting next_dagrun for example_python_decorator to None, run_after=None
[2025-07-01T22:02:14.458+0000] {processor.py:208} INFO - Processing /home/airflow/.local/lib/python3.12/site-packages/airflow/example_dags/example_python_decorator.py took 0.068 seconds
[2025-07-01T22:02:45.967+0000] {processor.py:186} INFO - Started process (PID=5742) to work on /home/airflow/.local/lib/python3.12/site-packages/airflow/example_dags/example_python_decorator.py
[2025-07-01T22:02:45.969+0000] {processor.py:914} INFO - Processing file /home/airflow/.local/lib/python3.12/site-packages/airflow/example_dags/example_python_decorator.py for tasks to queue
[2025-07-01T22:02:45.972+0000] {logging_mixin.py:190} INFO - [2025-07-01T22:02:45.971+0000] {dagbag.py:588} INFO - Filling up the DagBag from /home/airflow/.local/lib/python3.12/site-packages/airflow/example_dags/example_python_decorator.py
[2025-07-01T22:02:45.989+0000] {processor.py:925} INFO - DAG(s) 'example_python_decorator' retrieved from /home/airflow/.local/lib/python3.12/site-packages/airflow/example_dags/example_python_decorator.py
[2025-07-01T22:02:46.016+0000] {logging_mixin.py:190} INFO - [2025-07-01T22:02:46.016+0000] {dag.py:3239} INFO - Sync 1 DAGs
[2025-07-01T22:02:46.030+0000] {logging_mixin.py:190} INFO - [2025-07-01T22:02:46.030+0000] {dag.py:4180} INFO - Setting next_dagrun for example_python_decorator to None, run_after=None
[2025-07-01T22:02:46.050+0000] {processor.py:208} INFO - Processing /home/airflow/.local/lib/python3.12/site-packages/airflow/example_dags/example_python_decorator.py took 0.091 seconds
[2025-07-01T22:03:16.822+0000] {processor.py:186} INFO - Started process (PID=5805) to work on /home/airflow/.local/lib/python3.12/site-packages/airflow/example_dags/example_python_decorator.py
[2025-07-01T22:03:16.823+0000] {processor.py:914} INFO - Processing file /home/airflow/.local/lib/python3.12/site-packages/airflow/example_dags/example_python_decorator.py for tasks to queue
[2025-07-01T22:03:16.826+0000] {logging_mixin.py:190} INFO - [2025-07-01T22:03:16.825+0000] {dagbag.py:588} INFO - Filling up the DagBag from /home/airflow/.local/lib/python3.12/site-packages/airflow/example_dags/example_python_decorator.py
[2025-07-01T22:03:16.838+0000] {processor.py:925} INFO - DAG(s) 'example_python_decorator' retrieved from /home/airflow/.local/lib/python3.12/site-packages/airflow/example_dags/example_python_decorator.py
[2025-07-01T22:03:16.857+0000] {logging_mixin.py:190} INFO - [2025-07-01T22:03:16.857+0000] {dag.py:3239} INFO - Sync 1 DAGs
[2025-07-01T22:03:16.869+0000] {logging_mixin.py:190} INFO - [2025-07-01T22:03:16.868+0000] {dag.py:4180} INFO - Setting next_dagrun for example_python_decorator to None, run_after=None
[2025-07-01T22:03:16.887+0000] {processor.py:208} INFO - Processing /home/airflow/.local/lib/python3.12/site-packages/airflow/example_dags/example_python_decorator.py took 0.070 seconds
[2025-07-01T22:03:48.372+0000] {processor.py:186} INFO - Started process (PID=5868) to work on /home/airflow/.local/lib/python3.12/site-packages/airflow/example_dags/example_python_decorator.py
[2025-07-01T22:03:48.374+0000] {processor.py:914} INFO - Processing file /home/airflow/.local/lib/python3.12/site-packages/airflow/example_dags/example_python_decorator.py for tasks to queue
[2025-07-01T22:03:48.376+0000] {logging_mixin.py:190} INFO - [2025-07-01T22:03:48.376+0000] {dagbag.py:588} INFO - Filling up the DagBag from /home/airflow/.local/lib/python3.12/site-packages/airflow/example_dags/example_python_decorator.py
[2025-07-01T22:03:48.395+0000] {processor.py:925} INFO - DAG(s) 'example_python_decorator' retrieved from /home/airflow/.local/lib/python3.12/site-packages/airflow/example_dags/example_python_decorator.py
[2025-07-01T22:03:48.424+0000] {logging_mixin.py:190} INFO - [2025-07-01T22:03:48.424+0000] {dag.py:3239} INFO - Sync 1 DAGs
[2025-07-01T22:03:48.442+0000] {logging_mixin.py:190} INFO - [2025-07-01T22:03:48.442+0000] {dag.py:4180} INFO - Setting next_dagrun for example_python_decorator to None, run_after=None
[2025-07-01T22:03:48.472+0000] {processor.py:208} INFO - Processing /home/airflow/.local/lib/python3.12/site-packages/airflow/example_dags/example_python_decorator.py took 0.108 seconds
[2025-07-01T22:04:18.620+0000] {processor.py:186} INFO - Started process (PID=5931) to work on /home/airflow/.local/lib/python3.12/site-packages/airflow/example_dags/example_python_decorator.py
[2025-07-01T22:04:18.621+0000] {processor.py:914} INFO - Processing file /home/airflow/.local/lib/python3.12/site-packages/airflow/example_dags/example_python_decorator.py for tasks to queue
[2025-07-01T22:04:18.623+0000] {logging_mixin.py:190} INFO - [2025-07-01T22:04:18.623+0000] {dagbag.py:588} INFO - Filling up the DagBag from /home/airflow/.local/lib/python3.12/site-packages/airflow/example_dags/example_python_decorator.py
[2025-07-01T22:04:18.636+0000] {processor.py:925} INFO - DAG(s) 'example_python_decorator' retrieved from /home/airflow/.local/lib/python3.12/site-packages/airflow/example_dags/example_python_decorator.py
[2025-07-01T22:04:18.655+0000] {logging_mixin.py:190} INFO - [2025-07-01T22:04:18.655+0000] {dag.py:3239} INFO - Sync 1 DAGs
[2025-07-01T22:04:18.667+0000] {logging_mixin.py:190} INFO - [2025-07-01T22:04:18.667+0000] {dag.py:4180} INFO - Setting next_dagrun for example_python_decorator to None, run_after=None
[2025-07-01T22:04:18.685+0000] {processor.py:208} INFO - Processing /home/airflow/.local/lib/python3.12/site-packages/airflow/example_dags/example_python_decorator.py took 0.069 seconds
[2025-07-01T22:04:48.820+0000] {processor.py:186} INFO - Started process (PID=5994) to work on /home/airflow/.local/lib/python3.12/site-packages/airflow/example_dags/example_python_decorator.py
[2025-07-01T22:04:48.821+0000] {processor.py:914} INFO - Processing file /home/airflow/.local/lib/python3.12/site-packages/airflow/example_dags/example_python_decorator.py for tasks to queue
[2025-07-01T22:04:48.823+0000] {logging_mixin.py:190} INFO - [2025-07-01T22:04:48.823+0000] {dagbag.py:588} INFO - Filling up the DagBag from /home/airflow/.local/lib/python3.12/site-packages/airflow/example_dags/example_python_decorator.py
[2025-07-01T22:04:48.836+0000] {processor.py:925} INFO - DAG(s) 'example_python_decorator' retrieved from /home/airflow/.local/lib/python3.12/site-packages/airflow/example_dags/example_python_decorator.py
[2025-07-01T22:04:48.857+0000] {logging_mixin.py:190} INFO - [2025-07-01T22:04:48.856+0000] {dag.py:3239} INFO - Sync 1 DAGs
[2025-07-01T22:04:48.869+0000] {logging_mixin.py:190} INFO - [2025-07-01T22:04:48.869+0000] {dag.py:4180} INFO - Setting next_dagrun for example_python_decorator to None, run_after=None
[2025-07-01T22:04:48.888+0000] {processor.py:208} INFO - Processing /home/airflow/.local/lib/python3.12/site-packages/airflow/example_dags/example_python_decorator.py took 0.074 seconds
[2025-07-01T22:05:19.649+0000] {processor.py:186} INFO - Started process (PID=6057) to work on /home/airflow/.local/lib/python3.12/site-packages/airflow/example_dags/example_python_decorator.py
[2025-07-01T22:05:19.650+0000] {processor.py:914} INFO - Processing file /home/airflow/.local/lib/python3.12/site-packages/airflow/example_dags/example_python_decorator.py for tasks to queue
[2025-07-01T22:05:19.652+0000] {logging_mixin.py:190} INFO - [2025-07-01T22:05:19.652+0000] {dagbag.py:588} INFO - Filling up the DagBag from /home/airflow/.local/lib/python3.12/site-packages/airflow/example_dags/example_python_decorator.py
[2025-07-01T22:05:19.664+0000] {processor.py:925} INFO - DAG(s) 'example_python_decorator' retrieved from /home/airflow/.local/lib/python3.12/site-packages/airflow/example_dags/example_python_decorator.py
[2025-07-01T22:05:19.684+0000] {logging_mixin.py:190} INFO - [2025-07-01T22:05:19.684+0000] {dag.py:3239} INFO - Sync 1 DAGs
[2025-07-01T22:05:19.696+0000] {logging_mixin.py:190} INFO - [2025-07-01T22:05:19.696+0000] {dag.py:4180} INFO - Setting next_dagrun for example_python_decorator to None, run_after=None
[2025-07-01T22:05:19.714+0000] {processor.py:208} INFO - Processing /home/airflow/.local/lib/python3.12/site-packages/airflow/example_dags/example_python_decorator.py took 0.071 seconds
[2025-07-01T22:05:49.906+0000] {processor.py:186} INFO - Started process (PID=6120) to work on /home/airflow/.local/lib/python3.12/site-packages/airflow/example_dags/example_python_decorator.py
[2025-07-01T22:05:49.908+0000] {processor.py:914} INFO - Processing file /home/airflow/.local/lib/python3.12/site-packages/airflow/example_dags/example_python_decorator.py for tasks to queue
[2025-07-01T22:05:49.910+0000] {logging_mixin.py:190} INFO - [2025-07-01T22:05:49.910+0000] {dagbag.py:588} INFO - Filling up the DagBag from /home/airflow/.local/lib/python3.12/site-packages/airflow/example_dags/example_python_decorator.py
[2025-07-01T22:05:49.922+0000] {processor.py:925} INFO - DAG(s) 'example_python_decorator' retrieved from /home/airflow/.local/lib/python3.12/site-packages/airflow/example_dags/example_python_decorator.py
[2025-07-01T22:05:49.942+0000] {logging_mixin.py:190} INFO - [2025-07-01T22:05:49.942+0000] {dag.py:3239} INFO - Sync 1 DAGs
[2025-07-01T22:05:49.954+0000] {logging_mixin.py:190} INFO - [2025-07-01T22:05:49.954+0000] {dag.py:4180} INFO - Setting next_dagrun for example_python_decorator to None, run_after=None
[2025-07-01T22:05:49.973+0000] {processor.py:208} INFO - Processing /home/airflow/.local/lib/python3.12/site-packages/airflow/example_dags/example_python_decorator.py took 0.071 seconds
[2025-07-01T22:06:20.620+0000] {processor.py:186} INFO - Started process (PID=6183) to work on /home/airflow/.local/lib/python3.12/site-packages/airflow/example_dags/example_python_decorator.py
[2025-07-01T22:06:20.621+0000] {processor.py:914} INFO - Processing file /home/airflow/.local/lib/python3.12/site-packages/airflow/example_dags/example_python_decorator.py for tasks to queue
[2025-07-01T22:06:20.624+0000] {logging_mixin.py:190} INFO - [2025-07-01T22:06:20.624+0000] {dagbag.py:588} INFO - Filling up the DagBag from /home/airflow/.local/lib/python3.12/site-packages/airflow/example_dags/example_python_decorator.py
[2025-07-01T22:06:20.640+0000] {processor.py:925} INFO - DAG(s) 'example_python_decorator' retrieved from /home/airflow/.local/lib/python3.12/site-packages/airflow/example_dags/example_python_decorator.py
[2025-07-01T22:06:20.664+0000] {logging_mixin.py:190} INFO - [2025-07-01T22:06:20.663+0000] {dag.py:3239} INFO - Sync 1 DAGs
[2025-07-01T22:06:20.681+0000] {logging_mixin.py:190} INFO - [2025-07-01T22:06:20.681+0000] {dag.py:4180} INFO - Setting next_dagrun for example_python_decorator to None, run_after=None
[2025-07-01T22:06:20.704+0000] {processor.py:208} INFO - Processing /home/airflow/.local/lib/python3.12/site-packages/airflow/example_dags/example_python_decorator.py took 0.090 seconds
[2025-07-01T22:06:51.367+0000] {processor.py:186} INFO - Started process (PID=6246) to work on /home/airflow/.local/lib/python3.12/site-packages/airflow/example_dags/example_python_decorator.py
[2025-07-01T22:06:51.368+0000] {processor.py:914} INFO - Processing file /home/airflow/.local/lib/python3.12/site-packages/airflow/example_dags/example_python_decorator.py for tasks to queue
[2025-07-01T22:06:51.371+0000] {logging_mixin.py:190} INFO - [2025-07-01T22:06:51.371+0000] {dagbag.py:588} INFO - Filling up the DagBag from /home/airflow/.local/lib/python3.12/site-packages/airflow/example_dags/example_python_decorator.py
[2025-07-01T22:06:51.384+0000] {processor.py:925} INFO - DAG(s) 'example_python_decorator' retrieved from /home/airflow/.local/lib/python3.12/site-packages/airflow/example_dags/example_python_decorator.py
[2025-07-01T22:06:51.406+0000] {logging_mixin.py:190} INFO - [2025-07-01T22:06:51.406+0000] {dag.py:3239} INFO - Sync 1 DAGs
[2025-07-01T22:06:51.421+0000] {logging_mixin.py:190} INFO - [2025-07-01T22:06:51.421+0000] {dag.py:4180} INFO - Setting next_dagrun for example_python_decorator to None, run_after=None
[2025-07-01T22:06:51.441+0000] {processor.py:208} INFO - Processing /home/airflow/.local/lib/python3.12/site-packages/airflow/example_dags/example_python_decorator.py took 0.080 seconds
[2025-07-01T22:07:21.928+0000] {processor.py:186} INFO - Started process (PID=6309) to work on /home/airflow/.local/lib/python3.12/site-packages/airflow/example_dags/example_python_decorator.py
[2025-07-01T22:07:21.929+0000] {processor.py:914} INFO - Processing file /home/airflow/.local/lib/python3.12/site-packages/airflow/example_dags/example_python_decorator.py for tasks to queue
[2025-07-01T22:07:21.932+0000] {logging_mixin.py:190} INFO - [2025-07-01T22:07:21.932+0000] {dagbag.py:588} INFO - Filling up the DagBag from /home/airflow/.local/lib/python3.12/site-packages/airflow/example_dags/example_python_decorator.py
[2025-07-01T22:07:21.946+0000] {processor.py:925} INFO - DAG(s) 'example_python_decorator' retrieved from /home/airflow/.local/lib/python3.12/site-packages/airflow/example_dags/example_python_decorator.py
[2025-07-01T22:07:21.966+0000] {logging_mixin.py:190} INFO - [2025-07-01T22:07:21.965+0000] {dag.py:3239} INFO - Sync 1 DAGs
[2025-07-01T22:07:21.979+0000] {logging_mixin.py:190} INFO - [2025-07-01T22:07:21.978+0000] {dag.py:4180} INFO - Setting next_dagrun for example_python_decorator to None, run_after=None
[2025-07-01T22:07:21.998+0000] {processor.py:208} INFO - Processing /home/airflow/.local/lib/python3.12/site-packages/airflow/example_dags/example_python_decorator.py took 0.075 seconds
[2025-07-01T22:07:52.787+0000] {processor.py:186} INFO - Started process (PID=6372) to work on /home/airflow/.local/lib/python3.12/site-packages/airflow/example_dags/example_python_decorator.py
[2025-07-01T22:07:52.789+0000] {processor.py:914} INFO - Processing file /home/airflow/.local/lib/python3.12/site-packages/airflow/example_dags/example_python_decorator.py for tasks to queue
[2025-07-01T22:07:52.791+0000] {logging_mixin.py:190} INFO - [2025-07-01T22:07:52.791+0000] {dagbag.py:588} INFO - Filling up the DagBag from /home/airflow/.local/lib/python3.12/site-packages/airflow/example_dags/example_python_decorator.py
[2025-07-01T22:07:52.804+0000] {processor.py:925} INFO - DAG(s) 'example_python_decorator' retrieved from /home/airflow/.local/lib/python3.12/site-packages/airflow/example_dags/example_python_decorator.py
[2025-07-01T22:07:52.824+0000] {logging_mixin.py:190} INFO - [2025-07-01T22:07:52.823+0000] {dag.py:3239} INFO - Sync 1 DAGs
[2025-07-01T22:07:52.835+0000] {logging_mixin.py:190} INFO - [2025-07-01T22:07:52.835+0000] {dag.py:4180} INFO - Setting next_dagrun for example_python_decorator to None, run_after=None
[2025-07-01T22:07:52.854+0000] {processor.py:208} INFO - Processing /home/airflow/.local/lib/python3.12/site-packages/airflow/example_dags/example_python_decorator.py took 0.073 seconds
[2025-07-01T22:08:23.660+0000] {processor.py:186} INFO - Started process (PID=6435) to work on /home/airflow/.local/lib/python3.12/site-packages/airflow/example_dags/example_python_decorator.py
[2025-07-01T22:08:23.661+0000] {processor.py:914} INFO - Processing file /home/airflow/.local/lib/python3.12/site-packages/airflow/example_dags/example_python_decorator.py for tasks to queue
[2025-07-01T22:08:23.663+0000] {logging_mixin.py:190} INFO - [2025-07-01T22:08:23.663+0000] {dagbag.py:588} INFO - Filling up the DagBag from /home/airflow/.local/lib/python3.12/site-packages/airflow/example_dags/example_python_decorator.py
[2025-07-01T22:08:23.676+0000] {processor.py:925} INFO - DAG(s) 'example_python_decorator' retrieved from /home/airflow/.local/lib/python3.12/site-packages/airflow/example_dags/example_python_decorator.py
[2025-07-01T22:08:23.701+0000] {logging_mixin.py:190} INFO - [2025-07-01T22:08:23.701+0000] {dag.py:3239} INFO - Sync 1 DAGs
[2025-07-01T22:08:23.716+0000] {logging_mixin.py:190} INFO - [2025-07-01T22:08:23.715+0000] {dag.py:4180} INFO - Setting next_dagrun for example_python_decorator to None, run_after=None
[2025-07-01T22:08:23.738+0000] {processor.py:208} INFO - Processing /home/airflow/.local/lib/python3.12/site-packages/airflow/example_dags/example_python_decorator.py took 0.084 seconds
[2025-07-01T22:08:54.254+0000] {processor.py:186} INFO - Started process (PID=6498) to work on /home/airflow/.local/lib/python3.12/site-packages/airflow/example_dags/example_python_decorator.py
[2025-07-01T22:08:54.255+0000] {processor.py:914} INFO - Processing file /home/airflow/.local/lib/python3.12/site-packages/airflow/example_dags/example_python_decorator.py for tasks to queue
[2025-07-01T22:08:54.257+0000] {logging_mixin.py:190} INFO - [2025-07-01T22:08:54.257+0000] {dagbag.py:588} INFO - Filling up the DagBag from /home/airflow/.local/lib/python3.12/site-packages/airflow/example_dags/example_python_decorator.py
[2025-07-01T22:08:54.270+0000] {processor.py:925} INFO - DAG(s) 'example_python_decorator' retrieved from /home/airflow/.local/lib/python3.12/site-packages/airflow/example_dags/example_python_decorator.py
[2025-07-01T22:08:54.288+0000] {logging_mixin.py:190} INFO - [2025-07-01T22:08:54.288+0000] {dag.py:3239} INFO - Sync 1 DAGs
[2025-07-01T22:08:54.300+0000] {logging_mixin.py:190} INFO - [2025-07-01T22:08:54.300+0000] {dag.py:4180} INFO - Setting next_dagrun for example_python_decorator to None, run_after=None
[2025-07-01T22:08:54.320+0000] {processor.py:208} INFO - Processing /home/airflow/.local/lib/python3.12/site-packages/airflow/example_dags/example_python_decorator.py took 0.071 seconds
[2025-07-01T22:09:24.885+0000] {processor.py:186} INFO - Started process (PID=6567) to work on /home/airflow/.local/lib/python3.12/site-packages/airflow/example_dags/example_python_decorator.py
[2025-07-01T22:09:24.887+0000] {processor.py:914} INFO - Processing file /home/airflow/.local/lib/python3.12/site-packages/airflow/example_dags/example_python_decorator.py for tasks to queue
[2025-07-01T22:09:24.890+0000] {logging_mixin.py:190} INFO - [2025-07-01T22:09:24.889+0000] {dagbag.py:588} INFO - Filling up the DagBag from /home/airflow/.local/lib/python3.12/site-packages/airflow/example_dags/example_python_decorator.py
[2025-07-01T22:09:24.903+0000] {processor.py:925} INFO - DAG(s) 'example_python_decorator' retrieved from /home/airflow/.local/lib/python3.12/site-packages/airflow/example_dags/example_python_decorator.py
[2025-07-01T22:09:24.922+0000] {logging_mixin.py:190} INFO - [2025-07-01T22:09:24.921+0000] {dag.py:3239} INFO - Sync 1 DAGs
[2025-07-01T22:09:24.933+0000] {logging_mixin.py:190} INFO - [2025-07-01T22:09:24.933+0000] {dag.py:4180} INFO - Setting next_dagrun for example_python_decorator to None, run_after=None
[2025-07-01T22:09:24.952+0000] {processor.py:208} INFO - Processing /home/airflow/.local/lib/python3.12/site-packages/airflow/example_dags/example_python_decorator.py took 0.072 seconds
[2025-07-01T22:09:55.273+0000] {processor.py:186} INFO - Started process (PID=6630) to work on /home/airflow/.local/lib/python3.12/site-packages/airflow/example_dags/example_python_decorator.py
[2025-07-01T22:09:55.275+0000] {processor.py:914} INFO - Processing file /home/airflow/.local/lib/python3.12/site-packages/airflow/example_dags/example_python_decorator.py for tasks to queue
[2025-07-01T22:09:55.277+0000] {logging_mixin.py:190} INFO - [2025-07-01T22:09:55.277+0000] {dagbag.py:588} INFO - Filling up the DagBag from /home/airflow/.local/lib/python3.12/site-packages/airflow/example_dags/example_python_decorator.py
[2025-07-01T22:09:55.290+0000] {processor.py:925} INFO - DAG(s) 'example_python_decorator' retrieved from /home/airflow/.local/lib/python3.12/site-packages/airflow/example_dags/example_python_decorator.py
[2025-07-01T22:09:55.309+0000] {logging_mixin.py:190} INFO - [2025-07-01T22:09:55.308+0000] {dag.py:3239} INFO - Sync 1 DAGs
[2025-07-01T22:09:55.320+0000] {logging_mixin.py:190} INFO - [2025-07-01T22:09:55.320+0000] {dag.py:4180} INFO - Setting next_dagrun for example_python_decorator to None, run_after=None
[2025-07-01T22:09:55.339+0000] {processor.py:208} INFO - Processing /home/airflow/.local/lib/python3.12/site-packages/airflow/example_dags/example_python_decorator.py took 0.071 seconds
[2025-07-01T22:10:25.677+0000] {processor.py:186} INFO - Started process (PID=6693) to work on /home/airflow/.local/lib/python3.12/site-packages/airflow/example_dags/example_python_decorator.py
[2025-07-01T22:10:25.678+0000] {processor.py:914} INFO - Processing file /home/airflow/.local/lib/python3.12/site-packages/airflow/example_dags/example_python_decorator.py for tasks to queue
[2025-07-01T22:10:25.681+0000] {logging_mixin.py:190} INFO - [2025-07-01T22:10:25.680+0000] {dagbag.py:588} INFO - Filling up the DagBag from /home/airflow/.local/lib/python3.12/site-packages/airflow/example_dags/example_python_decorator.py
[2025-07-01T22:10:25.695+0000] {processor.py:925} INFO - DAG(s) 'example_python_decorator' retrieved from /home/airflow/.local/lib/python3.12/site-packages/airflow/example_dags/example_python_decorator.py
[2025-07-01T22:10:25.714+0000] {logging_mixin.py:190} INFO - [2025-07-01T22:10:25.714+0000] {dag.py:3239} INFO - Sync 1 DAGs
[2025-07-01T22:10:25.728+0000] {logging_mixin.py:190} INFO - [2025-07-01T22:10:25.728+0000] {dag.py:4180} INFO - Setting next_dagrun for example_python_decorator to None, run_after=None
[2025-07-01T22:10:25.748+0000] {processor.py:208} INFO - Processing /home/airflow/.local/lib/python3.12/site-packages/airflow/example_dags/example_python_decorator.py took 0.078 seconds
[2025-07-01T22:10:56.236+0000] {processor.py:186} INFO - Started process (PID=6756) to work on /home/airflow/.local/lib/python3.12/site-packages/airflow/example_dags/example_python_decorator.py
[2025-07-01T22:10:56.237+0000] {processor.py:914} INFO - Processing file /home/airflow/.local/lib/python3.12/site-packages/airflow/example_dags/example_python_decorator.py for tasks to queue
[2025-07-01T22:10:56.239+0000] {logging_mixin.py:190} INFO - [2025-07-01T22:10:56.239+0000] {dagbag.py:588} INFO - Filling up the DagBag from /home/airflow/.local/lib/python3.12/site-packages/airflow/example_dags/example_python_decorator.py
[2025-07-01T22:10:56.253+0000] {processor.py:925} INFO - DAG(s) 'example_python_decorator' retrieved from /home/airflow/.local/lib/python3.12/site-packages/airflow/example_dags/example_python_decorator.py
[2025-07-01T22:10:56.273+0000] {logging_mixin.py:190} INFO - [2025-07-01T22:10:56.272+0000] {dag.py:3239} INFO - Sync 1 DAGs
[2025-07-01T22:10:56.285+0000] {logging_mixin.py:190} INFO - [2025-07-01T22:10:56.285+0000] {dag.py:4180} INFO - Setting next_dagrun for example_python_decorator to None, run_after=None
[2025-07-01T22:10:56.303+0000] {processor.py:208} INFO - Processing /home/airflow/.local/lib/python3.12/site-packages/airflow/example_dags/example_python_decorator.py took 0.073 seconds
[2025-07-01T22:11:26.964+0000] {processor.py:186} INFO - Started process (PID=6819) to work on /home/airflow/.local/lib/python3.12/site-packages/airflow/example_dags/example_python_decorator.py
[2025-07-01T22:11:26.965+0000] {processor.py:914} INFO - Processing file /home/airflow/.local/lib/python3.12/site-packages/airflow/example_dags/example_python_decorator.py for tasks to queue
[2025-07-01T22:11:26.968+0000] {logging_mixin.py:190} INFO - [2025-07-01T22:11:26.968+0000] {dagbag.py:588} INFO - Filling up the DagBag from /home/airflow/.local/lib/python3.12/site-packages/airflow/example_dags/example_python_decorator.py
[2025-07-01T22:11:26.981+0000] {processor.py:925} INFO - DAG(s) 'example_python_decorator' retrieved from /home/airflow/.local/lib/python3.12/site-packages/airflow/example_dags/example_python_decorator.py
[2025-07-01T22:11:27.001+0000] {logging_mixin.py:190} INFO - [2025-07-01T22:11:27.001+0000] {dag.py:3239} INFO - Sync 1 DAGs
[2025-07-01T22:11:27.013+0000] {logging_mixin.py:190} INFO - [2025-07-01T22:11:27.012+0000] {dag.py:4180} INFO - Setting next_dagrun for example_python_decorator to None, run_after=None
[2025-07-01T22:11:27.033+0000] {processor.py:208} INFO - Processing /home/airflow/.local/lib/python3.12/site-packages/airflow/example_dags/example_python_decorator.py took 0.075 seconds
[2025-07-01T22:11:57.789+0000] {processor.py:186} INFO - Started process (PID=6882) to work on /home/airflow/.local/lib/python3.12/site-packages/airflow/example_dags/example_python_decorator.py
[2025-07-01T22:11:57.790+0000] {processor.py:914} INFO - Processing file /home/airflow/.local/lib/python3.12/site-packages/airflow/example_dags/example_python_decorator.py for tasks to queue
[2025-07-01T22:11:57.793+0000] {logging_mixin.py:190} INFO - [2025-07-01T22:11:57.793+0000] {dagbag.py:588} INFO - Filling up the DagBag from /home/airflow/.local/lib/python3.12/site-packages/airflow/example_dags/example_python_decorator.py
[2025-07-01T22:11:57.808+0000] {processor.py:925} INFO - DAG(s) 'example_python_decorator' retrieved from /home/airflow/.local/lib/python3.12/site-packages/airflow/example_dags/example_python_decorator.py
[2025-07-01T22:11:57.826+0000] {logging_mixin.py:190} INFO - [2025-07-01T22:11:57.826+0000] {dag.py:3239} INFO - Sync 1 DAGs
[2025-07-01T22:11:57.839+0000] {logging_mixin.py:190} INFO - [2025-07-01T22:11:57.839+0000] {dag.py:4180} INFO - Setting next_dagrun for example_python_decorator to None, run_after=None
[2025-07-01T22:11:57.858+0000] {processor.py:208} INFO - Processing /home/airflow/.local/lib/python3.12/site-packages/airflow/example_dags/example_python_decorator.py took 0.075 seconds
[2025-07-01T22:12:28.565+0000] {processor.py:186} INFO - Started process (PID=6945) to work on /home/airflow/.local/lib/python3.12/site-packages/airflow/example_dags/example_python_decorator.py
[2025-07-01T22:12:28.566+0000] {processor.py:914} INFO - Processing file /home/airflow/.local/lib/python3.12/site-packages/airflow/example_dags/example_python_decorator.py for tasks to queue
[2025-07-01T22:12:28.570+0000] {logging_mixin.py:190} INFO - [2025-07-01T22:12:28.569+0000] {dagbag.py:588} INFO - Filling up the DagBag from /home/airflow/.local/lib/python3.12/site-packages/airflow/example_dags/example_python_decorator.py
[2025-07-01T22:12:28.592+0000] {processor.py:925} INFO - DAG(s) 'example_python_decorator' retrieved from /home/airflow/.local/lib/python3.12/site-packages/airflow/example_dags/example_python_decorator.py
[2025-07-01T22:12:28.614+0000] {logging_mixin.py:190} INFO - [2025-07-01T22:12:28.614+0000] {dag.py:3239} INFO - Sync 1 DAGs
[2025-07-01T22:12:28.627+0000] {logging_mixin.py:190} INFO - [2025-07-01T22:12:28.627+0000] {dag.py:4180} INFO - Setting next_dagrun for example_python_decorator to None, run_after=None
[2025-07-01T22:12:28.647+0000] {processor.py:208} INFO - Processing /home/airflow/.local/lib/python3.12/site-packages/airflow/example_dags/example_python_decorator.py took 0.096 seconds
[2025-07-01T22:12:59.218+0000] {processor.py:186} INFO - Started process (PID=7009) to work on /home/airflow/.local/lib/python3.12/site-packages/airflow/example_dags/example_python_decorator.py
[2025-07-01T22:12:59.220+0000] {processor.py:914} INFO - Processing file /home/airflow/.local/lib/python3.12/site-packages/airflow/example_dags/example_python_decorator.py for tasks to queue
[2025-07-01T22:12:59.222+0000] {logging_mixin.py:190} INFO - [2025-07-01T22:12:59.222+0000] {dagbag.py:588} INFO - Filling up the DagBag from /home/airflow/.local/lib/python3.12/site-packages/airflow/example_dags/example_python_decorator.py
[2025-07-01T22:12:59.237+0000] {processor.py:925} INFO - DAG(s) 'example_python_decorator' retrieved from /home/airflow/.local/lib/python3.12/site-packages/airflow/example_dags/example_python_decorator.py
[2025-07-01T22:12:59.257+0000] {logging_mixin.py:190} INFO - [2025-07-01T22:12:59.256+0000] {dag.py:3239} INFO - Sync 1 DAGs
[2025-07-01T22:12:59.268+0000] {logging_mixin.py:190} INFO - [2025-07-01T22:12:59.268+0000] {dag.py:4180} INFO - Setting next_dagrun for example_python_decorator to None, run_after=None
[2025-07-01T22:12:59.287+0000] {processor.py:208} INFO - Processing /home/airflow/.local/lib/python3.12/site-packages/airflow/example_dags/example_python_decorator.py took 0.075 seconds
[2025-07-01T22:13:30.044+0000] {processor.py:186} INFO - Started process (PID=7072) to work on /home/airflow/.local/lib/python3.12/site-packages/airflow/example_dags/example_python_decorator.py
[2025-07-01T22:13:30.045+0000] {processor.py:914} INFO - Processing file /home/airflow/.local/lib/python3.12/site-packages/airflow/example_dags/example_python_decorator.py for tasks to queue
[2025-07-01T22:13:30.048+0000] {logging_mixin.py:190} INFO - [2025-07-01T22:13:30.047+0000] {dagbag.py:588} INFO - Filling up the DagBag from /home/airflow/.local/lib/python3.12/site-packages/airflow/example_dags/example_python_decorator.py
[2025-07-01T22:13:30.061+0000] {processor.py:925} INFO - DAG(s) 'example_python_decorator' retrieved from /home/airflow/.local/lib/python3.12/site-packages/airflow/example_dags/example_python_decorator.py
[2025-07-01T22:13:30.082+0000] {logging_mixin.py:190} INFO - [2025-07-01T22:13:30.082+0000] {dag.py:3239} INFO - Sync 1 DAGs
[2025-07-01T22:13:30.094+0000] {logging_mixin.py:190} INFO - [2025-07-01T22:13:30.094+0000] {dag.py:4180} INFO - Setting next_dagrun for example_python_decorator to None, run_after=None
[2025-07-01T22:13:30.113+0000] {processor.py:208} INFO - Processing /home/airflow/.local/lib/python3.12/site-packages/airflow/example_dags/example_python_decorator.py took 0.075 seconds
[2025-07-01T22:14:00.919+0000] {processor.py:186} INFO - Started process (PID=7135) to work on /home/airflow/.local/lib/python3.12/site-packages/airflow/example_dags/example_python_decorator.py
[2025-07-01T22:14:00.921+0000] {processor.py:914} INFO - Processing file /home/airflow/.local/lib/python3.12/site-packages/airflow/example_dags/example_python_decorator.py for tasks to queue
[2025-07-01T22:14:00.923+0000] {logging_mixin.py:190} INFO - [2025-07-01T22:14:00.923+0000] {dagbag.py:588} INFO - Filling up the DagBag from /home/airflow/.local/lib/python3.12/site-packages/airflow/example_dags/example_python_decorator.py
[2025-07-01T22:14:00.938+0000] {processor.py:925} INFO - DAG(s) 'example_python_decorator' retrieved from /home/airflow/.local/lib/python3.12/site-packages/airflow/example_dags/example_python_decorator.py
[2025-07-01T22:14:00.964+0000] {logging_mixin.py:190} INFO - [2025-07-01T22:14:00.964+0000] {dag.py:3239} INFO - Sync 1 DAGs
[2025-07-01T22:14:00.979+0000] {logging_mixin.py:190} INFO - [2025-07-01T22:14:00.979+0000] {dag.py:4180} INFO - Setting next_dagrun for example_python_decorator to None, run_after=None
[2025-07-01T22:14:00.998+0000] {processor.py:208} INFO - Processing /home/airflow/.local/lib/python3.12/site-packages/airflow/example_dags/example_python_decorator.py took 0.085 seconds
[2025-07-01T22:14:31.579+0000] {processor.py:186} INFO - Started process (PID=7198) to work on /home/airflow/.local/lib/python3.12/site-packages/airflow/example_dags/example_python_decorator.py
[2025-07-01T22:14:31.580+0000] {processor.py:914} INFO - Processing file /home/airflow/.local/lib/python3.12/site-packages/airflow/example_dags/example_python_decorator.py for tasks to queue
[2025-07-01T22:14:31.582+0000] {logging_mixin.py:190} INFO - [2025-07-01T22:14:31.582+0000] {dagbag.py:588} INFO - Filling up the DagBag from /home/airflow/.local/lib/python3.12/site-packages/airflow/example_dags/example_python_decorator.py
[2025-07-01T22:14:31.595+0000] {processor.py:925} INFO - DAG(s) 'example_python_decorator' retrieved from /home/airflow/.local/lib/python3.12/site-packages/airflow/example_dags/example_python_decorator.py
[2025-07-01T22:14:31.614+0000] {logging_mixin.py:190} INFO - [2025-07-01T22:14:31.614+0000] {dag.py:3239} INFO - Sync 1 DAGs
[2025-07-01T22:14:31.627+0000] {logging_mixin.py:190} INFO - [2025-07-01T22:14:31.627+0000] {dag.py:4180} INFO - Setting next_dagrun for example_python_decorator to None, run_after=None
[2025-07-01T22:14:31.647+0000] {processor.py:208} INFO - Processing /home/airflow/.local/lib/python3.12/site-packages/airflow/example_dags/example_python_decorator.py took 0.073 seconds
[2025-07-01T22:15:02.649+0000] {processor.py:186} INFO - Started process (PID=7261) to work on /home/airflow/.local/lib/python3.12/site-packages/airflow/example_dags/example_python_decorator.py
[2025-07-01T22:15:02.650+0000] {processor.py:914} INFO - Processing file /home/airflow/.local/lib/python3.12/site-packages/airflow/example_dags/example_python_decorator.py for tasks to queue
[2025-07-01T22:15:02.652+0000] {logging_mixin.py:190} INFO - [2025-07-01T22:15:02.652+0000] {dagbag.py:588} INFO - Filling up the DagBag from /home/airflow/.local/lib/python3.12/site-packages/airflow/example_dags/example_python_decorator.py
[2025-07-01T22:15:02.665+0000] {processor.py:925} INFO - DAG(s) 'example_python_decorator' retrieved from /home/airflow/.local/lib/python3.12/site-packages/airflow/example_dags/example_python_decorator.py
[2025-07-01T22:15:02.685+0000] {logging_mixin.py:190} INFO - [2025-07-01T22:15:02.685+0000] {dag.py:3239} INFO - Sync 1 DAGs
[2025-07-01T22:15:02.698+0000] {logging_mixin.py:190} INFO - [2025-07-01T22:15:02.697+0000] {dag.py:4180} INFO - Setting next_dagrun for example_python_decorator to None, run_after=None
[2025-07-01T22:15:02.719+0000] {processor.py:208} INFO - Processing /home/airflow/.local/lib/python3.12/site-packages/airflow/example_dags/example_python_decorator.py took 0.076 seconds
[2025-07-01T22:15:32.920+0000] {processor.py:186} INFO - Started process (PID=7324) to work on /home/airflow/.local/lib/python3.12/site-packages/airflow/example_dags/example_python_decorator.py
[2025-07-01T22:15:32.921+0000] {processor.py:914} INFO - Processing file /home/airflow/.local/lib/python3.12/site-packages/airflow/example_dags/example_python_decorator.py for tasks to queue
[2025-07-01T22:15:32.923+0000] {logging_mixin.py:190} INFO - [2025-07-01T22:15:32.923+0000] {dagbag.py:588} INFO - Filling up the DagBag from /home/airflow/.local/lib/python3.12/site-packages/airflow/example_dags/example_python_decorator.py
[2025-07-01T22:15:32.937+0000] {processor.py:925} INFO - DAG(s) 'example_python_decorator' retrieved from /home/airflow/.local/lib/python3.12/site-packages/airflow/example_dags/example_python_decorator.py
[2025-07-01T22:15:32.956+0000] {logging_mixin.py:190} INFO - [2025-07-01T22:15:32.956+0000] {dag.py:3239} INFO - Sync 1 DAGs
[2025-07-01T22:15:32.969+0000] {logging_mixin.py:190} INFO - [2025-07-01T22:15:32.968+0000] {dag.py:4180} INFO - Setting next_dagrun for example_python_decorator to None, run_after=None
[2025-07-01T22:15:32.989+0000] {processor.py:208} INFO - Processing /home/airflow/.local/lib/python3.12/site-packages/airflow/example_dags/example_python_decorator.py took 0.075 seconds
[2025-07-01T22:16:03.034+0000] {processor.py:186} INFO - Started process (PID=7387) to work on /home/airflow/.local/lib/python3.12/site-packages/airflow/example_dags/example_python_decorator.py
[2025-07-01T22:16:03.035+0000] {processor.py:914} INFO - Processing file /home/airflow/.local/lib/python3.12/site-packages/airflow/example_dags/example_python_decorator.py for tasks to queue
[2025-07-01T22:16:03.037+0000] {logging_mixin.py:190} INFO - [2025-07-01T22:16:03.037+0000] {dagbag.py:588} INFO - Filling up the DagBag from /home/airflow/.local/lib/python3.12/site-packages/airflow/example_dags/example_python_decorator.py
[2025-07-01T22:16:03.050+0000] {processor.py:925} INFO - DAG(s) 'example_python_decorator' retrieved from /home/airflow/.local/lib/python3.12/site-packages/airflow/example_dags/example_python_decorator.py
[2025-07-01T22:16:03.070+0000] {logging_mixin.py:190} INFO - [2025-07-01T22:16:03.070+0000] {dag.py:3239} INFO - Sync 1 DAGs
[2025-07-01T22:16:03.083+0000] {logging_mixin.py:190} INFO - [2025-07-01T22:16:03.083+0000] {dag.py:4180} INFO - Setting next_dagrun for example_python_decorator to None, run_after=None
[2025-07-01T22:16:03.102+0000] {processor.py:208} INFO - Processing /home/airflow/.local/lib/python3.12/site-packages/airflow/example_dags/example_python_decorator.py took 0.073 seconds
[2025-07-01T22:16:33.642+0000] {processor.py:186} INFO - Started process (PID=7450) to work on /home/airflow/.local/lib/python3.12/site-packages/airflow/example_dags/example_python_decorator.py
[2025-07-01T22:16:33.643+0000] {processor.py:914} INFO - Processing file /home/airflow/.local/lib/python3.12/site-packages/airflow/example_dags/example_python_decorator.py for tasks to queue
[2025-07-01T22:16:33.648+0000] {logging_mixin.py:190} INFO - [2025-07-01T22:16:33.648+0000] {dagbag.py:588} INFO - Filling up the DagBag from /home/airflow/.local/lib/python3.12/site-packages/airflow/example_dags/example_python_decorator.py
[2025-07-01T22:16:33.662+0000] {processor.py:925} INFO - DAG(s) 'example_python_decorator' retrieved from /home/airflow/.local/lib/python3.12/site-packages/airflow/example_dags/example_python_decorator.py
[2025-07-01T22:16:33.683+0000] {logging_mixin.py:190} INFO - [2025-07-01T22:16:33.683+0000] {dag.py:3239} INFO - Sync 1 DAGs
[2025-07-01T22:16:33.697+0000] {logging_mixin.py:190} INFO - [2025-07-01T22:16:33.696+0000] {dag.py:4180} INFO - Setting next_dagrun for example_python_decorator to None, run_after=None
[2025-07-01T22:16:33.716+0000] {processor.py:208} INFO - Processing /home/airflow/.local/lib/python3.12/site-packages/airflow/example_dags/example_python_decorator.py took 0.079 seconds
[2025-07-01T22:17:04.226+0000] {processor.py:186} INFO - Started process (PID=7513) to work on /home/airflow/.local/lib/python3.12/site-packages/airflow/example_dags/example_python_decorator.py
[2025-07-01T22:17:04.227+0000] {processor.py:914} INFO - Processing file /home/airflow/.local/lib/python3.12/site-packages/airflow/example_dags/example_python_decorator.py for tasks to queue
[2025-07-01T22:17:04.229+0000] {logging_mixin.py:190} INFO - [2025-07-01T22:17:04.229+0000] {dagbag.py:588} INFO - Filling up the DagBag from /home/airflow/.local/lib/python3.12/site-packages/airflow/example_dags/example_python_decorator.py
[2025-07-01T22:17:04.242+0000] {processor.py:925} INFO - DAG(s) 'example_python_decorator' retrieved from /home/airflow/.local/lib/python3.12/site-packages/airflow/example_dags/example_python_decorator.py
[2025-07-01T22:17:04.259+0000] {logging_mixin.py:190} INFO - [2025-07-01T22:17:04.259+0000] {dag.py:3239} INFO - Sync 1 DAGs
[2025-07-01T22:17:04.272+0000] {logging_mixin.py:190} INFO - [2025-07-01T22:17:04.272+0000] {dag.py:4180} INFO - Setting next_dagrun for example_python_decorator to None, run_after=None
[2025-07-01T22:17:04.290+0000] {processor.py:208} INFO - Processing /home/airflow/.local/lib/python3.12/site-packages/airflow/example_dags/example_python_decorator.py took 0.070 seconds
[2025-07-01T22:17:35.067+0000] {processor.py:186} INFO - Started process (PID=7576) to work on /home/airflow/.local/lib/python3.12/site-packages/airflow/example_dags/example_python_decorator.py
[2025-07-01T22:17:35.068+0000] {processor.py:914} INFO - Processing file /home/airflow/.local/lib/python3.12/site-packages/airflow/example_dags/example_python_decorator.py for tasks to queue
[2025-07-01T22:17:35.070+0000] {logging_mixin.py:190} INFO - [2025-07-01T22:17:35.069+0000] {dagbag.py:588} INFO - Filling up the DagBag from /home/airflow/.local/lib/python3.12/site-packages/airflow/example_dags/example_python_decorator.py
[2025-07-01T22:17:35.081+0000] {processor.py:925} INFO - DAG(s) 'example_python_decorator' retrieved from /home/airflow/.local/lib/python3.12/site-packages/airflow/example_dags/example_python_decorator.py
[2025-07-01T22:17:35.103+0000] {logging_mixin.py:190} INFO - [2025-07-01T22:17:35.103+0000] {dag.py:3239} INFO - Sync 1 DAGs
[2025-07-01T22:17:35.117+0000] {logging_mixin.py:190} INFO - [2025-07-01T22:17:35.116+0000] {dag.py:4180} INFO - Setting next_dagrun for example_python_decorator to None, run_after=None
[2025-07-01T22:17:35.137+0000] {processor.py:208} INFO - Processing /home/airflow/.local/lib/python3.12/site-packages/airflow/example_dags/example_python_decorator.py took 0.076 seconds
[2025-07-01T22:18:06.469+0000] {processor.py:186} INFO - Started process (PID=7639) to work on /home/airflow/.local/lib/python3.12/site-packages/airflow/example_dags/example_python_decorator.py
[2025-07-01T22:18:06.471+0000] {processor.py:914} INFO - Processing file /home/airflow/.local/lib/python3.12/site-packages/airflow/example_dags/example_python_decorator.py for tasks to queue
[2025-07-01T22:18:06.473+0000] {logging_mixin.py:190} INFO - [2025-07-01T22:18:06.473+0000] {dagbag.py:588} INFO - Filling up the DagBag from /home/airflow/.local/lib/python3.12/site-packages/airflow/example_dags/example_python_decorator.py
[2025-07-01T22:18:06.487+0000] {processor.py:925} INFO - DAG(s) 'example_python_decorator' retrieved from /home/airflow/.local/lib/python3.12/site-packages/airflow/example_dags/example_python_decorator.py
[2025-07-01T22:18:06.507+0000] {logging_mixin.py:190} INFO - [2025-07-01T22:18:06.507+0000] {dag.py:3239} INFO - Sync 1 DAGs
[2025-07-01T22:18:06.522+0000] {logging_mixin.py:190} INFO - [2025-07-01T22:18:06.522+0000] {dag.py:4180} INFO - Setting next_dagrun for example_python_decorator to None, run_after=None
[2025-07-01T22:18:06.546+0000] {processor.py:208} INFO - Processing /home/airflow/.local/lib/python3.12/site-packages/airflow/example_dags/example_python_decorator.py took 0.084 seconds
[2025-07-01T22:18:36.760+0000] {processor.py:186} INFO - Started process (PID=7708) to work on /home/airflow/.local/lib/python3.12/site-packages/airflow/example_dags/example_python_decorator.py
[2025-07-01T22:18:36.762+0000] {processor.py:914} INFO - Processing file /home/airflow/.local/lib/python3.12/site-packages/airflow/example_dags/example_python_decorator.py for tasks to queue
[2025-07-01T22:18:36.764+0000] {logging_mixin.py:190} INFO - [2025-07-01T22:18:36.764+0000] {dagbag.py:588} INFO - Filling up the DagBag from /home/airflow/.local/lib/python3.12/site-packages/airflow/example_dags/example_python_decorator.py
[2025-07-01T22:18:36.778+0000] {processor.py:925} INFO - DAG(s) 'example_python_decorator' retrieved from /home/airflow/.local/lib/python3.12/site-packages/airflow/example_dags/example_python_decorator.py
[2025-07-01T22:18:36.799+0000] {logging_mixin.py:190} INFO - [2025-07-01T22:18:36.799+0000] {dag.py:3239} INFO - Sync 1 DAGs
[2025-07-01T22:18:36.813+0000] {logging_mixin.py:190} INFO - [2025-07-01T22:18:36.812+0000] {dag.py:4180} INFO - Setting next_dagrun for example_python_decorator to None, run_after=None
[2025-07-01T22:18:36.832+0000] {processor.py:208} INFO - Processing /home/airflow/.local/lib/python3.12/site-packages/airflow/example_dags/example_python_decorator.py took 0.077 seconds
[2025-07-01T22:19:07.543+0000] {processor.py:186} INFO - Started process (PID=7772) to work on /home/airflow/.local/lib/python3.12/site-packages/airflow/example_dags/example_python_decorator.py
[2025-07-01T22:19:07.543+0000] {processor.py:914} INFO - Processing file /home/airflow/.local/lib/python3.12/site-packages/airflow/example_dags/example_python_decorator.py for tasks to queue
[2025-07-01T22:19:07.546+0000] {logging_mixin.py:190} INFO - [2025-07-01T22:19:07.546+0000] {dagbag.py:588} INFO - Filling up the DagBag from /home/airflow/.local/lib/python3.12/site-packages/airflow/example_dags/example_python_decorator.py
[2025-07-01T22:19:07.559+0000] {processor.py:925} INFO - DAG(s) 'example_python_decorator' retrieved from /home/airflow/.local/lib/python3.12/site-packages/airflow/example_dags/example_python_decorator.py
[2025-07-01T22:19:07.578+0000] {logging_mixin.py:190} INFO - [2025-07-01T22:19:07.578+0000] {dag.py:3239} INFO - Sync 1 DAGs
[2025-07-01T22:19:07.591+0000] {logging_mixin.py:190} INFO - [2025-07-01T22:19:07.591+0000] {dag.py:4180} INFO - Setting next_dagrun for example_python_decorator to None, run_after=None
[2025-07-01T22:19:07.611+0000] {processor.py:208} INFO - Processing /home/airflow/.local/lib/python3.12/site-packages/airflow/example_dags/example_python_decorator.py took 0.073 seconds
[2025-07-01T22:19:38.177+0000] {processor.py:186} INFO - Started process (PID=7835) to work on /home/airflow/.local/lib/python3.12/site-packages/airflow/example_dags/example_python_decorator.py
[2025-07-01T22:19:38.178+0000] {processor.py:914} INFO - Processing file /home/airflow/.local/lib/python3.12/site-packages/airflow/example_dags/example_python_decorator.py for tasks to queue
[2025-07-01T22:19:38.181+0000] {logging_mixin.py:190} INFO - [2025-07-01T22:19:38.181+0000] {dagbag.py:588} INFO - Filling up the DagBag from /home/airflow/.local/lib/python3.12/site-packages/airflow/example_dags/example_python_decorator.py
[2025-07-01T22:19:38.195+0000] {processor.py:925} INFO - DAG(s) 'example_python_decorator' retrieved from /home/airflow/.local/lib/python3.12/site-packages/airflow/example_dags/example_python_decorator.py
[2025-07-01T22:19:38.221+0000] {logging_mixin.py:190} INFO - [2025-07-01T22:19:38.221+0000] {dag.py:3239} INFO - Sync 1 DAGs
[2025-07-01T22:19:38.238+0000] {logging_mixin.py:190} INFO - [2025-07-01T22:19:38.238+0000] {dag.py:4180} INFO - Setting next_dagrun for example_python_decorator to None, run_after=None
[2025-07-01T22:19:38.258+0000] {processor.py:208} INFO - Processing /home/airflow/.local/lib/python3.12/site-packages/airflow/example_dags/example_python_decorator.py took 0.087 seconds
[2025-07-01T22:20:08.622+0000] {processor.py:186} INFO - Started process (PID=7898) to work on /home/airflow/.local/lib/python3.12/site-packages/airflow/example_dags/example_python_decorator.py
[2025-07-01T22:20:08.623+0000] {processor.py:914} INFO - Processing file /home/airflow/.local/lib/python3.12/site-packages/airflow/example_dags/example_python_decorator.py for tasks to queue
[2025-07-01T22:20:08.625+0000] {logging_mixin.py:190} INFO - [2025-07-01T22:20:08.625+0000] {dagbag.py:588} INFO - Filling up the DagBag from /home/airflow/.local/lib/python3.12/site-packages/airflow/example_dags/example_python_decorator.py
[2025-07-01T22:20:08.637+0000] {processor.py:925} INFO - DAG(s) 'example_python_decorator' retrieved from /home/airflow/.local/lib/python3.12/site-packages/airflow/example_dags/example_python_decorator.py
[2025-07-01T22:20:08.656+0000] {logging_mixin.py:190} INFO - [2025-07-01T22:20:08.655+0000] {dag.py:3239} INFO - Sync 1 DAGs
[2025-07-01T22:20:08.667+0000] {logging_mixin.py:190} INFO - [2025-07-01T22:20:08.667+0000] {dag.py:4180} INFO - Setting next_dagrun for example_python_decorator to None, run_after=None
[2025-07-01T22:20:08.689+0000] {processor.py:208} INFO - Processing /home/airflow/.local/lib/python3.12/site-packages/airflow/example_dags/example_python_decorator.py took 0.072 seconds
[2025-07-01T22:20:39.268+0000] {processor.py:186} INFO - Started process (PID=7961) to work on /home/airflow/.local/lib/python3.12/site-packages/airflow/example_dags/example_python_decorator.py
[2025-07-01T22:20:39.269+0000] {processor.py:914} INFO - Processing file /home/airflow/.local/lib/python3.12/site-packages/airflow/example_dags/example_python_decorator.py for tasks to queue
[2025-07-01T22:20:39.272+0000] {logging_mixin.py:190} INFO - [2025-07-01T22:20:39.271+0000] {dagbag.py:588} INFO - Filling up the DagBag from /home/airflow/.local/lib/python3.12/site-packages/airflow/example_dags/example_python_decorator.py
[2025-07-01T22:20:39.289+0000] {processor.py:925} INFO - DAG(s) 'example_python_decorator' retrieved from /home/airflow/.local/lib/python3.12/site-packages/airflow/example_dags/example_python_decorator.py
[2025-07-01T22:20:39.314+0000] {logging_mixin.py:190} INFO - [2025-07-01T22:20:39.313+0000] {dag.py:3239} INFO - Sync 1 DAGs
[2025-07-01T22:20:39.327+0000] {logging_mixin.py:190} INFO - [2025-07-01T22:20:39.327+0000] {dag.py:4180} INFO - Setting next_dagrun for example_python_decorator to None, run_after=None
[2025-07-01T22:20:39.347+0000] {processor.py:208} INFO - Processing /home/airflow/.local/lib/python3.12/site-packages/airflow/example_dags/example_python_decorator.py took 0.086 seconds
[2025-07-01T22:21:10.054+0000] {processor.py:186} INFO - Started process (PID=8024) to work on /home/airflow/.local/lib/python3.12/site-packages/airflow/example_dags/example_python_decorator.py
[2025-07-01T22:21:10.055+0000] {processor.py:914} INFO - Processing file /home/airflow/.local/lib/python3.12/site-packages/airflow/example_dags/example_python_decorator.py for tasks to queue
[2025-07-01T22:21:10.058+0000] {logging_mixin.py:190} INFO - [2025-07-01T22:21:10.057+0000] {dagbag.py:588} INFO - Filling up the DagBag from /home/airflow/.local/lib/python3.12/site-packages/airflow/example_dags/example_python_decorator.py
[2025-07-01T22:21:10.071+0000] {processor.py:925} INFO - DAG(s) 'example_python_decorator' retrieved from /home/airflow/.local/lib/python3.12/site-packages/airflow/example_dags/example_python_decorator.py
[2025-07-01T22:21:10.096+0000] {logging_mixin.py:190} INFO - [2025-07-01T22:21:10.096+0000] {dag.py:3239} INFO - Sync 1 DAGs
[2025-07-01T22:21:10.109+0000] {logging_mixin.py:190} INFO - [2025-07-01T22:21:10.109+0000] {dag.py:4180} INFO - Setting next_dagrun for example_python_decorator to None, run_after=None
[2025-07-01T22:21:10.132+0000] {processor.py:208} INFO - Processing /home/airflow/.local/lib/python3.12/site-packages/airflow/example_dags/example_python_decorator.py took 0.085 seconds
[2025-07-01T22:21:40.731+0000] {processor.py:186} INFO - Started process (PID=8087) to work on /home/airflow/.local/lib/python3.12/site-packages/airflow/example_dags/example_python_decorator.py
[2025-07-01T22:21:40.732+0000] {processor.py:914} INFO - Processing file /home/airflow/.local/lib/python3.12/site-packages/airflow/example_dags/example_python_decorator.py for tasks to queue
[2025-07-01T22:21:40.734+0000] {logging_mixin.py:190} INFO - [2025-07-01T22:21:40.734+0000] {dagbag.py:588} INFO - Filling up the DagBag from /home/airflow/.local/lib/python3.12/site-packages/airflow/example_dags/example_python_decorator.py
[2025-07-01T22:21:40.748+0000] {processor.py:925} INFO - DAG(s) 'example_python_decorator' retrieved from /home/airflow/.local/lib/python3.12/site-packages/airflow/example_dags/example_python_decorator.py
[2025-07-01T22:21:40.775+0000] {logging_mixin.py:190} INFO - [2025-07-01T22:21:40.774+0000] {dag.py:3239} INFO - Sync 1 DAGs
[2025-07-01T22:21:40.787+0000] {logging_mixin.py:190} INFO - [2025-07-01T22:21:40.787+0000] {dag.py:4180} INFO - Setting next_dagrun for example_python_decorator to None, run_after=None
[2025-07-01T22:21:40.807+0000] {processor.py:208} INFO - Processing /home/airflow/.local/lib/python3.12/site-packages/airflow/example_dags/example_python_decorator.py took 0.083 seconds
[2025-07-01T22:22:11.219+0000] {processor.py:186} INFO - Started process (PID=8150) to work on /home/airflow/.local/lib/python3.12/site-packages/airflow/example_dags/example_python_decorator.py
[2025-07-01T22:22:11.220+0000] {processor.py:914} INFO - Processing file /home/airflow/.local/lib/python3.12/site-packages/airflow/example_dags/example_python_decorator.py for tasks to queue
[2025-07-01T22:22:11.223+0000] {logging_mixin.py:190} INFO - [2025-07-01T22:22:11.222+0000] {dagbag.py:588} INFO - Filling up the DagBag from /home/airflow/.local/lib/python3.12/site-packages/airflow/example_dags/example_python_decorator.py
[2025-07-01T22:22:11.235+0000] {processor.py:925} INFO - DAG(s) 'example_python_decorator' retrieved from /home/airflow/.local/lib/python3.12/site-packages/airflow/example_dags/example_python_decorator.py
[2025-07-01T22:22:11.254+0000] {logging_mixin.py:190} INFO - [2025-07-01T22:22:11.254+0000] {dag.py:3239} INFO - Sync 1 DAGs
[2025-07-01T22:22:11.268+0000] {logging_mixin.py:190} INFO - [2025-07-01T22:22:11.268+0000] {dag.py:4180} INFO - Setting next_dagrun for example_python_decorator to None, run_after=None
[2025-07-01T22:22:11.287+0000] {processor.py:208} INFO - Processing /home/airflow/.local/lib/python3.12/site-packages/airflow/example_dags/example_python_decorator.py took 0.073 seconds
[2025-07-01T22:22:41.836+0000] {processor.py:186} INFO - Started process (PID=8213) to work on /home/airflow/.local/lib/python3.12/site-packages/airflow/example_dags/example_python_decorator.py
[2025-07-01T22:22:41.837+0000] {processor.py:914} INFO - Processing file /home/airflow/.local/lib/python3.12/site-packages/airflow/example_dags/example_python_decorator.py for tasks to queue
[2025-07-01T22:22:41.839+0000] {logging_mixin.py:190} INFO - [2025-07-01T22:22:41.839+0000] {dagbag.py:588} INFO - Filling up the DagBag from /home/airflow/.local/lib/python3.12/site-packages/airflow/example_dags/example_python_decorator.py
[2025-07-01T22:22:41.855+0000] {processor.py:925} INFO - DAG(s) 'example_python_decorator' retrieved from /home/airflow/.local/lib/python3.12/site-packages/airflow/example_dags/example_python_decorator.py
[2025-07-01T22:22:41.878+0000] {logging_mixin.py:190} INFO - [2025-07-01T22:22:41.878+0000] {dag.py:3239} INFO - Sync 1 DAGs
[2025-07-01T22:22:41.892+0000] {logging_mixin.py:190} INFO - [2025-07-01T22:22:41.891+0000] {dag.py:4180} INFO - Setting next_dagrun for example_python_decorator to None, run_after=None
[2025-07-01T22:22:41.913+0000] {processor.py:208} INFO - Processing /home/airflow/.local/lib/python3.12/site-packages/airflow/example_dags/example_python_decorator.py took 0.084 seconds
[2025-07-01T22:23:12.582+0000] {processor.py:186} INFO - Started process (PID=8276) to work on /home/airflow/.local/lib/python3.12/site-packages/airflow/example_dags/example_python_decorator.py
[2025-07-01T22:23:12.583+0000] {processor.py:914} INFO - Processing file /home/airflow/.local/lib/python3.12/site-packages/airflow/example_dags/example_python_decorator.py for tasks to queue
[2025-07-01T22:23:12.586+0000] {logging_mixin.py:190} INFO - [2025-07-01T22:23:12.586+0000] {dagbag.py:588} INFO - Filling up the DagBag from /home/airflow/.local/lib/python3.12/site-packages/airflow/example_dags/example_python_decorator.py
[2025-07-01T22:23:12.600+0000] {processor.py:925} INFO - DAG(s) 'example_python_decorator' retrieved from /home/airflow/.local/lib/python3.12/site-packages/airflow/example_dags/example_python_decorator.py
[2025-07-01T22:23:12.619+0000] {logging_mixin.py:190} INFO - [2025-07-01T22:23:12.619+0000] {dag.py:3239} INFO - Sync 1 DAGs
[2025-07-01T22:23:12.634+0000] {logging_mixin.py:190} INFO - [2025-07-01T22:23:12.634+0000] {dag.py:4180} INFO - Setting next_dagrun for example_python_decorator to None, run_after=None
[2025-07-01T22:23:12.654+0000] {processor.py:208} INFO - Processing /home/airflow/.local/lib/python3.12/site-packages/airflow/example_dags/example_python_decorator.py took 0.077 seconds
[2025-07-01T22:23:43.362+0000] {processor.py:186} INFO - Started process (PID=8339) to work on /home/airflow/.local/lib/python3.12/site-packages/airflow/example_dags/example_python_decorator.py
[2025-07-01T22:23:43.363+0000] {processor.py:914} INFO - Processing file /home/airflow/.local/lib/python3.12/site-packages/airflow/example_dags/example_python_decorator.py for tasks to queue
[2025-07-01T22:23:43.365+0000] {logging_mixin.py:190} INFO - [2025-07-01T22:23:43.365+0000] {dagbag.py:588} INFO - Filling up the DagBag from /home/airflow/.local/lib/python3.12/site-packages/airflow/example_dags/example_python_decorator.py
[2025-07-01T22:23:43.378+0000] {processor.py:925} INFO - DAG(s) 'example_python_decorator' retrieved from /home/airflow/.local/lib/python3.12/site-packages/airflow/example_dags/example_python_decorator.py
[2025-07-01T22:23:43.397+0000] {logging_mixin.py:190} INFO - [2025-07-01T22:23:43.396+0000] {dag.py:3239} INFO - Sync 1 DAGs
[2025-07-01T22:23:43.409+0000] {logging_mixin.py:190} INFO - [2025-07-01T22:23:43.409+0000] {dag.py:4180} INFO - Setting next_dagrun for example_python_decorator to None, run_after=None
[2025-07-01T22:23:43.427+0000] {processor.py:208} INFO - Processing /home/airflow/.local/lib/python3.12/site-packages/airflow/example_dags/example_python_decorator.py took 0.071 seconds
[2025-07-01T22:24:13.951+0000] {processor.py:186} INFO - Started process (PID=8402) to work on /home/airflow/.local/lib/python3.12/site-packages/airflow/example_dags/example_python_decorator.py
[2025-07-01T22:24:13.952+0000] {processor.py:914} INFO - Processing file /home/airflow/.local/lib/python3.12/site-packages/airflow/example_dags/example_python_decorator.py for tasks to queue
[2025-07-01T22:24:13.955+0000] {logging_mixin.py:190} INFO - [2025-07-01T22:24:13.954+0000] {dagbag.py:588} INFO - Filling up the DagBag from /home/airflow/.local/lib/python3.12/site-packages/airflow/example_dags/example_python_decorator.py
[2025-07-01T22:24:13.968+0000] {processor.py:925} INFO - DAG(s) 'example_python_decorator' retrieved from /home/airflow/.local/lib/python3.12/site-packages/airflow/example_dags/example_python_decorator.py
[2025-07-01T22:24:13.991+0000] {logging_mixin.py:190} INFO - [2025-07-01T22:24:13.991+0000] {dag.py:3239} INFO - Sync 1 DAGs
[2025-07-01T22:24:14.006+0000] {logging_mixin.py:190} INFO - [2025-07-01T22:24:14.006+0000] {dag.py:4180} INFO - Setting next_dagrun for example_python_decorator to None, run_after=None
[2025-07-01T22:24:14.026+0000] {processor.py:208} INFO - Processing /home/airflow/.local/lib/python3.12/site-packages/airflow/example_dags/example_python_decorator.py took 0.080 seconds
[2025-07-01T22:24:44.426+0000] {processor.py:186} INFO - Started process (PID=8471) to work on /home/airflow/.local/lib/python3.12/site-packages/airflow/example_dags/example_python_decorator.py
[2025-07-01T22:24:44.427+0000] {processor.py:914} INFO - Processing file /home/airflow/.local/lib/python3.12/site-packages/airflow/example_dags/example_python_decorator.py for tasks to queue
[2025-07-01T22:24:44.429+0000] {logging_mixin.py:190} INFO - [2025-07-01T22:24:44.428+0000] {dagbag.py:588} INFO - Filling up the DagBag from /home/airflow/.local/lib/python3.12/site-packages/airflow/example_dags/example_python_decorator.py
[2025-07-01T22:24:44.441+0000] {processor.py:925} INFO - DAG(s) 'example_python_decorator' retrieved from /home/airflow/.local/lib/python3.12/site-packages/airflow/example_dags/example_python_decorator.py
[2025-07-01T22:24:44.460+0000] {logging_mixin.py:190} INFO - [2025-07-01T22:24:44.459+0000] {dag.py:3239} INFO - Sync 1 DAGs
[2025-07-01T22:24:44.472+0000] {logging_mixin.py:190} INFO - [2025-07-01T22:24:44.472+0000] {dag.py:4180} INFO - Setting next_dagrun for example_python_decorator to None, run_after=None
[2025-07-01T22:24:44.492+0000] {processor.py:208} INFO - Processing /home/airflow/.local/lib/python3.12/site-packages/airflow/example_dags/example_python_decorator.py took 0.071 seconds
[2025-07-01T22:25:15.246+0000] {processor.py:186} INFO - Started process (PID=8534) to work on /home/airflow/.local/lib/python3.12/site-packages/airflow/example_dags/example_python_decorator.py
[2025-07-01T22:25:15.247+0000] {processor.py:914} INFO - Processing file /home/airflow/.local/lib/python3.12/site-packages/airflow/example_dags/example_python_decorator.py for tasks to queue
[2025-07-01T22:25:15.249+0000] {logging_mixin.py:190} INFO - [2025-07-01T22:25:15.249+0000] {dagbag.py:588} INFO - Filling up the DagBag from /home/airflow/.local/lib/python3.12/site-packages/airflow/example_dags/example_python_decorator.py
[2025-07-01T22:25:15.263+0000] {processor.py:925} INFO - DAG(s) 'example_python_decorator' retrieved from /home/airflow/.local/lib/python3.12/site-packages/airflow/example_dags/example_python_decorator.py
[2025-07-01T22:25:15.285+0000] {logging_mixin.py:190} INFO - [2025-07-01T22:25:15.284+0000] {dag.py:3239} INFO - Sync 1 DAGs
[2025-07-01T22:25:15.299+0000] {logging_mixin.py:190} INFO - [2025-07-01T22:25:15.299+0000] {dag.py:4180} INFO - Setting next_dagrun for example_python_decorator to None, run_after=None
[2025-07-01T22:25:15.325+0000] {processor.py:208} INFO - Processing /home/airflow/.local/lib/python3.12/site-packages/airflow/example_dags/example_python_decorator.py took 0.085 seconds
[2025-07-01T22:25:46.049+0000] {processor.py:186} INFO - Started process (PID=8639) to work on /home/airflow/.local/lib/python3.12/site-packages/airflow/example_dags/example_python_decorator.py
[2025-07-01T22:25:46.050+0000] {processor.py:914} INFO - Processing file /home/airflow/.local/lib/python3.12/site-packages/airflow/example_dags/example_python_decorator.py for tasks to queue
[2025-07-01T22:25:46.054+0000] {logging_mixin.py:190} INFO - [2025-07-01T22:25:46.054+0000] {dagbag.py:588} INFO - Filling up the DagBag from /home/airflow/.local/lib/python3.12/site-packages/airflow/example_dags/example_python_decorator.py
[2025-07-01T22:25:46.072+0000] {processor.py:925} INFO - DAG(s) 'example_python_decorator' retrieved from /home/airflow/.local/lib/python3.12/site-packages/airflow/example_dags/example_python_decorator.py
[2025-07-01T22:25:46.096+0000] {logging_mixin.py:190} INFO - [2025-07-01T22:25:46.096+0000] {dag.py:3239} INFO - Sync 1 DAGs
[2025-07-01T22:25:46.109+0000] {logging_mixin.py:190} INFO - [2025-07-01T22:25:46.109+0000] {dag.py:4180} INFO - Setting next_dagrun for example_python_decorator to None, run_after=None
[2025-07-01T22:25:46.129+0000] {processor.py:208} INFO - Processing /home/airflow/.local/lib/python3.12/site-packages/airflow/example_dags/example_python_decorator.py took 0.090 seconds
[2025-07-01T22:26:17.190+0000] {processor.py:186} INFO - Started process (PID=8705) to work on /home/airflow/.local/lib/python3.12/site-packages/airflow/example_dags/example_python_decorator.py
[2025-07-01T22:26:17.191+0000] {processor.py:914} INFO - Processing file /home/airflow/.local/lib/python3.12/site-packages/airflow/example_dags/example_python_decorator.py for tasks to queue
[2025-07-01T22:26:17.193+0000] {logging_mixin.py:190} INFO - [2025-07-01T22:26:17.193+0000] {dagbag.py:588} INFO - Filling up the DagBag from /home/airflow/.local/lib/python3.12/site-packages/airflow/example_dags/example_python_decorator.py
[2025-07-01T22:26:17.205+0000] {processor.py:925} INFO - DAG(s) 'example_python_decorator' retrieved from /home/airflow/.local/lib/python3.12/site-packages/airflow/example_dags/example_python_decorator.py
[2025-07-01T22:26:17.226+0000] {logging_mixin.py:190} INFO - [2025-07-01T22:26:17.226+0000] {dag.py:3239} INFO - Sync 1 DAGs
[2025-07-01T22:26:17.238+0000] {logging_mixin.py:190} INFO - [2025-07-01T22:26:17.238+0000] {dag.py:4180} INFO - Setting next_dagrun for example_python_decorator to None, run_after=None
[2025-07-01T22:26:17.258+0000] {processor.py:208} INFO - Processing /home/airflow/.local/lib/python3.12/site-packages/airflow/example_dags/example_python_decorator.py took 0.076 seconds
[2025-07-01T22:26:47.424+0000] {processor.py:186} INFO - Started process (PID=8769) to work on /home/airflow/.local/lib/python3.12/site-packages/airflow/example_dags/example_python_decorator.py
[2025-07-01T22:26:47.425+0000] {processor.py:914} INFO - Processing file /home/airflow/.local/lib/python3.12/site-packages/airflow/example_dags/example_python_decorator.py for tasks to queue
[2025-07-01T22:26:47.427+0000] {logging_mixin.py:190} INFO - [2025-07-01T22:26:47.427+0000] {dagbag.py:588} INFO - Filling up the DagBag from /home/airflow/.local/lib/python3.12/site-packages/airflow/example_dags/example_python_decorator.py
[2025-07-01T22:26:47.440+0000] {processor.py:925} INFO - DAG(s) 'example_python_decorator' retrieved from /home/airflow/.local/lib/python3.12/site-packages/airflow/example_dags/example_python_decorator.py
[2025-07-01T22:26:47.461+0000] {logging_mixin.py:190} INFO - [2025-07-01T22:26:47.460+0000] {dag.py:3239} INFO - Sync 1 DAGs
[2025-07-01T22:26:47.473+0000] {logging_mixin.py:190} INFO - [2025-07-01T22:26:47.473+0000] {dag.py:4180} INFO - Setting next_dagrun for example_python_decorator to None, run_after=None
[2025-07-01T22:26:47.494+0000] {processor.py:208} INFO - Processing /home/airflow/.local/lib/python3.12/site-packages/airflow/example_dags/example_python_decorator.py took 0.078 seconds
[2025-07-01T22:27:18.361+0000] {processor.py:186} INFO - Started process (PID=8833) to work on /home/airflow/.local/lib/python3.12/site-packages/airflow/example_dags/example_python_decorator.py
[2025-07-01T22:27:18.362+0000] {processor.py:914} INFO - Processing file /home/airflow/.local/lib/python3.12/site-packages/airflow/example_dags/example_python_decorator.py for tasks to queue
[2025-07-01T22:27:18.364+0000] {logging_mixin.py:190} INFO - [2025-07-01T22:27:18.364+0000] {dagbag.py:588} INFO - Filling up the DagBag from /home/airflow/.local/lib/python3.12/site-packages/airflow/example_dags/example_python_decorator.py
[2025-07-01T22:27:18.376+0000] {processor.py:925} INFO - DAG(s) 'example_python_decorator' retrieved from /home/airflow/.local/lib/python3.12/site-packages/airflow/example_dags/example_python_decorator.py
[2025-07-01T22:27:18.396+0000] {logging_mixin.py:190} INFO - [2025-07-01T22:27:18.396+0000] {dag.py:3239} INFO - Sync 1 DAGs
[2025-07-01T22:27:18.408+0000] {logging_mixin.py:190} INFO - [2025-07-01T22:27:18.408+0000] {dag.py:4180} INFO - Setting next_dagrun for example_python_decorator to None, run_after=None
[2025-07-01T22:27:18.427+0000] {processor.py:208} INFO - Processing /home/airflow/.local/lib/python3.12/site-packages/airflow/example_dags/example_python_decorator.py took 0.074 seconds
[2025-07-01T22:27:49.256+0000] {processor.py:186} INFO - Started process (PID=8898) to work on /home/airflow/.local/lib/python3.12/site-packages/airflow/example_dags/example_python_decorator.py
[2025-07-01T22:27:49.257+0000] {processor.py:914} INFO - Processing file /home/airflow/.local/lib/python3.12/site-packages/airflow/example_dags/example_python_decorator.py for tasks to queue
[2025-07-01T22:27:49.259+0000] {logging_mixin.py:190} INFO - [2025-07-01T22:27:49.259+0000] {dagbag.py:588} INFO - Filling up the DagBag from /home/airflow/.local/lib/python3.12/site-packages/airflow/example_dags/example_python_decorator.py
[2025-07-01T22:27:49.273+0000] {processor.py:925} INFO - DAG(s) 'example_python_decorator' retrieved from /home/airflow/.local/lib/python3.12/site-packages/airflow/example_dags/example_python_decorator.py
[2025-07-01T22:27:49.298+0000] {logging_mixin.py:190} INFO - [2025-07-01T22:27:49.297+0000] {dag.py:3239} INFO - Sync 1 DAGs
[2025-07-01T22:27:49.312+0000] {logging_mixin.py:190} INFO - [2025-07-01T22:27:49.311+0000] {dag.py:4180} INFO - Setting next_dagrun for example_python_decorator to None, run_after=None
[2025-07-01T22:27:49.329+0000] {processor.py:208} INFO - Processing /home/airflow/.local/lib/python3.12/site-packages/airflow/example_dags/example_python_decorator.py took 0.082 seconds
[2025-07-01T22:28:20.043+0000] {processor.py:186} INFO - Started process (PID=8962) to work on /home/airflow/.local/lib/python3.12/site-packages/airflow/example_dags/example_python_decorator.py
[2025-07-01T22:28:20.044+0000] {processor.py:914} INFO - Processing file /home/airflow/.local/lib/python3.12/site-packages/airflow/example_dags/example_python_decorator.py for tasks to queue
[2025-07-01T22:28:20.047+0000] {logging_mixin.py:190} INFO - [2025-07-01T22:28:20.047+0000] {dagbag.py:588} INFO - Filling up the DagBag from /home/airflow/.local/lib/python3.12/site-packages/airflow/example_dags/example_python_decorator.py
[2025-07-01T22:28:20.059+0000] {processor.py:925} INFO - DAG(s) 'example_python_decorator' retrieved from /home/airflow/.local/lib/python3.12/site-packages/airflow/example_dags/example_python_decorator.py
[2025-07-01T22:28:20.078+0000] {logging_mixin.py:190} INFO - [2025-07-01T22:28:20.078+0000] {dag.py:3239} INFO - Sync 1 DAGs
[2025-07-01T22:28:20.091+0000] {logging_mixin.py:190} INFO - [2025-07-01T22:28:20.090+0000] {dag.py:4180} INFO - Setting next_dagrun for example_python_decorator to None, run_after=None
[2025-07-01T22:28:20.110+0000] {processor.py:208} INFO - Processing /home/airflow/.local/lib/python3.12/site-packages/airflow/example_dags/example_python_decorator.py took 0.075 seconds
[2025-07-01T22:28:50.525+0000] {processor.py:186} INFO - Started process (PID=9026) to work on /home/airflow/.local/lib/python3.12/site-packages/airflow/example_dags/example_python_decorator.py
[2025-07-01T22:28:50.526+0000] {processor.py:914} INFO - Processing file /home/airflow/.local/lib/python3.12/site-packages/airflow/example_dags/example_python_decorator.py for tasks to queue
[2025-07-01T22:28:50.528+0000] {logging_mixin.py:190} INFO - [2025-07-01T22:28:50.528+0000] {dagbag.py:588} INFO - Filling up the DagBag from /home/airflow/.local/lib/python3.12/site-packages/airflow/example_dags/example_python_decorator.py
[2025-07-01T22:28:50.541+0000] {processor.py:925} INFO - DAG(s) 'example_python_decorator' retrieved from /home/airflow/.local/lib/python3.12/site-packages/airflow/example_dags/example_python_decorator.py
[2025-07-01T22:28:50.559+0000] {logging_mixin.py:190} INFO - [2025-07-01T22:28:50.559+0000] {dag.py:3239} INFO - Sync 1 DAGs
[2025-07-01T22:28:50.571+0000] {logging_mixin.py:190} INFO - [2025-07-01T22:28:50.571+0000] {dag.py:4180} INFO - Setting next_dagrun for example_python_decorator to None, run_after=None
[2025-07-01T22:28:50.595+0000] {processor.py:208} INFO - Processing /home/airflow/.local/lib/python3.12/site-packages/airflow/example_dags/example_python_decorator.py took 0.080 seconds
[2025-07-01T22:29:21.311+0000] {processor.py:186} INFO - Started process (PID=9090) to work on /home/airflow/.local/lib/python3.12/site-packages/airflow/example_dags/example_python_decorator.py
[2025-07-01T22:29:21.312+0000] {processor.py:914} INFO - Processing file /home/airflow/.local/lib/python3.12/site-packages/airflow/example_dags/example_python_decorator.py for tasks to queue
[2025-07-01T22:29:21.315+0000] {logging_mixin.py:190} INFO - [2025-07-01T22:29:21.314+0000] {dagbag.py:588} INFO - Filling up the DagBag from /home/airflow/.local/lib/python3.12/site-packages/airflow/example_dags/example_python_decorator.py
[2025-07-01T22:29:21.326+0000] {processor.py:925} INFO - DAG(s) 'example_python_decorator' retrieved from /home/airflow/.local/lib/python3.12/site-packages/airflow/example_dags/example_python_decorator.py
[2025-07-01T22:29:21.346+0000] {logging_mixin.py:190} INFO - [2025-07-01T22:29:21.346+0000] {dag.py:3239} INFO - Sync 1 DAGs
[2025-07-01T22:29:21.357+0000] {logging_mixin.py:190} INFO - [2025-07-01T22:29:21.357+0000] {dag.py:4180} INFO - Setting next_dagrun for example_python_decorator to None, run_after=None
[2025-07-01T22:29:21.377+0000] {processor.py:208} INFO - Processing /home/airflow/.local/lib/python3.12/site-packages/airflow/example_dags/example_python_decorator.py took 0.073 seconds
[2025-07-01T22:29:51.946+0000] {processor.py:186} INFO - Started process (PID=9154) to work on /home/airflow/.local/lib/python3.12/site-packages/airflow/example_dags/example_python_decorator.py
[2025-07-01T22:29:51.947+0000] {processor.py:914} INFO - Processing file /home/airflow/.local/lib/python3.12/site-packages/airflow/example_dags/example_python_decorator.py for tasks to queue
[2025-07-01T22:29:51.950+0000] {logging_mixin.py:190} INFO - [2025-07-01T22:29:51.950+0000] {dagbag.py:588} INFO - Filling up the DagBag from /home/airflow/.local/lib/python3.12/site-packages/airflow/example_dags/example_python_decorator.py
[2025-07-01T22:29:51.962+0000] {processor.py:925} INFO - DAG(s) 'example_python_decorator' retrieved from /home/airflow/.local/lib/python3.12/site-packages/airflow/example_dags/example_python_decorator.py
[2025-07-01T22:29:51.983+0000] {logging_mixin.py:190} INFO - [2025-07-01T22:29:51.983+0000] {dag.py:3239} INFO - Sync 1 DAGs
[2025-07-01T22:29:51.998+0000] {logging_mixin.py:190} INFO - [2025-07-01T22:29:51.997+0000] {dag.py:4180} INFO - Setting next_dagrun for example_python_decorator to None, run_after=None
[2025-07-01T22:29:52.020+0000] {processor.py:208} INFO - Processing /home/airflow/.local/lib/python3.12/site-packages/airflow/example_dags/example_python_decorator.py took 0.082 seconds
[2025-07-01T22:30:22.649+0000] {processor.py:186} INFO - Started process (PID=9218) to work on /home/airflow/.local/lib/python3.12/site-packages/airflow/example_dags/example_python_decorator.py
[2025-07-01T22:30:22.650+0000] {processor.py:914} INFO - Processing file /home/airflow/.local/lib/python3.12/site-packages/airflow/example_dags/example_python_decorator.py for tasks to queue
[2025-07-01T22:30:22.653+0000] {logging_mixin.py:190} INFO - [2025-07-01T22:30:22.652+0000] {dagbag.py:588} INFO - Filling up the DagBag from /home/airflow/.local/lib/python3.12/site-packages/airflow/example_dags/example_python_decorator.py
[2025-07-01T22:30:22.667+0000] {processor.py:925} INFO - DAG(s) 'example_python_decorator' retrieved from /home/airflow/.local/lib/python3.12/site-packages/airflow/example_dags/example_python_decorator.py
[2025-07-01T22:30:22.687+0000] {logging_mixin.py:190} INFO - [2025-07-01T22:30:22.687+0000] {dag.py:3239} INFO - Sync 1 DAGs
[2025-07-01T22:30:22.699+0000] {logging_mixin.py:190} INFO - [2025-07-01T22:30:22.699+0000] {dag.py:4180} INFO - Setting next_dagrun for example_python_decorator to None, run_after=None
[2025-07-01T22:30:22.719+0000] {processor.py:208} INFO - Processing /home/airflow/.local/lib/python3.12/site-packages/airflow/example_dags/example_python_decorator.py took 0.079 seconds
[2025-07-01T22:30:53.383+0000] {processor.py:186} INFO - Started process (PID=9282) to work on /home/airflow/.local/lib/python3.12/site-packages/airflow/example_dags/example_python_decorator.py
[2025-07-01T22:30:53.384+0000] {processor.py:914} INFO - Processing file /home/airflow/.local/lib/python3.12/site-packages/airflow/example_dags/example_python_decorator.py for tasks to queue
[2025-07-01T22:30:53.386+0000] {logging_mixin.py:190} INFO - [2025-07-01T22:30:53.386+0000] {dagbag.py:588} INFO - Filling up the DagBag from /home/airflow/.local/lib/python3.12/site-packages/airflow/example_dags/example_python_decorator.py
[2025-07-01T22:30:53.400+0000] {processor.py:925} INFO - DAG(s) 'example_python_decorator' retrieved from /home/airflow/.local/lib/python3.12/site-packages/airflow/example_dags/example_python_decorator.py
[2025-07-01T22:30:53.419+0000] {logging_mixin.py:190} INFO - [2025-07-01T22:30:53.418+0000] {dag.py:3239} INFO - Sync 1 DAGs
[2025-07-01T22:30:53.435+0000] {logging_mixin.py:190} INFO - [2025-07-01T22:30:53.434+0000] {dag.py:4180} INFO - Setting next_dagrun for example_python_decorator to None, run_after=None
[2025-07-01T22:30:53.453+0000] {processor.py:208} INFO - Processing /home/airflow/.local/lib/python3.12/site-packages/airflow/example_dags/example_python_decorator.py took 0.079 seconds
[2025-07-01T22:31:24.119+0000] {processor.py:186} INFO - Started process (PID=9346) to work on /home/airflow/.local/lib/python3.12/site-packages/airflow/example_dags/example_python_decorator.py
[2025-07-01T22:31:24.121+0000] {processor.py:914} INFO - Processing file /home/airflow/.local/lib/python3.12/site-packages/airflow/example_dags/example_python_decorator.py for tasks to queue
[2025-07-01T22:31:24.124+0000] {logging_mixin.py:190} INFO - [2025-07-01T22:31:24.123+0000] {dagbag.py:588} INFO - Filling up the DagBag from /home/airflow/.local/lib/python3.12/site-packages/airflow/example_dags/example_python_decorator.py
[2025-07-01T22:31:24.140+0000] {processor.py:925} INFO - DAG(s) 'example_python_decorator' retrieved from /home/airflow/.local/lib/python3.12/site-packages/airflow/example_dags/example_python_decorator.py
[2025-07-01T22:31:24.162+0000] {logging_mixin.py:190} INFO - [2025-07-01T22:31:24.162+0000] {dag.py:3239} INFO - Sync 1 DAGs
[2025-07-01T22:31:24.177+0000] {logging_mixin.py:190} INFO - [2025-07-01T22:31:24.177+0000] {dag.py:4180} INFO - Setting next_dagrun for example_python_decorator to None, run_after=None
[2025-07-01T22:31:24.197+0000] {processor.py:208} INFO - Processing /home/airflow/.local/lib/python3.12/site-packages/airflow/example_dags/example_python_decorator.py took 0.087 seconds
[2025-07-01T22:31:55.100+0000] {processor.py:186} INFO - Started process (PID=9410) to work on /home/airflow/.local/lib/python3.12/site-packages/airflow/example_dags/example_python_decorator.py
[2025-07-01T22:31:55.101+0000] {processor.py:914} INFO - Processing file /home/airflow/.local/lib/python3.12/site-packages/airflow/example_dags/example_python_decorator.py for tasks to queue
[2025-07-01T22:31:55.104+0000] {logging_mixin.py:190} INFO - [2025-07-01T22:31:55.104+0000] {dagbag.py:588} INFO - Filling up the DagBag from /home/airflow/.local/lib/python3.12/site-packages/airflow/example_dags/example_python_decorator.py
[2025-07-01T22:31:55.118+0000] {processor.py:925} INFO - DAG(s) 'example_python_decorator' retrieved from /home/airflow/.local/lib/python3.12/site-packages/airflow/example_dags/example_python_decorator.py
[2025-07-01T22:31:55.137+0000] {logging_mixin.py:190} INFO - [2025-07-01T22:31:55.137+0000] {dag.py:3239} INFO - Sync 1 DAGs
[2025-07-01T22:31:55.149+0000] {logging_mixin.py:190} INFO - [2025-07-01T22:31:55.149+0000] {dag.py:4180} INFO - Setting next_dagrun for example_python_decorator to None, run_after=None
[2025-07-01T22:31:55.167+0000] {processor.py:208} INFO - Processing /home/airflow/.local/lib/python3.12/site-packages/airflow/example_dags/example_python_decorator.py took 0.077 seconds
[2025-07-01T22:32:26.363+0000] {processor.py:186} INFO - Started process (PID=9492) to work on /home/airflow/.local/lib/python3.12/site-packages/airflow/example_dags/example_python_decorator.py
[2025-07-01T22:32:26.365+0000] {processor.py:914} INFO - Processing file /home/airflow/.local/lib/python3.12/site-packages/airflow/example_dags/example_python_decorator.py for tasks to queue
[2025-07-01T22:32:26.367+0000] {logging_mixin.py:190} INFO - [2025-07-01T22:32:26.367+0000] {dagbag.py:588} INFO - Filling up the DagBag from /home/airflow/.local/lib/python3.12/site-packages/airflow/example_dags/example_python_decorator.py
[2025-07-01T22:32:26.380+0000] {processor.py:925} INFO - DAG(s) 'example_python_decorator' retrieved from /home/airflow/.local/lib/python3.12/site-packages/airflow/example_dags/example_python_decorator.py
[2025-07-01T22:32:26.403+0000] {logging_mixin.py:190} INFO - [2025-07-01T22:32:26.402+0000] {dag.py:3239} INFO - Sync 1 DAGs
[2025-07-01T22:32:26.422+0000] {logging_mixin.py:190} INFO - [2025-07-01T22:32:26.422+0000] {dag.py:4180} INFO - Setting next_dagrun for example_python_decorator to None, run_after=None
[2025-07-01T22:32:26.442+0000] {processor.py:208} INFO - Processing /home/airflow/.local/lib/python3.12/site-packages/airflow/example_dags/example_python_decorator.py took 0.087 seconds
[2025-07-01T22:33:17.520+0000] {processor.py:186} INFO - Started process (PID=80) to work on /home/airflow/.local/lib/python3.12/site-packages/airflow/example_dags/example_python_decorator.py
[2025-07-01T22:33:17.521+0000] {processor.py:914} INFO - Processing file /home/airflow/.local/lib/python3.12/site-packages/airflow/example_dags/example_python_decorator.py for tasks to queue
[2025-07-01T22:33:17.523+0000] {logging_mixin.py:190} INFO - [2025-07-01T22:33:17.523+0000] {dagbag.py:588} INFO - Filling up the DagBag from /home/airflow/.local/lib/python3.12/site-packages/airflow/example_dags/example_python_decorator.py
[2025-07-01T22:33:17.536+0000] {processor.py:925} INFO - DAG(s) 'example_python_decorator' retrieved from /home/airflow/.local/lib/python3.12/site-packages/airflow/example_dags/example_python_decorator.py
[2025-07-01T22:33:17.641+0000] {logging_mixin.py:190} INFO - [2025-07-01T22:33:17.641+0000] {dag.py:3239} INFO - Sync 1 DAGs
[2025-07-01T22:33:17.652+0000] {logging_mixin.py:190} INFO - [2025-07-01T22:33:17.651+0000] {dag.py:4180} INFO - Setting next_dagrun for example_python_decorator to None, run_after=None
[2025-07-01T22:33:17.674+0000] {processor.py:208} INFO - Processing /home/airflow/.local/lib/python3.12/site-packages/airflow/example_dags/example_python_decorator.py took 0.159 seconds
[2025-07-01T22:33:47.810+0000] {processor.py:186} INFO - Started process (PID=144) to work on /home/airflow/.local/lib/python3.12/site-packages/airflow/example_dags/example_python_decorator.py
[2025-07-01T22:33:47.811+0000] {processor.py:914} INFO - Processing file /home/airflow/.local/lib/python3.12/site-packages/airflow/example_dags/example_python_decorator.py for tasks to queue
[2025-07-01T22:33:47.813+0000] {logging_mixin.py:190} INFO - [2025-07-01T22:33:47.813+0000] {dagbag.py:588} INFO - Filling up the DagBag from /home/airflow/.local/lib/python3.12/site-packages/airflow/example_dags/example_python_decorator.py
[2025-07-01T22:33:47.827+0000] {processor.py:925} INFO - DAG(s) 'example_python_decorator' retrieved from /home/airflow/.local/lib/python3.12/site-packages/airflow/example_dags/example_python_decorator.py
[2025-07-01T22:33:47.851+0000] {logging_mixin.py:190} INFO - [2025-07-01T22:33:47.850+0000] {dag.py:3239} INFO - Sync 1 DAGs
[2025-07-01T22:33:47.864+0000] {logging_mixin.py:190} INFO - [2025-07-01T22:33:47.864+0000] {dag.py:4180} INFO - Setting next_dagrun for example_python_decorator to None, run_after=None
[2025-07-01T22:33:47.886+0000] {processor.py:208} INFO - Processing /home/airflow/.local/lib/python3.12/site-packages/airflow/example_dags/example_python_decorator.py took 0.082 seconds
[2025-07-01T22:34:18.139+0000] {processor.py:186} INFO - Started process (PID=216) to work on /home/airflow/.local/lib/python3.12/site-packages/airflow/example_dags/example_python_decorator.py
[2025-07-01T22:34:18.140+0000] {processor.py:914} INFO - Processing file /home/airflow/.local/lib/python3.12/site-packages/airflow/example_dags/example_python_decorator.py for tasks to queue
[2025-07-01T22:34:18.142+0000] {logging_mixin.py:190} INFO - [2025-07-01T22:34:18.142+0000] {dagbag.py:588} INFO - Filling up the DagBag from /home/airflow/.local/lib/python3.12/site-packages/airflow/example_dags/example_python_decorator.py
[2025-07-01T22:34:18.154+0000] {processor.py:925} INFO - DAG(s) 'example_python_decorator' retrieved from /home/airflow/.local/lib/python3.12/site-packages/airflow/example_dags/example_python_decorator.py
[2025-07-01T22:34:18.175+0000] {logging_mixin.py:190} INFO - [2025-07-01T22:34:18.175+0000] {dag.py:3239} INFO - Sync 1 DAGs
[2025-07-01T22:34:18.191+0000] {logging_mixin.py:190} INFO - [2025-07-01T22:34:18.191+0000] {dag.py:4180} INFO - Setting next_dagrun for example_python_decorator to None, run_after=None
[2025-07-01T22:34:18.217+0000] {processor.py:208} INFO - Processing /home/airflow/.local/lib/python3.12/site-packages/airflow/example_dags/example_python_decorator.py took 0.084 seconds
[2025-07-01T22:34:49.237+0000] {processor.py:186} INFO - Started process (PID=280) to work on /home/airflow/.local/lib/python3.12/site-packages/airflow/example_dags/example_python_decorator.py
[2025-07-01T22:34:49.238+0000] {processor.py:914} INFO - Processing file /home/airflow/.local/lib/python3.12/site-packages/airflow/example_dags/example_python_decorator.py for tasks to queue
[2025-07-01T22:34:49.240+0000] {logging_mixin.py:190} INFO - [2025-07-01T22:34:49.240+0000] {dagbag.py:588} INFO - Filling up the DagBag from /home/airflow/.local/lib/python3.12/site-packages/airflow/example_dags/example_python_decorator.py
[2025-07-01T22:34:49.252+0000] {processor.py:925} INFO - DAG(s) 'example_python_decorator' retrieved from /home/airflow/.local/lib/python3.12/site-packages/airflow/example_dags/example_python_decorator.py
[2025-07-01T22:34:49.271+0000] {logging_mixin.py:190} INFO - [2025-07-01T22:34:49.270+0000] {dag.py:3239} INFO - Sync 1 DAGs
[2025-07-01T22:34:49.282+0000] {logging_mixin.py:190} INFO - [2025-07-01T22:34:49.282+0000] {dag.py:4180} INFO - Setting next_dagrun for example_python_decorator to None, run_after=None
[2025-07-01T22:34:49.299+0000] {processor.py:208} INFO - Processing /home/airflow/.local/lib/python3.12/site-packages/airflow/example_dags/example_python_decorator.py took 0.068 seconds
[2025-07-01T22:35:20.221+0000] {processor.py:186} INFO - Started process (PID=344) to work on /home/airflow/.local/lib/python3.12/site-packages/airflow/example_dags/example_python_decorator.py
[2025-07-01T22:35:20.223+0000] {processor.py:914} INFO - Processing file /home/airflow/.local/lib/python3.12/site-packages/airflow/example_dags/example_python_decorator.py for tasks to queue
[2025-07-01T22:35:20.225+0000] {logging_mixin.py:190} INFO - [2025-07-01T22:35:20.225+0000] {dagbag.py:588} INFO - Filling up the DagBag from /home/airflow/.local/lib/python3.12/site-packages/airflow/example_dags/example_python_decorator.py
[2025-07-01T22:35:20.240+0000] {processor.py:925} INFO - DAG(s) 'example_python_decorator' retrieved from /home/airflow/.local/lib/python3.12/site-packages/airflow/example_dags/example_python_decorator.py
[2025-07-01T22:35:20.262+0000] {logging_mixin.py:190} INFO - [2025-07-01T22:35:20.262+0000] {dag.py:3239} INFO - Sync 1 DAGs
[2025-07-01T22:35:20.276+0000] {logging_mixin.py:190} INFO - [2025-07-01T22:35:20.276+0000] {dag.py:4180} INFO - Setting next_dagrun for example_python_decorator to None, run_after=None
[2025-07-01T22:35:20.297+0000] {processor.py:208} INFO - Processing /home/airflow/.local/lib/python3.12/site-packages/airflow/example_dags/example_python_decorator.py took 0.081 seconds
[2025-07-01T22:35:51.062+0000] {processor.py:186} INFO - Started process (PID=416) to work on /home/airflow/.local/lib/python3.12/site-packages/airflow/example_dags/example_python_decorator.py
[2025-07-01T22:35:51.063+0000] {processor.py:914} INFO - Processing file /home/airflow/.local/lib/python3.12/site-packages/airflow/example_dags/example_python_decorator.py for tasks to queue
[2025-07-01T22:35:51.065+0000] {logging_mixin.py:190} INFO - [2025-07-01T22:35:51.064+0000] {dagbag.py:588} INFO - Filling up the DagBag from /home/airflow/.local/lib/python3.12/site-packages/airflow/example_dags/example_python_decorator.py
[2025-07-01T22:35:51.077+0000] {processor.py:925} INFO - DAG(s) 'example_python_decorator' retrieved from /home/airflow/.local/lib/python3.12/site-packages/airflow/example_dags/example_python_decorator.py
[2025-07-01T22:35:51.096+0000] {logging_mixin.py:190} INFO - [2025-07-01T22:35:51.096+0000] {dag.py:3239} INFO - Sync 1 DAGs
[2025-07-01T22:35:51.108+0000] {logging_mixin.py:190} INFO - [2025-07-01T22:35:51.108+0000] {dag.py:4180} INFO - Setting next_dagrun for example_python_decorator to None, run_after=None
[2025-07-01T22:35:51.130+0000] {processor.py:208} INFO - Processing /home/airflow/.local/lib/python3.12/site-packages/airflow/example_dags/example_python_decorator.py took 0.073 seconds
[2025-07-01T22:36:22.043+0000] {processor.py:186} INFO - Started process (PID=480) to work on /home/airflow/.local/lib/python3.12/site-packages/airflow/example_dags/example_python_decorator.py
[2025-07-01T22:36:22.044+0000] {processor.py:914} INFO - Processing file /home/airflow/.local/lib/python3.12/site-packages/airflow/example_dags/example_python_decorator.py for tasks to queue
[2025-07-01T22:36:22.046+0000] {logging_mixin.py:190} INFO - [2025-07-01T22:36:22.046+0000] {dagbag.py:588} INFO - Filling up the DagBag from /home/airflow/.local/lib/python3.12/site-packages/airflow/example_dags/example_python_decorator.py
[2025-07-01T22:36:22.061+0000] {processor.py:925} INFO - DAG(s) 'example_python_decorator' retrieved from /home/airflow/.local/lib/python3.12/site-packages/airflow/example_dags/example_python_decorator.py
[2025-07-01T22:36:22.083+0000] {logging_mixin.py:190} INFO - [2025-07-01T22:36:22.083+0000] {dag.py:3239} INFO - Sync 1 DAGs
[2025-07-01T22:36:22.096+0000] {logging_mixin.py:190} INFO - [2025-07-01T22:36:22.096+0000] {dag.py:4180} INFO - Setting next_dagrun for example_python_decorator to None, run_after=None
[2025-07-01T22:36:22.117+0000] {processor.py:208} INFO - Processing /home/airflow/.local/lib/python3.12/site-packages/airflow/example_dags/example_python_decorator.py took 0.080 seconds
[2025-07-01T22:36:53.030+0000] {processor.py:186} INFO - Started process (PID=544) to work on /home/airflow/.local/lib/python3.12/site-packages/airflow/example_dags/example_python_decorator.py
[2025-07-01T22:36:53.032+0000] {processor.py:914} INFO - Processing file /home/airflow/.local/lib/python3.12/site-packages/airflow/example_dags/example_python_decorator.py for tasks to queue
[2025-07-01T22:36:53.035+0000] {logging_mixin.py:190} INFO - [2025-07-01T22:36:53.034+0000] {dagbag.py:588} INFO - Filling up the DagBag from /home/airflow/.local/lib/python3.12/site-packages/airflow/example_dags/example_python_decorator.py
[2025-07-01T22:36:53.047+0000] {processor.py:925} INFO - DAG(s) 'example_python_decorator' retrieved from /home/airflow/.local/lib/python3.12/site-packages/airflow/example_dags/example_python_decorator.py
[2025-07-01T22:36:53.066+0000] {logging_mixin.py:190} INFO - [2025-07-01T22:36:53.066+0000] {dag.py:3239} INFO - Sync 1 DAGs
[2025-07-01T22:36:53.079+0000] {logging_mixin.py:190} INFO - [2025-07-01T22:36:53.078+0000] {dag.py:4180} INFO - Setting next_dagrun for example_python_decorator to None, run_after=None
[2025-07-01T22:36:53.098+0000] {processor.py:208} INFO - Processing /home/airflow/.local/lib/python3.12/site-packages/airflow/example_dags/example_python_decorator.py took 0.073 seconds
[2025-07-01T22:37:23.830+0000] {processor.py:186} INFO - Started process (PID=608) to work on /home/airflow/.local/lib/python3.12/site-packages/airflow/example_dags/example_python_decorator.py
[2025-07-01T22:37:23.831+0000] {processor.py:914} INFO - Processing file /home/airflow/.local/lib/python3.12/site-packages/airflow/example_dags/example_python_decorator.py for tasks to queue
[2025-07-01T22:37:23.834+0000] {logging_mixin.py:190} INFO - [2025-07-01T22:37:23.833+0000] {dagbag.py:588} INFO - Filling up the DagBag from /home/airflow/.local/lib/python3.12/site-packages/airflow/example_dags/example_python_decorator.py
[2025-07-01T22:37:23.846+0000] {processor.py:925} INFO - DAG(s) 'example_python_decorator' retrieved from /home/airflow/.local/lib/python3.12/site-packages/airflow/example_dags/example_python_decorator.py
[2025-07-01T22:37:23.865+0000] {logging_mixin.py:190} INFO - [2025-07-01T22:37:23.865+0000] {dag.py:3239} INFO - Sync 1 DAGs
[2025-07-01T22:37:23.881+0000] {logging_mixin.py:190} INFO - [2025-07-01T22:37:23.881+0000] {dag.py:4180} INFO - Setting next_dagrun for example_python_decorator to None, run_after=None
[2025-07-01T22:37:23.901+0000] {processor.py:208} INFO - Processing /home/airflow/.local/lib/python3.12/site-packages/airflow/example_dags/example_python_decorator.py took 0.076 seconds
[2025-07-01T22:37:54.809+0000] {processor.py:186} INFO - Started process (PID=672) to work on /home/airflow/.local/lib/python3.12/site-packages/airflow/example_dags/example_python_decorator.py
[2025-07-01T22:37:54.811+0000] {processor.py:914} INFO - Processing file /home/airflow/.local/lib/python3.12/site-packages/airflow/example_dags/example_python_decorator.py for tasks to queue
[2025-07-01T22:37:54.814+0000] {logging_mixin.py:190} INFO - [2025-07-01T22:37:54.813+0000] {dagbag.py:588} INFO - Filling up the DagBag from /home/airflow/.local/lib/python3.12/site-packages/airflow/example_dags/example_python_decorator.py
[2025-07-01T22:37:54.829+0000] {processor.py:925} INFO - DAG(s) 'example_python_decorator' retrieved from /home/airflow/.local/lib/python3.12/site-packages/airflow/example_dags/example_python_decorator.py
[2025-07-01T22:37:54.857+0000] {logging_mixin.py:190} INFO - [2025-07-01T22:37:54.856+0000] {dag.py:3239} INFO - Sync 1 DAGs
[2025-07-01T22:37:54.872+0000] {logging_mixin.py:190} INFO - [2025-07-01T22:37:54.871+0000] {dag.py:4180} INFO - Setting next_dagrun for example_python_decorator to None, run_after=None
[2025-07-01T22:37:54.896+0000] {processor.py:208} INFO - Processing /home/airflow/.local/lib/python3.12/site-packages/airflow/example_dags/example_python_decorator.py took 0.093 seconds
[2025-07-01T22:38:25.140+0000] {processor.py:186} INFO - Started process (PID=736) to work on /home/airflow/.local/lib/python3.12/site-packages/airflow/example_dags/example_python_decorator.py
[2025-07-01T22:38:25.142+0000] {processor.py:914} INFO - Processing file /home/airflow/.local/lib/python3.12/site-packages/airflow/example_dags/example_python_decorator.py for tasks to queue
[2025-07-01T22:38:25.145+0000] {logging_mixin.py:190} INFO - [2025-07-01T22:38:25.144+0000] {dagbag.py:588} INFO - Filling up the DagBag from /home/airflow/.local/lib/python3.12/site-packages/airflow/example_dags/example_python_decorator.py
[2025-07-01T22:38:25.159+0000] {processor.py:925} INFO - DAG(s) 'example_python_decorator' retrieved from /home/airflow/.local/lib/python3.12/site-packages/airflow/example_dags/example_python_decorator.py
[2025-07-01T22:38:25.181+0000] {logging_mixin.py:190} INFO - [2025-07-01T22:38:25.180+0000] {dag.py:3239} INFO - Sync 1 DAGs
[2025-07-01T22:38:25.196+0000] {logging_mixin.py:190} INFO - [2025-07-01T22:38:25.196+0000] {dag.py:4180} INFO - Setting next_dagrun for example_python_decorator to None, run_after=None
[2025-07-01T22:38:25.221+0000] {processor.py:208} INFO - Processing /home/airflow/.local/lib/python3.12/site-packages/airflow/example_dags/example_python_decorator.py took 0.088 seconds
[2025-07-01T22:38:55.385+0000] {processor.py:186} INFO - Started process (PID=800) to work on /home/airflow/.local/lib/python3.12/site-packages/airflow/example_dags/example_python_decorator.py
[2025-07-01T22:38:55.386+0000] {processor.py:914} INFO - Processing file /home/airflow/.local/lib/python3.12/site-packages/airflow/example_dags/example_python_decorator.py for tasks to queue
[2025-07-01T22:38:55.388+0000] {logging_mixin.py:190} INFO - [2025-07-01T22:38:55.388+0000] {dagbag.py:588} INFO - Filling up the DagBag from /home/airflow/.local/lib/python3.12/site-packages/airflow/example_dags/example_python_decorator.py
[2025-07-01T22:38:55.401+0000] {processor.py:925} INFO - DAG(s) 'example_python_decorator' retrieved from /home/airflow/.local/lib/python3.12/site-packages/airflow/example_dags/example_python_decorator.py
[2025-07-01T22:38:55.420+0000] {logging_mixin.py:190} INFO - [2025-07-01T22:38:55.419+0000] {dag.py:3239} INFO - Sync 1 DAGs
[2025-07-01T22:38:55.432+0000] {logging_mixin.py:190} INFO - [2025-07-01T22:38:55.432+0000] {dag.py:4180} INFO - Setting next_dagrun for example_python_decorator to None, run_after=None
[2025-07-01T22:38:55.450+0000] {processor.py:208} INFO - Processing /home/airflow/.local/lib/python3.12/site-packages/airflow/example_dags/example_python_decorator.py took 0.071 seconds
[2025-07-01T22:39:25.794+0000] {processor.py:186} INFO - Started process (PID=864) to work on /home/airflow/.local/lib/python3.12/site-packages/airflow/example_dags/example_python_decorator.py
[2025-07-01T22:39:25.796+0000] {processor.py:914} INFO - Processing file /home/airflow/.local/lib/python3.12/site-packages/airflow/example_dags/example_python_decorator.py for tasks to queue
[2025-07-01T22:39:25.799+0000] {logging_mixin.py:190} INFO - [2025-07-01T22:39:25.799+0000] {dagbag.py:588} INFO - Filling up the DagBag from /home/airflow/.local/lib/python3.12/site-packages/airflow/example_dags/example_python_decorator.py
[2025-07-01T22:39:25.813+0000] {processor.py:925} INFO - DAG(s) 'example_python_decorator' retrieved from /home/airflow/.local/lib/python3.12/site-packages/airflow/example_dags/example_python_decorator.py
[2025-07-01T22:39:25.834+0000] {logging_mixin.py:190} INFO - [2025-07-01T22:39:25.834+0000] {dag.py:3239} INFO - Sync 1 DAGs
[2025-07-01T22:39:25.846+0000] {logging_mixin.py:190} INFO - [2025-07-01T22:39:25.846+0000] {dag.py:4180} INFO - Setting next_dagrun for example_python_decorator to None, run_after=None
[2025-07-01T22:39:25.865+0000] {processor.py:208} INFO - Processing /home/airflow/.local/lib/python3.12/site-packages/airflow/example_dags/example_python_decorator.py took 0.079 seconds
[2025-07-01T22:39:56.695+0000] {processor.py:186} INFO - Started process (PID=928) to work on /home/airflow/.local/lib/python3.12/site-packages/airflow/example_dags/example_python_decorator.py
[2025-07-01T22:39:56.697+0000] {processor.py:914} INFO - Processing file /home/airflow/.local/lib/python3.12/site-packages/airflow/example_dags/example_python_decorator.py for tasks to queue
[2025-07-01T22:39:56.699+0000] {logging_mixin.py:190} INFO - [2025-07-01T22:39:56.699+0000] {dagbag.py:588} INFO - Filling up the DagBag from /home/airflow/.local/lib/python3.12/site-packages/airflow/example_dags/example_python_decorator.py
[2025-07-01T22:39:56.712+0000] {processor.py:925} INFO - DAG(s) 'example_python_decorator' retrieved from /home/airflow/.local/lib/python3.12/site-packages/airflow/example_dags/example_python_decorator.py
[2025-07-01T22:39:56.730+0000] {logging_mixin.py:190} INFO - [2025-07-01T22:39:56.729+0000] {dag.py:3239} INFO - Sync 1 DAGs
[2025-07-01T22:39:56.745+0000] {logging_mixin.py:190} INFO - [2025-07-01T22:39:56.744+0000] {dag.py:4180} INFO - Setting next_dagrun for example_python_decorator to None, run_after=None
[2025-07-01T22:39:56.782+0000] {processor.py:208} INFO - Processing /home/airflow/.local/lib/python3.12/site-packages/airflow/example_dags/example_python_decorator.py took 0.092 seconds
[2025-07-01T22:40:27.071+0000] {processor.py:186} INFO - Started process (PID=992) to work on /home/airflow/.local/lib/python3.12/site-packages/airflow/example_dags/example_python_decorator.py
[2025-07-01T22:40:27.072+0000] {processor.py:914} INFO - Processing file /home/airflow/.local/lib/python3.12/site-packages/airflow/example_dags/example_python_decorator.py for tasks to queue
[2025-07-01T22:40:27.074+0000] {logging_mixin.py:190} INFO - [2025-07-01T22:40:27.073+0000] {dagbag.py:588} INFO - Filling up the DagBag from /home/airflow/.local/lib/python3.12/site-packages/airflow/example_dags/example_python_decorator.py
[2025-07-01T22:40:27.086+0000] {processor.py:925} INFO - DAG(s) 'example_python_decorator' retrieved from /home/airflow/.local/lib/python3.12/site-packages/airflow/example_dags/example_python_decorator.py
[2025-07-01T22:40:27.104+0000] {logging_mixin.py:190} INFO - [2025-07-01T22:40:27.104+0000] {dag.py:3239} INFO - Sync 1 DAGs
[2025-07-01T22:40:27.116+0000] {logging_mixin.py:190} INFO - [2025-07-01T22:40:27.115+0000] {dag.py:4180} INFO - Setting next_dagrun for example_python_decorator to None, run_after=None
[2025-07-01T22:40:27.135+0000] {processor.py:208} INFO - Processing /home/airflow/.local/lib/python3.12/site-packages/airflow/example_dags/example_python_decorator.py took 0.069 seconds
[2025-07-01T22:40:57.492+0000] {processor.py:186} INFO - Started process (PID=1056) to work on /home/airflow/.local/lib/python3.12/site-packages/airflow/example_dags/example_python_decorator.py
[2025-07-01T22:40:57.493+0000] {processor.py:914} INFO - Processing file /home/airflow/.local/lib/python3.12/site-packages/airflow/example_dags/example_python_decorator.py for tasks to queue
[2025-07-01T22:40:57.495+0000] {logging_mixin.py:190} INFO - [2025-07-01T22:40:57.495+0000] {dagbag.py:588} INFO - Filling up the DagBag from /home/airflow/.local/lib/python3.12/site-packages/airflow/example_dags/example_python_decorator.py
[2025-07-01T22:40:57.508+0000] {processor.py:925} INFO - DAG(s) 'example_python_decorator' retrieved from /home/airflow/.local/lib/python3.12/site-packages/airflow/example_dags/example_python_decorator.py
[2025-07-01T22:40:57.528+0000] {logging_mixin.py:190} INFO - [2025-07-01T22:40:57.527+0000] {dag.py:3239} INFO - Sync 1 DAGs
[2025-07-01T22:40:57.542+0000] {logging_mixin.py:190} INFO - [2025-07-01T22:40:57.542+0000] {dag.py:4180} INFO - Setting next_dagrun for example_python_decorator to None, run_after=None
[2025-07-01T22:40:57.562+0000] {processor.py:208} INFO - Processing /home/airflow/.local/lib/python3.12/site-packages/airflow/example_dags/example_python_decorator.py took 0.075 seconds
[2025-07-01T22:41:28.113+0000] {processor.py:186} INFO - Started process (PID=1120) to work on /home/airflow/.local/lib/python3.12/site-packages/airflow/example_dags/example_python_decorator.py
[2025-07-01T22:41:28.114+0000] {processor.py:914} INFO - Processing file /home/airflow/.local/lib/python3.12/site-packages/airflow/example_dags/example_python_decorator.py for tasks to queue
[2025-07-01T22:41:28.116+0000] {logging_mixin.py:190} INFO - [2025-07-01T22:41:28.116+0000] {dagbag.py:588} INFO - Filling up the DagBag from /home/airflow/.local/lib/python3.12/site-packages/airflow/example_dags/example_python_decorator.py
[2025-07-01T22:41:28.128+0000] {processor.py:925} INFO - DAG(s) 'example_python_decorator' retrieved from /home/airflow/.local/lib/python3.12/site-packages/airflow/example_dags/example_python_decorator.py
[2025-07-01T22:41:28.145+0000] {logging_mixin.py:190} INFO - [2025-07-01T22:41:28.145+0000] {dag.py:3239} INFO - Sync 1 DAGs
[2025-07-01T22:41:28.157+0000] {logging_mixin.py:190} INFO - [2025-07-01T22:41:28.156+0000] {dag.py:4180} INFO - Setting next_dagrun for example_python_decorator to None, run_after=None
[2025-07-01T22:41:28.174+0000] {processor.py:208} INFO - Processing /home/airflow/.local/lib/python3.12/site-packages/airflow/example_dags/example_python_decorator.py took 0.066 seconds
[2025-07-01T22:41:58.889+0000] {processor.py:186} INFO - Started process (PID=1184) to work on /home/airflow/.local/lib/python3.12/site-packages/airflow/example_dags/example_python_decorator.py
[2025-07-01T22:41:58.890+0000] {processor.py:914} INFO - Processing file /home/airflow/.local/lib/python3.12/site-packages/airflow/example_dags/example_python_decorator.py for tasks to queue
[2025-07-01T22:41:58.894+0000] {logging_mixin.py:190} INFO - [2025-07-01T22:41:58.893+0000] {dagbag.py:588} INFO - Filling up the DagBag from /home/airflow/.local/lib/python3.12/site-packages/airflow/example_dags/example_python_decorator.py
[2025-07-01T22:41:58.910+0000] {processor.py:925} INFO - DAG(s) 'example_python_decorator' retrieved from /home/airflow/.local/lib/python3.12/site-packages/airflow/example_dags/example_python_decorator.py
[2025-07-01T22:41:58.930+0000] {logging_mixin.py:190} INFO - [2025-07-01T22:41:58.930+0000] {dag.py:3239} INFO - Sync 1 DAGs
[2025-07-01T22:41:58.945+0000] {logging_mixin.py:190} INFO - [2025-07-01T22:41:58.945+0000] {dag.py:4180} INFO - Setting next_dagrun for example_python_decorator to None, run_after=None
[2025-07-01T22:41:58.967+0000] {processor.py:208} INFO - Processing /home/airflow/.local/lib/python3.12/site-packages/airflow/example_dags/example_python_decorator.py took 0.085 seconds
[2025-07-01T22:42:29.756+0000] {processor.py:186} INFO - Started process (PID=1248) to work on /home/airflow/.local/lib/python3.12/site-packages/airflow/example_dags/example_python_decorator.py
[2025-07-01T22:42:29.757+0000] {processor.py:914} INFO - Processing file /home/airflow/.local/lib/python3.12/site-packages/airflow/example_dags/example_python_decorator.py for tasks to queue
[2025-07-01T22:42:29.759+0000] {logging_mixin.py:190} INFO - [2025-07-01T22:42:29.759+0000] {dagbag.py:588} INFO - Filling up the DagBag from /home/airflow/.local/lib/python3.12/site-packages/airflow/example_dags/example_python_decorator.py
[2025-07-01T22:42:29.774+0000] {processor.py:925} INFO - DAG(s) 'example_python_decorator' retrieved from /home/airflow/.local/lib/python3.12/site-packages/airflow/example_dags/example_python_decorator.py
[2025-07-01T22:42:29.794+0000] {logging_mixin.py:190} INFO - [2025-07-01T22:42:29.794+0000] {dag.py:3239} INFO - Sync 1 DAGs
[2025-07-01T22:42:29.808+0000] {logging_mixin.py:190} INFO - [2025-07-01T22:42:29.808+0000] {dag.py:4180} INFO - Setting next_dagrun for example_python_decorator to None, run_after=None
[2025-07-01T22:42:29.830+0000] {processor.py:208} INFO - Processing /home/airflow/.local/lib/python3.12/site-packages/airflow/example_dags/example_python_decorator.py took 0.079 seconds
[2025-07-01T22:43:00.765+0000] {processor.py:186} INFO - Started process (PID=1312) to work on /home/airflow/.local/lib/python3.12/site-packages/airflow/example_dags/example_python_decorator.py
[2025-07-01T22:43:00.766+0000] {processor.py:914} INFO - Processing file /home/airflow/.local/lib/python3.12/site-packages/airflow/example_dags/example_python_decorator.py for tasks to queue
[2025-07-01T22:43:00.768+0000] {logging_mixin.py:190} INFO - [2025-07-01T22:43:00.768+0000] {dagbag.py:588} INFO - Filling up the DagBag from /home/airflow/.local/lib/python3.12/site-packages/airflow/example_dags/example_python_decorator.py
[2025-07-01T22:43:00.783+0000] {processor.py:925} INFO - DAG(s) 'example_python_decorator' retrieved from /home/airflow/.local/lib/python3.12/site-packages/airflow/example_dags/example_python_decorator.py
[2025-07-01T22:43:00.802+0000] {logging_mixin.py:190} INFO - [2025-07-01T22:43:00.802+0000] {dag.py:3239} INFO - Sync 1 DAGs
[2025-07-01T22:43:00.816+0000] {logging_mixin.py:190} INFO - [2025-07-01T22:43:00.816+0000] {dag.py:4180} INFO - Setting next_dagrun for example_python_decorator to None, run_after=None
[2025-07-01T22:43:00.844+0000] {processor.py:208} INFO - Processing /home/airflow/.local/lib/python3.12/site-packages/airflow/example_dags/example_python_decorator.py took 0.085 seconds
[2025-07-01T22:43:31.519+0000] {processor.py:186} INFO - Started process (PID=1376) to work on /home/airflow/.local/lib/python3.12/site-packages/airflow/example_dags/example_python_decorator.py
[2025-07-01T22:43:31.520+0000] {processor.py:914} INFO - Processing file /home/airflow/.local/lib/python3.12/site-packages/airflow/example_dags/example_python_decorator.py for tasks to queue
[2025-07-01T22:43:31.522+0000] {logging_mixin.py:190} INFO - [2025-07-01T22:43:31.522+0000] {dagbag.py:588} INFO - Filling up the DagBag from /home/airflow/.local/lib/python3.12/site-packages/airflow/example_dags/example_python_decorator.py
[2025-07-01T22:43:31.534+0000] {processor.py:925} INFO - DAG(s) 'example_python_decorator' retrieved from /home/airflow/.local/lib/python3.12/site-packages/airflow/example_dags/example_python_decorator.py
[2025-07-01T22:43:31.552+0000] {logging_mixin.py:190} INFO - [2025-07-01T22:43:31.552+0000] {dag.py:3239} INFO - Sync 1 DAGs
[2025-07-01T22:43:31.563+0000] {logging_mixin.py:190} INFO - [2025-07-01T22:43:31.563+0000] {dag.py:4180} INFO - Setting next_dagrun for example_python_decorator to None, run_after=None
[2025-07-01T22:43:31.582+0000] {processor.py:208} INFO - Processing /home/airflow/.local/lib/python3.12/site-packages/airflow/example_dags/example_python_decorator.py took 0.069 seconds
[2025-07-01T22:44:02.205+0000] {processor.py:186} INFO - Started process (PID=1440) to work on /home/airflow/.local/lib/python3.12/site-packages/airflow/example_dags/example_python_decorator.py
[2025-07-01T22:44:02.206+0000] {processor.py:914} INFO - Processing file /home/airflow/.local/lib/python3.12/site-packages/airflow/example_dags/example_python_decorator.py for tasks to queue
[2025-07-01T22:44:02.209+0000] {logging_mixin.py:190} INFO - [2025-07-01T22:44:02.208+0000] {dagbag.py:588} INFO - Filling up the DagBag from /home/airflow/.local/lib/python3.12/site-packages/airflow/example_dags/example_python_decorator.py
[2025-07-01T22:44:02.222+0000] {processor.py:925} INFO - DAG(s) 'example_python_decorator' retrieved from /home/airflow/.local/lib/python3.12/site-packages/airflow/example_dags/example_python_decorator.py
[2025-07-01T22:44:02.241+0000] {logging_mixin.py:190} INFO - [2025-07-01T22:44:02.241+0000] {dag.py:3239} INFO - Sync 1 DAGs
[2025-07-01T22:44:02.253+0000] {logging_mixin.py:190} INFO - [2025-07-01T22:44:02.252+0000] {dag.py:4180} INFO - Setting next_dagrun for example_python_decorator to None, run_after=None
[2025-07-01T22:44:02.272+0000] {processor.py:208} INFO - Processing /home/airflow/.local/lib/python3.12/site-packages/airflow/example_dags/example_python_decorator.py took 0.074 seconds
[2025-07-01T22:44:32.967+0000] {processor.py:186} INFO - Started process (PID=1504) to work on /home/airflow/.local/lib/python3.12/site-packages/airflow/example_dags/example_python_decorator.py
[2025-07-01T22:44:32.968+0000] {processor.py:914} INFO - Processing file /home/airflow/.local/lib/python3.12/site-packages/airflow/example_dags/example_python_decorator.py for tasks to queue
[2025-07-01T22:44:32.970+0000] {logging_mixin.py:190} INFO - [2025-07-01T22:44:32.970+0000] {dagbag.py:588} INFO - Filling up the DagBag from /home/airflow/.local/lib/python3.12/site-packages/airflow/example_dags/example_python_decorator.py
[2025-07-01T22:44:32.982+0000] {processor.py:925} INFO - DAG(s) 'example_python_decorator' retrieved from /home/airflow/.local/lib/python3.12/site-packages/airflow/example_dags/example_python_decorator.py
[2025-07-01T22:44:33.001+0000] {logging_mixin.py:190} INFO - [2025-07-01T22:44:33.000+0000] {dag.py:3239} INFO - Sync 1 DAGs
[2025-07-01T22:44:33.012+0000] {logging_mixin.py:190} INFO - [2025-07-01T22:44:33.012+0000] {dag.py:4180} INFO - Setting next_dagrun for example_python_decorator to None, run_after=None
[2025-07-01T22:44:33.033+0000] {processor.py:208} INFO - Processing /home/airflow/.local/lib/python3.12/site-packages/airflow/example_dags/example_python_decorator.py took 0.071 seconds
[2025-07-01T22:45:03.627+0000] {processor.py:186} INFO - Started process (PID=1568) to work on /home/airflow/.local/lib/python3.12/site-packages/airflow/example_dags/example_python_decorator.py
[2025-07-01T22:45:03.628+0000] {processor.py:914} INFO - Processing file /home/airflow/.local/lib/python3.12/site-packages/airflow/example_dags/example_python_decorator.py for tasks to queue
[2025-07-01T22:45:03.630+0000] {logging_mixin.py:190} INFO - [2025-07-01T22:45:03.630+0000] {dagbag.py:588} INFO - Filling up the DagBag from /home/airflow/.local/lib/python3.12/site-packages/airflow/example_dags/example_python_decorator.py
[2025-07-01T22:45:03.643+0000] {processor.py:925} INFO - DAG(s) 'example_python_decorator' retrieved from /home/airflow/.local/lib/python3.12/site-packages/airflow/example_dags/example_python_decorator.py
[2025-07-01T22:45:03.663+0000] {logging_mixin.py:190} INFO - [2025-07-01T22:45:03.662+0000] {dag.py:3239} INFO - Sync 1 DAGs
[2025-07-01T22:45:03.675+0000] {logging_mixin.py:190} INFO - [2025-07-01T22:45:03.674+0000] {dag.py:4180} INFO - Setting next_dagrun for example_python_decorator to None, run_after=None
[2025-07-01T22:45:03.694+0000] {processor.py:208} INFO - Processing /home/airflow/.local/lib/python3.12/site-packages/airflow/example_dags/example_python_decorator.py took 0.072 seconds
[2025-07-01T22:45:34.445+0000] {processor.py:186} INFO - Started process (PID=1632) to work on /home/airflow/.local/lib/python3.12/site-packages/airflow/example_dags/example_python_decorator.py
[2025-07-01T22:45:34.445+0000] {processor.py:914} INFO - Processing file /home/airflow/.local/lib/python3.12/site-packages/airflow/example_dags/example_python_decorator.py for tasks to queue
[2025-07-01T22:45:34.447+0000] {logging_mixin.py:190} INFO - [2025-07-01T22:45:34.447+0000] {dagbag.py:588} INFO - Filling up the DagBag from /home/airflow/.local/lib/python3.12/site-packages/airflow/example_dags/example_python_decorator.py
[2025-07-01T22:45:34.459+0000] {processor.py:925} INFO - DAG(s) 'example_python_decorator' retrieved from /home/airflow/.local/lib/python3.12/site-packages/airflow/example_dags/example_python_decorator.py
[2025-07-01T22:45:34.478+0000] {logging_mixin.py:190} INFO - [2025-07-01T22:45:34.478+0000] {dag.py:3239} INFO - Sync 1 DAGs
[2025-07-01T22:45:34.490+0000] {logging_mixin.py:190} INFO - [2025-07-01T22:45:34.489+0000] {dag.py:4180} INFO - Setting next_dagrun for example_python_decorator to None, run_after=None
[2025-07-01T22:45:34.510+0000] {processor.py:208} INFO - Processing /home/airflow/.local/lib/python3.12/site-packages/airflow/example_dags/example_python_decorator.py took 0.070 seconds
[2025-07-01T22:46:05.221+0000] {processor.py:186} INFO - Started process (PID=1696) to work on /home/airflow/.local/lib/python3.12/site-packages/airflow/example_dags/example_python_decorator.py
[2025-07-01T22:46:05.222+0000] {processor.py:914} INFO - Processing file /home/airflow/.local/lib/python3.12/site-packages/airflow/example_dags/example_python_decorator.py for tasks to queue
[2025-07-01T22:46:05.225+0000] {logging_mixin.py:190} INFO - [2025-07-01T22:46:05.224+0000] {dagbag.py:588} INFO - Filling up the DagBag from /home/airflow/.local/lib/python3.12/site-packages/airflow/example_dags/example_python_decorator.py
[2025-07-01T22:46:05.237+0000] {processor.py:925} INFO - DAG(s) 'example_python_decorator' retrieved from /home/airflow/.local/lib/python3.12/site-packages/airflow/example_dags/example_python_decorator.py
[2025-07-01T22:46:05.255+0000] {logging_mixin.py:190} INFO - [2025-07-01T22:46:05.255+0000] {dag.py:3239} INFO - Sync 1 DAGs
[2025-07-01T22:46:05.267+0000] {logging_mixin.py:190} INFO - [2025-07-01T22:46:05.266+0000] {dag.py:4180} INFO - Setting next_dagrun for example_python_decorator to None, run_after=None
[2025-07-01T22:46:05.286+0000] {processor.py:208} INFO - Processing /home/airflow/.local/lib/python3.12/site-packages/airflow/example_dags/example_python_decorator.py took 0.070 seconds
[2025-07-01T22:46:36.124+0000] {processor.py:186} INFO - Started process (PID=1760) to work on /home/airflow/.local/lib/python3.12/site-packages/airflow/example_dags/example_python_decorator.py
[2025-07-01T22:46:36.125+0000] {processor.py:914} INFO - Processing file /home/airflow/.local/lib/python3.12/site-packages/airflow/example_dags/example_python_decorator.py for tasks to queue
[2025-07-01T22:46:36.127+0000] {logging_mixin.py:190} INFO - [2025-07-01T22:46:36.127+0000] {dagbag.py:588} INFO - Filling up the DagBag from /home/airflow/.local/lib/python3.12/site-packages/airflow/example_dags/example_python_decorator.py
[2025-07-01T22:46:36.139+0000] {processor.py:925} INFO - DAG(s) 'example_python_decorator' retrieved from /home/airflow/.local/lib/python3.12/site-packages/airflow/example_dags/example_python_decorator.py
[2025-07-01T22:46:36.157+0000] {logging_mixin.py:190} INFO - [2025-07-01T22:46:36.157+0000] {dag.py:3239} INFO - Sync 1 DAGs
[2025-07-01T22:46:36.168+0000] {logging_mixin.py:190} INFO - [2025-07-01T22:46:36.168+0000] {dag.py:4180} INFO - Setting next_dagrun for example_python_decorator to None, run_after=None
[2025-07-01T22:46:36.187+0000] {processor.py:208} INFO - Processing /home/airflow/.local/lib/python3.12/site-packages/airflow/example_dags/example_python_decorator.py took 0.069 seconds
[2025-07-01T22:47:06.995+0000] {processor.py:186} INFO - Started process (PID=1824) to work on /home/airflow/.local/lib/python3.12/site-packages/airflow/example_dags/example_python_decorator.py
[2025-07-01T22:47:06.996+0000] {processor.py:914} INFO - Processing file /home/airflow/.local/lib/python3.12/site-packages/airflow/example_dags/example_python_decorator.py for tasks to queue
[2025-07-01T22:47:06.998+0000] {logging_mixin.py:190} INFO - [2025-07-01T22:47:06.998+0000] {dagbag.py:588} INFO - Filling up the DagBag from /home/airflow/.local/lib/python3.12/site-packages/airflow/example_dags/example_python_decorator.py
[2025-07-01T22:47:07.010+0000] {processor.py:925} INFO - DAG(s) 'example_python_decorator' retrieved from /home/airflow/.local/lib/python3.12/site-packages/airflow/example_dags/example_python_decorator.py
[2025-07-01T22:47:07.029+0000] {logging_mixin.py:190} INFO - [2025-07-01T22:47:07.029+0000] {dag.py:3239} INFO - Sync 1 DAGs
[2025-07-01T22:47:07.041+0000] {logging_mixin.py:190} INFO - [2025-07-01T22:47:07.041+0000] {dag.py:4180} INFO - Setting next_dagrun for example_python_decorator to None, run_after=None
[2025-07-01T22:47:07.061+0000] {processor.py:208} INFO - Processing /home/airflow/.local/lib/python3.12/site-packages/airflow/example_dags/example_python_decorator.py took 0.071 seconds
[2025-07-01T22:47:37.811+0000] {processor.py:186} INFO - Started process (PID=1888) to work on /home/airflow/.local/lib/python3.12/site-packages/airflow/example_dags/example_python_decorator.py
[2025-07-01T22:47:37.812+0000] {processor.py:914} INFO - Processing file /home/airflow/.local/lib/python3.12/site-packages/airflow/example_dags/example_python_decorator.py for tasks to queue
[2025-07-01T22:47:37.814+0000] {logging_mixin.py:190} INFO - [2025-07-01T22:47:37.814+0000] {dagbag.py:588} INFO - Filling up the DagBag from /home/airflow/.local/lib/python3.12/site-packages/airflow/example_dags/example_python_decorator.py
[2025-07-01T22:47:37.826+0000] {processor.py:925} INFO - DAG(s) 'example_python_decorator' retrieved from /home/airflow/.local/lib/python3.12/site-packages/airflow/example_dags/example_python_decorator.py
[2025-07-01T22:47:37.845+0000] {logging_mixin.py:190} INFO - [2025-07-01T22:47:37.845+0000] {dag.py:3239} INFO - Sync 1 DAGs
[2025-07-01T22:47:37.857+0000] {logging_mixin.py:190} INFO - [2025-07-01T22:47:37.857+0000] {dag.py:4180} INFO - Setting next_dagrun for example_python_decorator to None, run_after=None
[2025-07-01T22:47:37.874+0000] {processor.py:208} INFO - Processing /home/airflow/.local/lib/python3.12/site-packages/airflow/example_dags/example_python_decorator.py took 0.069 seconds
[2025-07-01T22:48:08.592+0000] {processor.py:186} INFO - Started process (PID=1952) to work on /home/airflow/.local/lib/python3.12/site-packages/airflow/example_dags/example_python_decorator.py
[2025-07-01T22:48:08.594+0000] {processor.py:914} INFO - Processing file /home/airflow/.local/lib/python3.12/site-packages/airflow/example_dags/example_python_decorator.py for tasks to queue
[2025-07-01T22:48:08.596+0000] {logging_mixin.py:190} INFO - [2025-07-01T22:48:08.596+0000] {dagbag.py:588} INFO - Filling up the DagBag from /home/airflow/.local/lib/python3.12/site-packages/airflow/example_dags/example_python_decorator.py
[2025-07-01T22:48:08.609+0000] {processor.py:925} INFO - DAG(s) 'example_python_decorator' retrieved from /home/airflow/.local/lib/python3.12/site-packages/airflow/example_dags/example_python_decorator.py
[2025-07-01T22:48:08.629+0000] {logging_mixin.py:190} INFO - [2025-07-01T22:48:08.628+0000] {dag.py:3239} INFO - Sync 1 DAGs
[2025-07-01T22:48:08.641+0000] {logging_mixin.py:190} INFO - [2025-07-01T22:48:08.641+0000] {dag.py:4180} INFO - Setting next_dagrun for example_python_decorator to None, run_after=None
[2025-07-01T22:48:08.660+0000] {processor.py:208} INFO - Processing /home/airflow/.local/lib/python3.12/site-packages/airflow/example_dags/example_python_decorator.py took 0.073 seconds
[2025-07-01T22:48:38.848+0000] {processor.py:186} INFO - Started process (PID=2020) to work on /home/airflow/.local/lib/python3.12/site-packages/airflow/example_dags/example_python_decorator.py
[2025-07-01T22:48:38.849+0000] {processor.py:914} INFO - Processing file /home/airflow/.local/lib/python3.12/site-packages/airflow/example_dags/example_python_decorator.py for tasks to queue
[2025-07-01T22:48:38.851+0000] {logging_mixin.py:190} INFO - [2025-07-01T22:48:38.851+0000] {dagbag.py:588} INFO - Filling up the DagBag from /home/airflow/.local/lib/python3.12/site-packages/airflow/example_dags/example_python_decorator.py
[2025-07-01T22:48:38.863+0000] {processor.py:925} INFO - DAG(s) 'example_python_decorator' retrieved from /home/airflow/.local/lib/python3.12/site-packages/airflow/example_dags/example_python_decorator.py
[2025-07-01T22:48:38.883+0000] {logging_mixin.py:190} INFO - [2025-07-01T22:48:38.883+0000] {dag.py:3239} INFO - Sync 1 DAGs
[2025-07-01T22:48:38.895+0000] {logging_mixin.py:190} INFO - [2025-07-01T22:48:38.895+0000] {dag.py:4180} INFO - Setting next_dagrun for example_python_decorator to None, run_after=None
[2025-07-01T22:48:38.915+0000] {processor.py:208} INFO - Processing /home/airflow/.local/lib/python3.12/site-packages/airflow/example_dags/example_python_decorator.py took 0.072 seconds
[2025-07-01T22:49:09.703+0000] {processor.py:186} INFO - Started process (PID=2085) to work on /home/airflow/.local/lib/python3.12/site-packages/airflow/example_dags/example_python_decorator.py
[2025-07-01T22:49:09.704+0000] {processor.py:914} INFO - Processing file /home/airflow/.local/lib/python3.12/site-packages/airflow/example_dags/example_python_decorator.py for tasks to queue
[2025-07-01T22:49:09.706+0000] {logging_mixin.py:190} INFO - [2025-07-01T22:49:09.706+0000] {dagbag.py:588} INFO - Filling up the DagBag from /home/airflow/.local/lib/python3.12/site-packages/airflow/example_dags/example_python_decorator.py
[2025-07-01T22:49:09.720+0000] {processor.py:925} INFO - DAG(s) 'example_python_decorator' retrieved from /home/airflow/.local/lib/python3.12/site-packages/airflow/example_dags/example_python_decorator.py
[2025-07-01T22:49:09.742+0000] {logging_mixin.py:190} INFO - [2025-07-01T22:49:09.742+0000] {dag.py:3239} INFO - Sync 1 DAGs
[2025-07-01T22:49:09.755+0000] {logging_mixin.py:190} INFO - [2025-07-01T22:49:09.755+0000] {dag.py:4180} INFO - Setting next_dagrun for example_python_decorator to None, run_after=None
[2025-07-01T22:49:09.777+0000] {processor.py:208} INFO - Processing /home/airflow/.local/lib/python3.12/site-packages/airflow/example_dags/example_python_decorator.py took 0.080 seconds
[2025-07-01T22:49:40.917+0000] {processor.py:186} INFO - Started process (PID=2149) to work on /home/airflow/.local/lib/python3.12/site-packages/airflow/example_dags/example_python_decorator.py
[2025-07-01T22:49:40.918+0000] {processor.py:914} INFO - Processing file /home/airflow/.local/lib/python3.12/site-packages/airflow/example_dags/example_python_decorator.py for tasks to queue
[2025-07-01T22:49:40.921+0000] {logging_mixin.py:190} INFO - [2025-07-01T22:49:40.921+0000] {dagbag.py:588} INFO - Filling up the DagBag from /home/airflow/.local/lib/python3.12/site-packages/airflow/example_dags/example_python_decorator.py
[2025-07-01T22:49:40.935+0000] {processor.py:925} INFO - DAG(s) 'example_python_decorator' retrieved from /home/airflow/.local/lib/python3.12/site-packages/airflow/example_dags/example_python_decorator.py
[2025-07-01T22:49:40.955+0000] {logging_mixin.py:190} INFO - [2025-07-01T22:49:40.955+0000] {dag.py:3239} INFO - Sync 1 DAGs
[2025-07-01T22:49:40.967+0000] {logging_mixin.py:190} INFO - [2025-07-01T22:49:40.966+0000] {dag.py:4180} INFO - Setting next_dagrun for example_python_decorator to None, run_after=None
[2025-07-01T22:49:40.986+0000] {processor.py:208} INFO - Processing /home/airflow/.local/lib/python3.12/site-packages/airflow/example_dags/example_python_decorator.py took 0.075 seconds
[2025-07-01T22:50:11.563+0000] {processor.py:186} INFO - Started process (PID=2213) to work on /home/airflow/.local/lib/python3.12/site-packages/airflow/example_dags/example_python_decorator.py
[2025-07-01T22:50:11.564+0000] {processor.py:914} INFO - Processing file /home/airflow/.local/lib/python3.12/site-packages/airflow/example_dags/example_python_decorator.py for tasks to queue
[2025-07-01T22:50:11.567+0000] {logging_mixin.py:190} INFO - [2025-07-01T22:50:11.566+0000] {dagbag.py:588} INFO - Filling up the DagBag from /home/airflow/.local/lib/python3.12/site-packages/airflow/example_dags/example_python_decorator.py
[2025-07-01T22:50:11.580+0000] {processor.py:925} INFO - DAG(s) 'example_python_decorator' retrieved from /home/airflow/.local/lib/python3.12/site-packages/airflow/example_dags/example_python_decorator.py
[2025-07-01T22:50:11.599+0000] {logging_mixin.py:190} INFO - [2025-07-01T22:50:11.599+0000] {dag.py:3239} INFO - Sync 1 DAGs
[2025-07-01T22:50:11.611+0000] {logging_mixin.py:190} INFO - [2025-07-01T22:50:11.610+0000] {dag.py:4180} INFO - Setting next_dagrun for example_python_decorator to None, run_after=None
[2025-07-01T22:50:11.628+0000] {processor.py:208} INFO - Processing /home/airflow/.local/lib/python3.12/site-packages/airflow/example_dags/example_python_decorator.py took 0.070 seconds
[2025-07-01T22:50:42.975+0000] {processor.py:186} INFO - Started process (PID=2277) to work on /home/airflow/.local/lib/python3.12/site-packages/airflow/example_dags/example_python_decorator.py
[2025-07-01T22:50:42.976+0000] {processor.py:914} INFO - Processing file /home/airflow/.local/lib/python3.12/site-packages/airflow/example_dags/example_python_decorator.py for tasks to queue
[2025-07-01T22:50:42.979+0000] {logging_mixin.py:190} INFO - [2025-07-01T22:50:42.978+0000] {dagbag.py:588} INFO - Filling up the DagBag from /home/airflow/.local/lib/python3.12/site-packages/airflow/example_dags/example_python_decorator.py
[2025-07-01T22:50:42.994+0000] {processor.py:925} INFO - DAG(s) 'example_python_decorator' retrieved from /home/airflow/.local/lib/python3.12/site-packages/airflow/example_dags/example_python_decorator.py
[2025-07-01T22:50:43.013+0000] {logging_mixin.py:190} INFO - [2025-07-01T22:50:43.013+0000] {dag.py:3239} INFO - Sync 1 DAGs
[2025-07-01T22:50:43.027+0000] {logging_mixin.py:190} INFO - [2025-07-01T22:50:43.026+0000] {dag.py:4180} INFO - Setting next_dagrun for example_python_decorator to None, run_after=None
[2025-07-01T22:50:43.052+0000] {processor.py:208} INFO - Processing /home/airflow/.local/lib/python3.12/site-packages/airflow/example_dags/example_python_decorator.py took 0.083 seconds
[2025-07-01T22:51:14.194+0000] {processor.py:186} INFO - Started process (PID=2341) to work on /home/airflow/.local/lib/python3.12/site-packages/airflow/example_dags/example_python_decorator.py
[2025-07-01T22:51:14.196+0000] {processor.py:914} INFO - Processing file /home/airflow/.local/lib/python3.12/site-packages/airflow/example_dags/example_python_decorator.py for tasks to queue
[2025-07-01T22:51:14.201+0000] {logging_mixin.py:190} INFO - [2025-07-01T22:51:14.200+0000] {dagbag.py:588} INFO - Filling up the DagBag from /home/airflow/.local/lib/python3.12/site-packages/airflow/example_dags/example_python_decorator.py
[2025-07-01T22:51:14.223+0000] {processor.py:925} INFO - DAG(s) 'example_python_decorator' retrieved from /home/airflow/.local/lib/python3.12/site-packages/airflow/example_dags/example_python_decorator.py
[2025-07-01T22:51:14.252+0000] {logging_mixin.py:190} INFO - [2025-07-01T22:51:14.251+0000] {dag.py:3239} INFO - Sync 1 DAGs
[2025-07-01T22:51:14.268+0000] {logging_mixin.py:190} INFO - [2025-07-01T22:51:14.267+0000] {dag.py:4180} INFO - Setting next_dagrun for example_python_decorator to None, run_after=None
[2025-07-01T22:51:14.296+0000] {processor.py:208} INFO - Processing /home/airflow/.local/lib/python3.12/site-packages/airflow/example_dags/example_python_decorator.py took 0.110 seconds
[2025-07-01T22:51:44.552+0000] {processor.py:186} INFO - Started process (PID=2405) to work on /home/airflow/.local/lib/python3.12/site-packages/airflow/example_dags/example_python_decorator.py
[2025-07-01T22:51:44.553+0000] {processor.py:914} INFO - Processing file /home/airflow/.local/lib/python3.12/site-packages/airflow/example_dags/example_python_decorator.py for tasks to queue
[2025-07-01T22:51:44.555+0000] {logging_mixin.py:190} INFO - [2025-07-01T22:51:44.555+0000] {dagbag.py:588} INFO - Filling up the DagBag from /home/airflow/.local/lib/python3.12/site-packages/airflow/example_dags/example_python_decorator.py
[2025-07-01T22:51:44.569+0000] {processor.py:925} INFO - DAG(s) 'example_python_decorator' retrieved from /home/airflow/.local/lib/python3.12/site-packages/airflow/example_dags/example_python_decorator.py
[2025-07-01T22:51:44.588+0000] {logging_mixin.py:190} INFO - [2025-07-01T22:51:44.588+0000] {dag.py:3239} INFO - Sync 1 DAGs
[2025-07-01T22:51:44.601+0000] {logging_mixin.py:190} INFO - [2025-07-01T22:51:44.600+0000] {dag.py:4180} INFO - Setting next_dagrun for example_python_decorator to None, run_after=None
[2025-07-01T22:51:44.618+0000] {processor.py:208} INFO - Processing /home/airflow/.local/lib/python3.12/site-packages/airflow/example_dags/example_python_decorator.py took 0.072 seconds
[2025-07-01T22:52:15.026+0000] {processor.py:186} INFO - Started process (PID=2469) to work on /home/airflow/.local/lib/python3.12/site-packages/airflow/example_dags/example_python_decorator.py
[2025-07-01T22:52:15.027+0000] {processor.py:914} INFO - Processing file /home/airflow/.local/lib/python3.12/site-packages/airflow/example_dags/example_python_decorator.py for tasks to queue
[2025-07-01T22:52:15.030+0000] {logging_mixin.py:190} INFO - [2025-07-01T22:52:15.029+0000] {dagbag.py:588} INFO - Filling up the DagBag from /home/airflow/.local/lib/python3.12/site-packages/airflow/example_dags/example_python_decorator.py
[2025-07-01T22:52:15.043+0000] {processor.py:925} INFO - DAG(s) 'example_python_decorator' retrieved from /home/airflow/.local/lib/python3.12/site-packages/airflow/example_dags/example_python_decorator.py
[2025-07-01T22:52:15.062+0000] {logging_mixin.py:190} INFO - [2025-07-01T22:52:15.062+0000] {dag.py:3239} INFO - Sync 1 DAGs
[2025-07-01T22:52:15.078+0000] {logging_mixin.py:190} INFO - [2025-07-01T22:52:15.078+0000] {dag.py:4180} INFO - Setting next_dagrun for example_python_decorator to None, run_after=None
[2025-07-01T22:52:15.105+0000] {processor.py:208} INFO - Processing /home/airflow/.local/lib/python3.12/site-packages/airflow/example_dags/example_python_decorator.py took 0.085 seconds
[2025-07-01T22:52:45.562+0000] {processor.py:186} INFO - Started process (PID=2533) to work on /home/airflow/.local/lib/python3.12/site-packages/airflow/example_dags/example_python_decorator.py
[2025-07-01T22:52:45.563+0000] {processor.py:914} INFO - Processing file /home/airflow/.local/lib/python3.12/site-packages/airflow/example_dags/example_python_decorator.py for tasks to queue
[2025-07-01T22:52:45.565+0000] {logging_mixin.py:190} INFO - [2025-07-01T22:52:45.564+0000] {dagbag.py:588} INFO - Filling up the DagBag from /home/airflow/.local/lib/python3.12/site-packages/airflow/example_dags/example_python_decorator.py
[2025-07-01T22:52:45.578+0000] {processor.py:925} INFO - DAG(s) 'example_python_decorator' retrieved from /home/airflow/.local/lib/python3.12/site-packages/airflow/example_dags/example_python_decorator.py
[2025-07-01T22:52:45.595+0000] {logging_mixin.py:190} INFO - [2025-07-01T22:52:45.595+0000] {dag.py:3239} INFO - Sync 1 DAGs
[2025-07-01T22:52:45.607+0000] {logging_mixin.py:190} INFO - [2025-07-01T22:52:45.606+0000] {dag.py:4180} INFO - Setting next_dagrun for example_python_decorator to None, run_after=None
[2025-07-01T22:52:45.625+0000] {processor.py:208} INFO - Processing /home/airflow/.local/lib/python3.12/site-packages/airflow/example_dags/example_python_decorator.py took 0.069 seconds
