[2025-07-01T21:16:45.174+0000] {processor.py:186} INFO - Started process (PID=66) to work on /home/airflow/.local/lib/python3.12/site-packages/airflow/example_dags/example_workday_timetable.py
[2025-07-01T21:16:45.176+0000] {processor.py:914} INFO - Processing file /home/airflow/.local/lib/python3.12/site-packages/airflow/example_dags/example_workday_timetable.py for tasks to queue
[2025-07-01T21:16:45.181+0000] {logging_mixin.py:190} INFO - [2025-07-01T21:16:45.181+0000] {dagbag.py:588} INFO - Filling up the DagBag from /home/airflow/.local/lib/python3.12/site-packages/airflow/example_dags/example_workday_timetable.py
[2025-07-01T21:16:45.188+0000] {processor.py:925} INFO - DAG(s) 'example_workday_timetable' retrieved from /home/airflow/.local/lib/python3.12/site-packages/airflow/example_dags/example_workday_timetable.py
[2025-07-01T21:16:45.209+0000] {logging_mixin.py:190} INFO - [2025-07-01T21:16:45.208+0000] {dag.py:3239} INFO - Sync 1 DAGs
[2025-07-01T21:16:45.259+0000] {logging_mixin.py:190} INFO - [2025-07-01T21:16:45.259+0000] {dag.py:4180} INFO - Setting next_dagrun for example_workday_timetable to 2021-01-04 00:00:00+00:00, run_after=2021-01-05 00:00:00+00:00
[2025-07-01T21:16:45.281+0000] {processor.py:208} INFO - Processing /home/airflow/.local/lib/python3.12/site-packages/airflow/example_dags/example_workday_timetable.py took 0.112 seconds
[2025-07-01T21:17:15.859+0000] {processor.py:186} INFO - Started process (PID=128) to work on /home/airflow/.local/lib/python3.12/site-packages/airflow/example_dags/example_workday_timetable.py
[2025-07-01T21:17:15.860+0000] {processor.py:914} INFO - Processing file /home/airflow/.local/lib/python3.12/site-packages/airflow/example_dags/example_workday_timetable.py for tasks to queue
[2025-07-01T21:17:15.862+0000] {logging_mixin.py:190} INFO - [2025-07-01T21:17:15.862+0000] {dagbag.py:588} INFO - Filling up the DagBag from /home/airflow/.local/lib/python3.12/site-packages/airflow/example_dags/example_workday_timetable.py
[2025-07-01T21:17:15.868+0000] {processor.py:925} INFO - DAG(s) 'example_workday_timetable' retrieved from /home/airflow/.local/lib/python3.12/site-packages/airflow/example_dags/example_workday_timetable.py
[2025-07-01T21:17:15.889+0000] {logging_mixin.py:190} INFO - [2025-07-01T21:17:15.889+0000] {dag.py:3239} INFO - Sync 1 DAGs
[2025-07-01T21:17:15.964+0000] {logging_mixin.py:190} INFO - [2025-07-01T21:17:15.964+0000] {dag.py:4180} INFO - Setting next_dagrun for example_workday_timetable to 2021-01-04 00:00:00+00:00, run_after=2021-01-05 00:00:00+00:00
[2025-07-01T21:17:15.985+0000] {processor.py:208} INFO - Processing /home/airflow/.local/lib/python3.12/site-packages/airflow/example_dags/example_workday_timetable.py took 0.132 seconds
[2025-07-01T21:17:46.320+0000] {processor.py:186} INFO - Started process (PID=190) to work on /home/airflow/.local/lib/python3.12/site-packages/airflow/example_dags/example_workday_timetable.py
[2025-07-01T21:17:46.321+0000] {processor.py:914} INFO - Processing file /home/airflow/.local/lib/python3.12/site-packages/airflow/example_dags/example_workday_timetable.py for tasks to queue
[2025-07-01T21:17:46.323+0000] {logging_mixin.py:190} INFO - [2025-07-01T21:17:46.323+0000] {dagbag.py:588} INFO - Filling up the DagBag from /home/airflow/.local/lib/python3.12/site-packages/airflow/example_dags/example_workday_timetable.py
[2025-07-01T21:17:46.328+0000] {processor.py:925} INFO - DAG(s) 'example_workday_timetable' retrieved from /home/airflow/.local/lib/python3.12/site-packages/airflow/example_dags/example_workday_timetable.py
[2025-07-01T21:17:46.345+0000] {logging_mixin.py:190} INFO - [2025-07-01T21:17:46.344+0000] {dag.py:3239} INFO - Sync 1 DAGs
[2025-07-01T21:17:46.391+0000] {logging_mixin.py:190} INFO - [2025-07-01T21:17:46.390+0000] {dag.py:4180} INFO - Setting next_dagrun for example_workday_timetable to 2021-01-04 00:00:00+00:00, run_after=2021-01-05 00:00:00+00:00
[2025-07-01T21:17:46.408+0000] {processor.py:208} INFO - Processing /home/airflow/.local/lib/python3.12/site-packages/airflow/example_dags/example_workday_timetable.py took 0.092 seconds
[2025-07-01T21:18:17.038+0000] {processor.py:186} INFO - Started process (PID=253) to work on /home/airflow/.local/lib/python3.12/site-packages/airflow/example_dags/example_workday_timetable.py
[2025-07-01T21:18:17.039+0000] {processor.py:914} INFO - Processing file /home/airflow/.local/lib/python3.12/site-packages/airflow/example_dags/example_workday_timetable.py for tasks to queue
[2025-07-01T21:18:17.042+0000] {logging_mixin.py:190} INFO - [2025-07-01T21:18:17.041+0000] {dagbag.py:588} INFO - Filling up the DagBag from /home/airflow/.local/lib/python3.12/site-packages/airflow/example_dags/example_workday_timetable.py
[2025-07-01T21:18:17.047+0000] {processor.py:925} INFO - DAG(s) 'example_workday_timetable' retrieved from /home/airflow/.local/lib/python3.12/site-packages/airflow/example_dags/example_workday_timetable.py
[2025-07-01T21:18:17.066+0000] {logging_mixin.py:190} INFO - [2025-07-01T21:18:17.065+0000] {dag.py:3239} INFO - Sync 1 DAGs
[2025-07-01T21:18:17.119+0000] {logging_mixin.py:190} INFO - [2025-07-01T21:18:17.118+0000] {dag.py:4180} INFO - Setting next_dagrun for example_workday_timetable to 2021-01-04 00:00:00+00:00, run_after=2021-01-05 00:00:00+00:00
[2025-07-01T21:18:17.139+0000] {processor.py:208} INFO - Processing /home/airflow/.local/lib/python3.12/site-packages/airflow/example_dags/example_workday_timetable.py took 0.107 seconds
[2025-07-01T21:18:47.793+0000] {processor.py:186} INFO - Started process (PID=315) to work on /home/airflow/.local/lib/python3.12/site-packages/airflow/example_dags/example_workday_timetable.py
[2025-07-01T21:18:47.794+0000] {processor.py:914} INFO - Processing file /home/airflow/.local/lib/python3.12/site-packages/airflow/example_dags/example_workday_timetable.py for tasks to queue
[2025-07-01T21:18:47.796+0000] {logging_mixin.py:190} INFO - [2025-07-01T21:18:47.796+0000] {dagbag.py:588} INFO - Filling up the DagBag from /home/airflow/.local/lib/python3.12/site-packages/airflow/example_dags/example_workday_timetable.py
[2025-07-01T21:18:47.802+0000] {processor.py:925} INFO - DAG(s) 'example_workday_timetable' retrieved from /home/airflow/.local/lib/python3.12/site-packages/airflow/example_dags/example_workday_timetable.py
[2025-07-01T21:18:47.820+0000] {logging_mixin.py:190} INFO - [2025-07-01T21:18:47.820+0000] {dag.py:3239} INFO - Sync 1 DAGs
[2025-07-01T21:18:47.869+0000] {logging_mixin.py:190} INFO - [2025-07-01T21:18:47.869+0000] {dag.py:4180} INFO - Setting next_dagrun for example_workday_timetable to 2021-01-04 00:00:00+00:00, run_after=2021-01-05 00:00:00+00:00
[2025-07-01T21:18:47.887+0000] {processor.py:208} INFO - Processing /home/airflow/.local/lib/python3.12/site-packages/airflow/example_dags/example_workday_timetable.py took 0.099 seconds
[2025-07-01T21:19:18.522+0000] {processor.py:186} INFO - Started process (PID=383) to work on /home/airflow/.local/lib/python3.12/site-packages/airflow/example_dags/example_workday_timetable.py
[2025-07-01T21:19:18.523+0000] {processor.py:914} INFO - Processing file /home/airflow/.local/lib/python3.12/site-packages/airflow/example_dags/example_workday_timetable.py for tasks to queue
[2025-07-01T21:19:18.525+0000] {logging_mixin.py:190} INFO - [2025-07-01T21:19:18.525+0000] {dagbag.py:588} INFO - Filling up the DagBag from /home/airflow/.local/lib/python3.12/site-packages/airflow/example_dags/example_workday_timetable.py
[2025-07-01T21:19:18.530+0000] {processor.py:925} INFO - DAG(s) 'example_workday_timetable' retrieved from /home/airflow/.local/lib/python3.12/site-packages/airflow/example_dags/example_workday_timetable.py
[2025-07-01T21:19:18.548+0000] {logging_mixin.py:190} INFO - [2025-07-01T21:19:18.547+0000] {dag.py:3239} INFO - Sync 1 DAGs
[2025-07-01T21:19:18.594+0000] {logging_mixin.py:190} INFO - [2025-07-01T21:19:18.594+0000] {dag.py:4180} INFO - Setting next_dagrun for example_workday_timetable to 2021-01-04 00:00:00+00:00, run_after=2021-01-05 00:00:00+00:00
[2025-07-01T21:19:18.613+0000] {processor.py:208} INFO - Processing /home/airflow/.local/lib/python3.12/site-packages/airflow/example_dags/example_workday_timetable.py took 0.096 seconds
[2025-07-01T21:19:49.562+0000] {processor.py:186} INFO - Started process (PID=445) to work on /home/airflow/.local/lib/python3.12/site-packages/airflow/example_dags/example_workday_timetable.py
[2025-07-01T21:19:49.563+0000] {processor.py:914} INFO - Processing file /home/airflow/.local/lib/python3.12/site-packages/airflow/example_dags/example_workday_timetable.py for tasks to queue
[2025-07-01T21:19:49.565+0000] {logging_mixin.py:190} INFO - [2025-07-01T21:19:49.565+0000] {dagbag.py:588} INFO - Filling up the DagBag from /home/airflow/.local/lib/python3.12/site-packages/airflow/example_dags/example_workday_timetable.py
[2025-07-01T21:19:49.570+0000] {processor.py:925} INFO - DAG(s) 'example_workday_timetable' retrieved from /home/airflow/.local/lib/python3.12/site-packages/airflow/example_dags/example_workday_timetable.py
[2025-07-01T21:19:49.586+0000] {logging_mixin.py:190} INFO - [2025-07-01T21:19:49.586+0000] {dag.py:3239} INFO - Sync 1 DAGs
[2025-07-01T21:19:49.639+0000] {logging_mixin.py:190} INFO - [2025-07-01T21:19:49.639+0000] {dag.py:4180} INFO - Setting next_dagrun for example_workday_timetable to 2021-01-04 00:00:00+00:00, run_after=2021-01-05 00:00:00+00:00
[2025-07-01T21:19:49.663+0000] {processor.py:208} INFO - Processing /home/airflow/.local/lib/python3.12/site-packages/airflow/example_dags/example_workday_timetable.py took 0.106 seconds
[2025-07-01T21:20:20.211+0000] {processor.py:186} INFO - Started process (PID=507) to work on /home/airflow/.local/lib/python3.12/site-packages/airflow/example_dags/example_workday_timetable.py
[2025-07-01T21:20:20.212+0000] {processor.py:914} INFO - Processing file /home/airflow/.local/lib/python3.12/site-packages/airflow/example_dags/example_workday_timetable.py for tasks to queue
[2025-07-01T21:20:20.215+0000] {logging_mixin.py:190} INFO - [2025-07-01T21:20:20.214+0000] {dagbag.py:588} INFO - Filling up the DagBag from /home/airflow/.local/lib/python3.12/site-packages/airflow/example_dags/example_workday_timetable.py
[2025-07-01T21:20:20.220+0000] {processor.py:925} INFO - DAG(s) 'example_workday_timetable' retrieved from /home/airflow/.local/lib/python3.12/site-packages/airflow/example_dags/example_workday_timetable.py
[2025-07-01T21:20:20.238+0000] {logging_mixin.py:190} INFO - [2025-07-01T21:20:20.238+0000] {dag.py:3239} INFO - Sync 1 DAGs
[2025-07-01T21:20:20.286+0000] {logging_mixin.py:190} INFO - [2025-07-01T21:20:20.286+0000] {dag.py:4180} INFO - Setting next_dagrun for example_workday_timetable to 2021-01-04 00:00:00+00:00, run_after=2021-01-05 00:00:00+00:00
[2025-07-01T21:20:20.306+0000] {processor.py:208} INFO - Processing /home/airflow/.local/lib/python3.12/site-packages/airflow/example_dags/example_workday_timetable.py took 0.100 seconds
[2025-07-01T21:20:51.160+0000] {processor.py:186} INFO - Started process (PID=569) to work on /home/airflow/.local/lib/python3.12/site-packages/airflow/example_dags/example_workday_timetable.py
[2025-07-01T21:20:51.160+0000] {processor.py:914} INFO - Processing file /home/airflow/.local/lib/python3.12/site-packages/airflow/example_dags/example_workday_timetable.py for tasks to queue
[2025-07-01T21:20:51.162+0000] {logging_mixin.py:190} INFO - [2025-07-01T21:20:51.162+0000] {dagbag.py:588} INFO - Filling up the DagBag from /home/airflow/.local/lib/python3.12/site-packages/airflow/example_dags/example_workday_timetable.py
[2025-07-01T21:20:51.167+0000] {processor.py:925} INFO - DAG(s) 'example_workday_timetable' retrieved from /home/airflow/.local/lib/python3.12/site-packages/airflow/example_dags/example_workday_timetable.py
[2025-07-01T21:20:51.185+0000] {logging_mixin.py:190} INFO - [2025-07-01T21:20:51.185+0000] {dag.py:3239} INFO - Sync 1 DAGs
[2025-07-01T21:20:51.231+0000] {logging_mixin.py:190} INFO - [2025-07-01T21:20:51.231+0000] {dag.py:4180} INFO - Setting next_dagrun for example_workday_timetable to 2021-01-04 00:00:00+00:00, run_after=2021-01-05 00:00:00+00:00
[2025-07-01T21:20:51.250+0000] {processor.py:208} INFO - Processing /home/airflow/.local/lib/python3.12/site-packages/airflow/example_dags/example_workday_timetable.py took 0.096 seconds
[2025-07-01T21:21:22.050+0000] {processor.py:186} INFO - Started process (PID=631) to work on /home/airflow/.local/lib/python3.12/site-packages/airflow/example_dags/example_workday_timetable.py
[2025-07-01T21:21:22.051+0000] {processor.py:914} INFO - Processing file /home/airflow/.local/lib/python3.12/site-packages/airflow/example_dags/example_workday_timetable.py for tasks to queue
[2025-07-01T21:21:22.053+0000] {logging_mixin.py:190} INFO - [2025-07-01T21:21:22.053+0000] {dagbag.py:588} INFO - Filling up the DagBag from /home/airflow/.local/lib/python3.12/site-packages/airflow/example_dags/example_workday_timetable.py
[2025-07-01T21:21:22.058+0000] {processor.py:925} INFO - DAG(s) 'example_workday_timetable' retrieved from /home/airflow/.local/lib/python3.12/site-packages/airflow/example_dags/example_workday_timetable.py
[2025-07-01T21:21:22.076+0000] {logging_mixin.py:190} INFO - [2025-07-01T21:21:22.075+0000] {dag.py:3239} INFO - Sync 1 DAGs
[2025-07-01T21:21:22.122+0000] {logging_mixin.py:190} INFO - [2025-07-01T21:21:22.122+0000] {dag.py:4180} INFO - Setting next_dagrun for example_workday_timetable to 2021-01-04 00:00:00+00:00, run_after=2021-01-05 00:00:00+00:00
[2025-07-01T21:21:22.142+0000] {processor.py:208} INFO - Processing /home/airflow/.local/lib/python3.12/site-packages/airflow/example_dags/example_workday_timetable.py took 0.097 seconds
[2025-07-01T21:21:52.507+0000] {processor.py:186} INFO - Started process (PID=693) to work on /home/airflow/.local/lib/python3.12/site-packages/airflow/example_dags/example_workday_timetable.py
[2025-07-01T21:21:52.508+0000] {processor.py:914} INFO - Processing file /home/airflow/.local/lib/python3.12/site-packages/airflow/example_dags/example_workday_timetable.py for tasks to queue
[2025-07-01T21:21:52.511+0000] {logging_mixin.py:190} INFO - [2025-07-01T21:21:52.510+0000] {dagbag.py:588} INFO - Filling up the DagBag from /home/airflow/.local/lib/python3.12/site-packages/airflow/example_dags/example_workday_timetable.py
[2025-07-01T21:21:52.517+0000] {processor.py:925} INFO - DAG(s) 'example_workday_timetable' retrieved from /home/airflow/.local/lib/python3.12/site-packages/airflow/example_dags/example_workday_timetable.py
[2025-07-01T21:21:52.538+0000] {logging_mixin.py:190} INFO - [2025-07-01T21:21:52.538+0000] {dag.py:3239} INFO - Sync 1 DAGs
[2025-07-01T21:21:52.584+0000] {logging_mixin.py:190} INFO - [2025-07-01T21:21:52.584+0000] {dag.py:4180} INFO - Setting next_dagrun for example_workday_timetable to 2021-01-04 00:00:00+00:00, run_after=2021-01-05 00:00:00+00:00
[2025-07-01T21:21:52.603+0000] {processor.py:208} INFO - Processing /home/airflow/.local/lib/python3.12/site-packages/airflow/example_dags/example_workday_timetable.py took 0.101 seconds
[2025-07-01T21:22:23.039+0000] {processor.py:186} INFO - Started process (PID=755) to work on /home/airflow/.local/lib/python3.12/site-packages/airflow/example_dags/example_workday_timetable.py
[2025-07-01T21:22:23.040+0000] {processor.py:914} INFO - Processing file /home/airflow/.local/lib/python3.12/site-packages/airflow/example_dags/example_workday_timetable.py for tasks to queue
[2025-07-01T21:22:23.042+0000] {logging_mixin.py:190} INFO - [2025-07-01T21:22:23.042+0000] {dagbag.py:588} INFO - Filling up the DagBag from /home/airflow/.local/lib/python3.12/site-packages/airflow/example_dags/example_workday_timetable.py
[2025-07-01T21:22:23.047+0000] {processor.py:925} INFO - DAG(s) 'example_workday_timetable' retrieved from /home/airflow/.local/lib/python3.12/site-packages/airflow/example_dags/example_workday_timetable.py
[2025-07-01T21:22:23.063+0000] {logging_mixin.py:190} INFO - [2025-07-01T21:22:23.062+0000] {dag.py:3239} INFO - Sync 1 DAGs
[2025-07-01T21:22:23.109+0000] {logging_mixin.py:190} INFO - [2025-07-01T21:22:23.109+0000] {dag.py:4180} INFO - Setting next_dagrun for example_workday_timetable to 2021-01-04 00:00:00+00:00, run_after=2021-01-05 00:00:00+00:00
[2025-07-01T21:22:23.126+0000] {processor.py:208} INFO - Processing /home/airflow/.local/lib/python3.12/site-packages/airflow/example_dags/example_workday_timetable.py took 0.093 seconds
[2025-07-01T21:22:53.526+0000] {processor.py:186} INFO - Started process (PID=817) to work on /home/airflow/.local/lib/python3.12/site-packages/airflow/example_dags/example_workday_timetable.py
[2025-07-01T21:22:53.527+0000] {processor.py:914} INFO - Processing file /home/airflow/.local/lib/python3.12/site-packages/airflow/example_dags/example_workday_timetable.py for tasks to queue
[2025-07-01T21:22:53.529+0000] {logging_mixin.py:190} INFO - [2025-07-01T21:22:53.529+0000] {dagbag.py:588} INFO - Filling up the DagBag from /home/airflow/.local/lib/python3.12/site-packages/airflow/example_dags/example_workday_timetable.py
[2025-07-01T21:22:53.534+0000] {processor.py:925} INFO - DAG(s) 'example_workday_timetable' retrieved from /home/airflow/.local/lib/python3.12/site-packages/airflow/example_dags/example_workday_timetable.py
[2025-07-01T21:22:53.549+0000] {logging_mixin.py:190} INFO - [2025-07-01T21:22:53.549+0000] {dag.py:3239} INFO - Sync 1 DAGs
[2025-07-01T21:22:53.593+0000] {logging_mixin.py:190} INFO - [2025-07-01T21:22:53.593+0000] {dag.py:4180} INFO - Setting next_dagrun for example_workday_timetable to 2021-01-04 00:00:00+00:00, run_after=2021-01-05 00:00:00+00:00
[2025-07-01T21:22:53.612+0000] {processor.py:208} INFO - Processing /home/airflow/.local/lib/python3.12/site-packages/airflow/example_dags/example_workday_timetable.py took 0.090 seconds
[2025-07-01T21:23:23.800+0000] {processor.py:186} INFO - Started process (PID=879) to work on /home/airflow/.local/lib/python3.12/site-packages/airflow/example_dags/example_workday_timetable.py
[2025-07-01T21:23:23.801+0000] {processor.py:914} INFO - Processing file /home/airflow/.local/lib/python3.12/site-packages/airflow/example_dags/example_workday_timetable.py for tasks to queue
[2025-07-01T21:23:23.803+0000] {logging_mixin.py:190} INFO - [2025-07-01T21:23:23.803+0000] {dagbag.py:588} INFO - Filling up the DagBag from /home/airflow/.local/lib/python3.12/site-packages/airflow/example_dags/example_workday_timetable.py
[2025-07-01T21:23:23.808+0000] {processor.py:925} INFO - DAG(s) 'example_workday_timetable' retrieved from /home/airflow/.local/lib/python3.12/site-packages/airflow/example_dags/example_workday_timetable.py
[2025-07-01T21:23:23.825+0000] {logging_mixin.py:190} INFO - [2025-07-01T21:23:23.825+0000] {dag.py:3239} INFO - Sync 1 DAGs
[2025-07-01T21:23:23.869+0000] {logging_mixin.py:190} INFO - [2025-07-01T21:23:23.869+0000] {dag.py:4180} INFO - Setting next_dagrun for example_workday_timetable to 2021-01-04 00:00:00+00:00, run_after=2021-01-05 00:00:00+00:00
[2025-07-01T21:23:23.886+0000] {processor.py:208} INFO - Processing /home/airflow/.local/lib/python3.12/site-packages/airflow/example_dags/example_workday_timetable.py took 0.091 seconds
[2025-07-01T21:23:54.228+0000] {processor.py:186} INFO - Started process (PID=941) to work on /home/airflow/.local/lib/python3.12/site-packages/airflow/example_dags/example_workday_timetable.py
[2025-07-01T21:23:54.229+0000] {processor.py:914} INFO - Processing file /home/airflow/.local/lib/python3.12/site-packages/airflow/example_dags/example_workday_timetable.py for tasks to queue
[2025-07-01T21:23:54.231+0000] {logging_mixin.py:190} INFO - [2025-07-01T21:23:54.231+0000] {dagbag.py:588} INFO - Filling up the DagBag from /home/airflow/.local/lib/python3.12/site-packages/airflow/example_dags/example_workday_timetable.py
[2025-07-01T21:23:54.236+0000] {processor.py:925} INFO - DAG(s) 'example_workday_timetable' retrieved from /home/airflow/.local/lib/python3.12/site-packages/airflow/example_dags/example_workday_timetable.py
[2025-07-01T21:23:54.253+0000] {logging_mixin.py:190} INFO - [2025-07-01T21:23:54.253+0000] {dag.py:3239} INFO - Sync 1 DAGs
[2025-07-01T21:23:54.299+0000] {logging_mixin.py:190} INFO - [2025-07-01T21:23:54.299+0000] {dag.py:4180} INFO - Setting next_dagrun for example_workday_timetable to 2021-01-04 00:00:00+00:00, run_after=2021-01-05 00:00:00+00:00
[2025-07-01T21:23:54.318+0000] {processor.py:208} INFO - Processing /home/airflow/.local/lib/python3.12/site-packages/airflow/example_dags/example_workday_timetable.py took 0.095 seconds
[2025-07-01T21:24:24.520+0000] {processor.py:186} INFO - Started process (PID=1003) to work on /home/airflow/.local/lib/python3.12/site-packages/airflow/example_dags/example_workday_timetable.py
[2025-07-01T21:24:24.521+0000] {processor.py:914} INFO - Processing file /home/airflow/.local/lib/python3.12/site-packages/airflow/example_dags/example_workday_timetable.py for tasks to queue
[2025-07-01T21:24:24.523+0000] {logging_mixin.py:190} INFO - [2025-07-01T21:24:24.523+0000] {dagbag.py:588} INFO - Filling up the DagBag from /home/airflow/.local/lib/python3.12/site-packages/airflow/example_dags/example_workday_timetable.py
[2025-07-01T21:24:24.528+0000] {processor.py:925} INFO - DAG(s) 'example_workday_timetable' retrieved from /home/airflow/.local/lib/python3.12/site-packages/airflow/example_dags/example_workday_timetable.py
[2025-07-01T21:24:24.546+0000] {logging_mixin.py:190} INFO - [2025-07-01T21:24:24.546+0000] {dag.py:3239} INFO - Sync 1 DAGs
[2025-07-01T21:24:24.592+0000] {logging_mixin.py:190} INFO - [2025-07-01T21:24:24.592+0000] {dag.py:4180} INFO - Setting next_dagrun for example_workday_timetable to 2021-01-04 00:00:00+00:00, run_after=2021-01-05 00:00:00+00:00
[2025-07-01T21:24:24.611+0000] {processor.py:208} INFO - Processing /home/airflow/.local/lib/python3.12/site-packages/airflow/example_dags/example_workday_timetable.py took 0.096 seconds
[2025-07-01T21:24:54.881+0000] {processor.py:186} INFO - Started process (PID=1065) to work on /home/airflow/.local/lib/python3.12/site-packages/airflow/example_dags/example_workday_timetable.py
[2025-07-01T21:24:54.882+0000] {processor.py:914} INFO - Processing file /home/airflow/.local/lib/python3.12/site-packages/airflow/example_dags/example_workday_timetable.py for tasks to queue
[2025-07-01T21:24:54.884+0000] {logging_mixin.py:190} INFO - [2025-07-01T21:24:54.883+0000] {dagbag.py:588} INFO - Filling up the DagBag from /home/airflow/.local/lib/python3.12/site-packages/airflow/example_dags/example_workday_timetable.py
[2025-07-01T21:24:54.889+0000] {processor.py:925} INFO - DAG(s) 'example_workday_timetable' retrieved from /home/airflow/.local/lib/python3.12/site-packages/airflow/example_dags/example_workday_timetable.py
[2025-07-01T21:24:54.906+0000] {logging_mixin.py:190} INFO - [2025-07-01T21:24:54.905+0000] {dag.py:3239} INFO - Sync 1 DAGs
[2025-07-01T21:24:54.952+0000] {logging_mixin.py:190} INFO - [2025-07-01T21:24:54.952+0000] {dag.py:4180} INFO - Setting next_dagrun for example_workday_timetable to 2021-01-04 00:00:00+00:00, run_after=2021-01-05 00:00:00+00:00
[2025-07-01T21:24:54.971+0000] {processor.py:208} INFO - Processing /home/airflow/.local/lib/python3.12/site-packages/airflow/example_dags/example_workday_timetable.py took 0.096 seconds
[2025-07-01T21:25:25.281+0000] {processor.py:186} INFO - Started process (PID=1127) to work on /home/airflow/.local/lib/python3.12/site-packages/airflow/example_dags/example_workday_timetable.py
[2025-07-01T21:25:25.282+0000] {processor.py:914} INFO - Processing file /home/airflow/.local/lib/python3.12/site-packages/airflow/example_dags/example_workday_timetable.py for tasks to queue
[2025-07-01T21:25:25.284+0000] {logging_mixin.py:190} INFO - [2025-07-01T21:25:25.284+0000] {dagbag.py:588} INFO - Filling up the DagBag from /home/airflow/.local/lib/python3.12/site-packages/airflow/example_dags/example_workday_timetable.py
[2025-07-01T21:25:25.289+0000] {processor.py:925} INFO - DAG(s) 'example_workday_timetable' retrieved from /home/airflow/.local/lib/python3.12/site-packages/airflow/example_dags/example_workday_timetable.py
[2025-07-01T21:25:25.306+0000] {logging_mixin.py:190} INFO - [2025-07-01T21:25:25.305+0000] {dag.py:3239} INFO - Sync 1 DAGs
[2025-07-01T21:25:25.353+0000] {logging_mixin.py:190} INFO - [2025-07-01T21:25:25.352+0000] {dag.py:4180} INFO - Setting next_dagrun for example_workday_timetable to 2021-01-04 00:00:00+00:00, run_after=2021-01-05 00:00:00+00:00
[2025-07-01T21:25:25.373+0000] {processor.py:208} INFO - Processing /home/airflow/.local/lib/python3.12/site-packages/airflow/example_dags/example_workday_timetable.py took 0.097 seconds
[2025-07-01T21:25:56.105+0000] {processor.py:186} INFO - Started process (PID=1190) to work on /home/airflow/.local/lib/python3.12/site-packages/airflow/example_dags/example_workday_timetable.py
[2025-07-01T21:25:56.107+0000] {processor.py:914} INFO - Processing file /home/airflow/.local/lib/python3.12/site-packages/airflow/example_dags/example_workday_timetable.py for tasks to queue
[2025-07-01T21:25:56.110+0000] {logging_mixin.py:190} INFO - [2025-07-01T21:25:56.109+0000] {dagbag.py:588} INFO - Filling up the DagBag from /home/airflow/.local/lib/python3.12/site-packages/airflow/example_dags/example_workday_timetable.py
[2025-07-01T21:25:56.116+0000] {processor.py:925} INFO - DAG(s) 'example_workday_timetable' retrieved from /home/airflow/.local/lib/python3.12/site-packages/airflow/example_dags/example_workday_timetable.py
[2025-07-01T21:25:56.137+0000] {logging_mixin.py:190} INFO - [2025-07-01T21:25:56.136+0000] {dag.py:3239} INFO - Sync 1 DAGs
[2025-07-01T21:25:56.211+0000] {logging_mixin.py:190} INFO - [2025-07-01T21:25:56.210+0000] {dag.py:4180} INFO - Setting next_dagrun for example_workday_timetable to 2021-01-04 00:00:00+00:00, run_after=2021-01-05 00:00:00+00:00
[2025-07-01T21:25:56.238+0000] {processor.py:208} INFO - Processing /home/airflow/.local/lib/python3.12/site-packages/airflow/example_dags/example_workday_timetable.py took 0.139 seconds
[2025-07-01T21:26:26.715+0000] {processor.py:186} INFO - Started process (PID=1252) to work on /home/airflow/.local/lib/python3.12/site-packages/airflow/example_dags/example_workday_timetable.py
[2025-07-01T21:26:26.716+0000] {processor.py:914} INFO - Processing file /home/airflow/.local/lib/python3.12/site-packages/airflow/example_dags/example_workday_timetable.py for tasks to queue
[2025-07-01T21:26:26.718+0000] {logging_mixin.py:190} INFO - [2025-07-01T21:26:26.718+0000] {dagbag.py:588} INFO - Filling up the DagBag from /home/airflow/.local/lib/python3.12/site-packages/airflow/example_dags/example_workday_timetable.py
[2025-07-01T21:26:26.723+0000] {processor.py:925} INFO - DAG(s) 'example_workday_timetable' retrieved from /home/airflow/.local/lib/python3.12/site-packages/airflow/example_dags/example_workday_timetable.py
[2025-07-01T21:26:26.741+0000] {logging_mixin.py:190} INFO - [2025-07-01T21:26:26.741+0000] {dag.py:3239} INFO - Sync 1 DAGs
[2025-07-01T21:26:26.796+0000] {logging_mixin.py:190} INFO - [2025-07-01T21:26:26.795+0000] {dag.py:4180} INFO - Setting next_dagrun for example_workday_timetable to 2021-01-04 00:00:00+00:00, run_after=2021-01-05 00:00:00+00:00
[2025-07-01T21:26:26.817+0000] {processor.py:208} INFO - Processing /home/airflow/.local/lib/python3.12/site-packages/airflow/example_dags/example_workday_timetable.py took 0.107 seconds
[2025-07-01T21:26:57.248+0000] {processor.py:186} INFO - Started process (PID=1314) to work on /home/airflow/.local/lib/python3.12/site-packages/airflow/example_dags/example_workday_timetable.py
[2025-07-01T21:26:57.249+0000] {processor.py:914} INFO - Processing file /home/airflow/.local/lib/python3.12/site-packages/airflow/example_dags/example_workday_timetable.py for tasks to queue
[2025-07-01T21:26:57.251+0000] {logging_mixin.py:190} INFO - [2025-07-01T21:26:57.251+0000] {dagbag.py:588} INFO - Filling up the DagBag from /home/airflow/.local/lib/python3.12/site-packages/airflow/example_dags/example_workday_timetable.py
[2025-07-01T21:26:57.256+0000] {processor.py:925} INFO - DAG(s) 'example_workday_timetable' retrieved from /home/airflow/.local/lib/python3.12/site-packages/airflow/example_dags/example_workday_timetable.py
[2025-07-01T21:26:57.273+0000] {logging_mixin.py:190} INFO - [2025-07-01T21:26:57.273+0000] {dag.py:3239} INFO - Sync 1 DAGs
[2025-07-01T21:26:57.319+0000] {logging_mixin.py:190} INFO - [2025-07-01T21:26:57.319+0000] {dag.py:4180} INFO - Setting next_dagrun for example_workday_timetable to 2021-01-04 00:00:00+00:00, run_after=2021-01-05 00:00:00+00:00
[2025-07-01T21:26:57.338+0000] {processor.py:208} INFO - Processing /home/airflow/.local/lib/python3.12/site-packages/airflow/example_dags/example_workday_timetable.py took 0.095 seconds
[2025-07-01T21:27:27.929+0000] {processor.py:186} INFO - Started process (PID=1376) to work on /home/airflow/.local/lib/python3.12/site-packages/airflow/example_dags/example_workday_timetable.py
[2025-07-01T21:27:27.930+0000] {processor.py:914} INFO - Processing file /home/airflow/.local/lib/python3.12/site-packages/airflow/example_dags/example_workday_timetable.py for tasks to queue
[2025-07-01T21:27:27.932+0000] {logging_mixin.py:190} INFO - [2025-07-01T21:27:27.932+0000] {dagbag.py:588} INFO - Filling up the DagBag from /home/airflow/.local/lib/python3.12/site-packages/airflow/example_dags/example_workday_timetable.py
[2025-07-01T21:27:27.937+0000] {processor.py:925} INFO - DAG(s) 'example_workday_timetable' retrieved from /home/airflow/.local/lib/python3.12/site-packages/airflow/example_dags/example_workday_timetable.py
[2025-07-01T21:27:27.954+0000] {logging_mixin.py:190} INFO - [2025-07-01T21:27:27.953+0000] {dag.py:3239} INFO - Sync 1 DAGs
[2025-07-01T21:27:27.999+0000] {logging_mixin.py:190} INFO - [2025-07-01T21:27:27.999+0000] {dag.py:4180} INFO - Setting next_dagrun for example_workday_timetable to 2021-01-04 00:00:00+00:00, run_after=2021-01-05 00:00:00+00:00
[2025-07-01T21:27:28.018+0000] {processor.py:208} INFO - Processing /home/airflow/.local/lib/python3.12/site-packages/airflow/example_dags/example_workday_timetable.py took 0.095 seconds
[2025-07-01T21:27:58.446+0000] {processor.py:186} INFO - Started process (PID=1439) to work on /home/airflow/.local/lib/python3.12/site-packages/airflow/example_dags/example_workday_timetable.py
[2025-07-01T21:27:58.447+0000] {processor.py:914} INFO - Processing file /home/airflow/.local/lib/python3.12/site-packages/airflow/example_dags/example_workday_timetable.py for tasks to queue
[2025-07-01T21:27:58.449+0000] {logging_mixin.py:190} INFO - [2025-07-01T21:27:58.449+0000] {dagbag.py:588} INFO - Filling up the DagBag from /home/airflow/.local/lib/python3.12/site-packages/airflow/example_dags/example_workday_timetable.py
[2025-07-01T21:27:58.454+0000] {processor.py:925} INFO - DAG(s) 'example_workday_timetable' retrieved from /home/airflow/.local/lib/python3.12/site-packages/airflow/example_dags/example_workday_timetable.py
[2025-07-01T21:27:58.471+0000] {logging_mixin.py:190} INFO - [2025-07-01T21:27:58.470+0000] {dag.py:3239} INFO - Sync 1 DAGs
[2025-07-01T21:27:58.516+0000] {logging_mixin.py:190} INFO - [2025-07-01T21:27:58.516+0000] {dag.py:4180} INFO - Setting next_dagrun for example_workday_timetable to 2021-01-04 00:00:00+00:00, run_after=2021-01-05 00:00:00+00:00
[2025-07-01T21:27:58.536+0000] {processor.py:208} INFO - Processing /home/airflow/.local/lib/python3.12/site-packages/airflow/example_dags/example_workday_timetable.py took 0.095 seconds
[2025-07-01T21:28:28.813+0000] {processor.py:186} INFO - Started process (PID=1501) to work on /home/airflow/.local/lib/python3.12/site-packages/airflow/example_dags/example_workday_timetable.py
[2025-07-01T21:28:28.814+0000] {processor.py:914} INFO - Processing file /home/airflow/.local/lib/python3.12/site-packages/airflow/example_dags/example_workday_timetable.py for tasks to queue
[2025-07-01T21:28:28.816+0000] {logging_mixin.py:190} INFO - [2025-07-01T21:28:28.816+0000] {dagbag.py:588} INFO - Filling up the DagBag from /home/airflow/.local/lib/python3.12/site-packages/airflow/example_dags/example_workday_timetable.py
[2025-07-01T21:28:28.822+0000] {processor.py:925} INFO - DAG(s) 'example_workday_timetable' retrieved from /home/airflow/.local/lib/python3.12/site-packages/airflow/example_dags/example_workday_timetable.py
[2025-07-01T21:28:28.841+0000] {logging_mixin.py:190} INFO - [2025-07-01T21:28:28.841+0000] {dag.py:3239} INFO - Sync 1 DAGs
[2025-07-01T21:28:28.891+0000] {logging_mixin.py:190} INFO - [2025-07-01T21:28:28.891+0000] {dag.py:4180} INFO - Setting next_dagrun for example_workday_timetable to 2021-01-04 00:00:00+00:00, run_after=2021-01-05 00:00:00+00:00
[2025-07-01T21:28:28.909+0000] {processor.py:208} INFO - Processing /home/airflow/.local/lib/python3.12/site-packages/airflow/example_dags/example_workday_timetable.py took 0.101 seconds
[2025-07-01T21:28:59.928+0000] {processor.py:186} INFO - Started process (PID=1563) to work on /home/airflow/.local/lib/python3.12/site-packages/airflow/example_dags/example_workday_timetable.py
[2025-07-01T21:28:59.930+0000] {processor.py:914} INFO - Processing file /home/airflow/.local/lib/python3.12/site-packages/airflow/example_dags/example_workday_timetable.py for tasks to queue
[2025-07-01T21:28:59.932+0000] {logging_mixin.py:190} INFO - [2025-07-01T21:28:59.931+0000] {dagbag.py:588} INFO - Filling up the DagBag from /home/airflow/.local/lib/python3.12/site-packages/airflow/example_dags/example_workday_timetable.py
[2025-07-01T21:28:59.937+0000] {processor.py:925} INFO - DAG(s) 'example_workday_timetable' retrieved from /home/airflow/.local/lib/python3.12/site-packages/airflow/example_dags/example_workday_timetable.py
[2025-07-01T21:28:59.957+0000] {logging_mixin.py:190} INFO - [2025-07-01T21:28:59.957+0000] {dag.py:3239} INFO - Sync 1 DAGs
[2025-07-01T21:29:00.034+0000] {logging_mixin.py:190} INFO - [2025-07-01T21:29:00.033+0000] {dag.py:4180} INFO - Setting next_dagrun for example_workday_timetable to 2021-01-04 00:00:00+00:00, run_after=2021-01-05 00:00:00+00:00
[2025-07-01T21:29:00.057+0000] {processor.py:208} INFO - Processing /home/airflow/.local/lib/python3.12/site-packages/airflow/example_dags/example_workday_timetable.py took 0.133 seconds
[2025-07-01T21:29:30.473+0000] {processor.py:186} INFO - Started process (PID=1625) to work on /home/airflow/.local/lib/python3.12/site-packages/airflow/example_dags/example_workday_timetable.py
[2025-07-01T21:29:30.475+0000] {processor.py:914} INFO - Processing file /home/airflow/.local/lib/python3.12/site-packages/airflow/example_dags/example_workday_timetable.py for tasks to queue
[2025-07-01T21:29:30.477+0000] {logging_mixin.py:190} INFO - [2025-07-01T21:29:30.477+0000] {dagbag.py:588} INFO - Filling up the DagBag from /home/airflow/.local/lib/python3.12/site-packages/airflow/example_dags/example_workday_timetable.py
[2025-07-01T21:29:30.485+0000] {processor.py:925} INFO - DAG(s) 'example_workday_timetable' retrieved from /home/airflow/.local/lib/python3.12/site-packages/airflow/example_dags/example_workday_timetable.py
[2025-07-01T21:29:30.501+0000] {logging_mixin.py:190} INFO - [2025-07-01T21:29:30.500+0000] {dag.py:3239} INFO - Sync 1 DAGs
[2025-07-01T21:29:30.547+0000] {logging_mixin.py:190} INFO - [2025-07-01T21:29:30.546+0000] {dag.py:4180} INFO - Setting next_dagrun for example_workday_timetable to 2021-01-04 00:00:00+00:00, run_after=2021-01-05 00:00:00+00:00
[2025-07-01T21:29:30.566+0000] {processor.py:208} INFO - Processing /home/airflow/.local/lib/python3.12/site-packages/airflow/example_dags/example_workday_timetable.py took 0.098 seconds
[2025-07-01T21:30:00.686+0000] {processor.py:186} INFO - Started process (PID=1687) to work on /home/airflow/.local/lib/python3.12/site-packages/airflow/example_dags/example_workday_timetable.py
[2025-07-01T21:30:00.687+0000] {processor.py:914} INFO - Processing file /home/airflow/.local/lib/python3.12/site-packages/airflow/example_dags/example_workday_timetable.py for tasks to queue
[2025-07-01T21:30:00.690+0000] {logging_mixin.py:190} INFO - [2025-07-01T21:30:00.689+0000] {dagbag.py:588} INFO - Filling up the DagBag from /home/airflow/.local/lib/python3.12/site-packages/airflow/example_dags/example_workday_timetable.py
[2025-07-01T21:30:00.695+0000] {processor.py:925} INFO - DAG(s) 'example_workday_timetable' retrieved from /home/airflow/.local/lib/python3.12/site-packages/airflow/example_dags/example_workday_timetable.py
[2025-07-01T21:30:00.712+0000] {logging_mixin.py:190} INFO - [2025-07-01T21:30:00.711+0000] {dag.py:3239} INFO - Sync 1 DAGs
[2025-07-01T21:30:00.763+0000] {logging_mixin.py:190} INFO - [2025-07-01T21:30:00.763+0000] {dag.py:4180} INFO - Setting next_dagrun for example_workday_timetable to 2021-01-04 00:00:00+00:00, run_after=2021-01-05 00:00:00+00:00
[2025-07-01T21:30:00.782+0000] {processor.py:208} INFO - Processing /home/airflow/.local/lib/python3.12/site-packages/airflow/example_dags/example_workday_timetable.py took 0.101 seconds
[2025-07-01T21:30:31.029+0000] {processor.py:186} INFO - Started process (PID=1749) to work on /home/airflow/.local/lib/python3.12/site-packages/airflow/example_dags/example_workday_timetable.py
[2025-07-01T21:30:31.030+0000] {processor.py:914} INFO - Processing file /home/airflow/.local/lib/python3.12/site-packages/airflow/example_dags/example_workday_timetable.py for tasks to queue
[2025-07-01T21:30:31.033+0000] {logging_mixin.py:190} INFO - [2025-07-01T21:30:31.032+0000] {dagbag.py:588} INFO - Filling up the DagBag from /home/airflow/.local/lib/python3.12/site-packages/airflow/example_dags/example_workday_timetable.py
[2025-07-01T21:30:31.039+0000] {processor.py:925} INFO - DAG(s) 'example_workday_timetable' retrieved from /home/airflow/.local/lib/python3.12/site-packages/airflow/example_dags/example_workday_timetable.py
[2025-07-01T21:30:31.058+0000] {logging_mixin.py:190} INFO - [2025-07-01T21:30:31.058+0000] {dag.py:3239} INFO - Sync 1 DAGs
[2025-07-01T21:30:31.111+0000] {logging_mixin.py:190} INFO - [2025-07-01T21:30:31.111+0000] {dag.py:4180} INFO - Setting next_dagrun for example_workday_timetable to 2021-01-04 00:00:00+00:00, run_after=2021-01-05 00:00:00+00:00
[2025-07-01T21:30:31.129+0000] {processor.py:208} INFO - Processing /home/airflow/.local/lib/python3.12/site-packages/airflow/example_dags/example_workday_timetable.py took 0.107 seconds
[2025-07-01T21:31:01.606+0000] {processor.py:186} INFO - Started process (PID=1811) to work on /home/airflow/.local/lib/python3.12/site-packages/airflow/example_dags/example_workday_timetable.py
[2025-07-01T21:31:01.607+0000] {processor.py:914} INFO - Processing file /home/airflow/.local/lib/python3.12/site-packages/airflow/example_dags/example_workday_timetable.py for tasks to queue
[2025-07-01T21:31:01.609+0000] {logging_mixin.py:190} INFO - [2025-07-01T21:31:01.609+0000] {dagbag.py:588} INFO - Filling up the DagBag from /home/airflow/.local/lib/python3.12/site-packages/airflow/example_dags/example_workday_timetable.py
[2025-07-01T21:31:01.615+0000] {processor.py:925} INFO - DAG(s) 'example_workday_timetable' retrieved from /home/airflow/.local/lib/python3.12/site-packages/airflow/example_dags/example_workday_timetable.py
[2025-07-01T21:31:01.630+0000] {logging_mixin.py:190} INFO - [2025-07-01T21:31:01.630+0000] {dag.py:3239} INFO - Sync 1 DAGs
[2025-07-01T21:31:01.675+0000] {logging_mixin.py:190} INFO - [2025-07-01T21:31:01.675+0000] {dag.py:4180} INFO - Setting next_dagrun for example_workday_timetable to 2021-01-04 00:00:00+00:00, run_after=2021-01-05 00:00:00+00:00
[2025-07-01T21:31:01.694+0000] {processor.py:208} INFO - Processing /home/airflow/.local/lib/python3.12/site-packages/airflow/example_dags/example_workday_timetable.py took 0.094 seconds
[2025-07-01T21:31:31.967+0000] {processor.py:186} INFO - Started process (PID=1873) to work on /home/airflow/.local/lib/python3.12/site-packages/airflow/example_dags/example_workday_timetable.py
[2025-07-01T21:31:31.968+0000] {processor.py:914} INFO - Processing file /home/airflow/.local/lib/python3.12/site-packages/airflow/example_dags/example_workday_timetable.py for tasks to queue
[2025-07-01T21:31:31.971+0000] {logging_mixin.py:190} INFO - [2025-07-01T21:31:31.971+0000] {dagbag.py:588} INFO - Filling up the DagBag from /home/airflow/.local/lib/python3.12/site-packages/airflow/example_dags/example_workday_timetable.py
[2025-07-01T21:31:31.977+0000] {processor.py:925} INFO - DAG(s) 'example_workday_timetable' retrieved from /home/airflow/.local/lib/python3.12/site-packages/airflow/example_dags/example_workday_timetable.py
[2025-07-01T21:31:31.996+0000] {logging_mixin.py:190} INFO - [2025-07-01T21:31:31.996+0000] {dag.py:3239} INFO - Sync 1 DAGs
[2025-07-01T21:31:32.058+0000] {logging_mixin.py:190} INFO - [2025-07-01T21:31:32.058+0000] {dag.py:4180} INFO - Setting next_dagrun for example_workday_timetable to 2021-01-04 00:00:00+00:00, run_after=2021-01-05 00:00:00+00:00
[2025-07-01T21:31:32.078+0000] {processor.py:208} INFO - Processing /home/airflow/.local/lib/python3.12/site-packages/airflow/example_dags/example_workday_timetable.py took 0.118 seconds
[2025-07-01T21:32:02.345+0000] {processor.py:186} INFO - Started process (PID=1936) to work on /home/airflow/.local/lib/python3.12/site-packages/airflow/example_dags/example_workday_timetable.py
[2025-07-01T21:32:02.346+0000] {processor.py:914} INFO - Processing file /home/airflow/.local/lib/python3.12/site-packages/airflow/example_dags/example_workday_timetable.py for tasks to queue
[2025-07-01T21:32:02.348+0000] {logging_mixin.py:190} INFO - [2025-07-01T21:32:02.348+0000] {dagbag.py:588} INFO - Filling up the DagBag from /home/airflow/.local/lib/python3.12/site-packages/airflow/example_dags/example_workday_timetable.py
[2025-07-01T21:32:02.353+0000] {processor.py:925} INFO - DAG(s) 'example_workday_timetable' retrieved from /home/airflow/.local/lib/python3.12/site-packages/airflow/example_dags/example_workday_timetable.py
[2025-07-01T21:32:02.370+0000] {logging_mixin.py:190} INFO - [2025-07-01T21:32:02.369+0000] {dag.py:3239} INFO - Sync 1 DAGs
[2025-07-01T21:32:02.417+0000] {logging_mixin.py:190} INFO - [2025-07-01T21:32:02.417+0000] {dag.py:4180} INFO - Setting next_dagrun for example_workday_timetable to 2021-01-04 00:00:00+00:00, run_after=2021-01-05 00:00:00+00:00
[2025-07-01T21:32:02.435+0000] {processor.py:208} INFO - Processing /home/airflow/.local/lib/python3.12/site-packages/airflow/example_dags/example_workday_timetable.py took 0.095 seconds
[2025-07-01T21:32:33.150+0000] {processor.py:186} INFO - Started process (PID=1999) to work on /home/airflow/.local/lib/python3.12/site-packages/airflow/example_dags/example_workday_timetable.py
[2025-07-01T21:32:33.151+0000] {processor.py:914} INFO - Processing file /home/airflow/.local/lib/python3.12/site-packages/airflow/example_dags/example_workday_timetable.py for tasks to queue
[2025-07-01T21:32:33.154+0000] {logging_mixin.py:190} INFO - [2025-07-01T21:32:33.153+0000] {dagbag.py:588} INFO - Filling up the DagBag from /home/airflow/.local/lib/python3.12/site-packages/airflow/example_dags/example_workday_timetable.py
[2025-07-01T21:32:33.159+0000] {processor.py:925} INFO - DAG(s) 'example_workday_timetable' retrieved from /home/airflow/.local/lib/python3.12/site-packages/airflow/example_dags/example_workday_timetable.py
[2025-07-01T21:32:33.176+0000] {logging_mixin.py:190} INFO - [2025-07-01T21:32:33.176+0000] {dag.py:3239} INFO - Sync 1 DAGs
[2025-07-01T21:32:33.232+0000] {logging_mixin.py:190} INFO - [2025-07-01T21:32:33.232+0000] {dag.py:4180} INFO - Setting next_dagrun for example_workday_timetable to 2021-01-04 00:00:00+00:00, run_after=2021-01-05 00:00:00+00:00
[2025-07-01T21:32:33.251+0000] {processor.py:208} INFO - Processing /home/airflow/.local/lib/python3.12/site-packages/airflow/example_dags/example_workday_timetable.py took 0.106 seconds
[2025-07-01T21:33:03.492+0000] {processor.py:186} INFO - Started process (PID=2062) to work on /home/airflow/.local/lib/python3.12/site-packages/airflow/example_dags/example_workday_timetable.py
[2025-07-01T21:33:03.493+0000] {processor.py:914} INFO - Processing file /home/airflow/.local/lib/python3.12/site-packages/airflow/example_dags/example_workday_timetable.py for tasks to queue
[2025-07-01T21:33:03.495+0000] {logging_mixin.py:190} INFO - [2025-07-01T21:33:03.495+0000] {dagbag.py:588} INFO - Filling up the DagBag from /home/airflow/.local/lib/python3.12/site-packages/airflow/example_dags/example_workday_timetable.py
[2025-07-01T21:33:03.500+0000] {processor.py:925} INFO - DAG(s) 'example_workday_timetable' retrieved from /home/airflow/.local/lib/python3.12/site-packages/airflow/example_dags/example_workday_timetable.py
[2025-07-01T21:33:03.517+0000] {logging_mixin.py:190} INFO - [2025-07-01T21:33:03.517+0000] {dag.py:3239} INFO - Sync 1 DAGs
[2025-07-01T21:33:03.570+0000] {logging_mixin.py:190} INFO - [2025-07-01T21:33:03.569+0000] {dag.py:4180} INFO - Setting next_dagrun for example_workday_timetable to 2021-01-04 00:00:00+00:00, run_after=2021-01-05 00:00:00+00:00
[2025-07-01T21:33:03.589+0000] {processor.py:208} INFO - Processing /home/airflow/.local/lib/python3.12/site-packages/airflow/example_dags/example_workday_timetable.py took 0.102 seconds
[2025-07-01T21:33:34.662+0000] {processor.py:186} INFO - Started process (PID=2125) to work on /home/airflow/.local/lib/python3.12/site-packages/airflow/example_dags/example_workday_timetable.py
[2025-07-01T21:33:34.663+0000] {processor.py:914} INFO - Processing file /home/airflow/.local/lib/python3.12/site-packages/airflow/example_dags/example_workday_timetable.py for tasks to queue
[2025-07-01T21:33:34.665+0000] {logging_mixin.py:190} INFO - [2025-07-01T21:33:34.665+0000] {dagbag.py:588} INFO - Filling up the DagBag from /home/airflow/.local/lib/python3.12/site-packages/airflow/example_dags/example_workday_timetable.py
[2025-07-01T21:33:34.672+0000] {processor.py:925} INFO - DAG(s) 'example_workday_timetable' retrieved from /home/airflow/.local/lib/python3.12/site-packages/airflow/example_dags/example_workday_timetable.py
[2025-07-01T21:33:34.690+0000] {logging_mixin.py:190} INFO - [2025-07-01T21:33:34.690+0000] {dag.py:3239} INFO - Sync 1 DAGs
[2025-07-01T21:33:34.740+0000] {logging_mixin.py:190} INFO - [2025-07-01T21:33:34.740+0000] {dag.py:4180} INFO - Setting next_dagrun for example_workday_timetable to 2021-01-04 00:00:00+00:00, run_after=2021-01-05 00:00:00+00:00
[2025-07-01T21:33:34.758+0000] {processor.py:208} INFO - Processing /home/airflow/.local/lib/python3.12/site-packages/airflow/example_dags/example_workday_timetable.py took 0.103 seconds
[2025-07-01T21:34:05.006+0000] {processor.py:186} INFO - Started process (PID=2188) to work on /home/airflow/.local/lib/python3.12/site-packages/airflow/example_dags/example_workday_timetable.py
[2025-07-01T21:34:05.007+0000] {processor.py:914} INFO - Processing file /home/airflow/.local/lib/python3.12/site-packages/airflow/example_dags/example_workday_timetable.py for tasks to queue
[2025-07-01T21:34:05.009+0000] {logging_mixin.py:190} INFO - [2025-07-01T21:34:05.009+0000] {dagbag.py:588} INFO - Filling up the DagBag from /home/airflow/.local/lib/python3.12/site-packages/airflow/example_dags/example_workday_timetable.py
[2025-07-01T21:34:05.016+0000] {processor.py:925} INFO - DAG(s) 'example_workday_timetable' retrieved from /home/airflow/.local/lib/python3.12/site-packages/airflow/example_dags/example_workday_timetable.py
[2025-07-01T21:34:05.036+0000] {logging_mixin.py:190} INFO - [2025-07-01T21:34:05.035+0000] {dag.py:3239} INFO - Sync 1 DAGs
[2025-07-01T21:34:05.086+0000] {logging_mixin.py:190} INFO - [2025-07-01T21:34:05.086+0000] {dag.py:4180} INFO - Setting next_dagrun for example_workday_timetable to 2021-01-04 00:00:00+00:00, run_after=2021-01-05 00:00:00+00:00
[2025-07-01T21:34:05.106+0000] {processor.py:208} INFO - Processing /home/airflow/.local/lib/python3.12/site-packages/airflow/example_dags/example_workday_timetable.py took 0.106 seconds
[2025-07-01T21:34:35.472+0000] {processor.py:186} INFO - Started process (PID=2251) to work on /home/airflow/.local/lib/python3.12/site-packages/airflow/example_dags/example_workday_timetable.py
[2025-07-01T21:34:35.473+0000] {processor.py:914} INFO - Processing file /home/airflow/.local/lib/python3.12/site-packages/airflow/example_dags/example_workday_timetable.py for tasks to queue
[2025-07-01T21:34:35.475+0000] {logging_mixin.py:190} INFO - [2025-07-01T21:34:35.475+0000] {dagbag.py:588} INFO - Filling up the DagBag from /home/airflow/.local/lib/python3.12/site-packages/airflow/example_dags/example_workday_timetable.py
[2025-07-01T21:34:35.481+0000] {processor.py:925} INFO - DAG(s) 'example_workday_timetable' retrieved from /home/airflow/.local/lib/python3.12/site-packages/airflow/example_dags/example_workday_timetable.py
[2025-07-01T21:34:35.503+0000] {logging_mixin.py:190} INFO - [2025-07-01T21:34:35.503+0000] {dag.py:3239} INFO - Sync 1 DAGs
[2025-07-01T21:34:35.554+0000] {logging_mixin.py:190} INFO - [2025-07-01T21:34:35.554+0000] {dag.py:4180} INFO - Setting next_dagrun for example_workday_timetable to 2021-01-04 00:00:00+00:00, run_after=2021-01-05 00:00:00+00:00
[2025-07-01T21:34:35.576+0000] {processor.py:208} INFO - Processing /home/airflow/.local/lib/python3.12/site-packages/airflow/example_dags/example_workday_timetable.py took 0.110 seconds
[2025-07-01T21:35:05.878+0000] {processor.py:186} INFO - Started process (PID=2314) to work on /home/airflow/.local/lib/python3.12/site-packages/airflow/example_dags/example_workday_timetable.py
[2025-07-01T21:35:05.879+0000] {processor.py:914} INFO - Processing file /home/airflow/.local/lib/python3.12/site-packages/airflow/example_dags/example_workday_timetable.py for tasks to queue
[2025-07-01T21:35:05.881+0000] {logging_mixin.py:190} INFO - [2025-07-01T21:35:05.881+0000] {dagbag.py:588} INFO - Filling up the DagBag from /home/airflow/.local/lib/python3.12/site-packages/airflow/example_dags/example_workday_timetable.py
[2025-07-01T21:35:05.887+0000] {processor.py:925} INFO - DAG(s) 'example_workday_timetable' retrieved from /home/airflow/.local/lib/python3.12/site-packages/airflow/example_dags/example_workday_timetable.py
[2025-07-01T21:35:05.905+0000] {logging_mixin.py:190} INFO - [2025-07-01T21:35:05.905+0000] {dag.py:3239} INFO - Sync 1 DAGs
[2025-07-01T21:35:05.954+0000] {logging_mixin.py:190} INFO - [2025-07-01T21:35:05.954+0000] {dag.py:4180} INFO - Setting next_dagrun for example_workday_timetable to 2021-01-04 00:00:00+00:00, run_after=2021-01-05 00:00:00+00:00
[2025-07-01T21:35:05.973+0000] {processor.py:208} INFO - Processing /home/airflow/.local/lib/python3.12/site-packages/airflow/example_dags/example_workday_timetable.py took 0.100 seconds
[2025-07-01T21:35:36.855+0000] {processor.py:186} INFO - Started process (PID=2377) to work on /home/airflow/.local/lib/python3.12/site-packages/airflow/example_dags/example_workday_timetable.py
[2025-07-01T21:35:36.856+0000] {processor.py:914} INFO - Processing file /home/airflow/.local/lib/python3.12/site-packages/airflow/example_dags/example_workday_timetable.py for tasks to queue
[2025-07-01T21:35:36.859+0000] {logging_mixin.py:190} INFO - [2025-07-01T21:35:36.859+0000] {dagbag.py:588} INFO - Filling up the DagBag from /home/airflow/.local/lib/python3.12/site-packages/airflow/example_dags/example_workday_timetable.py
[2025-07-01T21:35:36.864+0000] {processor.py:925} INFO - DAG(s) 'example_workday_timetable' retrieved from /home/airflow/.local/lib/python3.12/site-packages/airflow/example_dags/example_workday_timetable.py
[2025-07-01T21:35:36.882+0000] {logging_mixin.py:190} INFO - [2025-07-01T21:35:36.882+0000] {dag.py:3239} INFO - Sync 1 DAGs
[2025-07-01T21:35:36.930+0000] {logging_mixin.py:190} INFO - [2025-07-01T21:35:36.930+0000] {dag.py:4180} INFO - Setting next_dagrun for example_workday_timetable to 2021-01-04 00:00:00+00:00, run_after=2021-01-05 00:00:00+00:00
[2025-07-01T21:35:36.948+0000] {processor.py:208} INFO - Processing /home/airflow/.local/lib/python3.12/site-packages/airflow/example_dags/example_workday_timetable.py took 0.097 seconds
[2025-07-01T21:36:07.522+0000] {processor.py:186} INFO - Started process (PID=2440) to work on /home/airflow/.local/lib/python3.12/site-packages/airflow/example_dags/example_workday_timetable.py
[2025-07-01T21:36:07.523+0000] {processor.py:914} INFO - Processing file /home/airflow/.local/lib/python3.12/site-packages/airflow/example_dags/example_workday_timetable.py for tasks to queue
[2025-07-01T21:36:07.525+0000] {logging_mixin.py:190} INFO - [2025-07-01T21:36:07.524+0000] {dagbag.py:588} INFO - Filling up the DagBag from /home/airflow/.local/lib/python3.12/site-packages/airflow/example_dags/example_workday_timetable.py
[2025-07-01T21:36:07.530+0000] {processor.py:925} INFO - DAG(s) 'example_workday_timetable' retrieved from /home/airflow/.local/lib/python3.12/site-packages/airflow/example_dags/example_workday_timetable.py
[2025-07-01T21:36:07.546+0000] {logging_mixin.py:190} INFO - [2025-07-01T21:36:07.546+0000] {dag.py:3239} INFO - Sync 1 DAGs
[2025-07-01T21:36:07.596+0000] {logging_mixin.py:190} INFO - [2025-07-01T21:36:07.596+0000] {dag.py:4180} INFO - Setting next_dagrun for example_workday_timetable to 2021-01-04 00:00:00+00:00, run_after=2021-01-05 00:00:00+00:00
[2025-07-01T21:36:07.614+0000] {processor.py:208} INFO - Processing /home/airflow/.local/lib/python3.12/site-packages/airflow/example_dags/example_workday_timetable.py took 0.098 seconds
[2025-07-01T21:36:38.151+0000] {processor.py:186} INFO - Started process (PID=2503) to work on /home/airflow/.local/lib/python3.12/site-packages/airflow/example_dags/example_workday_timetable.py
[2025-07-01T21:36:38.152+0000] {processor.py:914} INFO - Processing file /home/airflow/.local/lib/python3.12/site-packages/airflow/example_dags/example_workday_timetable.py for tasks to queue
[2025-07-01T21:36:38.154+0000] {logging_mixin.py:190} INFO - [2025-07-01T21:36:38.154+0000] {dagbag.py:588} INFO - Filling up the DagBag from /home/airflow/.local/lib/python3.12/site-packages/airflow/example_dags/example_workday_timetable.py
[2025-07-01T21:36:38.160+0000] {processor.py:925} INFO - DAG(s) 'example_workday_timetable' retrieved from /home/airflow/.local/lib/python3.12/site-packages/airflow/example_dags/example_workday_timetable.py
[2025-07-01T21:36:38.177+0000] {logging_mixin.py:190} INFO - [2025-07-01T21:36:38.177+0000] {dag.py:3239} INFO - Sync 1 DAGs
[2025-07-01T21:36:38.223+0000] {logging_mixin.py:190} INFO - [2025-07-01T21:36:38.222+0000] {dag.py:4180} INFO - Setting next_dagrun for example_workday_timetable to 2021-01-04 00:00:00+00:00, run_after=2021-01-05 00:00:00+00:00
[2025-07-01T21:36:38.243+0000] {processor.py:208} INFO - Processing /home/airflow/.local/lib/python3.12/site-packages/airflow/example_dags/example_workday_timetable.py took 0.097 seconds
[2025-07-01T21:37:08.991+0000] {processor.py:186} INFO - Started process (PID=2566) to work on /home/airflow/.local/lib/python3.12/site-packages/airflow/example_dags/example_workday_timetable.py
[2025-07-01T21:37:08.992+0000] {processor.py:914} INFO - Processing file /home/airflow/.local/lib/python3.12/site-packages/airflow/example_dags/example_workday_timetable.py for tasks to queue
[2025-07-01T21:37:08.994+0000] {logging_mixin.py:190} INFO - [2025-07-01T21:37:08.994+0000] {dagbag.py:588} INFO - Filling up the DagBag from /home/airflow/.local/lib/python3.12/site-packages/airflow/example_dags/example_workday_timetable.py
[2025-07-01T21:37:08.999+0000] {processor.py:925} INFO - DAG(s) 'example_workday_timetable' retrieved from /home/airflow/.local/lib/python3.12/site-packages/airflow/example_dags/example_workday_timetable.py
[2025-07-01T21:37:09.016+0000] {logging_mixin.py:190} INFO - [2025-07-01T21:37:09.016+0000] {dag.py:3239} INFO - Sync 1 DAGs
[2025-07-01T21:37:09.062+0000] {logging_mixin.py:190} INFO - [2025-07-01T21:37:09.062+0000] {dag.py:4180} INFO - Setting next_dagrun for example_workday_timetable to 2021-01-04 00:00:00+00:00, run_after=2021-01-05 00:00:00+00:00
[2025-07-01T21:37:09.083+0000] {processor.py:208} INFO - Processing /home/airflow/.local/lib/python3.12/site-packages/airflow/example_dags/example_workday_timetable.py took 0.097 seconds
[2025-07-01T21:37:39.834+0000] {processor.py:186} INFO - Started process (PID=2629) to work on /home/airflow/.local/lib/python3.12/site-packages/airflow/example_dags/example_workday_timetable.py
[2025-07-01T21:37:39.835+0000] {processor.py:914} INFO - Processing file /home/airflow/.local/lib/python3.12/site-packages/airflow/example_dags/example_workday_timetable.py for tasks to queue
[2025-07-01T21:37:39.837+0000] {logging_mixin.py:190} INFO - [2025-07-01T21:37:39.837+0000] {dagbag.py:588} INFO - Filling up the DagBag from /home/airflow/.local/lib/python3.12/site-packages/airflow/example_dags/example_workday_timetable.py
[2025-07-01T21:37:39.843+0000] {processor.py:925} INFO - DAG(s) 'example_workday_timetable' retrieved from /home/airflow/.local/lib/python3.12/site-packages/airflow/example_dags/example_workday_timetable.py
[2025-07-01T21:37:39.860+0000] {logging_mixin.py:190} INFO - [2025-07-01T21:37:39.860+0000] {dag.py:3239} INFO - Sync 1 DAGs
[2025-07-01T21:37:39.907+0000] {logging_mixin.py:190} INFO - [2025-07-01T21:37:39.907+0000] {dag.py:4180} INFO - Setting next_dagrun for example_workday_timetable to 2021-01-04 00:00:00+00:00, run_after=2021-01-05 00:00:00+00:00
[2025-07-01T21:37:39.926+0000] {processor.py:208} INFO - Processing /home/airflow/.local/lib/python3.12/site-packages/airflow/example_dags/example_workday_timetable.py took 0.100 seconds
[2025-07-01T21:38:10.601+0000] {processor.py:186} INFO - Started process (PID=2692) to work on /home/airflow/.local/lib/python3.12/site-packages/airflow/example_dags/example_workday_timetable.py
[2025-07-01T21:38:10.602+0000] {processor.py:914} INFO - Processing file /home/airflow/.local/lib/python3.12/site-packages/airflow/example_dags/example_workday_timetable.py for tasks to queue
[2025-07-01T21:38:10.605+0000] {logging_mixin.py:190} INFO - [2025-07-01T21:38:10.605+0000] {dagbag.py:588} INFO - Filling up the DagBag from /home/airflow/.local/lib/python3.12/site-packages/airflow/example_dags/example_workday_timetable.py
[2025-07-01T21:38:10.611+0000] {processor.py:925} INFO - DAG(s) 'example_workday_timetable' retrieved from /home/airflow/.local/lib/python3.12/site-packages/airflow/example_dags/example_workday_timetable.py
[2025-07-01T21:38:10.630+0000] {logging_mixin.py:190} INFO - [2025-07-01T21:38:10.629+0000] {dag.py:3239} INFO - Sync 1 DAGs
[2025-07-01T21:38:10.680+0000] {logging_mixin.py:190} INFO - [2025-07-01T21:38:10.680+0000] {dag.py:4180} INFO - Setting next_dagrun for example_workday_timetable to 2021-01-04 00:00:00+00:00, run_after=2021-01-05 00:00:00+00:00
[2025-07-01T21:38:10.699+0000] {processor.py:208} INFO - Processing /home/airflow/.local/lib/python3.12/site-packages/airflow/example_dags/example_workday_timetable.py took 0.104 seconds
[2025-07-01T21:38:41.313+0000] {processor.py:186} INFO - Started process (PID=2755) to work on /home/airflow/.local/lib/python3.12/site-packages/airflow/example_dags/example_workday_timetable.py
[2025-07-01T21:38:41.314+0000] {processor.py:914} INFO - Processing file /home/airflow/.local/lib/python3.12/site-packages/airflow/example_dags/example_workday_timetable.py for tasks to queue
[2025-07-01T21:38:41.316+0000] {logging_mixin.py:190} INFO - [2025-07-01T21:38:41.316+0000] {dagbag.py:588} INFO - Filling up the DagBag from /home/airflow/.local/lib/python3.12/site-packages/airflow/example_dags/example_workday_timetable.py
[2025-07-01T21:38:41.322+0000] {processor.py:925} INFO - DAG(s) 'example_workday_timetable' retrieved from /home/airflow/.local/lib/python3.12/site-packages/airflow/example_dags/example_workday_timetable.py
[2025-07-01T21:38:41.341+0000] {logging_mixin.py:190} INFO - [2025-07-01T21:38:41.341+0000] {dag.py:3239} INFO - Sync 1 DAGs
[2025-07-01T21:38:41.389+0000] {logging_mixin.py:190} INFO - [2025-07-01T21:38:41.389+0000] {dag.py:4180} INFO - Setting next_dagrun for example_workday_timetable to 2021-01-04 00:00:00+00:00, run_after=2021-01-05 00:00:00+00:00
[2025-07-01T21:38:41.407+0000] {processor.py:208} INFO - Processing /home/airflow/.local/lib/python3.12/site-packages/airflow/example_dags/example_workday_timetable.py took 0.099 seconds
[2025-07-01T21:39:12.185+0000] {processor.py:186} INFO - Started process (PID=2818) to work on /home/airflow/.local/lib/python3.12/site-packages/airflow/example_dags/example_workday_timetable.py
[2025-07-01T21:39:12.186+0000] {processor.py:914} INFO - Processing file /home/airflow/.local/lib/python3.12/site-packages/airflow/example_dags/example_workday_timetable.py for tasks to queue
[2025-07-01T21:39:12.188+0000] {logging_mixin.py:190} INFO - [2025-07-01T21:39:12.188+0000] {dagbag.py:588} INFO - Filling up the DagBag from /home/airflow/.local/lib/python3.12/site-packages/airflow/example_dags/example_workday_timetable.py
[2025-07-01T21:39:12.193+0000] {processor.py:925} INFO - DAG(s) 'example_workday_timetable' retrieved from /home/airflow/.local/lib/python3.12/site-packages/airflow/example_dags/example_workday_timetable.py
[2025-07-01T21:39:12.210+0000] {logging_mixin.py:190} INFO - [2025-07-01T21:39:12.210+0000] {dag.py:3239} INFO - Sync 1 DAGs
[2025-07-01T21:39:12.257+0000] {logging_mixin.py:190} INFO - [2025-07-01T21:39:12.256+0000] {dag.py:4180} INFO - Setting next_dagrun for example_workday_timetable to 2021-01-04 00:00:00+00:00, run_after=2021-01-05 00:00:00+00:00
[2025-07-01T21:39:12.275+0000] {processor.py:208} INFO - Processing /home/airflow/.local/lib/python3.12/site-packages/airflow/example_dags/example_workday_timetable.py took 0.095 seconds
[2025-07-01T21:39:43.054+0000] {processor.py:186} INFO - Started process (PID=2881) to work on /home/airflow/.local/lib/python3.12/site-packages/airflow/example_dags/example_workday_timetable.py
[2025-07-01T21:39:43.055+0000] {processor.py:914} INFO - Processing file /home/airflow/.local/lib/python3.12/site-packages/airflow/example_dags/example_workday_timetable.py for tasks to queue
[2025-07-01T21:39:43.057+0000] {logging_mixin.py:190} INFO - [2025-07-01T21:39:43.057+0000] {dagbag.py:588} INFO - Filling up the DagBag from /home/airflow/.local/lib/python3.12/site-packages/airflow/example_dags/example_workday_timetable.py
[2025-07-01T21:39:43.063+0000] {processor.py:925} INFO - DAG(s) 'example_workday_timetable' retrieved from /home/airflow/.local/lib/python3.12/site-packages/airflow/example_dags/example_workday_timetable.py
[2025-07-01T21:39:43.082+0000] {logging_mixin.py:190} INFO - [2025-07-01T21:39:43.082+0000] {dag.py:3239} INFO - Sync 1 DAGs
[2025-07-01T21:39:43.131+0000] {logging_mixin.py:190} INFO - [2025-07-01T21:39:43.131+0000] {dag.py:4180} INFO - Setting next_dagrun for example_workday_timetable to 2021-01-04 00:00:00+00:00, run_after=2021-01-05 00:00:00+00:00
[2025-07-01T21:39:43.153+0000] {processor.py:208} INFO - Processing /home/airflow/.local/lib/python3.12/site-packages/airflow/example_dags/example_workday_timetable.py took 0.104 seconds
[2025-07-01T21:40:13.997+0000] {processor.py:186} INFO - Started process (PID=2945) to work on /home/airflow/.local/lib/python3.12/site-packages/airflow/example_dags/example_workday_timetable.py
[2025-07-01T21:40:13.998+0000] {processor.py:914} INFO - Processing file /home/airflow/.local/lib/python3.12/site-packages/airflow/example_dags/example_workday_timetable.py for tasks to queue
[2025-07-01T21:40:14.001+0000] {logging_mixin.py:190} INFO - [2025-07-01T21:40:14.000+0000] {dagbag.py:588} INFO - Filling up the DagBag from /home/airflow/.local/lib/python3.12/site-packages/airflow/example_dags/example_workday_timetable.py
[2025-07-01T21:40:14.006+0000] {processor.py:925} INFO - DAG(s) 'example_workday_timetable' retrieved from /home/airflow/.local/lib/python3.12/site-packages/airflow/example_dags/example_workday_timetable.py
[2025-07-01T21:40:14.023+0000] {logging_mixin.py:190} INFO - [2025-07-01T21:40:14.023+0000] {dag.py:3239} INFO - Sync 1 DAGs
[2025-07-01T21:40:14.072+0000] {logging_mixin.py:190} INFO - [2025-07-01T21:40:14.071+0000] {dag.py:4180} INFO - Setting next_dagrun for example_workday_timetable to 2021-01-04 00:00:00+00:00, run_after=2021-01-05 00:00:00+00:00
[2025-07-01T21:40:14.091+0000] {processor.py:208} INFO - Processing /home/airflow/.local/lib/python3.12/site-packages/airflow/example_dags/example_workday_timetable.py took 0.098 seconds
[2025-07-01T21:40:44.652+0000] {processor.py:186} INFO - Started process (PID=3008) to work on /home/airflow/.local/lib/python3.12/site-packages/airflow/example_dags/example_workday_timetable.py
[2025-07-01T21:40:44.653+0000] {processor.py:914} INFO - Processing file /home/airflow/.local/lib/python3.12/site-packages/airflow/example_dags/example_workday_timetable.py for tasks to queue
[2025-07-01T21:40:44.656+0000] {logging_mixin.py:190} INFO - [2025-07-01T21:40:44.655+0000] {dagbag.py:588} INFO - Filling up the DagBag from /home/airflow/.local/lib/python3.12/site-packages/airflow/example_dags/example_workday_timetable.py
[2025-07-01T21:40:44.661+0000] {processor.py:925} INFO - DAG(s) 'example_workday_timetable' retrieved from /home/airflow/.local/lib/python3.12/site-packages/airflow/example_dags/example_workday_timetable.py
[2025-07-01T21:40:44.677+0000] {logging_mixin.py:190} INFO - [2025-07-01T21:40:44.677+0000] {dag.py:3239} INFO - Sync 1 DAGs
[2025-07-01T21:40:44.726+0000] {logging_mixin.py:190} INFO - [2025-07-01T21:40:44.726+0000] {dag.py:4180} INFO - Setting next_dagrun for example_workday_timetable to 2021-01-04 00:00:00+00:00, run_after=2021-01-05 00:00:00+00:00
[2025-07-01T21:40:44.742+0000] {processor.py:208} INFO - Processing /home/airflow/.local/lib/python3.12/site-packages/airflow/example_dags/example_workday_timetable.py took 0.095 seconds
[2025-07-01T21:41:15.411+0000] {processor.py:186} INFO - Started process (PID=3071) to work on /home/airflow/.local/lib/python3.12/site-packages/airflow/example_dags/example_workday_timetable.py
[2025-07-01T21:41:15.412+0000] {processor.py:914} INFO - Processing file /home/airflow/.local/lib/python3.12/site-packages/airflow/example_dags/example_workday_timetable.py for tasks to queue
[2025-07-01T21:41:15.415+0000] {logging_mixin.py:190} INFO - [2025-07-01T21:41:15.414+0000] {dagbag.py:588} INFO - Filling up the DagBag from /home/airflow/.local/lib/python3.12/site-packages/airflow/example_dags/example_workday_timetable.py
[2025-07-01T21:41:15.420+0000] {processor.py:925} INFO - DAG(s) 'example_workday_timetable' retrieved from /home/airflow/.local/lib/python3.12/site-packages/airflow/example_dags/example_workday_timetable.py
[2025-07-01T21:41:15.436+0000] {logging_mixin.py:190} INFO - [2025-07-01T21:41:15.436+0000] {dag.py:3239} INFO - Sync 1 DAGs
[2025-07-01T21:41:15.485+0000] {logging_mixin.py:190} INFO - [2025-07-01T21:41:15.484+0000] {dag.py:4180} INFO - Setting next_dagrun for example_workday_timetable to 2021-01-04 00:00:00+00:00, run_after=2021-01-05 00:00:00+00:00
[2025-07-01T21:41:15.503+0000] {processor.py:208} INFO - Processing /home/airflow/.local/lib/python3.12/site-packages/airflow/example_dags/example_workday_timetable.py took 0.096 seconds
[2025-07-01T21:41:46.458+0000] {processor.py:186} INFO - Started process (PID=3134) to work on /home/airflow/.local/lib/python3.12/site-packages/airflow/example_dags/example_workday_timetable.py
[2025-07-01T21:41:46.459+0000] {processor.py:914} INFO - Processing file /home/airflow/.local/lib/python3.12/site-packages/airflow/example_dags/example_workday_timetable.py for tasks to queue
[2025-07-01T21:41:46.461+0000] {logging_mixin.py:190} INFO - [2025-07-01T21:41:46.460+0000] {dagbag.py:588} INFO - Filling up the DagBag from /home/airflow/.local/lib/python3.12/site-packages/airflow/example_dags/example_workday_timetable.py
[2025-07-01T21:41:46.465+0000] {processor.py:925} INFO - DAG(s) 'example_workday_timetable' retrieved from /home/airflow/.local/lib/python3.12/site-packages/airflow/example_dags/example_workday_timetable.py
[2025-07-01T21:41:46.483+0000] {logging_mixin.py:190} INFO - [2025-07-01T21:41:46.483+0000] {dag.py:3239} INFO - Sync 1 DAGs
[2025-07-01T21:41:46.531+0000] {logging_mixin.py:190} INFO - [2025-07-01T21:41:46.531+0000] {dag.py:4180} INFO - Setting next_dagrun for example_workday_timetable to 2021-01-04 00:00:00+00:00, run_after=2021-01-05 00:00:00+00:00
[2025-07-01T21:41:46.551+0000] {processor.py:208} INFO - Processing /home/airflow/.local/lib/python3.12/site-packages/airflow/example_dags/example_workday_timetable.py took 0.099 seconds
[2025-07-01T21:42:17.210+0000] {processor.py:186} INFO - Started process (PID=3197) to work on /home/airflow/.local/lib/python3.12/site-packages/airflow/example_dags/example_workday_timetable.py
[2025-07-01T21:42:17.212+0000] {processor.py:914} INFO - Processing file /home/airflow/.local/lib/python3.12/site-packages/airflow/example_dags/example_workday_timetable.py for tasks to queue
[2025-07-01T21:42:17.214+0000] {logging_mixin.py:190} INFO - [2025-07-01T21:42:17.214+0000] {dagbag.py:588} INFO - Filling up the DagBag from /home/airflow/.local/lib/python3.12/site-packages/airflow/example_dags/example_workday_timetable.py
[2025-07-01T21:42:17.220+0000] {processor.py:925} INFO - DAG(s) 'example_workday_timetable' retrieved from /home/airflow/.local/lib/python3.12/site-packages/airflow/example_dags/example_workday_timetable.py
[2025-07-01T21:42:17.238+0000] {logging_mixin.py:190} INFO - [2025-07-01T21:42:17.238+0000] {dag.py:3239} INFO - Sync 1 DAGs
[2025-07-01T21:42:17.290+0000] {logging_mixin.py:190} INFO - [2025-07-01T21:42:17.289+0000] {dag.py:4180} INFO - Setting next_dagrun for example_workday_timetable to 2021-01-04 00:00:00+00:00, run_after=2021-01-05 00:00:00+00:00
[2025-07-01T21:42:17.313+0000] {processor.py:208} INFO - Processing /home/airflow/.local/lib/python3.12/site-packages/airflow/example_dags/example_workday_timetable.py took 0.107 seconds
[2025-07-01T21:42:48.241+0000] {processor.py:186} INFO - Started process (PID=3261) to work on /home/airflow/.local/lib/python3.12/site-packages/airflow/example_dags/example_workday_timetable.py
[2025-07-01T21:42:48.242+0000] {processor.py:914} INFO - Processing file /home/airflow/.local/lib/python3.12/site-packages/airflow/example_dags/example_workday_timetable.py for tasks to queue
[2025-07-01T21:42:48.244+0000] {logging_mixin.py:190} INFO - [2025-07-01T21:42:48.244+0000] {dagbag.py:588} INFO - Filling up the DagBag from /home/airflow/.local/lib/python3.12/site-packages/airflow/example_dags/example_workday_timetable.py
[2025-07-01T21:42:48.249+0000] {processor.py:925} INFO - DAG(s) 'example_workday_timetable' retrieved from /home/airflow/.local/lib/python3.12/site-packages/airflow/example_dags/example_workday_timetable.py
[2025-07-01T21:42:48.266+0000] {logging_mixin.py:190} INFO - [2025-07-01T21:42:48.266+0000] {dag.py:3239} INFO - Sync 1 DAGs
[2025-07-01T21:42:48.317+0000] {logging_mixin.py:190} INFO - [2025-07-01T21:42:48.317+0000] {dag.py:4180} INFO - Setting next_dagrun for example_workday_timetable to 2021-01-04 00:00:00+00:00, run_after=2021-01-05 00:00:00+00:00
[2025-07-01T21:42:48.336+0000] {processor.py:208} INFO - Processing /home/airflow/.local/lib/python3.12/site-packages/airflow/example_dags/example_workday_timetable.py took 0.100 seconds
[2025-07-01T21:43:19.398+0000] {processor.py:186} INFO - Started process (PID=3324) to work on /home/airflow/.local/lib/python3.12/site-packages/airflow/example_dags/example_workday_timetable.py
[2025-07-01T21:43:19.399+0000] {processor.py:914} INFO - Processing file /home/airflow/.local/lib/python3.12/site-packages/airflow/example_dags/example_workday_timetable.py for tasks to queue
[2025-07-01T21:43:19.401+0000] {logging_mixin.py:190} INFO - [2025-07-01T21:43:19.401+0000] {dagbag.py:588} INFO - Filling up the DagBag from /home/airflow/.local/lib/python3.12/site-packages/airflow/example_dags/example_workday_timetable.py
[2025-07-01T21:43:19.406+0000] {processor.py:925} INFO - DAG(s) 'example_workday_timetable' retrieved from /home/airflow/.local/lib/python3.12/site-packages/airflow/example_dags/example_workday_timetable.py
[2025-07-01T21:43:19.422+0000] {logging_mixin.py:190} INFO - [2025-07-01T21:43:19.422+0000] {dag.py:3239} INFO - Sync 1 DAGs
[2025-07-01T21:43:19.469+0000] {logging_mixin.py:190} INFO - [2025-07-01T21:43:19.469+0000] {dag.py:4180} INFO - Setting next_dagrun for example_workday_timetable to 2021-01-04 00:00:00+00:00, run_after=2021-01-05 00:00:00+00:00
[2025-07-01T21:43:19.488+0000] {processor.py:208} INFO - Processing /home/airflow/.local/lib/python3.12/site-packages/airflow/example_dags/example_workday_timetable.py took 0.095 seconds
[2025-07-01T21:43:50.251+0000] {processor.py:186} INFO - Started process (PID=3387) to work on /home/airflow/.local/lib/python3.12/site-packages/airflow/example_dags/example_workday_timetable.py
[2025-07-01T21:43:50.252+0000] {processor.py:914} INFO - Processing file /home/airflow/.local/lib/python3.12/site-packages/airflow/example_dags/example_workday_timetable.py for tasks to queue
[2025-07-01T21:43:50.254+0000] {logging_mixin.py:190} INFO - [2025-07-01T21:43:50.254+0000] {dagbag.py:588} INFO - Filling up the DagBag from /home/airflow/.local/lib/python3.12/site-packages/airflow/example_dags/example_workday_timetable.py
[2025-07-01T21:43:50.259+0000] {processor.py:925} INFO - DAG(s) 'example_workday_timetable' retrieved from /home/airflow/.local/lib/python3.12/site-packages/airflow/example_dags/example_workday_timetable.py
[2025-07-01T21:43:50.277+0000] {logging_mixin.py:190} INFO - [2025-07-01T21:43:50.277+0000] {dag.py:3239} INFO - Sync 1 DAGs
[2025-07-01T21:43:50.327+0000] {logging_mixin.py:190} INFO - [2025-07-01T21:43:50.326+0000] {dag.py:4180} INFO - Setting next_dagrun for example_workday_timetable to 2021-01-04 00:00:00+00:00, run_after=2021-01-05 00:00:00+00:00
[2025-07-01T21:43:50.346+0000] {processor.py:208} INFO - Processing /home/airflow/.local/lib/python3.12/site-packages/airflow/example_dags/example_workday_timetable.py took 0.099 seconds
[2025-07-01T21:44:20.978+0000] {processor.py:186} INFO - Started process (PID=3450) to work on /home/airflow/.local/lib/python3.12/site-packages/airflow/example_dags/example_workday_timetable.py
[2025-07-01T21:44:20.979+0000] {processor.py:914} INFO - Processing file /home/airflow/.local/lib/python3.12/site-packages/airflow/example_dags/example_workday_timetable.py for tasks to queue
[2025-07-01T21:44:20.983+0000] {logging_mixin.py:190} INFO - [2025-07-01T21:44:20.983+0000] {dagbag.py:588} INFO - Filling up the DagBag from /home/airflow/.local/lib/python3.12/site-packages/airflow/example_dags/example_workday_timetable.py
[2025-07-01T21:44:20.990+0000] {processor.py:925} INFO - DAG(s) 'example_workday_timetable' retrieved from /home/airflow/.local/lib/python3.12/site-packages/airflow/example_dags/example_workday_timetable.py
[2025-07-01T21:44:21.008+0000] {logging_mixin.py:190} INFO - [2025-07-01T21:44:21.008+0000] {dag.py:3239} INFO - Sync 1 DAGs
[2025-07-01T21:44:21.055+0000] {logging_mixin.py:190} INFO - [2025-07-01T21:44:21.055+0000] {dag.py:4180} INFO - Setting next_dagrun for example_workday_timetable to 2021-01-04 00:00:00+00:00, run_after=2021-01-05 00:00:00+00:00
[2025-07-01T21:44:21.076+0000] {processor.py:208} INFO - Processing /home/airflow/.local/lib/python3.12/site-packages/airflow/example_dags/example_workday_timetable.py took 0.103 seconds
[2025-07-01T21:44:51.640+0000] {processor.py:186} INFO - Started process (PID=3519) to work on /home/airflow/.local/lib/python3.12/site-packages/airflow/example_dags/example_workday_timetable.py
[2025-07-01T21:44:51.641+0000] {processor.py:914} INFO - Processing file /home/airflow/.local/lib/python3.12/site-packages/airflow/example_dags/example_workday_timetable.py for tasks to queue
[2025-07-01T21:44:51.644+0000] {logging_mixin.py:190} INFO - [2025-07-01T21:44:51.644+0000] {dagbag.py:588} INFO - Filling up the DagBag from /home/airflow/.local/lib/python3.12/site-packages/airflow/example_dags/example_workday_timetable.py
[2025-07-01T21:44:51.649+0000] {processor.py:925} INFO - DAG(s) 'example_workday_timetable' retrieved from /home/airflow/.local/lib/python3.12/site-packages/airflow/example_dags/example_workday_timetable.py
[2025-07-01T21:44:51.666+0000] {logging_mixin.py:190} INFO - [2025-07-01T21:44:51.665+0000] {dag.py:3239} INFO - Sync 1 DAGs
[2025-07-01T21:44:51.718+0000] {logging_mixin.py:190} INFO - [2025-07-01T21:44:51.718+0000] {dag.py:4180} INFO - Setting next_dagrun for example_workday_timetable to 2021-01-04 00:00:00+00:00, run_after=2021-01-05 00:00:00+00:00
[2025-07-01T21:44:51.738+0000] {processor.py:208} INFO - Processing /home/airflow/.local/lib/python3.12/site-packages/airflow/example_dags/example_workday_timetable.py took 0.104 seconds
[2025-07-01T21:45:22.679+0000] {processor.py:186} INFO - Started process (PID=3582) to work on /home/airflow/.local/lib/python3.12/site-packages/airflow/example_dags/example_workday_timetable.py
[2025-07-01T21:45:22.680+0000] {processor.py:914} INFO - Processing file /home/airflow/.local/lib/python3.12/site-packages/airflow/example_dags/example_workday_timetable.py for tasks to queue
[2025-07-01T21:45:22.683+0000] {logging_mixin.py:190} INFO - [2025-07-01T21:45:22.683+0000] {dagbag.py:588} INFO - Filling up the DagBag from /home/airflow/.local/lib/python3.12/site-packages/airflow/example_dags/example_workday_timetable.py
[2025-07-01T21:45:22.689+0000] {processor.py:925} INFO - DAG(s) 'example_workday_timetable' retrieved from /home/airflow/.local/lib/python3.12/site-packages/airflow/example_dags/example_workday_timetable.py
[2025-07-01T21:45:22.707+0000] {logging_mixin.py:190} INFO - [2025-07-01T21:45:22.707+0000] {dag.py:3239} INFO - Sync 1 DAGs
[2025-07-01T21:45:22.757+0000] {logging_mixin.py:190} INFO - [2025-07-01T21:45:22.757+0000] {dag.py:4180} INFO - Setting next_dagrun for example_workday_timetable to 2021-01-04 00:00:00+00:00, run_after=2021-01-05 00:00:00+00:00
[2025-07-01T21:45:22.777+0000] {processor.py:208} INFO - Processing /home/airflow/.local/lib/python3.12/site-packages/airflow/example_dags/example_workday_timetable.py took 0.103 seconds
[2025-07-01T21:45:53.688+0000] {processor.py:186} INFO - Started process (PID=3645) to work on /home/airflow/.local/lib/python3.12/site-packages/airflow/example_dags/example_workday_timetable.py
[2025-07-01T21:45:53.689+0000] {processor.py:914} INFO - Processing file /home/airflow/.local/lib/python3.12/site-packages/airflow/example_dags/example_workday_timetable.py for tasks to queue
[2025-07-01T21:45:53.692+0000] {logging_mixin.py:190} INFO - [2025-07-01T21:45:53.691+0000] {dagbag.py:588} INFO - Filling up the DagBag from /home/airflow/.local/lib/python3.12/site-packages/airflow/example_dags/example_workday_timetable.py
[2025-07-01T21:45:53.698+0000] {processor.py:925} INFO - DAG(s) 'example_workday_timetable' retrieved from /home/airflow/.local/lib/python3.12/site-packages/airflow/example_dags/example_workday_timetable.py
[2025-07-01T21:45:53.716+0000] {logging_mixin.py:190} INFO - [2025-07-01T21:45:53.716+0000] {dag.py:3239} INFO - Sync 1 DAGs
[2025-07-01T21:45:53.783+0000] {logging_mixin.py:190} INFO - [2025-07-01T21:45:53.783+0000] {dag.py:4180} INFO - Setting next_dagrun for example_workday_timetable to 2021-01-04 00:00:00+00:00, run_after=2021-01-05 00:00:00+00:00
[2025-07-01T21:45:53.806+0000] {processor.py:208} INFO - Processing /home/airflow/.local/lib/python3.12/site-packages/airflow/example_dags/example_workday_timetable.py took 0.123 seconds
[2025-07-01T21:46:24.510+0000] {processor.py:186} INFO - Started process (PID=3708) to work on /home/airflow/.local/lib/python3.12/site-packages/airflow/example_dags/example_workday_timetable.py
[2025-07-01T21:46:24.512+0000] {processor.py:914} INFO - Processing file /home/airflow/.local/lib/python3.12/site-packages/airflow/example_dags/example_workday_timetable.py for tasks to queue
[2025-07-01T21:46:24.514+0000] {logging_mixin.py:190} INFO - [2025-07-01T21:46:24.514+0000] {dagbag.py:588} INFO - Filling up the DagBag from /home/airflow/.local/lib/python3.12/site-packages/airflow/example_dags/example_workday_timetable.py
[2025-07-01T21:46:24.519+0000] {processor.py:925} INFO - DAG(s) 'example_workday_timetable' retrieved from /home/airflow/.local/lib/python3.12/site-packages/airflow/example_dags/example_workday_timetable.py
[2025-07-01T21:46:24.535+0000] {logging_mixin.py:190} INFO - [2025-07-01T21:46:24.535+0000] {dag.py:3239} INFO - Sync 1 DAGs
[2025-07-01T21:46:24.589+0000] {logging_mixin.py:190} INFO - [2025-07-01T21:46:24.588+0000] {dag.py:4180} INFO - Setting next_dagrun for example_workday_timetable to 2021-01-04 00:00:00+00:00, run_after=2021-01-05 00:00:00+00:00
[2025-07-01T21:46:24.609+0000] {processor.py:208} INFO - Processing /home/airflow/.local/lib/python3.12/site-packages/airflow/example_dags/example_workday_timetable.py took 0.104 seconds
[2025-07-01T21:46:55.417+0000] {processor.py:186} INFO - Started process (PID=3771) to work on /home/airflow/.local/lib/python3.12/site-packages/airflow/example_dags/example_workday_timetable.py
[2025-07-01T21:46:55.418+0000] {processor.py:914} INFO - Processing file /home/airflow/.local/lib/python3.12/site-packages/airflow/example_dags/example_workday_timetable.py for tasks to queue
[2025-07-01T21:46:55.421+0000] {logging_mixin.py:190} INFO - [2025-07-01T21:46:55.421+0000] {dagbag.py:588} INFO - Filling up the DagBag from /home/airflow/.local/lib/python3.12/site-packages/airflow/example_dags/example_workday_timetable.py
[2025-07-01T21:46:55.430+0000] {processor.py:925} INFO - DAG(s) 'example_workday_timetable' retrieved from /home/airflow/.local/lib/python3.12/site-packages/airflow/example_dags/example_workday_timetable.py
[2025-07-01T21:46:55.452+0000] {logging_mixin.py:190} INFO - [2025-07-01T21:46:55.451+0000] {dag.py:3239} INFO - Sync 1 DAGs
[2025-07-01T21:46:55.509+0000] {logging_mixin.py:190} INFO - [2025-07-01T21:46:55.508+0000] {dag.py:4180} INFO - Setting next_dagrun for example_workday_timetable to 2021-01-04 00:00:00+00:00, run_after=2021-01-05 00:00:00+00:00
[2025-07-01T21:46:55.528+0000] {processor.py:208} INFO - Processing /home/airflow/.local/lib/python3.12/site-packages/airflow/example_dags/example_workday_timetable.py took 0.119 seconds
[2025-07-01T21:47:26.345+0000] {processor.py:186} INFO - Started process (PID=3834) to work on /home/airflow/.local/lib/python3.12/site-packages/airflow/example_dags/example_workday_timetable.py
[2025-07-01T21:47:26.346+0000] {processor.py:914} INFO - Processing file /home/airflow/.local/lib/python3.12/site-packages/airflow/example_dags/example_workday_timetable.py for tasks to queue
[2025-07-01T21:47:26.348+0000] {logging_mixin.py:190} INFO - [2025-07-01T21:47:26.348+0000] {dagbag.py:588} INFO - Filling up the DagBag from /home/airflow/.local/lib/python3.12/site-packages/airflow/example_dags/example_workday_timetable.py
[2025-07-01T21:47:26.353+0000] {processor.py:925} INFO - DAG(s) 'example_workday_timetable' retrieved from /home/airflow/.local/lib/python3.12/site-packages/airflow/example_dags/example_workday_timetable.py
[2025-07-01T21:47:26.371+0000] {logging_mixin.py:190} INFO - [2025-07-01T21:47:26.371+0000] {dag.py:3239} INFO - Sync 1 DAGs
[2025-07-01T21:47:26.418+0000] {logging_mixin.py:190} INFO - [2025-07-01T21:47:26.418+0000] {dag.py:4180} INFO - Setting next_dagrun for example_workday_timetable to 2021-01-04 00:00:00+00:00, run_after=2021-01-05 00:00:00+00:00
[2025-07-01T21:47:26.585+0000] {processor.py:208} INFO - Processing /home/airflow/.local/lib/python3.12/site-packages/airflow/example_dags/example_workday_timetable.py took 0.245 seconds
[2025-07-01T21:47:57.346+0000] {processor.py:186} INFO - Started process (PID=3897) to work on /home/airflow/.local/lib/python3.12/site-packages/airflow/example_dags/example_workday_timetable.py
[2025-07-01T21:47:57.347+0000] {processor.py:914} INFO - Processing file /home/airflow/.local/lib/python3.12/site-packages/airflow/example_dags/example_workday_timetable.py for tasks to queue
[2025-07-01T21:47:57.349+0000] {logging_mixin.py:190} INFO - [2025-07-01T21:47:57.349+0000] {dagbag.py:588} INFO - Filling up the DagBag from /home/airflow/.local/lib/python3.12/site-packages/airflow/example_dags/example_workday_timetable.py
[2025-07-01T21:47:57.354+0000] {processor.py:925} INFO - DAG(s) 'example_workday_timetable' retrieved from /home/airflow/.local/lib/python3.12/site-packages/airflow/example_dags/example_workday_timetable.py
[2025-07-01T21:47:57.373+0000] {logging_mixin.py:190} INFO - [2025-07-01T21:47:57.373+0000] {dag.py:3239} INFO - Sync 1 DAGs
[2025-07-01T21:47:57.420+0000] {logging_mixin.py:190} INFO - [2025-07-01T21:47:57.420+0000] {dag.py:4180} INFO - Setting next_dagrun for example_workday_timetable to 2021-01-04 00:00:00+00:00, run_after=2021-01-05 00:00:00+00:00
[2025-07-01T21:47:57.439+0000] {processor.py:208} INFO - Processing /home/airflow/.local/lib/python3.12/site-packages/airflow/example_dags/example_workday_timetable.py took 0.098 seconds
[2025-07-01T21:48:28.156+0000] {processor.py:186} INFO - Started process (PID=3960) to work on /home/airflow/.local/lib/python3.12/site-packages/airflow/example_dags/example_workday_timetable.py
[2025-07-01T21:48:28.157+0000] {processor.py:914} INFO - Processing file /home/airflow/.local/lib/python3.12/site-packages/airflow/example_dags/example_workday_timetable.py for tasks to queue
[2025-07-01T21:48:28.159+0000] {logging_mixin.py:190} INFO - [2025-07-01T21:48:28.159+0000] {dagbag.py:588} INFO - Filling up the DagBag from /home/airflow/.local/lib/python3.12/site-packages/airflow/example_dags/example_workday_timetable.py
[2025-07-01T21:48:28.164+0000] {processor.py:925} INFO - DAG(s) 'example_workday_timetable' retrieved from /home/airflow/.local/lib/python3.12/site-packages/airflow/example_dags/example_workday_timetable.py
[2025-07-01T21:48:28.181+0000] {logging_mixin.py:190} INFO - [2025-07-01T21:48:28.181+0000] {dag.py:3239} INFO - Sync 1 DAGs
[2025-07-01T21:48:28.226+0000] {logging_mixin.py:190} INFO - [2025-07-01T21:48:28.226+0000] {dag.py:4180} INFO - Setting next_dagrun for example_workday_timetable to 2021-01-04 00:00:00+00:00, run_after=2021-01-05 00:00:00+00:00
[2025-07-01T21:48:28.245+0000] {processor.py:208} INFO - Processing /home/airflow/.local/lib/python3.12/site-packages/airflow/example_dags/example_workday_timetable.py took 0.095 seconds
[2025-07-01T21:48:58.772+0000] {processor.py:186} INFO - Started process (PID=4024) to work on /home/airflow/.local/lib/python3.12/site-packages/airflow/example_dags/example_workday_timetable.py
[2025-07-01T21:48:58.773+0000] {processor.py:914} INFO - Processing file /home/airflow/.local/lib/python3.12/site-packages/airflow/example_dags/example_workday_timetable.py for tasks to queue
[2025-07-01T21:48:58.775+0000] {logging_mixin.py:190} INFO - [2025-07-01T21:48:58.775+0000] {dagbag.py:588} INFO - Filling up the DagBag from /home/airflow/.local/lib/python3.12/site-packages/airflow/example_dags/example_workday_timetable.py
[2025-07-01T21:48:58.780+0000] {processor.py:925} INFO - DAG(s) 'example_workday_timetable' retrieved from /home/airflow/.local/lib/python3.12/site-packages/airflow/example_dags/example_workday_timetable.py
[2025-07-01T21:48:58.797+0000] {logging_mixin.py:190} INFO - [2025-07-01T21:48:58.797+0000] {dag.py:3239} INFO - Sync 1 DAGs
[2025-07-01T21:48:58.841+0000] {logging_mixin.py:190} INFO - [2025-07-01T21:48:58.841+0000] {dag.py:4180} INFO - Setting next_dagrun for example_workday_timetable to 2021-01-04 00:00:00+00:00, run_after=2021-01-05 00:00:00+00:00
[2025-07-01T21:48:58.859+0000] {processor.py:208} INFO - Processing /home/airflow/.local/lib/python3.12/site-packages/airflow/example_dags/example_workday_timetable.py took 0.092 seconds
[2025-07-01T21:49:29.605+0000] {processor.py:186} INFO - Started process (PID=4087) to work on /home/airflow/.local/lib/python3.12/site-packages/airflow/example_dags/example_workday_timetable.py
[2025-07-01T21:49:29.606+0000] {processor.py:914} INFO - Processing file /home/airflow/.local/lib/python3.12/site-packages/airflow/example_dags/example_workday_timetable.py for tasks to queue
[2025-07-01T21:49:29.608+0000] {logging_mixin.py:190} INFO - [2025-07-01T21:49:29.607+0000] {dagbag.py:588} INFO - Filling up the DagBag from /home/airflow/.local/lib/python3.12/site-packages/airflow/example_dags/example_workday_timetable.py
[2025-07-01T21:49:29.612+0000] {processor.py:925} INFO - DAG(s) 'example_workday_timetable' retrieved from /home/airflow/.local/lib/python3.12/site-packages/airflow/example_dags/example_workday_timetable.py
[2025-07-01T21:49:29.630+0000] {logging_mixin.py:190} INFO - [2025-07-01T21:49:29.630+0000] {dag.py:3239} INFO - Sync 1 DAGs
[2025-07-01T21:49:29.676+0000] {logging_mixin.py:190} INFO - [2025-07-01T21:49:29.676+0000] {dag.py:4180} INFO - Setting next_dagrun for example_workday_timetable to 2021-01-04 00:00:00+00:00, run_after=2021-01-05 00:00:00+00:00
[2025-07-01T21:49:29.700+0000] {processor.py:208} INFO - Processing /home/airflow/.local/lib/python3.12/site-packages/airflow/example_dags/example_workday_timetable.py took 0.100 seconds
[2025-07-01T21:50:00.102+0000] {processor.py:186} INFO - Started process (PID=4151) to work on /home/airflow/.local/lib/python3.12/site-packages/airflow/example_dags/example_workday_timetable.py
[2025-07-01T21:50:00.103+0000] {processor.py:914} INFO - Processing file /home/airflow/.local/lib/python3.12/site-packages/airflow/example_dags/example_workday_timetable.py for tasks to queue
[2025-07-01T21:50:00.105+0000] {logging_mixin.py:190} INFO - [2025-07-01T21:50:00.105+0000] {dagbag.py:588} INFO - Filling up the DagBag from /home/airflow/.local/lib/python3.12/site-packages/airflow/example_dags/example_workday_timetable.py
[2025-07-01T21:50:00.111+0000] {processor.py:925} INFO - DAG(s) 'example_workday_timetable' retrieved from /home/airflow/.local/lib/python3.12/site-packages/airflow/example_dags/example_workday_timetable.py
[2025-07-01T21:50:00.131+0000] {logging_mixin.py:190} INFO - [2025-07-01T21:50:00.130+0000] {dag.py:3239} INFO - Sync 1 DAGs
[2025-07-01T21:50:00.183+0000] {logging_mixin.py:190} INFO - [2025-07-01T21:50:00.183+0000] {dag.py:4180} INFO - Setting next_dagrun for example_workday_timetable to 2021-01-04 00:00:00+00:00, run_after=2021-01-05 00:00:00+00:00
[2025-07-01T21:50:00.204+0000] {processor.py:208} INFO - Processing /home/airflow/.local/lib/python3.12/site-packages/airflow/example_dags/example_workday_timetable.py took 0.108 seconds
[2025-07-01T21:50:31.293+0000] {processor.py:186} INFO - Started process (PID=4214) to work on /home/airflow/.local/lib/python3.12/site-packages/airflow/example_dags/example_workday_timetable.py
[2025-07-01T21:50:31.294+0000] {processor.py:914} INFO - Processing file /home/airflow/.local/lib/python3.12/site-packages/airflow/example_dags/example_workday_timetable.py for tasks to queue
[2025-07-01T21:50:31.296+0000] {logging_mixin.py:190} INFO - [2025-07-01T21:50:31.296+0000] {dagbag.py:588} INFO - Filling up the DagBag from /home/airflow/.local/lib/python3.12/site-packages/airflow/example_dags/example_workday_timetable.py
[2025-07-01T21:50:31.301+0000] {processor.py:925} INFO - DAG(s) 'example_workday_timetable' retrieved from /home/airflow/.local/lib/python3.12/site-packages/airflow/example_dags/example_workday_timetable.py
[2025-07-01T21:50:31.317+0000] {logging_mixin.py:190} INFO - [2025-07-01T21:50:31.317+0000] {dag.py:3239} INFO - Sync 1 DAGs
[2025-07-01T21:50:31.522+0000] {logging_mixin.py:190} INFO - [2025-07-01T21:50:31.521+0000] {dag.py:4180} INFO - Setting next_dagrun for example_workday_timetable to 2021-01-04 00:00:00+00:00, run_after=2021-01-05 00:00:00+00:00
[2025-07-01T21:50:31.539+0000] {processor.py:208} INFO - Processing /home/airflow/.local/lib/python3.12/site-packages/airflow/example_dags/example_workday_timetable.py took 0.252 seconds
[2025-07-01T21:51:01.811+0000] {processor.py:186} INFO - Started process (PID=4277) to work on /home/airflow/.local/lib/python3.12/site-packages/airflow/example_dags/example_workday_timetable.py
[2025-07-01T21:51:01.812+0000] {processor.py:914} INFO - Processing file /home/airflow/.local/lib/python3.12/site-packages/airflow/example_dags/example_workday_timetable.py for tasks to queue
[2025-07-01T21:51:01.814+0000] {logging_mixin.py:190} INFO - [2025-07-01T21:51:01.814+0000] {dagbag.py:588} INFO - Filling up the DagBag from /home/airflow/.local/lib/python3.12/site-packages/airflow/example_dags/example_workday_timetable.py
[2025-07-01T21:51:01.819+0000] {processor.py:925} INFO - DAG(s) 'example_workday_timetable' retrieved from /home/airflow/.local/lib/python3.12/site-packages/airflow/example_dags/example_workday_timetable.py
[2025-07-01T21:51:01.836+0000] {logging_mixin.py:190} INFO - [2025-07-01T21:51:01.835+0000] {dag.py:3239} INFO - Sync 1 DAGs
[2025-07-01T21:51:01.885+0000] {logging_mixin.py:190} INFO - [2025-07-01T21:51:01.885+0000] {dag.py:4180} INFO - Setting next_dagrun for example_workday_timetable to 2021-01-04 00:00:00+00:00, run_after=2021-01-05 00:00:00+00:00
[2025-07-01T21:51:01.906+0000] {processor.py:208} INFO - Processing /home/airflow/.local/lib/python3.12/site-packages/airflow/example_dags/example_workday_timetable.py took 0.100 seconds
[2025-07-01T21:51:32.624+0000] {processor.py:186} INFO - Started process (PID=4340) to work on /home/airflow/.local/lib/python3.12/site-packages/airflow/example_dags/example_workday_timetable.py
[2025-07-01T21:51:32.625+0000] {processor.py:914} INFO - Processing file /home/airflow/.local/lib/python3.12/site-packages/airflow/example_dags/example_workday_timetable.py for tasks to queue
[2025-07-01T21:51:32.627+0000] {logging_mixin.py:190} INFO - [2025-07-01T21:51:32.627+0000] {dagbag.py:588} INFO - Filling up the DagBag from /home/airflow/.local/lib/python3.12/site-packages/airflow/example_dags/example_workday_timetable.py
[2025-07-01T21:51:32.633+0000] {processor.py:925} INFO - DAG(s) 'example_workday_timetable' retrieved from /home/airflow/.local/lib/python3.12/site-packages/airflow/example_dags/example_workday_timetable.py
[2025-07-01T21:51:32.793+0000] {logging_mixin.py:190} INFO - [2025-07-01T21:51:32.792+0000] {dag.py:3239} INFO - Sync 1 DAGs
[2025-07-01T21:51:32.839+0000] {logging_mixin.py:190} INFO - [2025-07-01T21:51:32.839+0000] {dag.py:4180} INFO - Setting next_dagrun for example_workday_timetable to 2021-01-04 00:00:00+00:00, run_after=2021-01-05 00:00:00+00:00
[2025-07-01T21:51:32.861+0000] {processor.py:208} INFO - Processing /home/airflow/.local/lib/python3.12/site-packages/airflow/example_dags/example_workday_timetable.py took 0.243 seconds
[2025-07-01T21:52:03.291+0000] {processor.py:186} INFO - Started process (PID=4403) to work on /home/airflow/.local/lib/python3.12/site-packages/airflow/example_dags/example_workday_timetable.py
[2025-07-01T21:52:03.292+0000] {processor.py:914} INFO - Processing file /home/airflow/.local/lib/python3.12/site-packages/airflow/example_dags/example_workday_timetable.py for tasks to queue
[2025-07-01T21:52:03.294+0000] {logging_mixin.py:190} INFO - [2025-07-01T21:52:03.294+0000] {dagbag.py:588} INFO - Filling up the DagBag from /home/airflow/.local/lib/python3.12/site-packages/airflow/example_dags/example_workday_timetable.py
[2025-07-01T21:52:03.299+0000] {processor.py:925} INFO - DAG(s) 'example_workday_timetable' retrieved from /home/airflow/.local/lib/python3.12/site-packages/airflow/example_dags/example_workday_timetable.py
[2025-07-01T21:52:03.314+0000] {logging_mixin.py:190} INFO - [2025-07-01T21:52:03.314+0000] {dag.py:3239} INFO - Sync 1 DAGs
[2025-07-01T21:52:03.359+0000] {logging_mixin.py:190} INFO - [2025-07-01T21:52:03.359+0000] {dag.py:4180} INFO - Setting next_dagrun for example_workday_timetable to 2021-01-04 00:00:00+00:00, run_after=2021-01-05 00:00:00+00:00
[2025-07-01T21:52:03.377+0000] {processor.py:208} INFO - Processing /home/airflow/.local/lib/python3.12/site-packages/airflow/example_dags/example_workday_timetable.py took 0.090 seconds
[2025-07-01T21:52:33.672+0000] {processor.py:186} INFO - Started process (PID=4466) to work on /home/airflow/.local/lib/python3.12/site-packages/airflow/example_dags/example_workday_timetable.py
[2025-07-01T21:52:33.673+0000] {processor.py:914} INFO - Processing file /home/airflow/.local/lib/python3.12/site-packages/airflow/example_dags/example_workday_timetable.py for tasks to queue
[2025-07-01T21:52:33.675+0000] {logging_mixin.py:190} INFO - [2025-07-01T21:52:33.675+0000] {dagbag.py:588} INFO - Filling up the DagBag from /home/airflow/.local/lib/python3.12/site-packages/airflow/example_dags/example_workday_timetable.py
[2025-07-01T21:52:33.680+0000] {processor.py:925} INFO - DAG(s) 'example_workday_timetable' retrieved from /home/airflow/.local/lib/python3.12/site-packages/airflow/example_dags/example_workday_timetable.py
[2025-07-01T21:52:33.697+0000] {logging_mixin.py:190} INFO - [2025-07-01T21:52:33.697+0000] {dag.py:3239} INFO - Sync 1 DAGs
[2025-07-01T21:52:33.753+0000] {logging_mixin.py:190} INFO - [2025-07-01T21:52:33.753+0000] {dag.py:4180} INFO - Setting next_dagrun for example_workday_timetable to 2021-01-04 00:00:00+00:00, run_after=2021-01-05 00:00:00+00:00
[2025-07-01T21:52:33.774+0000] {processor.py:208} INFO - Processing /home/airflow/.local/lib/python3.12/site-packages/airflow/example_dags/example_workday_timetable.py took 0.107 seconds
[2025-07-01T21:53:03.893+0000] {processor.py:186} INFO - Started process (PID=4529) to work on /home/airflow/.local/lib/python3.12/site-packages/airflow/example_dags/example_workday_timetable.py
[2025-07-01T21:53:03.894+0000] {processor.py:914} INFO - Processing file /home/airflow/.local/lib/python3.12/site-packages/airflow/example_dags/example_workday_timetable.py for tasks to queue
[2025-07-01T21:53:03.896+0000] {logging_mixin.py:190} INFO - [2025-07-01T21:53:03.896+0000] {dagbag.py:588} INFO - Filling up the DagBag from /home/airflow/.local/lib/python3.12/site-packages/airflow/example_dags/example_workday_timetable.py
[2025-07-01T21:53:03.901+0000] {processor.py:925} INFO - DAG(s) 'example_workday_timetable' retrieved from /home/airflow/.local/lib/python3.12/site-packages/airflow/example_dags/example_workday_timetable.py
[2025-07-01T21:53:03.918+0000] {logging_mixin.py:190} INFO - [2025-07-01T21:53:03.918+0000] {dag.py:3239} INFO - Sync 1 DAGs
[2025-07-01T21:53:03.970+0000] {logging_mixin.py:190} INFO - [2025-07-01T21:53:03.970+0000] {dag.py:4180} INFO - Setting next_dagrun for example_workday_timetable to 2021-01-04 00:00:00+00:00, run_after=2021-01-05 00:00:00+00:00
[2025-07-01T21:53:03.990+0000] {processor.py:208} INFO - Processing /home/airflow/.local/lib/python3.12/site-packages/airflow/example_dags/example_workday_timetable.py took 0.103 seconds
[2025-07-01T21:53:34.347+0000] {processor.py:186} INFO - Started process (PID=4592) to work on /home/airflow/.local/lib/python3.12/site-packages/airflow/example_dags/example_workday_timetable.py
[2025-07-01T21:53:34.348+0000] {processor.py:914} INFO - Processing file /home/airflow/.local/lib/python3.12/site-packages/airflow/example_dags/example_workday_timetable.py for tasks to queue
[2025-07-01T21:53:34.350+0000] {logging_mixin.py:190} INFO - [2025-07-01T21:53:34.350+0000] {dagbag.py:588} INFO - Filling up the DagBag from /home/airflow/.local/lib/python3.12/site-packages/airflow/example_dags/example_workday_timetable.py
[2025-07-01T21:53:34.355+0000] {processor.py:925} INFO - DAG(s) 'example_workday_timetable' retrieved from /home/airflow/.local/lib/python3.12/site-packages/airflow/example_dags/example_workday_timetable.py
[2025-07-01T21:53:34.371+0000] {logging_mixin.py:190} INFO - [2025-07-01T21:53:34.371+0000] {dag.py:3239} INFO - Sync 1 DAGs
[2025-07-01T21:53:34.427+0000] {logging_mixin.py:190} INFO - [2025-07-01T21:53:34.427+0000] {dag.py:4180} INFO - Setting next_dagrun for example_workday_timetable to 2021-01-04 00:00:00+00:00, run_after=2021-01-05 00:00:00+00:00
[2025-07-01T21:53:34.448+0000] {processor.py:208} INFO - Processing /home/airflow/.local/lib/python3.12/site-packages/airflow/example_dags/example_workday_timetable.py took 0.105 seconds
[2025-07-01T21:54:04.724+0000] {processor.py:186} INFO - Started process (PID=4655) to work on /home/airflow/.local/lib/python3.12/site-packages/airflow/example_dags/example_workday_timetable.py
[2025-07-01T21:54:04.725+0000] {processor.py:914} INFO - Processing file /home/airflow/.local/lib/python3.12/site-packages/airflow/example_dags/example_workday_timetable.py for tasks to queue
[2025-07-01T21:54:04.727+0000] {logging_mixin.py:190} INFO - [2025-07-01T21:54:04.727+0000] {dagbag.py:588} INFO - Filling up the DagBag from /home/airflow/.local/lib/python3.12/site-packages/airflow/example_dags/example_workday_timetable.py
[2025-07-01T21:54:04.732+0000] {processor.py:925} INFO - DAG(s) 'example_workday_timetable' retrieved from /home/airflow/.local/lib/python3.12/site-packages/airflow/example_dags/example_workday_timetable.py
[2025-07-01T21:54:04.749+0000] {logging_mixin.py:190} INFO - [2025-07-01T21:54:04.749+0000] {dag.py:3239} INFO - Sync 1 DAGs
[2025-07-01T21:54:04.797+0000] {logging_mixin.py:190} INFO - [2025-07-01T21:54:04.797+0000] {dag.py:4180} INFO - Setting next_dagrun for example_workday_timetable to 2021-01-04 00:00:00+00:00, run_after=2021-01-05 00:00:00+00:00
[2025-07-01T21:54:04.816+0000] {processor.py:208} INFO - Processing /home/airflow/.local/lib/python3.12/site-packages/airflow/example_dags/example_workday_timetable.py took 0.097 seconds
[2025-07-01T21:54:35.146+0000] {processor.py:186} INFO - Started process (PID=4718) to work on /home/airflow/.local/lib/python3.12/site-packages/airflow/example_dags/example_workday_timetable.py
[2025-07-01T21:54:35.147+0000] {processor.py:914} INFO - Processing file /home/airflow/.local/lib/python3.12/site-packages/airflow/example_dags/example_workday_timetable.py for tasks to queue
[2025-07-01T21:54:35.149+0000] {logging_mixin.py:190} INFO - [2025-07-01T21:54:35.149+0000] {dagbag.py:588} INFO - Filling up the DagBag from /home/airflow/.local/lib/python3.12/site-packages/airflow/example_dags/example_workday_timetable.py
[2025-07-01T21:54:35.155+0000] {processor.py:925} INFO - DAG(s) 'example_workday_timetable' retrieved from /home/airflow/.local/lib/python3.12/site-packages/airflow/example_dags/example_workday_timetable.py
[2025-07-01T21:54:35.172+0000] {logging_mixin.py:190} INFO - [2025-07-01T21:54:35.172+0000] {dag.py:3239} INFO - Sync 1 DAGs
[2025-07-01T21:54:35.222+0000] {logging_mixin.py:190} INFO - [2025-07-01T21:54:35.222+0000] {dag.py:4180} INFO - Setting next_dagrun for example_workday_timetable to 2021-01-04 00:00:00+00:00, run_after=2021-01-05 00:00:00+00:00
[2025-07-01T21:54:35.242+0000] {processor.py:208} INFO - Processing /home/airflow/.local/lib/python3.12/site-packages/airflow/example_dags/example_workday_timetable.py took 0.103 seconds
[2025-07-01T21:55:05.432+0000] {processor.py:186} INFO - Started process (PID=4781) to work on /home/airflow/.local/lib/python3.12/site-packages/airflow/example_dags/example_workday_timetable.py
[2025-07-01T21:55:05.433+0000] {processor.py:914} INFO - Processing file /home/airflow/.local/lib/python3.12/site-packages/airflow/example_dags/example_workday_timetable.py for tasks to queue
[2025-07-01T21:55:05.436+0000] {logging_mixin.py:190} INFO - [2025-07-01T21:55:05.435+0000] {dagbag.py:588} INFO - Filling up the DagBag from /home/airflow/.local/lib/python3.12/site-packages/airflow/example_dags/example_workday_timetable.py
[2025-07-01T21:55:05.441+0000] {processor.py:925} INFO - DAG(s) 'example_workday_timetable' retrieved from /home/airflow/.local/lib/python3.12/site-packages/airflow/example_dags/example_workday_timetable.py
[2025-07-01T21:55:05.457+0000] {logging_mixin.py:190} INFO - [2025-07-01T21:55:05.457+0000] {dag.py:3239} INFO - Sync 1 DAGs
[2025-07-01T21:55:05.506+0000] {logging_mixin.py:190} INFO - [2025-07-01T21:55:05.506+0000] {dag.py:4180} INFO - Setting next_dagrun for example_workday_timetable to 2021-01-04 00:00:00+00:00, run_after=2021-01-05 00:00:00+00:00
[2025-07-01T21:55:05.524+0000] {processor.py:208} INFO - Processing /home/airflow/.local/lib/python3.12/site-packages/airflow/example_dags/example_workday_timetable.py took 0.097 seconds
[2025-07-01T21:55:35.951+0000] {processor.py:186} INFO - Started process (PID=4845) to work on /home/airflow/.local/lib/python3.12/site-packages/airflow/example_dags/example_workday_timetable.py
[2025-07-01T21:55:35.952+0000] {processor.py:914} INFO - Processing file /home/airflow/.local/lib/python3.12/site-packages/airflow/example_dags/example_workday_timetable.py for tasks to queue
[2025-07-01T21:55:35.953+0000] {logging_mixin.py:190} INFO - [2025-07-01T21:55:35.953+0000] {dagbag.py:588} INFO - Filling up the DagBag from /home/airflow/.local/lib/python3.12/site-packages/airflow/example_dags/example_workday_timetable.py
[2025-07-01T21:55:35.959+0000] {processor.py:925} INFO - DAG(s) 'example_workday_timetable' retrieved from /home/airflow/.local/lib/python3.12/site-packages/airflow/example_dags/example_workday_timetable.py
[2025-07-01T21:55:35.979+0000] {logging_mixin.py:190} INFO - [2025-07-01T21:55:35.979+0000] {dag.py:3239} INFO - Sync 1 DAGs
[2025-07-01T21:55:36.034+0000] {logging_mixin.py:190} INFO - [2025-07-01T21:55:36.034+0000] {dag.py:4180} INFO - Setting next_dagrun for example_workday_timetable to 2021-01-04 00:00:00+00:00, run_after=2021-01-05 00:00:00+00:00
[2025-07-01T21:55:36.053+0000] {processor.py:208} INFO - Processing /home/airflow/.local/lib/python3.12/site-packages/airflow/example_dags/example_workday_timetable.py took 0.108 seconds
[2025-07-01T21:56:06.393+0000] {processor.py:186} INFO - Started process (PID=4908) to work on /home/airflow/.local/lib/python3.12/site-packages/airflow/example_dags/example_workday_timetable.py
[2025-07-01T21:56:06.394+0000] {processor.py:914} INFO - Processing file /home/airflow/.local/lib/python3.12/site-packages/airflow/example_dags/example_workday_timetable.py for tasks to queue
[2025-07-01T21:56:06.397+0000] {logging_mixin.py:190} INFO - [2025-07-01T21:56:06.396+0000] {dagbag.py:588} INFO - Filling up the DagBag from /home/airflow/.local/lib/python3.12/site-packages/airflow/example_dags/example_workday_timetable.py
[2025-07-01T21:56:06.403+0000] {processor.py:925} INFO - DAG(s) 'example_workday_timetable' retrieved from /home/airflow/.local/lib/python3.12/site-packages/airflow/example_dags/example_workday_timetable.py
[2025-07-01T21:56:06.422+0000] {logging_mixin.py:190} INFO - [2025-07-01T21:56:06.422+0000] {dag.py:3239} INFO - Sync 1 DAGs
[2025-07-01T21:56:06.475+0000] {logging_mixin.py:190} INFO - [2025-07-01T21:56:06.474+0000] {dag.py:4180} INFO - Setting next_dagrun for example_workday_timetable to 2021-01-04 00:00:00+00:00, run_after=2021-01-05 00:00:00+00:00
[2025-07-01T21:56:06.496+0000] {processor.py:208} INFO - Processing /home/airflow/.local/lib/python3.12/site-packages/airflow/example_dags/example_workday_timetable.py took 0.109 seconds
[2025-07-01T21:56:36.701+0000] {processor.py:186} INFO - Started process (PID=4971) to work on /home/airflow/.local/lib/python3.12/site-packages/airflow/example_dags/example_workday_timetable.py
[2025-07-01T21:56:36.702+0000] {processor.py:914} INFO - Processing file /home/airflow/.local/lib/python3.12/site-packages/airflow/example_dags/example_workday_timetable.py for tasks to queue
[2025-07-01T21:56:36.704+0000] {logging_mixin.py:190} INFO - [2025-07-01T21:56:36.704+0000] {dagbag.py:588} INFO - Filling up the DagBag from /home/airflow/.local/lib/python3.12/site-packages/airflow/example_dags/example_workday_timetable.py
[2025-07-01T21:56:36.710+0000] {processor.py:925} INFO - DAG(s) 'example_workday_timetable' retrieved from /home/airflow/.local/lib/python3.12/site-packages/airflow/example_dags/example_workday_timetable.py
[2025-07-01T21:56:36.727+0000] {logging_mixin.py:190} INFO - [2025-07-01T21:56:36.727+0000] {dag.py:3239} INFO - Sync 1 DAGs
[2025-07-01T21:56:36.781+0000] {logging_mixin.py:190} INFO - [2025-07-01T21:56:36.780+0000] {dag.py:4180} INFO - Setting next_dagrun for example_workday_timetable to 2021-01-04 00:00:00+00:00, run_after=2021-01-05 00:00:00+00:00
[2025-07-01T21:56:36.798+0000] {processor.py:208} INFO - Processing /home/airflow/.local/lib/python3.12/site-packages/airflow/example_dags/example_workday_timetable.py took 0.102 seconds
[2025-07-01T21:57:07.105+0000] {processor.py:186} INFO - Started process (PID=5035) to work on /home/airflow/.local/lib/python3.12/site-packages/airflow/example_dags/example_workday_timetable.py
[2025-07-01T21:57:07.106+0000] {processor.py:914} INFO - Processing file /home/airflow/.local/lib/python3.12/site-packages/airflow/example_dags/example_workday_timetable.py for tasks to queue
[2025-07-01T21:57:07.108+0000] {logging_mixin.py:190} INFO - [2025-07-01T21:57:07.107+0000] {dagbag.py:588} INFO - Filling up the DagBag from /home/airflow/.local/lib/python3.12/site-packages/airflow/example_dags/example_workday_timetable.py
[2025-07-01T21:57:07.113+0000] {processor.py:925} INFO - DAG(s) 'example_workday_timetable' retrieved from /home/airflow/.local/lib/python3.12/site-packages/airflow/example_dags/example_workday_timetable.py
[2025-07-01T21:57:07.129+0000] {logging_mixin.py:190} INFO - [2025-07-01T21:57:07.129+0000] {dag.py:3239} INFO - Sync 1 DAGs
[2025-07-01T21:57:07.178+0000] {logging_mixin.py:190} INFO - [2025-07-01T21:57:07.177+0000] {dag.py:4180} INFO - Setting next_dagrun for example_workday_timetable to 2021-01-04 00:00:00+00:00, run_after=2021-01-05 00:00:00+00:00
[2025-07-01T21:57:07.196+0000] {processor.py:208} INFO - Processing /home/airflow/.local/lib/python3.12/site-packages/airflow/example_dags/example_workday_timetable.py took 0.096 seconds
[2025-07-01T21:57:38.302+0000] {processor.py:186} INFO - Started process (PID=5098) to work on /home/airflow/.local/lib/python3.12/site-packages/airflow/example_dags/example_workday_timetable.py
[2025-07-01T21:57:38.304+0000] {processor.py:914} INFO - Processing file /home/airflow/.local/lib/python3.12/site-packages/airflow/example_dags/example_workday_timetable.py for tasks to queue
[2025-07-01T21:57:38.306+0000] {logging_mixin.py:190} INFO - [2025-07-01T21:57:38.306+0000] {dagbag.py:588} INFO - Filling up the DagBag from /home/airflow/.local/lib/python3.12/site-packages/airflow/example_dags/example_workday_timetable.py
[2025-07-01T21:57:38.312+0000] {processor.py:925} INFO - DAG(s) 'example_workday_timetable' retrieved from /home/airflow/.local/lib/python3.12/site-packages/airflow/example_dags/example_workday_timetable.py
[2025-07-01T21:57:38.333+0000] {logging_mixin.py:190} INFO - [2025-07-01T21:57:38.333+0000] {dag.py:3239} INFO - Sync 1 DAGs
[2025-07-01T21:57:38.381+0000] {logging_mixin.py:190} INFO - [2025-07-01T21:57:38.380+0000] {dag.py:4180} INFO - Setting next_dagrun for example_workday_timetable to 2021-01-04 00:00:00+00:00, run_after=2021-01-05 00:00:00+00:00
[2025-07-01T21:57:38.398+0000] {processor.py:208} INFO - Processing /home/airflow/.local/lib/python3.12/site-packages/airflow/example_dags/example_workday_timetable.py took 0.101 seconds
[2025-07-01T21:58:08.868+0000] {processor.py:186} INFO - Started process (PID=5161) to work on /home/airflow/.local/lib/python3.12/site-packages/airflow/example_dags/example_workday_timetable.py
[2025-07-01T21:58:08.869+0000] {processor.py:914} INFO - Processing file /home/airflow/.local/lib/python3.12/site-packages/airflow/example_dags/example_workday_timetable.py for tasks to queue
[2025-07-01T21:58:08.871+0000] {logging_mixin.py:190} INFO - [2025-07-01T21:58:08.871+0000] {dagbag.py:588} INFO - Filling up the DagBag from /home/airflow/.local/lib/python3.12/site-packages/airflow/example_dags/example_workday_timetable.py
[2025-07-01T21:58:08.876+0000] {processor.py:925} INFO - DAG(s) 'example_workday_timetable' retrieved from /home/airflow/.local/lib/python3.12/site-packages/airflow/example_dags/example_workday_timetable.py
[2025-07-01T21:58:08.895+0000] {logging_mixin.py:190} INFO - [2025-07-01T21:58:08.894+0000] {dag.py:3239} INFO - Sync 1 DAGs
[2025-07-01T21:58:08.940+0000] {logging_mixin.py:190} INFO - [2025-07-01T21:58:08.940+0000] {dag.py:4180} INFO - Setting next_dagrun for example_workday_timetable to 2021-01-04 00:00:00+00:00, run_after=2021-01-05 00:00:00+00:00
[2025-07-01T21:58:08.960+0000] {processor.py:208} INFO - Processing /home/airflow/.local/lib/python3.12/site-packages/airflow/example_dags/example_workday_timetable.py took 0.097 seconds
[2025-07-01T21:58:39.189+0000] {processor.py:186} INFO - Started process (PID=5224) to work on /home/airflow/.local/lib/python3.12/site-packages/airflow/example_dags/example_workday_timetable.py
[2025-07-01T21:58:39.190+0000] {processor.py:914} INFO - Processing file /home/airflow/.local/lib/python3.12/site-packages/airflow/example_dags/example_workday_timetable.py for tasks to queue
[2025-07-01T21:58:39.192+0000] {logging_mixin.py:190} INFO - [2025-07-01T21:58:39.192+0000] {dagbag.py:588} INFO - Filling up the DagBag from /home/airflow/.local/lib/python3.12/site-packages/airflow/example_dags/example_workday_timetable.py
[2025-07-01T21:58:39.197+0000] {processor.py:925} INFO - DAG(s) 'example_workday_timetable' retrieved from /home/airflow/.local/lib/python3.12/site-packages/airflow/example_dags/example_workday_timetable.py
[2025-07-01T21:58:39.215+0000] {logging_mixin.py:190} INFO - [2025-07-01T21:58:39.214+0000] {dag.py:3239} INFO - Sync 1 DAGs
[2025-07-01T21:58:39.261+0000] {logging_mixin.py:190} INFO - [2025-07-01T21:58:39.261+0000] {dag.py:4180} INFO - Setting next_dagrun for example_workday_timetable to 2021-01-04 00:00:00+00:00, run_after=2021-01-05 00:00:00+00:00
[2025-07-01T21:58:39.280+0000] {processor.py:208} INFO - Processing /home/airflow/.local/lib/python3.12/site-packages/airflow/example_dags/example_workday_timetable.py took 0.096 seconds
[2025-07-01T21:59:09.573+0000] {processor.py:186} INFO - Started process (PID=5287) to work on /home/airflow/.local/lib/python3.12/site-packages/airflow/example_dags/example_workday_timetable.py
[2025-07-01T21:59:09.574+0000] {processor.py:914} INFO - Processing file /home/airflow/.local/lib/python3.12/site-packages/airflow/example_dags/example_workday_timetable.py for tasks to queue
[2025-07-01T21:59:09.576+0000] {logging_mixin.py:190} INFO - [2025-07-01T21:59:09.575+0000] {dagbag.py:588} INFO - Filling up the DagBag from /home/airflow/.local/lib/python3.12/site-packages/airflow/example_dags/example_workday_timetable.py
[2025-07-01T21:59:09.581+0000] {processor.py:925} INFO - DAG(s) 'example_workday_timetable' retrieved from /home/airflow/.local/lib/python3.12/site-packages/airflow/example_dags/example_workday_timetable.py
[2025-07-01T21:59:09.601+0000] {logging_mixin.py:190} INFO - [2025-07-01T21:59:09.601+0000] {dag.py:3239} INFO - Sync 1 DAGs
[2025-07-01T21:59:09.653+0000] {logging_mixin.py:190} INFO - [2025-07-01T21:59:09.652+0000] {dag.py:4180} INFO - Setting next_dagrun for example_workday_timetable to 2021-01-04 00:00:00+00:00, run_after=2021-01-05 00:00:00+00:00
[2025-07-01T21:59:09.671+0000] {processor.py:208} INFO - Processing /home/airflow/.local/lib/python3.12/site-packages/airflow/example_dags/example_workday_timetable.py took 0.105 seconds
[2025-07-01T21:59:40.379+0000] {processor.py:186} INFO - Started process (PID=5350) to work on /home/airflow/.local/lib/python3.12/site-packages/airflow/example_dags/example_workday_timetable.py
[2025-07-01T21:59:40.380+0000] {processor.py:914} INFO - Processing file /home/airflow/.local/lib/python3.12/site-packages/airflow/example_dags/example_workday_timetable.py for tasks to queue
[2025-07-01T21:59:40.382+0000] {logging_mixin.py:190} INFO - [2025-07-01T21:59:40.382+0000] {dagbag.py:588} INFO - Filling up the DagBag from /home/airflow/.local/lib/python3.12/site-packages/airflow/example_dags/example_workday_timetable.py
[2025-07-01T21:59:40.388+0000] {processor.py:925} INFO - DAG(s) 'example_workday_timetable' retrieved from /home/airflow/.local/lib/python3.12/site-packages/airflow/example_dags/example_workday_timetable.py
[2025-07-01T21:59:40.407+0000] {logging_mixin.py:190} INFO - [2025-07-01T21:59:40.406+0000] {dag.py:3239} INFO - Sync 1 DAGs
[2025-07-01T21:59:40.459+0000] {logging_mixin.py:190} INFO - [2025-07-01T21:59:40.459+0000] {dag.py:4180} INFO - Setting next_dagrun for example_workday_timetable to 2021-01-04 00:00:00+00:00, run_after=2021-01-05 00:00:00+00:00
[2025-07-01T21:59:40.480+0000] {processor.py:208} INFO - Processing /home/airflow/.local/lib/python3.12/site-packages/airflow/example_dags/example_workday_timetable.py took 0.107 seconds
[2025-07-01T22:00:10.953+0000] {processor.py:186} INFO - Started process (PID=5414) to work on /home/airflow/.local/lib/python3.12/site-packages/airflow/example_dags/example_workday_timetable.py
[2025-07-01T22:00:10.954+0000] {processor.py:914} INFO - Processing file /home/airflow/.local/lib/python3.12/site-packages/airflow/example_dags/example_workday_timetable.py for tasks to queue
[2025-07-01T22:00:10.956+0000] {logging_mixin.py:190} INFO - [2025-07-01T22:00:10.956+0000] {dagbag.py:588} INFO - Filling up the DagBag from /home/airflow/.local/lib/python3.12/site-packages/airflow/example_dags/example_workday_timetable.py
[2025-07-01T22:00:10.962+0000] {processor.py:925} INFO - DAG(s) 'example_workday_timetable' retrieved from /home/airflow/.local/lib/python3.12/site-packages/airflow/example_dags/example_workday_timetable.py
[2025-07-01T22:00:10.981+0000] {logging_mixin.py:190} INFO - [2025-07-01T22:00:10.980+0000] {dag.py:3239} INFO - Sync 1 DAGs
[2025-07-01T22:00:11.032+0000] {logging_mixin.py:190} INFO - [2025-07-01T22:00:11.032+0000] {dag.py:4180} INFO - Setting next_dagrun for example_workday_timetable to 2021-01-04 00:00:00+00:00, run_after=2021-01-05 00:00:00+00:00
[2025-07-01T22:00:11.051+0000] {processor.py:208} INFO - Processing /home/airflow/.local/lib/python3.12/site-packages/airflow/example_dags/example_workday_timetable.py took 0.103 seconds
[2025-07-01T22:00:41.531+0000] {processor.py:186} INFO - Started process (PID=5477) to work on /home/airflow/.local/lib/python3.12/site-packages/airflow/example_dags/example_workday_timetable.py
[2025-07-01T22:00:41.532+0000] {processor.py:914} INFO - Processing file /home/airflow/.local/lib/python3.12/site-packages/airflow/example_dags/example_workday_timetable.py for tasks to queue
[2025-07-01T22:00:41.534+0000] {logging_mixin.py:190} INFO - [2025-07-01T22:00:41.534+0000] {dagbag.py:588} INFO - Filling up the DagBag from /home/airflow/.local/lib/python3.12/site-packages/airflow/example_dags/example_workday_timetable.py
[2025-07-01T22:00:41.539+0000] {processor.py:925} INFO - DAG(s) 'example_workday_timetable' retrieved from /home/airflow/.local/lib/python3.12/site-packages/airflow/example_dags/example_workday_timetable.py
[2025-07-01T22:00:41.558+0000] {logging_mixin.py:190} INFO - [2025-07-01T22:00:41.558+0000] {dag.py:3239} INFO - Sync 1 DAGs
[2025-07-01T22:00:41.610+0000] {logging_mixin.py:190} INFO - [2025-07-01T22:00:41.610+0000] {dag.py:4180} INFO - Setting next_dagrun for example_workday_timetable to 2021-01-04 00:00:00+00:00, run_after=2021-01-05 00:00:00+00:00
[2025-07-01T22:00:41.631+0000] {processor.py:208} INFO - Processing /home/airflow/.local/lib/python3.12/site-packages/airflow/example_dags/example_workday_timetable.py took 0.106 seconds
[2025-07-01T22:01:12.358+0000] {processor.py:186} INFO - Started process (PID=5541) to work on /home/airflow/.local/lib/python3.12/site-packages/airflow/example_dags/example_workday_timetable.py
[2025-07-01T22:01:12.359+0000] {processor.py:914} INFO - Processing file /home/airflow/.local/lib/python3.12/site-packages/airflow/example_dags/example_workday_timetable.py for tasks to queue
[2025-07-01T22:01:12.361+0000] {logging_mixin.py:190} INFO - [2025-07-01T22:01:12.361+0000] {dagbag.py:588} INFO - Filling up the DagBag from /home/airflow/.local/lib/python3.12/site-packages/airflow/example_dags/example_workday_timetable.py
[2025-07-01T22:01:12.367+0000] {processor.py:925} INFO - DAG(s) 'example_workday_timetable' retrieved from /home/airflow/.local/lib/python3.12/site-packages/airflow/example_dags/example_workday_timetable.py
[2025-07-01T22:01:12.386+0000] {logging_mixin.py:190} INFO - [2025-07-01T22:01:12.386+0000] {dag.py:3239} INFO - Sync 1 DAGs
[2025-07-01T22:01:12.440+0000] {logging_mixin.py:190} INFO - [2025-07-01T22:01:12.440+0000] {dag.py:4180} INFO - Setting next_dagrun for example_workday_timetable to 2021-01-04 00:00:00+00:00, run_after=2021-01-05 00:00:00+00:00
[2025-07-01T22:01:12.464+0000] {processor.py:208} INFO - Processing /home/airflow/.local/lib/python3.12/site-packages/airflow/example_dags/example_workday_timetable.py took 0.112 seconds
[2025-07-01T22:01:43.095+0000] {processor.py:186} INFO - Started process (PID=5604) to work on /home/airflow/.local/lib/python3.12/site-packages/airflow/example_dags/example_workday_timetable.py
[2025-07-01T22:01:43.097+0000] {processor.py:914} INFO - Processing file /home/airflow/.local/lib/python3.12/site-packages/airflow/example_dags/example_workday_timetable.py for tasks to queue
[2025-07-01T22:01:43.099+0000] {logging_mixin.py:190} INFO - [2025-07-01T22:01:43.099+0000] {dagbag.py:588} INFO - Filling up the DagBag from /home/airflow/.local/lib/python3.12/site-packages/airflow/example_dags/example_workday_timetable.py
[2025-07-01T22:01:43.106+0000] {processor.py:925} INFO - DAG(s) 'example_workday_timetable' retrieved from /home/airflow/.local/lib/python3.12/site-packages/airflow/example_dags/example_workday_timetable.py
[2025-07-01T22:01:43.130+0000] {logging_mixin.py:190} INFO - [2025-07-01T22:01:43.129+0000] {dag.py:3239} INFO - Sync 1 DAGs
[2025-07-01T22:01:43.211+0000] {logging_mixin.py:190} INFO - [2025-07-01T22:01:43.211+0000] {dag.py:4180} INFO - Setting next_dagrun for example_workday_timetable to 2021-01-04 00:00:00+00:00, run_after=2021-01-05 00:00:00+00:00
[2025-07-01T22:01:43.240+0000] {processor.py:208} INFO - Processing /home/airflow/.local/lib/python3.12/site-packages/airflow/example_dags/example_workday_timetable.py took 0.151 seconds
[2025-07-01T22:02:13.773+0000] {processor.py:186} INFO - Started process (PID=5667) to work on /home/airflow/.local/lib/python3.12/site-packages/airflow/example_dags/example_workday_timetable.py
[2025-07-01T22:02:13.774+0000] {processor.py:914} INFO - Processing file /home/airflow/.local/lib/python3.12/site-packages/airflow/example_dags/example_workday_timetable.py for tasks to queue
[2025-07-01T22:02:13.777+0000] {logging_mixin.py:190} INFO - [2025-07-01T22:02:13.777+0000] {dagbag.py:588} INFO - Filling up the DagBag from /home/airflow/.local/lib/python3.12/site-packages/airflow/example_dags/example_workday_timetable.py
[2025-07-01T22:02:13.783+0000] {processor.py:925} INFO - DAG(s) 'example_workday_timetable' retrieved from /home/airflow/.local/lib/python3.12/site-packages/airflow/example_dags/example_workday_timetable.py
[2025-07-01T22:02:13.801+0000] {logging_mixin.py:190} INFO - [2025-07-01T22:02:13.801+0000] {dag.py:3239} INFO - Sync 1 DAGs
[2025-07-01T22:02:13.847+0000] {logging_mixin.py:190} INFO - [2025-07-01T22:02:13.847+0000] {dag.py:4180} INFO - Setting next_dagrun for example_workday_timetable to 2021-01-04 00:00:00+00:00, run_after=2021-01-05 00:00:00+00:00
[2025-07-01T22:02:13.865+0000] {processor.py:208} INFO - Processing /home/airflow/.local/lib/python3.12/site-packages/airflow/example_dags/example_workday_timetable.py took 0.097 seconds
[2025-07-01T22:02:45.016+0000] {processor.py:186} INFO - Started process (PID=5730) to work on /home/airflow/.local/lib/python3.12/site-packages/airflow/example_dags/example_workday_timetable.py
[2025-07-01T22:02:45.017+0000] {processor.py:914} INFO - Processing file /home/airflow/.local/lib/python3.12/site-packages/airflow/example_dags/example_workday_timetable.py for tasks to queue
[2025-07-01T22:02:45.020+0000] {logging_mixin.py:190} INFO - [2025-07-01T22:02:45.019+0000] {dagbag.py:588} INFO - Filling up the DagBag from /home/airflow/.local/lib/python3.12/site-packages/airflow/example_dags/example_workday_timetable.py
[2025-07-01T22:02:45.027+0000] {processor.py:925} INFO - DAG(s) 'example_workday_timetable' retrieved from /home/airflow/.local/lib/python3.12/site-packages/airflow/example_dags/example_workday_timetable.py
[2025-07-01T22:02:45.045+0000] {logging_mixin.py:190} INFO - [2025-07-01T22:02:45.045+0000] {dag.py:3239} INFO - Sync 1 DAGs
[2025-07-01T22:02:45.098+0000] {logging_mixin.py:190} INFO - [2025-07-01T22:02:45.098+0000] {dag.py:4180} INFO - Setting next_dagrun for example_workday_timetable to 2021-01-04 00:00:00+00:00, run_after=2021-01-05 00:00:00+00:00
[2025-07-01T22:02:45.117+0000] {processor.py:208} INFO - Processing /home/airflow/.local/lib/python3.12/site-packages/airflow/example_dags/example_workday_timetable.py took 0.107 seconds
[2025-07-01T22:03:16.089+0000] {processor.py:186} INFO - Started process (PID=5793) to work on /home/airflow/.local/lib/python3.12/site-packages/airflow/example_dags/example_workday_timetable.py
[2025-07-01T22:03:16.090+0000] {processor.py:914} INFO - Processing file /home/airflow/.local/lib/python3.12/site-packages/airflow/example_dags/example_workday_timetable.py for tasks to queue
[2025-07-01T22:03:16.092+0000] {logging_mixin.py:190} INFO - [2025-07-01T22:03:16.092+0000] {dagbag.py:588} INFO - Filling up the DagBag from /home/airflow/.local/lib/python3.12/site-packages/airflow/example_dags/example_workday_timetable.py
[2025-07-01T22:03:16.098+0000] {processor.py:925} INFO - DAG(s) 'example_workday_timetable' retrieved from /home/airflow/.local/lib/python3.12/site-packages/airflow/example_dags/example_workday_timetable.py
[2025-07-01T22:03:16.116+0000] {logging_mixin.py:190} INFO - [2025-07-01T22:03:16.115+0000] {dag.py:3239} INFO - Sync 1 DAGs
[2025-07-01T22:03:16.165+0000] {logging_mixin.py:190} INFO - [2025-07-01T22:03:16.164+0000] {dag.py:4180} INFO - Setting next_dagrun for example_workday_timetable to 2021-01-04 00:00:00+00:00, run_after=2021-01-05 00:00:00+00:00
[2025-07-01T22:03:16.184+0000] {processor.py:208} INFO - Processing /home/airflow/.local/lib/python3.12/site-packages/airflow/example_dags/example_workday_timetable.py took 0.101 seconds
[2025-07-01T22:03:47.234+0000] {processor.py:186} INFO - Started process (PID=5856) to work on /home/airflow/.local/lib/python3.12/site-packages/airflow/example_dags/example_workday_timetable.py
[2025-07-01T22:03:47.236+0000] {processor.py:914} INFO - Processing file /home/airflow/.local/lib/python3.12/site-packages/airflow/example_dags/example_workday_timetable.py for tasks to queue
[2025-07-01T22:03:47.240+0000] {logging_mixin.py:190} INFO - [2025-07-01T22:03:47.239+0000] {dagbag.py:588} INFO - Filling up the DagBag from /home/airflow/.local/lib/python3.12/site-packages/airflow/example_dags/example_workday_timetable.py
[2025-07-01T22:03:47.251+0000] {processor.py:925} INFO - DAG(s) 'example_workday_timetable' retrieved from /home/airflow/.local/lib/python3.12/site-packages/airflow/example_dags/example_workday_timetable.py
[2025-07-01T22:03:47.285+0000] {logging_mixin.py:190} INFO - [2025-07-01T22:03:47.285+0000] {dag.py:3239} INFO - Sync 1 DAGs
[2025-07-01T22:03:47.390+0000] {logging_mixin.py:190} INFO - [2025-07-01T22:03:47.389+0000] {dag.py:4180} INFO - Setting next_dagrun for example_workday_timetable to 2021-01-04 00:00:00+00:00, run_after=2021-01-05 00:00:00+00:00
[2025-07-01T22:03:47.425+0000] {processor.py:208} INFO - Processing /home/airflow/.local/lib/python3.12/site-packages/airflow/example_dags/example_workday_timetable.py took 0.199 seconds
[2025-07-01T22:04:17.637+0000] {processor.py:186} INFO - Started process (PID=5919) to work on /home/airflow/.local/lib/python3.12/site-packages/airflow/example_dags/example_workday_timetable.py
[2025-07-01T22:04:17.638+0000] {processor.py:914} INFO - Processing file /home/airflow/.local/lib/python3.12/site-packages/airflow/example_dags/example_workday_timetable.py for tasks to queue
[2025-07-01T22:04:17.640+0000] {logging_mixin.py:190} INFO - [2025-07-01T22:04:17.640+0000] {dagbag.py:588} INFO - Filling up the DagBag from /home/airflow/.local/lib/python3.12/site-packages/airflow/example_dags/example_workday_timetable.py
[2025-07-01T22:04:17.646+0000] {processor.py:925} INFO - DAG(s) 'example_workday_timetable' retrieved from /home/airflow/.local/lib/python3.12/site-packages/airflow/example_dags/example_workday_timetable.py
[2025-07-01T22:04:17.663+0000] {logging_mixin.py:190} INFO - [2025-07-01T22:04:17.663+0000] {dag.py:3239} INFO - Sync 1 DAGs
[2025-07-01T22:04:17.710+0000] {logging_mixin.py:190} INFO - [2025-07-01T22:04:17.710+0000] {dag.py:4180} INFO - Setting next_dagrun for example_workday_timetable to 2021-01-04 00:00:00+00:00, run_after=2021-01-05 00:00:00+00:00
[2025-07-01T22:04:17.728+0000] {processor.py:208} INFO - Processing /home/airflow/.local/lib/python3.12/site-packages/airflow/example_dags/example_workday_timetable.py took 0.097 seconds
[2025-07-01T22:04:47.942+0000] {processor.py:186} INFO - Started process (PID=5982) to work on /home/airflow/.local/lib/python3.12/site-packages/airflow/example_dags/example_workday_timetable.py
[2025-07-01T22:04:47.943+0000] {processor.py:914} INFO - Processing file /home/airflow/.local/lib/python3.12/site-packages/airflow/example_dags/example_workday_timetable.py for tasks to queue
[2025-07-01T22:04:47.946+0000] {logging_mixin.py:190} INFO - [2025-07-01T22:04:47.945+0000] {dagbag.py:588} INFO - Filling up the DagBag from /home/airflow/.local/lib/python3.12/site-packages/airflow/example_dags/example_workday_timetable.py
[2025-07-01T22:04:47.951+0000] {processor.py:925} INFO - DAG(s) 'example_workday_timetable' retrieved from /home/airflow/.local/lib/python3.12/site-packages/airflow/example_dags/example_workday_timetable.py
[2025-07-01T22:04:47.970+0000] {logging_mixin.py:190} INFO - [2025-07-01T22:04:47.970+0000] {dag.py:3239} INFO - Sync 1 DAGs
[2025-07-01T22:04:48.022+0000] {logging_mixin.py:190} INFO - [2025-07-01T22:04:48.022+0000] {dag.py:4180} INFO - Setting next_dagrun for example_workday_timetable to 2021-01-04 00:00:00+00:00, run_after=2021-01-05 00:00:00+00:00
[2025-07-01T22:04:48.043+0000] {processor.py:208} INFO - Processing /home/airflow/.local/lib/python3.12/site-packages/airflow/example_dags/example_workday_timetable.py took 0.106 seconds
[2025-07-01T22:05:19.014+0000] {processor.py:186} INFO - Started process (PID=6045) to work on /home/airflow/.local/lib/python3.12/site-packages/airflow/example_dags/example_workday_timetable.py
[2025-07-01T22:05:19.015+0000] {processor.py:914} INFO - Processing file /home/airflow/.local/lib/python3.12/site-packages/airflow/example_dags/example_workday_timetable.py for tasks to queue
[2025-07-01T22:05:19.018+0000] {logging_mixin.py:190} INFO - [2025-07-01T22:05:19.017+0000] {dagbag.py:588} INFO - Filling up the DagBag from /home/airflow/.local/lib/python3.12/site-packages/airflow/example_dags/example_workday_timetable.py
[2025-07-01T22:05:19.023+0000] {processor.py:925} INFO - DAG(s) 'example_workday_timetable' retrieved from /home/airflow/.local/lib/python3.12/site-packages/airflow/example_dags/example_workday_timetable.py
[2025-07-01T22:05:19.044+0000] {logging_mixin.py:190} INFO - [2025-07-01T22:05:19.043+0000] {dag.py:3239} INFO - Sync 1 DAGs
[2025-07-01T22:05:19.094+0000] {logging_mixin.py:190} INFO - [2025-07-01T22:05:19.094+0000] {dag.py:4180} INFO - Setting next_dagrun for example_workday_timetable to 2021-01-04 00:00:00+00:00, run_after=2021-01-05 00:00:00+00:00
[2025-07-01T22:05:19.115+0000] {processor.py:208} INFO - Processing /home/airflow/.local/lib/python3.12/site-packages/airflow/example_dags/example_workday_timetable.py took 0.107 seconds
[2025-07-01T22:05:49.283+0000] {processor.py:186} INFO - Started process (PID=6108) to work on /home/airflow/.local/lib/python3.12/site-packages/airflow/example_dags/example_workday_timetable.py
[2025-07-01T22:05:49.284+0000] {processor.py:914} INFO - Processing file /home/airflow/.local/lib/python3.12/site-packages/airflow/example_dags/example_workday_timetable.py for tasks to queue
[2025-07-01T22:05:49.286+0000] {logging_mixin.py:190} INFO - [2025-07-01T22:05:49.286+0000] {dagbag.py:588} INFO - Filling up the DagBag from /home/airflow/.local/lib/python3.12/site-packages/airflow/example_dags/example_workday_timetable.py
[2025-07-01T22:05:49.291+0000] {processor.py:925} INFO - DAG(s) 'example_workday_timetable' retrieved from /home/airflow/.local/lib/python3.12/site-packages/airflow/example_dags/example_workday_timetable.py
[2025-07-01T22:05:49.309+0000] {logging_mixin.py:190} INFO - [2025-07-01T22:05:49.309+0000] {dag.py:3239} INFO - Sync 1 DAGs
[2025-07-01T22:05:49.355+0000] {logging_mixin.py:190} INFO - [2025-07-01T22:05:49.355+0000] {dag.py:4180} INFO - Setting next_dagrun for example_workday_timetable to 2021-01-04 00:00:00+00:00, run_after=2021-01-05 00:00:00+00:00
[2025-07-01T22:05:49.375+0000] {processor.py:208} INFO - Processing /home/airflow/.local/lib/python3.12/site-packages/airflow/example_dags/example_workday_timetable.py took 0.097 seconds
[2025-07-01T22:06:19.842+0000] {processor.py:186} INFO - Started process (PID=6171) to work on /home/airflow/.local/lib/python3.12/site-packages/airflow/example_dags/example_workday_timetable.py
[2025-07-01T22:06:19.843+0000] {processor.py:914} INFO - Processing file /home/airflow/.local/lib/python3.12/site-packages/airflow/example_dags/example_workday_timetable.py for tasks to queue
[2025-07-01T22:06:19.845+0000] {logging_mixin.py:190} INFO - [2025-07-01T22:06:19.845+0000] {dagbag.py:588} INFO - Filling up the DagBag from /home/airflow/.local/lib/python3.12/site-packages/airflow/example_dags/example_workday_timetable.py
[2025-07-01T22:06:19.851+0000] {processor.py:925} INFO - DAG(s) 'example_workday_timetable' retrieved from /home/airflow/.local/lib/python3.12/site-packages/airflow/example_dags/example_workday_timetable.py
[2025-07-01T22:06:19.870+0000] {logging_mixin.py:190} INFO - [2025-07-01T22:06:19.870+0000] {dag.py:3239} INFO - Sync 1 DAGs
[2025-07-01T22:06:19.920+0000] {logging_mixin.py:190} INFO - [2025-07-01T22:06:19.919+0000] {dag.py:4180} INFO - Setting next_dagrun for example_workday_timetable to 2021-01-04 00:00:00+00:00, run_after=2021-01-05 00:00:00+00:00
[2025-07-01T22:06:19.939+0000] {processor.py:208} INFO - Processing /home/airflow/.local/lib/python3.12/site-packages/airflow/example_dags/example_workday_timetable.py took 0.103 seconds
[2025-07-01T22:06:50.643+0000] {processor.py:186} INFO - Started process (PID=6234) to work on /home/airflow/.local/lib/python3.12/site-packages/airflow/example_dags/example_workday_timetable.py
[2025-07-01T22:06:50.644+0000] {processor.py:914} INFO - Processing file /home/airflow/.local/lib/python3.12/site-packages/airflow/example_dags/example_workday_timetable.py for tasks to queue
[2025-07-01T22:06:50.646+0000] {logging_mixin.py:190} INFO - [2025-07-01T22:06:50.646+0000] {dagbag.py:588} INFO - Filling up the DagBag from /home/airflow/.local/lib/python3.12/site-packages/airflow/example_dags/example_workday_timetable.py
[2025-07-01T22:06:50.651+0000] {processor.py:925} INFO - DAG(s) 'example_workday_timetable' retrieved from /home/airflow/.local/lib/python3.12/site-packages/airflow/example_dags/example_workday_timetable.py
[2025-07-01T22:06:50.670+0000] {logging_mixin.py:190} INFO - [2025-07-01T22:06:50.669+0000] {dag.py:3239} INFO - Sync 1 DAGs
[2025-07-01T22:06:50.727+0000] {logging_mixin.py:190} INFO - [2025-07-01T22:06:50.727+0000] {dag.py:4180} INFO - Setting next_dagrun for example_workday_timetable to 2021-01-04 00:00:00+00:00, run_after=2021-01-05 00:00:00+00:00
[2025-07-01T22:06:50.747+0000] {processor.py:208} INFO - Processing /home/airflow/.local/lib/python3.12/site-packages/airflow/example_dags/example_workday_timetable.py took 0.110 seconds
[2025-07-01T22:07:21.237+0000] {processor.py:186} INFO - Started process (PID=6297) to work on /home/airflow/.local/lib/python3.12/site-packages/airflow/example_dags/example_workday_timetable.py
[2025-07-01T22:07:21.238+0000] {processor.py:914} INFO - Processing file /home/airflow/.local/lib/python3.12/site-packages/airflow/example_dags/example_workday_timetable.py for tasks to queue
[2025-07-01T22:07:21.240+0000] {logging_mixin.py:190} INFO - [2025-07-01T22:07:21.239+0000] {dagbag.py:588} INFO - Filling up the DagBag from /home/airflow/.local/lib/python3.12/site-packages/airflow/example_dags/example_workday_timetable.py
[2025-07-01T22:07:21.245+0000] {processor.py:925} INFO - DAG(s) 'example_workday_timetable' retrieved from /home/airflow/.local/lib/python3.12/site-packages/airflow/example_dags/example_workday_timetable.py
[2025-07-01T22:07:21.263+0000] {logging_mixin.py:190} INFO - [2025-07-01T22:07:21.263+0000] {dag.py:3239} INFO - Sync 1 DAGs
[2025-07-01T22:07:21.310+0000] {logging_mixin.py:190} INFO - [2025-07-01T22:07:21.310+0000] {dag.py:4180} INFO - Setting next_dagrun for example_workday_timetable to 2021-01-04 00:00:00+00:00, run_after=2021-01-05 00:00:00+00:00
[2025-07-01T22:07:21.329+0000] {processor.py:208} INFO - Processing /home/airflow/.local/lib/python3.12/site-packages/airflow/example_dags/example_workday_timetable.py took 0.099 seconds
[2025-07-01T22:07:52.055+0000] {processor.py:186} INFO - Started process (PID=6360) to work on /home/airflow/.local/lib/python3.12/site-packages/airflow/example_dags/example_workday_timetable.py
[2025-07-01T22:07:52.056+0000] {processor.py:914} INFO - Processing file /home/airflow/.local/lib/python3.12/site-packages/airflow/example_dags/example_workday_timetable.py for tasks to queue
[2025-07-01T22:07:52.058+0000] {logging_mixin.py:190} INFO - [2025-07-01T22:07:52.058+0000] {dagbag.py:588} INFO - Filling up the DagBag from /home/airflow/.local/lib/python3.12/site-packages/airflow/example_dags/example_workday_timetable.py
[2025-07-01T22:07:52.064+0000] {processor.py:925} INFO - DAG(s) 'example_workday_timetable' retrieved from /home/airflow/.local/lib/python3.12/site-packages/airflow/example_dags/example_workday_timetable.py
[2025-07-01T22:07:52.082+0000] {logging_mixin.py:190} INFO - [2025-07-01T22:07:52.081+0000] {dag.py:3239} INFO - Sync 1 DAGs
[2025-07-01T22:07:52.135+0000] {logging_mixin.py:190} INFO - [2025-07-01T22:07:52.134+0000] {dag.py:4180} INFO - Setting next_dagrun for example_workday_timetable to 2021-01-04 00:00:00+00:00, run_after=2021-01-05 00:00:00+00:00
[2025-07-01T22:07:52.157+0000] {processor.py:208} INFO - Processing /home/airflow/.local/lib/python3.12/site-packages/airflow/example_dags/example_workday_timetable.py took 0.108 seconds
[2025-07-01T22:08:22.784+0000] {processor.py:186} INFO - Started process (PID=6423) to work on /home/airflow/.local/lib/python3.12/site-packages/airflow/example_dags/example_workday_timetable.py
[2025-07-01T22:08:22.785+0000] {processor.py:914} INFO - Processing file /home/airflow/.local/lib/python3.12/site-packages/airflow/example_dags/example_workday_timetable.py for tasks to queue
[2025-07-01T22:08:22.788+0000] {logging_mixin.py:190} INFO - [2025-07-01T22:08:22.788+0000] {dagbag.py:588} INFO - Filling up the DagBag from /home/airflow/.local/lib/python3.12/site-packages/airflow/example_dags/example_workday_timetable.py
[2025-07-01T22:08:22.794+0000] {processor.py:925} INFO - DAG(s) 'example_workday_timetable' retrieved from /home/airflow/.local/lib/python3.12/site-packages/airflow/example_dags/example_workday_timetable.py
[2025-07-01T22:08:22.813+0000] {logging_mixin.py:190} INFO - [2025-07-01T22:08:22.813+0000] {dag.py:3239} INFO - Sync 1 DAGs
[2025-07-01T22:08:22.866+0000] {logging_mixin.py:190} INFO - [2025-07-01T22:08:22.866+0000] {dag.py:4180} INFO - Setting next_dagrun for example_workday_timetable to 2021-01-04 00:00:00+00:00, run_after=2021-01-05 00:00:00+00:00
[2025-07-01T22:08:22.887+0000] {processor.py:208} INFO - Processing /home/airflow/.local/lib/python3.12/site-packages/airflow/example_dags/example_workday_timetable.py took 0.108 seconds
[2025-07-01T22:08:53.503+0000] {processor.py:186} INFO - Started process (PID=6486) to work on /home/airflow/.local/lib/python3.12/site-packages/airflow/example_dags/example_workday_timetable.py
[2025-07-01T22:08:53.504+0000] {processor.py:914} INFO - Processing file /home/airflow/.local/lib/python3.12/site-packages/airflow/example_dags/example_workday_timetable.py for tasks to queue
[2025-07-01T22:08:53.507+0000] {logging_mixin.py:190} INFO - [2025-07-01T22:08:53.506+0000] {dagbag.py:588} INFO - Filling up the DagBag from /home/airflow/.local/lib/python3.12/site-packages/airflow/example_dags/example_workday_timetable.py
[2025-07-01T22:08:53.512+0000] {processor.py:925} INFO - DAG(s) 'example_workday_timetable' retrieved from /home/airflow/.local/lib/python3.12/site-packages/airflow/example_dags/example_workday_timetable.py
[2025-07-01T22:08:53.529+0000] {logging_mixin.py:190} INFO - [2025-07-01T22:08:53.529+0000] {dag.py:3239} INFO - Sync 1 DAGs
[2025-07-01T22:08:53.578+0000] {logging_mixin.py:190} INFO - [2025-07-01T22:08:53.577+0000] {dag.py:4180} INFO - Setting next_dagrun for example_workday_timetable to 2021-01-04 00:00:00+00:00, run_after=2021-01-05 00:00:00+00:00
[2025-07-01T22:08:53.597+0000] {processor.py:208} INFO - Processing /home/airflow/.local/lib/python3.12/site-packages/airflow/example_dags/example_workday_timetable.py took 0.099 seconds
[2025-07-01T22:09:24.085+0000] {processor.py:186} INFO - Started process (PID=6549) to work on /home/airflow/.local/lib/python3.12/site-packages/airflow/example_dags/example_workday_timetable.py
[2025-07-01T22:09:24.086+0000] {processor.py:914} INFO - Processing file /home/airflow/.local/lib/python3.12/site-packages/airflow/example_dags/example_workday_timetable.py for tasks to queue
[2025-07-01T22:09:24.089+0000] {logging_mixin.py:190} INFO - [2025-07-01T22:09:24.088+0000] {dagbag.py:588} INFO - Filling up the DagBag from /home/airflow/.local/lib/python3.12/site-packages/airflow/example_dags/example_workday_timetable.py
[2025-07-01T22:09:24.093+0000] {processor.py:925} INFO - DAG(s) 'example_workday_timetable' retrieved from /home/airflow/.local/lib/python3.12/site-packages/airflow/example_dags/example_workday_timetable.py
[2025-07-01T22:09:24.109+0000] {logging_mixin.py:190} INFO - [2025-07-01T22:09:24.109+0000] {dag.py:3239} INFO - Sync 1 DAGs
[2025-07-01T22:09:24.156+0000] {logging_mixin.py:190} INFO - [2025-07-01T22:09:24.156+0000] {dag.py:4180} INFO - Setting next_dagrun for example_workday_timetable to 2021-01-04 00:00:00+00:00, run_after=2021-01-05 00:00:00+00:00
[2025-07-01T22:09:24.175+0000] {processor.py:208} INFO - Processing /home/airflow/.local/lib/python3.12/site-packages/airflow/example_dags/example_workday_timetable.py took 0.095 seconds
[2025-07-01T22:09:54.610+0000] {processor.py:186} INFO - Started process (PID=6618) to work on /home/airflow/.local/lib/python3.12/site-packages/airflow/example_dags/example_workday_timetable.py
[2025-07-01T22:09:54.611+0000] {processor.py:914} INFO - Processing file /home/airflow/.local/lib/python3.12/site-packages/airflow/example_dags/example_workday_timetable.py for tasks to queue
[2025-07-01T22:09:54.613+0000] {logging_mixin.py:190} INFO - [2025-07-01T22:09:54.613+0000] {dagbag.py:588} INFO - Filling up the DagBag from /home/airflow/.local/lib/python3.12/site-packages/airflow/example_dags/example_workday_timetable.py
[2025-07-01T22:09:54.618+0000] {processor.py:925} INFO - DAG(s) 'example_workday_timetable' retrieved from /home/airflow/.local/lib/python3.12/site-packages/airflow/example_dags/example_workday_timetable.py
[2025-07-01T22:09:54.638+0000] {logging_mixin.py:190} INFO - [2025-07-01T22:09:54.638+0000] {dag.py:3239} INFO - Sync 1 DAGs
[2025-07-01T22:09:54.689+0000] {logging_mixin.py:190} INFO - [2025-07-01T22:09:54.689+0000] {dag.py:4180} INFO - Setting next_dagrun for example_workday_timetable to 2021-01-04 00:00:00+00:00, run_after=2021-01-05 00:00:00+00:00
[2025-07-01T22:09:54.708+0000] {processor.py:208} INFO - Processing /home/airflow/.local/lib/python3.12/site-packages/airflow/example_dags/example_workday_timetable.py took 0.103 seconds
[2025-07-01T22:10:24.917+0000] {processor.py:186} INFO - Started process (PID=6681) to work on /home/airflow/.local/lib/python3.12/site-packages/airflow/example_dags/example_workday_timetable.py
[2025-07-01T22:10:24.918+0000] {processor.py:914} INFO - Processing file /home/airflow/.local/lib/python3.12/site-packages/airflow/example_dags/example_workday_timetable.py for tasks to queue
[2025-07-01T22:10:24.920+0000] {logging_mixin.py:190} INFO - [2025-07-01T22:10:24.919+0000] {dagbag.py:588} INFO - Filling up the DagBag from /home/airflow/.local/lib/python3.12/site-packages/airflow/example_dags/example_workday_timetable.py
[2025-07-01T22:10:24.924+0000] {processor.py:925} INFO - DAG(s) 'example_workday_timetable' retrieved from /home/airflow/.local/lib/python3.12/site-packages/airflow/example_dags/example_workday_timetable.py
[2025-07-01T22:10:24.943+0000] {logging_mixin.py:190} INFO - [2025-07-01T22:10:24.942+0000] {dag.py:3239} INFO - Sync 1 DAGs
[2025-07-01T22:10:24.998+0000] {logging_mixin.py:190} INFO - [2025-07-01T22:10:24.998+0000] {dag.py:4180} INFO - Setting next_dagrun for example_workday_timetable to 2021-01-04 00:00:00+00:00, run_after=2021-01-05 00:00:00+00:00
[2025-07-01T22:10:25.028+0000] {processor.py:208} INFO - Processing /home/airflow/.local/lib/python3.12/site-packages/airflow/example_dags/example_workday_timetable.py took 0.116 seconds
[2025-07-01T22:10:55.517+0000] {processor.py:186} INFO - Started process (PID=6744) to work on /home/airflow/.local/lib/python3.12/site-packages/airflow/example_dags/example_workday_timetable.py
[2025-07-01T22:10:55.518+0000] {processor.py:914} INFO - Processing file /home/airflow/.local/lib/python3.12/site-packages/airflow/example_dags/example_workday_timetable.py for tasks to queue
[2025-07-01T22:10:55.520+0000] {logging_mixin.py:190} INFO - [2025-07-01T22:10:55.520+0000] {dagbag.py:588} INFO - Filling up the DagBag from /home/airflow/.local/lib/python3.12/site-packages/airflow/example_dags/example_workday_timetable.py
[2025-07-01T22:10:55.525+0000] {processor.py:925} INFO - DAG(s) 'example_workday_timetable' retrieved from /home/airflow/.local/lib/python3.12/site-packages/airflow/example_dags/example_workday_timetable.py
[2025-07-01T22:10:55.542+0000] {logging_mixin.py:190} INFO - [2025-07-01T22:10:55.542+0000] {dag.py:3239} INFO - Sync 1 DAGs
[2025-07-01T22:10:55.590+0000] {logging_mixin.py:190} INFO - [2025-07-01T22:10:55.590+0000] {dag.py:4180} INFO - Setting next_dagrun for example_workday_timetable to 2021-01-04 00:00:00+00:00, run_after=2021-01-05 00:00:00+00:00
[2025-07-01T22:10:55.610+0000] {processor.py:208} INFO - Processing /home/airflow/.local/lib/python3.12/site-packages/airflow/example_dags/example_workday_timetable.py took 0.097 seconds
[2025-07-01T22:11:26.239+0000] {processor.py:186} INFO - Started process (PID=6807) to work on /home/airflow/.local/lib/python3.12/site-packages/airflow/example_dags/example_workday_timetable.py
[2025-07-01T22:11:26.241+0000] {processor.py:914} INFO - Processing file /home/airflow/.local/lib/python3.12/site-packages/airflow/example_dags/example_workday_timetable.py for tasks to queue
[2025-07-01T22:11:26.243+0000] {logging_mixin.py:190} INFO - [2025-07-01T22:11:26.243+0000] {dagbag.py:588} INFO - Filling up the DagBag from /home/airflow/.local/lib/python3.12/site-packages/airflow/example_dags/example_workday_timetable.py
[2025-07-01T22:11:26.251+0000] {processor.py:925} INFO - DAG(s) 'example_workday_timetable' retrieved from /home/airflow/.local/lib/python3.12/site-packages/airflow/example_dags/example_workday_timetable.py
[2025-07-01T22:11:26.271+0000] {logging_mixin.py:190} INFO - [2025-07-01T22:11:26.271+0000] {dag.py:3239} INFO - Sync 1 DAGs
[2025-07-01T22:11:26.320+0000] {logging_mixin.py:190} INFO - [2025-07-01T22:11:26.320+0000] {dag.py:4180} INFO - Setting next_dagrun for example_workday_timetable to 2021-01-04 00:00:00+00:00, run_after=2021-01-05 00:00:00+00:00
[2025-07-01T22:11:26.340+0000] {processor.py:208} INFO - Processing /home/airflow/.local/lib/python3.12/site-packages/airflow/example_dags/example_workday_timetable.py took 0.106 seconds
[2025-07-01T22:11:56.944+0000] {processor.py:186} INFO - Started process (PID=6870) to work on /home/airflow/.local/lib/python3.12/site-packages/airflow/example_dags/example_workday_timetable.py
[2025-07-01T22:11:56.945+0000] {processor.py:914} INFO - Processing file /home/airflow/.local/lib/python3.12/site-packages/airflow/example_dags/example_workday_timetable.py for tasks to queue
[2025-07-01T22:11:56.948+0000] {logging_mixin.py:190} INFO - [2025-07-01T22:11:56.947+0000] {dagbag.py:588} INFO - Filling up the DagBag from /home/airflow/.local/lib/python3.12/site-packages/airflow/example_dags/example_workday_timetable.py
[2025-07-01T22:11:56.953+0000] {processor.py:925} INFO - DAG(s) 'example_workday_timetable' retrieved from /home/airflow/.local/lib/python3.12/site-packages/airflow/example_dags/example_workday_timetable.py
[2025-07-01T22:11:56.971+0000] {logging_mixin.py:190} INFO - [2025-07-01T22:11:56.971+0000] {dag.py:3239} INFO - Sync 1 DAGs
[2025-07-01T22:11:57.023+0000] {logging_mixin.py:190} INFO - [2025-07-01T22:11:57.023+0000] {dag.py:4180} INFO - Setting next_dagrun for example_workday_timetable to 2021-01-04 00:00:00+00:00, run_after=2021-01-05 00:00:00+00:00
[2025-07-01T22:11:57.044+0000] {processor.py:208} INFO - Processing /home/airflow/.local/lib/python3.12/site-packages/airflow/example_dags/example_workday_timetable.py took 0.105 seconds
[2025-07-01T22:12:27.777+0000] {processor.py:186} INFO - Started process (PID=6933) to work on /home/airflow/.local/lib/python3.12/site-packages/airflow/example_dags/example_workday_timetable.py
[2025-07-01T22:12:27.779+0000] {processor.py:914} INFO - Processing file /home/airflow/.local/lib/python3.12/site-packages/airflow/example_dags/example_workday_timetable.py for tasks to queue
[2025-07-01T22:12:27.781+0000] {logging_mixin.py:190} INFO - [2025-07-01T22:12:27.781+0000] {dagbag.py:588} INFO - Filling up the DagBag from /home/airflow/.local/lib/python3.12/site-packages/airflow/example_dags/example_workday_timetable.py
[2025-07-01T22:12:27.787+0000] {processor.py:925} INFO - DAG(s) 'example_workday_timetable' retrieved from /home/airflow/.local/lib/python3.12/site-packages/airflow/example_dags/example_workday_timetable.py
[2025-07-01T22:12:27.808+0000] {logging_mixin.py:190} INFO - [2025-07-01T22:12:27.808+0000] {dag.py:3239} INFO - Sync 1 DAGs
[2025-07-01T22:12:27.860+0000] {logging_mixin.py:190} INFO - [2025-07-01T22:12:27.860+0000] {dag.py:4180} INFO - Setting next_dagrun for example_workday_timetable to 2021-01-04 00:00:00+00:00, run_after=2021-01-05 00:00:00+00:00
[2025-07-01T22:12:27.881+0000] {processor.py:208} INFO - Processing /home/airflow/.local/lib/python3.12/site-packages/airflow/example_dags/example_workday_timetable.py took 0.111 seconds
[2025-07-01T22:12:58.549+0000] {processor.py:186} INFO - Started process (PID=6997) to work on /home/airflow/.local/lib/python3.12/site-packages/airflow/example_dags/example_workday_timetable.py
[2025-07-01T22:12:58.550+0000] {processor.py:914} INFO - Processing file /home/airflow/.local/lib/python3.12/site-packages/airflow/example_dags/example_workday_timetable.py for tasks to queue
[2025-07-01T22:12:58.553+0000] {logging_mixin.py:190} INFO - [2025-07-01T22:12:58.552+0000] {dagbag.py:588} INFO - Filling up the DagBag from /home/airflow/.local/lib/python3.12/site-packages/airflow/example_dags/example_workday_timetable.py
[2025-07-01T22:12:58.558+0000] {processor.py:925} INFO - DAG(s) 'example_workday_timetable' retrieved from /home/airflow/.local/lib/python3.12/site-packages/airflow/example_dags/example_workday_timetable.py
[2025-07-01T22:12:58.576+0000] {logging_mixin.py:190} INFO - [2025-07-01T22:12:58.576+0000] {dag.py:3239} INFO - Sync 1 DAGs
[2025-07-01T22:12:58.624+0000] {logging_mixin.py:190} INFO - [2025-07-01T22:12:58.624+0000] {dag.py:4180} INFO - Setting next_dagrun for example_workday_timetable to 2021-01-04 00:00:00+00:00, run_after=2021-01-05 00:00:00+00:00
[2025-07-01T22:12:58.644+0000] {processor.py:208} INFO - Processing /home/airflow/.local/lib/python3.12/site-packages/airflow/example_dags/example_workday_timetable.py took 0.099 seconds
[2025-07-01T22:13:29.312+0000] {processor.py:186} INFO - Started process (PID=7060) to work on /home/airflow/.local/lib/python3.12/site-packages/airflow/example_dags/example_workday_timetable.py
[2025-07-01T22:13:29.313+0000] {processor.py:914} INFO - Processing file /home/airflow/.local/lib/python3.12/site-packages/airflow/example_dags/example_workday_timetable.py for tasks to queue
[2025-07-01T22:13:29.315+0000] {logging_mixin.py:190} INFO - [2025-07-01T22:13:29.315+0000] {dagbag.py:588} INFO - Filling up the DagBag from /home/airflow/.local/lib/python3.12/site-packages/airflow/example_dags/example_workday_timetable.py
[2025-07-01T22:13:29.320+0000] {processor.py:925} INFO - DAG(s) 'example_workday_timetable' retrieved from /home/airflow/.local/lib/python3.12/site-packages/airflow/example_dags/example_workday_timetable.py
[2025-07-01T22:13:29.339+0000] {logging_mixin.py:190} INFO - [2025-07-01T22:13:29.339+0000] {dag.py:3239} INFO - Sync 1 DAGs
[2025-07-01T22:13:29.390+0000] {logging_mixin.py:190} INFO - [2025-07-01T22:13:29.389+0000] {dag.py:4180} INFO - Setting next_dagrun for example_workday_timetable to 2021-01-04 00:00:00+00:00, run_after=2021-01-05 00:00:00+00:00
[2025-07-01T22:13:29.409+0000] {processor.py:208} INFO - Processing /home/airflow/.local/lib/python3.12/site-packages/airflow/example_dags/example_workday_timetable.py took 0.103 seconds
[2025-07-01T22:14:00.220+0000] {processor.py:186} INFO - Started process (PID=7123) to work on /home/airflow/.local/lib/python3.12/site-packages/airflow/example_dags/example_workday_timetable.py
[2025-07-01T22:14:00.221+0000] {processor.py:914} INFO - Processing file /home/airflow/.local/lib/python3.12/site-packages/airflow/example_dags/example_workday_timetable.py for tasks to queue
[2025-07-01T22:14:00.223+0000] {logging_mixin.py:190} INFO - [2025-07-01T22:14:00.223+0000] {dagbag.py:588} INFO - Filling up the DagBag from /home/airflow/.local/lib/python3.12/site-packages/airflow/example_dags/example_workday_timetable.py
[2025-07-01T22:14:00.228+0000] {processor.py:925} INFO - DAG(s) 'example_workday_timetable' retrieved from /home/airflow/.local/lib/python3.12/site-packages/airflow/example_dags/example_workday_timetable.py
[2025-07-01T22:14:00.247+0000] {logging_mixin.py:190} INFO - [2025-07-01T22:14:00.247+0000] {dag.py:3239} INFO - Sync 1 DAGs
[2025-07-01T22:14:00.294+0000] {logging_mixin.py:190} INFO - [2025-07-01T22:14:00.294+0000] {dag.py:4180} INFO - Setting next_dagrun for example_workday_timetable to 2021-01-04 00:00:00+00:00, run_after=2021-01-05 00:00:00+00:00
[2025-07-01T22:14:00.312+0000] {processor.py:208} INFO - Processing /home/airflow/.local/lib/python3.12/site-packages/airflow/example_dags/example_workday_timetable.py took 0.097 seconds
[2025-07-01T22:14:30.932+0000] {processor.py:186} INFO - Started process (PID=7186) to work on /home/airflow/.local/lib/python3.12/site-packages/airflow/example_dags/example_workday_timetable.py
[2025-07-01T22:14:30.933+0000] {processor.py:914} INFO - Processing file /home/airflow/.local/lib/python3.12/site-packages/airflow/example_dags/example_workday_timetable.py for tasks to queue
[2025-07-01T22:14:30.935+0000] {logging_mixin.py:190} INFO - [2025-07-01T22:14:30.935+0000] {dagbag.py:588} INFO - Filling up the DagBag from /home/airflow/.local/lib/python3.12/site-packages/airflow/example_dags/example_workday_timetable.py
[2025-07-01T22:14:30.940+0000] {processor.py:925} INFO - DAG(s) 'example_workday_timetable' retrieved from /home/airflow/.local/lib/python3.12/site-packages/airflow/example_dags/example_workday_timetable.py
[2025-07-01T22:14:30.957+0000] {logging_mixin.py:190} INFO - [2025-07-01T22:14:30.957+0000] {dag.py:3239} INFO - Sync 1 DAGs
[2025-07-01T22:14:31.003+0000] {logging_mixin.py:190} INFO - [2025-07-01T22:14:31.003+0000] {dag.py:4180} INFO - Setting next_dagrun for example_workday_timetable to 2021-01-04 00:00:00+00:00, run_after=2021-01-05 00:00:00+00:00
[2025-07-01T22:14:31.021+0000] {processor.py:208} INFO - Processing /home/airflow/.local/lib/python3.12/site-packages/airflow/example_dags/example_workday_timetable.py took 0.095 seconds
[2025-07-01T22:15:01.535+0000] {processor.py:186} INFO - Started process (PID=7249) to work on /home/airflow/.local/lib/python3.12/site-packages/airflow/example_dags/example_workday_timetable.py
[2025-07-01T22:15:01.536+0000] {processor.py:914} INFO - Processing file /home/airflow/.local/lib/python3.12/site-packages/airflow/example_dags/example_workday_timetable.py for tasks to queue
[2025-07-01T22:15:01.539+0000] {logging_mixin.py:190} INFO - [2025-07-01T22:15:01.538+0000] {dagbag.py:588} INFO - Filling up the DagBag from /home/airflow/.local/lib/python3.12/site-packages/airflow/example_dags/example_workday_timetable.py
[2025-07-01T22:15:01.544+0000] {processor.py:925} INFO - DAG(s) 'example_workday_timetable' retrieved from /home/airflow/.local/lib/python3.12/site-packages/airflow/example_dags/example_workday_timetable.py
[2025-07-01T22:15:01.562+0000] {logging_mixin.py:190} INFO - [2025-07-01T22:15:01.562+0000] {dag.py:3239} INFO - Sync 1 DAGs
[2025-07-01T22:15:01.614+0000] {logging_mixin.py:190} INFO - [2025-07-01T22:15:01.614+0000] {dag.py:4180} INFO - Setting next_dagrun for example_workday_timetable to 2021-01-04 00:00:00+00:00, run_after=2021-01-05 00:00:00+00:00
[2025-07-01T22:15:01.639+0000] {processor.py:208} INFO - Processing /home/airflow/.local/lib/python3.12/site-packages/airflow/example_dags/example_workday_timetable.py took 0.110 seconds
[2025-07-01T22:15:31.796+0000] {processor.py:186} INFO - Started process (PID=7312) to work on /home/airflow/.local/lib/python3.12/site-packages/airflow/example_dags/example_workday_timetable.py
[2025-07-01T22:15:31.797+0000] {processor.py:914} INFO - Processing file /home/airflow/.local/lib/python3.12/site-packages/airflow/example_dags/example_workday_timetable.py for tasks to queue
[2025-07-01T22:15:31.800+0000] {logging_mixin.py:190} INFO - [2025-07-01T22:15:31.799+0000] {dagbag.py:588} INFO - Filling up the DagBag from /home/airflow/.local/lib/python3.12/site-packages/airflow/example_dags/example_workday_timetable.py
[2025-07-01T22:15:31.806+0000] {processor.py:925} INFO - DAG(s) 'example_workday_timetable' retrieved from /home/airflow/.local/lib/python3.12/site-packages/airflow/example_dags/example_workday_timetable.py
[2025-07-01T22:15:31.827+0000] {logging_mixin.py:190} INFO - [2025-07-01T22:15:31.827+0000] {dag.py:3239} INFO - Sync 1 DAGs
[2025-07-01T22:15:31.885+0000] {logging_mixin.py:190} INFO - [2025-07-01T22:15:31.885+0000] {dag.py:4180} INFO - Setting next_dagrun for example_workday_timetable to 2021-01-04 00:00:00+00:00, run_after=2021-01-05 00:00:00+00:00
[2025-07-01T22:15:31.915+0000] {processor.py:208} INFO - Processing /home/airflow/.local/lib/python3.12/site-packages/airflow/example_dags/example_workday_timetable.py took 0.125 seconds
[2025-07-01T22:16:02.314+0000] {processor.py:186} INFO - Started process (PID=7375) to work on /home/airflow/.local/lib/python3.12/site-packages/airflow/example_dags/example_workday_timetable.py
[2025-07-01T22:16:02.315+0000] {processor.py:914} INFO - Processing file /home/airflow/.local/lib/python3.12/site-packages/airflow/example_dags/example_workday_timetable.py for tasks to queue
[2025-07-01T22:16:02.317+0000] {logging_mixin.py:190} INFO - [2025-07-01T22:16:02.317+0000] {dagbag.py:588} INFO - Filling up the DagBag from /home/airflow/.local/lib/python3.12/site-packages/airflow/example_dags/example_workday_timetable.py
[2025-07-01T22:16:02.322+0000] {processor.py:925} INFO - DAG(s) 'example_workday_timetable' retrieved from /home/airflow/.local/lib/python3.12/site-packages/airflow/example_dags/example_workday_timetable.py
[2025-07-01T22:16:02.341+0000] {logging_mixin.py:190} INFO - [2025-07-01T22:16:02.340+0000] {dag.py:3239} INFO - Sync 1 DAGs
[2025-07-01T22:16:02.391+0000] {logging_mixin.py:190} INFO - [2025-07-01T22:16:02.391+0000] {dag.py:4180} INFO - Setting next_dagrun for example_workday_timetable to 2021-01-04 00:00:00+00:00, run_after=2021-01-05 00:00:00+00:00
[2025-07-01T22:16:02.412+0000] {processor.py:208} INFO - Processing /home/airflow/.local/lib/python3.12/site-packages/airflow/example_dags/example_workday_timetable.py took 0.103 seconds
[2025-07-01T22:16:32.875+0000] {processor.py:186} INFO - Started process (PID=7438) to work on /home/airflow/.local/lib/python3.12/site-packages/airflow/example_dags/example_workday_timetable.py
[2025-07-01T22:16:32.876+0000] {processor.py:914} INFO - Processing file /home/airflow/.local/lib/python3.12/site-packages/airflow/example_dags/example_workday_timetable.py for tasks to queue
[2025-07-01T22:16:32.878+0000] {logging_mixin.py:190} INFO - [2025-07-01T22:16:32.878+0000] {dagbag.py:588} INFO - Filling up the DagBag from /home/airflow/.local/lib/python3.12/site-packages/airflow/example_dags/example_workday_timetable.py
[2025-07-01T22:16:32.883+0000] {processor.py:925} INFO - DAG(s) 'example_workday_timetable' retrieved from /home/airflow/.local/lib/python3.12/site-packages/airflow/example_dags/example_workday_timetable.py
[2025-07-01T22:16:32.900+0000] {logging_mixin.py:190} INFO - [2025-07-01T22:16:32.900+0000] {dag.py:3239} INFO - Sync 1 DAGs
[2025-07-01T22:16:32.952+0000] {logging_mixin.py:190} INFO - [2025-07-01T22:16:32.952+0000] {dag.py:4180} INFO - Setting next_dagrun for example_workday_timetable to 2021-01-04 00:00:00+00:00, run_after=2021-01-05 00:00:00+00:00
[2025-07-01T22:16:32.972+0000] {processor.py:208} INFO - Processing /home/airflow/.local/lib/python3.12/site-packages/airflow/example_dags/example_workday_timetable.py took 0.102 seconds
[2025-07-01T22:17:03.488+0000] {processor.py:186} INFO - Started process (PID=7501) to work on /home/airflow/.local/lib/python3.12/site-packages/airflow/example_dags/example_workday_timetable.py
[2025-07-01T22:17:03.489+0000] {processor.py:914} INFO - Processing file /home/airflow/.local/lib/python3.12/site-packages/airflow/example_dags/example_workday_timetable.py for tasks to queue
[2025-07-01T22:17:03.492+0000] {logging_mixin.py:190} INFO - [2025-07-01T22:17:03.492+0000] {dagbag.py:588} INFO - Filling up the DagBag from /home/airflow/.local/lib/python3.12/site-packages/airflow/example_dags/example_workday_timetable.py
[2025-07-01T22:17:03.498+0000] {processor.py:925} INFO - DAG(s) 'example_workday_timetable' retrieved from /home/airflow/.local/lib/python3.12/site-packages/airflow/example_dags/example_workday_timetable.py
[2025-07-01T22:17:03.516+0000] {logging_mixin.py:190} INFO - [2025-07-01T22:17:03.516+0000] {dag.py:3239} INFO - Sync 1 DAGs
[2025-07-01T22:17:03.568+0000] {logging_mixin.py:190} INFO - [2025-07-01T22:17:03.568+0000] {dag.py:4180} INFO - Setting next_dagrun for example_workday_timetable to 2021-01-04 00:00:00+00:00, run_after=2021-01-05 00:00:00+00:00
[2025-07-01T22:17:03.590+0000] {processor.py:208} INFO - Processing /home/airflow/.local/lib/python3.12/site-packages/airflow/example_dags/example_workday_timetable.py took 0.108 seconds
[2025-07-01T22:17:34.231+0000] {processor.py:186} INFO - Started process (PID=7564) to work on /home/airflow/.local/lib/python3.12/site-packages/airflow/example_dags/example_workday_timetable.py
[2025-07-01T22:17:34.232+0000] {processor.py:914} INFO - Processing file /home/airflow/.local/lib/python3.12/site-packages/airflow/example_dags/example_workday_timetable.py for tasks to queue
[2025-07-01T22:17:34.235+0000] {logging_mixin.py:190} INFO - [2025-07-01T22:17:34.235+0000] {dagbag.py:588} INFO - Filling up the DagBag from /home/airflow/.local/lib/python3.12/site-packages/airflow/example_dags/example_workday_timetable.py
[2025-07-01T22:17:34.240+0000] {processor.py:925} INFO - DAG(s) 'example_workday_timetable' retrieved from /home/airflow/.local/lib/python3.12/site-packages/airflow/example_dags/example_workday_timetable.py
[2025-07-01T22:17:34.260+0000] {logging_mixin.py:190} INFO - [2025-07-01T22:17:34.259+0000] {dag.py:3239} INFO - Sync 1 DAGs
[2025-07-01T22:17:34.324+0000] {logging_mixin.py:190} INFO - [2025-07-01T22:17:34.323+0000] {dag.py:4180} INFO - Setting next_dagrun for example_workday_timetable to 2021-01-04 00:00:00+00:00, run_after=2021-01-05 00:00:00+00:00
[2025-07-01T22:17:34.346+0000] {processor.py:208} INFO - Processing /home/airflow/.local/lib/python3.12/site-packages/airflow/example_dags/example_workday_timetable.py took 0.121 seconds
[2025-07-01T22:18:05.250+0000] {processor.py:186} INFO - Started process (PID=7627) to work on /home/airflow/.local/lib/python3.12/site-packages/airflow/example_dags/example_workday_timetable.py
[2025-07-01T22:18:05.253+0000] {processor.py:914} INFO - Processing file /home/airflow/.local/lib/python3.12/site-packages/airflow/example_dags/example_workday_timetable.py for tasks to queue
[2025-07-01T22:18:05.260+0000] {logging_mixin.py:190} INFO - [2025-07-01T22:18:05.258+0000] {dagbag.py:588} INFO - Filling up the DagBag from /home/airflow/.local/lib/python3.12/site-packages/airflow/example_dags/example_workday_timetable.py
[2025-07-01T22:18:05.271+0000] {processor.py:925} INFO - DAG(s) 'example_workday_timetable' retrieved from /home/airflow/.local/lib/python3.12/site-packages/airflow/example_dags/example_workday_timetable.py
[2025-07-01T22:18:05.298+0000] {logging_mixin.py:190} INFO - [2025-07-01T22:18:05.298+0000] {dag.py:3239} INFO - Sync 1 DAGs
[2025-07-01T22:18:05.409+0000] {logging_mixin.py:190} INFO - [2025-07-01T22:18:05.408+0000] {dag.py:4180} INFO - Setting next_dagrun for example_workday_timetable to 2021-01-04 00:00:00+00:00, run_after=2021-01-05 00:00:00+00:00
[2025-07-01T22:18:05.445+0000] {processor.py:208} INFO - Processing /home/airflow/.local/lib/python3.12/site-packages/airflow/example_dags/example_workday_timetable.py took 0.205 seconds
[2025-07-01T22:18:35.632+0000] {processor.py:186} INFO - Started process (PID=7696) to work on /home/airflow/.local/lib/python3.12/site-packages/airflow/example_dags/example_workday_timetable.py
[2025-07-01T22:18:35.633+0000] {processor.py:914} INFO - Processing file /home/airflow/.local/lib/python3.12/site-packages/airflow/example_dags/example_workday_timetable.py for tasks to queue
[2025-07-01T22:18:35.637+0000] {logging_mixin.py:190} INFO - [2025-07-01T22:18:35.636+0000] {dagbag.py:588} INFO - Filling up the DagBag from /home/airflow/.local/lib/python3.12/site-packages/airflow/example_dags/example_workday_timetable.py
[2025-07-01T22:18:35.643+0000] {processor.py:925} INFO - DAG(s) 'example_workday_timetable' retrieved from /home/airflow/.local/lib/python3.12/site-packages/airflow/example_dags/example_workday_timetable.py
[2025-07-01T22:18:35.662+0000] {logging_mixin.py:190} INFO - [2025-07-01T22:18:35.662+0000] {dag.py:3239} INFO - Sync 1 DAGs
[2025-07-01T22:18:35.725+0000] {logging_mixin.py:190} INFO - [2025-07-01T22:18:35.724+0000] {dag.py:4180} INFO - Setting next_dagrun for example_workday_timetable to 2021-01-04 00:00:00+00:00, run_after=2021-01-05 00:00:00+00:00
[2025-07-01T22:18:35.747+0000] {processor.py:208} INFO - Processing /home/airflow/.local/lib/python3.12/site-packages/airflow/example_dags/example_workday_timetable.py took 0.120 seconds
[2025-07-01T22:19:06.852+0000] {processor.py:186} INFO - Started process (PID=7760) to work on /home/airflow/.local/lib/python3.12/site-packages/airflow/example_dags/example_workday_timetable.py
[2025-07-01T22:19:06.853+0000] {processor.py:914} INFO - Processing file /home/airflow/.local/lib/python3.12/site-packages/airflow/example_dags/example_workday_timetable.py for tasks to queue
[2025-07-01T22:19:06.855+0000] {logging_mixin.py:190} INFO - [2025-07-01T22:19:06.855+0000] {dagbag.py:588} INFO - Filling up the DagBag from /home/airflow/.local/lib/python3.12/site-packages/airflow/example_dags/example_workday_timetable.py
[2025-07-01T22:19:06.860+0000] {processor.py:925} INFO - DAG(s) 'example_workday_timetable' retrieved from /home/airflow/.local/lib/python3.12/site-packages/airflow/example_dags/example_workday_timetable.py
[2025-07-01T22:19:06.878+0000] {logging_mixin.py:190} INFO - [2025-07-01T22:19:06.878+0000] {dag.py:3239} INFO - Sync 1 DAGs
[2025-07-01T22:19:06.938+0000] {logging_mixin.py:190} INFO - [2025-07-01T22:19:06.937+0000] {dag.py:4180} INFO - Setting next_dagrun for example_workday_timetable to 2021-01-04 00:00:00+00:00, run_after=2021-01-05 00:00:00+00:00
[2025-07-01T22:19:06.966+0000] {processor.py:208} INFO - Processing /home/airflow/.local/lib/python3.12/site-packages/airflow/example_dags/example_workday_timetable.py took 0.120 seconds
[2025-07-01T22:19:37.445+0000] {processor.py:186} INFO - Started process (PID=7823) to work on /home/airflow/.local/lib/python3.12/site-packages/airflow/example_dags/example_workday_timetable.py
[2025-07-01T22:19:37.446+0000] {processor.py:914} INFO - Processing file /home/airflow/.local/lib/python3.12/site-packages/airflow/example_dags/example_workday_timetable.py for tasks to queue
[2025-07-01T22:19:37.448+0000] {logging_mixin.py:190} INFO - [2025-07-01T22:19:37.448+0000] {dagbag.py:588} INFO - Filling up the DagBag from /home/airflow/.local/lib/python3.12/site-packages/airflow/example_dags/example_workday_timetable.py
[2025-07-01T22:19:37.454+0000] {processor.py:925} INFO - DAG(s) 'example_workday_timetable' retrieved from /home/airflow/.local/lib/python3.12/site-packages/airflow/example_dags/example_workday_timetable.py
[2025-07-01T22:19:37.473+0000] {logging_mixin.py:190} INFO - [2025-07-01T22:19:37.473+0000] {dag.py:3239} INFO - Sync 1 DAGs
[2025-07-01T22:19:37.542+0000] {logging_mixin.py:190} INFO - [2025-07-01T22:19:37.542+0000] {dag.py:4180} INFO - Setting next_dagrun for example_workday_timetable to 2021-01-04 00:00:00+00:00, run_after=2021-01-05 00:00:00+00:00
[2025-07-01T22:19:37.564+0000] {processor.py:208} INFO - Processing /home/airflow/.local/lib/python3.12/site-packages/airflow/example_dags/example_workday_timetable.py took 0.125 seconds
[2025-07-01T22:20:07.997+0000] {processor.py:186} INFO - Started process (PID=7886) to work on /home/airflow/.local/lib/python3.12/site-packages/airflow/example_dags/example_workday_timetable.py
[2025-07-01T22:20:07.997+0000] {processor.py:914} INFO - Processing file /home/airflow/.local/lib/python3.12/site-packages/airflow/example_dags/example_workday_timetable.py for tasks to queue
[2025-07-01T22:20:08.000+0000] {logging_mixin.py:190} INFO - [2025-07-01T22:20:07.999+0000] {dagbag.py:588} INFO - Filling up the DagBag from /home/airflow/.local/lib/python3.12/site-packages/airflow/example_dags/example_workday_timetable.py
[2025-07-01T22:20:08.005+0000] {processor.py:925} INFO - DAG(s) 'example_workday_timetable' retrieved from /home/airflow/.local/lib/python3.12/site-packages/airflow/example_dags/example_workday_timetable.py
[2025-07-01T22:20:08.022+0000] {logging_mixin.py:190} INFO - [2025-07-01T22:20:08.022+0000] {dag.py:3239} INFO - Sync 1 DAGs
[2025-07-01T22:20:08.074+0000] {logging_mixin.py:190} INFO - [2025-07-01T22:20:08.074+0000] {dag.py:4180} INFO - Setting next_dagrun for example_workday_timetable to 2021-01-04 00:00:00+00:00, run_after=2021-01-05 00:00:00+00:00
[2025-07-01T22:20:08.095+0000] {processor.py:208} INFO - Processing /home/airflow/.local/lib/python3.12/site-packages/airflow/example_dags/example_workday_timetable.py took 0.103 seconds
[2025-07-01T22:20:38.473+0000] {processor.py:186} INFO - Started process (PID=7949) to work on /home/airflow/.local/lib/python3.12/site-packages/airflow/example_dags/example_workday_timetable.py
[2025-07-01T22:20:38.474+0000] {processor.py:914} INFO - Processing file /home/airflow/.local/lib/python3.12/site-packages/airflow/example_dags/example_workday_timetable.py for tasks to queue
[2025-07-01T22:20:38.476+0000] {logging_mixin.py:190} INFO - [2025-07-01T22:20:38.476+0000] {dagbag.py:588} INFO - Filling up the DagBag from /home/airflow/.local/lib/python3.12/site-packages/airflow/example_dags/example_workday_timetable.py
[2025-07-01T22:20:38.480+0000] {processor.py:925} INFO - DAG(s) 'example_workday_timetable' retrieved from /home/airflow/.local/lib/python3.12/site-packages/airflow/example_dags/example_workday_timetable.py
[2025-07-01T22:20:38.499+0000] {logging_mixin.py:190} INFO - [2025-07-01T22:20:38.498+0000] {dag.py:3239} INFO - Sync 1 DAGs
[2025-07-01T22:20:38.553+0000] {logging_mixin.py:190} INFO - [2025-07-01T22:20:38.553+0000] {dag.py:4180} INFO - Setting next_dagrun for example_workday_timetable to 2021-01-04 00:00:00+00:00, run_after=2021-01-05 00:00:00+00:00
[2025-07-01T22:20:38.572+0000] {processor.py:208} INFO - Processing /home/airflow/.local/lib/python3.12/site-packages/airflow/example_dags/example_workday_timetable.py took 0.104 seconds
[2025-07-01T22:21:09.252+0000] {processor.py:186} INFO - Started process (PID=8012) to work on /home/airflow/.local/lib/python3.12/site-packages/airflow/example_dags/example_workday_timetable.py
[2025-07-01T22:21:09.253+0000] {processor.py:914} INFO - Processing file /home/airflow/.local/lib/python3.12/site-packages/airflow/example_dags/example_workday_timetable.py for tasks to queue
[2025-07-01T22:21:09.255+0000] {logging_mixin.py:190} INFO - [2025-07-01T22:21:09.255+0000] {dagbag.py:588} INFO - Filling up the DagBag from /home/airflow/.local/lib/python3.12/site-packages/airflow/example_dags/example_workday_timetable.py
[2025-07-01T22:21:09.260+0000] {processor.py:925} INFO - DAG(s) 'example_workday_timetable' retrieved from /home/airflow/.local/lib/python3.12/site-packages/airflow/example_dags/example_workday_timetable.py
[2025-07-01T22:21:09.278+0000] {logging_mixin.py:190} INFO - [2025-07-01T22:21:09.278+0000] {dag.py:3239} INFO - Sync 1 DAGs
[2025-07-01T22:21:09.324+0000] {logging_mixin.py:190} INFO - [2025-07-01T22:21:09.324+0000] {dag.py:4180} INFO - Setting next_dagrun for example_workday_timetable to 2021-01-04 00:00:00+00:00, run_after=2021-01-05 00:00:00+00:00
[2025-07-01T22:21:09.343+0000] {processor.py:208} INFO - Processing /home/airflow/.local/lib/python3.12/site-packages/airflow/example_dags/example_workday_timetable.py took 0.096 seconds
[2025-07-01T22:21:40.046+0000] {processor.py:186} INFO - Started process (PID=8075) to work on /home/airflow/.local/lib/python3.12/site-packages/airflow/example_dags/example_workday_timetable.py
[2025-07-01T22:21:40.047+0000] {processor.py:914} INFO - Processing file /home/airflow/.local/lib/python3.12/site-packages/airflow/example_dags/example_workday_timetable.py for tasks to queue
[2025-07-01T22:21:40.049+0000] {logging_mixin.py:190} INFO - [2025-07-01T22:21:40.049+0000] {dagbag.py:588} INFO - Filling up the DagBag from /home/airflow/.local/lib/python3.12/site-packages/airflow/example_dags/example_workday_timetable.py
[2025-07-01T22:21:40.054+0000] {processor.py:925} INFO - DAG(s) 'example_workday_timetable' retrieved from /home/airflow/.local/lib/python3.12/site-packages/airflow/example_dags/example_workday_timetable.py
[2025-07-01T22:21:40.072+0000] {logging_mixin.py:190} INFO - [2025-07-01T22:21:40.072+0000] {dag.py:3239} INFO - Sync 1 DAGs
[2025-07-01T22:21:40.125+0000] {logging_mixin.py:190} INFO - [2025-07-01T22:21:40.124+0000] {dag.py:4180} INFO - Setting next_dagrun for example_workday_timetable to 2021-01-04 00:00:00+00:00, run_after=2021-01-05 00:00:00+00:00
[2025-07-01T22:21:40.147+0000] {processor.py:208} INFO - Processing /home/airflow/.local/lib/python3.12/site-packages/airflow/example_dags/example_workday_timetable.py took 0.107 seconds
[2025-07-01T22:22:10.534+0000] {processor.py:186} INFO - Started process (PID=8138) to work on /home/airflow/.local/lib/python3.12/site-packages/airflow/example_dags/example_workday_timetable.py
[2025-07-01T22:22:10.534+0000] {processor.py:914} INFO - Processing file /home/airflow/.local/lib/python3.12/site-packages/airflow/example_dags/example_workday_timetable.py for tasks to queue
[2025-07-01T22:22:10.537+0000] {logging_mixin.py:190} INFO - [2025-07-01T22:22:10.536+0000] {dagbag.py:588} INFO - Filling up the DagBag from /home/airflow/.local/lib/python3.12/site-packages/airflow/example_dags/example_workday_timetable.py
[2025-07-01T22:22:10.542+0000] {processor.py:925} INFO - DAG(s) 'example_workday_timetable' retrieved from /home/airflow/.local/lib/python3.12/site-packages/airflow/example_dags/example_workday_timetable.py
[2025-07-01T22:22:10.559+0000] {logging_mixin.py:190} INFO - [2025-07-01T22:22:10.559+0000] {dag.py:3239} INFO - Sync 1 DAGs
[2025-07-01T22:22:10.608+0000] {logging_mixin.py:190} INFO - [2025-07-01T22:22:10.608+0000] {dag.py:4180} INFO - Setting next_dagrun for example_workday_timetable to 2021-01-04 00:00:00+00:00, run_after=2021-01-05 00:00:00+00:00
[2025-07-01T22:22:10.627+0000] {processor.py:208} INFO - Processing /home/airflow/.local/lib/python3.12/site-packages/airflow/example_dags/example_workday_timetable.py took 0.098 seconds
[2025-07-01T22:22:41.025+0000] {processor.py:186} INFO - Started process (PID=8201) to work on /home/airflow/.local/lib/python3.12/site-packages/airflow/example_dags/example_workday_timetable.py
[2025-07-01T22:22:41.027+0000] {processor.py:914} INFO - Processing file /home/airflow/.local/lib/python3.12/site-packages/airflow/example_dags/example_workday_timetable.py for tasks to queue
[2025-07-01T22:22:41.029+0000] {logging_mixin.py:190} INFO - [2025-07-01T22:22:41.029+0000] {dagbag.py:588} INFO - Filling up the DagBag from /home/airflow/.local/lib/python3.12/site-packages/airflow/example_dags/example_workday_timetable.py
[2025-07-01T22:22:41.036+0000] {processor.py:925} INFO - DAG(s) 'example_workday_timetable' retrieved from /home/airflow/.local/lib/python3.12/site-packages/airflow/example_dags/example_workday_timetable.py
[2025-07-01T22:22:41.056+0000] {logging_mixin.py:190} INFO - [2025-07-01T22:22:41.055+0000] {dag.py:3239} INFO - Sync 1 DAGs
[2025-07-01T22:22:41.112+0000] {logging_mixin.py:190} INFO - [2025-07-01T22:22:41.112+0000] {dag.py:4180} INFO - Setting next_dagrun for example_workday_timetable to 2021-01-04 00:00:00+00:00, run_after=2021-01-05 00:00:00+00:00
[2025-07-01T22:22:41.132+0000] {processor.py:208} INFO - Processing /home/airflow/.local/lib/python3.12/site-packages/airflow/example_dags/example_workday_timetable.py took 0.113 seconds
[2025-07-01T22:23:11.844+0000] {processor.py:186} INFO - Started process (PID=8264) to work on /home/airflow/.local/lib/python3.12/site-packages/airflow/example_dags/example_workday_timetable.py
[2025-07-01T22:23:11.845+0000] {processor.py:914} INFO - Processing file /home/airflow/.local/lib/python3.12/site-packages/airflow/example_dags/example_workday_timetable.py for tasks to queue
[2025-07-01T22:23:11.848+0000] {logging_mixin.py:190} INFO - [2025-07-01T22:23:11.847+0000] {dagbag.py:588} INFO - Filling up the DagBag from /home/airflow/.local/lib/python3.12/site-packages/airflow/example_dags/example_workday_timetable.py
[2025-07-01T22:23:11.854+0000] {processor.py:925} INFO - DAG(s) 'example_workday_timetable' retrieved from /home/airflow/.local/lib/python3.12/site-packages/airflow/example_dags/example_workday_timetable.py
[2025-07-01T22:23:11.873+0000] {logging_mixin.py:190} INFO - [2025-07-01T22:23:11.873+0000] {dag.py:3239} INFO - Sync 1 DAGs
[2025-07-01T22:23:11.923+0000] {logging_mixin.py:190} INFO - [2025-07-01T22:23:11.923+0000] {dag.py:4180} INFO - Setting next_dagrun for example_workday_timetable to 2021-01-04 00:00:00+00:00, run_after=2021-01-05 00:00:00+00:00
[2025-07-01T22:23:11.944+0000] {processor.py:208} INFO - Processing /home/airflow/.local/lib/python3.12/site-packages/airflow/example_dags/example_workday_timetable.py took 0.106 seconds
[2025-07-01T22:23:42.687+0000] {processor.py:186} INFO - Started process (PID=8328) to work on /home/airflow/.local/lib/python3.12/site-packages/airflow/example_dags/example_workday_timetable.py
[2025-07-01T22:23:42.689+0000] {processor.py:914} INFO - Processing file /home/airflow/.local/lib/python3.12/site-packages/airflow/example_dags/example_workday_timetable.py for tasks to queue
[2025-07-01T22:23:42.693+0000] {logging_mixin.py:190} INFO - [2025-07-01T22:23:42.692+0000] {dagbag.py:588} INFO - Filling up the DagBag from /home/airflow/.local/lib/python3.12/site-packages/airflow/example_dags/example_workday_timetable.py
[2025-07-01T22:23:42.700+0000] {processor.py:925} INFO - DAG(s) 'example_workday_timetable' retrieved from /home/airflow/.local/lib/python3.12/site-packages/airflow/example_dags/example_workday_timetable.py
[2025-07-01T22:23:42.724+0000] {logging_mixin.py:190} INFO - [2025-07-01T22:23:42.723+0000] {dag.py:3239} INFO - Sync 1 DAGs
[2025-07-01T22:23:42.786+0000] {logging_mixin.py:190} INFO - [2025-07-01T22:23:42.786+0000] {dag.py:4180} INFO - Setting next_dagrun for example_workday_timetable to 2021-01-04 00:00:00+00:00, run_after=2021-01-05 00:00:00+00:00
[2025-07-01T22:23:42.815+0000] {processor.py:208} INFO - Processing /home/airflow/.local/lib/python3.12/site-packages/airflow/example_dags/example_workday_timetable.py took 0.135 seconds
[2025-07-01T22:24:13.170+0000] {processor.py:186} INFO - Started process (PID=8390) to work on /home/airflow/.local/lib/python3.12/site-packages/airflow/example_dags/example_workday_timetable.py
[2025-07-01T22:24:13.171+0000] {processor.py:914} INFO - Processing file /home/airflow/.local/lib/python3.12/site-packages/airflow/example_dags/example_workday_timetable.py for tasks to queue
[2025-07-01T22:24:13.173+0000] {logging_mixin.py:190} INFO - [2025-07-01T22:24:13.173+0000] {dagbag.py:588} INFO - Filling up the DagBag from /home/airflow/.local/lib/python3.12/site-packages/airflow/example_dags/example_workday_timetable.py
[2025-07-01T22:24:13.180+0000] {processor.py:925} INFO - DAG(s) 'example_workday_timetable' retrieved from /home/airflow/.local/lib/python3.12/site-packages/airflow/example_dags/example_workday_timetable.py
[2025-07-01T22:24:13.199+0000] {logging_mixin.py:190} INFO - [2025-07-01T22:24:13.199+0000] {dag.py:3239} INFO - Sync 1 DAGs
[2025-07-01T22:24:13.263+0000] {logging_mixin.py:190} INFO - [2025-07-01T22:24:13.262+0000] {dag.py:4180} INFO - Setting next_dagrun for example_workday_timetable to 2021-01-04 00:00:00+00:00, run_after=2021-01-05 00:00:00+00:00
[2025-07-01T22:24:13.290+0000] {processor.py:208} INFO - Processing /home/airflow/.local/lib/python3.12/site-packages/airflow/example_dags/example_workday_timetable.py took 0.125 seconds
[2025-07-01T22:24:43.801+0000] {processor.py:186} INFO - Started process (PID=8459) to work on /home/airflow/.local/lib/python3.12/site-packages/airflow/example_dags/example_workday_timetable.py
[2025-07-01T22:24:43.803+0000] {processor.py:914} INFO - Processing file /home/airflow/.local/lib/python3.12/site-packages/airflow/example_dags/example_workday_timetable.py for tasks to queue
[2025-07-01T22:24:43.806+0000] {logging_mixin.py:190} INFO - [2025-07-01T22:24:43.805+0000] {dagbag.py:588} INFO - Filling up the DagBag from /home/airflow/.local/lib/python3.12/site-packages/airflow/example_dags/example_workday_timetable.py
[2025-07-01T22:24:43.811+0000] {processor.py:925} INFO - DAG(s) 'example_workday_timetable' retrieved from /home/airflow/.local/lib/python3.12/site-packages/airflow/example_dags/example_workday_timetable.py
[2025-07-01T22:24:43.829+0000] {logging_mixin.py:190} INFO - [2025-07-01T22:24:43.828+0000] {dag.py:3239} INFO - Sync 1 DAGs
[2025-07-01T22:24:43.877+0000] {logging_mixin.py:190} INFO - [2025-07-01T22:24:43.876+0000] {dag.py:4180} INFO - Setting next_dagrun for example_workday_timetable to 2021-01-04 00:00:00+00:00, run_after=2021-01-05 00:00:00+00:00
[2025-07-01T22:24:43.894+0000] {processor.py:208} INFO - Processing /home/airflow/.local/lib/python3.12/site-packages/airflow/example_dags/example_workday_timetable.py took 0.099 seconds
[2025-07-01T22:25:14.522+0000] {processor.py:186} INFO - Started process (PID=8522) to work on /home/airflow/.local/lib/python3.12/site-packages/airflow/example_dags/example_workday_timetable.py
[2025-07-01T22:25:14.523+0000] {processor.py:914} INFO - Processing file /home/airflow/.local/lib/python3.12/site-packages/airflow/example_dags/example_workday_timetable.py for tasks to queue
[2025-07-01T22:25:14.525+0000] {logging_mixin.py:190} INFO - [2025-07-01T22:25:14.525+0000] {dagbag.py:588} INFO - Filling up the DagBag from /home/airflow/.local/lib/python3.12/site-packages/airflow/example_dags/example_workday_timetable.py
[2025-07-01T22:25:14.531+0000] {processor.py:925} INFO - DAG(s) 'example_workday_timetable' retrieved from /home/airflow/.local/lib/python3.12/site-packages/airflow/example_dags/example_workday_timetable.py
[2025-07-01T22:25:14.547+0000] {logging_mixin.py:190} INFO - [2025-07-01T22:25:14.547+0000] {dag.py:3239} INFO - Sync 1 DAGs
[2025-07-01T22:25:14.594+0000] {logging_mixin.py:190} INFO - [2025-07-01T22:25:14.594+0000] {dag.py:4180} INFO - Setting next_dagrun for example_workday_timetable to 2021-01-04 00:00:00+00:00, run_after=2021-01-05 00:00:00+00:00
[2025-07-01T22:25:14.612+0000] {processor.py:208} INFO - Processing /home/airflow/.local/lib/python3.12/site-packages/airflow/example_dags/example_workday_timetable.py took 0.095 seconds
[2025-07-01T22:25:45.303+0000] {processor.py:186} INFO - Started process (PID=8627) to work on /home/airflow/.local/lib/python3.12/site-packages/airflow/example_dags/example_workday_timetable.py
[2025-07-01T22:25:45.304+0000] {processor.py:914} INFO - Processing file /home/airflow/.local/lib/python3.12/site-packages/airflow/example_dags/example_workday_timetable.py for tasks to queue
[2025-07-01T22:25:45.306+0000] {logging_mixin.py:190} INFO - [2025-07-01T22:25:45.306+0000] {dagbag.py:588} INFO - Filling up the DagBag from /home/airflow/.local/lib/python3.12/site-packages/airflow/example_dags/example_workday_timetable.py
[2025-07-01T22:25:45.311+0000] {processor.py:925} INFO - DAG(s) 'example_workday_timetable' retrieved from /home/airflow/.local/lib/python3.12/site-packages/airflow/example_dags/example_workday_timetable.py
[2025-07-01T22:25:45.329+0000] {logging_mixin.py:190} INFO - [2025-07-01T22:25:45.329+0000] {dag.py:3239} INFO - Sync 1 DAGs
[2025-07-01T22:25:45.377+0000] {logging_mixin.py:190} INFO - [2025-07-01T22:25:45.377+0000] {dag.py:4180} INFO - Setting next_dagrun for example_workday_timetable to 2021-01-04 00:00:00+00:00, run_after=2021-01-05 00:00:00+00:00
[2025-07-01T22:25:45.396+0000] {processor.py:208} INFO - Processing /home/airflow/.local/lib/python3.12/site-packages/airflow/example_dags/example_workday_timetable.py took 0.102 seconds
[2025-07-01T22:26:16.232+0000] {processor.py:186} INFO - Started process (PID=8693) to work on /home/airflow/.local/lib/python3.12/site-packages/airflow/example_dags/example_workday_timetable.py
[2025-07-01T22:26:16.233+0000] {processor.py:914} INFO - Processing file /home/airflow/.local/lib/python3.12/site-packages/airflow/example_dags/example_workday_timetable.py for tasks to queue
[2025-07-01T22:26:16.236+0000] {logging_mixin.py:190} INFO - [2025-07-01T22:26:16.235+0000] {dagbag.py:588} INFO - Filling up the DagBag from /home/airflow/.local/lib/python3.12/site-packages/airflow/example_dags/example_workday_timetable.py
[2025-07-01T22:26:16.243+0000] {processor.py:925} INFO - DAG(s) 'example_workday_timetable' retrieved from /home/airflow/.local/lib/python3.12/site-packages/airflow/example_dags/example_workday_timetable.py
[2025-07-01T22:26:16.262+0000] {logging_mixin.py:190} INFO - [2025-07-01T22:26:16.262+0000] {dag.py:3239} INFO - Sync 1 DAGs
[2025-07-01T22:26:16.329+0000] {logging_mixin.py:190} INFO - [2025-07-01T22:26:16.329+0000] {dag.py:4180} INFO - Setting next_dagrun for example_workday_timetable to 2021-01-04 00:00:00+00:00, run_after=2021-01-05 00:00:00+00:00
[2025-07-01T22:26:16.356+0000] {processor.py:208} INFO - Processing /home/airflow/.local/lib/python3.12/site-packages/airflow/example_dags/example_workday_timetable.py took 0.135 seconds
[2025-07-01T22:26:46.522+0000] {processor.py:186} INFO - Started process (PID=8757) to work on /home/airflow/.local/lib/python3.12/site-packages/airflow/example_dags/example_workday_timetable.py
[2025-07-01T22:26:46.523+0000] {processor.py:914} INFO - Processing file /home/airflow/.local/lib/python3.12/site-packages/airflow/example_dags/example_workday_timetable.py for tasks to queue
[2025-07-01T22:26:46.526+0000] {logging_mixin.py:190} INFO - [2025-07-01T22:26:46.526+0000] {dagbag.py:588} INFO - Filling up the DagBag from /home/airflow/.local/lib/python3.12/site-packages/airflow/example_dags/example_workday_timetable.py
[2025-07-01T22:26:46.531+0000] {processor.py:925} INFO - DAG(s) 'example_workday_timetable' retrieved from /home/airflow/.local/lib/python3.12/site-packages/airflow/example_dags/example_workday_timetable.py
[2025-07-01T22:26:46.549+0000] {logging_mixin.py:190} INFO - [2025-07-01T22:26:46.549+0000] {dag.py:3239} INFO - Sync 1 DAGs
[2025-07-01T22:26:46.600+0000] {logging_mixin.py:190} INFO - [2025-07-01T22:26:46.600+0000] {dag.py:4180} INFO - Setting next_dagrun for example_workday_timetable to 2021-01-04 00:00:00+00:00, run_after=2021-01-05 00:00:00+00:00
[2025-07-01T22:26:46.620+0000] {processor.py:208} INFO - Processing /home/airflow/.local/lib/python3.12/site-packages/airflow/example_dags/example_workday_timetable.py took 0.106 seconds
[2025-07-01T22:27:17.603+0000] {processor.py:186} INFO - Started process (PID=8821) to work on /home/airflow/.local/lib/python3.12/site-packages/airflow/example_dags/example_workday_timetable.py
[2025-07-01T22:27:17.604+0000] {processor.py:914} INFO - Processing file /home/airflow/.local/lib/python3.12/site-packages/airflow/example_dags/example_workday_timetable.py for tasks to queue
[2025-07-01T22:27:17.609+0000] {logging_mixin.py:190} INFO - [2025-07-01T22:27:17.608+0000] {dagbag.py:588} INFO - Filling up the DagBag from /home/airflow/.local/lib/python3.12/site-packages/airflow/example_dags/example_workday_timetable.py
[2025-07-01T22:27:17.614+0000] {processor.py:925} INFO - DAG(s) 'example_workday_timetable' retrieved from /home/airflow/.local/lib/python3.12/site-packages/airflow/example_dags/example_workday_timetable.py
[2025-07-01T22:27:17.630+0000] {logging_mixin.py:190} INFO - [2025-07-01T22:27:17.630+0000] {dag.py:3239} INFO - Sync 1 DAGs
[2025-07-01T22:27:17.676+0000] {logging_mixin.py:190} INFO - [2025-07-01T22:27:17.676+0000] {dag.py:4180} INFO - Setting next_dagrun for example_workday_timetable to 2021-01-04 00:00:00+00:00, run_after=2021-01-05 00:00:00+00:00
[2025-07-01T22:27:17.695+0000] {processor.py:208} INFO - Processing /home/airflow/.local/lib/python3.12/site-packages/airflow/example_dags/example_workday_timetable.py took 0.100 seconds
[2025-07-01T22:27:48.580+0000] {processor.py:186} INFO - Started process (PID=8886) to work on /home/airflow/.local/lib/python3.12/site-packages/airflow/example_dags/example_workday_timetable.py
[2025-07-01T22:27:48.581+0000] {processor.py:914} INFO - Processing file /home/airflow/.local/lib/python3.12/site-packages/airflow/example_dags/example_workday_timetable.py for tasks to queue
[2025-07-01T22:27:48.583+0000] {logging_mixin.py:190} INFO - [2025-07-01T22:27:48.583+0000] {dagbag.py:588} INFO - Filling up the DagBag from /home/airflow/.local/lib/python3.12/site-packages/airflow/example_dags/example_workday_timetable.py
[2025-07-01T22:27:48.588+0000] {processor.py:925} INFO - DAG(s) 'example_workday_timetable' retrieved from /home/airflow/.local/lib/python3.12/site-packages/airflow/example_dags/example_workday_timetable.py
[2025-07-01T22:27:48.607+0000] {logging_mixin.py:190} INFO - [2025-07-01T22:27:48.606+0000] {dag.py:3239} INFO - Sync 1 DAGs
[2025-07-01T22:27:48.655+0000] {logging_mixin.py:190} INFO - [2025-07-01T22:27:48.654+0000] {dag.py:4180} INFO - Setting next_dagrun for example_workday_timetable to 2021-01-04 00:00:00+00:00, run_after=2021-01-05 00:00:00+00:00
[2025-07-01T22:27:48.674+0000] {processor.py:208} INFO - Processing /home/airflow/.local/lib/python3.12/site-packages/airflow/example_dags/example_workday_timetable.py took 0.101 seconds
[2025-07-01T22:28:19.137+0000] {processor.py:186} INFO - Started process (PID=8950) to work on /home/airflow/.local/lib/python3.12/site-packages/airflow/example_dags/example_workday_timetable.py
[2025-07-01T22:28:19.139+0000] {processor.py:914} INFO - Processing file /home/airflow/.local/lib/python3.12/site-packages/airflow/example_dags/example_workday_timetable.py for tasks to queue
[2025-07-01T22:28:19.141+0000] {logging_mixin.py:190} INFO - [2025-07-01T22:28:19.141+0000] {dagbag.py:588} INFO - Filling up the DagBag from /home/airflow/.local/lib/python3.12/site-packages/airflow/example_dags/example_workday_timetable.py
[2025-07-01T22:28:19.146+0000] {processor.py:925} INFO - DAG(s) 'example_workday_timetable' retrieved from /home/airflow/.local/lib/python3.12/site-packages/airflow/example_dags/example_workday_timetable.py
[2025-07-01T22:28:19.161+0000] {logging_mixin.py:190} INFO - [2025-07-01T22:28:19.161+0000] {dag.py:3239} INFO - Sync 1 DAGs
[2025-07-01T22:28:19.207+0000] {logging_mixin.py:190} INFO - [2025-07-01T22:28:19.207+0000] {dag.py:4180} INFO - Setting next_dagrun for example_workday_timetable to 2021-01-04 00:00:00+00:00, run_after=2021-01-05 00:00:00+00:00
[2025-07-01T22:28:19.227+0000] {processor.py:208} INFO - Processing /home/airflow/.local/lib/python3.12/site-packages/airflow/example_dags/example_workday_timetable.py took 0.098 seconds
[2025-07-01T22:28:49.884+0000] {processor.py:186} INFO - Started process (PID=9014) to work on /home/airflow/.local/lib/python3.12/site-packages/airflow/example_dags/example_workday_timetable.py
[2025-07-01T22:28:49.885+0000] {processor.py:914} INFO - Processing file /home/airflow/.local/lib/python3.12/site-packages/airflow/example_dags/example_workday_timetable.py for tasks to queue
[2025-07-01T22:28:49.888+0000] {logging_mixin.py:190} INFO - [2025-07-01T22:28:49.887+0000] {dagbag.py:588} INFO - Filling up the DagBag from /home/airflow/.local/lib/python3.12/site-packages/airflow/example_dags/example_workday_timetable.py
[2025-07-01T22:28:49.892+0000] {processor.py:925} INFO - DAG(s) 'example_workday_timetable' retrieved from /home/airflow/.local/lib/python3.12/site-packages/airflow/example_dags/example_workday_timetable.py
[2025-07-01T22:28:49.910+0000] {logging_mixin.py:190} INFO - [2025-07-01T22:28:49.910+0000] {dag.py:3239} INFO - Sync 1 DAGs
[2025-07-01T22:28:49.960+0000] {logging_mixin.py:190} INFO - [2025-07-01T22:28:49.960+0000] {dag.py:4180} INFO - Setting next_dagrun for example_workday_timetable to 2021-01-04 00:00:00+00:00, run_after=2021-01-05 00:00:00+00:00
[2025-07-01T22:28:49.981+0000] {processor.py:208} INFO - Processing /home/airflow/.local/lib/python3.12/site-packages/airflow/example_dags/example_workday_timetable.py took 0.105 seconds
[2025-07-01T22:29:20.530+0000] {processor.py:186} INFO - Started process (PID=9078) to work on /home/airflow/.local/lib/python3.12/site-packages/airflow/example_dags/example_workday_timetable.py
[2025-07-01T22:29:20.531+0000] {processor.py:914} INFO - Processing file /home/airflow/.local/lib/python3.12/site-packages/airflow/example_dags/example_workday_timetable.py for tasks to queue
[2025-07-01T22:29:20.533+0000] {logging_mixin.py:190} INFO - [2025-07-01T22:29:20.533+0000] {dagbag.py:588} INFO - Filling up the DagBag from /home/airflow/.local/lib/python3.12/site-packages/airflow/example_dags/example_workday_timetable.py
[2025-07-01T22:29:20.539+0000] {processor.py:925} INFO - DAG(s) 'example_workday_timetable' retrieved from /home/airflow/.local/lib/python3.12/site-packages/airflow/example_dags/example_workday_timetable.py
[2025-07-01T22:29:20.559+0000] {logging_mixin.py:190} INFO - [2025-07-01T22:29:20.558+0000] {dag.py:3239} INFO - Sync 1 DAGs
[2025-07-01T22:29:20.620+0000] {logging_mixin.py:190} INFO - [2025-07-01T22:29:20.620+0000] {dag.py:4180} INFO - Setting next_dagrun for example_workday_timetable to 2021-01-04 00:00:00+00:00, run_after=2021-01-05 00:00:00+00:00
[2025-07-01T22:29:20.641+0000] {processor.py:208} INFO - Processing /home/airflow/.local/lib/python3.12/site-packages/airflow/example_dags/example_workday_timetable.py took 0.119 seconds
[2025-07-01T22:29:51.185+0000] {processor.py:186} INFO - Started process (PID=9142) to work on /home/airflow/.local/lib/python3.12/site-packages/airflow/example_dags/example_workday_timetable.py
[2025-07-01T22:29:51.186+0000] {processor.py:914} INFO - Processing file /home/airflow/.local/lib/python3.12/site-packages/airflow/example_dags/example_workday_timetable.py for tasks to queue
[2025-07-01T22:29:51.188+0000] {logging_mixin.py:190} INFO - [2025-07-01T22:29:51.188+0000] {dagbag.py:588} INFO - Filling up the DagBag from /home/airflow/.local/lib/python3.12/site-packages/airflow/example_dags/example_workday_timetable.py
[2025-07-01T22:29:51.194+0000] {processor.py:925} INFO - DAG(s) 'example_workday_timetable' retrieved from /home/airflow/.local/lib/python3.12/site-packages/airflow/example_dags/example_workday_timetable.py
[2025-07-01T22:29:51.212+0000] {logging_mixin.py:190} INFO - [2025-07-01T22:29:51.212+0000] {dag.py:3239} INFO - Sync 1 DAGs
[2025-07-01T22:29:51.264+0000] {logging_mixin.py:190} INFO - [2025-07-01T22:29:51.263+0000] {dag.py:4180} INFO - Setting next_dagrun for example_workday_timetable to 2021-01-04 00:00:00+00:00, run_after=2021-01-05 00:00:00+00:00
[2025-07-01T22:29:51.284+0000] {processor.py:208} INFO - Processing /home/airflow/.local/lib/python3.12/site-packages/airflow/example_dags/example_workday_timetable.py took 0.108 seconds
[2025-07-01T22:30:21.904+0000] {processor.py:186} INFO - Started process (PID=9206) to work on /home/airflow/.local/lib/python3.12/site-packages/airflow/example_dags/example_workday_timetable.py
[2025-07-01T22:30:21.905+0000] {processor.py:914} INFO - Processing file /home/airflow/.local/lib/python3.12/site-packages/airflow/example_dags/example_workday_timetable.py for tasks to queue
[2025-07-01T22:30:21.907+0000] {logging_mixin.py:190} INFO - [2025-07-01T22:30:21.907+0000] {dagbag.py:588} INFO - Filling up the DagBag from /home/airflow/.local/lib/python3.12/site-packages/airflow/example_dags/example_workday_timetable.py
[2025-07-01T22:30:21.912+0000] {processor.py:925} INFO - DAG(s) 'example_workday_timetable' retrieved from /home/airflow/.local/lib/python3.12/site-packages/airflow/example_dags/example_workday_timetable.py
[2025-07-01T22:30:21.931+0000] {logging_mixin.py:190} INFO - [2025-07-01T22:30:21.931+0000] {dag.py:3239} INFO - Sync 1 DAGs
[2025-07-01T22:30:21.979+0000] {logging_mixin.py:190} INFO - [2025-07-01T22:30:21.979+0000] {dag.py:4180} INFO - Setting next_dagrun for example_workday_timetable to 2021-01-04 00:00:00+00:00, run_after=2021-01-05 00:00:00+00:00
[2025-07-01T22:30:21.998+0000] {processor.py:208} INFO - Processing /home/airflow/.local/lib/python3.12/site-packages/airflow/example_dags/example_workday_timetable.py took 0.102 seconds
[2025-07-01T22:30:52.679+0000] {processor.py:186} INFO - Started process (PID=9270) to work on /home/airflow/.local/lib/python3.12/site-packages/airflow/example_dags/example_workday_timetable.py
[2025-07-01T22:30:52.680+0000] {processor.py:914} INFO - Processing file /home/airflow/.local/lib/python3.12/site-packages/airflow/example_dags/example_workday_timetable.py for tasks to queue
[2025-07-01T22:30:52.682+0000] {logging_mixin.py:190} INFO - [2025-07-01T22:30:52.682+0000] {dagbag.py:588} INFO - Filling up the DagBag from /home/airflow/.local/lib/python3.12/site-packages/airflow/example_dags/example_workday_timetable.py
[2025-07-01T22:30:52.687+0000] {processor.py:925} INFO - DAG(s) 'example_workday_timetable' retrieved from /home/airflow/.local/lib/python3.12/site-packages/airflow/example_dags/example_workday_timetable.py
[2025-07-01T22:30:52.708+0000] {logging_mixin.py:190} INFO - [2025-07-01T22:30:52.707+0000] {dag.py:3239} INFO - Sync 1 DAGs
[2025-07-01T22:30:52.759+0000] {logging_mixin.py:190} INFO - [2025-07-01T22:30:52.759+0000] {dag.py:4180} INFO - Setting next_dagrun for example_workday_timetable to 2021-01-04 00:00:00+00:00, run_after=2021-01-05 00:00:00+00:00
[2025-07-01T22:30:52.780+0000] {processor.py:208} INFO - Processing /home/airflow/.local/lib/python3.12/site-packages/airflow/example_dags/example_workday_timetable.py took 0.110 seconds
[2025-07-01T22:31:23.340+0000] {processor.py:186} INFO - Started process (PID=9334) to work on /home/airflow/.local/lib/python3.12/site-packages/airflow/example_dags/example_workday_timetable.py
[2025-07-01T22:31:23.341+0000] {processor.py:914} INFO - Processing file /home/airflow/.local/lib/python3.12/site-packages/airflow/example_dags/example_workday_timetable.py for tasks to queue
[2025-07-01T22:31:23.344+0000] {logging_mixin.py:190} INFO - [2025-07-01T22:31:23.343+0000] {dagbag.py:588} INFO - Filling up the DagBag from /home/airflow/.local/lib/python3.12/site-packages/airflow/example_dags/example_workday_timetable.py
[2025-07-01T22:31:23.349+0000] {processor.py:925} INFO - DAG(s) 'example_workday_timetable' retrieved from /home/airflow/.local/lib/python3.12/site-packages/airflow/example_dags/example_workday_timetable.py
[2025-07-01T22:31:23.367+0000] {logging_mixin.py:190} INFO - [2025-07-01T22:31:23.367+0000] {dag.py:3239} INFO - Sync 1 DAGs
[2025-07-01T22:31:23.415+0000] {logging_mixin.py:190} INFO - [2025-07-01T22:31:23.415+0000] {dag.py:4180} INFO - Setting next_dagrun for example_workday_timetable to 2021-01-04 00:00:00+00:00, run_after=2021-01-05 00:00:00+00:00
[2025-07-01T22:31:23.435+0000] {processor.py:208} INFO - Processing /home/airflow/.local/lib/python3.12/site-packages/airflow/example_dags/example_workday_timetable.py took 0.103 seconds
[2025-07-01T22:31:54.286+0000] {processor.py:186} INFO - Started process (PID=9398) to work on /home/airflow/.local/lib/python3.12/site-packages/airflow/example_dags/example_workday_timetable.py
[2025-07-01T22:31:54.287+0000] {processor.py:914} INFO - Processing file /home/airflow/.local/lib/python3.12/site-packages/airflow/example_dags/example_workday_timetable.py for tasks to queue
[2025-07-01T22:31:54.289+0000] {logging_mixin.py:190} INFO - [2025-07-01T22:31:54.289+0000] {dagbag.py:588} INFO - Filling up the DagBag from /home/airflow/.local/lib/python3.12/site-packages/airflow/example_dags/example_workday_timetable.py
[2025-07-01T22:31:54.295+0000] {processor.py:925} INFO - DAG(s) 'example_workday_timetable' retrieved from /home/airflow/.local/lib/python3.12/site-packages/airflow/example_dags/example_workday_timetable.py
[2025-07-01T22:31:54.315+0000] {logging_mixin.py:190} INFO - [2025-07-01T22:31:54.314+0000] {dag.py:3239} INFO - Sync 1 DAGs
[2025-07-01T22:31:54.378+0000] {logging_mixin.py:190} INFO - [2025-07-01T22:31:54.377+0000] {dag.py:4180} INFO - Setting next_dagrun for example_workday_timetable to 2021-01-04 00:00:00+00:00, run_after=2021-01-05 00:00:00+00:00
[2025-07-01T22:31:54.398+0000] {processor.py:208} INFO - Processing /home/airflow/.local/lib/python3.12/site-packages/airflow/example_dags/example_workday_timetable.py took 0.120 seconds
[2025-07-01T22:32:25.453+0000] {processor.py:186} INFO - Started process (PID=9480) to work on /home/airflow/.local/lib/python3.12/site-packages/airflow/example_dags/example_workday_timetable.py
[2025-07-01T22:32:25.454+0000] {processor.py:914} INFO - Processing file /home/airflow/.local/lib/python3.12/site-packages/airflow/example_dags/example_workday_timetable.py for tasks to queue
[2025-07-01T22:32:25.457+0000] {logging_mixin.py:190} INFO - [2025-07-01T22:32:25.457+0000] {dagbag.py:588} INFO - Filling up the DagBag from /home/airflow/.local/lib/python3.12/site-packages/airflow/example_dags/example_workday_timetable.py
[2025-07-01T22:32:25.464+0000] {processor.py:925} INFO - DAG(s) 'example_workday_timetable' retrieved from /home/airflow/.local/lib/python3.12/site-packages/airflow/example_dags/example_workday_timetable.py
[2025-07-01T22:32:25.481+0000] {logging_mixin.py:190} INFO - [2025-07-01T22:32:25.481+0000] {dag.py:3239} INFO - Sync 1 DAGs
[2025-07-01T22:32:25.534+0000] {logging_mixin.py:190} INFO - [2025-07-01T22:32:25.534+0000] {dag.py:4180} INFO - Setting next_dagrun for example_workday_timetable to 2021-01-04 00:00:00+00:00, run_after=2021-01-05 00:00:00+00:00
[2025-07-01T22:32:25.555+0000] {processor.py:208} INFO - Processing /home/airflow/.local/lib/python3.12/site-packages/airflow/example_dags/example_workday_timetable.py took 0.112 seconds
[2025-07-01T22:32:59.388+0000] {processor.py:186} INFO - Started process (PID=68) to work on /home/airflow/.local/lib/python3.12/site-packages/airflow/example_dags/example_workday_timetable.py
[2025-07-01T22:32:59.389+0000] {processor.py:914} INFO - Processing file /home/airflow/.local/lib/python3.12/site-packages/airflow/example_dags/example_workday_timetable.py for tasks to queue
[2025-07-01T22:32:59.393+0000] {logging_mixin.py:190} INFO - [2025-07-01T22:32:59.393+0000] {dagbag.py:588} INFO - Filling up the DagBag from /home/airflow/.local/lib/python3.12/site-packages/airflow/example_dags/example_workday_timetable.py
[2025-07-01T22:32:59.399+0000] {processor.py:925} INFO - DAG(s) 'example_workday_timetable' retrieved from /home/airflow/.local/lib/python3.12/site-packages/airflow/example_dags/example_workday_timetable.py
[2025-07-01T22:32:59.422+0000] {logging_mixin.py:190} INFO - [2025-07-01T22:32:59.421+0000] {dag.py:3239} INFO - Sync 1 DAGs
[2025-07-01T22:32:59.486+0000] {logging_mixin.py:190} INFO - [2025-07-01T22:32:59.485+0000] {dag.py:4180} INFO - Setting next_dagrun for example_workday_timetable to 2021-01-04 00:00:00+00:00, run_after=2021-01-05 00:00:00+00:00
[2025-07-01T22:32:59.508+0000] {processor.py:208} INFO - Processing /home/airflow/.local/lib/python3.12/site-packages/airflow/example_dags/example_workday_timetable.py took 0.127 seconds
[2025-07-01T22:33:16.664+0000] {processor.py:186} INFO - Started process (PID=62) to work on /home/airflow/.local/lib/python3.12/site-packages/airflow/example_dags/example_workday_timetable.py
[2025-07-01T22:33:16.665+0000] {processor.py:914} INFO - Processing file /home/airflow/.local/lib/python3.12/site-packages/airflow/example_dags/example_workday_timetable.py for tasks to queue
[2025-07-01T22:33:16.667+0000] {logging_mixin.py:190} INFO - [2025-07-01T22:33:16.667+0000] {dagbag.py:588} INFO - Filling up the DagBag from /home/airflow/.local/lib/python3.12/site-packages/airflow/example_dags/example_workday_timetable.py
[2025-07-01T22:33:16.674+0000] {processor.py:925} INFO - DAG(s) 'example_workday_timetable' retrieved from /home/airflow/.local/lib/python3.12/site-packages/airflow/example_dags/example_workday_timetable.py
[2025-07-01T22:33:16.699+0000] {logging_mixin.py:190} INFO - [2025-07-01T22:33:16.698+0000] {dag.py:3239} INFO - Sync 1 DAGs
[2025-07-01T22:33:16.774+0000] {logging_mixin.py:190} INFO - [2025-07-01T22:33:16.774+0000] {dag.py:4180} INFO - Setting next_dagrun for example_workday_timetable to 2021-01-04 00:00:00+00:00, run_after=2021-01-05 00:00:00+00:00
[2025-07-01T22:33:16.797+0000] {processor.py:208} INFO - Processing /home/airflow/.local/lib/python3.12/site-packages/airflow/example_dags/example_workday_timetable.py took 0.139 seconds
[2025-07-01T22:33:46.859+0000] {processor.py:186} INFO - Started process (PID=126) to work on /home/airflow/.local/lib/python3.12/site-packages/airflow/example_dags/example_workday_timetable.py
[2025-07-01T22:33:46.861+0000] {processor.py:914} INFO - Processing file /home/airflow/.local/lib/python3.12/site-packages/airflow/example_dags/example_workday_timetable.py for tasks to queue
[2025-07-01T22:33:46.863+0000] {logging_mixin.py:190} INFO - [2025-07-01T22:33:46.863+0000] {dagbag.py:588} INFO - Filling up the DagBag from /home/airflow/.local/lib/python3.12/site-packages/airflow/example_dags/example_workday_timetable.py
[2025-07-01T22:33:46.868+0000] {processor.py:925} INFO - DAG(s) 'example_workday_timetable' retrieved from /home/airflow/.local/lib/python3.12/site-packages/airflow/example_dags/example_workday_timetable.py
[2025-07-01T22:33:46.886+0000] {logging_mixin.py:190} INFO - [2025-07-01T22:33:46.886+0000] {dag.py:3239} INFO - Sync 1 DAGs
[2025-07-01T22:33:46.936+0000] {logging_mixin.py:190} INFO - [2025-07-01T22:33:46.936+0000] {dag.py:4180} INFO - Setting next_dagrun for example_workday_timetable to 2021-01-04 00:00:00+00:00, run_after=2021-01-05 00:00:00+00:00
[2025-07-01T22:33:46.953+0000] {processor.py:208} INFO - Processing /home/airflow/.local/lib/python3.12/site-packages/airflow/example_dags/example_workday_timetable.py took 0.099 seconds
[2025-07-01T22:34:17.408+0000] {processor.py:186} INFO - Started process (PID=204) to work on /home/airflow/.local/lib/python3.12/site-packages/airflow/example_dags/example_workday_timetable.py
[2025-07-01T22:34:17.409+0000] {processor.py:914} INFO - Processing file /home/airflow/.local/lib/python3.12/site-packages/airflow/example_dags/example_workday_timetable.py for tasks to queue
[2025-07-01T22:34:17.411+0000] {logging_mixin.py:190} INFO - [2025-07-01T22:34:17.411+0000] {dagbag.py:588} INFO - Filling up the DagBag from /home/airflow/.local/lib/python3.12/site-packages/airflow/example_dags/example_workday_timetable.py
[2025-07-01T22:34:17.416+0000] {processor.py:925} INFO - DAG(s) 'example_workday_timetable' retrieved from /home/airflow/.local/lib/python3.12/site-packages/airflow/example_dags/example_workday_timetable.py
[2025-07-01T22:34:17.435+0000] {logging_mixin.py:190} INFO - [2025-07-01T22:34:17.434+0000] {dag.py:3239} INFO - Sync 1 DAGs
[2025-07-01T22:34:17.484+0000] {logging_mixin.py:190} INFO - [2025-07-01T22:34:17.484+0000] {dag.py:4180} INFO - Setting next_dagrun for example_workday_timetable to 2021-01-04 00:00:00+00:00, run_after=2021-01-05 00:00:00+00:00
[2025-07-01T22:34:17.506+0000] {processor.py:208} INFO - Processing /home/airflow/.local/lib/python3.12/site-packages/airflow/example_dags/example_workday_timetable.py took 0.104 seconds
[2025-07-01T22:34:48.353+0000] {processor.py:186} INFO - Started process (PID=268) to work on /home/airflow/.local/lib/python3.12/site-packages/airflow/example_dags/example_workday_timetable.py
[2025-07-01T22:34:48.354+0000] {processor.py:914} INFO - Processing file /home/airflow/.local/lib/python3.12/site-packages/airflow/example_dags/example_workday_timetable.py for tasks to queue
[2025-07-01T22:34:48.357+0000] {logging_mixin.py:190} INFO - [2025-07-01T22:34:48.357+0000] {dagbag.py:588} INFO - Filling up the DagBag from /home/airflow/.local/lib/python3.12/site-packages/airflow/example_dags/example_workday_timetable.py
[2025-07-01T22:34:48.362+0000] {processor.py:925} INFO - DAG(s) 'example_workday_timetable' retrieved from /home/airflow/.local/lib/python3.12/site-packages/airflow/example_dags/example_workday_timetable.py
[2025-07-01T22:34:48.380+0000] {logging_mixin.py:190} INFO - [2025-07-01T22:34:48.380+0000] {dag.py:3239} INFO - Sync 1 DAGs
[2025-07-01T22:34:48.425+0000] {logging_mixin.py:190} INFO - [2025-07-01T22:34:48.424+0000] {dag.py:4180} INFO - Setting next_dagrun for example_workday_timetable to 2021-01-04 00:00:00+00:00, run_after=2021-01-05 00:00:00+00:00
[2025-07-01T22:34:48.442+0000] {processor.py:208} INFO - Processing /home/airflow/.local/lib/python3.12/site-packages/airflow/example_dags/example_workday_timetable.py took 0.093 seconds
[2025-07-01T22:35:19.268+0000] {processor.py:186} INFO - Started process (PID=332) to work on /home/airflow/.local/lib/python3.12/site-packages/airflow/example_dags/example_workday_timetable.py
[2025-07-01T22:35:19.269+0000] {processor.py:914} INFO - Processing file /home/airflow/.local/lib/python3.12/site-packages/airflow/example_dags/example_workday_timetable.py for tasks to queue
[2025-07-01T22:35:19.271+0000] {logging_mixin.py:190} INFO - [2025-07-01T22:35:19.271+0000] {dagbag.py:588} INFO - Filling up the DagBag from /home/airflow/.local/lib/python3.12/site-packages/airflow/example_dags/example_workday_timetable.py
[2025-07-01T22:35:19.277+0000] {processor.py:925} INFO - DAG(s) 'example_workday_timetable' retrieved from /home/airflow/.local/lib/python3.12/site-packages/airflow/example_dags/example_workday_timetable.py
[2025-07-01T22:35:19.296+0000] {logging_mixin.py:190} INFO - [2025-07-01T22:35:19.296+0000] {dag.py:3239} INFO - Sync 1 DAGs
[2025-07-01T22:35:19.344+0000] {logging_mixin.py:190} INFO - [2025-07-01T22:35:19.343+0000] {dag.py:4180} INFO - Setting next_dagrun for example_workday_timetable to 2021-01-04 00:00:00+00:00, run_after=2021-01-05 00:00:00+00:00
[2025-07-01T22:35:19.360+0000] {processor.py:208} INFO - Processing /home/airflow/.local/lib/python3.12/site-packages/airflow/example_dags/example_workday_timetable.py took 0.098 seconds
[2025-07-01T22:35:50.381+0000] {processor.py:186} INFO - Started process (PID=404) to work on /home/airflow/.local/lib/python3.12/site-packages/airflow/example_dags/example_workday_timetable.py
[2025-07-01T22:35:50.382+0000] {processor.py:914} INFO - Processing file /home/airflow/.local/lib/python3.12/site-packages/airflow/example_dags/example_workday_timetable.py for tasks to queue
[2025-07-01T22:35:50.384+0000] {logging_mixin.py:190} INFO - [2025-07-01T22:35:50.384+0000] {dagbag.py:588} INFO - Filling up the DagBag from /home/airflow/.local/lib/python3.12/site-packages/airflow/example_dags/example_workday_timetable.py
[2025-07-01T22:35:50.389+0000] {processor.py:925} INFO - DAG(s) 'example_workday_timetable' retrieved from /home/airflow/.local/lib/python3.12/site-packages/airflow/example_dags/example_workday_timetable.py
[2025-07-01T22:35:50.407+0000] {logging_mixin.py:190} INFO - [2025-07-01T22:35:50.407+0000] {dag.py:3239} INFO - Sync 1 DAGs
[2025-07-01T22:35:50.459+0000] {logging_mixin.py:190} INFO - [2025-07-01T22:35:50.458+0000] {dag.py:4180} INFO - Setting next_dagrun for example_workday_timetable to 2021-01-04 00:00:00+00:00, run_after=2021-01-05 00:00:00+00:00
[2025-07-01T22:35:50.476+0000] {processor.py:208} INFO - Processing /home/airflow/.local/lib/python3.12/site-packages/airflow/example_dags/example_workday_timetable.py took 0.100 seconds
[2025-07-01T22:36:21.294+0000] {processor.py:186} INFO - Started process (PID=468) to work on /home/airflow/.local/lib/python3.12/site-packages/airflow/example_dags/example_workday_timetable.py
[2025-07-01T22:36:21.295+0000] {processor.py:914} INFO - Processing file /home/airflow/.local/lib/python3.12/site-packages/airflow/example_dags/example_workday_timetable.py for tasks to queue
[2025-07-01T22:36:21.297+0000] {logging_mixin.py:190} INFO - [2025-07-01T22:36:21.297+0000] {dagbag.py:588} INFO - Filling up the DagBag from /home/airflow/.local/lib/python3.12/site-packages/airflow/example_dags/example_workday_timetable.py
[2025-07-01T22:36:21.303+0000] {processor.py:925} INFO - DAG(s) 'example_workday_timetable' retrieved from /home/airflow/.local/lib/python3.12/site-packages/airflow/example_dags/example_workday_timetable.py
[2025-07-01T22:36:21.320+0000] {logging_mixin.py:190} INFO - [2025-07-01T22:36:21.320+0000] {dag.py:3239} INFO - Sync 1 DAGs
[2025-07-01T22:36:21.367+0000] {logging_mixin.py:190} INFO - [2025-07-01T22:36:21.367+0000] {dag.py:4180} INFO - Setting next_dagrun for example_workday_timetable to 2021-01-04 00:00:00+00:00, run_after=2021-01-05 00:00:00+00:00
[2025-07-01T22:36:21.385+0000] {processor.py:208} INFO - Processing /home/airflow/.local/lib/python3.12/site-packages/airflow/example_dags/example_workday_timetable.py took 0.097 seconds
[2025-07-01T22:36:52.250+0000] {processor.py:186} INFO - Started process (PID=532) to work on /home/airflow/.local/lib/python3.12/site-packages/airflow/example_dags/example_workday_timetable.py
[2025-07-01T22:36:52.251+0000] {processor.py:914} INFO - Processing file /home/airflow/.local/lib/python3.12/site-packages/airflow/example_dags/example_workday_timetable.py for tasks to queue
[2025-07-01T22:36:52.254+0000] {logging_mixin.py:190} INFO - [2025-07-01T22:36:52.253+0000] {dagbag.py:588} INFO - Filling up the DagBag from /home/airflow/.local/lib/python3.12/site-packages/airflow/example_dags/example_workday_timetable.py
[2025-07-01T22:36:52.259+0000] {processor.py:925} INFO - DAG(s) 'example_workday_timetable' retrieved from /home/airflow/.local/lib/python3.12/site-packages/airflow/example_dags/example_workday_timetable.py
[2025-07-01T22:36:52.279+0000] {logging_mixin.py:190} INFO - [2025-07-01T22:36:52.279+0000] {dag.py:3239} INFO - Sync 1 DAGs
[2025-07-01T22:36:52.328+0000] {logging_mixin.py:190} INFO - [2025-07-01T22:36:52.328+0000] {dag.py:4180} INFO - Setting next_dagrun for example_workday_timetable to 2021-01-04 00:00:00+00:00, run_after=2021-01-05 00:00:00+00:00
[2025-07-01T22:36:52.349+0000] {processor.py:208} INFO - Processing /home/airflow/.local/lib/python3.12/site-packages/airflow/example_dags/example_workday_timetable.py took 0.105 seconds
[2025-07-01T22:37:23.102+0000] {processor.py:186} INFO - Started process (PID=596) to work on /home/airflow/.local/lib/python3.12/site-packages/airflow/example_dags/example_workday_timetable.py
[2025-07-01T22:37:23.103+0000] {processor.py:914} INFO - Processing file /home/airflow/.local/lib/python3.12/site-packages/airflow/example_dags/example_workday_timetable.py for tasks to queue
[2025-07-01T22:37:23.105+0000] {logging_mixin.py:190} INFO - [2025-07-01T22:37:23.105+0000] {dagbag.py:588} INFO - Filling up the DagBag from /home/airflow/.local/lib/python3.12/site-packages/airflow/example_dags/example_workday_timetable.py
[2025-07-01T22:37:23.110+0000] {processor.py:925} INFO - DAG(s) 'example_workday_timetable' retrieved from /home/airflow/.local/lib/python3.12/site-packages/airflow/example_dags/example_workday_timetable.py
[2025-07-01T22:37:23.128+0000] {logging_mixin.py:190} INFO - [2025-07-01T22:37:23.128+0000] {dag.py:3239} INFO - Sync 1 DAGs
[2025-07-01T22:37:23.175+0000] {logging_mixin.py:190} INFO - [2025-07-01T22:37:23.175+0000] {dag.py:4180} INFO - Setting next_dagrun for example_workday_timetable to 2021-01-04 00:00:00+00:00, run_after=2021-01-05 00:00:00+00:00
[2025-07-01T22:37:23.195+0000] {processor.py:208} INFO - Processing /home/airflow/.local/lib/python3.12/site-packages/airflow/example_dags/example_workday_timetable.py took 0.099 seconds
[2025-07-01T22:37:54.045+0000] {processor.py:186} INFO - Started process (PID=660) to work on /home/airflow/.local/lib/python3.12/site-packages/airflow/example_dags/example_workday_timetable.py
[2025-07-01T22:37:54.046+0000] {processor.py:914} INFO - Processing file /home/airflow/.local/lib/python3.12/site-packages/airflow/example_dags/example_workday_timetable.py for tasks to queue
[2025-07-01T22:37:54.048+0000] {logging_mixin.py:190} INFO - [2025-07-01T22:37:54.048+0000] {dagbag.py:588} INFO - Filling up the DagBag from /home/airflow/.local/lib/python3.12/site-packages/airflow/example_dags/example_workday_timetable.py
[2025-07-01T22:37:54.055+0000] {processor.py:925} INFO - DAG(s) 'example_workday_timetable' retrieved from /home/airflow/.local/lib/python3.12/site-packages/airflow/example_dags/example_workday_timetable.py
[2025-07-01T22:37:54.073+0000] {logging_mixin.py:190} INFO - [2025-07-01T22:37:54.073+0000] {dag.py:3239} INFO - Sync 1 DAGs
[2025-07-01T22:37:54.124+0000] {logging_mixin.py:190} INFO - [2025-07-01T22:37:54.124+0000] {dag.py:4180} INFO - Setting next_dagrun for example_workday_timetable to 2021-01-04 00:00:00+00:00, run_after=2021-01-05 00:00:00+00:00
[2025-07-01T22:37:54.143+0000] {processor.py:208} INFO - Processing /home/airflow/.local/lib/python3.12/site-packages/airflow/example_dags/example_workday_timetable.py took 0.104 seconds
[2025-07-01T22:38:24.328+0000] {processor.py:186} INFO - Started process (PID=724) to work on /home/airflow/.local/lib/python3.12/site-packages/airflow/example_dags/example_workday_timetable.py
[2025-07-01T22:38:24.329+0000] {processor.py:914} INFO - Processing file /home/airflow/.local/lib/python3.12/site-packages/airflow/example_dags/example_workday_timetable.py for tasks to queue
[2025-07-01T22:38:24.331+0000] {logging_mixin.py:190} INFO - [2025-07-01T22:38:24.331+0000] {dagbag.py:588} INFO - Filling up the DagBag from /home/airflow/.local/lib/python3.12/site-packages/airflow/example_dags/example_workday_timetable.py
[2025-07-01T22:38:24.336+0000] {processor.py:925} INFO - DAG(s) 'example_workday_timetable' retrieved from /home/airflow/.local/lib/python3.12/site-packages/airflow/example_dags/example_workday_timetable.py
[2025-07-01T22:38:24.355+0000] {logging_mixin.py:190} INFO - [2025-07-01T22:38:24.355+0000] {dag.py:3239} INFO - Sync 1 DAGs
[2025-07-01T22:38:24.408+0000] {logging_mixin.py:190} INFO - [2025-07-01T22:38:24.408+0000] {dag.py:4180} INFO - Setting next_dagrun for example_workday_timetable to 2021-01-04 00:00:00+00:00, run_after=2021-01-05 00:00:00+00:00
[2025-07-01T22:38:24.437+0000] {processor.py:208} INFO - Processing /home/airflow/.local/lib/python3.12/site-packages/airflow/example_dags/example_workday_timetable.py took 0.115 seconds
[2025-07-01T22:38:54.691+0000] {processor.py:186} INFO - Started process (PID=789) to work on /home/airflow/.local/lib/python3.12/site-packages/airflow/example_dags/example_workday_timetable.py
[2025-07-01T22:38:54.692+0000] {processor.py:914} INFO - Processing file /home/airflow/.local/lib/python3.12/site-packages/airflow/example_dags/example_workday_timetable.py for tasks to queue
[2025-07-01T22:38:54.694+0000] {logging_mixin.py:190} INFO - [2025-07-01T22:38:54.694+0000] {dagbag.py:588} INFO - Filling up the DagBag from /home/airflow/.local/lib/python3.12/site-packages/airflow/example_dags/example_workday_timetable.py
[2025-07-01T22:38:54.699+0000] {processor.py:925} INFO - DAG(s) 'example_workday_timetable' retrieved from /home/airflow/.local/lib/python3.12/site-packages/airflow/example_dags/example_workday_timetable.py
[2025-07-01T22:38:54.717+0000] {logging_mixin.py:190} INFO - [2025-07-01T22:38:54.717+0000] {dag.py:3239} INFO - Sync 1 DAGs
[2025-07-01T22:38:54.765+0000] {logging_mixin.py:190} INFO - [2025-07-01T22:38:54.765+0000] {dag.py:4180} INFO - Setting next_dagrun for example_workday_timetable to 2021-01-04 00:00:00+00:00, run_after=2021-01-05 00:00:00+00:00
[2025-07-01T22:38:54.783+0000] {processor.py:208} INFO - Processing /home/airflow/.local/lib/python3.12/site-packages/airflow/example_dags/example_workday_timetable.py took 0.097 seconds
[2025-07-01T22:39:25.188+0000] {processor.py:186} INFO - Started process (PID=853) to work on /home/airflow/.local/lib/python3.12/site-packages/airflow/example_dags/example_workday_timetable.py
[2025-07-01T22:39:25.189+0000] {processor.py:914} INFO - Processing file /home/airflow/.local/lib/python3.12/site-packages/airflow/example_dags/example_workday_timetable.py for tasks to queue
[2025-07-01T22:39:25.191+0000] {logging_mixin.py:190} INFO - [2025-07-01T22:39:25.191+0000] {dagbag.py:588} INFO - Filling up the DagBag from /home/airflow/.local/lib/python3.12/site-packages/airflow/example_dags/example_workday_timetable.py
[2025-07-01T22:39:25.196+0000] {processor.py:925} INFO - DAG(s) 'example_workday_timetable' retrieved from /home/airflow/.local/lib/python3.12/site-packages/airflow/example_dags/example_workday_timetable.py
[2025-07-01T22:39:25.212+0000] {logging_mixin.py:190} INFO - [2025-07-01T22:39:25.212+0000] {dag.py:3239} INFO - Sync 1 DAGs
[2025-07-01T22:39:25.260+0000] {logging_mixin.py:190} INFO - [2025-07-01T22:39:25.260+0000] {dag.py:4180} INFO - Setting next_dagrun for example_workday_timetable to 2021-01-04 00:00:00+00:00, run_after=2021-01-05 00:00:00+00:00
[2025-07-01T22:39:25.276+0000] {processor.py:208} INFO - Processing /home/airflow/.local/lib/python3.12/site-packages/airflow/example_dags/example_workday_timetable.py took 0.093 seconds
[2025-07-01T22:39:56.019+0000] {processor.py:186} INFO - Started process (PID=917) to work on /home/airflow/.local/lib/python3.12/site-packages/airflow/example_dags/example_workday_timetable.py
[2025-07-01T22:39:56.020+0000] {processor.py:914} INFO - Processing file /home/airflow/.local/lib/python3.12/site-packages/airflow/example_dags/example_workday_timetable.py for tasks to queue
[2025-07-01T22:39:56.023+0000] {logging_mixin.py:190} INFO - [2025-07-01T22:39:56.023+0000] {dagbag.py:588} INFO - Filling up the DagBag from /home/airflow/.local/lib/python3.12/site-packages/airflow/example_dags/example_workday_timetable.py
[2025-07-01T22:39:56.029+0000] {processor.py:925} INFO - DAG(s) 'example_workday_timetable' retrieved from /home/airflow/.local/lib/python3.12/site-packages/airflow/example_dags/example_workday_timetable.py
[2025-07-01T22:39:56.047+0000] {logging_mixin.py:190} INFO - [2025-07-01T22:39:56.046+0000] {dag.py:3239} INFO - Sync 1 DAGs
[2025-07-01T22:39:56.099+0000] {logging_mixin.py:190} INFO - [2025-07-01T22:39:56.099+0000] {dag.py:4180} INFO - Setting next_dagrun for example_workday_timetable to 2021-01-04 00:00:00+00:00, run_after=2021-01-05 00:00:00+00:00
[2025-07-01T22:39:56.121+0000] {processor.py:208} INFO - Processing /home/airflow/.local/lib/python3.12/site-packages/airflow/example_dags/example_workday_timetable.py took 0.108 seconds
[2025-07-01T22:40:26.153+0000] {processor.py:186} INFO - Started process (PID=981) to work on /home/airflow/.local/lib/python3.12/site-packages/airflow/example_dags/example_workday_timetable.py
[2025-07-01T22:40:26.154+0000] {processor.py:914} INFO - Processing file /home/airflow/.local/lib/python3.12/site-packages/airflow/example_dags/example_workday_timetable.py for tasks to queue
[2025-07-01T22:40:26.156+0000] {logging_mixin.py:190} INFO - [2025-07-01T22:40:26.156+0000] {dagbag.py:588} INFO - Filling up the DagBag from /home/airflow/.local/lib/python3.12/site-packages/airflow/example_dags/example_workday_timetable.py
[2025-07-01T22:40:26.161+0000] {processor.py:925} INFO - DAG(s) 'example_workday_timetable' retrieved from /home/airflow/.local/lib/python3.12/site-packages/airflow/example_dags/example_workday_timetable.py
[2025-07-01T22:40:26.178+0000] {logging_mixin.py:190} INFO - [2025-07-01T22:40:26.178+0000] {dag.py:3239} INFO - Sync 1 DAGs
[2025-07-01T22:40:26.225+0000] {logging_mixin.py:190} INFO - [2025-07-01T22:40:26.225+0000] {dag.py:4180} INFO - Setting next_dagrun for example_workday_timetable to 2021-01-04 00:00:00+00:00, run_after=2021-01-05 00:00:00+00:00
[2025-07-01T22:40:26.245+0000] {processor.py:208} INFO - Processing /home/airflow/.local/lib/python3.12/site-packages/airflow/example_dags/example_workday_timetable.py took 0.097 seconds
[2025-07-01T22:40:56.868+0000] {processor.py:186} INFO - Started process (PID=1044) to work on /home/airflow/.local/lib/python3.12/site-packages/airflow/example_dags/example_workday_timetable.py
[2025-07-01T22:40:56.869+0000] {processor.py:914} INFO - Processing file /home/airflow/.local/lib/python3.12/site-packages/airflow/example_dags/example_workday_timetable.py for tasks to queue
[2025-07-01T22:40:56.872+0000] {logging_mixin.py:190} INFO - [2025-07-01T22:40:56.871+0000] {dagbag.py:588} INFO - Filling up the DagBag from /home/airflow/.local/lib/python3.12/site-packages/airflow/example_dags/example_workday_timetable.py
[2025-07-01T22:40:56.877+0000] {processor.py:925} INFO - DAG(s) 'example_workday_timetable' retrieved from /home/airflow/.local/lib/python3.12/site-packages/airflow/example_dags/example_workday_timetable.py
[2025-07-01T22:40:56.894+0000] {logging_mixin.py:190} INFO - [2025-07-01T22:40:56.894+0000] {dag.py:3239} INFO - Sync 1 DAGs
[2025-07-01T22:40:56.941+0000] {logging_mixin.py:190} INFO - [2025-07-01T22:40:56.941+0000] {dag.py:4180} INFO - Setting next_dagrun for example_workday_timetable to 2021-01-04 00:00:00+00:00, run_after=2021-01-05 00:00:00+00:00
[2025-07-01T22:40:56.959+0000] {processor.py:208} INFO - Processing /home/airflow/.local/lib/python3.12/site-packages/airflow/example_dags/example_workday_timetable.py took 0.097 seconds
[2025-07-01T22:41:27.401+0000] {processor.py:186} INFO - Started process (PID=1108) to work on /home/airflow/.local/lib/python3.12/site-packages/airflow/example_dags/example_workday_timetable.py
[2025-07-01T22:41:27.402+0000] {processor.py:914} INFO - Processing file /home/airflow/.local/lib/python3.12/site-packages/airflow/example_dags/example_workday_timetable.py for tasks to queue
[2025-07-01T22:41:27.404+0000] {logging_mixin.py:190} INFO - [2025-07-01T22:41:27.404+0000] {dagbag.py:588} INFO - Filling up the DagBag from /home/airflow/.local/lib/python3.12/site-packages/airflow/example_dags/example_workday_timetable.py
[2025-07-01T22:41:27.409+0000] {processor.py:925} INFO - DAG(s) 'example_workday_timetable' retrieved from /home/airflow/.local/lib/python3.12/site-packages/airflow/example_dags/example_workday_timetable.py
[2025-07-01T22:41:27.428+0000] {logging_mixin.py:190} INFO - [2025-07-01T22:41:27.428+0000] {dag.py:3239} INFO - Sync 1 DAGs
[2025-07-01T22:41:27.475+0000] {logging_mixin.py:190} INFO - [2025-07-01T22:41:27.475+0000] {dag.py:4180} INFO - Setting next_dagrun for example_workday_timetable to 2021-01-04 00:00:00+00:00, run_after=2021-01-05 00:00:00+00:00
[2025-07-01T22:41:27.493+0000] {processor.py:208} INFO - Processing /home/airflow/.local/lib/python3.12/site-packages/airflow/example_dags/example_workday_timetable.py took 0.097 seconds
[2025-07-01T22:41:58.017+0000] {processor.py:186} INFO - Started process (PID=1172) to work on /home/airflow/.local/lib/python3.12/site-packages/airflow/example_dags/example_workday_timetable.py
[2025-07-01T22:41:58.019+0000] {processor.py:914} INFO - Processing file /home/airflow/.local/lib/python3.12/site-packages/airflow/example_dags/example_workday_timetable.py for tasks to queue
[2025-07-01T22:41:58.023+0000] {logging_mixin.py:190} INFO - [2025-07-01T22:41:58.022+0000] {dagbag.py:588} INFO - Filling up the DagBag from /home/airflow/.local/lib/python3.12/site-packages/airflow/example_dags/example_workday_timetable.py
[2025-07-01T22:41:58.030+0000] {processor.py:925} INFO - DAG(s) 'example_workday_timetable' retrieved from /home/airflow/.local/lib/python3.12/site-packages/airflow/example_dags/example_workday_timetable.py
[2025-07-01T22:41:58.049+0000] {logging_mixin.py:190} INFO - [2025-07-01T22:41:58.048+0000] {dag.py:3239} INFO - Sync 1 DAGs
[2025-07-01T22:41:58.102+0000] {logging_mixin.py:190} INFO - [2025-07-01T22:41:58.102+0000] {dag.py:4180} INFO - Setting next_dagrun for example_workday_timetable to 2021-01-04 00:00:00+00:00, run_after=2021-01-05 00:00:00+00:00
[2025-07-01T22:41:58.122+0000] {processor.py:208} INFO - Processing /home/airflow/.local/lib/python3.12/site-packages/airflow/example_dags/example_workday_timetable.py took 0.112 seconds
[2025-07-01T22:42:29.069+0000] {processor.py:186} INFO - Started process (PID=1236) to work on /home/airflow/.local/lib/python3.12/site-packages/airflow/example_dags/example_workday_timetable.py
[2025-07-01T22:42:29.070+0000] {processor.py:914} INFO - Processing file /home/airflow/.local/lib/python3.12/site-packages/airflow/example_dags/example_workday_timetable.py for tasks to queue
[2025-07-01T22:42:29.074+0000] {logging_mixin.py:190} INFO - [2025-07-01T22:42:29.073+0000] {dagbag.py:588} INFO - Filling up the DagBag from /home/airflow/.local/lib/python3.12/site-packages/airflow/example_dags/example_workday_timetable.py
[2025-07-01T22:42:29.081+0000] {processor.py:925} INFO - DAG(s) 'example_workday_timetable' retrieved from /home/airflow/.local/lib/python3.12/site-packages/airflow/example_dags/example_workday_timetable.py
[2025-07-01T22:42:29.099+0000] {logging_mixin.py:190} INFO - [2025-07-01T22:42:29.099+0000] {dag.py:3239} INFO - Sync 1 DAGs
[2025-07-01T22:42:29.153+0000] {logging_mixin.py:190} INFO - [2025-07-01T22:42:29.153+0000] {dag.py:4180} INFO - Setting next_dagrun for example_workday_timetable to 2021-01-04 00:00:00+00:00, run_after=2021-01-05 00:00:00+00:00
[2025-07-01T22:42:29.173+0000] {processor.py:208} INFO - Processing /home/airflow/.local/lib/python3.12/site-packages/airflow/example_dags/example_workday_timetable.py took 0.110 seconds
[2025-07-01T22:43:00.071+0000] {processor.py:186} INFO - Started process (PID=1300) to work on /home/airflow/.local/lib/python3.12/site-packages/airflow/example_dags/example_workday_timetable.py
[2025-07-01T22:43:00.072+0000] {processor.py:914} INFO - Processing file /home/airflow/.local/lib/python3.12/site-packages/airflow/example_dags/example_workday_timetable.py for tasks to queue
[2025-07-01T22:43:00.075+0000] {logging_mixin.py:190} INFO - [2025-07-01T22:43:00.074+0000] {dagbag.py:588} INFO - Filling up the DagBag from /home/airflow/.local/lib/python3.12/site-packages/airflow/example_dags/example_workday_timetable.py
[2025-07-01T22:43:00.080+0000] {processor.py:925} INFO - DAG(s) 'example_workday_timetable' retrieved from /home/airflow/.local/lib/python3.12/site-packages/airflow/example_dags/example_workday_timetable.py
[2025-07-01T22:43:00.096+0000] {logging_mixin.py:190} INFO - [2025-07-01T22:43:00.096+0000] {dag.py:3239} INFO - Sync 1 DAGs
[2025-07-01T22:43:00.143+0000] {logging_mixin.py:190} INFO - [2025-07-01T22:43:00.143+0000] {dag.py:4180} INFO - Setting next_dagrun for example_workday_timetable to 2021-01-04 00:00:00+00:00, run_after=2021-01-05 00:00:00+00:00
[2025-07-01T22:43:00.162+0000] {processor.py:208} INFO - Processing /home/airflow/.local/lib/python3.12/site-packages/airflow/example_dags/example_workday_timetable.py took 0.096 seconds
[2025-07-01T22:43:30.746+0000] {processor.py:186} INFO - Started process (PID=1364) to work on /home/airflow/.local/lib/python3.12/site-packages/airflow/example_dags/example_workday_timetable.py
[2025-07-01T22:43:30.747+0000] {processor.py:914} INFO - Processing file /home/airflow/.local/lib/python3.12/site-packages/airflow/example_dags/example_workday_timetable.py for tasks to queue
[2025-07-01T22:43:30.750+0000] {logging_mixin.py:190} INFO - [2025-07-01T22:43:30.749+0000] {dagbag.py:588} INFO - Filling up the DagBag from /home/airflow/.local/lib/python3.12/site-packages/airflow/example_dags/example_workday_timetable.py
[2025-07-01T22:43:30.755+0000] {processor.py:925} INFO - DAG(s) 'example_workday_timetable' retrieved from /home/airflow/.local/lib/python3.12/site-packages/airflow/example_dags/example_workday_timetable.py
[2025-07-01T22:43:30.772+0000] {logging_mixin.py:190} INFO - [2025-07-01T22:43:30.772+0000] {dag.py:3239} INFO - Sync 1 DAGs
[2025-07-01T22:43:30.822+0000] {logging_mixin.py:190} INFO - [2025-07-01T22:43:30.822+0000] {dag.py:4180} INFO - Setting next_dagrun for example_workday_timetable to 2021-01-04 00:00:00+00:00, run_after=2021-01-05 00:00:00+00:00
[2025-07-01T22:43:30.841+0000] {processor.py:208} INFO - Processing /home/airflow/.local/lib/python3.12/site-packages/airflow/example_dags/example_workday_timetable.py took 0.100 seconds
[2025-07-01T22:44:01.358+0000] {processor.py:186} INFO - Started process (PID=1428) to work on /home/airflow/.local/lib/python3.12/site-packages/airflow/example_dags/example_workday_timetable.py
[2025-07-01T22:44:01.359+0000] {processor.py:914} INFO - Processing file /home/airflow/.local/lib/python3.12/site-packages/airflow/example_dags/example_workday_timetable.py for tasks to queue
[2025-07-01T22:44:01.362+0000] {logging_mixin.py:190} INFO - [2025-07-01T22:44:01.361+0000] {dagbag.py:588} INFO - Filling up the DagBag from /home/airflow/.local/lib/python3.12/site-packages/airflow/example_dags/example_workday_timetable.py
[2025-07-01T22:44:01.368+0000] {processor.py:925} INFO - DAG(s) 'example_workday_timetable' retrieved from /home/airflow/.local/lib/python3.12/site-packages/airflow/example_dags/example_workday_timetable.py
[2025-07-01T22:44:01.392+0000] {logging_mixin.py:190} INFO - [2025-07-01T22:44:01.392+0000] {dag.py:3239} INFO - Sync 1 DAGs
[2025-07-01T22:44:01.450+0000] {logging_mixin.py:190} INFO - [2025-07-01T22:44:01.449+0000] {dag.py:4180} INFO - Setting next_dagrun for example_workday_timetable to 2021-01-04 00:00:00+00:00, run_after=2021-01-05 00:00:00+00:00
[2025-07-01T22:44:01.470+0000] {processor.py:208} INFO - Processing /home/airflow/.local/lib/python3.12/site-packages/airflow/example_dags/example_workday_timetable.py took 0.118 seconds
[2025-07-01T22:44:32.244+0000] {processor.py:186} INFO - Started process (PID=1492) to work on /home/airflow/.local/lib/python3.12/site-packages/airflow/example_dags/example_workday_timetable.py
[2025-07-01T22:44:32.245+0000] {processor.py:914} INFO - Processing file /home/airflow/.local/lib/python3.12/site-packages/airflow/example_dags/example_workday_timetable.py for tasks to queue
[2025-07-01T22:44:32.248+0000] {logging_mixin.py:190} INFO - [2025-07-01T22:44:32.247+0000] {dagbag.py:588} INFO - Filling up the DagBag from /home/airflow/.local/lib/python3.12/site-packages/airflow/example_dags/example_workday_timetable.py
[2025-07-01T22:44:32.253+0000] {processor.py:925} INFO - DAG(s) 'example_workday_timetable' retrieved from /home/airflow/.local/lib/python3.12/site-packages/airflow/example_dags/example_workday_timetable.py
[2025-07-01T22:44:32.270+0000] {logging_mixin.py:190} INFO - [2025-07-01T22:44:32.270+0000] {dag.py:3239} INFO - Sync 1 DAGs
[2025-07-01T22:44:32.315+0000] {logging_mixin.py:190} INFO - [2025-07-01T22:44:32.315+0000] {dag.py:4180} INFO - Setting next_dagrun for example_workday_timetable to 2021-01-04 00:00:00+00:00, run_after=2021-01-05 00:00:00+00:00
[2025-07-01T22:44:32.333+0000] {processor.py:208} INFO - Processing /home/airflow/.local/lib/python3.12/site-packages/airflow/example_dags/example_workday_timetable.py took 0.094 seconds
[2025-07-01T22:45:02.940+0000] {processor.py:186} INFO - Started process (PID=1556) to work on /home/airflow/.local/lib/python3.12/site-packages/airflow/example_dags/example_workday_timetable.py
[2025-07-01T22:45:02.941+0000] {processor.py:914} INFO - Processing file /home/airflow/.local/lib/python3.12/site-packages/airflow/example_dags/example_workday_timetable.py for tasks to queue
[2025-07-01T22:45:02.943+0000] {logging_mixin.py:190} INFO - [2025-07-01T22:45:02.943+0000] {dagbag.py:588} INFO - Filling up the DagBag from /home/airflow/.local/lib/python3.12/site-packages/airflow/example_dags/example_workday_timetable.py
[2025-07-01T22:45:02.949+0000] {processor.py:925} INFO - DAG(s) 'example_workday_timetable' retrieved from /home/airflow/.local/lib/python3.12/site-packages/airflow/example_dags/example_workday_timetable.py
[2025-07-01T22:45:02.967+0000] {logging_mixin.py:190} INFO - [2025-07-01T22:45:02.967+0000] {dag.py:3239} INFO - Sync 1 DAGs
[2025-07-01T22:45:03.039+0000] {logging_mixin.py:190} INFO - [2025-07-01T22:45:03.039+0000] {dag.py:4180} INFO - Setting next_dagrun for example_workday_timetable to 2021-01-04 00:00:00+00:00, run_after=2021-01-05 00:00:00+00:00
[2025-07-01T22:45:03.060+0000] {processor.py:208} INFO - Processing /home/airflow/.local/lib/python3.12/site-packages/airflow/example_dags/example_workday_timetable.py took 0.125 seconds
[2025-07-01T22:45:33.520+0000] {processor.py:186} INFO - Started process (PID=1620) to work on /home/airflow/.local/lib/python3.12/site-packages/airflow/example_dags/example_workday_timetable.py
[2025-07-01T22:45:33.521+0000] {processor.py:914} INFO - Processing file /home/airflow/.local/lib/python3.12/site-packages/airflow/example_dags/example_workday_timetable.py for tasks to queue
[2025-07-01T22:45:33.523+0000] {logging_mixin.py:190} INFO - [2025-07-01T22:45:33.523+0000] {dagbag.py:588} INFO - Filling up the DagBag from /home/airflow/.local/lib/python3.12/site-packages/airflow/example_dags/example_workday_timetable.py
[2025-07-01T22:45:33.528+0000] {processor.py:925} INFO - DAG(s) 'example_workday_timetable' retrieved from /home/airflow/.local/lib/python3.12/site-packages/airflow/example_dags/example_workday_timetable.py
[2025-07-01T22:45:33.544+0000] {logging_mixin.py:190} INFO - [2025-07-01T22:45:33.544+0000] {dag.py:3239} INFO - Sync 1 DAGs
[2025-07-01T22:45:33.590+0000] {logging_mixin.py:190} INFO - [2025-07-01T22:45:33.590+0000] {dag.py:4180} INFO - Setting next_dagrun for example_workday_timetable to 2021-01-04 00:00:00+00:00, run_after=2021-01-05 00:00:00+00:00
[2025-07-01T22:45:33.610+0000] {processor.py:208} INFO - Processing /home/airflow/.local/lib/python3.12/site-packages/airflow/example_dags/example_workday_timetable.py took 0.095 seconds
[2025-07-01T22:46:04.438+0000] {processor.py:186} INFO - Started process (PID=1684) to work on /home/airflow/.local/lib/python3.12/site-packages/airflow/example_dags/example_workday_timetable.py
[2025-07-01T22:46:04.439+0000] {processor.py:914} INFO - Processing file /home/airflow/.local/lib/python3.12/site-packages/airflow/example_dags/example_workday_timetable.py for tasks to queue
[2025-07-01T22:46:04.442+0000] {logging_mixin.py:190} INFO - [2025-07-01T22:46:04.441+0000] {dagbag.py:588} INFO - Filling up the DagBag from /home/airflow/.local/lib/python3.12/site-packages/airflow/example_dags/example_workday_timetable.py
[2025-07-01T22:46:04.447+0000] {processor.py:925} INFO - DAG(s) 'example_workday_timetable' retrieved from /home/airflow/.local/lib/python3.12/site-packages/airflow/example_dags/example_workday_timetable.py
[2025-07-01T22:46:04.465+0000] {logging_mixin.py:190} INFO - [2025-07-01T22:46:04.465+0000] {dag.py:3239} INFO - Sync 1 DAGs
[2025-07-01T22:46:04.514+0000] {logging_mixin.py:190} INFO - [2025-07-01T22:46:04.514+0000] {dag.py:4180} INFO - Setting next_dagrun for example_workday_timetable to 2021-01-04 00:00:00+00:00, run_after=2021-01-05 00:00:00+00:00
[2025-07-01T22:46:04.534+0000] {processor.py:208} INFO - Processing /home/airflow/.local/lib/python3.12/site-packages/airflow/example_dags/example_workday_timetable.py took 0.101 seconds
[2025-07-01T22:46:35.258+0000] {processor.py:186} INFO - Started process (PID=1748) to work on /home/airflow/.local/lib/python3.12/site-packages/airflow/example_dags/example_workday_timetable.py
[2025-07-01T22:46:35.259+0000] {processor.py:914} INFO - Processing file /home/airflow/.local/lib/python3.12/site-packages/airflow/example_dags/example_workday_timetable.py for tasks to queue
[2025-07-01T22:46:35.262+0000] {logging_mixin.py:190} INFO - [2025-07-01T22:46:35.261+0000] {dagbag.py:588} INFO - Filling up the DagBag from /home/airflow/.local/lib/python3.12/site-packages/airflow/example_dags/example_workday_timetable.py
[2025-07-01T22:46:35.267+0000] {processor.py:925} INFO - DAG(s) 'example_workday_timetable' retrieved from /home/airflow/.local/lib/python3.12/site-packages/airflow/example_dags/example_workday_timetable.py
[2025-07-01T22:46:35.285+0000] {logging_mixin.py:190} INFO - [2025-07-01T22:46:35.285+0000] {dag.py:3239} INFO - Sync 1 DAGs
[2025-07-01T22:46:35.336+0000] {logging_mixin.py:190} INFO - [2025-07-01T22:46:35.336+0000] {dag.py:4180} INFO - Setting next_dagrun for example_workday_timetable to 2021-01-04 00:00:00+00:00, run_after=2021-01-05 00:00:00+00:00
[2025-07-01T22:46:35.364+0000] {processor.py:208} INFO - Processing /home/airflow/.local/lib/python3.12/site-packages/airflow/example_dags/example_workday_timetable.py took 0.111 seconds
[2025-07-01T22:47:06.259+0000] {processor.py:186} INFO - Started process (PID=1812) to work on /home/airflow/.local/lib/python3.12/site-packages/airflow/example_dags/example_workday_timetable.py
[2025-07-01T22:47:06.260+0000] {processor.py:914} INFO - Processing file /home/airflow/.local/lib/python3.12/site-packages/airflow/example_dags/example_workday_timetable.py for tasks to queue
[2025-07-01T22:47:06.262+0000] {logging_mixin.py:190} INFO - [2025-07-01T22:47:06.262+0000] {dagbag.py:588} INFO - Filling up the DagBag from /home/airflow/.local/lib/python3.12/site-packages/airflow/example_dags/example_workday_timetable.py
[2025-07-01T22:47:06.268+0000] {processor.py:925} INFO - DAG(s) 'example_workday_timetable' retrieved from /home/airflow/.local/lib/python3.12/site-packages/airflow/example_dags/example_workday_timetable.py
[2025-07-01T22:47:06.290+0000] {logging_mixin.py:190} INFO - [2025-07-01T22:47:06.290+0000] {dag.py:3239} INFO - Sync 1 DAGs
[2025-07-01T22:47:06.346+0000] {logging_mixin.py:190} INFO - [2025-07-01T22:47:06.346+0000] {dag.py:4180} INFO - Setting next_dagrun for example_workday_timetable to 2021-01-04 00:00:00+00:00, run_after=2021-01-05 00:00:00+00:00
[2025-07-01T22:47:06.366+0000] {processor.py:208} INFO - Processing /home/airflow/.local/lib/python3.12/site-packages/airflow/example_dags/example_workday_timetable.py took 0.113 seconds
[2025-07-01T22:47:37.170+0000] {processor.py:186} INFO - Started process (PID=1876) to work on /home/airflow/.local/lib/python3.12/site-packages/airflow/example_dags/example_workday_timetable.py
[2025-07-01T22:47:37.171+0000] {processor.py:914} INFO - Processing file /home/airflow/.local/lib/python3.12/site-packages/airflow/example_dags/example_workday_timetable.py for tasks to queue
[2025-07-01T22:47:37.173+0000] {logging_mixin.py:190} INFO - [2025-07-01T22:47:37.172+0000] {dagbag.py:588} INFO - Filling up the DagBag from /home/airflow/.local/lib/python3.12/site-packages/airflow/example_dags/example_workday_timetable.py
[2025-07-01T22:47:37.178+0000] {processor.py:925} INFO - DAG(s) 'example_workday_timetable' retrieved from /home/airflow/.local/lib/python3.12/site-packages/airflow/example_dags/example_workday_timetable.py
[2025-07-01T22:47:37.195+0000] {logging_mixin.py:190} INFO - [2025-07-01T22:47:37.194+0000] {dag.py:3239} INFO - Sync 1 DAGs
[2025-07-01T22:47:37.242+0000] {logging_mixin.py:190} INFO - [2025-07-01T22:47:37.241+0000] {dag.py:4180} INFO - Setting next_dagrun for example_workday_timetable to 2021-01-04 00:00:00+00:00, run_after=2021-01-05 00:00:00+00:00
[2025-07-01T22:47:37.259+0000] {processor.py:208} INFO - Processing /home/airflow/.local/lib/python3.12/site-packages/airflow/example_dags/example_workday_timetable.py took 0.094 seconds
[2025-07-01T22:48:07.915+0000] {processor.py:186} INFO - Started process (PID=1940) to work on /home/airflow/.local/lib/python3.12/site-packages/airflow/example_dags/example_workday_timetable.py
[2025-07-01T22:48:07.916+0000] {processor.py:914} INFO - Processing file /home/airflow/.local/lib/python3.12/site-packages/airflow/example_dags/example_workday_timetable.py for tasks to queue
[2025-07-01T22:48:07.918+0000] {logging_mixin.py:190} INFO - [2025-07-01T22:48:07.918+0000] {dagbag.py:588} INFO - Filling up the DagBag from /home/airflow/.local/lib/python3.12/site-packages/airflow/example_dags/example_workday_timetable.py
[2025-07-01T22:48:07.923+0000] {processor.py:925} INFO - DAG(s) 'example_workday_timetable' retrieved from /home/airflow/.local/lib/python3.12/site-packages/airflow/example_dags/example_workday_timetable.py
[2025-07-01T22:48:07.940+0000] {logging_mixin.py:190} INFO - [2025-07-01T22:48:07.940+0000] {dag.py:3239} INFO - Sync 1 DAGs
[2025-07-01T22:48:07.987+0000] {logging_mixin.py:190} INFO - [2025-07-01T22:48:07.986+0000] {dag.py:4180} INFO - Setting next_dagrun for example_workday_timetable to 2021-01-04 00:00:00+00:00, run_after=2021-01-05 00:00:00+00:00
[2025-07-01T22:48:08.005+0000] {processor.py:208} INFO - Processing /home/airflow/.local/lib/python3.12/site-packages/airflow/example_dags/example_workday_timetable.py took 0.096 seconds
[2025-07-01T22:48:38.160+0000] {processor.py:186} INFO - Started process (PID=2008) to work on /home/airflow/.local/lib/python3.12/site-packages/airflow/example_dags/example_workday_timetable.py
[2025-07-01T22:48:38.161+0000] {processor.py:914} INFO - Processing file /home/airflow/.local/lib/python3.12/site-packages/airflow/example_dags/example_workday_timetable.py for tasks to queue
[2025-07-01T22:48:38.163+0000] {logging_mixin.py:190} INFO - [2025-07-01T22:48:38.163+0000] {dagbag.py:588} INFO - Filling up the DagBag from /home/airflow/.local/lib/python3.12/site-packages/airflow/example_dags/example_workday_timetable.py
[2025-07-01T22:48:38.170+0000] {processor.py:925} INFO - DAG(s) 'example_workday_timetable' retrieved from /home/airflow/.local/lib/python3.12/site-packages/airflow/example_dags/example_workday_timetable.py
[2025-07-01T22:48:38.191+0000] {logging_mixin.py:190} INFO - [2025-07-01T22:48:38.191+0000] {dag.py:3239} INFO - Sync 1 DAGs
[2025-07-01T22:48:38.245+0000] {logging_mixin.py:190} INFO - [2025-07-01T22:48:38.245+0000] {dag.py:4180} INFO - Setting next_dagrun for example_workday_timetable to 2021-01-04 00:00:00+00:00, run_after=2021-01-05 00:00:00+00:00
[2025-07-01T22:48:38.264+0000] {processor.py:208} INFO - Processing /home/airflow/.local/lib/python3.12/site-packages/airflow/example_dags/example_workday_timetable.py took 0.110 seconds
[2025-07-01T22:49:08.987+0000] {processor.py:186} INFO - Started process (PID=2073) to work on /home/airflow/.local/lib/python3.12/site-packages/airflow/example_dags/example_workday_timetable.py
[2025-07-01T22:49:08.989+0000] {processor.py:914} INFO - Processing file /home/airflow/.local/lib/python3.12/site-packages/airflow/example_dags/example_workday_timetable.py for tasks to queue
[2025-07-01T22:49:08.991+0000] {logging_mixin.py:190} INFO - [2025-07-01T22:49:08.991+0000] {dagbag.py:588} INFO - Filling up the DagBag from /home/airflow/.local/lib/python3.12/site-packages/airflow/example_dags/example_workday_timetable.py
[2025-07-01T22:49:08.997+0000] {processor.py:925} INFO - DAG(s) 'example_workday_timetable' retrieved from /home/airflow/.local/lib/python3.12/site-packages/airflow/example_dags/example_workday_timetable.py
[2025-07-01T22:49:09.016+0000] {logging_mixin.py:190} INFO - [2025-07-01T22:49:09.016+0000] {dag.py:3239} INFO - Sync 1 DAGs
[2025-07-01T22:49:09.072+0000] {logging_mixin.py:190} INFO - [2025-07-01T22:49:09.071+0000] {dag.py:4180} INFO - Setting next_dagrun for example_workday_timetable to 2021-01-04 00:00:00+00:00, run_after=2021-01-05 00:00:00+00:00
[2025-07-01T22:49:09.094+0000] {processor.py:208} INFO - Processing /home/airflow/.local/lib/python3.12/site-packages/airflow/example_dags/example_workday_timetable.py took 0.112 seconds
[2025-07-01T22:49:39.927+0000] {processor.py:186} INFO - Started process (PID=2137) to work on /home/airflow/.local/lib/python3.12/site-packages/airflow/example_dags/example_workday_timetable.py
[2025-07-01T22:49:39.929+0000] {processor.py:914} INFO - Processing file /home/airflow/.local/lib/python3.12/site-packages/airflow/example_dags/example_workday_timetable.py for tasks to queue
[2025-07-01T22:49:39.932+0000] {logging_mixin.py:190} INFO - [2025-07-01T22:49:39.932+0000] {dagbag.py:588} INFO - Filling up the DagBag from /home/airflow/.local/lib/python3.12/site-packages/airflow/example_dags/example_workday_timetable.py
[2025-07-01T22:49:39.940+0000] {processor.py:925} INFO - DAG(s) 'example_workday_timetable' retrieved from /home/airflow/.local/lib/python3.12/site-packages/airflow/example_dags/example_workday_timetable.py
[2025-07-01T22:49:39.968+0000] {logging_mixin.py:190} INFO - [2025-07-01T22:49:39.968+0000] {dag.py:3239} INFO - Sync 1 DAGs
[2025-07-01T22:49:40.035+0000] {logging_mixin.py:190} INFO - [2025-07-01T22:49:40.035+0000] {dag.py:4180} INFO - Setting next_dagrun for example_workday_timetable to 2021-01-04 00:00:00+00:00, run_after=2021-01-05 00:00:00+00:00
[2025-07-01T22:49:40.054+0000] {processor.py:208} INFO - Processing /home/airflow/.local/lib/python3.12/site-packages/airflow/example_dags/example_workday_timetable.py took 0.135 seconds
[2025-07-01T22:50:10.921+0000] {processor.py:186} INFO - Started process (PID=2201) to work on /home/airflow/.local/lib/python3.12/site-packages/airflow/example_dags/example_workday_timetable.py
[2025-07-01T22:50:10.921+0000] {processor.py:914} INFO - Processing file /home/airflow/.local/lib/python3.12/site-packages/airflow/example_dags/example_workday_timetable.py for tasks to queue
[2025-07-01T22:50:10.924+0000] {logging_mixin.py:190} INFO - [2025-07-01T22:50:10.923+0000] {dagbag.py:588} INFO - Filling up the DagBag from /home/airflow/.local/lib/python3.12/site-packages/airflow/example_dags/example_workday_timetable.py
[2025-07-01T22:50:10.929+0000] {processor.py:925} INFO - DAG(s) 'example_workday_timetable' retrieved from /home/airflow/.local/lib/python3.12/site-packages/airflow/example_dags/example_workday_timetable.py
[2025-07-01T22:50:10.946+0000] {logging_mixin.py:190} INFO - [2025-07-01T22:50:10.946+0000] {dag.py:3239} INFO - Sync 1 DAGs
[2025-07-01T22:50:10.994+0000] {logging_mixin.py:190} INFO - [2025-07-01T22:50:10.993+0000] {dag.py:4180} INFO - Setting next_dagrun for example_workday_timetable to 2021-01-04 00:00:00+00:00, run_after=2021-01-05 00:00:00+00:00
[2025-07-01T22:50:11.013+0000] {processor.py:208} INFO - Processing /home/airflow/.local/lib/python3.12/site-packages/airflow/example_dags/example_workday_timetable.py took 0.098 seconds
[2025-07-01T22:50:42.081+0000] {processor.py:186} INFO - Started process (PID=2265) to work on /home/airflow/.local/lib/python3.12/site-packages/airflow/example_dags/example_workday_timetable.py
[2025-07-01T22:50:42.083+0000] {processor.py:914} INFO - Processing file /home/airflow/.local/lib/python3.12/site-packages/airflow/example_dags/example_workday_timetable.py for tasks to queue
[2025-07-01T22:50:42.091+0000] {logging_mixin.py:190} INFO - [2025-07-01T22:50:42.090+0000] {dagbag.py:588} INFO - Filling up the DagBag from /home/airflow/.local/lib/python3.12/site-packages/airflow/example_dags/example_workday_timetable.py
[2025-07-01T22:50:42.099+0000] {processor.py:925} INFO - DAG(s) 'example_workday_timetable' retrieved from /home/airflow/.local/lib/python3.12/site-packages/airflow/example_dags/example_workday_timetable.py
[2025-07-01T22:50:42.124+0000] {logging_mixin.py:190} INFO - [2025-07-01T22:50:42.124+0000] {dag.py:3239} INFO - Sync 1 DAGs
[2025-07-01T22:50:42.188+0000] {logging_mixin.py:190} INFO - [2025-07-01T22:50:42.188+0000] {dag.py:4180} INFO - Setting next_dagrun for example_workday_timetable to 2021-01-04 00:00:00+00:00, run_after=2021-01-05 00:00:00+00:00
[2025-07-01T22:50:42.211+0000] {processor.py:208} INFO - Processing /home/airflow/.local/lib/python3.12/site-packages/airflow/example_dags/example_workday_timetable.py took 0.137 seconds
[2025-07-01T22:51:13.304+0000] {processor.py:186} INFO - Started process (PID=2329) to work on /home/airflow/.local/lib/python3.12/site-packages/airflow/example_dags/example_workday_timetable.py
[2025-07-01T22:51:13.305+0000] {processor.py:914} INFO - Processing file /home/airflow/.local/lib/python3.12/site-packages/airflow/example_dags/example_workday_timetable.py for tasks to queue
[2025-07-01T22:51:13.307+0000] {logging_mixin.py:190} INFO - [2025-07-01T22:51:13.307+0000] {dagbag.py:588} INFO - Filling up the DagBag from /home/airflow/.local/lib/python3.12/site-packages/airflow/example_dags/example_workday_timetable.py
[2025-07-01T22:51:13.313+0000] {processor.py:925} INFO - DAG(s) 'example_workday_timetable' retrieved from /home/airflow/.local/lib/python3.12/site-packages/airflow/example_dags/example_workday_timetable.py
[2025-07-01T22:51:13.331+0000] {logging_mixin.py:190} INFO - [2025-07-01T22:51:13.331+0000] {dag.py:3239} INFO - Sync 1 DAGs
[2025-07-01T22:51:13.377+0000] {logging_mixin.py:190} INFO - [2025-07-01T22:51:13.377+0000] {dag.py:4180} INFO - Setting next_dagrun for example_workday_timetable to 2021-01-04 00:00:00+00:00, run_after=2021-01-05 00:00:00+00:00
[2025-07-01T22:51:13.396+0000] {processor.py:208} INFO - Processing /home/airflow/.local/lib/python3.12/site-packages/airflow/example_dags/example_workday_timetable.py took 0.097 seconds
[2025-07-01T22:51:43.530+0000] {processor.py:186} INFO - Started process (PID=2392) to work on /home/airflow/.local/lib/python3.12/site-packages/airflow/example_dags/example_workday_timetable.py
[2025-07-01T22:51:43.531+0000] {processor.py:914} INFO - Processing file /home/airflow/.local/lib/python3.12/site-packages/airflow/example_dags/example_workday_timetable.py for tasks to queue
[2025-07-01T22:51:43.533+0000] {logging_mixin.py:190} INFO - [2025-07-01T22:51:43.533+0000] {dagbag.py:588} INFO - Filling up the DagBag from /home/airflow/.local/lib/python3.12/site-packages/airflow/example_dags/example_workday_timetable.py
[2025-07-01T22:51:43.538+0000] {processor.py:925} INFO - DAG(s) 'example_workday_timetable' retrieved from /home/airflow/.local/lib/python3.12/site-packages/airflow/example_dags/example_workday_timetable.py
[2025-07-01T22:51:43.556+0000] {logging_mixin.py:190} INFO - [2025-07-01T22:51:43.556+0000] {dag.py:3239} INFO - Sync 1 DAGs
[2025-07-01T22:51:43.604+0000] {logging_mixin.py:190} INFO - [2025-07-01T22:51:43.604+0000] {dag.py:4180} INFO - Setting next_dagrun for example_workday_timetable to 2021-01-04 00:00:00+00:00, run_after=2021-01-05 00:00:00+00:00
[2025-07-01T22:51:43.622+0000] {processor.py:208} INFO - Processing /home/airflow/.local/lib/python3.12/site-packages/airflow/example_dags/example_workday_timetable.py took 0.098 seconds
[2025-07-01T22:52:13.977+0000] {processor.py:186} INFO - Started process (PID=2456) to work on /home/airflow/.local/lib/python3.12/site-packages/airflow/example_dags/example_workday_timetable.py
[2025-07-01T22:52:13.978+0000] {processor.py:914} INFO - Processing file /home/airflow/.local/lib/python3.12/site-packages/airflow/example_dags/example_workday_timetable.py for tasks to queue
[2025-07-01T22:52:13.982+0000] {logging_mixin.py:190} INFO - [2025-07-01T22:52:13.982+0000] {dagbag.py:588} INFO - Filling up the DagBag from /home/airflow/.local/lib/python3.12/site-packages/airflow/example_dags/example_workday_timetable.py
[2025-07-01T22:52:13.988+0000] {processor.py:925} INFO - DAG(s) 'example_workday_timetable' retrieved from /home/airflow/.local/lib/python3.12/site-packages/airflow/example_dags/example_workday_timetable.py
[2025-07-01T22:52:14.006+0000] {logging_mixin.py:190} INFO - [2025-07-01T22:52:14.005+0000] {dag.py:3239} INFO - Sync 1 DAGs
[2025-07-01T22:52:14.057+0000] {logging_mixin.py:190} INFO - [2025-07-01T22:52:14.057+0000] {dag.py:4180} INFO - Setting next_dagrun for example_workday_timetable to 2021-01-04 00:00:00+00:00, run_after=2021-01-05 00:00:00+00:00
[2025-07-01T22:52:14.080+0000] {processor.py:208} INFO - Processing /home/airflow/.local/lib/python3.12/site-packages/airflow/example_dags/example_workday_timetable.py took 0.108 seconds
[2025-07-01T22:52:44.667+0000] {processor.py:186} INFO - Started process (PID=2520) to work on /home/airflow/.local/lib/python3.12/site-packages/airflow/example_dags/example_workday_timetable.py
[2025-07-01T22:52:44.668+0000] {processor.py:914} INFO - Processing file /home/airflow/.local/lib/python3.12/site-packages/airflow/example_dags/example_workday_timetable.py for tasks to queue
[2025-07-01T22:52:44.670+0000] {logging_mixin.py:190} INFO - [2025-07-01T22:52:44.670+0000] {dagbag.py:588} INFO - Filling up the DagBag from /home/airflow/.local/lib/python3.12/site-packages/airflow/example_dags/example_workday_timetable.py
[2025-07-01T22:52:44.675+0000] {processor.py:925} INFO - DAG(s) 'example_workday_timetable' retrieved from /home/airflow/.local/lib/python3.12/site-packages/airflow/example_dags/example_workday_timetable.py
[2025-07-01T22:52:44.694+0000] {logging_mixin.py:190} INFO - [2025-07-01T22:52:44.693+0000] {dag.py:3239} INFO - Sync 1 DAGs
[2025-07-01T22:52:44.741+0000] {logging_mixin.py:190} INFO - [2025-07-01T22:52:44.741+0000] {dag.py:4180} INFO - Setting next_dagrun for example_workday_timetable to 2021-01-04 00:00:00+00:00, run_after=2021-01-05 00:00:00+00:00
[2025-07-01T22:52:44.762+0000] {processor.py:208} INFO - Processing /home/airflow/.local/lib/python3.12/site-packages/airflow/example_dags/example_workday_timetable.py took 0.101 seconds
