[2025-07-01T21:16:46.987+0000] {processor.py:186} INFO - Started process (PID=94) to work on /home/airflow/.local/lib/python3.12/site-packages/airflow/example_dags/example_branch_labels.py
[2025-07-01T21:16:46.988+0000] {processor.py:914} INFO - Processing file /home/airflow/.local/lib/python3.12/site-packages/airflow/example_dags/example_branch_labels.py for tasks to queue
[2025-07-01T21:16:46.990+0000] {logging_mixin.py:190} INFO - [2025-07-01T21:16:46.990+0000] {dagbag.py:588} INFO - Filling up the DagBag from /home/airflow/.local/lib/python3.12/site-packages/airflow/example_dags/example_branch_labels.py
[2025-07-01T21:16:46.999+0000] {processor.py:925} INFO - DAG(s) 'example_branch_labels' retrieved from /home/airflow/.local/lib/python3.12/site-packages/airflow/example_dags/example_branch_labels.py
[2025-07-01T21:16:47.018+0000] {logging_mixin.py:190} INFO - [2025-07-01T21:16:47.017+0000] {dag.py:3239} INFO - Sync 1 DAGs
[2025-07-01T21:16:47.037+0000] {logging_mixin.py:190} INFO - [2025-07-01T21:16:47.036+0000] {dag.py:4180} INFO - Setting next_dagrun for example_branch_labels to 2025-06-30 00:00:00+00:00, run_after=2025-07-01 00:00:00+00:00
[2025-07-01T21:16:47.054+0000] {processor.py:208} INFO - Processing /home/airflow/.local/lib/python3.12/site-packages/airflow/example_dags/example_branch_labels.py took 0.072 seconds
[2025-07-01T21:17:17.623+0000] {processor.py:186} INFO - Started process (PID=156) to work on /home/airflow/.local/lib/python3.12/site-packages/airflow/example_dags/example_branch_labels.py
[2025-07-01T21:17:17.624+0000] {processor.py:914} INFO - Processing file /home/airflow/.local/lib/python3.12/site-packages/airflow/example_dags/example_branch_labels.py for tasks to queue
[2025-07-01T21:17:17.626+0000] {logging_mixin.py:190} INFO - [2025-07-01T21:17:17.626+0000] {dagbag.py:588} INFO - Filling up the DagBag from /home/airflow/.local/lib/python3.12/site-packages/airflow/example_dags/example_branch_labels.py
[2025-07-01T21:17:17.634+0000] {processor.py:925} INFO - DAG(s) 'example_branch_labels' retrieved from /home/airflow/.local/lib/python3.12/site-packages/airflow/example_dags/example_branch_labels.py
[2025-07-01T21:17:17.653+0000] {logging_mixin.py:190} INFO - [2025-07-01T21:17:17.652+0000] {dag.py:3239} INFO - Sync 1 DAGs
[2025-07-01T21:17:17.671+0000] {logging_mixin.py:190} INFO - [2025-07-01T21:17:17.671+0000] {dag.py:4180} INFO - Setting next_dagrun for example_branch_labels to 2025-06-30 00:00:00+00:00, run_after=2025-07-01 00:00:00+00:00
[2025-07-01T21:17:17.689+0000] {processor.py:208} INFO - Processing /home/airflow/.local/lib/python3.12/site-packages/airflow/example_dags/example_branch_labels.py took 0.071 seconds
[2025-07-01T21:17:48.310+0000] {processor.py:186} INFO - Started process (PID=225) to work on /home/airflow/.local/lib/python3.12/site-packages/airflow/example_dags/example_branch_labels.py
[2025-07-01T21:17:48.311+0000] {processor.py:914} INFO - Processing file /home/airflow/.local/lib/python3.12/site-packages/airflow/example_dags/example_branch_labels.py for tasks to queue
[2025-07-01T21:17:48.313+0000] {logging_mixin.py:190} INFO - [2025-07-01T21:17:48.313+0000] {dagbag.py:588} INFO - Filling up the DagBag from /home/airflow/.local/lib/python3.12/site-packages/airflow/example_dags/example_branch_labels.py
[2025-07-01T21:17:48.321+0000] {processor.py:925} INFO - DAG(s) 'example_branch_labels' retrieved from /home/airflow/.local/lib/python3.12/site-packages/airflow/example_dags/example_branch_labels.py
[2025-07-01T21:17:48.340+0000] {logging_mixin.py:190} INFO - [2025-07-01T21:17:48.339+0000] {dag.py:3239} INFO - Sync 1 DAGs
[2025-07-01T21:17:48.360+0000] {logging_mixin.py:190} INFO - [2025-07-01T21:17:48.360+0000] {dag.py:4180} INFO - Setting next_dagrun for example_branch_labels to 2025-06-30 00:00:00+00:00, run_after=2025-07-01 00:00:00+00:00
[2025-07-01T21:17:48.378+0000] {processor.py:208} INFO - Processing /home/airflow/.local/lib/python3.12/site-packages/airflow/example_dags/example_branch_labels.py took 0.073 seconds
[2025-07-01T21:18:19.142+0000] {processor.py:186} INFO - Started process (PID=287) to work on /home/airflow/.local/lib/python3.12/site-packages/airflow/example_dags/example_branch_labels.py
[2025-07-01T21:18:19.143+0000] {processor.py:914} INFO - Processing file /home/airflow/.local/lib/python3.12/site-packages/airflow/example_dags/example_branch_labels.py for tasks to queue
[2025-07-01T21:18:19.145+0000] {logging_mixin.py:190} INFO - [2025-07-01T21:18:19.145+0000] {dagbag.py:588} INFO - Filling up the DagBag from /home/airflow/.local/lib/python3.12/site-packages/airflow/example_dags/example_branch_labels.py
[2025-07-01T21:18:19.154+0000] {processor.py:925} INFO - DAG(s) 'example_branch_labels' retrieved from /home/airflow/.local/lib/python3.12/site-packages/airflow/example_dags/example_branch_labels.py
[2025-07-01T21:18:19.171+0000] {logging_mixin.py:190} INFO - [2025-07-01T21:18:19.171+0000] {dag.py:3239} INFO - Sync 1 DAGs
[2025-07-01T21:18:19.191+0000] {logging_mixin.py:190} INFO - [2025-07-01T21:18:19.190+0000] {dag.py:4180} INFO - Setting next_dagrun for example_branch_labels to 2025-06-30 00:00:00+00:00, run_after=2025-07-01 00:00:00+00:00
[2025-07-01T21:18:19.209+0000] {processor.py:208} INFO - Processing /home/airflow/.local/lib/python3.12/site-packages/airflow/example_dags/example_branch_labels.py took 0.073 seconds
[2025-07-01T21:18:49.707+0000] {processor.py:186} INFO - Started process (PID=349) to work on /home/airflow/.local/lib/python3.12/site-packages/airflow/example_dags/example_branch_labels.py
[2025-07-01T21:18:49.708+0000] {processor.py:914} INFO - Processing file /home/airflow/.local/lib/python3.12/site-packages/airflow/example_dags/example_branch_labels.py for tasks to queue
[2025-07-01T21:18:49.710+0000] {logging_mixin.py:190} INFO - [2025-07-01T21:18:49.710+0000] {dagbag.py:588} INFO - Filling up the DagBag from /home/airflow/.local/lib/python3.12/site-packages/airflow/example_dags/example_branch_labels.py
[2025-07-01T21:18:49.718+0000] {processor.py:925} INFO - DAG(s) 'example_branch_labels' retrieved from /home/airflow/.local/lib/python3.12/site-packages/airflow/example_dags/example_branch_labels.py
[2025-07-01T21:18:49.734+0000] {logging_mixin.py:190} INFO - [2025-07-01T21:18:49.734+0000] {dag.py:3239} INFO - Sync 1 DAGs
[2025-07-01T21:18:49.753+0000] {logging_mixin.py:190} INFO - [2025-07-01T21:18:49.753+0000] {dag.py:4180} INFO - Setting next_dagrun for example_branch_labels to 2025-06-30 00:00:00+00:00, run_after=2025-07-01 00:00:00+00:00
[2025-07-01T21:18:49.771+0000] {processor.py:208} INFO - Processing /home/airflow/.local/lib/python3.12/site-packages/airflow/example_dags/example_branch_labels.py took 0.069 seconds
[2025-07-01T21:19:20.625+0000] {processor.py:186} INFO - Started process (PID=411) to work on /home/airflow/.local/lib/python3.12/site-packages/airflow/example_dags/example_branch_labels.py
[2025-07-01T21:19:20.626+0000] {processor.py:914} INFO - Processing file /home/airflow/.local/lib/python3.12/site-packages/airflow/example_dags/example_branch_labels.py for tasks to queue
[2025-07-01T21:19:20.628+0000] {logging_mixin.py:190} INFO - [2025-07-01T21:19:20.628+0000] {dagbag.py:588} INFO - Filling up the DagBag from /home/airflow/.local/lib/python3.12/site-packages/airflow/example_dags/example_branch_labels.py
[2025-07-01T21:19:20.637+0000] {processor.py:925} INFO - DAG(s) 'example_branch_labels' retrieved from /home/airflow/.local/lib/python3.12/site-packages/airflow/example_dags/example_branch_labels.py
[2025-07-01T21:19:20.658+0000] {logging_mixin.py:190} INFO - [2025-07-01T21:19:20.657+0000] {dag.py:3239} INFO - Sync 1 DAGs
[2025-07-01T21:19:20.679+0000] {logging_mixin.py:190} INFO - [2025-07-01T21:19:20.679+0000] {dag.py:4180} INFO - Setting next_dagrun for example_branch_labels to 2025-06-30 00:00:00+00:00, run_after=2025-07-01 00:00:00+00:00
[2025-07-01T21:19:20.697+0000] {processor.py:208} INFO - Processing /home/airflow/.local/lib/python3.12/site-packages/airflow/example_dags/example_branch_labels.py took 0.077 seconds
[2025-07-01T21:19:51.400+0000] {processor.py:186} INFO - Started process (PID=473) to work on /home/airflow/.local/lib/python3.12/site-packages/airflow/example_dags/example_branch_labels.py
[2025-07-01T21:19:51.401+0000] {processor.py:914} INFO - Processing file /home/airflow/.local/lib/python3.12/site-packages/airflow/example_dags/example_branch_labels.py for tasks to queue
[2025-07-01T21:19:51.403+0000] {logging_mixin.py:190} INFO - [2025-07-01T21:19:51.403+0000] {dagbag.py:588} INFO - Filling up the DagBag from /home/airflow/.local/lib/python3.12/site-packages/airflow/example_dags/example_branch_labels.py
[2025-07-01T21:19:51.412+0000] {processor.py:925} INFO - DAG(s) 'example_branch_labels' retrieved from /home/airflow/.local/lib/python3.12/site-packages/airflow/example_dags/example_branch_labels.py
[2025-07-01T21:19:51.430+0000] {logging_mixin.py:190} INFO - [2025-07-01T21:19:51.429+0000] {dag.py:3239} INFO - Sync 1 DAGs
[2025-07-01T21:19:51.455+0000] {logging_mixin.py:190} INFO - [2025-07-01T21:19:51.454+0000] {dag.py:4180} INFO - Setting next_dagrun for example_branch_labels to 2025-06-30 00:00:00+00:00, run_after=2025-07-01 00:00:00+00:00
[2025-07-01T21:19:51.477+0000] {processor.py:208} INFO - Processing /home/airflow/.local/lib/python3.12/site-packages/airflow/example_dags/example_branch_labels.py took 0.083 seconds
[2025-07-01T21:20:22.463+0000] {processor.py:186} INFO - Started process (PID=535) to work on /home/airflow/.local/lib/python3.12/site-packages/airflow/example_dags/example_branch_labels.py
[2025-07-01T21:20:22.464+0000] {processor.py:914} INFO - Processing file /home/airflow/.local/lib/python3.12/site-packages/airflow/example_dags/example_branch_labels.py for tasks to queue
[2025-07-01T21:20:22.466+0000] {logging_mixin.py:190} INFO - [2025-07-01T21:20:22.465+0000] {dagbag.py:588} INFO - Filling up the DagBag from /home/airflow/.local/lib/python3.12/site-packages/airflow/example_dags/example_branch_labels.py
[2025-07-01T21:20:22.474+0000] {processor.py:925} INFO - DAG(s) 'example_branch_labels' retrieved from /home/airflow/.local/lib/python3.12/site-packages/airflow/example_dags/example_branch_labels.py
[2025-07-01T21:20:22.491+0000] {logging_mixin.py:190} INFO - [2025-07-01T21:20:22.491+0000] {dag.py:3239} INFO - Sync 1 DAGs
[2025-07-01T21:20:22.510+0000] {logging_mixin.py:190} INFO - [2025-07-01T21:20:22.509+0000] {dag.py:4180} INFO - Setting next_dagrun for example_branch_labels to 2025-06-30 00:00:00+00:00, run_after=2025-07-01 00:00:00+00:00
[2025-07-01T21:20:22.527+0000] {processor.py:208} INFO - Processing /home/airflow/.local/lib/python3.12/site-packages/airflow/example_dags/example_branch_labels.py took 0.070 seconds
[2025-07-01T21:20:53.285+0000] {processor.py:186} INFO - Started process (PID=597) to work on /home/airflow/.local/lib/python3.12/site-packages/airflow/example_dags/example_branch_labels.py
[2025-07-01T21:20:53.286+0000] {processor.py:914} INFO - Processing file /home/airflow/.local/lib/python3.12/site-packages/airflow/example_dags/example_branch_labels.py for tasks to queue
[2025-07-01T21:20:53.288+0000] {logging_mixin.py:190} INFO - [2025-07-01T21:20:53.288+0000] {dagbag.py:588} INFO - Filling up the DagBag from /home/airflow/.local/lib/python3.12/site-packages/airflow/example_dags/example_branch_labels.py
[2025-07-01T21:20:53.296+0000] {processor.py:925} INFO - DAG(s) 'example_branch_labels' retrieved from /home/airflow/.local/lib/python3.12/site-packages/airflow/example_dags/example_branch_labels.py
[2025-07-01T21:20:53.314+0000] {logging_mixin.py:190} INFO - [2025-07-01T21:20:53.313+0000] {dag.py:3239} INFO - Sync 1 DAGs
[2025-07-01T21:20:53.332+0000] {logging_mixin.py:190} INFO - [2025-07-01T21:20:53.331+0000] {dag.py:4180} INFO - Setting next_dagrun for example_branch_labels to 2025-06-30 00:00:00+00:00, run_after=2025-07-01 00:00:00+00:00
[2025-07-01T21:20:53.348+0000] {processor.py:208} INFO - Processing /home/airflow/.local/lib/python3.12/site-packages/airflow/example_dags/example_branch_labels.py took 0.068 seconds
[2025-07-01T21:21:23.898+0000] {processor.py:186} INFO - Started process (PID=659) to work on /home/airflow/.local/lib/python3.12/site-packages/airflow/example_dags/example_branch_labels.py
[2025-07-01T21:21:23.899+0000] {processor.py:914} INFO - Processing file /home/airflow/.local/lib/python3.12/site-packages/airflow/example_dags/example_branch_labels.py for tasks to queue
[2025-07-01T21:21:23.901+0000] {logging_mixin.py:190} INFO - [2025-07-01T21:21:23.901+0000] {dagbag.py:588} INFO - Filling up the DagBag from /home/airflow/.local/lib/python3.12/site-packages/airflow/example_dags/example_branch_labels.py
[2025-07-01T21:21:23.909+0000] {processor.py:925} INFO - DAG(s) 'example_branch_labels' retrieved from /home/airflow/.local/lib/python3.12/site-packages/airflow/example_dags/example_branch_labels.py
[2025-07-01T21:21:23.927+0000] {logging_mixin.py:190} INFO - [2025-07-01T21:21:23.927+0000] {dag.py:3239} INFO - Sync 1 DAGs
[2025-07-01T21:21:23.948+0000] {logging_mixin.py:190} INFO - [2025-07-01T21:21:23.948+0000] {dag.py:4180} INFO - Setting next_dagrun for example_branch_labels to 2025-06-30 00:00:00+00:00, run_after=2025-07-01 00:00:00+00:00
[2025-07-01T21:21:23.966+0000] {processor.py:208} INFO - Processing /home/airflow/.local/lib/python3.12/site-packages/airflow/example_dags/example_branch_labels.py took 0.074 seconds
[2025-07-01T21:21:54.398+0000] {processor.py:186} INFO - Started process (PID=721) to work on /home/airflow/.local/lib/python3.12/site-packages/airflow/example_dags/example_branch_labels.py
[2025-07-01T21:21:54.399+0000] {processor.py:914} INFO - Processing file /home/airflow/.local/lib/python3.12/site-packages/airflow/example_dags/example_branch_labels.py for tasks to queue
[2025-07-01T21:21:54.401+0000] {logging_mixin.py:190} INFO - [2025-07-01T21:21:54.401+0000] {dagbag.py:588} INFO - Filling up the DagBag from /home/airflow/.local/lib/python3.12/site-packages/airflow/example_dags/example_branch_labels.py
[2025-07-01T21:21:54.409+0000] {processor.py:925} INFO - DAG(s) 'example_branch_labels' retrieved from /home/airflow/.local/lib/python3.12/site-packages/airflow/example_dags/example_branch_labels.py
[2025-07-01T21:21:54.427+0000] {logging_mixin.py:190} INFO - [2025-07-01T21:21:54.427+0000] {dag.py:3239} INFO - Sync 1 DAGs
[2025-07-01T21:21:54.452+0000] {logging_mixin.py:190} INFO - [2025-07-01T21:21:54.452+0000] {dag.py:4180} INFO - Setting next_dagrun for example_branch_labels to 2025-06-30 00:00:00+00:00, run_after=2025-07-01 00:00:00+00:00
[2025-07-01T21:21:54.478+0000] {processor.py:208} INFO - Processing /home/airflow/.local/lib/python3.12/site-packages/airflow/example_dags/example_branch_labels.py took 0.086 seconds
[2025-07-01T21:22:24.883+0000] {processor.py:186} INFO - Started process (PID=783) to work on /home/airflow/.local/lib/python3.12/site-packages/airflow/example_dags/example_branch_labels.py
[2025-07-01T21:22:24.884+0000] {processor.py:914} INFO - Processing file /home/airflow/.local/lib/python3.12/site-packages/airflow/example_dags/example_branch_labels.py for tasks to queue
[2025-07-01T21:22:24.886+0000] {logging_mixin.py:190} INFO - [2025-07-01T21:22:24.886+0000] {dagbag.py:588} INFO - Filling up the DagBag from /home/airflow/.local/lib/python3.12/site-packages/airflow/example_dags/example_branch_labels.py
[2025-07-01T21:22:24.894+0000] {processor.py:925} INFO - DAG(s) 'example_branch_labels' retrieved from /home/airflow/.local/lib/python3.12/site-packages/airflow/example_dags/example_branch_labels.py
[2025-07-01T21:22:24.910+0000] {logging_mixin.py:190} INFO - [2025-07-01T21:22:24.910+0000] {dag.py:3239} INFO - Sync 1 DAGs
[2025-07-01T21:22:24.928+0000] {logging_mixin.py:190} INFO - [2025-07-01T21:22:24.928+0000] {dag.py:4180} INFO - Setting next_dagrun for example_branch_labels to 2025-06-30 00:00:00+00:00, run_after=2025-07-01 00:00:00+00:00
[2025-07-01T21:22:24.947+0000] {processor.py:208} INFO - Processing /home/airflow/.local/lib/python3.12/site-packages/airflow/example_dags/example_branch_labels.py took 0.069 seconds
[2025-07-01T21:22:55.196+0000] {processor.py:186} INFO - Started process (PID=845) to work on /home/airflow/.local/lib/python3.12/site-packages/airflow/example_dags/example_branch_labels.py
[2025-07-01T21:22:55.197+0000] {processor.py:914} INFO - Processing file /home/airflow/.local/lib/python3.12/site-packages/airflow/example_dags/example_branch_labels.py for tasks to queue
[2025-07-01T21:22:55.200+0000] {logging_mixin.py:190} INFO - [2025-07-01T21:22:55.199+0000] {dagbag.py:588} INFO - Filling up the DagBag from /home/airflow/.local/lib/python3.12/site-packages/airflow/example_dags/example_branch_labels.py
[2025-07-01T21:22:55.208+0000] {processor.py:925} INFO - DAG(s) 'example_branch_labels' retrieved from /home/airflow/.local/lib/python3.12/site-packages/airflow/example_dags/example_branch_labels.py
[2025-07-01T21:22:55.223+0000] {logging_mixin.py:190} INFO - [2025-07-01T21:22:55.223+0000] {dag.py:3239} INFO - Sync 1 DAGs
[2025-07-01T21:22:55.241+0000] {logging_mixin.py:190} INFO - [2025-07-01T21:22:55.241+0000] {dag.py:4180} INFO - Setting next_dagrun for example_branch_labels to 2025-06-30 00:00:00+00:00, run_after=2025-07-01 00:00:00+00:00
[2025-07-01T21:22:55.256+0000] {processor.py:208} INFO - Processing /home/airflow/.local/lib/python3.12/site-packages/airflow/example_dags/example_branch_labels.py took 0.065 seconds
[2025-07-01T21:23:25.695+0000] {processor.py:186} INFO - Started process (PID=907) to work on /home/airflow/.local/lib/python3.12/site-packages/airflow/example_dags/example_branch_labels.py
[2025-07-01T21:23:25.696+0000] {processor.py:914} INFO - Processing file /home/airflow/.local/lib/python3.12/site-packages/airflow/example_dags/example_branch_labels.py for tasks to queue
[2025-07-01T21:23:25.698+0000] {logging_mixin.py:190} INFO - [2025-07-01T21:23:25.698+0000] {dagbag.py:588} INFO - Filling up the DagBag from /home/airflow/.local/lib/python3.12/site-packages/airflow/example_dags/example_branch_labels.py
[2025-07-01T21:23:25.706+0000] {processor.py:925} INFO - DAG(s) 'example_branch_labels' retrieved from /home/airflow/.local/lib/python3.12/site-packages/airflow/example_dags/example_branch_labels.py
[2025-07-01T21:23:25.724+0000] {logging_mixin.py:190} INFO - [2025-07-01T21:23:25.724+0000] {dag.py:3239} INFO - Sync 1 DAGs
[2025-07-01T21:23:25.743+0000] {logging_mixin.py:190} INFO - [2025-07-01T21:23:25.743+0000] {dag.py:4180} INFO - Setting next_dagrun for example_branch_labels to 2025-06-30 00:00:00+00:00, run_after=2025-07-01 00:00:00+00:00
[2025-07-01T21:23:25.760+0000] {processor.py:208} INFO - Processing /home/airflow/.local/lib/python3.12/site-packages/airflow/example_dags/example_branch_labels.py took 0.070 seconds
[2025-07-01T21:23:55.969+0000] {processor.py:186} INFO - Started process (PID=969) to work on /home/airflow/.local/lib/python3.12/site-packages/airflow/example_dags/example_branch_labels.py
[2025-07-01T21:23:55.970+0000] {processor.py:914} INFO - Processing file /home/airflow/.local/lib/python3.12/site-packages/airflow/example_dags/example_branch_labels.py for tasks to queue
[2025-07-01T21:23:55.972+0000] {logging_mixin.py:190} INFO - [2025-07-01T21:23:55.972+0000] {dagbag.py:588} INFO - Filling up the DagBag from /home/airflow/.local/lib/python3.12/site-packages/airflow/example_dags/example_branch_labels.py
[2025-07-01T21:23:55.981+0000] {processor.py:925} INFO - DAG(s) 'example_branch_labels' retrieved from /home/airflow/.local/lib/python3.12/site-packages/airflow/example_dags/example_branch_labels.py
[2025-07-01T21:23:55.997+0000] {logging_mixin.py:190} INFO - [2025-07-01T21:23:55.997+0000] {dag.py:3239} INFO - Sync 1 DAGs
[2025-07-01T21:23:56.016+0000] {logging_mixin.py:190} INFO - [2025-07-01T21:23:56.016+0000] {dag.py:4180} INFO - Setting next_dagrun for example_branch_labels to 2025-06-30 00:00:00+00:00, run_after=2025-07-01 00:00:00+00:00
[2025-07-01T21:23:56.031+0000] {processor.py:208} INFO - Processing /home/airflow/.local/lib/python3.12/site-packages/airflow/example_dags/example_branch_labels.py took 0.067 seconds
[2025-07-01T21:24:26.289+0000] {processor.py:186} INFO - Started process (PID=1031) to work on /home/airflow/.local/lib/python3.12/site-packages/airflow/example_dags/example_branch_labels.py
[2025-07-01T21:24:26.291+0000] {processor.py:914} INFO - Processing file /home/airflow/.local/lib/python3.12/site-packages/airflow/example_dags/example_branch_labels.py for tasks to queue
[2025-07-01T21:24:26.294+0000] {logging_mixin.py:190} INFO - [2025-07-01T21:24:26.293+0000] {dagbag.py:588} INFO - Filling up the DagBag from /home/airflow/.local/lib/python3.12/site-packages/airflow/example_dags/example_branch_labels.py
[2025-07-01T21:24:26.305+0000] {processor.py:925} INFO - DAG(s) 'example_branch_labels' retrieved from /home/airflow/.local/lib/python3.12/site-packages/airflow/example_dags/example_branch_labels.py
[2025-07-01T21:24:26.324+0000] {logging_mixin.py:190} INFO - [2025-07-01T21:24:26.323+0000] {dag.py:3239} INFO - Sync 1 DAGs
[2025-07-01T21:24:26.345+0000] {logging_mixin.py:190} INFO - [2025-07-01T21:24:26.344+0000] {dag.py:4180} INFO - Setting next_dagrun for example_branch_labels to 2025-06-30 00:00:00+00:00, run_after=2025-07-01 00:00:00+00:00
[2025-07-01T21:24:26.370+0000] {processor.py:208} INFO - Processing /home/airflow/.local/lib/python3.12/site-packages/airflow/example_dags/example_branch_labels.py took 0.086 seconds
[2025-07-01T21:24:56.727+0000] {processor.py:186} INFO - Started process (PID=1093) to work on /home/airflow/.local/lib/python3.12/site-packages/airflow/example_dags/example_branch_labels.py
[2025-07-01T21:24:56.728+0000] {processor.py:914} INFO - Processing file /home/airflow/.local/lib/python3.12/site-packages/airflow/example_dags/example_branch_labels.py for tasks to queue
[2025-07-01T21:24:56.730+0000] {logging_mixin.py:190} INFO - [2025-07-01T21:24:56.730+0000] {dagbag.py:588} INFO - Filling up the DagBag from /home/airflow/.local/lib/python3.12/site-packages/airflow/example_dags/example_branch_labels.py
[2025-07-01T21:24:56.738+0000] {processor.py:925} INFO - DAG(s) 'example_branch_labels' retrieved from /home/airflow/.local/lib/python3.12/site-packages/airflow/example_dags/example_branch_labels.py
[2025-07-01T21:24:56.756+0000] {logging_mixin.py:190} INFO - [2025-07-01T21:24:56.756+0000] {dag.py:3239} INFO - Sync 1 DAGs
[2025-07-01T21:24:56.776+0000] {logging_mixin.py:190} INFO - [2025-07-01T21:24:56.776+0000] {dag.py:4180} INFO - Setting next_dagrun for example_branch_labels to 2025-06-30 00:00:00+00:00, run_after=2025-07-01 00:00:00+00:00
[2025-07-01T21:24:56.795+0000] {processor.py:208} INFO - Processing /home/airflow/.local/lib/python3.12/site-packages/airflow/example_dags/example_branch_labels.py took 0.072 seconds
[2025-07-01T21:25:27.161+0000] {processor.py:186} INFO - Started process (PID=1155) to work on /home/airflow/.local/lib/python3.12/site-packages/airflow/example_dags/example_branch_labels.py
[2025-07-01T21:25:27.162+0000] {processor.py:914} INFO - Processing file /home/airflow/.local/lib/python3.12/site-packages/airflow/example_dags/example_branch_labels.py for tasks to queue
[2025-07-01T21:25:27.165+0000] {logging_mixin.py:190} INFO - [2025-07-01T21:25:27.164+0000] {dagbag.py:588} INFO - Filling up the DagBag from /home/airflow/.local/lib/python3.12/site-packages/airflow/example_dags/example_branch_labels.py
[2025-07-01T21:25:27.173+0000] {processor.py:925} INFO - DAG(s) 'example_branch_labels' retrieved from /home/airflow/.local/lib/python3.12/site-packages/airflow/example_dags/example_branch_labels.py
[2025-07-01T21:25:27.191+0000] {logging_mixin.py:190} INFO - [2025-07-01T21:25:27.191+0000] {dag.py:3239} INFO - Sync 1 DAGs
[2025-07-01T21:25:27.211+0000] {logging_mixin.py:190} INFO - [2025-07-01T21:25:27.210+0000] {dag.py:4180} INFO - Setting next_dagrun for example_branch_labels to 2025-06-30 00:00:00+00:00, run_after=2025-07-01 00:00:00+00:00
[2025-07-01T21:25:27.228+0000] {processor.py:208} INFO - Processing /home/airflow/.local/lib/python3.12/site-packages/airflow/example_dags/example_branch_labels.py took 0.073 seconds
[2025-07-01T21:25:57.977+0000] {processor.py:186} INFO - Started process (PID=1218) to work on /home/airflow/.local/lib/python3.12/site-packages/airflow/example_dags/example_branch_labels.py
[2025-07-01T21:25:57.978+0000] {processor.py:914} INFO - Processing file /home/airflow/.local/lib/python3.12/site-packages/airflow/example_dags/example_branch_labels.py for tasks to queue
[2025-07-01T21:25:57.980+0000] {logging_mixin.py:190} INFO - [2025-07-01T21:25:57.980+0000] {dagbag.py:588} INFO - Filling up the DagBag from /home/airflow/.local/lib/python3.12/site-packages/airflow/example_dags/example_branch_labels.py
[2025-07-01T21:25:57.990+0000] {processor.py:925} INFO - DAG(s) 'example_branch_labels' retrieved from /home/airflow/.local/lib/python3.12/site-packages/airflow/example_dags/example_branch_labels.py
[2025-07-01T21:25:58.009+0000] {logging_mixin.py:190} INFO - [2025-07-01T21:25:58.009+0000] {dag.py:3239} INFO - Sync 1 DAGs
[2025-07-01T21:25:58.030+0000] {logging_mixin.py:190} INFO - [2025-07-01T21:25:58.030+0000] {dag.py:4180} INFO - Setting next_dagrun for example_branch_labels to 2025-06-30 00:00:00+00:00, run_after=2025-07-01 00:00:00+00:00
[2025-07-01T21:25:58.049+0000] {processor.py:208} INFO - Processing /home/airflow/.local/lib/python3.12/site-packages/airflow/example_dags/example_branch_labels.py took 0.078 seconds
[2025-07-01T21:26:28.462+0000] {processor.py:186} INFO - Started process (PID=1280) to work on /home/airflow/.local/lib/python3.12/site-packages/airflow/example_dags/example_branch_labels.py
[2025-07-01T21:26:28.463+0000] {processor.py:914} INFO - Processing file /home/airflow/.local/lib/python3.12/site-packages/airflow/example_dags/example_branch_labels.py for tasks to queue
[2025-07-01T21:26:28.466+0000] {logging_mixin.py:190} INFO - [2025-07-01T21:26:28.465+0000] {dagbag.py:588} INFO - Filling up the DagBag from /home/airflow/.local/lib/python3.12/site-packages/airflow/example_dags/example_branch_labels.py
[2025-07-01T21:26:28.475+0000] {processor.py:925} INFO - DAG(s) 'example_branch_labels' retrieved from /home/airflow/.local/lib/python3.12/site-packages/airflow/example_dags/example_branch_labels.py
[2025-07-01T21:26:28.494+0000] {logging_mixin.py:190} INFO - [2025-07-01T21:26:28.493+0000] {dag.py:3239} INFO - Sync 1 DAGs
[2025-07-01T21:26:28.518+0000] {logging_mixin.py:190} INFO - [2025-07-01T21:26:28.518+0000] {dag.py:4180} INFO - Setting next_dagrun for example_branch_labels to 2025-06-30 00:00:00+00:00, run_after=2025-07-01 00:00:00+00:00
[2025-07-01T21:26:28.540+0000] {processor.py:208} INFO - Processing /home/airflow/.local/lib/python3.12/site-packages/airflow/example_dags/example_branch_labels.py took 0.084 seconds
[2025-07-01T21:26:59.157+0000] {processor.py:186} INFO - Started process (PID=1342) to work on /home/airflow/.local/lib/python3.12/site-packages/airflow/example_dags/example_branch_labels.py
[2025-07-01T21:26:59.158+0000] {processor.py:914} INFO - Processing file /home/airflow/.local/lib/python3.12/site-packages/airflow/example_dags/example_branch_labels.py for tasks to queue
[2025-07-01T21:26:59.161+0000] {logging_mixin.py:190} INFO - [2025-07-01T21:26:59.160+0000] {dagbag.py:588} INFO - Filling up the DagBag from /home/airflow/.local/lib/python3.12/site-packages/airflow/example_dags/example_branch_labels.py
[2025-07-01T21:26:59.170+0000] {processor.py:925} INFO - DAG(s) 'example_branch_labels' retrieved from /home/airflow/.local/lib/python3.12/site-packages/airflow/example_dags/example_branch_labels.py
[2025-07-01T21:26:59.193+0000] {logging_mixin.py:190} INFO - [2025-07-01T21:26:59.192+0000] {dag.py:3239} INFO - Sync 1 DAGs
[2025-07-01T21:26:59.221+0000] {logging_mixin.py:190} INFO - [2025-07-01T21:26:59.221+0000] {dag.py:4180} INFO - Setting next_dagrun for example_branch_labels to 2025-06-30 00:00:00+00:00, run_after=2025-07-01 00:00:00+00:00
[2025-07-01T21:26:59.246+0000] {processor.py:208} INFO - Processing /home/airflow/.local/lib/python3.12/site-packages/airflow/example_dags/example_branch_labels.py took 0.095 seconds
[2025-07-01T21:27:29.852+0000] {processor.py:186} INFO - Started process (PID=1404) to work on /home/airflow/.local/lib/python3.12/site-packages/airflow/example_dags/example_branch_labels.py
[2025-07-01T21:27:29.853+0000] {processor.py:914} INFO - Processing file /home/airflow/.local/lib/python3.12/site-packages/airflow/example_dags/example_branch_labels.py for tasks to queue
[2025-07-01T21:27:29.855+0000] {logging_mixin.py:190} INFO - [2025-07-01T21:27:29.855+0000] {dagbag.py:588} INFO - Filling up the DagBag from /home/airflow/.local/lib/python3.12/site-packages/airflow/example_dags/example_branch_labels.py
[2025-07-01T21:27:29.865+0000] {processor.py:925} INFO - DAG(s) 'example_branch_labels' retrieved from /home/airflow/.local/lib/python3.12/site-packages/airflow/example_dags/example_branch_labels.py
[2025-07-01T21:27:29.891+0000] {logging_mixin.py:190} INFO - [2025-07-01T21:27:29.891+0000] {dag.py:3239} INFO - Sync 1 DAGs
[2025-07-01T21:27:29.918+0000] {logging_mixin.py:190} INFO - [2025-07-01T21:27:29.918+0000] {dag.py:4180} INFO - Setting next_dagrun for example_branch_labels to 2025-06-30 00:00:00+00:00, run_after=2025-07-01 00:00:00+00:00
[2025-07-01T21:27:29.938+0000] {processor.py:208} INFO - Processing /home/airflow/.local/lib/python3.12/site-packages/airflow/example_dags/example_branch_labels.py took 0.091 seconds
[2025-07-01T21:28:00.120+0000] {processor.py:186} INFO - Started process (PID=1467) to work on /home/airflow/.local/lib/python3.12/site-packages/airflow/example_dags/example_branch_labels.py
[2025-07-01T21:28:00.121+0000] {processor.py:914} INFO - Processing file /home/airflow/.local/lib/python3.12/site-packages/airflow/example_dags/example_branch_labels.py for tasks to queue
[2025-07-01T21:28:00.123+0000] {logging_mixin.py:190} INFO - [2025-07-01T21:28:00.123+0000] {dagbag.py:588} INFO - Filling up the DagBag from /home/airflow/.local/lib/python3.12/site-packages/airflow/example_dags/example_branch_labels.py
[2025-07-01T21:28:00.131+0000] {processor.py:925} INFO - DAG(s) 'example_branch_labels' retrieved from /home/airflow/.local/lib/python3.12/site-packages/airflow/example_dags/example_branch_labels.py
[2025-07-01T21:28:00.149+0000] {logging_mixin.py:190} INFO - [2025-07-01T21:28:00.149+0000] {dag.py:3239} INFO - Sync 1 DAGs
[2025-07-01T21:28:00.167+0000] {logging_mixin.py:190} INFO - [2025-07-01T21:28:00.167+0000] {dag.py:4180} INFO - Setting next_dagrun for example_branch_labels to 2025-06-30 00:00:00+00:00, run_after=2025-07-01 00:00:00+00:00
[2025-07-01T21:28:00.185+0000] {processor.py:208} INFO - Processing /home/airflow/.local/lib/python3.12/site-packages/airflow/example_dags/example_branch_labels.py took 0.070 seconds
[2025-07-01T21:28:30.983+0000] {processor.py:186} INFO - Started process (PID=1529) to work on /home/airflow/.local/lib/python3.12/site-packages/airflow/example_dags/example_branch_labels.py
[2025-07-01T21:28:30.984+0000] {processor.py:914} INFO - Processing file /home/airflow/.local/lib/python3.12/site-packages/airflow/example_dags/example_branch_labels.py for tasks to queue
[2025-07-01T21:28:30.986+0000] {logging_mixin.py:190} INFO - [2025-07-01T21:28:30.986+0000] {dagbag.py:588} INFO - Filling up the DagBag from /home/airflow/.local/lib/python3.12/site-packages/airflow/example_dags/example_branch_labels.py
[2025-07-01T21:28:30.993+0000] {processor.py:925} INFO - DAG(s) 'example_branch_labels' retrieved from /home/airflow/.local/lib/python3.12/site-packages/airflow/example_dags/example_branch_labels.py
[2025-07-01T21:28:31.010+0000] {logging_mixin.py:190} INFO - [2025-07-01T21:28:31.009+0000] {dag.py:3239} INFO - Sync 1 DAGs
[2025-07-01T21:28:31.028+0000] {logging_mixin.py:190} INFO - [2025-07-01T21:28:31.028+0000] {dag.py:4180} INFO - Setting next_dagrun for example_branch_labels to 2025-06-30 00:00:00+00:00, run_after=2025-07-01 00:00:00+00:00
[2025-07-01T21:28:31.045+0000] {processor.py:208} INFO - Processing /home/airflow/.local/lib/python3.12/site-packages/airflow/example_dags/example_branch_labels.py took 0.067 seconds
[2025-07-01T21:29:01.591+0000] {processor.py:186} INFO - Started process (PID=1591) to work on /home/airflow/.local/lib/python3.12/site-packages/airflow/example_dags/example_branch_labels.py
[2025-07-01T21:29:01.592+0000] {processor.py:914} INFO - Processing file /home/airflow/.local/lib/python3.12/site-packages/airflow/example_dags/example_branch_labels.py for tasks to queue
[2025-07-01T21:29:01.594+0000] {logging_mixin.py:190} INFO - [2025-07-01T21:29:01.594+0000] {dagbag.py:588} INFO - Filling up the DagBag from /home/airflow/.local/lib/python3.12/site-packages/airflow/example_dags/example_branch_labels.py
[2025-07-01T21:29:01.603+0000] {processor.py:925} INFO - DAG(s) 'example_branch_labels' retrieved from /home/airflow/.local/lib/python3.12/site-packages/airflow/example_dags/example_branch_labels.py
[2025-07-01T21:29:01.623+0000] {logging_mixin.py:190} INFO - [2025-07-01T21:29:01.623+0000] {dag.py:3239} INFO - Sync 1 DAGs
[2025-07-01T21:29:01.646+0000] {logging_mixin.py:190} INFO - [2025-07-01T21:29:01.646+0000] {dag.py:4180} INFO - Setting next_dagrun for example_branch_labels to 2025-06-30 00:00:00+00:00, run_after=2025-07-01 00:00:00+00:00
[2025-07-01T21:29:01.665+0000] {processor.py:208} INFO - Processing /home/airflow/.local/lib/python3.12/site-packages/airflow/example_dags/example_branch_labels.py took 0.079 seconds
[2025-07-01T21:29:32.024+0000] {processor.py:186} INFO - Started process (PID=1653) to work on /home/airflow/.local/lib/python3.12/site-packages/airflow/example_dags/example_branch_labels.py
[2025-07-01T21:29:32.025+0000] {processor.py:914} INFO - Processing file /home/airflow/.local/lib/python3.12/site-packages/airflow/example_dags/example_branch_labels.py for tasks to queue
[2025-07-01T21:29:32.028+0000] {logging_mixin.py:190} INFO - [2025-07-01T21:29:32.027+0000] {dagbag.py:588} INFO - Filling up the DagBag from /home/airflow/.local/lib/python3.12/site-packages/airflow/example_dags/example_branch_labels.py
[2025-07-01T21:29:32.036+0000] {processor.py:925} INFO - DAG(s) 'example_branch_labels' retrieved from /home/airflow/.local/lib/python3.12/site-packages/airflow/example_dags/example_branch_labels.py
[2025-07-01T21:29:32.053+0000] {logging_mixin.py:190} INFO - [2025-07-01T21:29:32.053+0000] {dag.py:3239} INFO - Sync 1 DAGs
[2025-07-01T21:29:32.072+0000] {logging_mixin.py:190} INFO - [2025-07-01T21:29:32.072+0000] {dag.py:4180} INFO - Setting next_dagrun for example_branch_labels to 2025-06-30 00:00:00+00:00, run_after=2025-07-01 00:00:00+00:00
[2025-07-01T21:29:32.090+0000] {processor.py:208} INFO - Processing /home/airflow/.local/lib/python3.12/site-packages/airflow/example_dags/example_branch_labels.py took 0.073 seconds
[2025-07-01T21:30:02.499+0000] {processor.py:186} INFO - Started process (PID=1715) to work on /home/airflow/.local/lib/python3.12/site-packages/airflow/example_dags/example_branch_labels.py
[2025-07-01T21:30:02.500+0000] {processor.py:914} INFO - Processing file /home/airflow/.local/lib/python3.12/site-packages/airflow/example_dags/example_branch_labels.py for tasks to queue
[2025-07-01T21:30:02.502+0000] {logging_mixin.py:190} INFO - [2025-07-01T21:30:02.502+0000] {dagbag.py:588} INFO - Filling up the DagBag from /home/airflow/.local/lib/python3.12/site-packages/airflow/example_dags/example_branch_labels.py
[2025-07-01T21:30:02.511+0000] {processor.py:925} INFO - DAG(s) 'example_branch_labels' retrieved from /home/airflow/.local/lib/python3.12/site-packages/airflow/example_dags/example_branch_labels.py
[2025-07-01T21:30:02.529+0000] {logging_mixin.py:190} INFO - [2025-07-01T21:30:02.529+0000] {dag.py:3239} INFO - Sync 1 DAGs
[2025-07-01T21:30:02.549+0000] {logging_mixin.py:190} INFO - [2025-07-01T21:30:02.549+0000] {dag.py:4180} INFO - Setting next_dagrun for example_branch_labels to 2025-06-30 00:00:00+00:00, run_after=2025-07-01 00:00:00+00:00
[2025-07-01T21:30:02.568+0000] {processor.py:208} INFO - Processing /home/airflow/.local/lib/python3.12/site-packages/airflow/example_dags/example_branch_labels.py took 0.074 seconds
[2025-07-01T21:30:32.912+0000] {processor.py:186} INFO - Started process (PID=1777) to work on /home/airflow/.local/lib/python3.12/site-packages/airflow/example_dags/example_branch_labels.py
[2025-07-01T21:30:32.913+0000] {processor.py:914} INFO - Processing file /home/airflow/.local/lib/python3.12/site-packages/airflow/example_dags/example_branch_labels.py for tasks to queue
[2025-07-01T21:30:32.915+0000] {logging_mixin.py:190} INFO - [2025-07-01T21:30:32.915+0000] {dagbag.py:588} INFO - Filling up the DagBag from /home/airflow/.local/lib/python3.12/site-packages/airflow/example_dags/example_branch_labels.py
[2025-07-01T21:30:32.924+0000] {processor.py:925} INFO - DAG(s) 'example_branch_labels' retrieved from /home/airflow/.local/lib/python3.12/site-packages/airflow/example_dags/example_branch_labels.py
[2025-07-01T21:30:32.942+0000] {logging_mixin.py:190} INFO - [2025-07-01T21:30:32.942+0000] {dag.py:3239} INFO - Sync 1 DAGs
[2025-07-01T21:30:32.961+0000] {logging_mixin.py:190} INFO - [2025-07-01T21:30:32.960+0000] {dag.py:4180} INFO - Setting next_dagrun for example_branch_labels to 2025-06-30 00:00:00+00:00, run_after=2025-07-01 00:00:00+00:00
[2025-07-01T21:30:32.980+0000] {processor.py:208} INFO - Processing /home/airflow/.local/lib/python3.12/site-packages/airflow/example_dags/example_branch_labels.py took 0.073 seconds
[2025-07-01T21:31:03.306+0000] {processor.py:186} INFO - Started process (PID=1839) to work on /home/airflow/.local/lib/python3.12/site-packages/airflow/example_dags/example_branch_labels.py
[2025-07-01T21:31:03.307+0000] {processor.py:914} INFO - Processing file /home/airflow/.local/lib/python3.12/site-packages/airflow/example_dags/example_branch_labels.py for tasks to queue
[2025-07-01T21:31:03.309+0000] {logging_mixin.py:190} INFO - [2025-07-01T21:31:03.309+0000] {dagbag.py:588} INFO - Filling up the DagBag from /home/airflow/.local/lib/python3.12/site-packages/airflow/example_dags/example_branch_labels.py
[2025-07-01T21:31:03.318+0000] {processor.py:925} INFO - DAG(s) 'example_branch_labels' retrieved from /home/airflow/.local/lib/python3.12/site-packages/airflow/example_dags/example_branch_labels.py
[2025-07-01T21:31:03.335+0000] {logging_mixin.py:190} INFO - [2025-07-01T21:31:03.335+0000] {dag.py:3239} INFO - Sync 1 DAGs
[2025-07-01T21:31:03.356+0000] {logging_mixin.py:190} INFO - [2025-07-01T21:31:03.356+0000] {dag.py:4180} INFO - Setting next_dagrun for example_branch_labels to 2025-06-30 00:00:00+00:00, run_after=2025-07-01 00:00:00+00:00
[2025-07-01T21:31:03.373+0000] {processor.py:208} INFO - Processing /home/airflow/.local/lib/python3.12/site-packages/airflow/example_dags/example_branch_labels.py took 0.072 seconds
[2025-07-01T21:31:33.668+0000] {processor.py:186} INFO - Started process (PID=1901) to work on /home/airflow/.local/lib/python3.12/site-packages/airflow/example_dags/example_branch_labels.py
[2025-07-01T21:31:33.669+0000] {processor.py:914} INFO - Processing file /home/airflow/.local/lib/python3.12/site-packages/airflow/example_dags/example_branch_labels.py for tasks to queue
[2025-07-01T21:31:33.671+0000] {logging_mixin.py:190} INFO - [2025-07-01T21:31:33.671+0000] {dagbag.py:588} INFO - Filling up the DagBag from /home/airflow/.local/lib/python3.12/site-packages/airflow/example_dags/example_branch_labels.py
[2025-07-01T21:31:33.680+0000] {processor.py:925} INFO - DAG(s) 'example_branch_labels' retrieved from /home/airflow/.local/lib/python3.12/site-packages/airflow/example_dags/example_branch_labels.py
[2025-07-01T21:31:33.699+0000] {logging_mixin.py:190} INFO - [2025-07-01T21:31:33.699+0000] {dag.py:3239} INFO - Sync 1 DAGs
[2025-07-01T21:31:33.718+0000] {logging_mixin.py:190} INFO - [2025-07-01T21:31:33.718+0000] {dag.py:4180} INFO - Setting next_dagrun for example_branch_labels to 2025-06-30 00:00:00+00:00, run_after=2025-07-01 00:00:00+00:00
[2025-07-01T21:31:33.736+0000] {processor.py:208} INFO - Processing /home/airflow/.local/lib/python3.12/site-packages/airflow/example_dags/example_branch_labels.py took 0.073 seconds
[2025-07-01T21:32:04.498+0000] {processor.py:186} INFO - Started process (PID=1964) to work on /home/airflow/.local/lib/python3.12/site-packages/airflow/example_dags/example_branch_labels.py
[2025-07-01T21:32:04.499+0000] {processor.py:914} INFO - Processing file /home/airflow/.local/lib/python3.12/site-packages/airflow/example_dags/example_branch_labels.py for tasks to queue
[2025-07-01T21:32:04.501+0000] {logging_mixin.py:190} INFO - [2025-07-01T21:32:04.501+0000] {dagbag.py:588} INFO - Filling up the DagBag from /home/airflow/.local/lib/python3.12/site-packages/airflow/example_dags/example_branch_labels.py
[2025-07-01T21:32:04.510+0000] {processor.py:925} INFO - DAG(s) 'example_branch_labels' retrieved from /home/airflow/.local/lib/python3.12/site-packages/airflow/example_dags/example_branch_labels.py
[2025-07-01T21:32:04.529+0000] {logging_mixin.py:190} INFO - [2025-07-01T21:32:04.528+0000] {dag.py:3239} INFO - Sync 1 DAGs
[2025-07-01T21:32:04.547+0000] {logging_mixin.py:190} INFO - [2025-07-01T21:32:04.547+0000] {dag.py:4180} INFO - Setting next_dagrun for example_branch_labels to 2025-06-30 00:00:00+00:00, run_after=2025-07-01 00:00:00+00:00
[2025-07-01T21:32:04.567+0000] {processor.py:208} INFO - Processing /home/airflow/.local/lib/python3.12/site-packages/airflow/example_dags/example_branch_labels.py took 0.074 seconds
[2025-07-01T21:32:34.732+0000] {processor.py:186} INFO - Started process (PID=2027) to work on /home/airflow/.local/lib/python3.12/site-packages/airflow/example_dags/example_branch_labels.py
[2025-07-01T21:32:34.733+0000] {processor.py:914} INFO - Processing file /home/airflow/.local/lib/python3.12/site-packages/airflow/example_dags/example_branch_labels.py for tasks to queue
[2025-07-01T21:32:34.736+0000] {logging_mixin.py:190} INFO - [2025-07-01T21:32:34.735+0000] {dagbag.py:588} INFO - Filling up the DagBag from /home/airflow/.local/lib/python3.12/site-packages/airflow/example_dags/example_branch_labels.py
[2025-07-01T21:32:34.745+0000] {processor.py:925} INFO - DAG(s) 'example_branch_labels' retrieved from /home/airflow/.local/lib/python3.12/site-packages/airflow/example_dags/example_branch_labels.py
[2025-07-01T21:32:34.763+0000] {logging_mixin.py:190} INFO - [2025-07-01T21:32:34.763+0000] {dag.py:3239} INFO - Sync 1 DAGs
[2025-07-01T21:32:34.785+0000] {logging_mixin.py:190} INFO - [2025-07-01T21:32:34.784+0000] {dag.py:4180} INFO - Setting next_dagrun for example_branch_labels to 2025-06-30 00:00:00+00:00, run_after=2025-07-01 00:00:00+00:00
[2025-07-01T21:32:34.804+0000] {processor.py:208} INFO - Processing /home/airflow/.local/lib/python3.12/site-packages/airflow/example_dags/example_branch_labels.py took 0.077 seconds
[2025-07-01T21:33:05.814+0000] {processor.py:186} INFO - Started process (PID=2090) to work on /home/airflow/.local/lib/python3.12/site-packages/airflow/example_dags/example_branch_labels.py
[2025-07-01T21:33:05.815+0000] {processor.py:914} INFO - Processing file /home/airflow/.local/lib/python3.12/site-packages/airflow/example_dags/example_branch_labels.py for tasks to queue
[2025-07-01T21:33:05.818+0000] {logging_mixin.py:190} INFO - [2025-07-01T21:33:05.818+0000] {dagbag.py:588} INFO - Filling up the DagBag from /home/airflow/.local/lib/python3.12/site-packages/airflow/example_dags/example_branch_labels.py
[2025-07-01T21:33:05.827+0000] {processor.py:925} INFO - DAG(s) 'example_branch_labels' retrieved from /home/airflow/.local/lib/python3.12/site-packages/airflow/example_dags/example_branch_labels.py
[2025-07-01T21:33:05.848+0000] {logging_mixin.py:190} INFO - [2025-07-01T21:33:05.847+0000] {dag.py:3239} INFO - Sync 1 DAGs
[2025-07-01T21:33:05.872+0000] {logging_mixin.py:190} INFO - [2025-07-01T21:33:05.872+0000] {dag.py:4180} INFO - Setting next_dagrun for example_branch_labels to 2025-06-30 00:00:00+00:00, run_after=2025-07-01 00:00:00+00:00
[2025-07-01T21:33:05.890+0000] {processor.py:208} INFO - Processing /home/airflow/.local/lib/python3.12/site-packages/airflow/example_dags/example_branch_labels.py took 0.082 seconds
[2025-07-01T21:33:36.772+0000] {processor.py:186} INFO - Started process (PID=2153) to work on /home/airflow/.local/lib/python3.12/site-packages/airflow/example_dags/example_branch_labels.py
[2025-07-01T21:33:36.773+0000] {processor.py:914} INFO - Processing file /home/airflow/.local/lib/python3.12/site-packages/airflow/example_dags/example_branch_labels.py for tasks to queue
[2025-07-01T21:33:36.775+0000] {logging_mixin.py:190} INFO - [2025-07-01T21:33:36.775+0000] {dagbag.py:588} INFO - Filling up the DagBag from /home/airflow/.local/lib/python3.12/site-packages/airflow/example_dags/example_branch_labels.py
[2025-07-01T21:33:36.784+0000] {processor.py:925} INFO - DAG(s) 'example_branch_labels' retrieved from /home/airflow/.local/lib/python3.12/site-packages/airflow/example_dags/example_branch_labels.py
[2025-07-01T21:33:36.803+0000] {logging_mixin.py:190} INFO - [2025-07-01T21:33:36.803+0000] {dag.py:3239} INFO - Sync 1 DAGs
[2025-07-01T21:33:36.825+0000] {logging_mixin.py:190} INFO - [2025-07-01T21:33:36.824+0000] {dag.py:4180} INFO - Setting next_dagrun for example_branch_labels to 2025-06-30 00:00:00+00:00, run_after=2025-07-01 00:00:00+00:00
[2025-07-01T21:33:36.843+0000] {processor.py:208} INFO - Processing /home/airflow/.local/lib/python3.12/site-packages/airflow/example_dags/example_branch_labels.py took 0.077 seconds
[2025-07-01T21:34:07.201+0000] {processor.py:186} INFO - Started process (PID=2216) to work on /home/airflow/.local/lib/python3.12/site-packages/airflow/example_dags/example_branch_labels.py
[2025-07-01T21:34:07.202+0000] {processor.py:914} INFO - Processing file /home/airflow/.local/lib/python3.12/site-packages/airflow/example_dags/example_branch_labels.py for tasks to queue
[2025-07-01T21:34:07.204+0000] {logging_mixin.py:190} INFO - [2025-07-01T21:34:07.204+0000] {dagbag.py:588} INFO - Filling up the DagBag from /home/airflow/.local/lib/python3.12/site-packages/airflow/example_dags/example_branch_labels.py
[2025-07-01T21:34:07.213+0000] {processor.py:925} INFO - DAG(s) 'example_branch_labels' retrieved from /home/airflow/.local/lib/python3.12/site-packages/airflow/example_dags/example_branch_labels.py
[2025-07-01T21:34:07.230+0000] {logging_mixin.py:190} INFO - [2025-07-01T21:34:07.230+0000] {dag.py:3239} INFO - Sync 1 DAGs
[2025-07-01T21:34:07.249+0000] {logging_mixin.py:190} INFO - [2025-07-01T21:34:07.249+0000] {dag.py:4180} INFO - Setting next_dagrun for example_branch_labels to 2025-06-30 00:00:00+00:00, run_after=2025-07-01 00:00:00+00:00
[2025-07-01T21:34:07.267+0000] {processor.py:208} INFO - Processing /home/airflow/.local/lib/python3.12/site-packages/airflow/example_dags/example_branch_labels.py took 0.071 seconds
[2025-07-01T21:34:38.228+0000] {processor.py:186} INFO - Started process (PID=2279) to work on /home/airflow/.local/lib/python3.12/site-packages/airflow/example_dags/example_branch_labels.py
[2025-07-01T21:34:38.229+0000] {processor.py:914} INFO - Processing file /home/airflow/.local/lib/python3.12/site-packages/airflow/example_dags/example_branch_labels.py for tasks to queue
[2025-07-01T21:34:38.231+0000] {logging_mixin.py:190} INFO - [2025-07-01T21:34:38.231+0000] {dagbag.py:588} INFO - Filling up the DagBag from /home/airflow/.local/lib/python3.12/site-packages/airflow/example_dags/example_branch_labels.py
[2025-07-01T21:34:38.239+0000] {processor.py:925} INFO - DAG(s) 'example_branch_labels' retrieved from /home/airflow/.local/lib/python3.12/site-packages/airflow/example_dags/example_branch_labels.py
[2025-07-01T21:34:38.258+0000] {logging_mixin.py:190} INFO - [2025-07-01T21:34:38.258+0000] {dag.py:3239} INFO - Sync 1 DAGs
[2025-07-01T21:34:38.278+0000] {logging_mixin.py:190} INFO - [2025-07-01T21:34:38.278+0000] {dag.py:4180} INFO - Setting next_dagrun for example_branch_labels to 2025-06-30 00:00:00+00:00, run_after=2025-07-01 00:00:00+00:00
[2025-07-01T21:34:38.296+0000] {processor.py:208} INFO - Processing /home/airflow/.local/lib/python3.12/site-packages/airflow/example_dags/example_branch_labels.py took 0.073 seconds
[2025-07-01T21:35:08.841+0000] {processor.py:186} INFO - Started process (PID=2342) to work on /home/airflow/.local/lib/python3.12/site-packages/airflow/example_dags/example_branch_labels.py
[2025-07-01T21:35:08.842+0000] {processor.py:914} INFO - Processing file /home/airflow/.local/lib/python3.12/site-packages/airflow/example_dags/example_branch_labels.py for tasks to queue
[2025-07-01T21:35:08.845+0000] {logging_mixin.py:190} INFO - [2025-07-01T21:35:08.845+0000] {dagbag.py:588} INFO - Filling up the DagBag from /home/airflow/.local/lib/python3.12/site-packages/airflow/example_dags/example_branch_labels.py
[2025-07-01T21:35:08.857+0000] {processor.py:925} INFO - DAG(s) 'example_branch_labels' retrieved from /home/airflow/.local/lib/python3.12/site-packages/airflow/example_dags/example_branch_labels.py
[2025-07-01T21:35:08.881+0000] {logging_mixin.py:190} INFO - [2025-07-01T21:35:08.880+0000] {dag.py:3239} INFO - Sync 1 DAGs
[2025-07-01T21:35:08.906+0000] {logging_mixin.py:190} INFO - [2025-07-01T21:35:08.906+0000] {dag.py:4180} INFO - Setting next_dagrun for example_branch_labels to 2025-06-30 00:00:00+00:00, run_after=2025-07-01 00:00:00+00:00
[2025-07-01T21:35:08.928+0000] {processor.py:208} INFO - Processing /home/airflow/.local/lib/python3.12/site-packages/airflow/example_dags/example_branch_labels.py took 0.093 seconds
[2025-07-01T21:35:39.565+0000] {processor.py:186} INFO - Started process (PID=2405) to work on /home/airflow/.local/lib/python3.12/site-packages/airflow/example_dags/example_branch_labels.py
[2025-07-01T21:35:39.566+0000] {processor.py:914} INFO - Processing file /home/airflow/.local/lib/python3.12/site-packages/airflow/example_dags/example_branch_labels.py for tasks to queue
[2025-07-01T21:35:39.570+0000] {logging_mixin.py:190} INFO - [2025-07-01T21:35:39.569+0000] {dagbag.py:588} INFO - Filling up the DagBag from /home/airflow/.local/lib/python3.12/site-packages/airflow/example_dags/example_branch_labels.py
[2025-07-01T21:35:39.583+0000] {processor.py:925} INFO - DAG(s) 'example_branch_labels' retrieved from /home/airflow/.local/lib/python3.12/site-packages/airflow/example_dags/example_branch_labels.py
[2025-07-01T21:35:39.617+0000] {logging_mixin.py:190} INFO - [2025-07-01T21:35:39.617+0000] {dag.py:3239} INFO - Sync 1 DAGs
[2025-07-01T21:35:39.655+0000] {logging_mixin.py:190} INFO - [2025-07-01T21:35:39.655+0000] {dag.py:4180} INFO - Setting next_dagrun for example_branch_labels to 2025-06-30 00:00:00+00:00, run_after=2025-07-01 00:00:00+00:00
[2025-07-01T21:35:39.687+0000] {processor.py:208} INFO - Processing /home/airflow/.local/lib/python3.12/site-packages/airflow/example_dags/example_branch_labels.py took 0.129 seconds
[2025-07-01T21:36:10.111+0000] {processor.py:186} INFO - Started process (PID=2468) to work on /home/airflow/.local/lib/python3.12/site-packages/airflow/example_dags/example_branch_labels.py
[2025-07-01T21:36:10.112+0000] {processor.py:914} INFO - Processing file /home/airflow/.local/lib/python3.12/site-packages/airflow/example_dags/example_branch_labels.py for tasks to queue
[2025-07-01T21:36:10.114+0000] {logging_mixin.py:190} INFO - [2025-07-01T21:36:10.114+0000] {dagbag.py:588} INFO - Filling up the DagBag from /home/airflow/.local/lib/python3.12/site-packages/airflow/example_dags/example_branch_labels.py
[2025-07-01T21:36:10.123+0000] {processor.py:925} INFO - DAG(s) 'example_branch_labels' retrieved from /home/airflow/.local/lib/python3.12/site-packages/airflow/example_dags/example_branch_labels.py
[2025-07-01T21:36:10.140+0000] {logging_mixin.py:190} INFO - [2025-07-01T21:36:10.139+0000] {dag.py:3239} INFO - Sync 1 DAGs
[2025-07-01T21:36:10.158+0000] {logging_mixin.py:190} INFO - [2025-07-01T21:36:10.158+0000] {dag.py:4180} INFO - Setting next_dagrun for example_branch_labels to 2025-06-30 00:00:00+00:00, run_after=2025-07-01 00:00:00+00:00
[2025-07-01T21:36:10.178+0000] {processor.py:208} INFO - Processing /home/airflow/.local/lib/python3.12/site-packages/airflow/example_dags/example_branch_labels.py took 0.072 seconds
[2025-07-01T21:36:41.164+0000] {processor.py:186} INFO - Started process (PID=2531) to work on /home/airflow/.local/lib/python3.12/site-packages/airflow/example_dags/example_branch_labels.py
[2025-07-01T21:36:41.165+0000] {processor.py:914} INFO - Processing file /home/airflow/.local/lib/python3.12/site-packages/airflow/example_dags/example_branch_labels.py for tasks to queue
[2025-07-01T21:36:41.168+0000] {logging_mixin.py:190} INFO - [2025-07-01T21:36:41.167+0000] {dagbag.py:588} INFO - Filling up the DagBag from /home/airflow/.local/lib/python3.12/site-packages/airflow/example_dags/example_branch_labels.py
[2025-07-01T21:36:41.177+0000] {processor.py:925} INFO - DAG(s) 'example_branch_labels' retrieved from /home/airflow/.local/lib/python3.12/site-packages/airflow/example_dags/example_branch_labels.py
[2025-07-01T21:36:41.195+0000] {logging_mixin.py:190} INFO - [2025-07-01T21:36:41.195+0000] {dag.py:3239} INFO - Sync 1 DAGs
[2025-07-01T21:36:41.214+0000] {logging_mixin.py:190} INFO - [2025-07-01T21:36:41.213+0000] {dag.py:4180} INFO - Setting next_dagrun for example_branch_labels to 2025-06-30 00:00:00+00:00, run_after=2025-07-01 00:00:00+00:00
[2025-07-01T21:36:41.233+0000] {processor.py:208} INFO - Processing /home/airflow/.local/lib/python3.12/site-packages/airflow/example_dags/example_branch_labels.py took 0.075 seconds
[2025-07-01T21:37:11.891+0000] {processor.py:186} INFO - Started process (PID=2594) to work on /home/airflow/.local/lib/python3.12/site-packages/airflow/example_dags/example_branch_labels.py
[2025-07-01T21:37:11.892+0000] {processor.py:914} INFO - Processing file /home/airflow/.local/lib/python3.12/site-packages/airflow/example_dags/example_branch_labels.py for tasks to queue
[2025-07-01T21:37:11.894+0000] {logging_mixin.py:190} INFO - [2025-07-01T21:37:11.894+0000] {dagbag.py:588} INFO - Filling up the DagBag from /home/airflow/.local/lib/python3.12/site-packages/airflow/example_dags/example_branch_labels.py
[2025-07-01T21:37:11.903+0000] {processor.py:925} INFO - DAG(s) 'example_branch_labels' retrieved from /home/airflow/.local/lib/python3.12/site-packages/airflow/example_dags/example_branch_labels.py
[2025-07-01T21:37:11.920+0000] {logging_mixin.py:190} INFO - [2025-07-01T21:37:11.919+0000] {dag.py:3239} INFO - Sync 1 DAGs
[2025-07-01T21:37:11.939+0000] {logging_mixin.py:190} INFO - [2025-07-01T21:37:11.939+0000] {dag.py:4180} INFO - Setting next_dagrun for example_branch_labels to 2025-06-30 00:00:00+00:00, run_after=2025-07-01 00:00:00+00:00
[2025-07-01T21:37:11.956+0000] {processor.py:208} INFO - Processing /home/airflow/.local/lib/python3.12/site-packages/airflow/example_dags/example_branch_labels.py took 0.070 seconds
[2025-07-01T21:37:42.766+0000] {processor.py:186} INFO - Started process (PID=2657) to work on /home/airflow/.local/lib/python3.12/site-packages/airflow/example_dags/example_branch_labels.py
[2025-07-01T21:37:42.766+0000] {processor.py:914} INFO - Processing file /home/airflow/.local/lib/python3.12/site-packages/airflow/example_dags/example_branch_labels.py for tasks to queue
[2025-07-01T21:37:42.768+0000] {logging_mixin.py:190} INFO - [2025-07-01T21:37:42.768+0000] {dagbag.py:588} INFO - Filling up the DagBag from /home/airflow/.local/lib/python3.12/site-packages/airflow/example_dags/example_branch_labels.py
[2025-07-01T21:37:42.777+0000] {processor.py:925} INFO - DAG(s) 'example_branch_labels' retrieved from /home/airflow/.local/lib/python3.12/site-packages/airflow/example_dags/example_branch_labels.py
[2025-07-01T21:37:42.796+0000] {logging_mixin.py:190} INFO - [2025-07-01T21:37:42.796+0000] {dag.py:3239} INFO - Sync 1 DAGs
[2025-07-01T21:37:42.818+0000] {logging_mixin.py:190} INFO - [2025-07-01T21:37:42.817+0000] {dag.py:4180} INFO - Setting next_dagrun for example_branch_labels to 2025-06-30 00:00:00+00:00, run_after=2025-07-01 00:00:00+00:00
[2025-07-01T21:37:42.834+0000] {processor.py:208} INFO - Processing /home/airflow/.local/lib/python3.12/site-packages/airflow/example_dags/example_branch_labels.py took 0.073 seconds
[2025-07-01T21:38:13.288+0000] {processor.py:186} INFO - Started process (PID=2720) to work on /home/airflow/.local/lib/python3.12/site-packages/airflow/example_dags/example_branch_labels.py
[2025-07-01T21:38:13.289+0000] {processor.py:914} INFO - Processing file /home/airflow/.local/lib/python3.12/site-packages/airflow/example_dags/example_branch_labels.py for tasks to queue
[2025-07-01T21:38:13.291+0000] {logging_mixin.py:190} INFO - [2025-07-01T21:38:13.291+0000] {dagbag.py:588} INFO - Filling up the DagBag from /home/airflow/.local/lib/python3.12/site-packages/airflow/example_dags/example_branch_labels.py
[2025-07-01T21:38:13.300+0000] {processor.py:925} INFO - DAG(s) 'example_branch_labels' retrieved from /home/airflow/.local/lib/python3.12/site-packages/airflow/example_dags/example_branch_labels.py
[2025-07-01T21:38:13.318+0000] {logging_mixin.py:190} INFO - [2025-07-01T21:38:13.318+0000] {dag.py:3239} INFO - Sync 1 DAGs
[2025-07-01T21:38:13.337+0000] {logging_mixin.py:190} INFO - [2025-07-01T21:38:13.337+0000] {dag.py:4180} INFO - Setting next_dagrun for example_branch_labels to 2025-06-30 00:00:00+00:00, run_after=2025-07-01 00:00:00+00:00
[2025-07-01T21:38:13.355+0000] {processor.py:208} INFO - Processing /home/airflow/.local/lib/python3.12/site-packages/airflow/example_dags/example_branch_labels.py took 0.072 seconds
[2025-07-01T21:38:44.236+0000] {processor.py:186} INFO - Started process (PID=2783) to work on /home/airflow/.local/lib/python3.12/site-packages/airflow/example_dags/example_branch_labels.py
[2025-07-01T21:38:44.237+0000] {processor.py:914} INFO - Processing file /home/airflow/.local/lib/python3.12/site-packages/airflow/example_dags/example_branch_labels.py for tasks to queue
[2025-07-01T21:38:44.239+0000] {logging_mixin.py:190} INFO - [2025-07-01T21:38:44.239+0000] {dagbag.py:588} INFO - Filling up the DagBag from /home/airflow/.local/lib/python3.12/site-packages/airflow/example_dags/example_branch_labels.py
[2025-07-01T21:38:44.248+0000] {processor.py:925} INFO - DAG(s) 'example_branch_labels' retrieved from /home/airflow/.local/lib/python3.12/site-packages/airflow/example_dags/example_branch_labels.py
[2025-07-01T21:38:44.265+0000] {logging_mixin.py:190} INFO - [2025-07-01T21:38:44.265+0000] {dag.py:3239} INFO - Sync 1 DAGs
[2025-07-01T21:38:44.283+0000] {logging_mixin.py:190} INFO - [2025-07-01T21:38:44.283+0000] {dag.py:4180} INFO - Setting next_dagrun for example_branch_labels to 2025-06-30 00:00:00+00:00, run_after=2025-07-01 00:00:00+00:00
[2025-07-01T21:38:44.300+0000] {processor.py:208} INFO - Processing /home/airflow/.local/lib/python3.12/site-packages/airflow/example_dags/example_branch_labels.py took 0.070 seconds
[2025-07-01T21:39:14.989+0000] {processor.py:186} INFO - Started process (PID=2846) to work on /home/airflow/.local/lib/python3.12/site-packages/airflow/example_dags/example_branch_labels.py
[2025-07-01T21:39:14.990+0000] {processor.py:914} INFO - Processing file /home/airflow/.local/lib/python3.12/site-packages/airflow/example_dags/example_branch_labels.py for tasks to queue
[2025-07-01T21:39:14.992+0000] {logging_mixin.py:190} INFO - [2025-07-01T21:39:14.992+0000] {dagbag.py:588} INFO - Filling up the DagBag from /home/airflow/.local/lib/python3.12/site-packages/airflow/example_dags/example_branch_labels.py
[2025-07-01T21:39:15.001+0000] {processor.py:925} INFO - DAG(s) 'example_branch_labels' retrieved from /home/airflow/.local/lib/python3.12/site-packages/airflow/example_dags/example_branch_labels.py
[2025-07-01T21:39:15.019+0000] {logging_mixin.py:190} INFO - [2025-07-01T21:39:15.019+0000] {dag.py:3239} INFO - Sync 1 DAGs
[2025-07-01T21:39:15.039+0000] {logging_mixin.py:190} INFO - [2025-07-01T21:39:15.039+0000] {dag.py:4180} INFO - Setting next_dagrun for example_branch_labels to 2025-06-30 00:00:00+00:00, run_after=2025-07-01 00:00:00+00:00
[2025-07-01T21:39:15.057+0000] {processor.py:208} INFO - Processing /home/airflow/.local/lib/python3.12/site-packages/airflow/example_dags/example_branch_labels.py took 0.073 seconds
[2025-07-01T21:39:45.974+0000] {processor.py:186} INFO - Started process (PID=2909) to work on /home/airflow/.local/lib/python3.12/site-packages/airflow/example_dags/example_branch_labels.py
[2025-07-01T21:39:45.975+0000] {processor.py:914} INFO - Processing file /home/airflow/.local/lib/python3.12/site-packages/airflow/example_dags/example_branch_labels.py for tasks to queue
[2025-07-01T21:39:45.977+0000] {logging_mixin.py:190} INFO - [2025-07-01T21:39:45.977+0000] {dagbag.py:588} INFO - Filling up the DagBag from /home/airflow/.local/lib/python3.12/site-packages/airflow/example_dags/example_branch_labels.py
[2025-07-01T21:39:45.987+0000] {processor.py:925} INFO - DAG(s) 'example_branch_labels' retrieved from /home/airflow/.local/lib/python3.12/site-packages/airflow/example_dags/example_branch_labels.py
[2025-07-01T21:39:46.007+0000] {logging_mixin.py:190} INFO - [2025-07-01T21:39:46.006+0000] {dag.py:3239} INFO - Sync 1 DAGs
[2025-07-01T21:39:46.028+0000] {logging_mixin.py:190} INFO - [2025-07-01T21:39:46.028+0000] {dag.py:4180} INFO - Setting next_dagrun for example_branch_labels to 2025-06-30 00:00:00+00:00, run_after=2025-07-01 00:00:00+00:00
[2025-07-01T21:39:46.050+0000] {processor.py:208} INFO - Processing /home/airflow/.local/lib/python3.12/site-packages/airflow/example_dags/example_branch_labels.py took 0.082 seconds
[2025-07-01T21:40:16.739+0000] {processor.py:186} INFO - Started process (PID=2973) to work on /home/airflow/.local/lib/python3.12/site-packages/airflow/example_dags/example_branch_labels.py
[2025-07-01T21:40:16.740+0000] {processor.py:914} INFO - Processing file /home/airflow/.local/lib/python3.12/site-packages/airflow/example_dags/example_branch_labels.py for tasks to queue
[2025-07-01T21:40:16.742+0000] {logging_mixin.py:190} INFO - [2025-07-01T21:40:16.742+0000] {dagbag.py:588} INFO - Filling up the DagBag from /home/airflow/.local/lib/python3.12/site-packages/airflow/example_dags/example_branch_labels.py
[2025-07-01T21:40:16.752+0000] {processor.py:925} INFO - DAG(s) 'example_branch_labels' retrieved from /home/airflow/.local/lib/python3.12/site-packages/airflow/example_dags/example_branch_labels.py
[2025-07-01T21:40:16.772+0000] {logging_mixin.py:190} INFO - [2025-07-01T21:40:16.771+0000] {dag.py:3239} INFO - Sync 1 DAGs
[2025-07-01T21:40:16.790+0000] {logging_mixin.py:190} INFO - [2025-07-01T21:40:16.790+0000] {dag.py:4180} INFO - Setting next_dagrun for example_branch_labels to 2025-06-30 00:00:00+00:00, run_after=2025-07-01 00:00:00+00:00
[2025-07-01T21:40:16.807+0000] {processor.py:208} INFO - Processing /home/airflow/.local/lib/python3.12/site-packages/airflow/example_dags/example_branch_labels.py took 0.074 seconds
[2025-07-01T21:40:47.468+0000] {processor.py:186} INFO - Started process (PID=3036) to work on /home/airflow/.local/lib/python3.12/site-packages/airflow/example_dags/example_branch_labels.py
[2025-07-01T21:40:47.469+0000] {processor.py:914} INFO - Processing file /home/airflow/.local/lib/python3.12/site-packages/airflow/example_dags/example_branch_labels.py for tasks to queue
[2025-07-01T21:40:47.471+0000] {logging_mixin.py:190} INFO - [2025-07-01T21:40:47.471+0000] {dagbag.py:588} INFO - Filling up the DagBag from /home/airflow/.local/lib/python3.12/site-packages/airflow/example_dags/example_branch_labels.py
[2025-07-01T21:40:47.479+0000] {processor.py:925} INFO - DAG(s) 'example_branch_labels' retrieved from /home/airflow/.local/lib/python3.12/site-packages/airflow/example_dags/example_branch_labels.py
[2025-07-01T21:40:47.497+0000] {logging_mixin.py:190} INFO - [2025-07-01T21:40:47.497+0000] {dag.py:3239} INFO - Sync 1 DAGs
[2025-07-01T21:40:47.518+0000] {logging_mixin.py:190} INFO - [2025-07-01T21:40:47.517+0000] {dag.py:4180} INFO - Setting next_dagrun for example_branch_labels to 2025-06-30 00:00:00+00:00, run_after=2025-07-01 00:00:00+00:00
[2025-07-01T21:40:47.536+0000] {processor.py:208} INFO - Processing /home/airflow/.local/lib/python3.12/site-packages/airflow/example_dags/example_branch_labels.py took 0.073 seconds
[2025-07-01T21:41:18.153+0000] {processor.py:186} INFO - Started process (PID=3099) to work on /home/airflow/.local/lib/python3.12/site-packages/airflow/example_dags/example_branch_labels.py
[2025-07-01T21:41:18.154+0000] {processor.py:914} INFO - Processing file /home/airflow/.local/lib/python3.12/site-packages/airflow/example_dags/example_branch_labels.py for tasks to queue
[2025-07-01T21:41:18.156+0000] {logging_mixin.py:190} INFO - [2025-07-01T21:41:18.156+0000] {dagbag.py:588} INFO - Filling up the DagBag from /home/airflow/.local/lib/python3.12/site-packages/airflow/example_dags/example_branch_labels.py
[2025-07-01T21:41:18.165+0000] {processor.py:925} INFO - DAG(s) 'example_branch_labels' retrieved from /home/airflow/.local/lib/python3.12/site-packages/airflow/example_dags/example_branch_labels.py
[2025-07-01T21:41:18.182+0000] {logging_mixin.py:190} INFO - [2025-07-01T21:41:18.181+0000] {dag.py:3239} INFO - Sync 1 DAGs
[2025-07-01T21:41:18.200+0000] {logging_mixin.py:190} INFO - [2025-07-01T21:41:18.200+0000] {dag.py:4180} INFO - Setting next_dagrun for example_branch_labels to 2025-06-30 00:00:00+00:00, run_after=2025-07-01 00:00:00+00:00
[2025-07-01T21:41:18.217+0000] {processor.py:208} INFO - Processing /home/airflow/.local/lib/python3.12/site-packages/airflow/example_dags/example_branch_labels.py took 0.069 seconds
[2025-07-01T21:41:49.199+0000] {processor.py:186} INFO - Started process (PID=3162) to work on /home/airflow/.local/lib/python3.12/site-packages/airflow/example_dags/example_branch_labels.py
[2025-07-01T21:41:49.200+0000] {processor.py:914} INFO - Processing file /home/airflow/.local/lib/python3.12/site-packages/airflow/example_dags/example_branch_labels.py for tasks to queue
[2025-07-01T21:41:49.203+0000] {logging_mixin.py:190} INFO - [2025-07-01T21:41:49.202+0000] {dagbag.py:588} INFO - Filling up the DagBag from /home/airflow/.local/lib/python3.12/site-packages/airflow/example_dags/example_branch_labels.py
[2025-07-01T21:41:49.211+0000] {processor.py:925} INFO - DAG(s) 'example_branch_labels' retrieved from /home/airflow/.local/lib/python3.12/site-packages/airflow/example_dags/example_branch_labels.py
[2025-07-01T21:41:49.229+0000] {logging_mixin.py:190} INFO - [2025-07-01T21:41:49.229+0000] {dag.py:3239} INFO - Sync 1 DAGs
[2025-07-01T21:41:49.250+0000] {logging_mixin.py:190} INFO - [2025-07-01T21:41:49.249+0000] {dag.py:4180} INFO - Setting next_dagrun for example_branch_labels to 2025-06-30 00:00:00+00:00, run_after=2025-07-01 00:00:00+00:00
[2025-07-01T21:41:49.268+0000] {processor.py:208} INFO - Processing /home/airflow/.local/lib/python3.12/site-packages/airflow/example_dags/example_branch_labels.py took 0.074 seconds
[2025-07-01T21:42:20.203+0000] {processor.py:186} INFO - Started process (PID=3225) to work on /home/airflow/.local/lib/python3.12/site-packages/airflow/example_dags/example_branch_labels.py
[2025-07-01T21:42:20.204+0000] {processor.py:914} INFO - Processing file /home/airflow/.local/lib/python3.12/site-packages/airflow/example_dags/example_branch_labels.py for tasks to queue
[2025-07-01T21:42:20.207+0000] {logging_mixin.py:190} INFO - [2025-07-01T21:42:20.207+0000] {dagbag.py:588} INFO - Filling up the DagBag from /home/airflow/.local/lib/python3.12/site-packages/airflow/example_dags/example_branch_labels.py
[2025-07-01T21:42:20.216+0000] {processor.py:925} INFO - DAG(s) 'example_branch_labels' retrieved from /home/airflow/.local/lib/python3.12/site-packages/airflow/example_dags/example_branch_labels.py
[2025-07-01T21:42:20.234+0000] {logging_mixin.py:190} INFO - [2025-07-01T21:42:20.234+0000] {dag.py:3239} INFO - Sync 1 DAGs
[2025-07-01T21:42:20.255+0000] {logging_mixin.py:190} INFO - [2025-07-01T21:42:20.255+0000] {dag.py:4180} INFO - Setting next_dagrun for example_branch_labels to 2025-06-30 00:00:00+00:00, run_after=2025-07-01 00:00:00+00:00
[2025-07-01T21:42:20.276+0000] {processor.py:208} INFO - Processing /home/airflow/.local/lib/python3.12/site-packages/airflow/example_dags/example_branch_labels.py took 0.077 seconds
[2025-07-01T21:42:51.360+0000] {processor.py:186} INFO - Started process (PID=3295) to work on /home/airflow/.local/lib/python3.12/site-packages/airflow/example_dags/example_branch_labels.py
[2025-07-01T21:42:51.361+0000] {processor.py:914} INFO - Processing file /home/airflow/.local/lib/python3.12/site-packages/airflow/example_dags/example_branch_labels.py for tasks to queue
[2025-07-01T21:42:51.363+0000] {logging_mixin.py:190} INFO - [2025-07-01T21:42:51.362+0000] {dagbag.py:588} INFO - Filling up the DagBag from /home/airflow/.local/lib/python3.12/site-packages/airflow/example_dags/example_branch_labels.py
[2025-07-01T21:42:51.372+0000] {processor.py:925} INFO - DAG(s) 'example_branch_labels' retrieved from /home/airflow/.local/lib/python3.12/site-packages/airflow/example_dags/example_branch_labels.py
[2025-07-01T21:42:51.390+0000] {logging_mixin.py:190} INFO - [2025-07-01T21:42:51.389+0000] {dag.py:3239} INFO - Sync 1 DAGs
[2025-07-01T21:42:51.409+0000] {logging_mixin.py:190} INFO - [2025-07-01T21:42:51.409+0000] {dag.py:4180} INFO - Setting next_dagrun for example_branch_labels to 2025-06-30 00:00:00+00:00, run_after=2025-07-01 00:00:00+00:00
[2025-07-01T21:42:51.426+0000] {processor.py:208} INFO - Processing /home/airflow/.local/lib/python3.12/site-packages/airflow/example_dags/example_branch_labels.py took 0.072 seconds
[2025-07-01T21:43:22.242+0000] {processor.py:186} INFO - Started process (PID=3358) to work on /home/airflow/.local/lib/python3.12/site-packages/airflow/example_dags/example_branch_labels.py
[2025-07-01T21:43:22.243+0000] {processor.py:914} INFO - Processing file /home/airflow/.local/lib/python3.12/site-packages/airflow/example_dags/example_branch_labels.py for tasks to queue
[2025-07-01T21:43:22.245+0000] {logging_mixin.py:190} INFO - [2025-07-01T21:43:22.244+0000] {dagbag.py:588} INFO - Filling up the DagBag from /home/airflow/.local/lib/python3.12/site-packages/airflow/example_dags/example_branch_labels.py
[2025-07-01T21:43:22.254+0000] {processor.py:925} INFO - DAG(s) 'example_branch_labels' retrieved from /home/airflow/.local/lib/python3.12/site-packages/airflow/example_dags/example_branch_labels.py
[2025-07-01T21:43:22.271+0000] {logging_mixin.py:190} INFO - [2025-07-01T21:43:22.271+0000] {dag.py:3239} INFO - Sync 1 DAGs
[2025-07-01T21:43:22.290+0000] {logging_mixin.py:190} INFO - [2025-07-01T21:43:22.290+0000] {dag.py:4180} INFO - Setting next_dagrun for example_branch_labels to 2025-06-30 00:00:00+00:00, run_after=2025-07-01 00:00:00+00:00
[2025-07-01T21:43:22.306+0000] {processor.py:208} INFO - Processing /home/airflow/.local/lib/python3.12/site-packages/airflow/example_dags/example_branch_labels.py took 0.070 seconds
[2025-07-01T21:43:53.054+0000] {processor.py:186} INFO - Started process (PID=3421) to work on /home/airflow/.local/lib/python3.12/site-packages/airflow/example_dags/example_branch_labels.py
[2025-07-01T21:43:53.055+0000] {processor.py:914} INFO - Processing file /home/airflow/.local/lib/python3.12/site-packages/airflow/example_dags/example_branch_labels.py for tasks to queue
[2025-07-01T21:43:53.058+0000] {logging_mixin.py:190} INFO - [2025-07-01T21:43:53.057+0000] {dagbag.py:588} INFO - Filling up the DagBag from /home/airflow/.local/lib/python3.12/site-packages/airflow/example_dags/example_branch_labels.py
[2025-07-01T21:43:53.068+0000] {processor.py:925} INFO - DAG(s) 'example_branch_labels' retrieved from /home/airflow/.local/lib/python3.12/site-packages/airflow/example_dags/example_branch_labels.py
[2025-07-01T21:43:53.087+0000] {logging_mixin.py:190} INFO - [2025-07-01T21:43:53.086+0000] {dag.py:3239} INFO - Sync 1 DAGs
[2025-07-01T21:43:53.105+0000] {logging_mixin.py:190} INFO - [2025-07-01T21:43:53.105+0000] {dag.py:4180} INFO - Setting next_dagrun for example_branch_labels to 2025-06-30 00:00:00+00:00, run_after=2025-07-01 00:00:00+00:00
[2025-07-01T21:43:53.123+0000] {processor.py:208} INFO - Processing /home/airflow/.local/lib/python3.12/site-packages/airflow/example_dags/example_branch_labels.py took 0.075 seconds
[2025-07-01T21:44:23.780+0000] {processor.py:186} INFO - Started process (PID=3484) to work on /home/airflow/.local/lib/python3.12/site-packages/airflow/example_dags/example_branch_labels.py
[2025-07-01T21:44:23.781+0000] {processor.py:914} INFO - Processing file /home/airflow/.local/lib/python3.12/site-packages/airflow/example_dags/example_branch_labels.py for tasks to queue
[2025-07-01T21:44:23.784+0000] {logging_mixin.py:190} INFO - [2025-07-01T21:44:23.783+0000] {dagbag.py:588} INFO - Filling up the DagBag from /home/airflow/.local/lib/python3.12/site-packages/airflow/example_dags/example_branch_labels.py
[2025-07-01T21:44:23.793+0000] {processor.py:925} INFO - DAG(s) 'example_branch_labels' retrieved from /home/airflow/.local/lib/python3.12/site-packages/airflow/example_dags/example_branch_labels.py
[2025-07-01T21:44:23.811+0000] {logging_mixin.py:190} INFO - [2025-07-01T21:44:23.811+0000] {dag.py:3239} INFO - Sync 1 DAGs
[2025-07-01T21:44:23.832+0000] {logging_mixin.py:190} INFO - [2025-07-01T21:44:23.832+0000] {dag.py:4180} INFO - Setting next_dagrun for example_branch_labels to 2025-06-30 00:00:00+00:00, run_after=2025-07-01 00:00:00+00:00
[2025-07-01T21:44:23.851+0000] {processor.py:208} INFO - Processing /home/airflow/.local/lib/python3.12/site-packages/airflow/example_dags/example_branch_labels.py took 0.077 seconds
[2025-07-01T21:44:54.651+0000] {processor.py:186} INFO - Started process (PID=3547) to work on /home/airflow/.local/lib/python3.12/site-packages/airflow/example_dags/example_branch_labels.py
[2025-07-01T21:44:54.652+0000] {processor.py:914} INFO - Processing file /home/airflow/.local/lib/python3.12/site-packages/airflow/example_dags/example_branch_labels.py for tasks to queue
[2025-07-01T21:44:54.654+0000] {logging_mixin.py:190} INFO - [2025-07-01T21:44:54.654+0000] {dagbag.py:588} INFO - Filling up the DagBag from /home/airflow/.local/lib/python3.12/site-packages/airflow/example_dags/example_branch_labels.py
[2025-07-01T21:44:54.663+0000] {processor.py:925} INFO - DAG(s) 'example_branch_labels' retrieved from /home/airflow/.local/lib/python3.12/site-packages/airflow/example_dags/example_branch_labels.py
[2025-07-01T21:44:54.682+0000] {logging_mixin.py:190} INFO - [2025-07-01T21:44:54.682+0000] {dag.py:3239} INFO - Sync 1 DAGs
[2025-07-01T21:44:54.708+0000] {logging_mixin.py:190} INFO - [2025-07-01T21:44:54.707+0000] {dag.py:4180} INFO - Setting next_dagrun for example_branch_labels to 2025-06-30 00:00:00+00:00, run_after=2025-07-01 00:00:00+00:00
[2025-07-01T21:44:54.731+0000] {processor.py:208} INFO - Processing /home/airflow/.local/lib/python3.12/site-packages/airflow/example_dags/example_branch_labels.py took 0.085 seconds
[2025-07-01T21:45:25.552+0000] {processor.py:186} INFO - Started process (PID=3610) to work on /home/airflow/.local/lib/python3.12/site-packages/airflow/example_dags/example_branch_labels.py
[2025-07-01T21:45:25.554+0000] {processor.py:914} INFO - Processing file /home/airflow/.local/lib/python3.12/site-packages/airflow/example_dags/example_branch_labels.py for tasks to queue
[2025-07-01T21:45:25.556+0000] {logging_mixin.py:190} INFO - [2025-07-01T21:45:25.556+0000] {dagbag.py:588} INFO - Filling up the DagBag from /home/airflow/.local/lib/python3.12/site-packages/airflow/example_dags/example_branch_labels.py
[2025-07-01T21:45:25.566+0000] {processor.py:925} INFO - DAG(s) 'example_branch_labels' retrieved from /home/airflow/.local/lib/python3.12/site-packages/airflow/example_dags/example_branch_labels.py
[2025-07-01T21:45:25.585+0000] {logging_mixin.py:190} INFO - [2025-07-01T21:45:25.584+0000] {dag.py:3239} INFO - Sync 1 DAGs
[2025-07-01T21:45:25.607+0000] {logging_mixin.py:190} INFO - [2025-07-01T21:45:25.606+0000] {dag.py:4180} INFO - Setting next_dagrun for example_branch_labels to 2025-06-30 00:00:00+00:00, run_after=2025-07-01 00:00:00+00:00
[2025-07-01T21:45:25.626+0000] {processor.py:208} INFO - Processing /home/airflow/.local/lib/python3.12/site-packages/airflow/example_dags/example_branch_labels.py took 0.080 seconds
[2025-07-01T21:45:56.502+0000] {processor.py:186} INFO - Started process (PID=3673) to work on /home/airflow/.local/lib/python3.12/site-packages/airflow/example_dags/example_branch_labels.py
[2025-07-01T21:45:56.503+0000] {processor.py:914} INFO - Processing file /home/airflow/.local/lib/python3.12/site-packages/airflow/example_dags/example_branch_labels.py for tasks to queue
[2025-07-01T21:45:56.505+0000] {logging_mixin.py:190} INFO - [2025-07-01T21:45:56.504+0000] {dagbag.py:588} INFO - Filling up the DagBag from /home/airflow/.local/lib/python3.12/site-packages/airflow/example_dags/example_branch_labels.py
[2025-07-01T21:45:56.513+0000] {processor.py:925} INFO - DAG(s) 'example_branch_labels' retrieved from /home/airflow/.local/lib/python3.12/site-packages/airflow/example_dags/example_branch_labels.py
[2025-07-01T21:45:56.529+0000] {logging_mixin.py:190} INFO - [2025-07-01T21:45:56.529+0000] {dag.py:3239} INFO - Sync 1 DAGs
[2025-07-01T21:45:56.548+0000] {logging_mixin.py:190} INFO - [2025-07-01T21:45:56.548+0000] {dag.py:4180} INFO - Setting next_dagrun for example_branch_labels to 2025-06-30 00:00:00+00:00, run_after=2025-07-01 00:00:00+00:00
[2025-07-01T21:45:56.568+0000] {processor.py:208} INFO - Processing /home/airflow/.local/lib/python3.12/site-packages/airflow/example_dags/example_branch_labels.py took 0.071 seconds
[2025-07-01T21:46:27.405+0000] {processor.py:186} INFO - Started process (PID=3736) to work on /home/airflow/.local/lib/python3.12/site-packages/airflow/example_dags/example_branch_labels.py
[2025-07-01T21:46:27.406+0000] {processor.py:914} INFO - Processing file /home/airflow/.local/lib/python3.12/site-packages/airflow/example_dags/example_branch_labels.py for tasks to queue
[2025-07-01T21:46:27.408+0000] {logging_mixin.py:190} INFO - [2025-07-01T21:46:27.408+0000] {dagbag.py:588} INFO - Filling up the DagBag from /home/airflow/.local/lib/python3.12/site-packages/airflow/example_dags/example_branch_labels.py
[2025-07-01T21:46:27.416+0000] {processor.py:925} INFO - DAG(s) 'example_branch_labels' retrieved from /home/airflow/.local/lib/python3.12/site-packages/airflow/example_dags/example_branch_labels.py
[2025-07-01T21:46:27.434+0000] {logging_mixin.py:190} INFO - [2025-07-01T21:46:27.434+0000] {dag.py:3239} INFO - Sync 1 DAGs
[2025-07-01T21:46:27.454+0000] {logging_mixin.py:190} INFO - [2025-07-01T21:46:27.454+0000] {dag.py:4180} INFO - Setting next_dagrun for example_branch_labels to 2025-06-30 00:00:00+00:00, run_after=2025-07-01 00:00:00+00:00
[2025-07-01T21:46:27.472+0000] {processor.py:208} INFO - Processing /home/airflow/.local/lib/python3.12/site-packages/airflow/example_dags/example_branch_labels.py took 0.072 seconds
[2025-07-01T21:46:58.351+0000] {processor.py:186} INFO - Started process (PID=3799) to work on /home/airflow/.local/lib/python3.12/site-packages/airflow/example_dags/example_branch_labels.py
[2025-07-01T21:46:58.352+0000] {processor.py:914} INFO - Processing file /home/airflow/.local/lib/python3.12/site-packages/airflow/example_dags/example_branch_labels.py for tasks to queue
[2025-07-01T21:46:58.354+0000] {logging_mixin.py:190} INFO - [2025-07-01T21:46:58.354+0000] {dagbag.py:588} INFO - Filling up the DagBag from /home/airflow/.local/lib/python3.12/site-packages/airflow/example_dags/example_branch_labels.py
[2025-07-01T21:46:58.363+0000] {processor.py:925} INFO - DAG(s) 'example_branch_labels' retrieved from /home/airflow/.local/lib/python3.12/site-packages/airflow/example_dags/example_branch_labels.py
[2025-07-01T21:46:58.383+0000] {logging_mixin.py:190} INFO - [2025-07-01T21:46:58.383+0000] {dag.py:3239} INFO - Sync 1 DAGs
[2025-07-01T21:46:58.403+0000] {logging_mixin.py:190} INFO - [2025-07-01T21:46:58.403+0000] {dag.py:4180} INFO - Setting next_dagrun for example_branch_labels to 2025-06-30 00:00:00+00:00, run_after=2025-07-01 00:00:00+00:00
[2025-07-01T21:46:58.421+0000] {processor.py:208} INFO - Processing /home/airflow/.local/lib/python3.12/site-packages/airflow/example_dags/example_branch_labels.py took 0.075 seconds
[2025-07-01T21:47:29.271+0000] {processor.py:186} INFO - Started process (PID=3862) to work on /home/airflow/.local/lib/python3.12/site-packages/airflow/example_dags/example_branch_labels.py
[2025-07-01T21:47:29.271+0000] {processor.py:914} INFO - Processing file /home/airflow/.local/lib/python3.12/site-packages/airflow/example_dags/example_branch_labels.py for tasks to queue
[2025-07-01T21:47:29.274+0000] {logging_mixin.py:190} INFO - [2025-07-01T21:47:29.273+0000] {dagbag.py:588} INFO - Filling up the DagBag from /home/airflow/.local/lib/python3.12/site-packages/airflow/example_dags/example_branch_labels.py
[2025-07-01T21:47:29.283+0000] {processor.py:925} INFO - DAG(s) 'example_branch_labels' retrieved from /home/airflow/.local/lib/python3.12/site-packages/airflow/example_dags/example_branch_labels.py
[2025-07-01T21:47:29.301+0000] {logging_mixin.py:190} INFO - [2025-07-01T21:47:29.301+0000] {dag.py:3239} INFO - Sync 1 DAGs
[2025-07-01T21:47:29.323+0000] {logging_mixin.py:190} INFO - [2025-07-01T21:47:29.323+0000] {dag.py:4180} INFO - Setting next_dagrun for example_branch_labels to 2025-06-30 00:00:00+00:00, run_after=2025-07-01 00:00:00+00:00
[2025-07-01T21:47:29.342+0000] {processor.py:208} INFO - Processing /home/airflow/.local/lib/python3.12/site-packages/airflow/example_dags/example_branch_labels.py took 0.076 seconds
[2025-07-01T21:48:00.810+0000] {processor.py:186} INFO - Started process (PID=3925) to work on /home/airflow/.local/lib/python3.12/site-packages/airflow/example_dags/example_branch_labels.py
[2025-07-01T21:48:00.811+0000] {processor.py:914} INFO - Processing file /home/airflow/.local/lib/python3.12/site-packages/airflow/example_dags/example_branch_labels.py for tasks to queue
[2025-07-01T21:48:00.814+0000] {logging_mixin.py:190} INFO - [2025-07-01T21:48:00.814+0000] {dagbag.py:588} INFO - Filling up the DagBag from /home/airflow/.local/lib/python3.12/site-packages/airflow/example_dags/example_branch_labels.py
[2025-07-01T21:48:00.824+0000] {processor.py:925} INFO - DAG(s) 'example_branch_labels' retrieved from /home/airflow/.local/lib/python3.12/site-packages/airflow/example_dags/example_branch_labels.py
[2025-07-01T21:48:00.845+0000] {logging_mixin.py:190} INFO - [2025-07-01T21:48:00.844+0000] {dag.py:3239} INFO - Sync 1 DAGs
[2025-07-01T21:48:00.866+0000] {logging_mixin.py:190} INFO - [2025-07-01T21:48:00.866+0000] {dag.py:4180} INFO - Setting next_dagrun for example_branch_labels to 2025-06-30 00:00:00+00:00, run_after=2025-07-01 00:00:00+00:00
[2025-07-01T21:48:01.039+0000] {processor.py:208} INFO - Processing /home/airflow/.local/lib/python3.12/site-packages/airflow/example_dags/example_branch_labels.py took 0.235 seconds
[2025-07-01T21:48:31.095+0000] {processor.py:186} INFO - Started process (PID=3988) to work on /home/airflow/.local/lib/python3.12/site-packages/airflow/example_dags/example_branch_labels.py
[2025-07-01T21:48:31.096+0000] {processor.py:914} INFO - Processing file /home/airflow/.local/lib/python3.12/site-packages/airflow/example_dags/example_branch_labels.py for tasks to queue
[2025-07-01T21:48:31.098+0000] {logging_mixin.py:190} INFO - [2025-07-01T21:48:31.097+0000] {dagbag.py:588} INFO - Filling up the DagBag from /home/airflow/.local/lib/python3.12/site-packages/airflow/example_dags/example_branch_labels.py
[2025-07-01T21:48:31.106+0000] {processor.py:925} INFO - DAG(s) 'example_branch_labels' retrieved from /home/airflow/.local/lib/python3.12/site-packages/airflow/example_dags/example_branch_labels.py
[2025-07-01T21:48:31.124+0000] {logging_mixin.py:190} INFO - [2025-07-01T21:48:31.124+0000] {dag.py:3239} INFO - Sync 1 DAGs
[2025-07-01T21:48:31.144+0000] {logging_mixin.py:190} INFO - [2025-07-01T21:48:31.144+0000] {dag.py:4180} INFO - Setting next_dagrun for example_branch_labels to 2025-06-30 00:00:00+00:00, run_after=2025-07-01 00:00:00+00:00
[2025-07-01T21:48:31.162+0000] {processor.py:208} INFO - Processing /home/airflow/.local/lib/python3.12/site-packages/airflow/example_dags/example_branch_labels.py took 0.072 seconds
[2025-07-01T21:49:01.685+0000] {processor.py:186} INFO - Started process (PID=4052) to work on /home/airflow/.local/lib/python3.12/site-packages/airflow/example_dags/example_branch_labels.py
[2025-07-01T21:49:01.686+0000] {processor.py:914} INFO - Processing file /home/airflow/.local/lib/python3.12/site-packages/airflow/example_dags/example_branch_labels.py for tasks to queue
[2025-07-01T21:49:01.688+0000] {logging_mixin.py:190} INFO - [2025-07-01T21:49:01.688+0000] {dagbag.py:588} INFO - Filling up the DagBag from /home/airflow/.local/lib/python3.12/site-packages/airflow/example_dags/example_branch_labels.py
[2025-07-01T21:49:01.697+0000] {processor.py:925} INFO - DAG(s) 'example_branch_labels' retrieved from /home/airflow/.local/lib/python3.12/site-packages/airflow/example_dags/example_branch_labels.py
[2025-07-01T21:49:01.715+0000] {logging_mixin.py:190} INFO - [2025-07-01T21:49:01.715+0000] {dag.py:3239} INFO - Sync 1 DAGs
[2025-07-01T21:49:01.735+0000] {logging_mixin.py:190} INFO - [2025-07-01T21:49:01.735+0000] {dag.py:4180} INFO - Setting next_dagrun for example_branch_labels to 2025-06-30 00:00:00+00:00, run_after=2025-07-01 00:00:00+00:00
[2025-07-01T21:49:01.755+0000] {processor.py:208} INFO - Processing /home/airflow/.local/lib/python3.12/site-packages/airflow/example_dags/example_branch_labels.py took 0.075 seconds
[2025-07-01T21:49:33.148+0000] {processor.py:186} INFO - Started process (PID=4115) to work on /home/airflow/.local/lib/python3.12/site-packages/airflow/example_dags/example_branch_labels.py
[2025-07-01T21:49:33.149+0000] {processor.py:914} INFO - Processing file /home/airflow/.local/lib/python3.12/site-packages/airflow/example_dags/example_branch_labels.py for tasks to queue
[2025-07-01T21:49:33.152+0000] {logging_mixin.py:190} INFO - [2025-07-01T21:49:33.151+0000] {dagbag.py:588} INFO - Filling up the DagBag from /home/airflow/.local/lib/python3.12/site-packages/airflow/example_dags/example_branch_labels.py
[2025-07-01T21:49:33.161+0000] {processor.py:925} INFO - DAG(s) 'example_branch_labels' retrieved from /home/airflow/.local/lib/python3.12/site-packages/airflow/example_dags/example_branch_labels.py
[2025-07-01T21:49:33.180+0000] {logging_mixin.py:190} INFO - [2025-07-01T21:49:33.180+0000] {dag.py:3239} INFO - Sync 1 DAGs
[2025-07-01T21:49:33.366+0000] {logging_mixin.py:190} INFO - [2025-07-01T21:49:33.366+0000] {dag.py:4180} INFO - Setting next_dagrun for example_branch_labels to 2025-06-30 00:00:00+00:00, run_after=2025-07-01 00:00:00+00:00
[2025-07-01T21:49:33.386+0000] {processor.py:208} INFO - Processing /home/airflow/.local/lib/python3.12/site-packages/airflow/example_dags/example_branch_labels.py took 0.243 seconds
[2025-07-01T21:50:04.303+0000] {processor.py:186} INFO - Started process (PID=4179) to work on /home/airflow/.local/lib/python3.12/site-packages/airflow/example_dags/example_branch_labels.py
[2025-07-01T21:50:04.304+0000] {processor.py:914} INFO - Processing file /home/airflow/.local/lib/python3.12/site-packages/airflow/example_dags/example_branch_labels.py for tasks to queue
[2025-07-01T21:50:04.306+0000] {logging_mixin.py:190} INFO - [2025-07-01T21:50:04.305+0000] {dagbag.py:588} INFO - Filling up the DagBag from /home/airflow/.local/lib/python3.12/site-packages/airflow/example_dags/example_branch_labels.py
[2025-07-01T21:50:04.314+0000] {processor.py:925} INFO - DAG(s) 'example_branch_labels' retrieved from /home/airflow/.local/lib/python3.12/site-packages/airflow/example_dags/example_branch_labels.py
[2025-07-01T21:50:04.331+0000] {logging_mixin.py:190} INFO - [2025-07-01T21:50:04.331+0000] {dag.py:3239} INFO - Sync 1 DAGs
[2025-07-01T21:50:04.349+0000] {logging_mixin.py:190} INFO - [2025-07-01T21:50:04.349+0000] {dag.py:4180} INFO - Setting next_dagrun for example_branch_labels to 2025-06-30 00:00:00+00:00, run_after=2025-07-01 00:00:00+00:00
[2025-07-01T21:50:04.368+0000] {processor.py:208} INFO - Processing /home/airflow/.local/lib/python3.12/site-packages/airflow/example_dags/example_branch_labels.py took 0.070 seconds
[2025-07-01T21:50:34.760+0000] {processor.py:186} INFO - Started process (PID=4242) to work on /home/airflow/.local/lib/python3.12/site-packages/airflow/example_dags/example_branch_labels.py
[2025-07-01T21:50:34.761+0000] {processor.py:914} INFO - Processing file /home/airflow/.local/lib/python3.12/site-packages/airflow/example_dags/example_branch_labels.py for tasks to queue
[2025-07-01T21:50:34.763+0000] {logging_mixin.py:190} INFO - [2025-07-01T21:50:34.763+0000] {dagbag.py:588} INFO - Filling up the DagBag from /home/airflow/.local/lib/python3.12/site-packages/airflow/example_dags/example_branch_labels.py
[2025-07-01T21:50:34.771+0000] {processor.py:925} INFO - DAG(s) 'example_branch_labels' retrieved from /home/airflow/.local/lib/python3.12/site-packages/airflow/example_dags/example_branch_labels.py
[2025-07-01T21:50:34.790+0000] {logging_mixin.py:190} INFO - [2025-07-01T21:50:34.790+0000] {dag.py:3239} INFO - Sync 1 DAGs
[2025-07-01T21:50:34.809+0000] {logging_mixin.py:190} INFO - [2025-07-01T21:50:34.809+0000] {dag.py:4180} INFO - Setting next_dagrun for example_branch_labels to 2025-06-30 00:00:00+00:00, run_after=2025-07-01 00:00:00+00:00
[2025-07-01T21:50:34.827+0000] {processor.py:208} INFO - Processing /home/airflow/.local/lib/python3.12/site-packages/airflow/example_dags/example_branch_labels.py took 0.072 seconds
[2025-07-01T21:51:06.316+0000] {processor.py:186} INFO - Started process (PID=4305) to work on /home/airflow/.local/lib/python3.12/site-packages/airflow/example_dags/example_branch_labels.py
[2025-07-01T21:51:06.317+0000] {processor.py:914} INFO - Processing file /home/airflow/.local/lib/python3.12/site-packages/airflow/example_dags/example_branch_labels.py for tasks to queue
[2025-07-01T21:51:06.319+0000] {logging_mixin.py:190} INFO - [2025-07-01T21:51:06.318+0000] {dagbag.py:588} INFO - Filling up the DagBag from /home/airflow/.local/lib/python3.12/site-packages/airflow/example_dags/example_branch_labels.py
[2025-07-01T21:51:06.327+0000] {processor.py:925} INFO - DAG(s) 'example_branch_labels' retrieved from /home/airflow/.local/lib/python3.12/site-packages/airflow/example_dags/example_branch_labels.py
[2025-07-01T21:51:06.344+0000] {logging_mixin.py:190} INFO - [2025-07-01T21:51:06.344+0000] {dag.py:3239} INFO - Sync 1 DAGs
[2025-07-01T21:51:06.507+0000] {logging_mixin.py:190} INFO - [2025-07-01T21:51:06.506+0000] {dag.py:4180} INFO - Setting next_dagrun for example_branch_labels to 2025-06-30 00:00:00+00:00, run_after=2025-07-01 00:00:00+00:00
[2025-07-01T21:51:06.525+0000] {processor.py:208} INFO - Processing /home/airflow/.local/lib/python3.12/site-packages/airflow/example_dags/example_branch_labels.py took 0.214 seconds
[2025-07-01T21:51:36.621+0000] {processor.py:186} INFO - Started process (PID=4368) to work on /home/airflow/.local/lib/python3.12/site-packages/airflow/example_dags/example_branch_labels.py
[2025-07-01T21:51:36.622+0000] {processor.py:914} INFO - Processing file /home/airflow/.local/lib/python3.12/site-packages/airflow/example_dags/example_branch_labels.py for tasks to queue
[2025-07-01T21:51:36.625+0000] {logging_mixin.py:190} INFO - [2025-07-01T21:51:36.625+0000] {dagbag.py:588} INFO - Filling up the DagBag from /home/airflow/.local/lib/python3.12/site-packages/airflow/example_dags/example_branch_labels.py
[2025-07-01T21:51:36.634+0000] {processor.py:925} INFO - DAG(s) 'example_branch_labels' retrieved from /home/airflow/.local/lib/python3.12/site-packages/airflow/example_dags/example_branch_labels.py
[2025-07-01T21:51:36.653+0000] {logging_mixin.py:190} INFO - [2025-07-01T21:51:36.653+0000] {dag.py:3239} INFO - Sync 1 DAGs
[2025-07-01T21:51:36.672+0000] {logging_mixin.py:190} INFO - [2025-07-01T21:51:36.671+0000] {dag.py:4180} INFO - Setting next_dagrun for example_branch_labels to 2025-06-30 00:00:00+00:00, run_after=2025-07-01 00:00:00+00:00
[2025-07-01T21:51:36.690+0000] {processor.py:208} INFO - Processing /home/airflow/.local/lib/python3.12/site-packages/airflow/example_dags/example_branch_labels.py took 0.075 seconds
[2025-07-01T21:52:06.908+0000] {processor.py:186} INFO - Started process (PID=4431) to work on /home/airflow/.local/lib/python3.12/site-packages/airflow/example_dags/example_branch_labels.py
[2025-07-01T21:52:06.909+0000] {processor.py:914} INFO - Processing file /home/airflow/.local/lib/python3.12/site-packages/airflow/example_dags/example_branch_labels.py for tasks to queue
[2025-07-01T21:52:06.911+0000] {logging_mixin.py:190} INFO - [2025-07-01T21:52:06.911+0000] {dagbag.py:588} INFO - Filling up the DagBag from /home/airflow/.local/lib/python3.12/site-packages/airflow/example_dags/example_branch_labels.py
[2025-07-01T21:52:06.919+0000] {processor.py:925} INFO - DAG(s) 'example_branch_labels' retrieved from /home/airflow/.local/lib/python3.12/site-packages/airflow/example_dags/example_branch_labels.py
[2025-07-01T21:52:06.937+0000] {logging_mixin.py:190} INFO - [2025-07-01T21:52:06.936+0000] {dag.py:3239} INFO - Sync 1 DAGs
[2025-07-01T21:52:06.954+0000] {logging_mixin.py:190} INFO - [2025-07-01T21:52:06.954+0000] {dag.py:4180} INFO - Setting next_dagrun for example_branch_labels to 2025-06-30 00:00:00+00:00, run_after=2025-07-01 00:00:00+00:00
[2025-07-01T21:52:06.973+0000] {processor.py:208} INFO - Processing /home/airflow/.local/lib/python3.12/site-packages/airflow/example_dags/example_branch_labels.py took 0.070 seconds
[2025-07-01T21:52:37.210+0000] {processor.py:186} INFO - Started process (PID=4494) to work on /home/airflow/.local/lib/python3.12/site-packages/airflow/example_dags/example_branch_labels.py
[2025-07-01T21:52:37.211+0000] {processor.py:914} INFO - Processing file /home/airflow/.local/lib/python3.12/site-packages/airflow/example_dags/example_branch_labels.py for tasks to queue
[2025-07-01T21:52:37.213+0000] {logging_mixin.py:190} INFO - [2025-07-01T21:52:37.213+0000] {dagbag.py:588} INFO - Filling up the DagBag from /home/airflow/.local/lib/python3.12/site-packages/airflow/example_dags/example_branch_labels.py
[2025-07-01T21:52:37.221+0000] {processor.py:925} INFO - DAG(s) 'example_branch_labels' retrieved from /home/airflow/.local/lib/python3.12/site-packages/airflow/example_dags/example_branch_labels.py
[2025-07-01T21:52:37.238+0000] {logging_mixin.py:190} INFO - [2025-07-01T21:52:37.238+0000] {dag.py:3239} INFO - Sync 1 DAGs
[2025-07-01T21:52:37.256+0000] {logging_mixin.py:190} INFO - [2025-07-01T21:52:37.256+0000] {dag.py:4180} INFO - Setting next_dagrun for example_branch_labels to 2025-06-30 00:00:00+00:00, run_after=2025-07-01 00:00:00+00:00
[2025-07-01T21:52:37.271+0000] {processor.py:208} INFO - Processing /home/airflow/.local/lib/python3.12/site-packages/airflow/example_dags/example_branch_labels.py took 0.067 seconds
[2025-07-01T21:53:07.591+0000] {processor.py:186} INFO - Started process (PID=4557) to work on /home/airflow/.local/lib/python3.12/site-packages/airflow/example_dags/example_branch_labels.py
[2025-07-01T21:53:07.592+0000] {processor.py:914} INFO - Processing file /home/airflow/.local/lib/python3.12/site-packages/airflow/example_dags/example_branch_labels.py for tasks to queue
[2025-07-01T21:53:07.594+0000] {logging_mixin.py:190} INFO - [2025-07-01T21:53:07.594+0000] {dagbag.py:588} INFO - Filling up the DagBag from /home/airflow/.local/lib/python3.12/site-packages/airflow/example_dags/example_branch_labels.py
[2025-07-01T21:53:07.603+0000] {processor.py:925} INFO - DAG(s) 'example_branch_labels' retrieved from /home/airflow/.local/lib/python3.12/site-packages/airflow/example_dags/example_branch_labels.py
[2025-07-01T21:53:07.621+0000] {logging_mixin.py:190} INFO - [2025-07-01T21:53:07.620+0000] {dag.py:3239} INFO - Sync 1 DAGs
[2025-07-01T21:53:07.642+0000] {logging_mixin.py:190} INFO - [2025-07-01T21:53:07.642+0000] {dag.py:4180} INFO - Setting next_dagrun for example_branch_labels to 2025-06-30 00:00:00+00:00, run_after=2025-07-01 00:00:00+00:00
[2025-07-01T21:53:07.663+0000] {processor.py:208} INFO - Processing /home/airflow/.local/lib/python3.12/site-packages/airflow/example_dags/example_branch_labels.py took 0.079 seconds
[2025-07-01T21:53:37.819+0000] {processor.py:186} INFO - Started process (PID=4620) to work on /home/airflow/.local/lib/python3.12/site-packages/airflow/example_dags/example_branch_labels.py
[2025-07-01T21:53:37.820+0000] {processor.py:914} INFO - Processing file /home/airflow/.local/lib/python3.12/site-packages/airflow/example_dags/example_branch_labels.py for tasks to queue
[2025-07-01T21:53:37.822+0000] {logging_mixin.py:190} INFO - [2025-07-01T21:53:37.822+0000] {dagbag.py:588} INFO - Filling up the DagBag from /home/airflow/.local/lib/python3.12/site-packages/airflow/example_dags/example_branch_labels.py
[2025-07-01T21:53:37.830+0000] {processor.py:925} INFO - DAG(s) 'example_branch_labels' retrieved from /home/airflow/.local/lib/python3.12/site-packages/airflow/example_dags/example_branch_labels.py
[2025-07-01T21:53:37.848+0000] {logging_mixin.py:190} INFO - [2025-07-01T21:53:37.848+0000] {dag.py:3239} INFO - Sync 1 DAGs
[2025-07-01T21:53:37.867+0000] {logging_mixin.py:190} INFO - [2025-07-01T21:53:37.867+0000] {dag.py:4180} INFO - Setting next_dagrun for example_branch_labels to 2025-06-30 00:00:00+00:00, run_after=2025-07-01 00:00:00+00:00
[2025-07-01T21:53:37.884+0000] {processor.py:208} INFO - Processing /home/airflow/.local/lib/python3.12/site-packages/airflow/example_dags/example_branch_labels.py took 0.070 seconds
[2025-07-01T21:54:08.205+0000] {processor.py:186} INFO - Started process (PID=4683) to work on /home/airflow/.local/lib/python3.12/site-packages/airflow/example_dags/example_branch_labels.py
[2025-07-01T21:54:08.206+0000] {processor.py:914} INFO - Processing file /home/airflow/.local/lib/python3.12/site-packages/airflow/example_dags/example_branch_labels.py for tasks to queue
[2025-07-01T21:54:08.208+0000] {logging_mixin.py:190} INFO - [2025-07-01T21:54:08.208+0000] {dagbag.py:588} INFO - Filling up the DagBag from /home/airflow/.local/lib/python3.12/site-packages/airflow/example_dags/example_branch_labels.py
[2025-07-01T21:54:08.217+0000] {processor.py:925} INFO - DAG(s) 'example_branch_labels' retrieved from /home/airflow/.local/lib/python3.12/site-packages/airflow/example_dags/example_branch_labels.py
[2025-07-01T21:54:08.235+0000] {logging_mixin.py:190} INFO - [2025-07-01T21:54:08.234+0000] {dag.py:3239} INFO - Sync 1 DAGs
[2025-07-01T21:54:08.253+0000] {logging_mixin.py:190} INFO - [2025-07-01T21:54:08.253+0000] {dag.py:4180} INFO - Setting next_dagrun for example_branch_labels to 2025-06-30 00:00:00+00:00, run_after=2025-07-01 00:00:00+00:00
[2025-07-01T21:54:08.271+0000] {processor.py:208} INFO - Processing /home/airflow/.local/lib/python3.12/site-packages/airflow/example_dags/example_branch_labels.py took 0.071 seconds
[2025-07-01T21:54:38.650+0000] {processor.py:186} INFO - Started process (PID=4745) to work on /home/airflow/.local/lib/python3.12/site-packages/airflow/example_dags/example_branch_labels.py
[2025-07-01T21:54:38.651+0000] {processor.py:914} INFO - Processing file /home/airflow/.local/lib/python3.12/site-packages/airflow/example_dags/example_branch_labels.py for tasks to queue
[2025-07-01T21:54:38.653+0000] {logging_mixin.py:190} INFO - [2025-07-01T21:54:38.652+0000] {dagbag.py:588} INFO - Filling up the DagBag from /home/airflow/.local/lib/python3.12/site-packages/airflow/example_dags/example_branch_labels.py
[2025-07-01T21:54:38.661+0000] {processor.py:925} INFO - DAG(s) 'example_branch_labels' retrieved from /home/airflow/.local/lib/python3.12/site-packages/airflow/example_dags/example_branch_labels.py
[2025-07-01T21:54:38.679+0000] {logging_mixin.py:190} INFO - [2025-07-01T21:54:38.679+0000] {dag.py:3239} INFO - Sync 1 DAGs
[2025-07-01T21:54:38.698+0000] {logging_mixin.py:190} INFO - [2025-07-01T21:54:38.698+0000] {dag.py:4180} INFO - Setting next_dagrun for example_branch_labels to 2025-06-30 00:00:00+00:00, run_after=2025-07-01 00:00:00+00:00
[2025-07-01T21:54:38.716+0000] {processor.py:208} INFO - Processing /home/airflow/.local/lib/python3.12/site-packages/airflow/example_dags/example_branch_labels.py took 0.071 seconds
[2025-07-01T21:55:09.131+0000] {processor.py:186} INFO - Started process (PID=4808) to work on /home/airflow/.local/lib/python3.12/site-packages/airflow/example_dags/example_branch_labels.py
[2025-07-01T21:55:09.132+0000] {processor.py:914} INFO - Processing file /home/airflow/.local/lib/python3.12/site-packages/airflow/example_dags/example_branch_labels.py for tasks to queue
[2025-07-01T21:55:09.135+0000] {logging_mixin.py:190} INFO - [2025-07-01T21:55:09.134+0000] {dagbag.py:588} INFO - Filling up the DagBag from /home/airflow/.local/lib/python3.12/site-packages/airflow/example_dags/example_branch_labels.py
[2025-07-01T21:55:09.144+0000] {processor.py:925} INFO - DAG(s) 'example_branch_labels' retrieved from /home/airflow/.local/lib/python3.12/site-packages/airflow/example_dags/example_branch_labels.py
[2025-07-01T21:55:09.165+0000] {logging_mixin.py:190} INFO - [2025-07-01T21:55:09.165+0000] {dag.py:3239} INFO - Sync 1 DAGs
[2025-07-01T21:55:09.192+0000] {logging_mixin.py:190} INFO - [2025-07-01T21:55:09.191+0000] {dag.py:4180} INFO - Setting next_dagrun for example_branch_labels to 2025-06-30 00:00:00+00:00, run_after=2025-07-01 00:00:00+00:00
[2025-07-01T21:55:09.214+0000] {processor.py:208} INFO - Processing /home/airflow/.local/lib/python3.12/site-packages/airflow/example_dags/example_branch_labels.py took 0.088 seconds
[2025-07-01T21:55:39.398+0000] {processor.py:186} INFO - Started process (PID=4872) to work on /home/airflow/.local/lib/python3.12/site-packages/airflow/example_dags/example_branch_labels.py
[2025-07-01T21:55:39.399+0000] {processor.py:914} INFO - Processing file /home/airflow/.local/lib/python3.12/site-packages/airflow/example_dags/example_branch_labels.py for tasks to queue
[2025-07-01T21:55:39.401+0000] {logging_mixin.py:190} INFO - [2025-07-01T21:55:39.401+0000] {dagbag.py:588} INFO - Filling up the DagBag from /home/airflow/.local/lib/python3.12/site-packages/airflow/example_dags/example_branch_labels.py
[2025-07-01T21:55:39.411+0000] {processor.py:925} INFO - DAG(s) 'example_branch_labels' retrieved from /home/airflow/.local/lib/python3.12/site-packages/airflow/example_dags/example_branch_labels.py
[2025-07-01T21:55:39.430+0000] {logging_mixin.py:190} INFO - [2025-07-01T21:55:39.430+0000] {dag.py:3239} INFO - Sync 1 DAGs
[2025-07-01T21:55:39.452+0000] {logging_mixin.py:190} INFO - [2025-07-01T21:55:39.451+0000] {dag.py:4180} INFO - Setting next_dagrun for example_branch_labels to 2025-06-30 00:00:00+00:00, run_after=2025-07-01 00:00:00+00:00
[2025-07-01T21:55:39.473+0000] {processor.py:208} INFO - Processing /home/airflow/.local/lib/python3.12/site-packages/airflow/example_dags/example_branch_labels.py took 0.080 seconds
[2025-07-01T21:56:09.754+0000] {processor.py:186} INFO - Started process (PID=4935) to work on /home/airflow/.local/lib/python3.12/site-packages/airflow/example_dags/example_branch_labels.py
[2025-07-01T21:56:09.755+0000] {processor.py:914} INFO - Processing file /home/airflow/.local/lib/python3.12/site-packages/airflow/example_dags/example_branch_labels.py for tasks to queue
[2025-07-01T21:56:09.759+0000] {logging_mixin.py:190} INFO - [2025-07-01T21:56:09.759+0000] {dagbag.py:588} INFO - Filling up the DagBag from /home/airflow/.local/lib/python3.12/site-packages/airflow/example_dags/example_branch_labels.py
[2025-07-01T21:56:09.770+0000] {processor.py:925} INFO - DAG(s) 'example_branch_labels' retrieved from /home/airflow/.local/lib/python3.12/site-packages/airflow/example_dags/example_branch_labels.py
[2025-07-01T21:56:09.790+0000] {logging_mixin.py:190} INFO - [2025-07-01T21:56:09.790+0000] {dag.py:3239} INFO - Sync 1 DAGs
[2025-07-01T21:56:09.811+0000] {logging_mixin.py:190} INFO - [2025-07-01T21:56:09.810+0000] {dag.py:4180} INFO - Setting next_dagrun for example_branch_labels to 2025-06-30 00:00:00+00:00, run_after=2025-07-01 00:00:00+00:00
[2025-07-01T21:56:09.828+0000] {processor.py:208} INFO - Processing /home/airflow/.local/lib/python3.12/site-packages/airflow/example_dags/example_branch_labels.py took 0.079 seconds
[2025-07-01T21:56:40.290+0000] {processor.py:186} INFO - Started process (PID=4999) to work on /home/airflow/.local/lib/python3.12/site-packages/airflow/example_dags/example_branch_labels.py
[2025-07-01T21:56:40.291+0000] {processor.py:914} INFO - Processing file /home/airflow/.local/lib/python3.12/site-packages/airflow/example_dags/example_branch_labels.py for tasks to queue
[2025-07-01T21:56:40.293+0000] {logging_mixin.py:190} INFO - [2025-07-01T21:56:40.293+0000] {dagbag.py:588} INFO - Filling up the DagBag from /home/airflow/.local/lib/python3.12/site-packages/airflow/example_dags/example_branch_labels.py
[2025-07-01T21:56:40.302+0000] {processor.py:925} INFO - DAG(s) 'example_branch_labels' retrieved from /home/airflow/.local/lib/python3.12/site-packages/airflow/example_dags/example_branch_labels.py
[2025-07-01T21:56:40.321+0000] {logging_mixin.py:190} INFO - [2025-07-01T21:56:40.321+0000] {dag.py:3239} INFO - Sync 1 DAGs
[2025-07-01T21:56:40.342+0000] {logging_mixin.py:190} INFO - [2025-07-01T21:56:40.342+0000] {dag.py:4180} INFO - Setting next_dagrun for example_branch_labels to 2025-06-30 00:00:00+00:00, run_after=2025-07-01 00:00:00+00:00
[2025-07-01T21:56:40.362+0000] {processor.py:208} INFO - Processing /home/airflow/.local/lib/python3.12/site-packages/airflow/example_dags/example_branch_labels.py took 0.077 seconds
[2025-07-01T21:57:10.520+0000] {processor.py:186} INFO - Started process (PID=5062) to work on /home/airflow/.local/lib/python3.12/site-packages/airflow/example_dags/example_branch_labels.py
[2025-07-01T21:57:10.521+0000] {processor.py:914} INFO - Processing file /home/airflow/.local/lib/python3.12/site-packages/airflow/example_dags/example_branch_labels.py for tasks to queue
[2025-07-01T21:57:10.524+0000] {logging_mixin.py:190} INFO - [2025-07-01T21:57:10.524+0000] {dagbag.py:588} INFO - Filling up the DagBag from /home/airflow/.local/lib/python3.12/site-packages/airflow/example_dags/example_branch_labels.py
[2025-07-01T21:57:10.537+0000] {processor.py:925} INFO - DAG(s) 'example_branch_labels' retrieved from /home/airflow/.local/lib/python3.12/site-packages/airflow/example_dags/example_branch_labels.py
[2025-07-01T21:57:10.564+0000] {logging_mixin.py:190} INFO - [2025-07-01T21:57:10.563+0000] {dag.py:3239} INFO - Sync 1 DAGs
[2025-07-01T21:57:10.596+0000] {logging_mixin.py:190} INFO - [2025-07-01T21:57:10.595+0000] {dag.py:4180} INFO - Setting next_dagrun for example_branch_labels to 2025-06-30 00:00:00+00:00, run_after=2025-07-01 00:00:00+00:00
[2025-07-01T21:57:10.620+0000] {processor.py:208} INFO - Processing /home/airflow/.local/lib/python3.12/site-packages/airflow/example_dags/example_branch_labels.py took 0.107 seconds
[2025-07-01T21:57:41.065+0000] {processor.py:186} INFO - Started process (PID=5126) to work on /home/airflow/.local/lib/python3.12/site-packages/airflow/example_dags/example_branch_labels.py
[2025-07-01T21:57:41.066+0000] {processor.py:914} INFO - Processing file /home/airflow/.local/lib/python3.12/site-packages/airflow/example_dags/example_branch_labels.py for tasks to queue
[2025-07-01T21:57:41.068+0000] {logging_mixin.py:190} INFO - [2025-07-01T21:57:41.068+0000] {dagbag.py:588} INFO - Filling up the DagBag from /home/airflow/.local/lib/python3.12/site-packages/airflow/example_dags/example_branch_labels.py
[2025-07-01T21:57:41.078+0000] {processor.py:925} INFO - DAG(s) 'example_branch_labels' retrieved from /home/airflow/.local/lib/python3.12/site-packages/airflow/example_dags/example_branch_labels.py
[2025-07-01T21:57:41.099+0000] {logging_mixin.py:190} INFO - [2025-07-01T21:57:41.098+0000] {dag.py:3239} INFO - Sync 1 DAGs
[2025-07-01T21:57:41.122+0000] {logging_mixin.py:190} INFO - [2025-07-01T21:57:41.121+0000] {dag.py:4180} INFO - Setting next_dagrun for example_branch_labels to 2025-06-30 00:00:00+00:00, run_after=2025-07-01 00:00:00+00:00
[2025-07-01T21:57:41.141+0000] {processor.py:208} INFO - Processing /home/airflow/.local/lib/python3.12/site-packages/airflow/example_dags/example_branch_labels.py took 0.081 seconds
[2025-07-01T21:58:11.324+0000] {processor.py:186} INFO - Started process (PID=5188) to work on /home/airflow/.local/lib/python3.12/site-packages/airflow/example_dags/example_branch_labels.py
[2025-07-01T21:58:11.325+0000] {processor.py:914} INFO - Processing file /home/airflow/.local/lib/python3.12/site-packages/airflow/example_dags/example_branch_labels.py for tasks to queue
[2025-07-01T21:58:11.330+0000] {logging_mixin.py:190} INFO - [2025-07-01T21:58:11.330+0000] {dagbag.py:588} INFO - Filling up the DagBag from /home/airflow/.local/lib/python3.12/site-packages/airflow/example_dags/example_branch_labels.py
[2025-07-01T21:58:11.339+0000] {processor.py:925} INFO - DAG(s) 'example_branch_labels' retrieved from /home/airflow/.local/lib/python3.12/site-packages/airflow/example_dags/example_branch_labels.py
[2025-07-01T21:58:11.359+0000] {logging_mixin.py:190} INFO - [2025-07-01T21:58:11.359+0000] {dag.py:3239} INFO - Sync 1 DAGs
[2025-07-01T21:58:11.380+0000] {logging_mixin.py:190} INFO - [2025-07-01T21:58:11.380+0000] {dag.py:4180} INFO - Setting next_dagrun for example_branch_labels to 2025-06-30 00:00:00+00:00, run_after=2025-07-01 00:00:00+00:00
[2025-07-01T21:58:11.398+0000] {processor.py:208} INFO - Processing /home/airflow/.local/lib/python3.12/site-packages/airflow/example_dags/example_branch_labels.py took 0.080 seconds
[2025-07-01T21:58:41.687+0000] {processor.py:186} INFO - Started process (PID=5251) to work on /home/airflow/.local/lib/python3.12/site-packages/airflow/example_dags/example_branch_labels.py
[2025-07-01T21:58:41.687+0000] {processor.py:914} INFO - Processing file /home/airflow/.local/lib/python3.12/site-packages/airflow/example_dags/example_branch_labels.py for tasks to queue
[2025-07-01T21:58:41.690+0000] {logging_mixin.py:190} INFO - [2025-07-01T21:58:41.689+0000] {dagbag.py:588} INFO - Filling up the DagBag from /home/airflow/.local/lib/python3.12/site-packages/airflow/example_dags/example_branch_labels.py
[2025-07-01T21:58:41.700+0000] {processor.py:925} INFO - DAG(s) 'example_branch_labels' retrieved from /home/airflow/.local/lib/python3.12/site-packages/airflow/example_dags/example_branch_labels.py
[2025-07-01T21:58:41.723+0000] {logging_mixin.py:190} INFO - [2025-07-01T21:58:41.723+0000] {dag.py:3239} INFO - Sync 1 DAGs
[2025-07-01T21:58:41.745+0000] {logging_mixin.py:190} INFO - [2025-07-01T21:58:41.745+0000] {dag.py:4180} INFO - Setting next_dagrun for example_branch_labels to 2025-06-30 00:00:00+00:00, run_after=2025-07-01 00:00:00+00:00
[2025-07-01T21:58:41.764+0000] {processor.py:208} INFO - Processing /home/airflow/.local/lib/python3.12/site-packages/airflow/example_dags/example_branch_labels.py took 0.083 seconds
[2025-07-01T21:59:12.636+0000] {processor.py:186} INFO - Started process (PID=5315) to work on /home/airflow/.local/lib/python3.12/site-packages/airflow/example_dags/example_branch_labels.py
[2025-07-01T21:59:12.637+0000] {processor.py:914} INFO - Processing file /home/airflow/.local/lib/python3.12/site-packages/airflow/example_dags/example_branch_labels.py for tasks to queue
[2025-07-01T21:59:12.639+0000] {logging_mixin.py:190} INFO - [2025-07-01T21:59:12.639+0000] {dagbag.py:588} INFO - Filling up the DagBag from /home/airflow/.local/lib/python3.12/site-packages/airflow/example_dags/example_branch_labels.py
[2025-07-01T21:59:12.648+0000] {processor.py:925} INFO - DAG(s) 'example_branch_labels' retrieved from /home/airflow/.local/lib/python3.12/site-packages/airflow/example_dags/example_branch_labels.py
[2025-07-01T21:59:12.666+0000] {logging_mixin.py:190} INFO - [2025-07-01T21:59:12.666+0000] {dag.py:3239} INFO - Sync 1 DAGs
[2025-07-01T21:59:12.691+0000] {logging_mixin.py:190} INFO - [2025-07-01T21:59:12.691+0000] {dag.py:4180} INFO - Setting next_dagrun for example_branch_labels to 2025-06-30 00:00:00+00:00, run_after=2025-07-01 00:00:00+00:00
[2025-07-01T21:59:12.707+0000] {processor.py:208} INFO - Processing /home/airflow/.local/lib/python3.12/site-packages/airflow/example_dags/example_branch_labels.py took 0.076 seconds
[2025-07-01T21:59:43.169+0000] {processor.py:186} INFO - Started process (PID=5378) to work on /home/airflow/.local/lib/python3.12/site-packages/airflow/example_dags/example_branch_labels.py
[2025-07-01T21:59:43.170+0000] {processor.py:914} INFO - Processing file /home/airflow/.local/lib/python3.12/site-packages/airflow/example_dags/example_branch_labels.py for tasks to queue
[2025-07-01T21:59:43.173+0000] {logging_mixin.py:190} INFO - [2025-07-01T21:59:43.172+0000] {dagbag.py:588} INFO - Filling up the DagBag from /home/airflow/.local/lib/python3.12/site-packages/airflow/example_dags/example_branch_labels.py
[2025-07-01T21:59:43.181+0000] {processor.py:925} INFO - DAG(s) 'example_branch_labels' retrieved from /home/airflow/.local/lib/python3.12/site-packages/airflow/example_dags/example_branch_labels.py
[2025-07-01T21:59:43.199+0000] {logging_mixin.py:190} INFO - [2025-07-01T21:59:43.199+0000] {dag.py:3239} INFO - Sync 1 DAGs
[2025-07-01T21:59:43.221+0000] {logging_mixin.py:190} INFO - [2025-07-01T21:59:43.221+0000] {dag.py:4180} INFO - Setting next_dagrun for example_branch_labels to 2025-06-30 00:00:00+00:00, run_after=2025-07-01 00:00:00+00:00
[2025-07-01T21:59:43.244+0000] {processor.py:208} INFO - Processing /home/airflow/.local/lib/python3.12/site-packages/airflow/example_dags/example_branch_labels.py took 0.080 seconds
[2025-07-01T22:00:13.786+0000] {processor.py:186} INFO - Started process (PID=5442) to work on /home/airflow/.local/lib/python3.12/site-packages/airflow/example_dags/example_branch_labels.py
[2025-07-01T22:00:13.787+0000] {processor.py:914} INFO - Processing file /home/airflow/.local/lib/python3.12/site-packages/airflow/example_dags/example_branch_labels.py for tasks to queue
[2025-07-01T22:00:13.789+0000] {logging_mixin.py:190} INFO - [2025-07-01T22:00:13.789+0000] {dagbag.py:588} INFO - Filling up the DagBag from /home/airflow/.local/lib/python3.12/site-packages/airflow/example_dags/example_branch_labels.py
[2025-07-01T22:00:13.799+0000] {processor.py:925} INFO - DAG(s) 'example_branch_labels' retrieved from /home/airflow/.local/lib/python3.12/site-packages/airflow/example_dags/example_branch_labels.py
[2025-07-01T22:00:13.816+0000] {logging_mixin.py:190} INFO - [2025-07-01T22:00:13.816+0000] {dag.py:3239} INFO - Sync 1 DAGs
[2025-07-01T22:00:13.836+0000] {logging_mixin.py:190} INFO - [2025-07-01T22:00:13.835+0000] {dag.py:4180} INFO - Setting next_dagrun for example_branch_labels to 2025-06-30 00:00:00+00:00, run_after=2025-07-01 00:00:00+00:00
[2025-07-01T22:00:13.853+0000] {processor.py:208} INFO - Processing /home/airflow/.local/lib/python3.12/site-packages/airflow/example_dags/example_branch_labels.py took 0.073 seconds
[2025-07-01T22:00:44.440+0000] {processor.py:186} INFO - Started process (PID=5505) to work on /home/airflow/.local/lib/python3.12/site-packages/airflow/example_dags/example_branch_labels.py
[2025-07-01T22:00:44.441+0000] {processor.py:914} INFO - Processing file /home/airflow/.local/lib/python3.12/site-packages/airflow/example_dags/example_branch_labels.py for tasks to queue
[2025-07-01T22:00:44.443+0000] {logging_mixin.py:190} INFO - [2025-07-01T22:00:44.443+0000] {dagbag.py:588} INFO - Filling up the DagBag from /home/airflow/.local/lib/python3.12/site-packages/airflow/example_dags/example_branch_labels.py
[2025-07-01T22:00:44.452+0000] {processor.py:925} INFO - DAG(s) 'example_branch_labels' retrieved from /home/airflow/.local/lib/python3.12/site-packages/airflow/example_dags/example_branch_labels.py
[2025-07-01T22:00:44.472+0000] {logging_mixin.py:190} INFO - [2025-07-01T22:00:44.471+0000] {dag.py:3239} INFO - Sync 1 DAGs
[2025-07-01T22:00:44.493+0000] {logging_mixin.py:190} INFO - [2025-07-01T22:00:44.493+0000] {dag.py:4180} INFO - Setting next_dagrun for example_branch_labels to 2025-06-30 00:00:00+00:00, run_after=2025-07-01 00:00:00+00:00
[2025-07-01T22:00:44.512+0000] {processor.py:208} INFO - Processing /home/airflow/.local/lib/python3.12/site-packages/airflow/example_dags/example_branch_labels.py took 0.078 seconds
[2025-07-01T22:01:15.157+0000] {processor.py:186} INFO - Started process (PID=5569) to work on /home/airflow/.local/lib/python3.12/site-packages/airflow/example_dags/example_branch_labels.py
[2025-07-01T22:01:15.158+0000] {processor.py:914} INFO - Processing file /home/airflow/.local/lib/python3.12/site-packages/airflow/example_dags/example_branch_labels.py for tasks to queue
[2025-07-01T22:01:15.161+0000] {logging_mixin.py:190} INFO - [2025-07-01T22:01:15.160+0000] {dagbag.py:588} INFO - Filling up the DagBag from /home/airflow/.local/lib/python3.12/site-packages/airflow/example_dags/example_branch_labels.py
[2025-07-01T22:01:15.169+0000] {processor.py:925} INFO - DAG(s) 'example_branch_labels' retrieved from /home/airflow/.local/lib/python3.12/site-packages/airflow/example_dags/example_branch_labels.py
[2025-07-01T22:01:15.188+0000] {logging_mixin.py:190} INFO - [2025-07-01T22:01:15.188+0000] {dag.py:3239} INFO - Sync 1 DAGs
[2025-07-01T22:01:15.209+0000] {logging_mixin.py:190} INFO - [2025-07-01T22:01:15.209+0000] {dag.py:4180} INFO - Setting next_dagrun for example_branch_labels to 2025-06-30 00:00:00+00:00, run_after=2025-07-01 00:00:00+00:00
[2025-07-01T22:01:15.227+0000] {processor.py:208} INFO - Processing /home/airflow/.local/lib/python3.12/site-packages/airflow/example_dags/example_branch_labels.py took 0.075 seconds
[2025-07-01T22:01:45.976+0000] {processor.py:186} INFO - Started process (PID=5632) to work on /home/airflow/.local/lib/python3.12/site-packages/airflow/example_dags/example_branch_labels.py
[2025-07-01T22:01:45.977+0000] {processor.py:914} INFO - Processing file /home/airflow/.local/lib/python3.12/site-packages/airflow/example_dags/example_branch_labels.py for tasks to queue
[2025-07-01T22:01:45.979+0000] {logging_mixin.py:190} INFO - [2025-07-01T22:01:45.979+0000] {dagbag.py:588} INFO - Filling up the DagBag from /home/airflow/.local/lib/python3.12/site-packages/airflow/example_dags/example_branch_labels.py
[2025-07-01T22:01:45.987+0000] {processor.py:925} INFO - DAG(s) 'example_branch_labels' retrieved from /home/airflow/.local/lib/python3.12/site-packages/airflow/example_dags/example_branch_labels.py
[2025-07-01T22:01:46.009+0000] {logging_mixin.py:190} INFO - [2025-07-01T22:01:46.008+0000] {dag.py:3239} INFO - Sync 1 DAGs
[2025-07-01T22:01:46.031+0000] {logging_mixin.py:190} INFO - [2025-07-01T22:01:46.031+0000] {dag.py:4180} INFO - Setting next_dagrun for example_branch_labels to 2025-06-30 00:00:00+00:00, run_after=2025-07-01 00:00:00+00:00
[2025-07-01T22:01:46.049+0000] {processor.py:208} INFO - Processing /home/airflow/.local/lib/python3.12/site-packages/airflow/example_dags/example_branch_labels.py took 0.079 seconds
[2025-07-01T22:02:16.292+0000] {processor.py:186} INFO - Started process (PID=5695) to work on /home/airflow/.local/lib/python3.12/site-packages/airflow/example_dags/example_branch_labels.py
[2025-07-01T22:02:16.293+0000] {processor.py:914} INFO - Processing file /home/airflow/.local/lib/python3.12/site-packages/airflow/example_dags/example_branch_labels.py for tasks to queue
[2025-07-01T22:02:16.295+0000] {logging_mixin.py:190} INFO - [2025-07-01T22:02:16.295+0000] {dagbag.py:588} INFO - Filling up the DagBag from /home/airflow/.local/lib/python3.12/site-packages/airflow/example_dags/example_branch_labels.py
[2025-07-01T22:02:16.304+0000] {processor.py:925} INFO - DAG(s) 'example_branch_labels' retrieved from /home/airflow/.local/lib/python3.12/site-packages/airflow/example_dags/example_branch_labels.py
[2025-07-01T22:02:16.323+0000] {logging_mixin.py:190} INFO - [2025-07-01T22:02:16.323+0000] {dag.py:3239} INFO - Sync 1 DAGs
[2025-07-01T22:02:16.343+0000] {logging_mixin.py:190} INFO - [2025-07-01T22:02:16.343+0000] {dag.py:4180} INFO - Setting next_dagrun for example_branch_labels to 2025-06-30 00:00:00+00:00, run_after=2025-07-01 00:00:00+00:00
[2025-07-01T22:02:16.361+0000] {processor.py:208} INFO - Processing /home/airflow/.local/lib/python3.12/site-packages/airflow/example_dags/example_branch_labels.py took 0.074 seconds
[2025-07-01T22:02:47.229+0000] {processor.py:186} INFO - Started process (PID=5758) to work on /home/airflow/.local/lib/python3.12/site-packages/airflow/example_dags/example_branch_labels.py
[2025-07-01T22:02:47.230+0000] {processor.py:914} INFO - Processing file /home/airflow/.local/lib/python3.12/site-packages/airflow/example_dags/example_branch_labels.py for tasks to queue
[2025-07-01T22:02:47.233+0000] {logging_mixin.py:190} INFO - [2025-07-01T22:02:47.232+0000] {dagbag.py:588} INFO - Filling up the DagBag from /home/airflow/.local/lib/python3.12/site-packages/airflow/example_dags/example_branch_labels.py
[2025-07-01T22:02:47.242+0000] {processor.py:925} INFO - DAG(s) 'example_branch_labels' retrieved from /home/airflow/.local/lib/python3.12/site-packages/airflow/example_dags/example_branch_labels.py
[2025-07-01T22:02:47.261+0000] {logging_mixin.py:190} INFO - [2025-07-01T22:02:47.260+0000] {dag.py:3239} INFO - Sync 1 DAGs
[2025-07-01T22:02:47.287+0000] {logging_mixin.py:190} INFO - [2025-07-01T22:02:47.287+0000] {dag.py:4180} INFO - Setting next_dagrun for example_branch_labels to 2025-06-30 00:00:00+00:00, run_after=2025-07-01 00:00:00+00:00
[2025-07-01T22:02:47.315+0000] {processor.py:208} INFO - Processing /home/airflow/.local/lib/python3.12/site-packages/airflow/example_dags/example_branch_labels.py took 0.092 seconds
[2025-07-01T22:03:18.053+0000] {processor.py:186} INFO - Started process (PID=5821) to work on /home/airflow/.local/lib/python3.12/site-packages/airflow/example_dags/example_branch_labels.py
[2025-07-01T22:03:18.054+0000] {processor.py:914} INFO - Processing file /home/airflow/.local/lib/python3.12/site-packages/airflow/example_dags/example_branch_labels.py for tasks to queue
[2025-07-01T22:03:18.056+0000] {logging_mixin.py:190} INFO - [2025-07-01T22:03:18.056+0000] {dagbag.py:588} INFO - Filling up the DagBag from /home/airflow/.local/lib/python3.12/site-packages/airflow/example_dags/example_branch_labels.py
[2025-07-01T22:03:18.064+0000] {processor.py:925} INFO - DAG(s) 'example_branch_labels' retrieved from /home/airflow/.local/lib/python3.12/site-packages/airflow/example_dags/example_branch_labels.py
[2025-07-01T22:03:18.082+0000] {logging_mixin.py:190} INFO - [2025-07-01T22:03:18.082+0000] {dag.py:3239} INFO - Sync 1 DAGs
[2025-07-01T22:03:18.101+0000] {logging_mixin.py:190} INFO - [2025-07-01T22:03:18.101+0000] {dag.py:4180} INFO - Setting next_dagrun for example_branch_labels to 2025-06-30 00:00:00+00:00, run_after=2025-07-01 00:00:00+00:00
[2025-07-01T22:03:18.119+0000] {processor.py:208} INFO - Processing /home/airflow/.local/lib/python3.12/site-packages/airflow/example_dags/example_branch_labels.py took 0.072 seconds
[2025-07-01T22:03:50.173+0000] {processor.py:186} INFO - Started process (PID=5884) to work on /home/airflow/.local/lib/python3.12/site-packages/airflow/example_dags/example_branch_labels.py
[2025-07-01T22:03:50.174+0000] {processor.py:914} INFO - Processing file /home/airflow/.local/lib/python3.12/site-packages/airflow/example_dags/example_branch_labels.py for tasks to queue
[2025-07-01T22:03:50.178+0000] {logging_mixin.py:190} INFO - [2025-07-01T22:03:50.177+0000] {dagbag.py:588} INFO - Filling up the DagBag from /home/airflow/.local/lib/python3.12/site-packages/airflow/example_dags/example_branch_labels.py
[2025-07-01T22:03:50.192+0000] {processor.py:925} INFO - DAG(s) 'example_branch_labels' retrieved from /home/airflow/.local/lib/python3.12/site-packages/airflow/example_dags/example_branch_labels.py
[2025-07-01T22:03:50.219+0000] {logging_mixin.py:190} INFO - [2025-07-01T22:03:50.219+0000] {dag.py:3239} INFO - Sync 1 DAGs
[2025-07-01T22:03:50.251+0000] {logging_mixin.py:190} INFO - [2025-07-01T22:03:50.251+0000] {dag.py:4180} INFO - Setting next_dagrun for example_branch_labels to 2025-06-30 00:00:00+00:00, run_after=2025-07-01 00:00:00+00:00
[2025-07-01T22:03:50.275+0000] {processor.py:208} INFO - Processing /home/airflow/.local/lib/python3.12/site-packages/airflow/example_dags/example_branch_labels.py took 0.109 seconds
[2025-07-01T22:04:20.780+0000] {processor.py:186} INFO - Started process (PID=5947) to work on /home/airflow/.local/lib/python3.12/site-packages/airflow/example_dags/example_branch_labels.py
[2025-07-01T22:04:20.781+0000] {processor.py:914} INFO - Processing file /home/airflow/.local/lib/python3.12/site-packages/airflow/example_dags/example_branch_labels.py for tasks to queue
[2025-07-01T22:04:20.784+0000] {logging_mixin.py:190} INFO - [2025-07-01T22:04:20.784+0000] {dagbag.py:588} INFO - Filling up the DagBag from /home/airflow/.local/lib/python3.12/site-packages/airflow/example_dags/example_branch_labels.py
[2025-07-01T22:04:20.795+0000] {processor.py:925} INFO - DAG(s) 'example_branch_labels' retrieved from /home/airflow/.local/lib/python3.12/site-packages/airflow/example_dags/example_branch_labels.py
[2025-07-01T22:04:20.813+0000] {logging_mixin.py:190} INFO - [2025-07-01T22:04:20.813+0000] {dag.py:3239} INFO - Sync 1 DAGs
[2025-07-01T22:04:20.837+0000] {logging_mixin.py:190} INFO - [2025-07-01T22:04:20.837+0000] {dag.py:4180} INFO - Setting next_dagrun for example_branch_labels to 2025-06-30 00:00:00+00:00, run_after=2025-07-01 00:00:00+00:00
[2025-07-01T22:04:20.859+0000] {processor.py:208} INFO - Processing /home/airflow/.local/lib/python3.12/site-packages/airflow/example_dags/example_branch_labels.py took 0.085 seconds
[2025-07-01T22:04:52.077+0000] {processor.py:186} INFO - Started process (PID=6010) to work on /home/airflow/.local/lib/python3.12/site-packages/airflow/example_dags/example_branch_labels.py
[2025-07-01T22:04:52.079+0000] {processor.py:914} INFO - Processing file /home/airflow/.local/lib/python3.12/site-packages/airflow/example_dags/example_branch_labels.py for tasks to queue
[2025-07-01T22:04:52.083+0000] {logging_mixin.py:190} INFO - [2025-07-01T22:04:52.082+0000] {dagbag.py:588} INFO - Filling up the DagBag from /home/airflow/.local/lib/python3.12/site-packages/airflow/example_dags/example_branch_labels.py
[2025-07-01T22:04:52.098+0000] {processor.py:925} INFO - DAG(s) 'example_branch_labels' retrieved from /home/airflow/.local/lib/python3.12/site-packages/airflow/example_dags/example_branch_labels.py
[2025-07-01T22:04:52.124+0000] {logging_mixin.py:190} INFO - [2025-07-01T22:04:52.124+0000] {dag.py:3239} INFO - Sync 1 DAGs
[2025-07-01T22:04:52.151+0000] {logging_mixin.py:190} INFO - [2025-07-01T22:04:52.151+0000] {dag.py:4180} INFO - Setting next_dagrun for example_branch_labels to 2025-06-30 00:00:00+00:00, run_after=2025-07-01 00:00:00+00:00
[2025-07-01T22:04:52.174+0000] {processor.py:208} INFO - Processing /home/airflow/.local/lib/python3.12/site-packages/airflow/example_dags/example_branch_labels.py took 0.105 seconds
[2025-07-01T22:05:22.546+0000] {processor.py:186} INFO - Started process (PID=6073) to work on /home/airflow/.local/lib/python3.12/site-packages/airflow/example_dags/example_branch_labels.py
[2025-07-01T22:05:22.547+0000] {processor.py:914} INFO - Processing file /home/airflow/.local/lib/python3.12/site-packages/airflow/example_dags/example_branch_labels.py for tasks to queue
[2025-07-01T22:05:22.549+0000] {logging_mixin.py:190} INFO - [2025-07-01T22:05:22.549+0000] {dagbag.py:588} INFO - Filling up the DagBag from /home/airflow/.local/lib/python3.12/site-packages/airflow/example_dags/example_branch_labels.py
[2025-07-01T22:05:22.558+0000] {processor.py:925} INFO - DAG(s) 'example_branch_labels' retrieved from /home/airflow/.local/lib/python3.12/site-packages/airflow/example_dags/example_branch_labels.py
[2025-07-01T22:05:22.577+0000] {logging_mixin.py:190} INFO - [2025-07-01T22:05:22.576+0000] {dag.py:3239} INFO - Sync 1 DAGs
[2025-07-01T22:05:22.597+0000] {logging_mixin.py:190} INFO - [2025-07-01T22:05:22.596+0000] {dag.py:4180} INFO - Setting next_dagrun for example_branch_labels to 2025-06-30 00:00:00+00:00, run_after=2025-07-01 00:00:00+00:00
[2025-07-01T22:05:22.614+0000] {processor.py:208} INFO - Processing /home/airflow/.local/lib/python3.12/site-packages/airflow/example_dags/example_branch_labels.py took 0.073 seconds
[2025-07-01T22:05:52.877+0000] {processor.py:186} INFO - Started process (PID=6136) to work on /home/airflow/.local/lib/python3.12/site-packages/airflow/example_dags/example_branch_labels.py
[2025-07-01T22:05:52.878+0000] {processor.py:914} INFO - Processing file /home/airflow/.local/lib/python3.12/site-packages/airflow/example_dags/example_branch_labels.py for tasks to queue
[2025-07-01T22:05:52.880+0000] {logging_mixin.py:190} INFO - [2025-07-01T22:05:52.880+0000] {dagbag.py:588} INFO - Filling up the DagBag from /home/airflow/.local/lib/python3.12/site-packages/airflow/example_dags/example_branch_labels.py
[2025-07-01T22:05:52.890+0000] {processor.py:925} INFO - DAG(s) 'example_branch_labels' retrieved from /home/airflow/.local/lib/python3.12/site-packages/airflow/example_dags/example_branch_labels.py
[2025-07-01T22:05:52.910+0000] {logging_mixin.py:190} INFO - [2025-07-01T22:05:52.909+0000] {dag.py:3239} INFO - Sync 1 DAGs
[2025-07-01T22:05:52.931+0000] {logging_mixin.py:190} INFO - [2025-07-01T22:05:52.931+0000] {dag.py:4180} INFO - Setting next_dagrun for example_branch_labels to 2025-06-30 00:00:00+00:00, run_after=2025-07-01 00:00:00+00:00
[2025-07-01T22:05:52.950+0000] {processor.py:208} INFO - Processing /home/airflow/.local/lib/python3.12/site-packages/airflow/example_dags/example_branch_labels.py took 0.079 seconds
[2025-07-01T22:06:23.627+0000] {processor.py:186} INFO - Started process (PID=6199) to work on /home/airflow/.local/lib/python3.12/site-packages/airflow/example_dags/example_branch_labels.py
[2025-07-01T22:06:23.629+0000] {processor.py:914} INFO - Processing file /home/airflow/.local/lib/python3.12/site-packages/airflow/example_dags/example_branch_labels.py for tasks to queue
[2025-07-01T22:06:23.631+0000] {logging_mixin.py:190} INFO - [2025-07-01T22:06:23.631+0000] {dagbag.py:588} INFO - Filling up the DagBag from /home/airflow/.local/lib/python3.12/site-packages/airflow/example_dags/example_branch_labels.py
[2025-07-01T22:06:23.641+0000] {processor.py:925} INFO - DAG(s) 'example_branch_labels' retrieved from /home/airflow/.local/lib/python3.12/site-packages/airflow/example_dags/example_branch_labels.py
[2025-07-01T22:06:23.661+0000] {logging_mixin.py:190} INFO - [2025-07-01T22:06:23.660+0000] {dag.py:3239} INFO - Sync 1 DAGs
[2025-07-01T22:06:23.683+0000] {logging_mixin.py:190} INFO - [2025-07-01T22:06:23.683+0000] {dag.py:4180} INFO - Setting next_dagrun for example_branch_labels to 2025-06-30 00:00:00+00:00, run_after=2025-07-01 00:00:00+00:00
[2025-07-01T22:06:23.709+0000] {processor.py:208} INFO - Processing /home/airflow/.local/lib/python3.12/site-packages/airflow/example_dags/example_branch_labels.py took 0.088 seconds
[2025-07-01T22:06:54.395+0000] {processor.py:186} INFO - Started process (PID=6268) to work on /home/airflow/.local/lib/python3.12/site-packages/airflow/example_dags/example_branch_labels.py
[2025-07-01T22:06:54.396+0000] {processor.py:914} INFO - Processing file /home/airflow/.local/lib/python3.12/site-packages/airflow/example_dags/example_branch_labels.py for tasks to queue
[2025-07-01T22:06:54.399+0000] {logging_mixin.py:190} INFO - [2025-07-01T22:06:54.399+0000] {dagbag.py:588} INFO - Filling up the DagBag from /home/airflow/.local/lib/python3.12/site-packages/airflow/example_dags/example_branch_labels.py
[2025-07-01T22:06:54.409+0000] {processor.py:925} INFO - DAG(s) 'example_branch_labels' retrieved from /home/airflow/.local/lib/python3.12/site-packages/airflow/example_dags/example_branch_labels.py
[2025-07-01T22:06:54.429+0000] {logging_mixin.py:190} INFO - [2025-07-01T22:06:54.428+0000] {dag.py:3239} INFO - Sync 1 DAGs
[2025-07-01T22:06:54.450+0000] {logging_mixin.py:190} INFO - [2025-07-01T22:06:54.450+0000] {dag.py:4180} INFO - Setting next_dagrun for example_branch_labels to 2025-06-30 00:00:00+00:00, run_after=2025-07-01 00:00:00+00:00
[2025-07-01T22:06:54.468+0000] {processor.py:208} INFO - Processing /home/airflow/.local/lib/python3.12/site-packages/airflow/example_dags/example_branch_labels.py took 0.079 seconds
[2025-07-01T22:07:24.972+0000] {processor.py:186} INFO - Started process (PID=6331) to work on /home/airflow/.local/lib/python3.12/site-packages/airflow/example_dags/example_branch_labels.py
[2025-07-01T22:07:24.973+0000] {processor.py:914} INFO - Processing file /home/airflow/.local/lib/python3.12/site-packages/airflow/example_dags/example_branch_labels.py for tasks to queue
[2025-07-01T22:07:24.976+0000] {logging_mixin.py:190} INFO - [2025-07-01T22:07:24.976+0000] {dagbag.py:588} INFO - Filling up the DagBag from /home/airflow/.local/lib/python3.12/site-packages/airflow/example_dags/example_branch_labels.py
[2025-07-01T22:07:24.988+0000] {processor.py:925} INFO - DAG(s) 'example_branch_labels' retrieved from /home/airflow/.local/lib/python3.12/site-packages/airflow/example_dags/example_branch_labels.py
[2025-07-01T22:07:25.010+0000] {logging_mixin.py:190} INFO - [2025-07-01T22:07:25.010+0000] {dag.py:3239} INFO - Sync 1 DAGs
[2025-07-01T22:07:25.033+0000] {logging_mixin.py:190} INFO - [2025-07-01T22:07:25.032+0000] {dag.py:4180} INFO - Setting next_dagrun for example_branch_labels to 2025-06-30 00:00:00+00:00, run_after=2025-07-01 00:00:00+00:00
[2025-07-01T22:07:25.050+0000] {processor.py:208} INFO - Processing /home/airflow/.local/lib/python3.12/site-packages/airflow/example_dags/example_branch_labels.py took 0.086 seconds
[2025-07-01T22:07:55.851+0000] {processor.py:186} INFO - Started process (PID=6394) to work on /home/airflow/.local/lib/python3.12/site-packages/airflow/example_dags/example_branch_labels.py
[2025-07-01T22:07:55.852+0000] {processor.py:914} INFO - Processing file /home/airflow/.local/lib/python3.12/site-packages/airflow/example_dags/example_branch_labels.py for tasks to queue
[2025-07-01T22:07:55.854+0000] {logging_mixin.py:190} INFO - [2025-07-01T22:07:55.854+0000] {dagbag.py:588} INFO - Filling up the DagBag from /home/airflow/.local/lib/python3.12/site-packages/airflow/example_dags/example_branch_labels.py
[2025-07-01T22:07:55.863+0000] {processor.py:925} INFO - DAG(s) 'example_branch_labels' retrieved from /home/airflow/.local/lib/python3.12/site-packages/airflow/example_dags/example_branch_labels.py
[2025-07-01T22:07:55.882+0000] {logging_mixin.py:190} INFO - [2025-07-01T22:07:55.882+0000] {dag.py:3239} INFO - Sync 1 DAGs
[2025-07-01T22:07:55.904+0000] {logging_mixin.py:190} INFO - [2025-07-01T22:07:55.904+0000] {dag.py:4180} INFO - Setting next_dagrun for example_branch_labels to 2025-06-30 00:00:00+00:00, run_after=2025-07-01 00:00:00+00:00
[2025-07-01T22:07:55.924+0000] {processor.py:208} INFO - Processing /home/airflow/.local/lib/python3.12/site-packages/airflow/example_dags/example_branch_labels.py took 0.078 seconds
[2025-07-01T22:08:26.609+0000] {processor.py:186} INFO - Started process (PID=6457) to work on /home/airflow/.local/lib/python3.12/site-packages/airflow/example_dags/example_branch_labels.py
[2025-07-01T22:08:26.610+0000] {processor.py:914} INFO - Processing file /home/airflow/.local/lib/python3.12/site-packages/airflow/example_dags/example_branch_labels.py for tasks to queue
[2025-07-01T22:08:26.612+0000] {logging_mixin.py:190} INFO - [2025-07-01T22:08:26.612+0000] {dagbag.py:588} INFO - Filling up the DagBag from /home/airflow/.local/lib/python3.12/site-packages/airflow/example_dags/example_branch_labels.py
[2025-07-01T22:08:26.621+0000] {processor.py:925} INFO - DAG(s) 'example_branch_labels' retrieved from /home/airflow/.local/lib/python3.12/site-packages/airflow/example_dags/example_branch_labels.py
[2025-07-01T22:08:26.641+0000] {logging_mixin.py:190} INFO - [2025-07-01T22:08:26.641+0000] {dag.py:3239} INFO - Sync 1 DAGs
[2025-07-01T22:08:26.661+0000] {logging_mixin.py:190} INFO - [2025-07-01T22:08:26.660+0000] {dag.py:4180} INFO - Setting next_dagrun for example_branch_labels to 2025-06-30 00:00:00+00:00, run_after=2025-07-01 00:00:00+00:00
[2025-07-01T22:08:26.689+0000] {processor.py:208} INFO - Processing /home/airflow/.local/lib/python3.12/site-packages/airflow/example_dags/example_branch_labels.py took 0.085 seconds
[2025-07-01T22:08:57.228+0000] {processor.py:186} INFO - Started process (PID=6520) to work on /home/airflow/.local/lib/python3.12/site-packages/airflow/example_dags/example_branch_labels.py
[2025-07-01T22:08:57.229+0000] {processor.py:914} INFO - Processing file /home/airflow/.local/lib/python3.12/site-packages/airflow/example_dags/example_branch_labels.py for tasks to queue
[2025-07-01T22:08:57.232+0000] {logging_mixin.py:190} INFO - [2025-07-01T22:08:57.231+0000] {dagbag.py:588} INFO - Filling up the DagBag from /home/airflow/.local/lib/python3.12/site-packages/airflow/example_dags/example_branch_labels.py
[2025-07-01T22:08:57.241+0000] {processor.py:925} INFO - DAG(s) 'example_branch_labels' retrieved from /home/airflow/.local/lib/python3.12/site-packages/airflow/example_dags/example_branch_labels.py
[2025-07-01T22:08:57.260+0000] {logging_mixin.py:190} INFO - [2025-07-01T22:08:57.260+0000] {dag.py:3239} INFO - Sync 1 DAGs
[2025-07-01T22:08:57.280+0000] {logging_mixin.py:190} INFO - [2025-07-01T22:08:57.280+0000] {dag.py:4180} INFO - Setting next_dagrun for example_branch_labels to 2025-06-30 00:00:00+00:00, run_after=2025-07-01 00:00:00+00:00
[2025-07-01T22:08:57.299+0000] {processor.py:208} INFO - Processing /home/airflow/.local/lib/python3.12/site-packages/airflow/example_dags/example_branch_labels.py took 0.077 seconds
[2025-07-01T22:09:27.807+0000] {processor.py:186} INFO - Started process (PID=6583) to work on /home/airflow/.local/lib/python3.12/site-packages/airflow/example_dags/example_branch_labels.py
[2025-07-01T22:09:27.809+0000] {processor.py:914} INFO - Processing file /home/airflow/.local/lib/python3.12/site-packages/airflow/example_dags/example_branch_labels.py for tasks to queue
[2025-07-01T22:09:27.811+0000] {logging_mixin.py:190} INFO - [2025-07-01T22:09:27.811+0000] {dagbag.py:588} INFO - Filling up the DagBag from /home/airflow/.local/lib/python3.12/site-packages/airflow/example_dags/example_branch_labels.py
[2025-07-01T22:09:27.819+0000] {processor.py:925} INFO - DAG(s) 'example_branch_labels' retrieved from /home/airflow/.local/lib/python3.12/site-packages/airflow/example_dags/example_branch_labels.py
[2025-07-01T22:09:27.838+0000] {logging_mixin.py:190} INFO - [2025-07-01T22:09:27.838+0000] {dag.py:3239} INFO - Sync 1 DAGs
[2025-07-01T22:09:27.858+0000] {logging_mixin.py:190} INFO - [2025-07-01T22:09:27.858+0000] {dag.py:4180} INFO - Setting next_dagrun for example_branch_labels to 2025-06-30 00:00:00+00:00, run_after=2025-07-01 00:00:00+00:00
[2025-07-01T22:09:27.877+0000] {processor.py:208} INFO - Processing /home/airflow/.local/lib/python3.12/site-packages/airflow/example_dags/example_branch_labels.py took 0.075 seconds
[2025-07-01T22:09:58.389+0000] {processor.py:186} INFO - Started process (PID=6646) to work on /home/airflow/.local/lib/python3.12/site-packages/airflow/example_dags/example_branch_labels.py
[2025-07-01T22:09:58.391+0000] {processor.py:914} INFO - Processing file /home/airflow/.local/lib/python3.12/site-packages/airflow/example_dags/example_branch_labels.py for tasks to queue
[2025-07-01T22:09:58.396+0000] {logging_mixin.py:190} INFO - [2025-07-01T22:09:58.395+0000] {dagbag.py:588} INFO - Filling up the DagBag from /home/airflow/.local/lib/python3.12/site-packages/airflow/example_dags/example_branch_labels.py
[2025-07-01T22:09:58.423+0000] {processor.py:925} INFO - DAG(s) 'example_branch_labels' retrieved from /home/airflow/.local/lib/python3.12/site-packages/airflow/example_dags/example_branch_labels.py
[2025-07-01T22:09:58.459+0000] {logging_mixin.py:190} INFO - [2025-07-01T22:09:58.459+0000] {dag.py:3239} INFO - Sync 1 DAGs
[2025-07-01T22:09:58.515+0000] {logging_mixin.py:190} INFO - [2025-07-01T22:09:58.514+0000] {dag.py:4180} INFO - Setting next_dagrun for example_branch_labels to 2025-06-30 00:00:00+00:00, run_after=2025-07-01 00:00:00+00:00
[2025-07-01T22:09:58.549+0000] {processor.py:208} INFO - Processing /home/airflow/.local/lib/python3.12/site-packages/airflow/example_dags/example_branch_labels.py took 0.171 seconds
[2025-07-01T22:10:28.707+0000] {processor.py:186} INFO - Started process (PID=6709) to work on /home/airflow/.local/lib/python3.12/site-packages/airflow/example_dags/example_branch_labels.py
[2025-07-01T22:10:28.708+0000] {processor.py:914} INFO - Processing file /home/airflow/.local/lib/python3.12/site-packages/airflow/example_dags/example_branch_labels.py for tasks to queue
[2025-07-01T22:10:28.711+0000] {logging_mixin.py:190} INFO - [2025-07-01T22:10:28.710+0000] {dagbag.py:588} INFO - Filling up the DagBag from /home/airflow/.local/lib/python3.12/site-packages/airflow/example_dags/example_branch_labels.py
[2025-07-01T22:10:28.721+0000] {processor.py:925} INFO - DAG(s) 'example_branch_labels' retrieved from /home/airflow/.local/lib/python3.12/site-packages/airflow/example_dags/example_branch_labels.py
[2025-07-01T22:10:28.741+0000] {logging_mixin.py:190} INFO - [2025-07-01T22:10:28.741+0000] {dag.py:3239} INFO - Sync 1 DAGs
[2025-07-01T22:10:28.761+0000] {logging_mixin.py:190} INFO - [2025-07-01T22:10:28.761+0000] {dag.py:4180} INFO - Setting next_dagrun for example_branch_labels to 2025-06-30 00:00:00+00:00, run_after=2025-07-01 00:00:00+00:00
[2025-07-01T22:10:28.778+0000] {processor.py:208} INFO - Processing /home/airflow/.local/lib/python3.12/site-packages/airflow/example_dags/example_branch_labels.py took 0.078 seconds
[2025-07-01T22:10:59.316+0000] {processor.py:186} INFO - Started process (PID=6772) to work on /home/airflow/.local/lib/python3.12/site-packages/airflow/example_dags/example_branch_labels.py
[2025-07-01T22:10:59.317+0000] {processor.py:914} INFO - Processing file /home/airflow/.local/lib/python3.12/site-packages/airflow/example_dags/example_branch_labels.py for tasks to queue
[2025-07-01T22:10:59.320+0000] {logging_mixin.py:190} INFO - [2025-07-01T22:10:59.319+0000] {dagbag.py:588} INFO - Filling up the DagBag from /home/airflow/.local/lib/python3.12/site-packages/airflow/example_dags/example_branch_labels.py
[2025-07-01T22:10:59.329+0000] {processor.py:925} INFO - DAG(s) 'example_branch_labels' retrieved from /home/airflow/.local/lib/python3.12/site-packages/airflow/example_dags/example_branch_labels.py
[2025-07-01T22:10:59.350+0000] {logging_mixin.py:190} INFO - [2025-07-01T22:10:59.350+0000] {dag.py:3239} INFO - Sync 1 DAGs
[2025-07-01T22:10:59.378+0000] {logging_mixin.py:190} INFO - [2025-07-01T22:10:59.378+0000] {dag.py:4180} INFO - Setting next_dagrun for example_branch_labels to 2025-06-30 00:00:00+00:00, run_after=2025-07-01 00:00:00+00:00
[2025-07-01T22:10:59.395+0000] {processor.py:208} INFO - Processing /home/airflow/.local/lib/python3.12/site-packages/airflow/example_dags/example_branch_labels.py took 0.085 seconds
[2025-07-01T22:11:29.899+0000] {processor.py:186} INFO - Started process (PID=6835) to work on /home/airflow/.local/lib/python3.12/site-packages/airflow/example_dags/example_branch_labels.py
[2025-07-01T22:11:29.900+0000] {processor.py:914} INFO - Processing file /home/airflow/.local/lib/python3.12/site-packages/airflow/example_dags/example_branch_labels.py for tasks to queue
[2025-07-01T22:11:29.902+0000] {logging_mixin.py:190} INFO - [2025-07-01T22:11:29.902+0000] {dagbag.py:588} INFO - Filling up the DagBag from /home/airflow/.local/lib/python3.12/site-packages/airflow/example_dags/example_branch_labels.py
[2025-07-01T22:11:29.912+0000] {processor.py:925} INFO - DAG(s) 'example_branch_labels' retrieved from /home/airflow/.local/lib/python3.12/site-packages/airflow/example_dags/example_branch_labels.py
[2025-07-01T22:11:29.932+0000] {logging_mixin.py:190} INFO - [2025-07-01T22:11:29.932+0000] {dag.py:3239} INFO - Sync 1 DAGs
[2025-07-01T22:11:29.953+0000] {logging_mixin.py:190} INFO - [2025-07-01T22:11:29.952+0000] {dag.py:4180} INFO - Setting next_dagrun for example_branch_labels to 2025-06-30 00:00:00+00:00, run_after=2025-07-01 00:00:00+00:00
[2025-07-01T22:11:29.972+0000] {processor.py:208} INFO - Processing /home/airflow/.local/lib/python3.12/site-packages/airflow/example_dags/example_branch_labels.py took 0.079 seconds
[2025-07-01T22:12:00.764+0000] {processor.py:186} INFO - Started process (PID=6898) to work on /home/airflow/.local/lib/python3.12/site-packages/airflow/example_dags/example_branch_labels.py
[2025-07-01T22:12:00.765+0000] {processor.py:914} INFO - Processing file /home/airflow/.local/lib/python3.12/site-packages/airflow/example_dags/example_branch_labels.py for tasks to queue
[2025-07-01T22:12:00.768+0000] {logging_mixin.py:190} INFO - [2025-07-01T22:12:00.767+0000] {dagbag.py:588} INFO - Filling up the DagBag from /home/airflow/.local/lib/python3.12/site-packages/airflow/example_dags/example_branch_labels.py
[2025-07-01T22:12:00.778+0000] {processor.py:925} INFO - DAG(s) 'example_branch_labels' retrieved from /home/airflow/.local/lib/python3.12/site-packages/airflow/example_dags/example_branch_labels.py
[2025-07-01T22:12:00.801+0000] {logging_mixin.py:190} INFO - [2025-07-01T22:12:00.800+0000] {dag.py:3239} INFO - Sync 1 DAGs
[2025-07-01T22:12:00.823+0000] {logging_mixin.py:190} INFO - [2025-07-01T22:12:00.823+0000] {dag.py:4180} INFO - Setting next_dagrun for example_branch_labels to 2025-06-30 00:00:00+00:00, run_after=2025-07-01 00:00:00+00:00
[2025-07-01T22:12:00.842+0000] {processor.py:208} INFO - Processing /home/airflow/.local/lib/python3.12/site-packages/airflow/example_dags/example_branch_labels.py took 0.084 seconds
[2025-07-01T22:12:31.534+0000] {processor.py:186} INFO - Started process (PID=6961) to work on /home/airflow/.local/lib/python3.12/site-packages/airflow/example_dags/example_branch_labels.py
[2025-07-01T22:12:31.535+0000] {processor.py:914} INFO - Processing file /home/airflow/.local/lib/python3.12/site-packages/airflow/example_dags/example_branch_labels.py for tasks to queue
[2025-07-01T22:12:31.538+0000] {logging_mixin.py:190} INFO - [2025-07-01T22:12:31.538+0000] {dagbag.py:588} INFO - Filling up the DagBag from /home/airflow/.local/lib/python3.12/site-packages/airflow/example_dags/example_branch_labels.py
[2025-07-01T22:12:31.547+0000] {processor.py:925} INFO - DAG(s) 'example_branch_labels' retrieved from /home/airflow/.local/lib/python3.12/site-packages/airflow/example_dags/example_branch_labels.py
[2025-07-01T22:12:31.565+0000] {logging_mixin.py:190} INFO - [2025-07-01T22:12:31.565+0000] {dag.py:3239} INFO - Sync 1 DAGs
[2025-07-01T22:12:31.585+0000] {logging_mixin.py:190} INFO - [2025-07-01T22:12:31.584+0000] {dag.py:4180} INFO - Setting next_dagrun for example_branch_labels to 2025-06-30 00:00:00+00:00, run_after=2025-07-01 00:00:00+00:00
[2025-07-01T22:12:31.603+0000] {processor.py:208} INFO - Processing /home/airflow/.local/lib/python3.12/site-packages/airflow/example_dags/example_branch_labels.py took 0.074 seconds
[2025-07-01T22:13:02.269+0000] {processor.py:186} INFO - Started process (PID=7025) to work on /home/airflow/.local/lib/python3.12/site-packages/airflow/example_dags/example_branch_labels.py
[2025-07-01T22:13:02.271+0000] {processor.py:914} INFO - Processing file /home/airflow/.local/lib/python3.12/site-packages/airflow/example_dags/example_branch_labels.py for tasks to queue
[2025-07-01T22:13:02.274+0000] {logging_mixin.py:190} INFO - [2025-07-01T22:13:02.273+0000] {dagbag.py:588} INFO - Filling up the DagBag from /home/airflow/.local/lib/python3.12/site-packages/airflow/example_dags/example_branch_labels.py
[2025-07-01T22:13:02.285+0000] {processor.py:925} INFO - DAG(s) 'example_branch_labels' retrieved from /home/airflow/.local/lib/python3.12/site-packages/airflow/example_dags/example_branch_labels.py
[2025-07-01T22:13:02.303+0000] {logging_mixin.py:190} INFO - [2025-07-01T22:13:02.303+0000] {dag.py:3239} INFO - Sync 1 DAGs
[2025-07-01T22:13:02.327+0000] {logging_mixin.py:190} INFO - [2025-07-01T22:13:02.326+0000] {dag.py:4180} INFO - Setting next_dagrun for example_branch_labels to 2025-06-30 00:00:00+00:00, run_after=2025-07-01 00:00:00+00:00
[2025-07-01T22:13:02.347+0000] {processor.py:208} INFO - Processing /home/airflow/.local/lib/python3.12/site-packages/airflow/example_dags/example_branch_labels.py took 0.085 seconds
[2025-07-01T22:13:33.241+0000] {processor.py:186} INFO - Started process (PID=7088) to work on /home/airflow/.local/lib/python3.12/site-packages/airflow/example_dags/example_branch_labels.py
[2025-07-01T22:13:33.242+0000] {processor.py:914} INFO - Processing file /home/airflow/.local/lib/python3.12/site-packages/airflow/example_dags/example_branch_labels.py for tasks to queue
[2025-07-01T22:13:33.248+0000] {logging_mixin.py:190} INFO - [2025-07-01T22:13:33.247+0000] {dagbag.py:588} INFO - Filling up the DagBag from /home/airflow/.local/lib/python3.12/site-packages/airflow/example_dags/example_branch_labels.py
[2025-07-01T22:13:33.258+0000] {processor.py:925} INFO - DAG(s) 'example_branch_labels' retrieved from /home/airflow/.local/lib/python3.12/site-packages/airflow/example_dags/example_branch_labels.py
[2025-07-01T22:13:33.282+0000] {logging_mixin.py:190} INFO - [2025-07-01T22:13:33.281+0000] {dag.py:3239} INFO - Sync 1 DAGs
[2025-07-01T22:13:33.311+0000] {logging_mixin.py:190} INFO - [2025-07-01T22:13:33.311+0000] {dag.py:4180} INFO - Setting next_dagrun for example_branch_labels to 2025-06-30 00:00:00+00:00, run_after=2025-07-01 00:00:00+00:00
[2025-07-01T22:13:33.334+0000] {processor.py:208} INFO - Processing /home/airflow/.local/lib/python3.12/site-packages/airflow/example_dags/example_branch_labels.py took 0.100 seconds
[2025-07-01T22:14:04.045+0000] {processor.py:186} INFO - Started process (PID=7151) to work on /home/airflow/.local/lib/python3.12/site-packages/airflow/example_dags/example_branch_labels.py
[2025-07-01T22:14:04.046+0000] {processor.py:914} INFO - Processing file /home/airflow/.local/lib/python3.12/site-packages/airflow/example_dags/example_branch_labels.py for tasks to queue
[2025-07-01T22:14:04.049+0000] {logging_mixin.py:190} INFO - [2025-07-01T22:14:04.049+0000] {dagbag.py:588} INFO - Filling up the DagBag from /home/airflow/.local/lib/python3.12/site-packages/airflow/example_dags/example_branch_labels.py
[2025-07-01T22:14:04.059+0000] {processor.py:925} INFO - DAG(s) 'example_branch_labels' retrieved from /home/airflow/.local/lib/python3.12/site-packages/airflow/example_dags/example_branch_labels.py
[2025-07-01T22:14:04.079+0000] {logging_mixin.py:190} INFO - [2025-07-01T22:14:04.079+0000] {dag.py:3239} INFO - Sync 1 DAGs
[2025-07-01T22:14:04.100+0000] {logging_mixin.py:190} INFO - [2025-07-01T22:14:04.099+0000] {dag.py:4180} INFO - Setting next_dagrun for example_branch_labels to 2025-06-30 00:00:00+00:00, run_after=2025-07-01 00:00:00+00:00
[2025-07-01T22:14:04.120+0000] {processor.py:208} INFO - Processing /home/airflow/.local/lib/python3.12/site-packages/airflow/example_dags/example_branch_labels.py took 0.081 seconds
[2025-07-01T22:14:34.413+0000] {processor.py:186} INFO - Started process (PID=7214) to work on /home/airflow/.local/lib/python3.12/site-packages/airflow/example_dags/example_branch_labels.py
[2025-07-01T22:14:34.414+0000] {processor.py:914} INFO - Processing file /home/airflow/.local/lib/python3.12/site-packages/airflow/example_dags/example_branch_labels.py for tasks to queue
[2025-07-01T22:14:34.417+0000] {logging_mixin.py:190} INFO - [2025-07-01T22:14:34.416+0000] {dagbag.py:588} INFO - Filling up the DagBag from /home/airflow/.local/lib/python3.12/site-packages/airflow/example_dags/example_branch_labels.py
[2025-07-01T22:14:34.426+0000] {processor.py:925} INFO - DAG(s) 'example_branch_labels' retrieved from /home/airflow/.local/lib/python3.12/site-packages/airflow/example_dags/example_branch_labels.py
[2025-07-01T22:14:34.444+0000] {logging_mixin.py:190} INFO - [2025-07-01T22:14:34.444+0000] {dag.py:3239} INFO - Sync 1 DAGs
[2025-07-01T22:14:34.464+0000] {logging_mixin.py:190} INFO - [2025-07-01T22:14:34.464+0000] {dag.py:4180} INFO - Setting next_dagrun for example_branch_labels to 2025-06-30 00:00:00+00:00, run_after=2025-07-01 00:00:00+00:00
[2025-07-01T22:14:34.481+0000] {processor.py:208} INFO - Processing /home/airflow/.local/lib/python3.12/site-packages/airflow/example_dags/example_branch_labels.py took 0.074 seconds
[2025-07-01T22:15:04.777+0000] {processor.py:186} INFO - Started process (PID=7277) to work on /home/airflow/.local/lib/python3.12/site-packages/airflow/example_dags/example_branch_labels.py
[2025-07-01T22:15:04.778+0000] {processor.py:914} INFO - Processing file /home/airflow/.local/lib/python3.12/site-packages/airflow/example_dags/example_branch_labels.py for tasks to queue
[2025-07-01T22:15:04.780+0000] {logging_mixin.py:190} INFO - [2025-07-01T22:15:04.780+0000] {dagbag.py:588} INFO - Filling up the DagBag from /home/airflow/.local/lib/python3.12/site-packages/airflow/example_dags/example_branch_labels.py
[2025-07-01T22:15:04.790+0000] {processor.py:925} INFO - DAG(s) 'example_branch_labels' retrieved from /home/airflow/.local/lib/python3.12/site-packages/airflow/example_dags/example_branch_labels.py
[2025-07-01T22:15:04.808+0000] {logging_mixin.py:190} INFO - [2025-07-01T22:15:04.808+0000] {dag.py:3239} INFO - Sync 1 DAGs
[2025-07-01T22:15:04.829+0000] {logging_mixin.py:190} INFO - [2025-07-01T22:15:04.828+0000] {dag.py:4180} INFO - Setting next_dagrun for example_branch_labels to 2025-06-30 00:00:00+00:00, run_after=2025-07-01 00:00:00+00:00
[2025-07-01T22:15:04.849+0000] {processor.py:208} INFO - Processing /home/airflow/.local/lib/python3.12/site-packages/airflow/example_dags/example_branch_labels.py took 0.078 seconds
[2025-07-01T22:15:35.394+0000] {processor.py:186} INFO - Started process (PID=7340) to work on /home/airflow/.local/lib/python3.12/site-packages/airflow/example_dags/example_branch_labels.py
[2025-07-01T22:15:35.395+0000] {processor.py:914} INFO - Processing file /home/airflow/.local/lib/python3.12/site-packages/airflow/example_dags/example_branch_labels.py for tasks to queue
[2025-07-01T22:15:35.398+0000] {logging_mixin.py:190} INFO - [2025-07-01T22:15:35.398+0000] {dagbag.py:588} INFO - Filling up the DagBag from /home/airflow/.local/lib/python3.12/site-packages/airflow/example_dags/example_branch_labels.py
[2025-07-01T22:15:35.408+0000] {processor.py:925} INFO - DAG(s) 'example_branch_labels' retrieved from /home/airflow/.local/lib/python3.12/site-packages/airflow/example_dags/example_branch_labels.py
[2025-07-01T22:15:35.427+0000] {logging_mixin.py:190} INFO - [2025-07-01T22:15:35.427+0000] {dag.py:3239} INFO - Sync 1 DAGs
[2025-07-01T22:15:35.450+0000] {logging_mixin.py:190} INFO - [2025-07-01T22:15:35.450+0000] {dag.py:4180} INFO - Setting next_dagrun for example_branch_labels to 2025-06-30 00:00:00+00:00, run_after=2025-07-01 00:00:00+00:00
[2025-07-01T22:15:35.471+0000] {processor.py:208} INFO - Processing /home/airflow/.local/lib/python3.12/site-packages/airflow/example_dags/example_branch_labels.py took 0.083 seconds
[2025-07-01T22:16:06.087+0000] {processor.py:186} INFO - Started process (PID=7403) to work on /home/airflow/.local/lib/python3.12/site-packages/airflow/example_dags/example_branch_labels.py
[2025-07-01T22:16:06.089+0000] {processor.py:914} INFO - Processing file /home/airflow/.local/lib/python3.12/site-packages/airflow/example_dags/example_branch_labels.py for tasks to queue
[2025-07-01T22:16:06.091+0000] {logging_mixin.py:190} INFO - [2025-07-01T22:16:06.091+0000] {dagbag.py:588} INFO - Filling up the DagBag from /home/airflow/.local/lib/python3.12/site-packages/airflow/example_dags/example_branch_labels.py
[2025-07-01T22:16:06.101+0000] {processor.py:925} INFO - DAG(s) 'example_branch_labels' retrieved from /home/airflow/.local/lib/python3.12/site-packages/airflow/example_dags/example_branch_labels.py
[2025-07-01T22:16:06.121+0000] {logging_mixin.py:190} INFO - [2025-07-01T22:16:06.121+0000] {dag.py:3239} INFO - Sync 1 DAGs
[2025-07-01T22:16:06.141+0000] {logging_mixin.py:190} INFO - [2025-07-01T22:16:06.141+0000] {dag.py:4180} INFO - Setting next_dagrun for example_branch_labels to 2025-06-30 00:00:00+00:00, run_after=2025-07-01 00:00:00+00:00
[2025-07-01T22:16:06.158+0000] {processor.py:208} INFO - Processing /home/airflow/.local/lib/python3.12/site-packages/airflow/example_dags/example_branch_labels.py took 0.076 seconds
[2025-07-01T22:16:36.612+0000] {processor.py:186} INFO - Started process (PID=7466) to work on /home/airflow/.local/lib/python3.12/site-packages/airflow/example_dags/example_branch_labels.py
[2025-07-01T22:16:36.613+0000] {processor.py:914} INFO - Processing file /home/airflow/.local/lib/python3.12/site-packages/airflow/example_dags/example_branch_labels.py for tasks to queue
[2025-07-01T22:16:36.616+0000] {logging_mixin.py:190} INFO - [2025-07-01T22:16:36.616+0000] {dagbag.py:588} INFO - Filling up the DagBag from /home/airflow/.local/lib/python3.12/site-packages/airflow/example_dags/example_branch_labels.py
[2025-07-01T22:16:36.625+0000] {processor.py:925} INFO - DAG(s) 'example_branch_labels' retrieved from /home/airflow/.local/lib/python3.12/site-packages/airflow/example_dags/example_branch_labels.py
[2025-07-01T22:16:36.645+0000] {logging_mixin.py:190} INFO - [2025-07-01T22:16:36.645+0000] {dag.py:3239} INFO - Sync 1 DAGs
[2025-07-01T22:16:36.673+0000] {logging_mixin.py:190} INFO - [2025-07-01T22:16:36.673+0000] {dag.py:4180} INFO - Setting next_dagrun for example_branch_labels to 2025-06-30 00:00:00+00:00, run_after=2025-07-01 00:00:00+00:00
[2025-07-01T22:16:36.696+0000] {processor.py:208} INFO - Processing /home/airflow/.local/lib/python3.12/site-packages/airflow/example_dags/example_branch_labels.py took 0.089 seconds
[2025-07-01T22:17:07.223+0000] {processor.py:186} INFO - Started process (PID=7529) to work on /home/airflow/.local/lib/python3.12/site-packages/airflow/example_dags/example_branch_labels.py
[2025-07-01T22:17:07.224+0000] {processor.py:914} INFO - Processing file /home/airflow/.local/lib/python3.12/site-packages/airflow/example_dags/example_branch_labels.py for tasks to queue
[2025-07-01T22:17:07.226+0000] {logging_mixin.py:190} INFO - [2025-07-01T22:17:07.226+0000] {dagbag.py:588} INFO - Filling up the DagBag from /home/airflow/.local/lib/python3.12/site-packages/airflow/example_dags/example_branch_labels.py
[2025-07-01T22:17:07.237+0000] {processor.py:925} INFO - DAG(s) 'example_branch_labels' retrieved from /home/airflow/.local/lib/python3.12/site-packages/airflow/example_dags/example_branch_labels.py
[2025-07-01T22:17:07.260+0000] {logging_mixin.py:190} INFO - [2025-07-01T22:17:07.260+0000] {dag.py:3239} INFO - Sync 1 DAGs
[2025-07-01T22:17:07.287+0000] {logging_mixin.py:190} INFO - [2025-07-01T22:17:07.286+0000] {dag.py:4180} INFO - Setting next_dagrun for example_branch_labels to 2025-06-30 00:00:00+00:00, run_after=2025-07-01 00:00:00+00:00
[2025-07-01T22:17:07.310+0000] {processor.py:208} INFO - Processing /home/airflow/.local/lib/python3.12/site-packages/airflow/example_dags/example_branch_labels.py took 0.092 seconds
[2025-07-01T22:17:38.082+0000] {processor.py:186} INFO - Started process (PID=7592) to work on /home/airflow/.local/lib/python3.12/site-packages/airflow/example_dags/example_branch_labels.py
[2025-07-01T22:17:38.083+0000] {processor.py:914} INFO - Processing file /home/airflow/.local/lib/python3.12/site-packages/airflow/example_dags/example_branch_labels.py for tasks to queue
[2025-07-01T22:17:38.086+0000] {logging_mixin.py:190} INFO - [2025-07-01T22:17:38.086+0000] {dagbag.py:588} INFO - Filling up the DagBag from /home/airflow/.local/lib/python3.12/site-packages/airflow/example_dags/example_branch_labels.py
[2025-07-01T22:17:38.096+0000] {processor.py:925} INFO - DAG(s) 'example_branch_labels' retrieved from /home/airflow/.local/lib/python3.12/site-packages/airflow/example_dags/example_branch_labels.py
[2025-07-01T22:17:38.121+0000] {logging_mixin.py:190} INFO - [2025-07-01T22:17:38.121+0000] {dag.py:3239} INFO - Sync 1 DAGs
[2025-07-01T22:17:38.142+0000] {logging_mixin.py:190} INFO - [2025-07-01T22:17:38.142+0000] {dag.py:4180} INFO - Setting next_dagrun for example_branch_labels to 2025-06-30 00:00:00+00:00, run_after=2025-07-01 00:00:00+00:00
[2025-07-01T22:17:38.164+0000] {processor.py:208} INFO - Processing /home/airflow/.local/lib/python3.12/site-packages/airflow/example_dags/example_branch_labels.py took 0.087 seconds
[2025-07-01T22:18:09.095+0000] {processor.py:186} INFO - Started process (PID=7655) to work on /home/airflow/.local/lib/python3.12/site-packages/airflow/example_dags/example_branch_labels.py
[2025-07-01T22:18:09.096+0000] {processor.py:914} INFO - Processing file /home/airflow/.local/lib/python3.12/site-packages/airflow/example_dags/example_branch_labels.py for tasks to queue
[2025-07-01T22:18:09.099+0000] {logging_mixin.py:190} INFO - [2025-07-01T22:18:09.099+0000] {dagbag.py:588} INFO - Filling up the DagBag from /home/airflow/.local/lib/python3.12/site-packages/airflow/example_dags/example_branch_labels.py
[2025-07-01T22:18:09.111+0000] {processor.py:925} INFO - DAG(s) 'example_branch_labels' retrieved from /home/airflow/.local/lib/python3.12/site-packages/airflow/example_dags/example_branch_labels.py
[2025-07-01T22:18:09.134+0000] {logging_mixin.py:190} INFO - [2025-07-01T22:18:09.134+0000] {dag.py:3239} INFO - Sync 1 DAGs
[2025-07-01T22:18:09.158+0000] {logging_mixin.py:190} INFO - [2025-07-01T22:18:09.157+0000] {dag.py:4180} INFO - Setting next_dagrun for example_branch_labels to 2025-06-30 00:00:00+00:00, run_after=2025-07-01 00:00:00+00:00
[2025-07-01T22:18:09.182+0000] {processor.py:208} INFO - Processing /home/airflow/.local/lib/python3.12/site-packages/airflow/example_dags/example_branch_labels.py took 0.094 seconds
[2025-07-01T22:18:39.845+0000] {processor.py:186} INFO - Started process (PID=7724) to work on /home/airflow/.local/lib/python3.12/site-packages/airflow/example_dags/example_branch_labels.py
[2025-07-01T22:18:39.846+0000] {processor.py:914} INFO - Processing file /home/airflow/.local/lib/python3.12/site-packages/airflow/example_dags/example_branch_labels.py for tasks to queue
[2025-07-01T22:18:39.849+0000] {logging_mixin.py:190} INFO - [2025-07-01T22:18:39.849+0000] {dagbag.py:588} INFO - Filling up the DagBag from /home/airflow/.local/lib/python3.12/site-packages/airflow/example_dags/example_branch_labels.py
[2025-07-01T22:18:39.861+0000] {processor.py:925} INFO - DAG(s) 'example_branch_labels' retrieved from /home/airflow/.local/lib/python3.12/site-packages/airflow/example_dags/example_branch_labels.py
[2025-07-01T22:18:39.880+0000] {logging_mixin.py:190} INFO - [2025-07-01T22:18:39.880+0000] {dag.py:3239} INFO - Sync 1 DAGs
[2025-07-01T22:18:39.910+0000] {logging_mixin.py:190} INFO - [2025-07-01T22:18:39.909+0000] {dag.py:4180} INFO - Setting next_dagrun for example_branch_labels to 2025-06-30 00:00:00+00:00, run_after=2025-07-01 00:00:00+00:00
[2025-07-01T22:18:39.932+0000] {processor.py:208} INFO - Processing /home/airflow/.local/lib/python3.12/site-packages/airflow/example_dags/example_branch_labels.py took 0.094 seconds
[2025-07-01T22:19:10.488+0000] {processor.py:186} INFO - Started process (PID=7788) to work on /home/airflow/.local/lib/python3.12/site-packages/airflow/example_dags/example_branch_labels.py
[2025-07-01T22:19:10.489+0000] {processor.py:914} INFO - Processing file /home/airflow/.local/lib/python3.12/site-packages/airflow/example_dags/example_branch_labels.py for tasks to queue
[2025-07-01T22:19:10.491+0000] {logging_mixin.py:190} INFO - [2025-07-01T22:19:10.491+0000] {dagbag.py:588} INFO - Filling up the DagBag from /home/airflow/.local/lib/python3.12/site-packages/airflow/example_dags/example_branch_labels.py
[2025-07-01T22:19:10.500+0000] {processor.py:925} INFO - DAG(s) 'example_branch_labels' retrieved from /home/airflow/.local/lib/python3.12/site-packages/airflow/example_dags/example_branch_labels.py
[2025-07-01T22:19:10.519+0000] {logging_mixin.py:190} INFO - [2025-07-01T22:19:10.518+0000] {dag.py:3239} INFO - Sync 1 DAGs
[2025-07-01T22:19:10.538+0000] {logging_mixin.py:190} INFO - [2025-07-01T22:19:10.538+0000] {dag.py:4180} INFO - Setting next_dagrun for example_branch_labels to 2025-06-30 00:00:00+00:00, run_after=2025-07-01 00:00:00+00:00
[2025-07-01T22:19:10.555+0000] {processor.py:208} INFO - Processing /home/airflow/.local/lib/python3.12/site-packages/airflow/example_dags/example_branch_labels.py took 0.072 seconds
[2025-07-01T22:19:41.182+0000] {processor.py:186} INFO - Started process (PID=7851) to work on /home/airflow/.local/lib/python3.12/site-packages/airflow/example_dags/example_branch_labels.py
[2025-07-01T22:19:41.184+0000] {processor.py:914} INFO - Processing file /home/airflow/.local/lib/python3.12/site-packages/airflow/example_dags/example_branch_labels.py for tasks to queue
[2025-07-01T22:19:41.187+0000] {logging_mixin.py:190} INFO - [2025-07-01T22:19:41.187+0000] {dagbag.py:588} INFO - Filling up the DagBag from /home/airflow/.local/lib/python3.12/site-packages/airflow/example_dags/example_branch_labels.py
[2025-07-01T22:19:41.198+0000] {processor.py:925} INFO - DAG(s) 'example_branch_labels' retrieved from /home/airflow/.local/lib/python3.12/site-packages/airflow/example_dags/example_branch_labels.py
[2025-07-01T22:19:41.219+0000] {logging_mixin.py:190} INFO - [2025-07-01T22:19:41.219+0000] {dag.py:3239} INFO - Sync 1 DAGs
[2025-07-01T22:19:41.243+0000] {logging_mixin.py:190} INFO - [2025-07-01T22:19:41.243+0000] {dag.py:4180} INFO - Setting next_dagrun for example_branch_labels to 2025-06-30 00:00:00+00:00, run_after=2025-07-01 00:00:00+00:00
[2025-07-01T22:19:41.260+0000] {processor.py:208} INFO - Processing /home/airflow/.local/lib/python3.12/site-packages/airflow/example_dags/example_branch_labels.py took 0.086 seconds
[2025-07-01T22:20:11.671+0000] {processor.py:186} INFO - Started process (PID=7914) to work on /home/airflow/.local/lib/python3.12/site-packages/airflow/example_dags/example_branch_labels.py
[2025-07-01T22:20:11.672+0000] {processor.py:914} INFO - Processing file /home/airflow/.local/lib/python3.12/site-packages/airflow/example_dags/example_branch_labels.py for tasks to queue
[2025-07-01T22:20:11.674+0000] {logging_mixin.py:190} INFO - [2025-07-01T22:20:11.674+0000] {dagbag.py:588} INFO - Filling up the DagBag from /home/airflow/.local/lib/python3.12/site-packages/airflow/example_dags/example_branch_labels.py
[2025-07-01T22:20:11.683+0000] {processor.py:925} INFO - DAG(s) 'example_branch_labels' retrieved from /home/airflow/.local/lib/python3.12/site-packages/airflow/example_dags/example_branch_labels.py
[2025-07-01T22:20:11.703+0000] {logging_mixin.py:190} INFO - [2025-07-01T22:20:11.703+0000] {dag.py:3239} INFO - Sync 1 DAGs
[2025-07-01T22:20:11.723+0000] {logging_mixin.py:190} INFO - [2025-07-01T22:20:11.722+0000] {dag.py:4180} INFO - Setting next_dagrun for example_branch_labels to 2025-06-30 00:00:00+00:00, run_after=2025-07-01 00:00:00+00:00
[2025-07-01T22:20:11.741+0000] {processor.py:208} INFO - Processing /home/airflow/.local/lib/python3.12/site-packages/airflow/example_dags/example_branch_labels.py took 0.075 seconds
[2025-07-01T22:20:42.295+0000] {processor.py:186} INFO - Started process (PID=7977) to work on /home/airflow/.local/lib/python3.12/site-packages/airflow/example_dags/example_branch_labels.py
[2025-07-01T22:20:42.296+0000] {processor.py:914} INFO - Processing file /home/airflow/.local/lib/python3.12/site-packages/airflow/example_dags/example_branch_labels.py for tasks to queue
[2025-07-01T22:20:42.299+0000] {logging_mixin.py:190} INFO - [2025-07-01T22:20:42.298+0000] {dagbag.py:588} INFO - Filling up the DagBag from /home/airflow/.local/lib/python3.12/site-packages/airflow/example_dags/example_branch_labels.py
[2025-07-01T22:20:42.310+0000] {processor.py:925} INFO - DAG(s) 'example_branch_labels' retrieved from /home/airflow/.local/lib/python3.12/site-packages/airflow/example_dags/example_branch_labels.py
[2025-07-01T22:20:42.328+0000] {logging_mixin.py:190} INFO - [2025-07-01T22:20:42.328+0000] {dag.py:3239} INFO - Sync 1 DAGs
[2025-07-01T22:20:42.349+0000] {logging_mixin.py:190} INFO - [2025-07-01T22:20:42.349+0000] {dag.py:4180} INFO - Setting next_dagrun for example_branch_labels to 2025-06-30 00:00:00+00:00, run_after=2025-07-01 00:00:00+00:00
[2025-07-01T22:20:42.368+0000] {processor.py:208} INFO - Processing /home/airflow/.local/lib/python3.12/site-packages/airflow/example_dags/example_branch_labels.py took 0.078 seconds
[2025-07-01T22:21:13.151+0000] {processor.py:186} INFO - Started process (PID=8040) to work on /home/airflow/.local/lib/python3.12/site-packages/airflow/example_dags/example_branch_labels.py
[2025-07-01T22:21:13.152+0000] {processor.py:914} INFO - Processing file /home/airflow/.local/lib/python3.12/site-packages/airflow/example_dags/example_branch_labels.py for tasks to queue
[2025-07-01T22:21:13.156+0000] {logging_mixin.py:190} INFO - [2025-07-01T22:21:13.155+0000] {dagbag.py:588} INFO - Filling up the DagBag from /home/airflow/.local/lib/python3.12/site-packages/airflow/example_dags/example_branch_labels.py
[2025-07-01T22:21:13.165+0000] {processor.py:925} INFO - DAG(s) 'example_branch_labels' retrieved from /home/airflow/.local/lib/python3.12/site-packages/airflow/example_dags/example_branch_labels.py
[2025-07-01T22:21:13.185+0000] {logging_mixin.py:190} INFO - [2025-07-01T22:21:13.184+0000] {dag.py:3239} INFO - Sync 1 DAGs
[2025-07-01T22:21:13.206+0000] {logging_mixin.py:190} INFO - [2025-07-01T22:21:13.206+0000] {dag.py:4180} INFO - Setting next_dagrun for example_branch_labels to 2025-06-30 00:00:00+00:00, run_after=2025-07-01 00:00:00+00:00
[2025-07-01T22:21:13.223+0000] {processor.py:208} INFO - Processing /home/airflow/.local/lib/python3.12/site-packages/airflow/example_dags/example_branch_labels.py took 0.079 seconds
[2025-07-01T22:21:43.604+0000] {processor.py:186} INFO - Started process (PID=8103) to work on /home/airflow/.local/lib/python3.12/site-packages/airflow/example_dags/example_branch_labels.py
[2025-07-01T22:21:43.605+0000] {processor.py:914} INFO - Processing file /home/airflow/.local/lib/python3.12/site-packages/airflow/example_dags/example_branch_labels.py for tasks to queue
[2025-07-01T22:21:43.608+0000] {logging_mixin.py:190} INFO - [2025-07-01T22:21:43.608+0000] {dagbag.py:588} INFO - Filling up the DagBag from /home/airflow/.local/lib/python3.12/site-packages/airflow/example_dags/example_branch_labels.py
[2025-07-01T22:21:43.618+0000] {processor.py:925} INFO - DAG(s) 'example_branch_labels' retrieved from /home/airflow/.local/lib/python3.12/site-packages/airflow/example_dags/example_branch_labels.py
[2025-07-01T22:21:43.636+0000] {logging_mixin.py:190} INFO - [2025-07-01T22:21:43.636+0000] {dag.py:3239} INFO - Sync 1 DAGs
[2025-07-01T22:21:43.656+0000] {logging_mixin.py:190} INFO - [2025-07-01T22:21:43.656+0000] {dag.py:4180} INFO - Setting next_dagrun for example_branch_labels to 2025-06-30 00:00:00+00:00, run_after=2025-07-01 00:00:00+00:00
[2025-07-01T22:21:43.675+0000] {processor.py:208} INFO - Processing /home/airflow/.local/lib/python3.12/site-packages/airflow/example_dags/example_branch_labels.py took 0.078 seconds
[2025-07-01T22:22:14.240+0000] {processor.py:186} INFO - Started process (PID=8166) to work on /home/airflow/.local/lib/python3.12/site-packages/airflow/example_dags/example_branch_labels.py
[2025-07-01T22:22:14.241+0000] {processor.py:914} INFO - Processing file /home/airflow/.local/lib/python3.12/site-packages/airflow/example_dags/example_branch_labels.py for tasks to queue
[2025-07-01T22:22:14.244+0000] {logging_mixin.py:190} INFO - [2025-07-01T22:22:14.244+0000] {dagbag.py:588} INFO - Filling up the DagBag from /home/airflow/.local/lib/python3.12/site-packages/airflow/example_dags/example_branch_labels.py
[2025-07-01T22:22:14.253+0000] {processor.py:925} INFO - DAG(s) 'example_branch_labels' retrieved from /home/airflow/.local/lib/python3.12/site-packages/airflow/example_dags/example_branch_labels.py
[2025-07-01T22:22:14.275+0000] {logging_mixin.py:190} INFO - [2025-07-01T22:22:14.275+0000] {dag.py:3239} INFO - Sync 1 DAGs
[2025-07-01T22:22:14.296+0000] {logging_mixin.py:190} INFO - [2025-07-01T22:22:14.296+0000] {dag.py:4180} INFO - Setting next_dagrun for example_branch_labels to 2025-06-30 00:00:00+00:00, run_after=2025-07-01 00:00:00+00:00
[2025-07-01T22:22:14.315+0000] {processor.py:208} INFO - Processing /home/airflow/.local/lib/python3.12/site-packages/airflow/example_dags/example_branch_labels.py took 0.080 seconds
[2025-07-01T22:22:44.772+0000] {processor.py:186} INFO - Started process (PID=8229) to work on /home/airflow/.local/lib/python3.12/site-packages/airflow/example_dags/example_branch_labels.py
[2025-07-01T22:22:44.773+0000] {processor.py:914} INFO - Processing file /home/airflow/.local/lib/python3.12/site-packages/airflow/example_dags/example_branch_labels.py for tasks to queue
[2025-07-01T22:22:44.775+0000] {logging_mixin.py:190} INFO - [2025-07-01T22:22:44.775+0000] {dagbag.py:588} INFO - Filling up the DagBag from /home/airflow/.local/lib/python3.12/site-packages/airflow/example_dags/example_branch_labels.py
[2025-07-01T22:22:44.784+0000] {processor.py:925} INFO - DAG(s) 'example_branch_labels' retrieved from /home/airflow/.local/lib/python3.12/site-packages/airflow/example_dags/example_branch_labels.py
[2025-07-01T22:22:44.804+0000] {logging_mixin.py:190} INFO - [2025-07-01T22:22:44.804+0000] {dag.py:3239} INFO - Sync 1 DAGs
[2025-07-01T22:22:44.828+0000] {logging_mixin.py:190} INFO - [2025-07-01T22:22:44.828+0000] {dag.py:4180} INFO - Setting next_dagrun for example_branch_labels to 2025-06-30 00:00:00+00:00, run_after=2025-07-01 00:00:00+00:00
[2025-07-01T22:22:44.847+0000] {processor.py:208} INFO - Processing /home/airflow/.local/lib/python3.12/site-packages/airflow/example_dags/example_branch_labels.py took 0.081 seconds
[2025-07-01T22:23:15.707+0000] {processor.py:186} INFO - Started process (PID=8292) to work on /home/airflow/.local/lib/python3.12/site-packages/airflow/example_dags/example_branch_labels.py
[2025-07-01T22:23:15.708+0000] {processor.py:914} INFO - Processing file /home/airflow/.local/lib/python3.12/site-packages/airflow/example_dags/example_branch_labels.py for tasks to queue
[2025-07-01T22:23:15.711+0000] {logging_mixin.py:190} INFO - [2025-07-01T22:23:15.711+0000] {dagbag.py:588} INFO - Filling up the DagBag from /home/airflow/.local/lib/python3.12/site-packages/airflow/example_dags/example_branch_labels.py
[2025-07-01T22:23:15.720+0000] {processor.py:925} INFO - DAG(s) 'example_branch_labels' retrieved from /home/airflow/.local/lib/python3.12/site-packages/airflow/example_dags/example_branch_labels.py
[2025-07-01T22:23:15.738+0000] {logging_mixin.py:190} INFO - [2025-07-01T22:23:15.738+0000] {dag.py:3239} INFO - Sync 1 DAGs
[2025-07-01T22:23:15.757+0000] {logging_mixin.py:190} INFO - [2025-07-01T22:23:15.757+0000] {dag.py:4180} INFO - Setting next_dagrun for example_branch_labels to 2025-06-30 00:00:00+00:00, run_after=2025-07-01 00:00:00+00:00
[2025-07-01T22:23:15.774+0000] {processor.py:208} INFO - Processing /home/airflow/.local/lib/python3.12/site-packages/airflow/example_dags/example_branch_labels.py took 0.073 seconds
[2025-07-01T22:23:46.329+0000] {processor.py:186} INFO - Started process (PID=8355) to work on /home/airflow/.local/lib/python3.12/site-packages/airflow/example_dags/example_branch_labels.py
[2025-07-01T22:23:46.331+0000] {processor.py:914} INFO - Processing file /home/airflow/.local/lib/python3.12/site-packages/airflow/example_dags/example_branch_labels.py for tasks to queue
[2025-07-01T22:23:46.333+0000] {logging_mixin.py:190} INFO - [2025-07-01T22:23:46.333+0000] {dagbag.py:588} INFO - Filling up the DagBag from /home/airflow/.local/lib/python3.12/site-packages/airflow/example_dags/example_branch_labels.py
[2025-07-01T22:23:46.344+0000] {processor.py:925} INFO - DAG(s) 'example_branch_labels' retrieved from /home/airflow/.local/lib/python3.12/site-packages/airflow/example_dags/example_branch_labels.py
[2025-07-01T22:23:46.363+0000] {logging_mixin.py:190} INFO - [2025-07-01T22:23:46.363+0000] {dag.py:3239} INFO - Sync 1 DAGs
[2025-07-01T22:23:46.383+0000] {logging_mixin.py:190} INFO - [2025-07-01T22:23:46.383+0000] {dag.py:4180} INFO - Setting next_dagrun for example_branch_labels to 2025-06-30 00:00:00+00:00, run_after=2025-07-01 00:00:00+00:00
[2025-07-01T22:23:46.404+0000] {processor.py:208} INFO - Processing /home/airflow/.local/lib/python3.12/site-packages/airflow/example_dags/example_branch_labels.py took 0.080 seconds
[2025-07-01T22:24:16.929+0000] {processor.py:186} INFO - Started process (PID=8418) to work on /home/airflow/.local/lib/python3.12/site-packages/airflow/example_dags/example_branch_labels.py
[2025-07-01T22:24:16.931+0000] {processor.py:914} INFO - Processing file /home/airflow/.local/lib/python3.12/site-packages/airflow/example_dags/example_branch_labels.py for tasks to queue
[2025-07-01T22:24:16.934+0000] {logging_mixin.py:190} INFO - [2025-07-01T22:24:16.934+0000] {dagbag.py:588} INFO - Filling up the DagBag from /home/airflow/.local/lib/python3.12/site-packages/airflow/example_dags/example_branch_labels.py
[2025-07-01T22:24:16.947+0000] {processor.py:925} INFO - DAG(s) 'example_branch_labels' retrieved from /home/airflow/.local/lib/python3.12/site-packages/airflow/example_dags/example_branch_labels.py
[2025-07-01T22:24:16.973+0000] {logging_mixin.py:190} INFO - [2025-07-01T22:24:16.972+0000] {dag.py:3239} INFO - Sync 1 DAGs
[2025-07-01T22:24:16.996+0000] {logging_mixin.py:190} INFO - [2025-07-01T22:24:16.996+0000] {dag.py:4180} INFO - Setting next_dagrun for example_branch_labels to 2025-06-30 00:00:00+00:00, run_after=2025-07-01 00:00:00+00:00
[2025-07-01T22:24:17.014+0000] {processor.py:208} INFO - Processing /home/airflow/.local/lib/python3.12/site-packages/airflow/example_dags/example_branch_labels.py took 0.092 seconds
[2025-07-01T22:24:47.565+0000] {processor.py:186} INFO - Started process (PID=8487) to work on /home/airflow/.local/lib/python3.12/site-packages/airflow/example_dags/example_branch_labels.py
[2025-07-01T22:24:47.567+0000] {processor.py:914} INFO - Processing file /home/airflow/.local/lib/python3.12/site-packages/airflow/example_dags/example_branch_labels.py for tasks to queue
[2025-07-01T22:24:47.570+0000] {logging_mixin.py:190} INFO - [2025-07-01T22:24:47.570+0000] {dagbag.py:588} INFO - Filling up the DagBag from /home/airflow/.local/lib/python3.12/site-packages/airflow/example_dags/example_branch_labels.py
[2025-07-01T22:24:47.582+0000] {processor.py:925} INFO - DAG(s) 'example_branch_labels' retrieved from /home/airflow/.local/lib/python3.12/site-packages/airflow/example_dags/example_branch_labels.py
[2025-07-01T22:24:47.608+0000] {logging_mixin.py:190} INFO - [2025-07-01T22:24:47.607+0000] {dag.py:3239} INFO - Sync 1 DAGs
[2025-07-01T22:24:47.638+0000] {logging_mixin.py:190} INFO - [2025-07-01T22:24:47.637+0000] {dag.py:4180} INFO - Setting next_dagrun for example_branch_labels to 2025-06-30 00:00:00+00:00, run_after=2025-07-01 00:00:00+00:00
[2025-07-01T22:24:47.662+0000] {processor.py:208} INFO - Processing /home/airflow/.local/lib/python3.12/site-packages/airflow/example_dags/example_branch_labels.py took 0.103 seconds
[2025-07-01T22:25:18.253+0000] {processor.py:186} INFO - Started process (PID=8556) to work on /home/airflow/.local/lib/python3.12/site-packages/airflow/example_dags/example_branch_labels.py
[2025-07-01T22:25:18.254+0000] {processor.py:914} INFO - Processing file /home/airflow/.local/lib/python3.12/site-packages/airflow/example_dags/example_branch_labels.py for tasks to queue
[2025-07-01T22:25:18.257+0000] {logging_mixin.py:190} INFO - [2025-07-01T22:25:18.256+0000] {dagbag.py:588} INFO - Filling up the DagBag from /home/airflow/.local/lib/python3.12/site-packages/airflow/example_dags/example_branch_labels.py
[2025-07-01T22:25:18.266+0000] {processor.py:925} INFO - DAG(s) 'example_branch_labels' retrieved from /home/airflow/.local/lib/python3.12/site-packages/airflow/example_dags/example_branch_labels.py
[2025-07-01T22:25:18.285+0000] {logging_mixin.py:190} INFO - [2025-07-01T22:25:18.285+0000] {dag.py:3239} INFO - Sync 1 DAGs
[2025-07-01T22:25:18.306+0000] {logging_mixin.py:190} INFO - [2025-07-01T22:25:18.306+0000] {dag.py:4180} INFO - Setting next_dagrun for example_branch_labels to 2025-06-30 00:00:00+00:00, run_after=2025-07-01 00:00:00+00:00
[2025-07-01T22:25:18.325+0000] {processor.py:208} INFO - Processing /home/airflow/.local/lib/python3.12/site-packages/airflow/example_dags/example_branch_labels.py took 0.077 seconds
[2025-07-01T22:25:49.109+0000] {processor.py:186} INFO - Started process (PID=8655) to work on /home/airflow/.local/lib/python3.12/site-packages/airflow/example_dags/example_branch_labels.py
[2025-07-01T22:25:49.110+0000] {processor.py:914} INFO - Processing file /home/airflow/.local/lib/python3.12/site-packages/airflow/example_dags/example_branch_labels.py for tasks to queue
[2025-07-01T22:25:49.113+0000] {logging_mixin.py:190} INFO - [2025-07-01T22:25:49.113+0000] {dagbag.py:588} INFO - Filling up the DagBag from /home/airflow/.local/lib/python3.12/site-packages/airflow/example_dags/example_branch_labels.py
[2025-07-01T22:25:49.122+0000] {processor.py:925} INFO - DAG(s) 'example_branch_labels' retrieved from /home/airflow/.local/lib/python3.12/site-packages/airflow/example_dags/example_branch_labels.py
[2025-07-01T22:25:49.140+0000] {logging_mixin.py:190} INFO - [2025-07-01T22:25:49.140+0000] {dag.py:3239} INFO - Sync 1 DAGs
[2025-07-01T22:25:49.169+0000] {logging_mixin.py:190} INFO - [2025-07-01T22:25:49.169+0000] {dag.py:4180} INFO - Setting next_dagrun for example_branch_labels to 2025-06-30 00:00:00+00:00, run_after=2025-07-01 00:00:00+00:00
[2025-07-01T22:25:49.192+0000] {processor.py:208} INFO - Processing /home/airflow/.local/lib/python3.12/site-packages/airflow/example_dags/example_branch_labels.py took 0.091 seconds
[2025-07-01T22:26:19.435+0000] {processor.py:186} INFO - Started process (PID=8721) to work on /home/airflow/.local/lib/python3.12/site-packages/airflow/example_dags/example_branch_labels.py
[2025-07-01T22:26:19.436+0000] {processor.py:914} INFO - Processing file /home/airflow/.local/lib/python3.12/site-packages/airflow/example_dags/example_branch_labels.py for tasks to queue
[2025-07-01T22:26:19.443+0000] {logging_mixin.py:190} INFO - [2025-07-01T22:26:19.442+0000] {dagbag.py:588} INFO - Filling up the DagBag from /home/airflow/.local/lib/python3.12/site-packages/airflow/example_dags/example_branch_labels.py
[2025-07-01T22:26:19.458+0000] {processor.py:925} INFO - DAG(s) 'example_branch_labels' retrieved from /home/airflow/.local/lib/python3.12/site-packages/airflow/example_dags/example_branch_labels.py
[2025-07-01T22:26:19.488+0000] {logging_mixin.py:190} INFO - [2025-07-01T22:26:19.487+0000] {dag.py:3239} INFO - Sync 1 DAGs
[2025-07-01T22:26:19.516+0000] {logging_mixin.py:190} INFO - [2025-07-01T22:26:19.516+0000] {dag.py:4180} INFO - Setting next_dagrun for example_branch_labels to 2025-06-30 00:00:00+00:00, run_after=2025-07-01 00:00:00+00:00
[2025-07-01T22:26:19.537+0000] {processor.py:208} INFO - Processing /home/airflow/.local/lib/python3.12/site-packages/airflow/example_dags/example_branch_labels.py took 0.114 seconds
[2025-07-01T22:26:50.555+0000] {processor.py:186} INFO - Started process (PID=8785) to work on /home/airflow/.local/lib/python3.12/site-packages/airflow/example_dags/example_branch_labels.py
[2025-07-01T22:26:50.556+0000] {processor.py:914} INFO - Processing file /home/airflow/.local/lib/python3.12/site-packages/airflow/example_dags/example_branch_labels.py for tasks to queue
[2025-07-01T22:26:50.558+0000] {logging_mixin.py:190} INFO - [2025-07-01T22:26:50.558+0000] {dagbag.py:588} INFO - Filling up the DagBag from /home/airflow/.local/lib/python3.12/site-packages/airflow/example_dags/example_branch_labels.py
[2025-07-01T22:26:50.567+0000] {processor.py:925} INFO - DAG(s) 'example_branch_labels' retrieved from /home/airflow/.local/lib/python3.12/site-packages/airflow/example_dags/example_branch_labels.py
[2025-07-01T22:26:50.590+0000] {logging_mixin.py:190} INFO - [2025-07-01T22:26:50.589+0000] {dag.py:3239} INFO - Sync 1 DAGs
[2025-07-01T22:26:50.613+0000] {logging_mixin.py:190} INFO - [2025-07-01T22:26:50.613+0000] {dag.py:4180} INFO - Setting next_dagrun for example_branch_labels to 2025-06-30 00:00:00+00:00, run_after=2025-07-01 00:00:00+00:00
[2025-07-01T22:26:50.638+0000] {processor.py:208} INFO - Processing /home/airflow/.local/lib/python3.12/site-packages/airflow/example_dags/example_branch_labels.py took 0.091 seconds
[2025-07-01T22:27:21.519+0000] {processor.py:186} INFO - Started process (PID=8849) to work on /home/airflow/.local/lib/python3.12/site-packages/airflow/example_dags/example_branch_labels.py
[2025-07-01T22:27:21.520+0000] {processor.py:914} INFO - Processing file /home/airflow/.local/lib/python3.12/site-packages/airflow/example_dags/example_branch_labels.py for tasks to queue
[2025-07-01T22:27:21.524+0000] {logging_mixin.py:190} INFO - [2025-07-01T22:27:21.523+0000] {dagbag.py:588} INFO - Filling up the DagBag from /home/airflow/.local/lib/python3.12/site-packages/airflow/example_dags/example_branch_labels.py
[2025-07-01T22:27:21.543+0000] {processor.py:925} INFO - DAG(s) 'example_branch_labels' retrieved from /home/airflow/.local/lib/python3.12/site-packages/airflow/example_dags/example_branch_labels.py
[2025-07-01T22:27:21.564+0000] {logging_mixin.py:190} INFO - [2025-07-01T22:27:21.563+0000] {dag.py:3239} INFO - Sync 1 DAGs
[2025-07-01T22:27:21.594+0000] {logging_mixin.py:190} INFO - [2025-07-01T22:27:21.594+0000] {dag.py:4180} INFO - Setting next_dagrun for example_branch_labels to 2025-06-30 00:00:00+00:00, run_after=2025-07-01 00:00:00+00:00
[2025-07-01T22:27:21.616+0000] {processor.py:208} INFO - Processing /home/airflow/.local/lib/python3.12/site-packages/airflow/example_dags/example_branch_labels.py took 0.107 seconds
[2025-07-01T22:27:52.325+0000] {processor.py:186} INFO - Started process (PID=8914) to work on /home/airflow/.local/lib/python3.12/site-packages/airflow/example_dags/example_branch_labels.py
[2025-07-01T22:27:52.327+0000] {processor.py:914} INFO - Processing file /home/airflow/.local/lib/python3.12/site-packages/airflow/example_dags/example_branch_labels.py for tasks to queue
[2025-07-01T22:27:52.330+0000] {logging_mixin.py:190} INFO - [2025-07-01T22:27:52.329+0000] {dagbag.py:588} INFO - Filling up the DagBag from /home/airflow/.local/lib/python3.12/site-packages/airflow/example_dags/example_branch_labels.py
[2025-07-01T22:27:52.340+0000] {processor.py:925} INFO - DAG(s) 'example_branch_labels' retrieved from /home/airflow/.local/lib/python3.12/site-packages/airflow/example_dags/example_branch_labels.py
[2025-07-01T22:27:52.361+0000] {logging_mixin.py:190} INFO - [2025-07-01T22:27:52.360+0000] {dag.py:3239} INFO - Sync 1 DAGs
[2025-07-01T22:27:52.384+0000] {logging_mixin.py:190} INFO - [2025-07-01T22:27:52.384+0000] {dag.py:4180} INFO - Setting next_dagrun for example_branch_labels to 2025-06-30 00:00:00+00:00, run_after=2025-07-01 00:00:00+00:00
[2025-07-01T22:27:52.409+0000] {processor.py:208} INFO - Processing /home/airflow/.local/lib/python3.12/site-packages/airflow/example_dags/example_branch_labels.py took 0.093 seconds
[2025-07-01T22:28:23.035+0000] {processor.py:186} INFO - Started process (PID=8978) to work on /home/airflow/.local/lib/python3.12/site-packages/airflow/example_dags/example_branch_labels.py
[2025-07-01T22:28:23.036+0000] {processor.py:914} INFO - Processing file /home/airflow/.local/lib/python3.12/site-packages/airflow/example_dags/example_branch_labels.py for tasks to queue
[2025-07-01T22:28:23.038+0000] {logging_mixin.py:190} INFO - [2025-07-01T22:28:23.038+0000] {dagbag.py:588} INFO - Filling up the DagBag from /home/airflow/.local/lib/python3.12/site-packages/airflow/example_dags/example_branch_labels.py
[2025-07-01T22:28:23.047+0000] {processor.py:925} INFO - DAG(s) 'example_branch_labels' retrieved from /home/airflow/.local/lib/python3.12/site-packages/airflow/example_dags/example_branch_labels.py
[2025-07-01T22:28:23.068+0000] {logging_mixin.py:190} INFO - [2025-07-01T22:28:23.068+0000] {dag.py:3239} INFO - Sync 1 DAGs
[2025-07-01T22:28:23.087+0000] {logging_mixin.py:190} INFO - [2025-07-01T22:28:23.087+0000] {dag.py:4180} INFO - Setting next_dagrun for example_branch_labels to 2025-06-30 00:00:00+00:00, run_after=2025-07-01 00:00:00+00:00
[2025-07-01T22:28:23.104+0000] {processor.py:208} INFO - Processing /home/airflow/.local/lib/python3.12/site-packages/airflow/example_dags/example_branch_labels.py took 0.077 seconds
[2025-07-01T22:28:53.465+0000] {processor.py:186} INFO - Started process (PID=9042) to work on /home/airflow/.local/lib/python3.12/site-packages/airflow/example_dags/example_branch_labels.py
[2025-07-01T22:28:53.466+0000] {processor.py:914} INFO - Processing file /home/airflow/.local/lib/python3.12/site-packages/airflow/example_dags/example_branch_labels.py for tasks to queue
[2025-07-01T22:28:53.468+0000] {logging_mixin.py:190} INFO - [2025-07-01T22:28:53.468+0000] {dagbag.py:588} INFO - Filling up the DagBag from /home/airflow/.local/lib/python3.12/site-packages/airflow/example_dags/example_branch_labels.py
[2025-07-01T22:28:53.476+0000] {processor.py:925} INFO - DAG(s) 'example_branch_labels' retrieved from /home/airflow/.local/lib/python3.12/site-packages/airflow/example_dags/example_branch_labels.py
[2025-07-01T22:28:53.497+0000] {logging_mixin.py:190} INFO - [2025-07-01T22:28:53.496+0000] {dag.py:3239} INFO - Sync 1 DAGs
[2025-07-01T22:28:53.516+0000] {logging_mixin.py:190} INFO - [2025-07-01T22:28:53.515+0000] {dag.py:4180} INFO - Setting next_dagrun for example_branch_labels to 2025-06-30 00:00:00+00:00, run_after=2025-07-01 00:00:00+00:00
[2025-07-01T22:28:53.533+0000] {processor.py:208} INFO - Processing /home/airflow/.local/lib/python3.12/site-packages/airflow/example_dags/example_branch_labels.py took 0.076 seconds
[2025-07-01T22:29:24.279+0000] {processor.py:186} INFO - Started process (PID=9106) to work on /home/airflow/.local/lib/python3.12/site-packages/airflow/example_dags/example_branch_labels.py
[2025-07-01T22:29:24.279+0000] {processor.py:914} INFO - Processing file /home/airflow/.local/lib/python3.12/site-packages/airflow/example_dags/example_branch_labels.py for tasks to queue
[2025-07-01T22:29:24.282+0000] {logging_mixin.py:190} INFO - [2025-07-01T22:29:24.282+0000] {dagbag.py:588} INFO - Filling up the DagBag from /home/airflow/.local/lib/python3.12/site-packages/airflow/example_dags/example_branch_labels.py
[2025-07-01T22:29:24.291+0000] {processor.py:925} INFO - DAG(s) 'example_branch_labels' retrieved from /home/airflow/.local/lib/python3.12/site-packages/airflow/example_dags/example_branch_labels.py
[2025-07-01T22:29:24.310+0000] {logging_mixin.py:190} INFO - [2025-07-01T22:29:24.310+0000] {dag.py:3239} INFO - Sync 1 DAGs
[2025-07-01T22:29:24.330+0000] {logging_mixin.py:190} INFO - [2025-07-01T22:29:24.330+0000] {dag.py:4180} INFO - Setting next_dagrun for example_branch_labels to 2025-06-30 00:00:00+00:00, run_after=2025-07-01 00:00:00+00:00
[2025-07-01T22:29:24.347+0000] {processor.py:208} INFO - Processing /home/airflow/.local/lib/python3.12/site-packages/airflow/example_dags/example_branch_labels.py took 0.077 seconds
[2025-07-01T22:29:55.036+0000] {processor.py:186} INFO - Started process (PID=9170) to work on /home/airflow/.local/lib/python3.12/site-packages/airflow/example_dags/example_branch_labels.py
[2025-07-01T22:29:55.037+0000] {processor.py:914} INFO - Processing file /home/airflow/.local/lib/python3.12/site-packages/airflow/example_dags/example_branch_labels.py for tasks to queue
[2025-07-01T22:29:55.040+0000] {logging_mixin.py:190} INFO - [2025-07-01T22:29:55.039+0000] {dagbag.py:588} INFO - Filling up the DagBag from /home/airflow/.local/lib/python3.12/site-packages/airflow/example_dags/example_branch_labels.py
[2025-07-01T22:29:55.049+0000] {processor.py:925} INFO - DAG(s) 'example_branch_labels' retrieved from /home/airflow/.local/lib/python3.12/site-packages/airflow/example_dags/example_branch_labels.py
[2025-07-01T22:29:55.070+0000] {logging_mixin.py:190} INFO - [2025-07-01T22:29:55.069+0000] {dag.py:3239} INFO - Sync 1 DAGs
[2025-07-01T22:29:55.092+0000] {logging_mixin.py:190} INFO - [2025-07-01T22:29:55.092+0000] {dag.py:4180} INFO - Setting next_dagrun for example_branch_labels to 2025-06-30 00:00:00+00:00, run_after=2025-07-01 00:00:00+00:00
[2025-07-01T22:29:55.111+0000] {processor.py:208} INFO - Processing /home/airflow/.local/lib/python3.12/site-packages/airflow/example_dags/example_branch_labels.py took 0.084 seconds
[2025-07-01T22:30:25.747+0000] {processor.py:186} INFO - Started process (PID=9234) to work on /home/airflow/.local/lib/python3.12/site-packages/airflow/example_dags/example_branch_labels.py
[2025-07-01T22:30:25.748+0000] {processor.py:914} INFO - Processing file /home/airflow/.local/lib/python3.12/site-packages/airflow/example_dags/example_branch_labels.py for tasks to queue
[2025-07-01T22:30:25.751+0000] {logging_mixin.py:190} INFO - [2025-07-01T22:30:25.751+0000] {dagbag.py:588} INFO - Filling up the DagBag from /home/airflow/.local/lib/python3.12/site-packages/airflow/example_dags/example_branch_labels.py
[2025-07-01T22:30:25.760+0000] {processor.py:925} INFO - DAG(s) 'example_branch_labels' retrieved from /home/airflow/.local/lib/python3.12/site-packages/airflow/example_dags/example_branch_labels.py
[2025-07-01T22:30:25.778+0000] {logging_mixin.py:190} INFO - [2025-07-01T22:30:25.778+0000] {dag.py:3239} INFO - Sync 1 DAGs
[2025-07-01T22:30:25.799+0000] {logging_mixin.py:190} INFO - [2025-07-01T22:30:25.798+0000] {dag.py:4180} INFO - Setting next_dagrun for example_branch_labels to 2025-06-30 00:00:00+00:00, run_after=2025-07-01 00:00:00+00:00
[2025-07-01T22:30:25.817+0000] {processor.py:208} INFO - Processing /home/airflow/.local/lib/python3.12/site-packages/airflow/example_dags/example_branch_labels.py took 0.078 seconds
[2025-07-01T22:30:56.416+0000] {processor.py:186} INFO - Started process (PID=9298) to work on /home/airflow/.local/lib/python3.12/site-packages/airflow/example_dags/example_branch_labels.py
[2025-07-01T22:30:56.417+0000] {processor.py:914} INFO - Processing file /home/airflow/.local/lib/python3.12/site-packages/airflow/example_dags/example_branch_labels.py for tasks to queue
[2025-07-01T22:30:56.420+0000] {logging_mixin.py:190} INFO - [2025-07-01T22:30:56.419+0000] {dagbag.py:588} INFO - Filling up the DagBag from /home/airflow/.local/lib/python3.12/site-packages/airflow/example_dags/example_branch_labels.py
[2025-07-01T22:30:56.430+0000] {processor.py:925} INFO - DAG(s) 'example_branch_labels' retrieved from /home/airflow/.local/lib/python3.12/site-packages/airflow/example_dags/example_branch_labels.py
[2025-07-01T22:30:56.449+0000] {logging_mixin.py:190} INFO - [2025-07-01T22:30:56.449+0000] {dag.py:3239} INFO - Sync 1 DAGs
[2025-07-01T22:30:56.474+0000] {logging_mixin.py:190} INFO - [2025-07-01T22:30:56.473+0000] {dag.py:4180} INFO - Setting next_dagrun for example_branch_labels to 2025-06-30 00:00:00+00:00, run_after=2025-07-01 00:00:00+00:00
[2025-07-01T22:30:56.494+0000] {processor.py:208} INFO - Processing /home/airflow/.local/lib/python3.12/site-packages/airflow/example_dags/example_branch_labels.py took 0.088 seconds
[2025-07-01T22:31:27.294+0000] {processor.py:186} INFO - Started process (PID=9368) to work on /home/airflow/.local/lib/python3.12/site-packages/airflow/example_dags/example_branch_labels.py
[2025-07-01T22:31:27.296+0000] {processor.py:914} INFO - Processing file /home/airflow/.local/lib/python3.12/site-packages/airflow/example_dags/example_branch_labels.py for tasks to queue
[2025-07-01T22:31:27.298+0000] {logging_mixin.py:190} INFO - [2025-07-01T22:31:27.298+0000] {dagbag.py:588} INFO - Filling up the DagBag from /home/airflow/.local/lib/python3.12/site-packages/airflow/example_dags/example_branch_labels.py
[2025-07-01T22:31:27.307+0000] {processor.py:925} INFO - DAG(s) 'example_branch_labels' retrieved from /home/airflow/.local/lib/python3.12/site-packages/airflow/example_dags/example_branch_labels.py
[2025-07-01T22:31:27.327+0000] {logging_mixin.py:190} INFO - [2025-07-01T22:31:27.326+0000] {dag.py:3239} INFO - Sync 1 DAGs
[2025-07-01T22:31:27.350+0000] {logging_mixin.py:190} INFO - [2025-07-01T22:31:27.349+0000] {dag.py:4180} INFO - Setting next_dagrun for example_branch_labels to 2025-06-30 00:00:00+00:00, run_after=2025-07-01 00:00:00+00:00
[2025-07-01T22:31:27.369+0000] {processor.py:208} INFO - Processing /home/airflow/.local/lib/python3.12/site-packages/airflow/example_dags/example_branch_labels.py took 0.082 seconds
[2025-07-01T22:31:58.503+0000] {processor.py:186} INFO - Started process (PID=9432) to work on /home/airflow/.local/lib/python3.12/site-packages/airflow/example_dags/example_branch_labels.py
[2025-07-01T22:31:58.504+0000] {processor.py:914} INFO - Processing file /home/airflow/.local/lib/python3.12/site-packages/airflow/example_dags/example_branch_labels.py for tasks to queue
[2025-07-01T22:31:58.506+0000] {logging_mixin.py:190} INFO - [2025-07-01T22:31:58.506+0000] {dagbag.py:588} INFO - Filling up the DagBag from /home/airflow/.local/lib/python3.12/site-packages/airflow/example_dags/example_branch_labels.py
[2025-07-01T22:31:58.516+0000] {processor.py:925} INFO - DAG(s) 'example_branch_labels' retrieved from /home/airflow/.local/lib/python3.12/site-packages/airflow/example_dags/example_branch_labels.py
[2025-07-01T22:31:58.535+0000] {logging_mixin.py:190} INFO - [2025-07-01T22:31:58.534+0000] {dag.py:3239} INFO - Sync 1 DAGs
[2025-07-01T22:31:58.554+0000] {logging_mixin.py:190} INFO - [2025-07-01T22:31:58.554+0000] {dag.py:4180} INFO - Setting next_dagrun for example_branch_labels to 2025-06-30 00:00:00+00:00, run_after=2025-07-01 00:00:00+00:00
[2025-07-01T22:31:58.574+0000] {processor.py:208} INFO - Processing /home/airflow/.local/lib/python3.12/site-packages/airflow/example_dags/example_branch_labels.py took 0.080 seconds
[2025-07-01T22:32:28.937+0000] {processor.py:186} INFO - Started process (PID=9514) to work on /home/airflow/.local/lib/python3.12/site-packages/airflow/example_dags/example_branch_labels.py
[2025-07-01T22:32:28.938+0000] {processor.py:914} INFO - Processing file /home/airflow/.local/lib/python3.12/site-packages/airflow/example_dags/example_branch_labels.py for tasks to queue
[2025-07-01T22:32:28.940+0000] {logging_mixin.py:190} INFO - [2025-07-01T22:32:28.940+0000] {dagbag.py:588} INFO - Filling up the DagBag from /home/airflow/.local/lib/python3.12/site-packages/airflow/example_dags/example_branch_labels.py
[2025-07-01T22:32:28.948+0000] {processor.py:925} INFO - DAG(s) 'example_branch_labels' retrieved from /home/airflow/.local/lib/python3.12/site-packages/airflow/example_dags/example_branch_labels.py
[2025-07-01T22:32:28.967+0000] {logging_mixin.py:190} INFO - [2025-07-01T22:32:28.967+0000] {dag.py:3239} INFO - Sync 1 DAGs
[2025-07-01T22:32:28.990+0000] {logging_mixin.py:190} INFO - [2025-07-01T22:32:28.989+0000] {dag.py:4180} INFO - Setting next_dagrun for example_branch_labels to 2025-06-30 00:00:00+00:00, run_after=2025-07-01 00:00:00+00:00
[2025-07-01T22:32:29.009+0000] {processor.py:208} INFO - Processing /home/airflow/.local/lib/python3.12/site-packages/airflow/example_dags/example_branch_labels.py took 0.081 seconds
[2025-07-01T22:33:18.616+0000] {processor.py:186} INFO - Started process (PID=96) to work on /home/airflow/.local/lib/python3.12/site-packages/airflow/example_dags/example_branch_labels.py
[2025-07-01T22:33:18.617+0000] {processor.py:914} INFO - Processing file /home/airflow/.local/lib/python3.12/site-packages/airflow/example_dags/example_branch_labels.py for tasks to queue
[2025-07-01T22:33:18.619+0000] {logging_mixin.py:190} INFO - [2025-07-01T22:33:18.619+0000] {dagbag.py:588} INFO - Filling up the DagBag from /home/airflow/.local/lib/python3.12/site-packages/airflow/example_dags/example_branch_labels.py
[2025-07-01T22:33:18.628+0000] {processor.py:925} INFO - DAG(s) 'example_branch_labels' retrieved from /home/airflow/.local/lib/python3.12/site-packages/airflow/example_dags/example_branch_labels.py
[2025-07-01T22:33:18.648+0000] {logging_mixin.py:190} INFO - [2025-07-01T22:33:18.648+0000] {dag.py:3239} INFO - Sync 1 DAGs
[2025-07-01T22:33:18.671+0000] {logging_mixin.py:190} INFO - [2025-07-01T22:33:18.670+0000] {dag.py:4180} INFO - Setting next_dagrun for example_branch_labels to 2025-06-30 00:00:00+00:00, run_after=2025-07-01 00:00:00+00:00
[2025-07-01T22:33:18.691+0000] {processor.py:208} INFO - Processing /home/airflow/.local/lib/python3.12/site-packages/airflow/example_dags/example_branch_labels.py took 0.080 seconds
[2025-07-01T22:33:49.285+0000] {processor.py:186} INFO - Started process (PID=160) to work on /home/airflow/.local/lib/python3.12/site-packages/airflow/example_dags/example_branch_labels.py
[2025-07-01T22:33:49.286+0000] {processor.py:914} INFO - Processing file /home/airflow/.local/lib/python3.12/site-packages/airflow/example_dags/example_branch_labels.py for tasks to queue
[2025-07-01T22:33:49.288+0000] {logging_mixin.py:190} INFO - [2025-07-01T22:33:49.288+0000] {dagbag.py:588} INFO - Filling up the DagBag from /home/airflow/.local/lib/python3.12/site-packages/airflow/example_dags/example_branch_labels.py
[2025-07-01T22:33:49.297+0000] {processor.py:925} INFO - DAG(s) 'example_branch_labels' retrieved from /home/airflow/.local/lib/python3.12/site-packages/airflow/example_dags/example_branch_labels.py
[2025-07-01T22:33:49.317+0000] {logging_mixin.py:190} INFO - [2025-07-01T22:33:49.317+0000] {dag.py:3239} INFO - Sync 1 DAGs
[2025-07-01T22:33:49.337+0000] {logging_mixin.py:190} INFO - [2025-07-01T22:33:49.337+0000] {dag.py:4180} INFO - Setting next_dagrun for example_branch_labels to 2025-06-30 00:00:00+00:00, run_after=2025-07-01 00:00:00+00:00
[2025-07-01T22:33:49.357+0000] {processor.py:208} INFO - Processing /home/airflow/.local/lib/python3.12/site-packages/airflow/example_dags/example_branch_labels.py took 0.078 seconds
[2025-07-01T22:34:19.454+0000] {processor.py:186} INFO - Started process (PID=232) to work on /home/airflow/.local/lib/python3.12/site-packages/airflow/example_dags/example_branch_labels.py
[2025-07-01T22:34:19.455+0000] {processor.py:914} INFO - Processing file /home/airflow/.local/lib/python3.12/site-packages/airflow/example_dags/example_branch_labels.py for tasks to queue
[2025-07-01T22:34:19.457+0000] {logging_mixin.py:190} INFO - [2025-07-01T22:34:19.457+0000] {dagbag.py:588} INFO - Filling up the DagBag from /home/airflow/.local/lib/python3.12/site-packages/airflow/example_dags/example_branch_labels.py
[2025-07-01T22:34:19.467+0000] {processor.py:925} INFO - DAG(s) 'example_branch_labels' retrieved from /home/airflow/.local/lib/python3.12/site-packages/airflow/example_dags/example_branch_labels.py
[2025-07-01T22:34:19.485+0000] {logging_mixin.py:190} INFO - [2025-07-01T22:34:19.485+0000] {dag.py:3239} INFO - Sync 1 DAGs
[2025-07-01T22:34:19.507+0000] {logging_mixin.py:190} INFO - [2025-07-01T22:34:19.507+0000] {dag.py:4180} INFO - Setting next_dagrun for example_branch_labels to 2025-06-30 00:00:00+00:00, run_after=2025-07-01 00:00:00+00:00
[2025-07-01T22:34:19.525+0000] {processor.py:208} INFO - Processing /home/airflow/.local/lib/python3.12/site-packages/airflow/example_dags/example_branch_labels.py took 0.076 seconds
[2025-07-01T22:34:50.278+0000] {processor.py:186} INFO - Started process (PID=296) to work on /home/airflow/.local/lib/python3.12/site-packages/airflow/example_dags/example_branch_labels.py
[2025-07-01T22:34:50.279+0000] {processor.py:914} INFO - Processing file /home/airflow/.local/lib/python3.12/site-packages/airflow/example_dags/example_branch_labels.py for tasks to queue
[2025-07-01T22:34:50.282+0000] {logging_mixin.py:190} INFO - [2025-07-01T22:34:50.281+0000] {dagbag.py:588} INFO - Filling up the DagBag from /home/airflow/.local/lib/python3.12/site-packages/airflow/example_dags/example_branch_labels.py
[2025-07-01T22:34:50.290+0000] {processor.py:925} INFO - DAG(s) 'example_branch_labels' retrieved from /home/airflow/.local/lib/python3.12/site-packages/airflow/example_dags/example_branch_labels.py
[2025-07-01T22:34:50.306+0000] {logging_mixin.py:190} INFO - [2025-07-01T22:34:50.306+0000] {dag.py:3239} INFO - Sync 1 DAGs
[2025-07-01T22:34:50.326+0000] {logging_mixin.py:190} INFO - [2025-07-01T22:34:50.325+0000] {dag.py:4180} INFO - Setting next_dagrun for example_branch_labels to 2025-06-30 00:00:00+00:00, run_after=2025-07-01 00:00:00+00:00
[2025-07-01T22:34:50.343+0000] {processor.py:208} INFO - Processing /home/airflow/.local/lib/python3.12/site-packages/airflow/example_dags/example_branch_labels.py took 0.070 seconds
[2025-07-01T22:35:21.314+0000] {processor.py:186} INFO - Started process (PID=360) to work on /home/airflow/.local/lib/python3.12/site-packages/airflow/example_dags/example_branch_labels.py
[2025-07-01T22:35:21.316+0000] {processor.py:914} INFO - Processing file /home/airflow/.local/lib/python3.12/site-packages/airflow/example_dags/example_branch_labels.py for tasks to queue
[2025-07-01T22:35:21.319+0000] {logging_mixin.py:190} INFO - [2025-07-01T22:35:21.319+0000] {dagbag.py:588} INFO - Filling up the DagBag from /home/airflow/.local/lib/python3.12/site-packages/airflow/example_dags/example_branch_labels.py
[2025-07-01T22:35:21.329+0000] {processor.py:925} INFO - DAG(s) 'example_branch_labels' retrieved from /home/airflow/.local/lib/python3.12/site-packages/airflow/example_dags/example_branch_labels.py
[2025-07-01T22:35:21.348+0000] {logging_mixin.py:190} INFO - [2025-07-01T22:35:21.348+0000] {dag.py:3239} INFO - Sync 1 DAGs
[2025-07-01T22:35:21.370+0000] {logging_mixin.py:190} INFO - [2025-07-01T22:35:21.369+0000] {dag.py:4180} INFO - Setting next_dagrun for example_branch_labels to 2025-06-30 00:00:00+00:00, run_after=2025-07-01 00:00:00+00:00
[2025-07-01T22:35:21.391+0000] {processor.py:208} INFO - Processing /home/airflow/.local/lib/python3.12/site-packages/airflow/example_dags/example_branch_labels.py took 0.083 seconds
[2025-07-01T22:35:52.296+0000] {processor.py:186} INFO - Started process (PID=432) to work on /home/airflow/.local/lib/python3.12/site-packages/airflow/example_dags/example_branch_labels.py
[2025-07-01T22:35:52.297+0000] {processor.py:914} INFO - Processing file /home/airflow/.local/lib/python3.12/site-packages/airflow/example_dags/example_branch_labels.py for tasks to queue
[2025-07-01T22:35:52.299+0000] {logging_mixin.py:190} INFO - [2025-07-01T22:35:52.299+0000] {dagbag.py:588} INFO - Filling up the DagBag from /home/airflow/.local/lib/python3.12/site-packages/airflow/example_dags/example_branch_labels.py
[2025-07-01T22:35:52.310+0000] {processor.py:925} INFO - DAG(s) 'example_branch_labels' retrieved from /home/airflow/.local/lib/python3.12/site-packages/airflow/example_dags/example_branch_labels.py
[2025-07-01T22:35:52.333+0000] {logging_mixin.py:190} INFO - [2025-07-01T22:35:52.333+0000] {dag.py:3239} INFO - Sync 1 DAGs
[2025-07-01T22:35:52.357+0000] {logging_mixin.py:190} INFO - [2025-07-01T22:35:52.357+0000] {dag.py:4180} INFO - Setting next_dagrun for example_branch_labels to 2025-06-30 00:00:00+00:00, run_after=2025-07-01 00:00:00+00:00
[2025-07-01T22:35:52.382+0000] {processor.py:208} INFO - Processing /home/airflow/.local/lib/python3.12/site-packages/airflow/example_dags/example_branch_labels.py took 0.092 seconds
[2025-07-01T22:36:23.059+0000] {processor.py:186} INFO - Started process (PID=496) to work on /home/airflow/.local/lib/python3.12/site-packages/airflow/example_dags/example_branch_labels.py
[2025-07-01T22:36:23.060+0000] {processor.py:914} INFO - Processing file /home/airflow/.local/lib/python3.12/site-packages/airflow/example_dags/example_branch_labels.py for tasks to queue
[2025-07-01T22:36:23.063+0000] {logging_mixin.py:190} INFO - [2025-07-01T22:36:23.063+0000] {dagbag.py:588} INFO - Filling up the DagBag from /home/airflow/.local/lib/python3.12/site-packages/airflow/example_dags/example_branch_labels.py
[2025-07-01T22:36:23.072+0000] {processor.py:925} INFO - DAG(s) 'example_branch_labels' retrieved from /home/airflow/.local/lib/python3.12/site-packages/airflow/example_dags/example_branch_labels.py
[2025-07-01T22:36:23.092+0000] {logging_mixin.py:190} INFO - [2025-07-01T22:36:23.092+0000] {dag.py:3239} INFO - Sync 1 DAGs
[2025-07-01T22:36:23.112+0000] {logging_mixin.py:190} INFO - [2025-07-01T22:36:23.112+0000] {dag.py:4180} INFO - Setting next_dagrun for example_branch_labels to 2025-06-30 00:00:00+00:00, run_after=2025-07-01 00:00:00+00:00
[2025-07-01T22:36:23.132+0000] {processor.py:208} INFO - Processing /home/airflow/.local/lib/python3.12/site-packages/airflow/example_dags/example_branch_labels.py took 0.079 seconds
[2025-07-01T22:36:54.068+0000] {processor.py:186} INFO - Started process (PID=560) to work on /home/airflow/.local/lib/python3.12/site-packages/airflow/example_dags/example_branch_labels.py
[2025-07-01T22:36:54.070+0000] {processor.py:914} INFO - Processing file /home/airflow/.local/lib/python3.12/site-packages/airflow/example_dags/example_branch_labels.py for tasks to queue
[2025-07-01T22:36:54.072+0000] {logging_mixin.py:190} INFO - [2025-07-01T22:36:54.072+0000] {dagbag.py:588} INFO - Filling up the DagBag from /home/airflow/.local/lib/python3.12/site-packages/airflow/example_dags/example_branch_labels.py
[2025-07-01T22:36:54.081+0000] {processor.py:925} INFO - DAG(s) 'example_branch_labels' retrieved from /home/airflow/.local/lib/python3.12/site-packages/airflow/example_dags/example_branch_labels.py
[2025-07-01T22:36:54.100+0000] {logging_mixin.py:190} INFO - [2025-07-01T22:36:54.100+0000] {dag.py:3239} INFO - Sync 1 DAGs
[2025-07-01T22:36:54.120+0000] {logging_mixin.py:190} INFO - [2025-07-01T22:36:54.120+0000] {dag.py:4180} INFO - Setting next_dagrun for example_branch_labels to 2025-06-30 00:00:00+00:00, run_after=2025-07-01 00:00:00+00:00
[2025-07-01T22:36:54.137+0000] {processor.py:208} INFO - Processing /home/airflow/.local/lib/python3.12/site-packages/airflow/example_dags/example_branch_labels.py took 0.074 seconds
[2025-07-01T22:37:24.912+0000] {processor.py:186} INFO - Started process (PID=624) to work on /home/airflow/.local/lib/python3.12/site-packages/airflow/example_dags/example_branch_labels.py
[2025-07-01T22:37:24.913+0000] {processor.py:914} INFO - Processing file /home/airflow/.local/lib/python3.12/site-packages/airflow/example_dags/example_branch_labels.py for tasks to queue
[2025-07-01T22:37:24.915+0000] {logging_mixin.py:190} INFO - [2025-07-01T22:37:24.915+0000] {dagbag.py:588} INFO - Filling up the DagBag from /home/airflow/.local/lib/python3.12/site-packages/airflow/example_dags/example_branch_labels.py
[2025-07-01T22:37:24.925+0000] {processor.py:925} INFO - DAG(s) 'example_branch_labels' retrieved from /home/airflow/.local/lib/python3.12/site-packages/airflow/example_dags/example_branch_labels.py
[2025-07-01T22:37:24.944+0000] {logging_mixin.py:190} INFO - [2025-07-01T22:37:24.944+0000] {dag.py:3239} INFO - Sync 1 DAGs
[2025-07-01T22:37:24.965+0000] {logging_mixin.py:190} INFO - [2025-07-01T22:37:24.965+0000] {dag.py:4180} INFO - Setting next_dagrun for example_branch_labels to 2025-06-30 00:00:00+00:00, run_after=2025-07-01 00:00:00+00:00
[2025-07-01T22:37:24.985+0000] {processor.py:208} INFO - Processing /home/airflow/.local/lib/python3.12/site-packages/airflow/example_dags/example_branch_labels.py took 0.079 seconds
[2025-07-01T22:37:56.075+0000] {processor.py:186} INFO - Started process (PID=688) to work on /home/airflow/.local/lib/python3.12/site-packages/airflow/example_dags/example_branch_labels.py
[2025-07-01T22:37:56.076+0000] {processor.py:914} INFO - Processing file /home/airflow/.local/lib/python3.12/site-packages/airflow/example_dags/example_branch_labels.py for tasks to queue
[2025-07-01T22:37:56.079+0000] {logging_mixin.py:190} INFO - [2025-07-01T22:37:56.079+0000] {dagbag.py:588} INFO - Filling up the DagBag from /home/airflow/.local/lib/python3.12/site-packages/airflow/example_dags/example_branch_labels.py
[2025-07-01T22:37:56.090+0000] {processor.py:925} INFO - DAG(s) 'example_branch_labels' retrieved from /home/airflow/.local/lib/python3.12/site-packages/airflow/example_dags/example_branch_labels.py
[2025-07-01T22:37:56.110+0000] {logging_mixin.py:190} INFO - [2025-07-01T22:37:56.110+0000] {dag.py:3239} INFO - Sync 1 DAGs
[2025-07-01T22:37:56.131+0000] {logging_mixin.py:190} INFO - [2025-07-01T22:37:56.131+0000] {dag.py:4180} INFO - Setting next_dagrun for example_branch_labels to 2025-06-30 00:00:00+00:00, run_after=2025-07-01 00:00:00+00:00
[2025-07-01T22:37:56.150+0000] {processor.py:208} INFO - Processing /home/airflow/.local/lib/python3.12/site-packages/airflow/example_dags/example_branch_labels.py took 0.081 seconds
[2025-07-01T22:38:26.496+0000] {processor.py:186} INFO - Started process (PID=752) to work on /home/airflow/.local/lib/python3.12/site-packages/airflow/example_dags/example_branch_labels.py
[2025-07-01T22:38:26.498+0000] {processor.py:914} INFO - Processing file /home/airflow/.local/lib/python3.12/site-packages/airflow/example_dags/example_branch_labels.py for tasks to queue
[2025-07-01T22:38:26.501+0000] {logging_mixin.py:190} INFO - [2025-07-01T22:38:26.500+0000] {dagbag.py:588} INFO - Filling up the DagBag from /home/airflow/.local/lib/python3.12/site-packages/airflow/example_dags/example_branch_labels.py
[2025-07-01T22:38:26.509+0000] {processor.py:925} INFO - DAG(s) 'example_branch_labels' retrieved from /home/airflow/.local/lib/python3.12/site-packages/airflow/example_dags/example_branch_labels.py
[2025-07-01T22:38:26.528+0000] {logging_mixin.py:190} INFO - [2025-07-01T22:38:26.527+0000] {dag.py:3239} INFO - Sync 1 DAGs
[2025-07-01T22:38:26.548+0000] {logging_mixin.py:190} INFO - [2025-07-01T22:38:26.548+0000] {dag.py:4180} INFO - Setting next_dagrun for example_branch_labels to 2025-06-30 00:00:00+00:00, run_after=2025-07-01 00:00:00+00:00
[2025-07-01T22:38:26.566+0000] {processor.py:208} INFO - Processing /home/airflow/.local/lib/python3.12/site-packages/airflow/example_dags/example_branch_labels.py took 0.075 seconds
[2025-07-01T22:38:57.285+0000] {processor.py:186} INFO - Started process (PID=816) to work on /home/airflow/.local/lib/python3.12/site-packages/airflow/example_dags/example_branch_labels.py
[2025-07-01T22:38:57.286+0000] {processor.py:914} INFO - Processing file /home/airflow/.local/lib/python3.12/site-packages/airflow/example_dags/example_branch_labels.py for tasks to queue
[2025-07-01T22:38:57.289+0000] {logging_mixin.py:190} INFO - [2025-07-01T22:38:57.288+0000] {dagbag.py:588} INFO - Filling up the DagBag from /home/airflow/.local/lib/python3.12/site-packages/airflow/example_dags/example_branch_labels.py
[2025-07-01T22:38:57.297+0000] {processor.py:925} INFO - DAG(s) 'example_branch_labels' retrieved from /home/airflow/.local/lib/python3.12/site-packages/airflow/example_dags/example_branch_labels.py
[2025-07-01T22:38:57.315+0000] {logging_mixin.py:190} INFO - [2025-07-01T22:38:57.315+0000] {dag.py:3239} INFO - Sync 1 DAGs
[2025-07-01T22:38:57.335+0000] {logging_mixin.py:190} INFO - [2025-07-01T22:38:57.334+0000] {dag.py:4180} INFO - Setting next_dagrun for example_branch_labels to 2025-06-30 00:00:00+00:00, run_after=2025-07-01 00:00:00+00:00
[2025-07-01T22:38:57.352+0000] {processor.py:208} INFO - Processing /home/airflow/.local/lib/python3.12/site-packages/airflow/example_dags/example_branch_labels.py took 0.072 seconds
[2025-07-01T22:39:27.620+0000] {processor.py:186} INFO - Started process (PID=880) to work on /home/airflow/.local/lib/python3.12/site-packages/airflow/example_dags/example_branch_labels.py
[2025-07-01T22:39:27.621+0000] {processor.py:914} INFO - Processing file /home/airflow/.local/lib/python3.12/site-packages/airflow/example_dags/example_branch_labels.py for tasks to queue
[2025-07-01T22:39:27.624+0000] {logging_mixin.py:190} INFO - [2025-07-01T22:39:27.623+0000] {dagbag.py:588} INFO - Filling up the DagBag from /home/airflow/.local/lib/python3.12/site-packages/airflow/example_dags/example_branch_labels.py
[2025-07-01T22:39:27.632+0000] {processor.py:925} INFO - DAG(s) 'example_branch_labels' retrieved from /home/airflow/.local/lib/python3.12/site-packages/airflow/example_dags/example_branch_labels.py
[2025-07-01T22:39:27.650+0000] {logging_mixin.py:190} INFO - [2025-07-01T22:39:27.650+0000] {dag.py:3239} INFO - Sync 1 DAGs
[2025-07-01T22:39:27.668+0000] {logging_mixin.py:190} INFO - [2025-07-01T22:39:27.668+0000] {dag.py:4180} INFO - Setting next_dagrun for example_branch_labels to 2025-06-30 00:00:00+00:00, run_after=2025-07-01 00:00:00+00:00
[2025-07-01T22:39:27.685+0000] {processor.py:208} INFO - Processing /home/airflow/.local/lib/python3.12/site-packages/airflow/example_dags/example_branch_labels.py took 0.070 seconds
[2025-07-01T22:39:58.854+0000] {processor.py:186} INFO - Started process (PID=944) to work on /home/airflow/.local/lib/python3.12/site-packages/airflow/example_dags/example_branch_labels.py
[2025-07-01T22:39:58.856+0000] {processor.py:914} INFO - Processing file /home/airflow/.local/lib/python3.12/site-packages/airflow/example_dags/example_branch_labels.py for tasks to queue
[2025-07-01T22:39:58.859+0000] {logging_mixin.py:190} INFO - [2025-07-01T22:39:58.858+0000] {dagbag.py:588} INFO - Filling up the DagBag from /home/airflow/.local/lib/python3.12/site-packages/airflow/example_dags/example_branch_labels.py
[2025-07-01T22:39:58.875+0000] {processor.py:925} INFO - DAG(s) 'example_branch_labels' retrieved from /home/airflow/.local/lib/python3.12/site-packages/airflow/example_dags/example_branch_labels.py
[2025-07-01T22:39:58.904+0000] {logging_mixin.py:190} INFO - [2025-07-01T22:39:58.903+0000] {dag.py:3239} INFO - Sync 1 DAGs
[2025-07-01T22:39:58.930+0000] {logging_mixin.py:190} INFO - [2025-07-01T22:39:58.930+0000] {dag.py:4180} INFO - Setting next_dagrun for example_branch_labels to 2025-06-30 00:00:00+00:00, run_after=2025-07-01 00:00:00+00:00
[2025-07-01T22:39:58.949+0000] {processor.py:208} INFO - Processing /home/airflow/.local/lib/python3.12/site-packages/airflow/example_dags/example_branch_labels.py took 0.104 seconds
[2025-07-01T22:40:29.041+0000] {processor.py:186} INFO - Started process (PID=1008) to work on /home/airflow/.local/lib/python3.12/site-packages/airflow/example_dags/example_branch_labels.py
[2025-07-01T22:40:29.042+0000] {processor.py:914} INFO - Processing file /home/airflow/.local/lib/python3.12/site-packages/airflow/example_dags/example_branch_labels.py for tasks to queue
[2025-07-01T22:40:29.044+0000] {logging_mixin.py:190} INFO - [2025-07-01T22:40:29.044+0000] {dagbag.py:588} INFO - Filling up the DagBag from /home/airflow/.local/lib/python3.12/site-packages/airflow/example_dags/example_branch_labels.py
[2025-07-01T22:40:29.053+0000] {processor.py:925} INFO - DAG(s) 'example_branch_labels' retrieved from /home/airflow/.local/lib/python3.12/site-packages/airflow/example_dags/example_branch_labels.py
[2025-07-01T22:40:29.072+0000] {logging_mixin.py:190} INFO - [2025-07-01T22:40:29.071+0000] {dag.py:3239} INFO - Sync 1 DAGs
[2025-07-01T22:40:29.090+0000] {logging_mixin.py:190} INFO - [2025-07-01T22:40:29.090+0000] {dag.py:4180} INFO - Setting next_dagrun for example_branch_labels to 2025-06-30 00:00:00+00:00, run_after=2025-07-01 00:00:00+00:00
[2025-07-01T22:40:29.106+0000] {processor.py:208} INFO - Processing /home/airflow/.local/lib/python3.12/site-packages/airflow/example_dags/example_branch_labels.py took 0.071 seconds
[2025-07-01T22:40:59.517+0000] {processor.py:186} INFO - Started process (PID=1072) to work on /home/airflow/.local/lib/python3.12/site-packages/airflow/example_dags/example_branch_labels.py
[2025-07-01T22:40:59.518+0000] {processor.py:914} INFO - Processing file /home/airflow/.local/lib/python3.12/site-packages/airflow/example_dags/example_branch_labels.py for tasks to queue
[2025-07-01T22:40:59.522+0000] {logging_mixin.py:190} INFO - [2025-07-01T22:40:59.521+0000] {dagbag.py:588} INFO - Filling up the DagBag from /home/airflow/.local/lib/python3.12/site-packages/airflow/example_dags/example_branch_labels.py
[2025-07-01T22:40:59.537+0000] {processor.py:925} INFO - DAG(s) 'example_branch_labels' retrieved from /home/airflow/.local/lib/python3.12/site-packages/airflow/example_dags/example_branch_labels.py
[2025-07-01T22:40:59.562+0000] {logging_mixin.py:190} INFO - [2025-07-01T22:40:59.562+0000] {dag.py:3239} INFO - Sync 1 DAGs
[2025-07-01T22:40:59.597+0000] {logging_mixin.py:190} INFO - [2025-07-01T22:40:59.596+0000] {dag.py:4180} INFO - Setting next_dagrun for example_branch_labels to 2025-06-30 00:00:00+00:00, run_after=2025-07-01 00:00:00+00:00
[2025-07-01T22:40:59.622+0000] {processor.py:208} INFO - Processing /home/airflow/.local/lib/python3.12/site-packages/airflow/example_dags/example_branch_labels.py took 0.112 seconds
[2025-07-01T22:41:30.180+0000] {processor.py:186} INFO - Started process (PID=1136) to work on /home/airflow/.local/lib/python3.12/site-packages/airflow/example_dags/example_branch_labels.py
[2025-07-01T22:41:30.181+0000] {processor.py:914} INFO - Processing file /home/airflow/.local/lib/python3.12/site-packages/airflow/example_dags/example_branch_labels.py for tasks to queue
[2025-07-01T22:41:30.183+0000] {logging_mixin.py:190} INFO - [2025-07-01T22:41:30.183+0000] {dagbag.py:588} INFO - Filling up the DagBag from /home/airflow/.local/lib/python3.12/site-packages/airflow/example_dags/example_branch_labels.py
[2025-07-01T22:41:30.192+0000] {processor.py:925} INFO - DAG(s) 'example_branch_labels' retrieved from /home/airflow/.local/lib/python3.12/site-packages/airflow/example_dags/example_branch_labels.py
[2025-07-01T22:41:30.210+0000] {logging_mixin.py:190} INFO - [2025-07-01T22:41:30.210+0000] {dag.py:3239} INFO - Sync 1 DAGs
[2025-07-01T22:41:30.230+0000] {logging_mixin.py:190} INFO - [2025-07-01T22:41:30.230+0000] {dag.py:4180} INFO - Setting next_dagrun for example_branch_labels to 2025-06-30 00:00:00+00:00, run_after=2025-07-01 00:00:00+00:00
[2025-07-01T22:41:30.247+0000] {processor.py:208} INFO - Processing /home/airflow/.local/lib/python3.12/site-packages/airflow/example_dags/example_branch_labels.py took 0.072 seconds
[2025-07-01T22:42:01.084+0000] {processor.py:186} INFO - Started process (PID=1200) to work on /home/airflow/.local/lib/python3.12/site-packages/airflow/example_dags/example_branch_labels.py
[2025-07-01T22:42:01.085+0000] {processor.py:914} INFO - Processing file /home/airflow/.local/lib/python3.12/site-packages/airflow/example_dags/example_branch_labels.py for tasks to queue
[2025-07-01T22:42:01.088+0000] {logging_mixin.py:190} INFO - [2025-07-01T22:42:01.088+0000] {dagbag.py:588} INFO - Filling up the DagBag from /home/airflow/.local/lib/python3.12/site-packages/airflow/example_dags/example_branch_labels.py
[2025-07-01T22:42:01.099+0000] {processor.py:925} INFO - DAG(s) 'example_branch_labels' retrieved from /home/airflow/.local/lib/python3.12/site-packages/airflow/example_dags/example_branch_labels.py
[2025-07-01T22:42:01.120+0000] {logging_mixin.py:190} INFO - [2025-07-01T22:42:01.120+0000] {dag.py:3239} INFO - Sync 1 DAGs
[2025-07-01T22:42:01.145+0000] {logging_mixin.py:190} INFO - [2025-07-01T22:42:01.144+0000] {dag.py:4180} INFO - Setting next_dagrun for example_branch_labels to 2025-06-30 00:00:00+00:00, run_after=2025-07-01 00:00:00+00:00
[2025-07-01T22:42:01.166+0000] {processor.py:208} INFO - Processing /home/airflow/.local/lib/python3.12/site-packages/airflow/example_dags/example_branch_labels.py took 0.088 seconds
[2025-07-01T22:42:31.817+0000] {processor.py:186} INFO - Started process (PID=1264) to work on /home/airflow/.local/lib/python3.12/site-packages/airflow/example_dags/example_branch_labels.py
[2025-07-01T22:42:31.818+0000] {processor.py:914} INFO - Processing file /home/airflow/.local/lib/python3.12/site-packages/airflow/example_dags/example_branch_labels.py for tasks to queue
[2025-07-01T22:42:31.822+0000] {logging_mixin.py:190} INFO - [2025-07-01T22:42:31.821+0000] {dagbag.py:588} INFO - Filling up the DagBag from /home/airflow/.local/lib/python3.12/site-packages/airflow/example_dags/example_branch_labels.py
[2025-07-01T22:42:31.832+0000] {processor.py:925} INFO - DAG(s) 'example_branch_labels' retrieved from /home/airflow/.local/lib/python3.12/site-packages/airflow/example_dags/example_branch_labels.py
[2025-07-01T22:42:31.854+0000] {logging_mixin.py:190} INFO - [2025-07-01T22:42:31.854+0000] {dag.py:3239} INFO - Sync 1 DAGs
[2025-07-01T22:42:31.875+0000] {logging_mixin.py:190} INFO - [2025-07-01T22:42:31.875+0000] {dag.py:4180} INFO - Setting next_dagrun for example_branch_labels to 2025-06-30 00:00:00+00:00, run_after=2025-07-01 00:00:00+00:00
[2025-07-01T22:42:31.896+0000] {processor.py:208} INFO - Processing /home/airflow/.local/lib/python3.12/site-packages/airflow/example_dags/example_branch_labels.py took 0.084 seconds
[2025-07-01T22:43:02.933+0000] {processor.py:186} INFO - Started process (PID=1328) to work on /home/airflow/.local/lib/python3.12/site-packages/airflow/example_dags/example_branch_labels.py
[2025-07-01T22:43:02.934+0000] {processor.py:914} INFO - Processing file /home/airflow/.local/lib/python3.12/site-packages/airflow/example_dags/example_branch_labels.py for tasks to queue
[2025-07-01T22:43:02.937+0000] {logging_mixin.py:190} INFO - [2025-07-01T22:43:02.936+0000] {dagbag.py:588} INFO - Filling up the DagBag from /home/airflow/.local/lib/python3.12/site-packages/airflow/example_dags/example_branch_labels.py
[2025-07-01T22:43:02.946+0000] {processor.py:925} INFO - DAG(s) 'example_branch_labels' retrieved from /home/airflow/.local/lib/python3.12/site-packages/airflow/example_dags/example_branch_labels.py
[2025-07-01T22:43:02.966+0000] {logging_mixin.py:190} INFO - [2025-07-01T22:43:02.966+0000] {dag.py:3239} INFO - Sync 1 DAGs
[2025-07-01T22:43:02.989+0000] {logging_mixin.py:190} INFO - [2025-07-01T22:43:02.989+0000] {dag.py:4180} INFO - Setting next_dagrun for example_branch_labels to 2025-06-30 00:00:00+00:00, run_after=2025-07-01 00:00:00+00:00
[2025-07-01T22:43:03.006+0000] {processor.py:208} INFO - Processing /home/airflow/.local/lib/python3.12/site-packages/airflow/example_dags/example_branch_labels.py took 0.078 seconds
[2025-07-01T22:43:33.456+0000] {processor.py:186} INFO - Started process (PID=1392) to work on /home/airflow/.local/lib/python3.12/site-packages/airflow/example_dags/example_branch_labels.py
[2025-07-01T22:43:33.457+0000] {processor.py:914} INFO - Processing file /home/airflow/.local/lib/python3.12/site-packages/airflow/example_dags/example_branch_labels.py for tasks to queue
[2025-07-01T22:43:33.459+0000] {logging_mixin.py:190} INFO - [2025-07-01T22:43:33.459+0000] {dagbag.py:588} INFO - Filling up the DagBag from /home/airflow/.local/lib/python3.12/site-packages/airflow/example_dags/example_branch_labels.py
[2025-07-01T22:43:33.468+0000] {processor.py:925} INFO - DAG(s) 'example_branch_labels' retrieved from /home/airflow/.local/lib/python3.12/site-packages/airflow/example_dags/example_branch_labels.py
[2025-07-01T22:43:33.486+0000] {logging_mixin.py:190} INFO - [2025-07-01T22:43:33.486+0000] {dag.py:3239} INFO - Sync 1 DAGs
[2025-07-01T22:43:33.507+0000] {logging_mixin.py:190} INFO - [2025-07-01T22:43:33.507+0000] {dag.py:4180} INFO - Setting next_dagrun for example_branch_labels to 2025-06-30 00:00:00+00:00, run_after=2025-07-01 00:00:00+00:00
[2025-07-01T22:43:33.524+0000] {processor.py:208} INFO - Processing /home/airflow/.local/lib/python3.12/site-packages/airflow/example_dags/example_branch_labels.py took 0.073 seconds
[2025-07-01T22:44:04.278+0000] {processor.py:186} INFO - Started process (PID=1456) to work on /home/airflow/.local/lib/python3.12/site-packages/airflow/example_dags/example_branch_labels.py
[2025-07-01T22:44:04.279+0000] {processor.py:914} INFO - Processing file /home/airflow/.local/lib/python3.12/site-packages/airflow/example_dags/example_branch_labels.py for tasks to queue
[2025-07-01T22:44:04.281+0000] {logging_mixin.py:190} INFO - [2025-07-01T22:44:04.281+0000] {dagbag.py:588} INFO - Filling up the DagBag from /home/airflow/.local/lib/python3.12/site-packages/airflow/example_dags/example_branch_labels.py
[2025-07-01T22:44:04.290+0000] {processor.py:925} INFO - DAG(s) 'example_branch_labels' retrieved from /home/airflow/.local/lib/python3.12/site-packages/airflow/example_dags/example_branch_labels.py
[2025-07-01T22:44:04.311+0000] {logging_mixin.py:190} INFO - [2025-07-01T22:44:04.310+0000] {dag.py:3239} INFO - Sync 1 DAGs
[2025-07-01T22:44:04.332+0000] {logging_mixin.py:190} INFO - [2025-07-01T22:44:04.331+0000] {dag.py:4180} INFO - Setting next_dagrun for example_branch_labels to 2025-06-30 00:00:00+00:00, run_after=2025-07-01 00:00:00+00:00
[2025-07-01T22:44:04.357+0000] {processor.py:208} INFO - Processing /home/airflow/.local/lib/python3.12/site-packages/airflow/example_dags/example_branch_labels.py took 0.084 seconds
[2025-07-01T22:44:34.921+0000] {processor.py:186} INFO - Started process (PID=1520) to work on /home/airflow/.local/lib/python3.12/site-packages/airflow/example_dags/example_branch_labels.py
[2025-07-01T22:44:34.922+0000] {processor.py:914} INFO - Processing file /home/airflow/.local/lib/python3.12/site-packages/airflow/example_dags/example_branch_labels.py for tasks to queue
[2025-07-01T22:44:34.925+0000] {logging_mixin.py:190} INFO - [2025-07-01T22:44:34.924+0000] {dagbag.py:588} INFO - Filling up the DagBag from /home/airflow/.local/lib/python3.12/site-packages/airflow/example_dags/example_branch_labels.py
[2025-07-01T22:44:34.933+0000] {processor.py:925} INFO - DAG(s) 'example_branch_labels' retrieved from /home/airflow/.local/lib/python3.12/site-packages/airflow/example_dags/example_branch_labels.py
[2025-07-01T22:44:34.951+0000] {logging_mixin.py:190} INFO - [2025-07-01T22:44:34.951+0000] {dag.py:3239} INFO - Sync 1 DAGs
[2025-07-01T22:44:34.971+0000] {logging_mixin.py:190} INFO - [2025-07-01T22:44:34.971+0000] {dag.py:4180} INFO - Setting next_dagrun for example_branch_labels to 2025-06-30 00:00:00+00:00, run_after=2025-07-01 00:00:00+00:00
[2025-07-01T22:44:34.989+0000] {processor.py:208} INFO - Processing /home/airflow/.local/lib/python3.12/site-packages/airflow/example_dags/example_branch_labels.py took 0.073 seconds
[2025-07-01T22:45:05.511+0000] {processor.py:186} INFO - Started process (PID=1584) to work on /home/airflow/.local/lib/python3.12/site-packages/airflow/example_dags/example_branch_labels.py
[2025-07-01T22:45:05.512+0000] {processor.py:914} INFO - Processing file /home/airflow/.local/lib/python3.12/site-packages/airflow/example_dags/example_branch_labels.py for tasks to queue
[2025-07-01T22:45:05.514+0000] {logging_mixin.py:190} INFO - [2025-07-01T22:45:05.514+0000] {dagbag.py:588} INFO - Filling up the DagBag from /home/airflow/.local/lib/python3.12/site-packages/airflow/example_dags/example_branch_labels.py
[2025-07-01T22:45:05.523+0000] {processor.py:925} INFO - DAG(s) 'example_branch_labels' retrieved from /home/airflow/.local/lib/python3.12/site-packages/airflow/example_dags/example_branch_labels.py
[2025-07-01T22:45:05.541+0000] {logging_mixin.py:190} INFO - [2025-07-01T22:45:05.541+0000] {dag.py:3239} INFO - Sync 1 DAGs
[2025-07-01T22:45:05.561+0000] {logging_mixin.py:190} INFO - [2025-07-01T22:45:05.561+0000] {dag.py:4180} INFO - Setting next_dagrun for example_branch_labels to 2025-06-30 00:00:00+00:00, run_after=2025-07-01 00:00:00+00:00
[2025-07-01T22:45:05.580+0000] {processor.py:208} INFO - Processing /home/airflow/.local/lib/python3.12/site-packages/airflow/example_dags/example_branch_labels.py took 0.075 seconds
[2025-07-01T22:45:36.502+0000] {processor.py:186} INFO - Started process (PID=1648) to work on /home/airflow/.local/lib/python3.12/site-packages/airflow/example_dags/example_branch_labels.py
[2025-07-01T22:45:36.503+0000] {processor.py:914} INFO - Processing file /home/airflow/.local/lib/python3.12/site-packages/airflow/example_dags/example_branch_labels.py for tasks to queue
[2025-07-01T22:45:36.505+0000] {logging_mixin.py:190} INFO - [2025-07-01T22:45:36.505+0000] {dagbag.py:588} INFO - Filling up the DagBag from /home/airflow/.local/lib/python3.12/site-packages/airflow/example_dags/example_branch_labels.py
[2025-07-01T22:45:36.514+0000] {processor.py:925} INFO - DAG(s) 'example_branch_labels' retrieved from /home/airflow/.local/lib/python3.12/site-packages/airflow/example_dags/example_branch_labels.py
[2025-07-01T22:45:36.532+0000] {logging_mixin.py:190} INFO - [2025-07-01T22:45:36.532+0000] {dag.py:3239} INFO - Sync 1 DAGs
[2025-07-01T22:45:36.554+0000] {logging_mixin.py:190} INFO - [2025-07-01T22:45:36.554+0000] {dag.py:4180} INFO - Setting next_dagrun for example_branch_labels to 2025-06-30 00:00:00+00:00, run_after=2025-07-01 00:00:00+00:00
[2025-07-01T22:45:36.572+0000] {processor.py:208} INFO - Processing /home/airflow/.local/lib/python3.12/site-packages/airflow/example_dags/example_branch_labels.py took 0.075 seconds
[2025-07-01T22:46:07.194+0000] {processor.py:186} INFO - Started process (PID=1712) to work on /home/airflow/.local/lib/python3.12/site-packages/airflow/example_dags/example_branch_labels.py
[2025-07-01T22:46:07.195+0000] {processor.py:914} INFO - Processing file /home/airflow/.local/lib/python3.12/site-packages/airflow/example_dags/example_branch_labels.py for tasks to queue
[2025-07-01T22:46:07.197+0000] {logging_mixin.py:190} INFO - [2025-07-01T22:46:07.197+0000] {dagbag.py:588} INFO - Filling up the DagBag from /home/airflow/.local/lib/python3.12/site-packages/airflow/example_dags/example_branch_labels.py
[2025-07-01T22:46:07.207+0000] {processor.py:925} INFO - DAG(s) 'example_branch_labels' retrieved from /home/airflow/.local/lib/python3.12/site-packages/airflow/example_dags/example_branch_labels.py
[2025-07-01T22:46:07.225+0000] {logging_mixin.py:190} INFO - [2025-07-01T22:46:07.225+0000] {dag.py:3239} INFO - Sync 1 DAGs
[2025-07-01T22:46:07.245+0000] {logging_mixin.py:190} INFO - [2025-07-01T22:46:07.245+0000] {dag.py:4180} INFO - Setting next_dagrun for example_branch_labels to 2025-06-30 00:00:00+00:00, run_after=2025-07-01 00:00:00+00:00
[2025-07-01T22:46:07.262+0000] {processor.py:208} INFO - Processing /home/airflow/.local/lib/python3.12/site-packages/airflow/example_dags/example_branch_labels.py took 0.074 seconds
[2025-07-01T22:46:38.067+0000] {processor.py:186} INFO - Started process (PID=1776) to work on /home/airflow/.local/lib/python3.12/site-packages/airflow/example_dags/example_branch_labels.py
[2025-07-01T22:46:38.068+0000] {processor.py:914} INFO - Processing file /home/airflow/.local/lib/python3.12/site-packages/airflow/example_dags/example_branch_labels.py for tasks to queue
[2025-07-01T22:46:38.071+0000] {logging_mixin.py:190} INFO - [2025-07-01T22:46:38.070+0000] {dagbag.py:588} INFO - Filling up the DagBag from /home/airflow/.local/lib/python3.12/site-packages/airflow/example_dags/example_branch_labels.py
[2025-07-01T22:46:38.079+0000] {processor.py:925} INFO - DAG(s) 'example_branch_labels' retrieved from /home/airflow/.local/lib/python3.12/site-packages/airflow/example_dags/example_branch_labels.py
[2025-07-01T22:46:38.099+0000] {logging_mixin.py:190} INFO - [2025-07-01T22:46:38.099+0000] {dag.py:3239} INFO - Sync 1 DAGs
[2025-07-01T22:46:38.120+0000] {logging_mixin.py:190} INFO - [2025-07-01T22:46:38.120+0000] {dag.py:4180} INFO - Setting next_dagrun for example_branch_labels to 2025-06-30 00:00:00+00:00, run_after=2025-07-01 00:00:00+00:00
[2025-07-01T22:46:38.140+0000] {processor.py:208} INFO - Processing /home/airflow/.local/lib/python3.12/site-packages/airflow/example_dags/example_branch_labels.py took 0.078 seconds
[2025-07-01T22:47:09.187+0000] {processor.py:186} INFO - Started process (PID=1840) to work on /home/airflow/.local/lib/python3.12/site-packages/airflow/example_dags/example_branch_labels.py
[2025-07-01T22:47:09.188+0000] {processor.py:914} INFO - Processing file /home/airflow/.local/lib/python3.12/site-packages/airflow/example_dags/example_branch_labels.py for tasks to queue
[2025-07-01T22:47:09.190+0000] {logging_mixin.py:190} INFO - [2025-07-01T22:47:09.190+0000] {dagbag.py:588} INFO - Filling up the DagBag from /home/airflow/.local/lib/python3.12/site-packages/airflow/example_dags/example_branch_labels.py
[2025-07-01T22:47:09.199+0000] {processor.py:925} INFO - DAG(s) 'example_branch_labels' retrieved from /home/airflow/.local/lib/python3.12/site-packages/airflow/example_dags/example_branch_labels.py
[2025-07-01T22:47:09.217+0000] {logging_mixin.py:190} INFO - [2025-07-01T22:47:09.217+0000] {dag.py:3239} INFO - Sync 1 DAGs
[2025-07-01T22:47:09.239+0000] {logging_mixin.py:190} INFO - [2025-07-01T22:47:09.239+0000] {dag.py:4180} INFO - Setting next_dagrun for example_branch_labels to 2025-06-30 00:00:00+00:00, run_after=2025-07-01 00:00:00+00:00
[2025-07-01T22:47:09.263+0000] {processor.py:208} INFO - Processing /home/airflow/.local/lib/python3.12/site-packages/airflow/example_dags/example_branch_labels.py took 0.081 seconds
[2025-07-01T22:47:39.976+0000] {processor.py:186} INFO - Started process (PID=1904) to work on /home/airflow/.local/lib/python3.12/site-packages/airflow/example_dags/example_branch_labels.py
[2025-07-01T22:47:39.977+0000] {processor.py:914} INFO - Processing file /home/airflow/.local/lib/python3.12/site-packages/airflow/example_dags/example_branch_labels.py for tasks to queue
[2025-07-01T22:47:39.980+0000] {logging_mixin.py:190} INFO - [2025-07-01T22:47:39.980+0000] {dagbag.py:588} INFO - Filling up the DagBag from /home/airflow/.local/lib/python3.12/site-packages/airflow/example_dags/example_branch_labels.py
[2025-07-01T22:47:39.989+0000] {processor.py:925} INFO - DAG(s) 'example_branch_labels' retrieved from /home/airflow/.local/lib/python3.12/site-packages/airflow/example_dags/example_branch_labels.py
[2025-07-01T22:47:40.009+0000] {logging_mixin.py:190} INFO - [2025-07-01T22:47:40.009+0000] {dag.py:3239} INFO - Sync 1 DAGs
[2025-07-01T22:47:40.029+0000] {logging_mixin.py:190} INFO - [2025-07-01T22:47:40.029+0000] {dag.py:4180} INFO - Setting next_dagrun for example_branch_labels to 2025-06-30 00:00:00+00:00, run_after=2025-07-01 00:00:00+00:00
[2025-07-01T22:47:40.048+0000] {processor.py:208} INFO - Processing /home/airflow/.local/lib/python3.12/site-packages/airflow/example_dags/example_branch_labels.py took 0.078 seconds
[2025-07-01T22:48:10.924+0000] {processor.py:186} INFO - Started process (PID=1968) to work on /home/airflow/.local/lib/python3.12/site-packages/airflow/example_dags/example_branch_labels.py
[2025-07-01T22:48:10.925+0000] {processor.py:914} INFO - Processing file /home/airflow/.local/lib/python3.12/site-packages/airflow/example_dags/example_branch_labels.py for tasks to queue
[2025-07-01T22:48:10.928+0000] {logging_mixin.py:190} INFO - [2025-07-01T22:48:10.927+0000] {dagbag.py:588} INFO - Filling up the DagBag from /home/airflow/.local/lib/python3.12/site-packages/airflow/example_dags/example_branch_labels.py
[2025-07-01T22:48:10.938+0000] {processor.py:925} INFO - DAG(s) 'example_branch_labels' retrieved from /home/airflow/.local/lib/python3.12/site-packages/airflow/example_dags/example_branch_labels.py
[2025-07-01T22:48:10.959+0000] {logging_mixin.py:190} INFO - [2025-07-01T22:48:10.958+0000] {dag.py:3239} INFO - Sync 1 DAGs
[2025-07-01T22:48:10.982+0000] {logging_mixin.py:190} INFO - [2025-07-01T22:48:10.982+0000] {dag.py:4180} INFO - Setting next_dagrun for example_branch_labels to 2025-06-30 00:00:00+00:00, run_after=2025-07-01 00:00:00+00:00
[2025-07-01T22:48:11.004+0000] {processor.py:208} INFO - Processing /home/airflow/.local/lib/python3.12/site-packages/airflow/example_dags/example_branch_labels.py took 0.086 seconds
[2025-07-01T22:48:41.767+0000] {processor.py:186} INFO - Started process (PID=2036) to work on /home/airflow/.local/lib/python3.12/site-packages/airflow/example_dags/example_branch_labels.py
[2025-07-01T22:48:41.768+0000] {processor.py:914} INFO - Processing file /home/airflow/.local/lib/python3.12/site-packages/airflow/example_dags/example_branch_labels.py for tasks to queue
[2025-07-01T22:48:41.772+0000] {logging_mixin.py:190} INFO - [2025-07-01T22:48:41.771+0000] {dagbag.py:588} INFO - Filling up the DagBag from /home/airflow/.local/lib/python3.12/site-packages/airflow/example_dags/example_branch_labels.py
[2025-07-01T22:48:41.783+0000] {processor.py:925} INFO - DAG(s) 'example_branch_labels' retrieved from /home/airflow/.local/lib/python3.12/site-packages/airflow/example_dags/example_branch_labels.py
[2025-07-01T22:48:41.803+0000] {logging_mixin.py:190} INFO - [2025-07-01T22:48:41.803+0000] {dag.py:3239} INFO - Sync 1 DAGs
[2025-07-01T22:48:41.823+0000] {logging_mixin.py:190} INFO - [2025-07-01T22:48:41.823+0000] {dag.py:4180} INFO - Setting next_dagrun for example_branch_labels to 2025-06-30 00:00:00+00:00, run_after=2025-07-01 00:00:00+00:00
[2025-07-01T22:48:41.847+0000] {processor.py:208} INFO - Processing /home/airflow/.local/lib/python3.12/site-packages/airflow/example_dags/example_branch_labels.py took 0.087 seconds
[2025-07-01T22:49:12.838+0000] {processor.py:186} INFO - Started process (PID=2101) to work on /home/airflow/.local/lib/python3.12/site-packages/airflow/example_dags/example_branch_labels.py
[2025-07-01T22:49:12.839+0000] {processor.py:914} INFO - Processing file /home/airflow/.local/lib/python3.12/site-packages/airflow/example_dags/example_branch_labels.py for tasks to queue
[2025-07-01T22:49:12.842+0000] {logging_mixin.py:190} INFO - [2025-07-01T22:49:12.841+0000] {dagbag.py:588} INFO - Filling up the DagBag from /home/airflow/.local/lib/python3.12/site-packages/airflow/example_dags/example_branch_labels.py
[2025-07-01T22:49:12.853+0000] {processor.py:925} INFO - DAG(s) 'example_branch_labels' retrieved from /home/airflow/.local/lib/python3.12/site-packages/airflow/example_dags/example_branch_labels.py
[2025-07-01T22:49:12.872+0000] {logging_mixin.py:190} INFO - [2025-07-01T22:49:12.872+0000] {dag.py:3239} INFO - Sync 1 DAGs
[2025-07-01T22:49:12.896+0000] {logging_mixin.py:190} INFO - [2025-07-01T22:49:12.896+0000] {dag.py:4180} INFO - Setting next_dagrun for example_branch_labels to 2025-06-30 00:00:00+00:00, run_after=2025-07-01 00:00:00+00:00
[2025-07-01T22:49:12.918+0000] {processor.py:208} INFO - Processing /home/airflow/.local/lib/python3.12/site-packages/airflow/example_dags/example_branch_labels.py took 0.087 seconds
[2025-07-01T22:49:43.453+0000] {processor.py:186} INFO - Started process (PID=2165) to work on /home/airflow/.local/lib/python3.12/site-packages/airflow/example_dags/example_branch_labels.py
[2025-07-01T22:49:43.454+0000] {processor.py:914} INFO - Processing file /home/airflow/.local/lib/python3.12/site-packages/airflow/example_dags/example_branch_labels.py for tasks to queue
[2025-07-01T22:49:43.457+0000] {logging_mixin.py:190} INFO - [2025-07-01T22:49:43.457+0000] {dagbag.py:588} INFO - Filling up the DagBag from /home/airflow/.local/lib/python3.12/site-packages/airflow/example_dags/example_branch_labels.py
[2025-07-01T22:49:43.466+0000] {processor.py:925} INFO - DAG(s) 'example_branch_labels' retrieved from /home/airflow/.local/lib/python3.12/site-packages/airflow/example_dags/example_branch_labels.py
[2025-07-01T22:49:43.484+0000] {logging_mixin.py:190} INFO - [2025-07-01T22:49:43.484+0000] {dag.py:3239} INFO - Sync 1 DAGs
[2025-07-01T22:49:43.506+0000] {logging_mixin.py:190} INFO - [2025-07-01T22:49:43.506+0000] {dag.py:4180} INFO - Setting next_dagrun for example_branch_labels to 2025-06-30 00:00:00+00:00, run_after=2025-07-01 00:00:00+00:00
[2025-07-01T22:49:43.527+0000] {processor.py:208} INFO - Processing /home/airflow/.local/lib/python3.12/site-packages/airflow/example_dags/example_branch_labels.py took 0.078 seconds
[2025-07-01T22:50:14.778+0000] {processor.py:186} INFO - Started process (PID=2229) to work on /home/airflow/.local/lib/python3.12/site-packages/airflow/example_dags/example_branch_labels.py
[2025-07-01T22:50:14.779+0000] {processor.py:914} INFO - Processing file /home/airflow/.local/lib/python3.12/site-packages/airflow/example_dags/example_branch_labels.py for tasks to queue
[2025-07-01T22:50:14.781+0000] {logging_mixin.py:190} INFO - [2025-07-01T22:50:14.781+0000] {dagbag.py:588} INFO - Filling up the DagBag from /home/airflow/.local/lib/python3.12/site-packages/airflow/example_dags/example_branch_labels.py
[2025-07-01T22:50:14.790+0000] {processor.py:925} INFO - DAG(s) 'example_branch_labels' retrieved from /home/airflow/.local/lib/python3.12/site-packages/airflow/example_dags/example_branch_labels.py
[2025-07-01T22:50:14.807+0000] {logging_mixin.py:190} INFO - [2025-07-01T22:50:14.806+0000] {dag.py:3239} INFO - Sync 1 DAGs
[2025-07-01T22:50:14.826+0000] {logging_mixin.py:190} INFO - [2025-07-01T22:50:14.826+0000] {dag.py:4180} INFO - Setting next_dagrun for example_branch_labels to 2025-06-30 00:00:00+00:00, run_after=2025-07-01 00:00:00+00:00
[2025-07-01T22:50:14.844+0000] {processor.py:208} INFO - Processing /home/airflow/.local/lib/python3.12/site-packages/airflow/example_dags/example_branch_labels.py took 0.071 seconds
[2025-07-01T22:50:45.150+0000] {processor.py:186} INFO - Started process (PID=2293) to work on /home/airflow/.local/lib/python3.12/site-packages/airflow/example_dags/example_branch_labels.py
[2025-07-01T22:50:45.151+0000] {processor.py:914} INFO - Processing file /home/airflow/.local/lib/python3.12/site-packages/airflow/example_dags/example_branch_labels.py for tasks to queue
[2025-07-01T22:50:45.154+0000] {logging_mixin.py:190} INFO - [2025-07-01T22:50:45.154+0000] {dagbag.py:588} INFO - Filling up the DagBag from /home/airflow/.local/lib/python3.12/site-packages/airflow/example_dags/example_branch_labels.py
[2025-07-01T22:50:45.164+0000] {processor.py:925} INFO - DAG(s) 'example_branch_labels' retrieved from /home/airflow/.local/lib/python3.12/site-packages/airflow/example_dags/example_branch_labels.py
[2025-07-01T22:50:45.181+0000] {logging_mixin.py:190} INFO - [2025-07-01T22:50:45.181+0000] {dag.py:3239} INFO - Sync 1 DAGs
[2025-07-01T22:50:45.201+0000] {logging_mixin.py:190} INFO - [2025-07-01T22:50:45.200+0000] {dag.py:4180} INFO - Setting next_dagrun for example_branch_labels to 2025-06-30 00:00:00+00:00, run_after=2025-07-01 00:00:00+00:00
[2025-07-01T22:50:45.220+0000] {processor.py:208} INFO - Processing /home/airflow/.local/lib/python3.12/site-packages/airflow/example_dags/example_branch_labels.py took 0.076 seconds
[2025-07-01T22:51:16.474+0000] {processor.py:186} INFO - Started process (PID=2357) to work on /home/airflow/.local/lib/python3.12/site-packages/airflow/example_dags/example_branch_labels.py
[2025-07-01T22:51:16.475+0000] {processor.py:914} INFO - Processing file /home/airflow/.local/lib/python3.12/site-packages/airflow/example_dags/example_branch_labels.py for tasks to queue
[2025-07-01T22:51:16.478+0000] {logging_mixin.py:190} INFO - [2025-07-01T22:51:16.477+0000] {dagbag.py:588} INFO - Filling up the DagBag from /home/airflow/.local/lib/python3.12/site-packages/airflow/example_dags/example_branch_labels.py
[2025-07-01T22:51:16.487+0000] {processor.py:925} INFO - DAG(s) 'example_branch_labels' retrieved from /home/airflow/.local/lib/python3.12/site-packages/airflow/example_dags/example_branch_labels.py
[2025-07-01T22:51:16.508+0000] {logging_mixin.py:190} INFO - [2025-07-01T22:51:16.508+0000] {dag.py:3239} INFO - Sync 1 DAGs
[2025-07-01T22:51:16.535+0000] {logging_mixin.py:190} INFO - [2025-07-01T22:51:16.534+0000] {dag.py:4180} INFO - Setting next_dagrun for example_branch_labels to 2025-06-30 00:00:00+00:00, run_after=2025-07-01 00:00:00+00:00
[2025-07-01T22:51:16.558+0000] {processor.py:208} INFO - Processing /home/airflow/.local/lib/python3.12/site-packages/airflow/example_dags/example_branch_labels.py took 0.090 seconds
[2025-07-01T22:51:47.002+0000] {processor.py:186} INFO - Started process (PID=2421) to work on /home/airflow/.local/lib/python3.12/site-packages/airflow/example_dags/example_branch_labels.py
[2025-07-01T22:51:47.003+0000] {processor.py:914} INFO - Processing file /home/airflow/.local/lib/python3.12/site-packages/airflow/example_dags/example_branch_labels.py for tasks to queue
[2025-07-01T22:51:47.006+0000] {logging_mixin.py:190} INFO - [2025-07-01T22:51:47.006+0000] {dagbag.py:588} INFO - Filling up the DagBag from /home/airflow/.local/lib/python3.12/site-packages/airflow/example_dags/example_branch_labels.py
[2025-07-01T22:51:47.016+0000] {processor.py:925} INFO - DAG(s) 'example_branch_labels' retrieved from /home/airflow/.local/lib/python3.12/site-packages/airflow/example_dags/example_branch_labels.py
[2025-07-01T22:51:47.036+0000] {logging_mixin.py:190} INFO - [2025-07-01T22:51:47.036+0000] {dag.py:3239} INFO - Sync 1 DAGs
[2025-07-01T22:51:47.056+0000] {logging_mixin.py:190} INFO - [2025-07-01T22:51:47.056+0000] {dag.py:4180} INFO - Setting next_dagrun for example_branch_labels to 2025-06-30 00:00:00+00:00, run_after=2025-07-01 00:00:00+00:00
[2025-07-01T22:51:47.074+0000] {processor.py:208} INFO - Processing /home/airflow/.local/lib/python3.12/site-packages/airflow/example_dags/example_branch_labels.py took 0.077 seconds
[2025-07-01T22:52:17.597+0000] {processor.py:186} INFO - Started process (PID=2485) to work on /home/airflow/.local/lib/python3.12/site-packages/airflow/example_dags/example_branch_labels.py
[2025-07-01T22:52:17.598+0000] {processor.py:914} INFO - Processing file /home/airflow/.local/lib/python3.12/site-packages/airflow/example_dags/example_branch_labels.py for tasks to queue
[2025-07-01T22:52:17.600+0000] {logging_mixin.py:190} INFO - [2025-07-01T22:52:17.600+0000] {dagbag.py:588} INFO - Filling up the DagBag from /home/airflow/.local/lib/python3.12/site-packages/airflow/example_dags/example_branch_labels.py
[2025-07-01T22:52:17.611+0000] {processor.py:925} INFO - DAG(s) 'example_branch_labels' retrieved from /home/airflow/.local/lib/python3.12/site-packages/airflow/example_dags/example_branch_labels.py
[2025-07-01T22:52:17.632+0000] {logging_mixin.py:190} INFO - [2025-07-01T22:52:17.632+0000] {dag.py:3239} INFO - Sync 1 DAGs
[2025-07-01T22:52:17.652+0000] {logging_mixin.py:190} INFO - [2025-07-01T22:52:17.651+0000] {dag.py:4180} INFO - Setting next_dagrun for example_branch_labels to 2025-06-30 00:00:00+00:00, run_after=2025-07-01 00:00:00+00:00
[2025-07-01T22:52:17.671+0000] {processor.py:208} INFO - Processing /home/airflow/.local/lib/python3.12/site-packages/airflow/example_dags/example_branch_labels.py took 0.081 seconds
[2025-07-01T22:52:47.940+0000] {processor.py:186} INFO - Started process (PID=2549) to work on /home/airflow/.local/lib/python3.12/site-packages/airflow/example_dags/example_branch_labels.py
[2025-07-01T22:52:47.941+0000] {processor.py:914} INFO - Processing file /home/airflow/.local/lib/python3.12/site-packages/airflow/example_dags/example_branch_labels.py for tasks to queue
[2025-07-01T22:52:47.943+0000] {logging_mixin.py:190} INFO - [2025-07-01T22:52:47.943+0000] {dagbag.py:588} INFO - Filling up the DagBag from /home/airflow/.local/lib/python3.12/site-packages/airflow/example_dags/example_branch_labels.py
[2025-07-01T22:52:47.952+0000] {processor.py:925} INFO - DAG(s) 'example_branch_labels' retrieved from /home/airflow/.local/lib/python3.12/site-packages/airflow/example_dags/example_branch_labels.py
[2025-07-01T22:52:47.969+0000] {logging_mixin.py:190} INFO - [2025-07-01T22:52:47.969+0000] {dag.py:3239} INFO - Sync 1 DAGs
[2025-07-01T22:52:47.990+0000] {logging_mixin.py:190} INFO - [2025-07-01T22:52:47.989+0000] {dag.py:4180} INFO - Setting next_dagrun for example_branch_labels to 2025-06-30 00:00:00+00:00, run_after=2025-07-01 00:00:00+00:00
[2025-07-01T22:52:48.007+0000] {processor.py:208} INFO - Processing /home/airflow/.local/lib/python3.12/site-packages/airflow/example_dags/example_branch_labels.py took 0.072 seconds
