[2025-07-01T21:16:46.262+0000] {processor.py:186} INFO - Started process (PID=84) to work on /home/airflow/.local/lib/python3.12/site-packages/airflow/example_dags/example_local_kubernetes_executor.py
[2025-07-01T21:16:46.264+0000] {processor.py:914} INFO - Processing file /home/airflow/.local/lib/python3.12/site-packages/airflow/example_dags/example_local_kubernetes_executor.py for tasks to queue
[2025-07-01T21:16:46.266+0000] {logging_mixin.py:190} INFO - [2025-07-01T21:16:46.266+0000] {dagbag.py:588} INFO - Filling up the DagBag from /home/airflow/.local/lib/python3.12/site-packages/airflow/example_dags/example_local_kubernetes_executor.py
[2025-07-01T21:16:46.275+0000] {processor.py:925} INFO - DAG(s) 'example_local_kubernetes_executor' retrieved from /home/airflow/.local/lib/python3.12/site-packages/airflow/example_dags/example_local_kubernetes_executor.py
[2025-07-01T21:16:46.302+0000] {logging_mixin.py:190} INFO - [2025-07-01T21:16:46.301+0000] {dag.py:3239} INFO - Sync 1 DAGs
[2025-07-01T21:16:46.313+0000] {logging_mixin.py:190} INFO - [2025-07-01T21:16:46.313+0000] {dag.py:4180} INFO - Setting next_dagrun for example_local_kubernetes_executor to None, run_after=None
[2025-07-01T21:16:46.331+0000] {processor.py:208} INFO - Processing /home/airflow/.local/lib/python3.12/site-packages/airflow/example_dags/example_local_kubernetes_executor.py took 0.075 seconds
[2025-07-01T21:17:16.931+0000] {processor.py:186} INFO - Started process (PID=146) to work on /home/airflow/.local/lib/python3.12/site-packages/airflow/example_dags/example_local_kubernetes_executor.py
[2025-07-01T21:17:16.931+0000] {processor.py:914} INFO - Processing file /home/airflow/.local/lib/python3.12/site-packages/airflow/example_dags/example_local_kubernetes_executor.py for tasks to queue
[2025-07-01T21:17:16.933+0000] {logging_mixin.py:190} INFO - [2025-07-01T21:17:16.933+0000] {dagbag.py:588} INFO - Filling up the DagBag from /home/airflow/.local/lib/python3.12/site-packages/airflow/example_dags/example_local_kubernetes_executor.py
[2025-07-01T21:17:16.943+0000] {processor.py:925} INFO - DAG(s) 'example_local_kubernetes_executor' retrieved from /home/airflow/.local/lib/python3.12/site-packages/airflow/example_dags/example_local_kubernetes_executor.py
[2025-07-01T21:17:16.972+0000] {logging_mixin.py:190} INFO - [2025-07-01T21:17:16.971+0000] {dag.py:3239} INFO - Sync 1 DAGs
[2025-07-01T21:17:16.984+0000] {logging_mixin.py:190} INFO - [2025-07-01T21:17:16.984+0000] {dag.py:4180} INFO - Setting next_dagrun for example_local_kubernetes_executor to None, run_after=None
[2025-07-01T21:17:17.002+0000] {processor.py:208} INFO - Processing /home/airflow/.local/lib/python3.12/site-packages/airflow/example_dags/example_local_kubernetes_executor.py took 0.077 seconds
[2025-07-01T21:17:47.590+0000] {processor.py:186} INFO - Started process (PID=208) to work on /home/airflow/.local/lib/python3.12/site-packages/airflow/example_dags/example_local_kubernetes_executor.py
[2025-07-01T21:17:47.591+0000] {processor.py:914} INFO - Processing file /home/airflow/.local/lib/python3.12/site-packages/airflow/example_dags/example_local_kubernetes_executor.py for tasks to queue
[2025-07-01T21:17:47.593+0000] {logging_mixin.py:190} INFO - [2025-07-01T21:17:47.593+0000] {dagbag.py:588} INFO - Filling up the DagBag from /home/airflow/.local/lib/python3.12/site-packages/airflow/example_dags/example_local_kubernetes_executor.py
[2025-07-01T21:17:47.603+0000] {processor.py:925} INFO - DAG(s) 'example_local_kubernetes_executor' retrieved from /home/airflow/.local/lib/python3.12/site-packages/airflow/example_dags/example_local_kubernetes_executor.py
[2025-07-01T21:17:47.630+0000] {logging_mixin.py:190} INFO - [2025-07-01T21:17:47.630+0000] {dag.py:3239} INFO - Sync 1 DAGs
[2025-07-01T21:17:47.642+0000] {logging_mixin.py:190} INFO - [2025-07-01T21:17:47.642+0000] {dag.py:4180} INFO - Setting next_dagrun for example_local_kubernetes_executor to None, run_after=None
[2025-07-01T21:17:47.661+0000] {processor.py:208} INFO - Processing /home/airflow/.local/lib/python3.12/site-packages/airflow/example_dags/example_local_kubernetes_executor.py took 0.077 seconds
[2025-07-01T21:18:18.405+0000] {processor.py:186} INFO - Started process (PID=277) to work on /home/airflow/.local/lib/python3.12/site-packages/airflow/example_dags/example_local_kubernetes_executor.py
[2025-07-01T21:18:18.406+0000] {processor.py:914} INFO - Processing file /home/airflow/.local/lib/python3.12/site-packages/airflow/example_dags/example_local_kubernetes_executor.py for tasks to queue
[2025-07-01T21:18:18.409+0000] {logging_mixin.py:190} INFO - [2025-07-01T21:18:18.408+0000] {dagbag.py:588} INFO - Filling up the DagBag from /home/airflow/.local/lib/python3.12/site-packages/airflow/example_dags/example_local_kubernetes_executor.py
[2025-07-01T21:18:18.419+0000] {processor.py:925} INFO - DAG(s) 'example_local_kubernetes_executor' retrieved from /home/airflow/.local/lib/python3.12/site-packages/airflow/example_dags/example_local_kubernetes_executor.py
[2025-07-01T21:18:18.449+0000] {logging_mixin.py:190} INFO - [2025-07-01T21:18:18.448+0000] {dag.py:3239} INFO - Sync 1 DAGs
[2025-07-01T21:18:18.461+0000] {logging_mixin.py:190} INFO - [2025-07-01T21:18:18.461+0000] {dag.py:4180} INFO - Setting next_dagrun for example_local_kubernetes_executor to None, run_after=None
[2025-07-01T21:18:18.481+0000] {processor.py:208} INFO - Processing /home/airflow/.local/lib/python3.12/site-packages/airflow/example_dags/example_local_kubernetes_executor.py took 0.082 seconds
[2025-07-01T21:18:49.044+0000] {processor.py:186} INFO - Started process (PID=339) to work on /home/airflow/.local/lib/python3.12/site-packages/airflow/example_dags/example_local_kubernetes_executor.py
[2025-07-01T21:18:49.044+0000] {processor.py:914} INFO - Processing file /home/airflow/.local/lib/python3.12/site-packages/airflow/example_dags/example_local_kubernetes_executor.py for tasks to queue
[2025-07-01T21:18:49.046+0000] {logging_mixin.py:190} INFO - [2025-07-01T21:18:49.046+0000] {dagbag.py:588} INFO - Filling up the DagBag from /home/airflow/.local/lib/python3.12/site-packages/airflow/example_dags/example_local_kubernetes_executor.py
[2025-07-01T21:18:49.055+0000] {processor.py:925} INFO - DAG(s) 'example_local_kubernetes_executor' retrieved from /home/airflow/.local/lib/python3.12/site-packages/airflow/example_dags/example_local_kubernetes_executor.py
[2025-07-01T21:18:49.084+0000] {logging_mixin.py:190} INFO - [2025-07-01T21:18:49.083+0000] {dag.py:3239} INFO - Sync 1 DAGs
[2025-07-01T21:18:49.096+0000] {logging_mixin.py:190} INFO - [2025-07-01T21:18:49.095+0000] {dag.py:4180} INFO - Setting next_dagrun for example_local_kubernetes_executor to None, run_after=None
[2025-07-01T21:18:49.114+0000] {processor.py:208} INFO - Processing /home/airflow/.local/lib/python3.12/site-packages/airflow/example_dags/example_local_kubernetes_executor.py took 0.075 seconds
[2025-07-01T21:19:19.960+0000] {processor.py:186} INFO - Started process (PID=401) to work on /home/airflow/.local/lib/python3.12/site-packages/airflow/example_dags/example_local_kubernetes_executor.py
[2025-07-01T21:19:19.961+0000] {processor.py:914} INFO - Processing file /home/airflow/.local/lib/python3.12/site-packages/airflow/example_dags/example_local_kubernetes_executor.py for tasks to queue
[2025-07-01T21:19:19.963+0000] {logging_mixin.py:190} INFO - [2025-07-01T21:19:19.963+0000] {dagbag.py:588} INFO - Filling up the DagBag from /home/airflow/.local/lib/python3.12/site-packages/airflow/example_dags/example_local_kubernetes_executor.py
[2025-07-01T21:19:19.971+0000] {processor.py:925} INFO - DAG(s) 'example_local_kubernetes_executor' retrieved from /home/airflow/.local/lib/python3.12/site-packages/airflow/example_dags/example_local_kubernetes_executor.py
[2025-07-01T21:19:19.997+0000] {logging_mixin.py:190} INFO - [2025-07-01T21:19:19.997+0000] {dag.py:3239} INFO - Sync 1 DAGs
[2025-07-01T21:19:20.010+0000] {logging_mixin.py:190} INFO - [2025-07-01T21:19:20.010+0000] {dag.py:4180} INFO - Setting next_dagrun for example_local_kubernetes_executor to None, run_after=None
[2025-07-01T21:19:20.030+0000] {processor.py:208} INFO - Processing /home/airflow/.local/lib/python3.12/site-packages/airflow/example_dags/example_local_kubernetes_executor.py took 0.075 seconds
[2025-07-01T21:19:50.761+0000] {processor.py:186} INFO - Started process (PID=463) to work on /home/airflow/.local/lib/python3.12/site-packages/airflow/example_dags/example_local_kubernetes_executor.py
[2025-07-01T21:19:50.762+0000] {processor.py:914} INFO - Processing file /home/airflow/.local/lib/python3.12/site-packages/airflow/example_dags/example_local_kubernetes_executor.py for tasks to queue
[2025-07-01T21:19:50.764+0000] {logging_mixin.py:190} INFO - [2025-07-01T21:19:50.764+0000] {dagbag.py:588} INFO - Filling up the DagBag from /home/airflow/.local/lib/python3.12/site-packages/airflow/example_dags/example_local_kubernetes_executor.py
[2025-07-01T21:19:50.773+0000] {processor.py:925} INFO - DAG(s) 'example_local_kubernetes_executor' retrieved from /home/airflow/.local/lib/python3.12/site-packages/airflow/example_dags/example_local_kubernetes_executor.py
[2025-07-01T21:19:50.797+0000] {logging_mixin.py:190} INFO - [2025-07-01T21:19:50.797+0000] {dag.py:3239} INFO - Sync 1 DAGs
[2025-07-01T21:19:50.809+0000] {logging_mixin.py:190} INFO - [2025-07-01T21:19:50.809+0000] {dag.py:4180} INFO - Setting next_dagrun for example_local_kubernetes_executor to None, run_after=None
[2025-07-01T21:19:50.826+0000] {processor.py:208} INFO - Processing /home/airflow/.local/lib/python3.12/site-packages/airflow/example_dags/example_local_kubernetes_executor.py took 0.070 seconds
[2025-07-01T21:20:21.515+0000] {processor.py:186} INFO - Started process (PID=525) to work on /home/airflow/.local/lib/python3.12/site-packages/airflow/example_dags/example_local_kubernetes_executor.py
[2025-07-01T21:20:21.516+0000] {processor.py:914} INFO - Processing file /home/airflow/.local/lib/python3.12/site-packages/airflow/example_dags/example_local_kubernetes_executor.py for tasks to queue
[2025-07-01T21:20:21.518+0000] {logging_mixin.py:190} INFO - [2025-07-01T21:20:21.518+0000] {dagbag.py:588} INFO - Filling up the DagBag from /home/airflow/.local/lib/python3.12/site-packages/airflow/example_dags/example_local_kubernetes_executor.py
[2025-07-01T21:20:21.528+0000] {processor.py:925} INFO - DAG(s) 'example_local_kubernetes_executor' retrieved from /home/airflow/.local/lib/python3.12/site-packages/airflow/example_dags/example_local_kubernetes_executor.py
[2025-07-01T21:20:21.557+0000] {logging_mixin.py:190} INFO - [2025-07-01T21:20:21.556+0000] {dag.py:3239} INFO - Sync 1 DAGs
[2025-07-01T21:20:21.570+0000] {logging_mixin.py:190} INFO - [2025-07-01T21:20:21.570+0000] {dag.py:4180} INFO - Setting next_dagrun for example_local_kubernetes_executor to None, run_after=None
[2025-07-01T21:20:21.591+0000] {processor.py:208} INFO - Processing /home/airflow/.local/lib/python3.12/site-packages/airflow/example_dags/example_local_kubernetes_executor.py took 0.082 seconds
[2025-07-01T21:20:52.462+0000] {processor.py:186} INFO - Started process (PID=587) to work on /home/airflow/.local/lib/python3.12/site-packages/airflow/example_dags/example_local_kubernetes_executor.py
[2025-07-01T21:20:52.463+0000] {processor.py:914} INFO - Processing file /home/airflow/.local/lib/python3.12/site-packages/airflow/example_dags/example_local_kubernetes_executor.py for tasks to queue
[2025-07-01T21:20:52.466+0000] {logging_mixin.py:190} INFO - [2025-07-01T21:20:52.465+0000] {dagbag.py:588} INFO - Filling up the DagBag from /home/airflow/.local/lib/python3.12/site-packages/airflow/example_dags/example_local_kubernetes_executor.py
[2025-07-01T21:20:52.475+0000] {processor.py:925} INFO - DAG(s) 'example_local_kubernetes_executor' retrieved from /home/airflow/.local/lib/python3.12/site-packages/airflow/example_dags/example_local_kubernetes_executor.py
[2025-07-01T21:20:52.502+0000] {logging_mixin.py:190} INFO - [2025-07-01T21:20:52.502+0000] {dag.py:3239} INFO - Sync 1 DAGs
[2025-07-01T21:20:52.517+0000] {logging_mixin.py:190} INFO - [2025-07-01T21:20:52.517+0000] {dag.py:4180} INFO - Setting next_dagrun for example_local_kubernetes_executor to None, run_after=None
[2025-07-01T21:20:52.538+0000] {processor.py:208} INFO - Processing /home/airflow/.local/lib/python3.12/site-packages/airflow/example_dags/example_local_kubernetes_executor.py took 0.082 seconds
[2025-07-01T21:21:23.275+0000] {processor.py:186} INFO - Started process (PID=649) to work on /home/airflow/.local/lib/python3.12/site-packages/airflow/example_dags/example_local_kubernetes_executor.py
[2025-07-01T21:21:23.276+0000] {processor.py:914} INFO - Processing file /home/airflow/.local/lib/python3.12/site-packages/airflow/example_dags/example_local_kubernetes_executor.py for tasks to queue
[2025-07-01T21:21:23.278+0000] {logging_mixin.py:190} INFO - [2025-07-01T21:21:23.278+0000] {dagbag.py:588} INFO - Filling up the DagBag from /home/airflow/.local/lib/python3.12/site-packages/airflow/example_dags/example_local_kubernetes_executor.py
[2025-07-01T21:21:23.287+0000] {processor.py:925} INFO - DAG(s) 'example_local_kubernetes_executor' retrieved from /home/airflow/.local/lib/python3.12/site-packages/airflow/example_dags/example_local_kubernetes_executor.py
[2025-07-01T21:21:23.313+0000] {logging_mixin.py:190} INFO - [2025-07-01T21:21:23.312+0000] {dag.py:3239} INFO - Sync 1 DAGs
[2025-07-01T21:21:23.325+0000] {logging_mixin.py:190} INFO - [2025-07-01T21:21:23.325+0000] {dag.py:4180} INFO - Setting next_dagrun for example_local_kubernetes_executor to None, run_after=None
[2025-07-01T21:21:23.345+0000] {processor.py:208} INFO - Processing /home/airflow/.local/lib/python3.12/site-packages/airflow/example_dags/example_local_kubernetes_executor.py took 0.075 seconds
[2025-07-01T21:21:53.687+0000] {processor.py:186} INFO - Started process (PID=711) to work on /home/airflow/.local/lib/python3.12/site-packages/airflow/example_dags/example_local_kubernetes_executor.py
[2025-07-01T21:21:53.688+0000] {processor.py:914} INFO - Processing file /home/airflow/.local/lib/python3.12/site-packages/airflow/example_dags/example_local_kubernetes_executor.py for tasks to queue
[2025-07-01T21:21:53.691+0000] {logging_mixin.py:190} INFO - [2025-07-01T21:21:53.690+0000] {dagbag.py:588} INFO - Filling up the DagBag from /home/airflow/.local/lib/python3.12/site-packages/airflow/example_dags/example_local_kubernetes_executor.py
[2025-07-01T21:21:53.699+0000] {processor.py:925} INFO - DAG(s) 'example_local_kubernetes_executor' retrieved from /home/airflow/.local/lib/python3.12/site-packages/airflow/example_dags/example_local_kubernetes_executor.py
[2025-07-01T21:21:53.727+0000] {logging_mixin.py:190} INFO - [2025-07-01T21:21:53.726+0000] {dag.py:3239} INFO - Sync 1 DAGs
[2025-07-01T21:21:53.739+0000] {logging_mixin.py:190} INFO - [2025-07-01T21:21:53.739+0000] {dag.py:4180} INFO - Setting next_dagrun for example_local_kubernetes_executor to None, run_after=None
[2025-07-01T21:21:53.757+0000] {processor.py:208} INFO - Processing /home/airflow/.local/lib/python3.12/site-packages/airflow/example_dags/example_local_kubernetes_executor.py took 0.075 seconds
[2025-07-01T21:22:24.184+0000] {processor.py:186} INFO - Started process (PID=773) to work on /home/airflow/.local/lib/python3.12/site-packages/airflow/example_dags/example_local_kubernetes_executor.py
[2025-07-01T21:22:24.185+0000] {processor.py:914} INFO - Processing file /home/airflow/.local/lib/python3.12/site-packages/airflow/example_dags/example_local_kubernetes_executor.py for tasks to queue
[2025-07-01T21:22:24.188+0000] {logging_mixin.py:190} INFO - [2025-07-01T21:22:24.187+0000] {dagbag.py:588} INFO - Filling up the DagBag from /home/airflow/.local/lib/python3.12/site-packages/airflow/example_dags/example_local_kubernetes_executor.py
[2025-07-01T21:22:24.196+0000] {processor.py:925} INFO - DAG(s) 'example_local_kubernetes_executor' retrieved from /home/airflow/.local/lib/python3.12/site-packages/airflow/example_dags/example_local_kubernetes_executor.py
[2025-07-01T21:22:24.227+0000] {logging_mixin.py:190} INFO - [2025-07-01T21:22:24.227+0000] {dag.py:3239} INFO - Sync 1 DAGs
[2025-07-01T21:22:24.238+0000] {logging_mixin.py:190} INFO - [2025-07-01T21:22:24.238+0000] {dag.py:4180} INFO - Setting next_dagrun for example_local_kubernetes_executor to None, run_after=None
[2025-07-01T21:22:24.255+0000] {processor.py:208} INFO - Processing /home/airflow/.local/lib/python3.12/site-packages/airflow/example_dags/example_local_kubernetes_executor.py took 0.075 seconds
[2025-07-01T21:22:54.605+0000] {processor.py:186} INFO - Started process (PID=835) to work on /home/airflow/.local/lib/python3.12/site-packages/airflow/example_dags/example_local_kubernetes_executor.py
[2025-07-01T21:22:54.606+0000] {processor.py:914} INFO - Processing file /home/airflow/.local/lib/python3.12/site-packages/airflow/example_dags/example_local_kubernetes_executor.py for tasks to queue
[2025-07-01T21:22:54.608+0000] {logging_mixin.py:190} INFO - [2025-07-01T21:22:54.607+0000] {dagbag.py:588} INFO - Filling up the DagBag from /home/airflow/.local/lib/python3.12/site-packages/airflow/example_dags/example_local_kubernetes_executor.py
[2025-07-01T21:22:54.616+0000] {processor.py:925} INFO - DAG(s) 'example_local_kubernetes_executor' retrieved from /home/airflow/.local/lib/python3.12/site-packages/airflow/example_dags/example_local_kubernetes_executor.py
[2025-07-01T21:22:54.642+0000] {logging_mixin.py:190} INFO - [2025-07-01T21:22:54.642+0000] {dag.py:3239} INFO - Sync 1 DAGs
[2025-07-01T21:22:54.654+0000] {logging_mixin.py:190} INFO - [2025-07-01T21:22:54.654+0000] {dag.py:4180} INFO - Setting next_dagrun for example_local_kubernetes_executor to None, run_after=None
[2025-07-01T21:22:54.672+0000] {processor.py:208} INFO - Processing /home/airflow/.local/lib/python3.12/site-packages/airflow/example_dags/example_local_kubernetes_executor.py took 0.073 seconds
[2025-07-01T21:23:25.019+0000] {processor.py:186} INFO - Started process (PID=897) to work on /home/airflow/.local/lib/python3.12/site-packages/airflow/example_dags/example_local_kubernetes_executor.py
[2025-07-01T21:23:25.020+0000] {processor.py:914} INFO - Processing file /home/airflow/.local/lib/python3.12/site-packages/airflow/example_dags/example_local_kubernetes_executor.py for tasks to queue
[2025-07-01T21:23:25.022+0000] {logging_mixin.py:190} INFO - [2025-07-01T21:23:25.022+0000] {dagbag.py:588} INFO - Filling up the DagBag from /home/airflow/.local/lib/python3.12/site-packages/airflow/example_dags/example_local_kubernetes_executor.py
[2025-07-01T21:23:25.030+0000] {processor.py:925} INFO - DAG(s) 'example_local_kubernetes_executor' retrieved from /home/airflow/.local/lib/python3.12/site-packages/airflow/example_dags/example_local_kubernetes_executor.py
[2025-07-01T21:23:25.054+0000] {logging_mixin.py:190} INFO - [2025-07-01T21:23:25.054+0000] {dag.py:3239} INFO - Sync 1 DAGs
[2025-07-01T21:23:25.066+0000] {logging_mixin.py:190} INFO - [2025-07-01T21:23:25.065+0000] {dag.py:4180} INFO - Setting next_dagrun for example_local_kubernetes_executor to None, run_after=None
[2025-07-01T21:23:25.083+0000] {processor.py:208} INFO - Processing /home/airflow/.local/lib/python3.12/site-packages/airflow/example_dags/example_local_kubernetes_executor.py took 0.069 seconds
[2025-07-01T21:23:55.301+0000] {processor.py:186} INFO - Started process (PID=959) to work on /home/airflow/.local/lib/python3.12/site-packages/airflow/example_dags/example_local_kubernetes_executor.py
[2025-07-01T21:23:55.302+0000] {processor.py:914} INFO - Processing file /home/airflow/.local/lib/python3.12/site-packages/airflow/example_dags/example_local_kubernetes_executor.py for tasks to queue
[2025-07-01T21:23:55.304+0000] {logging_mixin.py:190} INFO - [2025-07-01T21:23:55.303+0000] {dagbag.py:588} INFO - Filling up the DagBag from /home/airflow/.local/lib/python3.12/site-packages/airflow/example_dags/example_local_kubernetes_executor.py
[2025-07-01T21:23:55.311+0000] {processor.py:925} INFO - DAG(s) 'example_local_kubernetes_executor' retrieved from /home/airflow/.local/lib/python3.12/site-packages/airflow/example_dags/example_local_kubernetes_executor.py
[2025-07-01T21:23:55.339+0000] {logging_mixin.py:190} INFO - [2025-07-01T21:23:55.339+0000] {dag.py:3239} INFO - Sync 1 DAGs
[2025-07-01T21:23:55.352+0000] {logging_mixin.py:190} INFO - [2025-07-01T21:23:55.352+0000] {dag.py:4180} INFO - Setting next_dagrun for example_local_kubernetes_executor to None, run_after=None
[2025-07-01T21:23:55.372+0000] {processor.py:208} INFO - Processing /home/airflow/.local/lib/python3.12/site-packages/airflow/example_dags/example_local_kubernetes_executor.py took 0.076 seconds
[2025-07-01T21:24:25.567+0000] {processor.py:186} INFO - Started process (PID=1021) to work on /home/airflow/.local/lib/python3.12/site-packages/airflow/example_dags/example_local_kubernetes_executor.py
[2025-07-01T21:24:25.568+0000] {processor.py:914} INFO - Processing file /home/airflow/.local/lib/python3.12/site-packages/airflow/example_dags/example_local_kubernetes_executor.py for tasks to queue
[2025-07-01T21:24:25.570+0000] {logging_mixin.py:190} INFO - [2025-07-01T21:24:25.570+0000] {dagbag.py:588} INFO - Filling up the DagBag from /home/airflow/.local/lib/python3.12/site-packages/airflow/example_dags/example_local_kubernetes_executor.py
[2025-07-01T21:24:25.579+0000] {processor.py:925} INFO - DAG(s) 'example_local_kubernetes_executor' retrieved from /home/airflow/.local/lib/python3.12/site-packages/airflow/example_dags/example_local_kubernetes_executor.py
[2025-07-01T21:24:25.602+0000] {logging_mixin.py:190} INFO - [2025-07-01T21:24:25.602+0000] {dag.py:3239} INFO - Sync 1 DAGs
[2025-07-01T21:24:25.613+0000] {logging_mixin.py:190} INFO - [2025-07-01T21:24:25.613+0000] {dag.py:4180} INFO - Setting next_dagrun for example_local_kubernetes_executor to None, run_after=None
[2025-07-01T21:24:25.629+0000] {processor.py:208} INFO - Processing /home/airflow/.local/lib/python3.12/site-packages/airflow/example_dags/example_local_kubernetes_executor.py took 0.069 seconds
[2025-07-01T21:24:55.854+0000] {processor.py:186} INFO - Started process (PID=1083) to work on /home/airflow/.local/lib/python3.12/site-packages/airflow/example_dags/example_local_kubernetes_executor.py
[2025-07-01T21:24:55.855+0000] {processor.py:914} INFO - Processing file /home/airflow/.local/lib/python3.12/site-packages/airflow/example_dags/example_local_kubernetes_executor.py for tasks to queue
[2025-07-01T21:24:55.858+0000] {logging_mixin.py:190} INFO - [2025-07-01T21:24:55.858+0000] {dagbag.py:588} INFO - Filling up the DagBag from /home/airflow/.local/lib/python3.12/site-packages/airflow/example_dags/example_local_kubernetes_executor.py
[2025-07-01T21:24:55.869+0000] {processor.py:925} INFO - DAG(s) 'example_local_kubernetes_executor' retrieved from /home/airflow/.local/lib/python3.12/site-packages/airflow/example_dags/example_local_kubernetes_executor.py
[2025-07-01T21:24:55.897+0000] {logging_mixin.py:190} INFO - [2025-07-01T21:24:55.897+0000] {dag.py:3239} INFO - Sync 1 DAGs
[2025-07-01T21:24:55.909+0000] {logging_mixin.py:190} INFO - [2025-07-01T21:24:55.909+0000] {dag.py:4180} INFO - Setting next_dagrun for example_local_kubernetes_executor to None, run_after=None
[2025-07-01T21:24:55.928+0000] {processor.py:208} INFO - Processing /home/airflow/.local/lib/python3.12/site-packages/airflow/example_dags/example_local_kubernetes_executor.py took 0.080 seconds
[2025-07-01T21:25:26.281+0000] {processor.py:186} INFO - Started process (PID=1145) to work on /home/airflow/.local/lib/python3.12/site-packages/airflow/example_dags/example_local_kubernetes_executor.py
[2025-07-01T21:25:26.282+0000] {processor.py:914} INFO - Processing file /home/airflow/.local/lib/python3.12/site-packages/airflow/example_dags/example_local_kubernetes_executor.py for tasks to queue
[2025-07-01T21:25:26.285+0000] {logging_mixin.py:190} INFO - [2025-07-01T21:25:26.284+0000] {dagbag.py:588} INFO - Filling up the DagBag from /home/airflow/.local/lib/python3.12/site-packages/airflow/example_dags/example_local_kubernetes_executor.py
[2025-07-01T21:25:26.294+0000] {processor.py:925} INFO - DAG(s) 'example_local_kubernetes_executor' retrieved from /home/airflow/.local/lib/python3.12/site-packages/airflow/example_dags/example_local_kubernetes_executor.py
[2025-07-01T21:25:26.323+0000] {logging_mixin.py:190} INFO - [2025-07-01T21:25:26.322+0000] {dag.py:3239} INFO - Sync 1 DAGs
[2025-07-01T21:25:26.335+0000] {logging_mixin.py:190} INFO - [2025-07-01T21:25:26.334+0000] {dag.py:4180} INFO - Setting next_dagrun for example_local_kubernetes_executor to None, run_after=None
[2025-07-01T21:25:26.354+0000] {processor.py:208} INFO - Processing /home/airflow/.local/lib/python3.12/site-packages/airflow/example_dags/example_local_kubernetes_executor.py took 0.078 seconds
[2025-07-01T21:25:57.269+0000] {processor.py:186} INFO - Started process (PID=1208) to work on /home/airflow/.local/lib/python3.12/site-packages/airflow/example_dags/example_local_kubernetes_executor.py
[2025-07-01T21:25:57.270+0000] {processor.py:914} INFO - Processing file /home/airflow/.local/lib/python3.12/site-packages/airflow/example_dags/example_local_kubernetes_executor.py for tasks to queue
[2025-07-01T21:25:57.272+0000] {logging_mixin.py:190} INFO - [2025-07-01T21:25:57.272+0000] {dagbag.py:588} INFO - Filling up the DagBag from /home/airflow/.local/lib/python3.12/site-packages/airflow/example_dags/example_local_kubernetes_executor.py
[2025-07-01T21:25:57.281+0000] {processor.py:925} INFO - DAG(s) 'example_local_kubernetes_executor' retrieved from /home/airflow/.local/lib/python3.12/site-packages/airflow/example_dags/example_local_kubernetes_executor.py
[2025-07-01T21:25:57.309+0000] {logging_mixin.py:190} INFO - [2025-07-01T21:25:57.309+0000] {dag.py:3239} INFO - Sync 1 DAGs
[2025-07-01T21:25:57.321+0000] {logging_mixin.py:190} INFO - [2025-07-01T21:25:57.320+0000] {dag.py:4180} INFO - Setting next_dagrun for example_local_kubernetes_executor to None, run_after=None
[2025-07-01T21:25:57.339+0000] {processor.py:208} INFO - Processing /home/airflow/.local/lib/python3.12/site-packages/airflow/example_dags/example_local_kubernetes_executor.py took 0.075 seconds
[2025-07-01T21:26:27.700+0000] {processor.py:186} INFO - Started process (PID=1270) to work on /home/airflow/.local/lib/python3.12/site-packages/airflow/example_dags/example_local_kubernetes_executor.py
[2025-07-01T21:26:27.701+0000] {processor.py:914} INFO - Processing file /home/airflow/.local/lib/python3.12/site-packages/airflow/example_dags/example_local_kubernetes_executor.py for tasks to queue
[2025-07-01T21:26:27.703+0000] {logging_mixin.py:190} INFO - [2025-07-01T21:26:27.702+0000] {dagbag.py:588} INFO - Filling up the DagBag from /home/airflow/.local/lib/python3.12/site-packages/airflow/example_dags/example_local_kubernetes_executor.py
[2025-07-01T21:26:27.711+0000] {processor.py:925} INFO - DAG(s) 'example_local_kubernetes_executor' retrieved from /home/airflow/.local/lib/python3.12/site-packages/airflow/example_dags/example_local_kubernetes_executor.py
[2025-07-01T21:26:27.739+0000] {logging_mixin.py:190} INFO - [2025-07-01T21:26:27.738+0000] {dag.py:3239} INFO - Sync 1 DAGs
[2025-07-01T21:26:27.753+0000] {logging_mixin.py:190} INFO - [2025-07-01T21:26:27.753+0000] {dag.py:4180} INFO - Setting next_dagrun for example_local_kubernetes_executor to None, run_after=None
[2025-07-01T21:26:27.774+0000] {processor.py:208} INFO - Processing /home/airflow/.local/lib/python3.12/site-packages/airflow/example_dags/example_local_kubernetes_executor.py took 0.079 seconds
[2025-07-01T21:26:58.495+0000] {processor.py:186} INFO - Started process (PID=1332) to work on /home/airflow/.local/lib/python3.12/site-packages/airflow/example_dags/example_local_kubernetes_executor.py
[2025-07-01T21:26:58.497+0000] {processor.py:914} INFO - Processing file /home/airflow/.local/lib/python3.12/site-packages/airflow/example_dags/example_local_kubernetes_executor.py for tasks to queue
[2025-07-01T21:26:58.499+0000] {logging_mixin.py:190} INFO - [2025-07-01T21:26:58.499+0000] {dagbag.py:588} INFO - Filling up the DagBag from /home/airflow/.local/lib/python3.12/site-packages/airflow/example_dags/example_local_kubernetes_executor.py
[2025-07-01T21:26:58.509+0000] {processor.py:925} INFO - DAG(s) 'example_local_kubernetes_executor' retrieved from /home/airflow/.local/lib/python3.12/site-packages/airflow/example_dags/example_local_kubernetes_executor.py
[2025-07-01T21:26:58.540+0000] {logging_mixin.py:190} INFO - [2025-07-01T21:26:58.540+0000] {dag.py:3239} INFO - Sync 1 DAGs
[2025-07-01T21:26:58.552+0000] {logging_mixin.py:190} INFO - [2025-07-01T21:26:58.551+0000] {dag.py:4180} INFO - Setting next_dagrun for example_local_kubernetes_executor to None, run_after=None
[2025-07-01T21:26:58.571+0000] {processor.py:208} INFO - Processing /home/airflow/.local/lib/python3.12/site-packages/airflow/example_dags/example_local_kubernetes_executor.py took 0.082 seconds
[2025-07-01T21:27:29.238+0000] {processor.py:186} INFO - Started process (PID=1394) to work on /home/airflow/.local/lib/python3.12/site-packages/airflow/example_dags/example_local_kubernetes_executor.py
[2025-07-01T21:27:29.239+0000] {processor.py:914} INFO - Processing file /home/airflow/.local/lib/python3.12/site-packages/airflow/example_dags/example_local_kubernetes_executor.py for tasks to queue
[2025-07-01T21:27:29.241+0000] {logging_mixin.py:190} INFO - [2025-07-01T21:27:29.241+0000] {dagbag.py:588} INFO - Filling up the DagBag from /home/airflow/.local/lib/python3.12/site-packages/airflow/example_dags/example_local_kubernetes_executor.py
[2025-07-01T21:27:29.251+0000] {processor.py:925} INFO - DAG(s) 'example_local_kubernetes_executor' retrieved from /home/airflow/.local/lib/python3.12/site-packages/airflow/example_dags/example_local_kubernetes_executor.py
[2025-07-01T21:27:29.282+0000] {logging_mixin.py:190} INFO - [2025-07-01T21:27:29.281+0000] {dag.py:3239} INFO - Sync 1 DAGs
[2025-07-01T21:27:29.295+0000] {logging_mixin.py:190} INFO - [2025-07-01T21:27:29.295+0000] {dag.py:4180} INFO - Setting next_dagrun for example_local_kubernetes_executor to None, run_after=None
[2025-07-01T21:27:29.319+0000] {processor.py:208} INFO - Processing /home/airflow/.local/lib/python3.12/site-packages/airflow/example_dags/example_local_kubernetes_executor.py took 0.086 seconds
[2025-07-01T21:27:59.456+0000] {processor.py:186} INFO - Started process (PID=1457) to work on /home/airflow/.local/lib/python3.12/site-packages/airflow/example_dags/example_local_kubernetes_executor.py
[2025-07-01T21:27:59.457+0000] {processor.py:914} INFO - Processing file /home/airflow/.local/lib/python3.12/site-packages/airflow/example_dags/example_local_kubernetes_executor.py for tasks to queue
[2025-07-01T21:27:59.460+0000] {logging_mixin.py:190} INFO - [2025-07-01T21:27:59.459+0000] {dagbag.py:588} INFO - Filling up the DagBag from /home/airflow/.local/lib/python3.12/site-packages/airflow/example_dags/example_local_kubernetes_executor.py
[2025-07-01T21:27:59.469+0000] {processor.py:925} INFO - DAG(s) 'example_local_kubernetes_executor' retrieved from /home/airflow/.local/lib/python3.12/site-packages/airflow/example_dags/example_local_kubernetes_executor.py
[2025-07-01T21:27:59.495+0000] {logging_mixin.py:190} INFO - [2025-07-01T21:27:59.495+0000] {dag.py:3239} INFO - Sync 1 DAGs
[2025-07-01T21:27:59.507+0000] {logging_mixin.py:190} INFO - [2025-07-01T21:27:59.507+0000] {dag.py:4180} INFO - Setting next_dagrun for example_local_kubernetes_executor to None, run_after=None
[2025-07-01T21:27:59.524+0000] {processor.py:208} INFO - Processing /home/airflow/.local/lib/python3.12/site-packages/airflow/example_dags/example_local_kubernetes_executor.py took 0.075 seconds
[2025-07-01T21:28:29.990+0000] {processor.py:186} INFO - Started process (PID=1519) to work on /home/airflow/.local/lib/python3.12/site-packages/airflow/example_dags/example_local_kubernetes_executor.py
[2025-07-01T21:28:29.991+0000] {processor.py:914} INFO - Processing file /home/airflow/.local/lib/python3.12/site-packages/airflow/example_dags/example_local_kubernetes_executor.py for tasks to queue
[2025-07-01T21:28:29.993+0000] {logging_mixin.py:190} INFO - [2025-07-01T21:28:29.992+0000] {dagbag.py:588} INFO - Filling up the DagBag from /home/airflow/.local/lib/python3.12/site-packages/airflow/example_dags/example_local_kubernetes_executor.py
[2025-07-01T21:28:30.003+0000] {processor.py:925} INFO - DAG(s) 'example_local_kubernetes_executor' retrieved from /home/airflow/.local/lib/python3.12/site-packages/airflow/example_dags/example_local_kubernetes_executor.py
[2025-07-01T21:28:30.032+0000] {logging_mixin.py:190} INFO - [2025-07-01T21:28:30.031+0000] {dag.py:3239} INFO - Sync 1 DAGs
[2025-07-01T21:28:30.044+0000] {logging_mixin.py:190} INFO - [2025-07-01T21:28:30.044+0000] {dag.py:4180} INFO - Setting next_dagrun for example_local_kubernetes_executor to None, run_after=None
[2025-07-01T21:28:30.064+0000] {processor.py:208} INFO - Processing /home/airflow/.local/lib/python3.12/site-packages/airflow/example_dags/example_local_kubernetes_executor.py took 0.079 seconds
[2025-07-01T21:29:00.895+0000] {processor.py:186} INFO - Started process (PID=1581) to work on /home/airflow/.local/lib/python3.12/site-packages/airflow/example_dags/example_local_kubernetes_executor.py
[2025-07-01T21:29:00.896+0000] {processor.py:914} INFO - Processing file /home/airflow/.local/lib/python3.12/site-packages/airflow/example_dags/example_local_kubernetes_executor.py for tasks to queue
[2025-07-01T21:29:00.898+0000] {logging_mixin.py:190} INFO - [2025-07-01T21:29:00.898+0000] {dagbag.py:588} INFO - Filling up the DagBag from /home/airflow/.local/lib/python3.12/site-packages/airflow/example_dags/example_local_kubernetes_executor.py
[2025-07-01T21:29:00.907+0000] {processor.py:925} INFO - DAG(s) 'example_local_kubernetes_executor' retrieved from /home/airflow/.local/lib/python3.12/site-packages/airflow/example_dags/example_local_kubernetes_executor.py
[2025-07-01T21:29:00.933+0000] {logging_mixin.py:190} INFO - [2025-07-01T21:29:00.933+0000] {dag.py:3239} INFO - Sync 1 DAGs
[2025-07-01T21:29:00.947+0000] {logging_mixin.py:190} INFO - [2025-07-01T21:29:00.947+0000] {dag.py:4180} INFO - Setting next_dagrun for example_local_kubernetes_executor to None, run_after=None
[2025-07-01T21:29:00.965+0000] {processor.py:208} INFO - Processing /home/airflow/.local/lib/python3.12/site-packages/airflow/example_dags/example_local_kubernetes_executor.py took 0.074 seconds
[2025-07-01T21:29:31.410+0000] {processor.py:186} INFO - Started process (PID=1643) to work on /home/airflow/.local/lib/python3.12/site-packages/airflow/example_dags/example_local_kubernetes_executor.py
[2025-07-01T21:29:31.411+0000] {processor.py:914} INFO - Processing file /home/airflow/.local/lib/python3.12/site-packages/airflow/example_dags/example_local_kubernetes_executor.py for tasks to queue
[2025-07-01T21:29:31.413+0000] {logging_mixin.py:190} INFO - [2025-07-01T21:29:31.412+0000] {dagbag.py:588} INFO - Filling up the DagBag from /home/airflow/.local/lib/python3.12/site-packages/airflow/example_dags/example_local_kubernetes_executor.py
[2025-07-01T21:29:31.422+0000] {processor.py:925} INFO - DAG(s) 'example_local_kubernetes_executor' retrieved from /home/airflow/.local/lib/python3.12/site-packages/airflow/example_dags/example_local_kubernetes_executor.py
[2025-07-01T21:29:31.449+0000] {logging_mixin.py:190} INFO - [2025-07-01T21:29:31.449+0000] {dag.py:3239} INFO - Sync 1 DAGs
[2025-07-01T21:29:31.461+0000] {logging_mixin.py:190} INFO - [2025-07-01T21:29:31.460+0000] {dag.py:4180} INFO - Setting next_dagrun for example_local_kubernetes_executor to None, run_after=None
[2025-07-01T21:29:31.478+0000] {processor.py:208} INFO - Processing /home/airflow/.local/lib/python3.12/site-packages/airflow/example_dags/example_local_kubernetes_executor.py took 0.074 seconds
[2025-07-01T21:30:01.638+0000] {processor.py:186} INFO - Started process (PID=1705) to work on /home/airflow/.local/lib/python3.12/site-packages/airflow/example_dags/example_local_kubernetes_executor.py
[2025-07-01T21:30:01.639+0000] {processor.py:914} INFO - Processing file /home/airflow/.local/lib/python3.12/site-packages/airflow/example_dags/example_local_kubernetes_executor.py for tasks to queue
[2025-07-01T21:30:01.641+0000] {logging_mixin.py:190} INFO - [2025-07-01T21:30:01.641+0000] {dagbag.py:588} INFO - Filling up the DagBag from /home/airflow/.local/lib/python3.12/site-packages/airflow/example_dags/example_local_kubernetes_executor.py
[2025-07-01T21:30:01.650+0000] {processor.py:925} INFO - DAG(s) 'example_local_kubernetes_executor' retrieved from /home/airflow/.local/lib/python3.12/site-packages/airflow/example_dags/example_local_kubernetes_executor.py
[2025-07-01T21:30:01.677+0000] {logging_mixin.py:190} INFO - [2025-07-01T21:30:01.677+0000] {dag.py:3239} INFO - Sync 1 DAGs
[2025-07-01T21:30:01.689+0000] {logging_mixin.py:190} INFO - [2025-07-01T21:30:01.689+0000] {dag.py:4180} INFO - Setting next_dagrun for example_local_kubernetes_executor to None, run_after=None
[2025-07-01T21:30:01.710+0000] {processor.py:208} INFO - Processing /home/airflow/.local/lib/python3.12/site-packages/airflow/example_dags/example_local_kubernetes_executor.py took 0.078 seconds
[2025-07-01T21:30:31.946+0000] {processor.py:186} INFO - Started process (PID=1767) to work on /home/airflow/.local/lib/python3.12/site-packages/airflow/example_dags/example_local_kubernetes_executor.py
[2025-07-01T21:30:31.947+0000] {processor.py:914} INFO - Processing file /home/airflow/.local/lib/python3.12/site-packages/airflow/example_dags/example_local_kubernetes_executor.py for tasks to queue
[2025-07-01T21:30:31.950+0000] {logging_mixin.py:190} INFO - [2025-07-01T21:30:31.949+0000] {dagbag.py:588} INFO - Filling up the DagBag from /home/airflow/.local/lib/python3.12/site-packages/airflow/example_dags/example_local_kubernetes_executor.py
[2025-07-01T21:30:31.960+0000] {processor.py:925} INFO - DAG(s) 'example_local_kubernetes_executor' retrieved from /home/airflow/.local/lib/python3.12/site-packages/airflow/example_dags/example_local_kubernetes_executor.py
[2025-07-01T21:30:31.995+0000] {logging_mixin.py:190} INFO - [2025-07-01T21:30:31.995+0000] {dag.py:3239} INFO - Sync 1 DAGs
[2025-07-01T21:30:32.007+0000] {logging_mixin.py:190} INFO - [2025-07-01T21:30:32.007+0000] {dag.py:4180} INFO - Setting next_dagrun for example_local_kubernetes_executor to None, run_after=None
[2025-07-01T21:30:32.028+0000] {processor.py:208} INFO - Processing /home/airflow/.local/lib/python3.12/site-packages/airflow/example_dags/example_local_kubernetes_executor.py took 0.088 seconds
[2025-07-01T21:31:02.696+0000] {processor.py:186} INFO - Started process (PID=1829) to work on /home/airflow/.local/lib/python3.12/site-packages/airflow/example_dags/example_local_kubernetes_executor.py
[2025-07-01T21:31:02.697+0000] {processor.py:914} INFO - Processing file /home/airflow/.local/lib/python3.12/site-packages/airflow/example_dags/example_local_kubernetes_executor.py for tasks to queue
[2025-07-01T21:31:02.699+0000] {logging_mixin.py:190} INFO - [2025-07-01T21:31:02.699+0000] {dagbag.py:588} INFO - Filling up the DagBag from /home/airflow/.local/lib/python3.12/site-packages/airflow/example_dags/example_local_kubernetes_executor.py
[2025-07-01T21:31:02.707+0000] {processor.py:925} INFO - DAG(s) 'example_local_kubernetes_executor' retrieved from /home/airflow/.local/lib/python3.12/site-packages/airflow/example_dags/example_local_kubernetes_executor.py
[2025-07-01T21:31:02.733+0000] {logging_mixin.py:190} INFO - [2025-07-01T21:31:02.733+0000] {dag.py:3239} INFO - Sync 1 DAGs
[2025-07-01T21:31:02.746+0000] {logging_mixin.py:190} INFO - [2025-07-01T21:31:02.745+0000] {dag.py:4180} INFO - Setting next_dagrun for example_local_kubernetes_executor to None, run_after=None
[2025-07-01T21:31:02.763+0000] {processor.py:208} INFO - Processing /home/airflow/.local/lib/python3.12/site-packages/airflow/example_dags/example_local_kubernetes_executor.py took 0.072 seconds
[2025-07-01T21:31:32.911+0000] {processor.py:186} INFO - Started process (PID=1891) to work on /home/airflow/.local/lib/python3.12/site-packages/airflow/example_dags/example_local_kubernetes_executor.py
[2025-07-01T21:31:32.911+0000] {processor.py:914} INFO - Processing file /home/airflow/.local/lib/python3.12/site-packages/airflow/example_dags/example_local_kubernetes_executor.py for tasks to queue
[2025-07-01T21:31:32.914+0000] {logging_mixin.py:190} INFO - [2025-07-01T21:31:32.913+0000] {dagbag.py:588} INFO - Filling up the DagBag from /home/airflow/.local/lib/python3.12/site-packages/airflow/example_dags/example_local_kubernetes_executor.py
[2025-07-01T21:31:32.921+0000] {processor.py:925} INFO - DAG(s) 'example_local_kubernetes_executor' retrieved from /home/airflow/.local/lib/python3.12/site-packages/airflow/example_dags/example_local_kubernetes_executor.py
[2025-07-01T21:31:32.947+0000] {logging_mixin.py:190} INFO - [2025-07-01T21:31:32.947+0000] {dag.py:3239} INFO - Sync 1 DAGs
[2025-07-01T21:31:32.960+0000] {logging_mixin.py:190} INFO - [2025-07-01T21:31:32.959+0000] {dag.py:4180} INFO - Setting next_dagrun for example_local_kubernetes_executor to None, run_after=None
[2025-07-01T21:31:32.979+0000] {processor.py:208} INFO - Processing /home/airflow/.local/lib/python3.12/site-packages/airflow/example_dags/example_local_kubernetes_executor.py took 0.073 seconds
[2025-07-01T21:32:03.562+0000] {processor.py:186} INFO - Started process (PID=1954) to work on /home/airflow/.local/lib/python3.12/site-packages/airflow/example_dags/example_local_kubernetes_executor.py
[2025-07-01T21:32:03.563+0000] {processor.py:914} INFO - Processing file /home/airflow/.local/lib/python3.12/site-packages/airflow/example_dags/example_local_kubernetes_executor.py for tasks to queue
[2025-07-01T21:32:03.565+0000] {logging_mixin.py:190} INFO - [2025-07-01T21:32:03.565+0000] {dagbag.py:588} INFO - Filling up the DagBag from /home/airflow/.local/lib/python3.12/site-packages/airflow/example_dags/example_local_kubernetes_executor.py
[2025-07-01T21:32:03.573+0000] {processor.py:925} INFO - DAG(s) 'example_local_kubernetes_executor' retrieved from /home/airflow/.local/lib/python3.12/site-packages/airflow/example_dags/example_local_kubernetes_executor.py
[2025-07-01T21:32:03.599+0000] {logging_mixin.py:190} INFO - [2025-07-01T21:32:03.599+0000] {dag.py:3239} INFO - Sync 1 DAGs
[2025-07-01T21:32:03.611+0000] {logging_mixin.py:190} INFO - [2025-07-01T21:32:03.610+0000] {dag.py:4180} INFO - Setting next_dagrun for example_local_kubernetes_executor to None, run_after=None
[2025-07-01T21:32:03.627+0000] {processor.py:208} INFO - Processing /home/airflow/.local/lib/python3.12/site-packages/airflow/example_dags/example_local_kubernetes_executor.py took 0.070 seconds
[2025-07-01T21:32:34.073+0000] {processor.py:186} INFO - Started process (PID=2017) to work on /home/airflow/.local/lib/python3.12/site-packages/airflow/example_dags/example_local_kubernetes_executor.py
[2025-07-01T21:32:34.074+0000] {processor.py:914} INFO - Processing file /home/airflow/.local/lib/python3.12/site-packages/airflow/example_dags/example_local_kubernetes_executor.py for tasks to queue
[2025-07-01T21:32:34.076+0000] {logging_mixin.py:190} INFO - [2025-07-01T21:32:34.075+0000] {dagbag.py:588} INFO - Filling up the DagBag from /home/airflow/.local/lib/python3.12/site-packages/airflow/example_dags/example_local_kubernetes_executor.py
[2025-07-01T21:32:34.084+0000] {processor.py:925} INFO - DAG(s) 'example_local_kubernetes_executor' retrieved from /home/airflow/.local/lib/python3.12/site-packages/airflow/example_dags/example_local_kubernetes_executor.py
[2025-07-01T21:32:34.110+0000] {logging_mixin.py:190} INFO - [2025-07-01T21:32:34.110+0000] {dag.py:3239} INFO - Sync 1 DAGs
[2025-07-01T21:32:34.122+0000] {logging_mixin.py:190} INFO - [2025-07-01T21:32:34.122+0000] {dag.py:4180} INFO - Setting next_dagrun for example_local_kubernetes_executor to None, run_after=None
[2025-07-01T21:32:34.141+0000] {processor.py:208} INFO - Processing /home/airflow/.local/lib/python3.12/site-packages/airflow/example_dags/example_local_kubernetes_executor.py took 0.073 seconds
[2025-07-01T21:33:04.585+0000] {processor.py:186} INFO - Started process (PID=2080) to work on /home/airflow/.local/lib/python3.12/site-packages/airflow/example_dags/example_local_kubernetes_executor.py
[2025-07-01T21:33:04.586+0000] {processor.py:914} INFO - Processing file /home/airflow/.local/lib/python3.12/site-packages/airflow/example_dags/example_local_kubernetes_executor.py for tasks to queue
[2025-07-01T21:33:04.588+0000] {logging_mixin.py:190} INFO - [2025-07-01T21:33:04.588+0000] {dagbag.py:588} INFO - Filling up the DagBag from /home/airflow/.local/lib/python3.12/site-packages/airflow/example_dags/example_local_kubernetes_executor.py
[2025-07-01T21:33:04.596+0000] {processor.py:925} INFO - DAG(s) 'example_local_kubernetes_executor' retrieved from /home/airflow/.local/lib/python3.12/site-packages/airflow/example_dags/example_local_kubernetes_executor.py
[2025-07-01T21:33:04.622+0000] {logging_mixin.py:190} INFO - [2025-07-01T21:33:04.622+0000] {dag.py:3239} INFO - Sync 1 DAGs
[2025-07-01T21:33:04.633+0000] {logging_mixin.py:190} INFO - [2025-07-01T21:33:04.633+0000] {dag.py:4180} INFO - Setting next_dagrun for example_local_kubernetes_executor to None, run_after=None
[2025-07-01T21:33:04.650+0000] {processor.py:208} INFO - Processing /home/airflow/.local/lib/python3.12/site-packages/airflow/example_dags/example_local_kubernetes_executor.py took 0.070 seconds
[2025-07-01T21:33:36.007+0000] {processor.py:186} INFO - Started process (PID=2143) to work on /home/airflow/.local/lib/python3.12/site-packages/airflow/example_dags/example_local_kubernetes_executor.py
[2025-07-01T21:33:36.008+0000] {processor.py:914} INFO - Processing file /home/airflow/.local/lib/python3.12/site-packages/airflow/example_dags/example_local_kubernetes_executor.py for tasks to queue
[2025-07-01T21:33:36.010+0000] {logging_mixin.py:190} INFO - [2025-07-01T21:33:36.010+0000] {dagbag.py:588} INFO - Filling up the DagBag from /home/airflow/.local/lib/python3.12/site-packages/airflow/example_dags/example_local_kubernetes_executor.py
[2025-07-01T21:33:36.018+0000] {processor.py:925} INFO - DAG(s) 'example_local_kubernetes_executor' retrieved from /home/airflow/.local/lib/python3.12/site-packages/airflow/example_dags/example_local_kubernetes_executor.py
[2025-07-01T21:33:36.046+0000] {logging_mixin.py:190} INFO - [2025-07-01T21:33:36.046+0000] {dag.py:3239} INFO - Sync 1 DAGs
[2025-07-01T21:33:36.059+0000] {logging_mixin.py:190} INFO - [2025-07-01T21:33:36.059+0000] {dag.py:4180} INFO - Setting next_dagrun for example_local_kubernetes_executor to None, run_after=None
[2025-07-01T21:33:36.080+0000] {processor.py:208} INFO - Processing /home/airflow/.local/lib/python3.12/site-packages/airflow/example_dags/example_local_kubernetes_executor.py took 0.078 seconds
[2025-07-01T21:34:06.387+0000] {processor.py:186} INFO - Started process (PID=2206) to work on /home/airflow/.local/lib/python3.12/site-packages/airflow/example_dags/example_local_kubernetes_executor.py
[2025-07-01T21:34:06.388+0000] {processor.py:914} INFO - Processing file /home/airflow/.local/lib/python3.12/site-packages/airflow/example_dags/example_local_kubernetes_executor.py for tasks to queue
[2025-07-01T21:34:06.391+0000] {logging_mixin.py:190} INFO - [2025-07-01T21:34:06.390+0000] {dagbag.py:588} INFO - Filling up the DagBag from /home/airflow/.local/lib/python3.12/site-packages/airflow/example_dags/example_local_kubernetes_executor.py
[2025-07-01T21:34:06.400+0000] {processor.py:925} INFO - DAG(s) 'example_local_kubernetes_executor' retrieved from /home/airflow/.local/lib/python3.12/site-packages/airflow/example_dags/example_local_kubernetes_executor.py
[2025-07-01T21:34:06.428+0000] {logging_mixin.py:190} INFO - [2025-07-01T21:34:06.427+0000] {dag.py:3239} INFO - Sync 1 DAGs
[2025-07-01T21:34:06.440+0000] {logging_mixin.py:190} INFO - [2025-07-01T21:34:06.440+0000] {dag.py:4180} INFO - Setting next_dagrun for example_local_kubernetes_executor to None, run_after=None
[2025-07-01T21:34:06.458+0000] {processor.py:208} INFO - Processing /home/airflow/.local/lib/python3.12/site-packages/airflow/example_dags/example_local_kubernetes_executor.py took 0.076 seconds
[2025-07-01T21:34:36.585+0000] {processor.py:186} INFO - Started process (PID=2269) to work on /home/airflow/.local/lib/python3.12/site-packages/airflow/example_dags/example_local_kubernetes_executor.py
[2025-07-01T21:34:36.586+0000] {processor.py:914} INFO - Processing file /home/airflow/.local/lib/python3.12/site-packages/airflow/example_dags/example_local_kubernetes_executor.py for tasks to queue
[2025-07-01T21:34:36.589+0000] {logging_mixin.py:190} INFO - [2025-07-01T21:34:36.589+0000] {dagbag.py:588} INFO - Filling up the DagBag from /home/airflow/.local/lib/python3.12/site-packages/airflow/example_dags/example_local_kubernetes_executor.py
[2025-07-01T21:34:36.599+0000] {processor.py:925} INFO - DAG(s) 'example_local_kubernetes_executor' retrieved from /home/airflow/.local/lib/python3.12/site-packages/airflow/example_dags/example_local_kubernetes_executor.py
[2025-07-01T21:34:36.628+0000] {logging_mixin.py:190} INFO - [2025-07-01T21:34:36.627+0000] {dag.py:3239} INFO - Sync 1 DAGs
[2025-07-01T21:34:36.640+0000] {logging_mixin.py:190} INFO - [2025-07-01T21:34:36.639+0000] {dag.py:4180} INFO - Setting next_dagrun for example_local_kubernetes_executor to None, run_after=None
[2025-07-01T21:34:36.661+0000] {processor.py:208} INFO - Processing /home/airflow/.local/lib/python3.12/site-packages/airflow/example_dags/example_local_kubernetes_executor.py took 0.082 seconds
[2025-07-01T21:35:06.940+0000] {processor.py:186} INFO - Started process (PID=2332) to work on /home/airflow/.local/lib/python3.12/site-packages/airflow/example_dags/example_local_kubernetes_executor.py
[2025-07-01T21:35:06.941+0000] {processor.py:914} INFO - Processing file /home/airflow/.local/lib/python3.12/site-packages/airflow/example_dags/example_local_kubernetes_executor.py for tasks to queue
[2025-07-01T21:35:06.944+0000] {logging_mixin.py:190} INFO - [2025-07-01T21:35:06.943+0000] {dagbag.py:588} INFO - Filling up the DagBag from /home/airflow/.local/lib/python3.12/site-packages/airflow/example_dags/example_local_kubernetes_executor.py
[2025-07-01T21:35:06.952+0000] {processor.py:925} INFO - DAG(s) 'example_local_kubernetes_executor' retrieved from /home/airflow/.local/lib/python3.12/site-packages/airflow/example_dags/example_local_kubernetes_executor.py
[2025-07-01T21:35:06.983+0000] {logging_mixin.py:190} INFO - [2025-07-01T21:35:06.983+0000] {dag.py:3239} INFO - Sync 1 DAGs
[2025-07-01T21:35:06.995+0000] {logging_mixin.py:190} INFO - [2025-07-01T21:35:06.995+0000] {dag.py:4180} INFO - Setting next_dagrun for example_local_kubernetes_executor to None, run_after=None
[2025-07-01T21:35:07.014+0000] {processor.py:208} INFO - Processing /home/airflow/.local/lib/python3.12/site-packages/airflow/example_dags/example_local_kubernetes_executor.py took 0.079 seconds
[2025-07-01T21:35:37.788+0000] {processor.py:186} INFO - Started process (PID=2395) to work on /home/airflow/.local/lib/python3.12/site-packages/airflow/example_dags/example_local_kubernetes_executor.py
[2025-07-01T21:35:37.789+0000] {processor.py:914} INFO - Processing file /home/airflow/.local/lib/python3.12/site-packages/airflow/example_dags/example_local_kubernetes_executor.py for tasks to queue
[2025-07-01T21:35:37.792+0000] {logging_mixin.py:190} INFO - [2025-07-01T21:35:37.791+0000] {dagbag.py:588} INFO - Filling up the DagBag from /home/airflow/.local/lib/python3.12/site-packages/airflow/example_dags/example_local_kubernetes_executor.py
[2025-07-01T21:35:37.802+0000] {processor.py:925} INFO - DAG(s) 'example_local_kubernetes_executor' retrieved from /home/airflow/.local/lib/python3.12/site-packages/airflow/example_dags/example_local_kubernetes_executor.py
[2025-07-01T21:35:37.834+0000] {logging_mixin.py:190} INFO - [2025-07-01T21:35:37.833+0000] {dag.py:3239} INFO - Sync 1 DAGs
[2025-07-01T21:35:37.847+0000] {logging_mixin.py:190} INFO - [2025-07-01T21:35:37.847+0000] {dag.py:4180} INFO - Setting next_dagrun for example_local_kubernetes_executor to None, run_after=None
[2025-07-01T21:35:37.869+0000] {processor.py:208} INFO - Processing /home/airflow/.local/lib/python3.12/site-packages/airflow/example_dags/example_local_kubernetes_executor.py took 0.086 seconds
[2025-07-01T21:36:08.466+0000] {processor.py:186} INFO - Started process (PID=2458) to work on /home/airflow/.local/lib/python3.12/site-packages/airflow/example_dags/example_local_kubernetes_executor.py
[2025-07-01T21:36:08.467+0000] {processor.py:914} INFO - Processing file /home/airflow/.local/lib/python3.12/site-packages/airflow/example_dags/example_local_kubernetes_executor.py for tasks to queue
[2025-07-01T21:36:08.469+0000] {logging_mixin.py:190} INFO - [2025-07-01T21:36:08.469+0000] {dagbag.py:588} INFO - Filling up the DagBag from /home/airflow/.local/lib/python3.12/site-packages/airflow/example_dags/example_local_kubernetes_executor.py
[2025-07-01T21:36:08.478+0000] {processor.py:925} INFO - DAG(s) 'example_local_kubernetes_executor' retrieved from /home/airflow/.local/lib/python3.12/site-packages/airflow/example_dags/example_local_kubernetes_executor.py
[2025-07-01T21:36:08.505+0000] {logging_mixin.py:190} INFO - [2025-07-01T21:36:08.505+0000] {dag.py:3239} INFO - Sync 1 DAGs
[2025-07-01T21:36:08.517+0000] {logging_mixin.py:190} INFO - [2025-07-01T21:36:08.516+0000] {dag.py:4180} INFO - Setting next_dagrun for example_local_kubernetes_executor to None, run_after=None
[2025-07-01T21:36:08.536+0000] {processor.py:208} INFO - Processing /home/airflow/.local/lib/python3.12/site-packages/airflow/example_dags/example_local_kubernetes_executor.py took 0.076 seconds
[2025-07-01T21:36:39.395+0000] {processor.py:186} INFO - Started process (PID=2521) to work on /home/airflow/.local/lib/python3.12/site-packages/airflow/example_dags/example_local_kubernetes_executor.py
[2025-07-01T21:36:39.396+0000] {processor.py:914} INFO - Processing file /home/airflow/.local/lib/python3.12/site-packages/airflow/example_dags/example_local_kubernetes_executor.py for tasks to queue
[2025-07-01T21:36:39.398+0000] {logging_mixin.py:190} INFO - [2025-07-01T21:36:39.398+0000] {dagbag.py:588} INFO - Filling up the DagBag from /home/airflow/.local/lib/python3.12/site-packages/airflow/example_dags/example_local_kubernetes_executor.py
[2025-07-01T21:36:39.407+0000] {processor.py:925} INFO - DAG(s) 'example_local_kubernetes_executor' retrieved from /home/airflow/.local/lib/python3.12/site-packages/airflow/example_dags/example_local_kubernetes_executor.py
[2025-07-01T21:36:39.434+0000] {logging_mixin.py:190} INFO - [2025-07-01T21:36:39.433+0000] {dag.py:3239} INFO - Sync 1 DAGs
[2025-07-01T21:36:39.446+0000] {logging_mixin.py:190} INFO - [2025-07-01T21:36:39.446+0000] {dag.py:4180} INFO - Setting next_dagrun for example_local_kubernetes_executor to None, run_after=None
[2025-07-01T21:36:39.464+0000] {processor.py:208} INFO - Processing /home/airflow/.local/lib/python3.12/site-packages/airflow/example_dags/example_local_kubernetes_executor.py took 0.074 seconds
[2025-07-01T21:37:10.043+0000] {processor.py:186} INFO - Started process (PID=2584) to work on /home/airflow/.local/lib/python3.12/site-packages/airflow/example_dags/example_local_kubernetes_executor.py
[2025-07-01T21:37:10.045+0000] {processor.py:914} INFO - Processing file /home/airflow/.local/lib/python3.12/site-packages/airflow/example_dags/example_local_kubernetes_executor.py for tasks to queue
[2025-07-01T21:37:10.048+0000] {logging_mixin.py:190} INFO - [2025-07-01T21:37:10.048+0000] {dagbag.py:588} INFO - Filling up the DagBag from /home/airflow/.local/lib/python3.12/site-packages/airflow/example_dags/example_local_kubernetes_executor.py
[2025-07-01T21:37:10.059+0000] {processor.py:925} INFO - DAG(s) 'example_local_kubernetes_executor' retrieved from /home/airflow/.local/lib/python3.12/site-packages/airflow/example_dags/example_local_kubernetes_executor.py
[2025-07-01T21:37:10.092+0000] {logging_mixin.py:190} INFO - [2025-07-01T21:37:10.092+0000] {dag.py:3239} INFO - Sync 1 DAGs
[2025-07-01T21:37:10.107+0000] {logging_mixin.py:190} INFO - [2025-07-01T21:37:10.107+0000] {dag.py:4180} INFO - Setting next_dagrun for example_local_kubernetes_executor to None, run_after=None
[2025-07-01T21:37:10.130+0000] {processor.py:208} INFO - Processing /home/airflow/.local/lib/python3.12/site-packages/airflow/example_dags/example_local_kubernetes_executor.py took 0.093 seconds
[2025-07-01T21:37:41.041+0000] {processor.py:186} INFO - Started process (PID=2647) to work on /home/airflow/.local/lib/python3.12/site-packages/airflow/example_dags/example_local_kubernetes_executor.py
[2025-07-01T21:37:41.042+0000] {processor.py:914} INFO - Processing file /home/airflow/.local/lib/python3.12/site-packages/airflow/example_dags/example_local_kubernetes_executor.py for tasks to queue
[2025-07-01T21:37:41.045+0000] {logging_mixin.py:190} INFO - [2025-07-01T21:37:41.044+0000] {dagbag.py:588} INFO - Filling up the DagBag from /home/airflow/.local/lib/python3.12/site-packages/airflow/example_dags/example_local_kubernetes_executor.py
[2025-07-01T21:37:41.054+0000] {processor.py:925} INFO - DAG(s) 'example_local_kubernetes_executor' retrieved from /home/airflow/.local/lib/python3.12/site-packages/airflow/example_dags/example_local_kubernetes_executor.py
[2025-07-01T21:37:41.081+0000] {logging_mixin.py:190} INFO - [2025-07-01T21:37:41.081+0000] {dag.py:3239} INFO - Sync 1 DAGs
[2025-07-01T21:37:41.095+0000] {logging_mixin.py:190} INFO - [2025-07-01T21:37:41.095+0000] {dag.py:4180} INFO - Setting next_dagrun for example_local_kubernetes_executor to None, run_after=None
[2025-07-01T21:37:41.117+0000] {processor.py:208} INFO - Processing /home/airflow/.local/lib/python3.12/site-packages/airflow/example_dags/example_local_kubernetes_executor.py took 0.081 seconds
[2025-07-01T21:38:11.546+0000] {processor.py:186} INFO - Started process (PID=2710) to work on /home/airflow/.local/lib/python3.12/site-packages/airflow/example_dags/example_local_kubernetes_executor.py
[2025-07-01T21:38:11.547+0000] {processor.py:914} INFO - Processing file /home/airflow/.local/lib/python3.12/site-packages/airflow/example_dags/example_local_kubernetes_executor.py for tasks to queue
[2025-07-01T21:38:11.549+0000] {logging_mixin.py:190} INFO - [2025-07-01T21:38:11.549+0000] {dagbag.py:588} INFO - Filling up the DagBag from /home/airflow/.local/lib/python3.12/site-packages/airflow/example_dags/example_local_kubernetes_executor.py
[2025-07-01T21:38:11.558+0000] {processor.py:925} INFO - DAG(s) 'example_local_kubernetes_executor' retrieved from /home/airflow/.local/lib/python3.12/site-packages/airflow/example_dags/example_local_kubernetes_executor.py
[2025-07-01T21:38:11.586+0000] {logging_mixin.py:190} INFO - [2025-07-01T21:38:11.586+0000] {dag.py:3239} INFO - Sync 1 DAGs
[2025-07-01T21:38:11.597+0000] {logging_mixin.py:190} INFO - [2025-07-01T21:38:11.597+0000] {dag.py:4180} INFO - Setting next_dagrun for example_local_kubernetes_executor to None, run_after=None
[2025-07-01T21:38:11.618+0000] {processor.py:208} INFO - Processing /home/airflow/.local/lib/python3.12/site-packages/airflow/example_dags/example_local_kubernetes_executor.py took 0.077 seconds
[2025-07-01T21:38:42.492+0000] {processor.py:186} INFO - Started process (PID=2773) to work on /home/airflow/.local/lib/python3.12/site-packages/airflow/example_dags/example_local_kubernetes_executor.py
[2025-07-01T21:38:42.493+0000] {processor.py:914} INFO - Processing file /home/airflow/.local/lib/python3.12/site-packages/airflow/example_dags/example_local_kubernetes_executor.py for tasks to queue
[2025-07-01T21:38:42.495+0000] {logging_mixin.py:190} INFO - [2025-07-01T21:38:42.495+0000] {dagbag.py:588} INFO - Filling up the DagBag from /home/airflow/.local/lib/python3.12/site-packages/airflow/example_dags/example_local_kubernetes_executor.py
[2025-07-01T21:38:42.504+0000] {processor.py:925} INFO - DAG(s) 'example_local_kubernetes_executor' retrieved from /home/airflow/.local/lib/python3.12/site-packages/airflow/example_dags/example_local_kubernetes_executor.py
[2025-07-01T21:38:42.530+0000] {logging_mixin.py:190} INFO - [2025-07-01T21:38:42.530+0000] {dag.py:3239} INFO - Sync 1 DAGs
[2025-07-01T21:38:42.541+0000] {logging_mixin.py:190} INFO - [2025-07-01T21:38:42.541+0000] {dag.py:4180} INFO - Setting next_dagrun for example_local_kubernetes_executor to None, run_after=None
[2025-07-01T21:38:42.560+0000] {processor.py:208} INFO - Processing /home/airflow/.local/lib/python3.12/site-packages/airflow/example_dags/example_local_kubernetes_executor.py took 0.073 seconds
[2025-07-01T21:39:13.212+0000] {processor.py:186} INFO - Started process (PID=2836) to work on /home/airflow/.local/lib/python3.12/site-packages/airflow/example_dags/example_local_kubernetes_executor.py
[2025-07-01T21:39:13.213+0000] {processor.py:914} INFO - Processing file /home/airflow/.local/lib/python3.12/site-packages/airflow/example_dags/example_local_kubernetes_executor.py for tasks to queue
[2025-07-01T21:39:13.216+0000] {logging_mixin.py:190} INFO - [2025-07-01T21:39:13.215+0000] {dagbag.py:588} INFO - Filling up the DagBag from /home/airflow/.local/lib/python3.12/site-packages/airflow/example_dags/example_local_kubernetes_executor.py
[2025-07-01T21:39:13.225+0000] {processor.py:925} INFO - DAG(s) 'example_local_kubernetes_executor' retrieved from /home/airflow/.local/lib/python3.12/site-packages/airflow/example_dags/example_local_kubernetes_executor.py
[2025-07-01T21:39:13.254+0000] {logging_mixin.py:190} INFO - [2025-07-01T21:39:13.254+0000] {dag.py:3239} INFO - Sync 1 DAGs
[2025-07-01T21:39:13.265+0000] {logging_mixin.py:190} INFO - [2025-07-01T21:39:13.265+0000] {dag.py:4180} INFO - Setting next_dagrun for example_local_kubernetes_executor to None, run_after=None
[2025-07-01T21:39:13.284+0000] {processor.py:208} INFO - Processing /home/airflow/.local/lib/python3.12/site-packages/airflow/example_dags/example_local_kubernetes_executor.py took 0.077 seconds
[2025-07-01T21:39:44.110+0000] {processor.py:186} INFO - Started process (PID=2899) to work on /home/airflow/.local/lib/python3.12/site-packages/airflow/example_dags/example_local_kubernetes_executor.py
[2025-07-01T21:39:44.111+0000] {processor.py:914} INFO - Processing file /home/airflow/.local/lib/python3.12/site-packages/airflow/example_dags/example_local_kubernetes_executor.py for tasks to queue
[2025-07-01T21:39:44.113+0000] {logging_mixin.py:190} INFO - [2025-07-01T21:39:44.113+0000] {dagbag.py:588} INFO - Filling up the DagBag from /home/airflow/.local/lib/python3.12/site-packages/airflow/example_dags/example_local_kubernetes_executor.py
[2025-07-01T21:39:44.121+0000] {processor.py:925} INFO - DAG(s) 'example_local_kubernetes_executor' retrieved from /home/airflow/.local/lib/python3.12/site-packages/airflow/example_dags/example_local_kubernetes_executor.py
[2025-07-01T21:39:44.148+0000] {logging_mixin.py:190} INFO - [2025-07-01T21:39:44.147+0000] {dag.py:3239} INFO - Sync 1 DAGs
[2025-07-01T21:39:44.160+0000] {logging_mixin.py:190} INFO - [2025-07-01T21:39:44.160+0000] {dag.py:4180} INFO - Setting next_dagrun for example_local_kubernetes_executor to None, run_after=None
[2025-07-01T21:39:44.177+0000] {processor.py:208} INFO - Processing /home/airflow/.local/lib/python3.12/site-packages/airflow/example_dags/example_local_kubernetes_executor.py took 0.073 seconds
[2025-07-01T21:40:14.971+0000] {processor.py:186} INFO - Started process (PID=2963) to work on /home/airflow/.local/lib/python3.12/site-packages/airflow/example_dags/example_local_kubernetes_executor.py
[2025-07-01T21:40:14.973+0000] {processor.py:914} INFO - Processing file /home/airflow/.local/lib/python3.12/site-packages/airflow/example_dags/example_local_kubernetes_executor.py for tasks to queue
[2025-07-01T21:40:14.975+0000] {logging_mixin.py:190} INFO - [2025-07-01T21:40:14.974+0000] {dagbag.py:588} INFO - Filling up the DagBag from /home/airflow/.local/lib/python3.12/site-packages/airflow/example_dags/example_local_kubernetes_executor.py
[2025-07-01T21:40:14.984+0000] {processor.py:925} INFO - DAG(s) 'example_local_kubernetes_executor' retrieved from /home/airflow/.local/lib/python3.12/site-packages/airflow/example_dags/example_local_kubernetes_executor.py
[2025-07-01T21:40:15.011+0000] {logging_mixin.py:190} INFO - [2025-07-01T21:40:15.011+0000] {dag.py:3239} INFO - Sync 1 DAGs
[2025-07-01T21:40:15.027+0000] {logging_mixin.py:190} INFO - [2025-07-01T21:40:15.027+0000] {dag.py:4180} INFO - Setting next_dagrun for example_local_kubernetes_executor to None, run_after=None
[2025-07-01T21:40:15.050+0000] {processor.py:208} INFO - Processing /home/airflow/.local/lib/python3.12/site-packages/airflow/example_dags/example_local_kubernetes_executor.py took 0.084 seconds
[2025-07-01T21:40:45.647+0000] {processor.py:186} INFO - Started process (PID=3026) to work on /home/airflow/.local/lib/python3.12/site-packages/airflow/example_dags/example_local_kubernetes_executor.py
[2025-07-01T21:40:45.648+0000] {processor.py:914} INFO - Processing file /home/airflow/.local/lib/python3.12/site-packages/airflow/example_dags/example_local_kubernetes_executor.py for tasks to queue
[2025-07-01T21:40:45.651+0000] {logging_mixin.py:190} INFO - [2025-07-01T21:40:45.650+0000] {dagbag.py:588} INFO - Filling up the DagBag from /home/airflow/.local/lib/python3.12/site-packages/airflow/example_dags/example_local_kubernetes_executor.py
[2025-07-01T21:40:45.659+0000] {processor.py:925} INFO - DAG(s) 'example_local_kubernetes_executor' retrieved from /home/airflow/.local/lib/python3.12/site-packages/airflow/example_dags/example_local_kubernetes_executor.py
[2025-07-01T21:40:45.688+0000] {logging_mixin.py:190} INFO - [2025-07-01T21:40:45.688+0000] {dag.py:3239} INFO - Sync 1 DAGs
[2025-07-01T21:40:45.700+0000] {logging_mixin.py:190} INFO - [2025-07-01T21:40:45.700+0000] {dag.py:4180} INFO - Setting next_dagrun for example_local_kubernetes_executor to None, run_after=None
[2025-07-01T21:40:45.720+0000] {processor.py:208} INFO - Processing /home/airflow/.local/lib/python3.12/site-packages/airflow/example_dags/example_local_kubernetes_executor.py took 0.078 seconds
[2025-07-01T21:41:16.355+0000] {processor.py:186} INFO - Started process (PID=3089) to work on /home/airflow/.local/lib/python3.12/site-packages/airflow/example_dags/example_local_kubernetes_executor.py
[2025-07-01T21:41:16.356+0000] {processor.py:914} INFO - Processing file /home/airflow/.local/lib/python3.12/site-packages/airflow/example_dags/example_local_kubernetes_executor.py for tasks to queue
[2025-07-01T21:41:16.358+0000] {logging_mixin.py:190} INFO - [2025-07-01T21:41:16.358+0000] {dagbag.py:588} INFO - Filling up the DagBag from /home/airflow/.local/lib/python3.12/site-packages/airflow/example_dags/example_local_kubernetes_executor.py
[2025-07-01T21:41:16.366+0000] {processor.py:925} INFO - DAG(s) 'example_local_kubernetes_executor' retrieved from /home/airflow/.local/lib/python3.12/site-packages/airflow/example_dags/example_local_kubernetes_executor.py
[2025-07-01T21:41:16.397+0000] {logging_mixin.py:190} INFO - [2025-07-01T21:41:16.397+0000] {dag.py:3239} INFO - Sync 1 DAGs
[2025-07-01T21:41:16.410+0000] {logging_mixin.py:190} INFO - [2025-07-01T21:41:16.409+0000] {dag.py:4180} INFO - Setting next_dagrun for example_local_kubernetes_executor to None, run_after=None
[2025-07-01T21:41:16.430+0000] {processor.py:208} INFO - Processing /home/airflow/.local/lib/python3.12/site-packages/airflow/example_dags/example_local_kubernetes_executor.py took 0.081 seconds
[2025-07-01T21:41:47.410+0000] {processor.py:186} INFO - Started process (PID=3152) to work on /home/airflow/.local/lib/python3.12/site-packages/airflow/example_dags/example_local_kubernetes_executor.py
[2025-07-01T21:41:47.411+0000] {processor.py:914} INFO - Processing file /home/airflow/.local/lib/python3.12/site-packages/airflow/example_dags/example_local_kubernetes_executor.py for tasks to queue
[2025-07-01T21:41:47.414+0000] {logging_mixin.py:190} INFO - [2025-07-01T21:41:47.413+0000] {dagbag.py:588} INFO - Filling up the DagBag from /home/airflow/.local/lib/python3.12/site-packages/airflow/example_dags/example_local_kubernetes_executor.py
[2025-07-01T21:41:47.423+0000] {processor.py:925} INFO - DAG(s) 'example_local_kubernetes_executor' retrieved from /home/airflow/.local/lib/python3.12/site-packages/airflow/example_dags/example_local_kubernetes_executor.py
[2025-07-01T21:41:47.450+0000] {logging_mixin.py:190} INFO - [2025-07-01T21:41:47.449+0000] {dag.py:3239} INFO - Sync 1 DAGs
[2025-07-01T21:41:47.463+0000] {logging_mixin.py:190} INFO - [2025-07-01T21:41:47.463+0000] {dag.py:4180} INFO - Setting next_dagrun for example_local_kubernetes_executor to None, run_after=None
[2025-07-01T21:41:47.483+0000] {processor.py:208} INFO - Processing /home/airflow/.local/lib/python3.12/site-packages/airflow/example_dags/example_local_kubernetes_executor.py took 0.078 seconds
[2025-07-01T21:42:18.256+0000] {processor.py:186} INFO - Started process (PID=3215) to work on /home/airflow/.local/lib/python3.12/site-packages/airflow/example_dags/example_local_kubernetes_executor.py
[2025-07-01T21:42:18.257+0000] {processor.py:914} INFO - Processing file /home/airflow/.local/lib/python3.12/site-packages/airflow/example_dags/example_local_kubernetes_executor.py for tasks to queue
[2025-07-01T21:42:18.260+0000] {logging_mixin.py:190} INFO - [2025-07-01T21:42:18.259+0000] {dagbag.py:588} INFO - Filling up the DagBag from /home/airflow/.local/lib/python3.12/site-packages/airflow/example_dags/example_local_kubernetes_executor.py
[2025-07-01T21:42:18.268+0000] {processor.py:925} INFO - DAG(s) 'example_local_kubernetes_executor' retrieved from /home/airflow/.local/lib/python3.12/site-packages/airflow/example_dags/example_local_kubernetes_executor.py
[2025-07-01T21:42:18.295+0000] {logging_mixin.py:190} INFO - [2025-07-01T21:42:18.295+0000] {dag.py:3239} INFO - Sync 1 DAGs
[2025-07-01T21:42:18.309+0000] {logging_mixin.py:190} INFO - [2025-07-01T21:42:18.309+0000] {dag.py:4180} INFO - Setting next_dagrun for example_local_kubernetes_executor to None, run_after=None
[2025-07-01T21:42:18.331+0000] {processor.py:208} INFO - Processing /home/airflow/.local/lib/python3.12/site-packages/airflow/example_dags/example_local_kubernetes_executor.py took 0.080 seconds
[2025-07-01T21:42:49.543+0000] {processor.py:186} INFO - Started process (PID=3279) to work on /home/airflow/.local/lib/python3.12/site-packages/airflow/example_dags/example_local_kubernetes_executor.py
[2025-07-01T21:42:49.544+0000] {processor.py:914} INFO - Processing file /home/airflow/.local/lib/python3.12/site-packages/airflow/example_dags/example_local_kubernetes_executor.py for tasks to queue
[2025-07-01T21:42:49.546+0000] {logging_mixin.py:190} INFO - [2025-07-01T21:42:49.546+0000] {dagbag.py:588} INFO - Filling up the DagBag from /home/airflow/.local/lib/python3.12/site-packages/airflow/example_dags/example_local_kubernetes_executor.py
[2025-07-01T21:42:49.554+0000] {processor.py:925} INFO - DAG(s) 'example_local_kubernetes_executor' retrieved from /home/airflow/.local/lib/python3.12/site-packages/airflow/example_dags/example_local_kubernetes_executor.py
[2025-07-01T21:42:49.579+0000] {logging_mixin.py:190} INFO - [2025-07-01T21:42:49.579+0000] {dag.py:3239} INFO - Sync 1 DAGs
[2025-07-01T21:42:49.591+0000] {logging_mixin.py:190} INFO - [2025-07-01T21:42:49.591+0000] {dag.py:4180} INFO - Setting next_dagrun for example_local_kubernetes_executor to None, run_after=None
[2025-07-01T21:42:49.608+0000] {processor.py:208} INFO - Processing /home/airflow/.local/lib/python3.12/site-packages/airflow/example_dags/example_local_kubernetes_executor.py took 0.070 seconds
[2025-07-01T21:43:20.460+0000] {processor.py:186} INFO - Started process (PID=3342) to work on /home/airflow/.local/lib/python3.12/site-packages/airflow/example_dags/example_local_kubernetes_executor.py
[2025-07-01T21:43:20.461+0000] {processor.py:914} INFO - Processing file /home/airflow/.local/lib/python3.12/site-packages/airflow/example_dags/example_local_kubernetes_executor.py for tasks to queue
[2025-07-01T21:43:20.463+0000] {logging_mixin.py:190} INFO - [2025-07-01T21:43:20.463+0000] {dagbag.py:588} INFO - Filling up the DagBag from /home/airflow/.local/lib/python3.12/site-packages/airflow/example_dags/example_local_kubernetes_executor.py
[2025-07-01T21:43:20.471+0000] {processor.py:925} INFO - DAG(s) 'example_local_kubernetes_executor' retrieved from /home/airflow/.local/lib/python3.12/site-packages/airflow/example_dags/example_local_kubernetes_executor.py
[2025-07-01T21:43:20.499+0000] {logging_mixin.py:190} INFO - [2025-07-01T21:43:20.499+0000] {dag.py:3239} INFO - Sync 1 DAGs
[2025-07-01T21:43:20.510+0000] {logging_mixin.py:190} INFO - [2025-07-01T21:43:20.510+0000] {dag.py:4180} INFO - Setting next_dagrun for example_local_kubernetes_executor to None, run_after=None
[2025-07-01T21:43:20.528+0000] {processor.py:208} INFO - Processing /home/airflow/.local/lib/python3.12/site-packages/airflow/example_dags/example_local_kubernetes_executor.py took 0.073 seconds
[2025-07-01T21:43:51.249+0000] {processor.py:186} INFO - Started process (PID=3405) to work on /home/airflow/.local/lib/python3.12/site-packages/airflow/example_dags/example_local_kubernetes_executor.py
[2025-07-01T21:43:51.250+0000] {processor.py:914} INFO - Processing file /home/airflow/.local/lib/python3.12/site-packages/airflow/example_dags/example_local_kubernetes_executor.py for tasks to queue
[2025-07-01T21:43:51.253+0000] {logging_mixin.py:190} INFO - [2025-07-01T21:43:51.252+0000] {dagbag.py:588} INFO - Filling up the DagBag from /home/airflow/.local/lib/python3.12/site-packages/airflow/example_dags/example_local_kubernetes_executor.py
[2025-07-01T21:43:51.261+0000] {processor.py:925} INFO - DAG(s) 'example_local_kubernetes_executor' retrieved from /home/airflow/.local/lib/python3.12/site-packages/airflow/example_dags/example_local_kubernetes_executor.py
[2025-07-01T21:43:51.291+0000] {logging_mixin.py:190} INFO - [2025-07-01T21:43:51.291+0000] {dag.py:3239} INFO - Sync 1 DAGs
[2025-07-01T21:43:51.304+0000] {logging_mixin.py:190} INFO - [2025-07-01T21:43:51.304+0000] {dag.py:4180} INFO - Setting next_dagrun for example_local_kubernetes_executor to None, run_after=None
[2025-07-01T21:43:51.323+0000] {processor.py:208} INFO - Processing /home/airflow/.local/lib/python3.12/site-packages/airflow/example_dags/example_local_kubernetes_executor.py took 0.079 seconds
[2025-07-01T21:44:21.978+0000] {processor.py:186} INFO - Started process (PID=3474) to work on /home/airflow/.local/lib/python3.12/site-packages/airflow/example_dags/example_local_kubernetes_executor.py
[2025-07-01T21:44:21.979+0000] {processor.py:914} INFO - Processing file /home/airflow/.local/lib/python3.12/site-packages/airflow/example_dags/example_local_kubernetes_executor.py for tasks to queue
[2025-07-01T21:44:21.982+0000] {logging_mixin.py:190} INFO - [2025-07-01T21:44:21.981+0000] {dagbag.py:588} INFO - Filling up the DagBag from /home/airflow/.local/lib/python3.12/site-packages/airflow/example_dags/example_local_kubernetes_executor.py
[2025-07-01T21:44:21.991+0000] {processor.py:925} INFO - DAG(s) 'example_local_kubernetes_executor' retrieved from /home/airflow/.local/lib/python3.12/site-packages/airflow/example_dags/example_local_kubernetes_executor.py
[2025-07-01T21:44:22.033+0000] {logging_mixin.py:190} INFO - [2025-07-01T21:44:22.033+0000] {dag.py:3239} INFO - Sync 1 DAGs
[2025-07-01T21:44:22.046+0000] {logging_mixin.py:190} INFO - [2025-07-01T21:44:22.045+0000] {dag.py:4180} INFO - Setting next_dagrun for example_local_kubernetes_executor to None, run_after=None
[2025-07-01T21:44:22.064+0000] {processor.py:208} INFO - Processing /home/airflow/.local/lib/python3.12/site-packages/airflow/example_dags/example_local_kubernetes_executor.py took 0.091 seconds
[2025-07-01T21:44:52.786+0000] {processor.py:186} INFO - Started process (PID=3537) to work on /home/airflow/.local/lib/python3.12/site-packages/airflow/example_dags/example_local_kubernetes_executor.py
[2025-07-01T21:44:52.787+0000] {processor.py:914} INFO - Processing file /home/airflow/.local/lib/python3.12/site-packages/airflow/example_dags/example_local_kubernetes_executor.py for tasks to queue
[2025-07-01T21:44:52.789+0000] {logging_mixin.py:190} INFO - [2025-07-01T21:44:52.789+0000] {dagbag.py:588} INFO - Filling up the DagBag from /home/airflow/.local/lib/python3.12/site-packages/airflow/example_dags/example_local_kubernetes_executor.py
[2025-07-01T21:44:52.799+0000] {processor.py:925} INFO - DAG(s) 'example_local_kubernetes_executor' retrieved from /home/airflow/.local/lib/python3.12/site-packages/airflow/example_dags/example_local_kubernetes_executor.py
[2025-07-01T21:44:52.832+0000] {logging_mixin.py:190} INFO - [2025-07-01T21:44:52.831+0000] {dag.py:3239} INFO - Sync 1 DAGs
[2025-07-01T21:44:52.843+0000] {logging_mixin.py:190} INFO - [2025-07-01T21:44:52.843+0000] {dag.py:4180} INFO - Setting next_dagrun for example_local_kubernetes_executor to None, run_after=None
[2025-07-01T21:44:52.860+0000] {processor.py:208} INFO - Processing /home/airflow/.local/lib/python3.12/site-packages/airflow/example_dags/example_local_kubernetes_executor.py took 0.081 seconds
[2025-07-01T21:45:23.750+0000] {processor.py:186} INFO - Started process (PID=3600) to work on /home/airflow/.local/lib/python3.12/site-packages/airflow/example_dags/example_local_kubernetes_executor.py
[2025-07-01T21:45:23.751+0000] {processor.py:914} INFO - Processing file /home/airflow/.local/lib/python3.12/site-packages/airflow/example_dags/example_local_kubernetes_executor.py for tasks to queue
[2025-07-01T21:45:23.754+0000] {logging_mixin.py:190} INFO - [2025-07-01T21:45:23.754+0000] {dagbag.py:588} INFO - Filling up the DagBag from /home/airflow/.local/lib/python3.12/site-packages/airflow/example_dags/example_local_kubernetes_executor.py
[2025-07-01T21:45:23.763+0000] {processor.py:925} INFO - DAG(s) 'example_local_kubernetes_executor' retrieved from /home/airflow/.local/lib/python3.12/site-packages/airflow/example_dags/example_local_kubernetes_executor.py
[2025-07-01T21:45:23.795+0000] {logging_mixin.py:190} INFO - [2025-07-01T21:45:23.794+0000] {dag.py:3239} INFO - Sync 1 DAGs
[2025-07-01T21:45:23.807+0000] {logging_mixin.py:190} INFO - [2025-07-01T21:45:23.807+0000] {dag.py:4180} INFO - Setting next_dagrun for example_local_kubernetes_executor to None, run_after=None
[2025-07-01T21:45:23.827+0000] {processor.py:208} INFO - Processing /home/airflow/.local/lib/python3.12/site-packages/airflow/example_dags/example_local_kubernetes_executor.py took 0.082 seconds
[2025-07-01T21:45:54.770+0000] {processor.py:186} INFO - Started process (PID=3663) to work on /home/airflow/.local/lib/python3.12/site-packages/airflow/example_dags/example_local_kubernetes_executor.py
[2025-07-01T21:45:54.771+0000] {processor.py:914} INFO - Processing file /home/airflow/.local/lib/python3.12/site-packages/airflow/example_dags/example_local_kubernetes_executor.py for tasks to queue
[2025-07-01T21:45:54.773+0000] {logging_mixin.py:190} INFO - [2025-07-01T21:45:54.773+0000] {dagbag.py:588} INFO - Filling up the DagBag from /home/airflow/.local/lib/python3.12/site-packages/airflow/example_dags/example_local_kubernetes_executor.py
[2025-07-01T21:45:54.782+0000] {processor.py:925} INFO - DAG(s) 'example_local_kubernetes_executor' retrieved from /home/airflow/.local/lib/python3.12/site-packages/airflow/example_dags/example_local_kubernetes_executor.py
[2025-07-01T21:45:54.810+0000] {logging_mixin.py:190} INFO - [2025-07-01T21:45:54.810+0000] {dag.py:3239} INFO - Sync 1 DAGs
[2025-07-01T21:45:54.824+0000] {logging_mixin.py:190} INFO - [2025-07-01T21:45:54.823+0000] {dag.py:4180} INFO - Setting next_dagrun for example_local_kubernetes_executor to None, run_after=None
[2025-07-01T21:45:54.842+0000] {processor.py:208} INFO - Processing /home/airflow/.local/lib/python3.12/site-packages/airflow/example_dags/example_local_kubernetes_executor.py took 0.078 seconds
[2025-07-01T21:46:25.586+0000] {processor.py:186} INFO - Started process (PID=3726) to work on /home/airflow/.local/lib/python3.12/site-packages/airflow/example_dags/example_local_kubernetes_executor.py
[2025-07-01T21:46:25.587+0000] {processor.py:914} INFO - Processing file /home/airflow/.local/lib/python3.12/site-packages/airflow/example_dags/example_local_kubernetes_executor.py for tasks to queue
[2025-07-01T21:46:25.590+0000] {logging_mixin.py:190} INFO - [2025-07-01T21:46:25.589+0000] {dagbag.py:588} INFO - Filling up the DagBag from /home/airflow/.local/lib/python3.12/site-packages/airflow/example_dags/example_local_kubernetes_executor.py
[2025-07-01T21:46:25.600+0000] {processor.py:925} INFO - DAG(s) 'example_local_kubernetes_executor' retrieved from /home/airflow/.local/lib/python3.12/site-packages/airflow/example_dags/example_local_kubernetes_executor.py
[2025-07-01T21:46:25.628+0000] {logging_mixin.py:190} INFO - [2025-07-01T21:46:25.628+0000] {dag.py:3239} INFO - Sync 1 DAGs
[2025-07-01T21:46:25.642+0000] {logging_mixin.py:190} INFO - [2025-07-01T21:46:25.642+0000] {dag.py:4180} INFO - Setting next_dagrun for example_local_kubernetes_executor to None, run_after=None
[2025-07-01T21:46:25.661+0000] {processor.py:208} INFO - Processing /home/airflow/.local/lib/python3.12/site-packages/airflow/example_dags/example_local_kubernetes_executor.py took 0.083 seconds
[2025-07-01T21:46:56.499+0000] {processor.py:186} INFO - Started process (PID=3789) to work on /home/airflow/.local/lib/python3.12/site-packages/airflow/example_dags/example_local_kubernetes_executor.py
[2025-07-01T21:46:56.500+0000] {processor.py:914} INFO - Processing file /home/airflow/.local/lib/python3.12/site-packages/airflow/example_dags/example_local_kubernetes_executor.py for tasks to queue
[2025-07-01T21:46:56.502+0000] {logging_mixin.py:190} INFO - [2025-07-01T21:46:56.502+0000] {dagbag.py:588} INFO - Filling up the DagBag from /home/airflow/.local/lib/python3.12/site-packages/airflow/example_dags/example_local_kubernetes_executor.py
[2025-07-01T21:46:56.511+0000] {processor.py:925} INFO - DAG(s) 'example_local_kubernetes_executor' retrieved from /home/airflow/.local/lib/python3.12/site-packages/airflow/example_dags/example_local_kubernetes_executor.py
[2025-07-01T21:46:56.538+0000] {logging_mixin.py:190} INFO - [2025-07-01T21:46:56.537+0000] {dag.py:3239} INFO - Sync 1 DAGs
[2025-07-01T21:46:56.550+0000] {logging_mixin.py:190} INFO - [2025-07-01T21:46:56.549+0000] {dag.py:4180} INFO - Setting next_dagrun for example_local_kubernetes_executor to None, run_after=None
[2025-07-01T21:46:56.568+0000] {processor.py:208} INFO - Processing /home/airflow/.local/lib/python3.12/site-packages/airflow/example_dags/example_local_kubernetes_executor.py took 0.073 seconds
[2025-07-01T21:47:28.499+0000] {processor.py:186} INFO - Started process (PID=3852) to work on /home/airflow/.local/lib/python3.12/site-packages/airflow/example_dags/example_local_kubernetes_executor.py
[2025-07-01T21:47:28.500+0000] {processor.py:914} INFO - Processing file /home/airflow/.local/lib/python3.12/site-packages/airflow/example_dags/example_local_kubernetes_executor.py for tasks to queue
[2025-07-01T21:47:28.503+0000] {logging_mixin.py:190} INFO - [2025-07-01T21:47:28.503+0000] {dagbag.py:588} INFO - Filling up the DagBag from /home/airflow/.local/lib/python3.12/site-packages/airflow/example_dags/example_local_kubernetes_executor.py
[2025-07-01T21:47:28.512+0000] {processor.py:925} INFO - DAG(s) 'example_local_kubernetes_executor' retrieved from /home/airflow/.local/lib/python3.12/site-packages/airflow/example_dags/example_local_kubernetes_executor.py
[2025-07-01T21:47:28.541+0000] {logging_mixin.py:190} INFO - [2025-07-01T21:47:28.540+0000] {dag.py:3239} INFO - Sync 1 DAGs
[2025-07-01T21:47:28.555+0000] {logging_mixin.py:190} INFO - [2025-07-01T21:47:28.554+0000] {dag.py:4180} INFO - Setting next_dagrun for example_local_kubernetes_executor to None, run_after=None
[2025-07-01T21:47:28.573+0000] {processor.py:208} INFO - Processing /home/airflow/.local/lib/python3.12/site-packages/airflow/example_dags/example_local_kubernetes_executor.py took 0.079 seconds
[2025-07-01T21:47:58.728+0000] {processor.py:186} INFO - Started process (PID=3915) to work on /home/airflow/.local/lib/python3.12/site-packages/airflow/example_dags/example_local_kubernetes_executor.py
[2025-07-01T21:47:58.729+0000] {processor.py:914} INFO - Processing file /home/airflow/.local/lib/python3.12/site-packages/airflow/example_dags/example_local_kubernetes_executor.py for tasks to queue
[2025-07-01T21:47:58.731+0000] {logging_mixin.py:190} INFO - [2025-07-01T21:47:58.731+0000] {dagbag.py:588} INFO - Filling up the DagBag from /home/airflow/.local/lib/python3.12/site-packages/airflow/example_dags/example_local_kubernetes_executor.py
[2025-07-01T21:47:58.740+0000] {processor.py:925} INFO - DAG(s) 'example_local_kubernetes_executor' retrieved from /home/airflow/.local/lib/python3.12/site-packages/airflow/example_dags/example_local_kubernetes_executor.py
[2025-07-01T21:47:58.769+0000] {logging_mixin.py:190} INFO - [2025-07-01T21:47:58.769+0000] {dag.py:3239} INFO - Sync 1 DAGs
[2025-07-01T21:47:58.783+0000] {logging_mixin.py:190} INFO - [2025-07-01T21:47:58.782+0000] {dag.py:4180} INFO - Setting next_dagrun for example_local_kubernetes_executor to None, run_after=None
[2025-07-01T21:47:58.802+0000] {processor.py:208} INFO - Processing /home/airflow/.local/lib/python3.12/site-packages/airflow/example_dags/example_local_kubernetes_executor.py took 0.079 seconds
[2025-07-01T21:48:29.341+0000] {processor.py:186} INFO - Started process (PID=3978) to work on /home/airflow/.local/lib/python3.12/site-packages/airflow/example_dags/example_local_kubernetes_executor.py
[2025-07-01T21:48:29.343+0000] {processor.py:914} INFO - Processing file /home/airflow/.local/lib/python3.12/site-packages/airflow/example_dags/example_local_kubernetes_executor.py for tasks to queue
[2025-07-01T21:48:29.345+0000] {logging_mixin.py:190} INFO - [2025-07-01T21:48:29.345+0000] {dagbag.py:588} INFO - Filling up the DagBag from /home/airflow/.local/lib/python3.12/site-packages/airflow/example_dags/example_local_kubernetes_executor.py
[2025-07-01T21:48:29.355+0000] {processor.py:925} INFO - DAG(s) 'example_local_kubernetes_executor' retrieved from /home/airflow/.local/lib/python3.12/site-packages/airflow/example_dags/example_local_kubernetes_executor.py
[2025-07-01T21:48:29.382+0000] {logging_mixin.py:190} INFO - [2025-07-01T21:48:29.382+0000] {dag.py:3239} INFO - Sync 1 DAGs
[2025-07-01T21:48:29.394+0000] {logging_mixin.py:190} INFO - [2025-07-01T21:48:29.393+0000] {dag.py:4180} INFO - Setting next_dagrun for example_local_kubernetes_executor to None, run_after=None
[2025-07-01T21:48:29.411+0000] {processor.py:208} INFO - Processing /home/airflow/.local/lib/python3.12/site-packages/airflow/example_dags/example_local_kubernetes_executor.py took 0.075 seconds
[2025-07-01T21:48:59.944+0000] {processor.py:186} INFO - Started process (PID=4042) to work on /home/airflow/.local/lib/python3.12/site-packages/airflow/example_dags/example_local_kubernetes_executor.py
[2025-07-01T21:48:59.945+0000] {processor.py:914} INFO - Processing file /home/airflow/.local/lib/python3.12/site-packages/airflow/example_dags/example_local_kubernetes_executor.py for tasks to queue
[2025-07-01T21:48:59.947+0000] {logging_mixin.py:190} INFO - [2025-07-01T21:48:59.947+0000] {dagbag.py:588} INFO - Filling up the DagBag from /home/airflow/.local/lib/python3.12/site-packages/airflow/example_dags/example_local_kubernetes_executor.py
[2025-07-01T21:48:59.956+0000] {processor.py:925} INFO - DAG(s) 'example_local_kubernetes_executor' retrieved from /home/airflow/.local/lib/python3.12/site-packages/airflow/example_dags/example_local_kubernetes_executor.py
[2025-07-01T21:48:59.984+0000] {logging_mixin.py:190} INFO - [2025-07-01T21:48:59.984+0000] {dag.py:3239} INFO - Sync 1 DAGs
[2025-07-01T21:48:59.996+0000] {logging_mixin.py:190} INFO - [2025-07-01T21:48:59.996+0000] {dag.py:4180} INFO - Setting next_dagrun for example_local_kubernetes_executor to None, run_after=None
[2025-07-01T21:49:00.015+0000] {processor.py:208} INFO - Processing /home/airflow/.local/lib/python3.12/site-packages/airflow/example_dags/example_local_kubernetes_executor.py took 0.077 seconds
[2025-07-01T21:49:30.949+0000] {processor.py:186} INFO - Started process (PID=4105) to work on /home/airflow/.local/lib/python3.12/site-packages/airflow/example_dags/example_local_kubernetes_executor.py
[2025-07-01T21:49:30.950+0000] {processor.py:914} INFO - Processing file /home/airflow/.local/lib/python3.12/site-packages/airflow/example_dags/example_local_kubernetes_executor.py for tasks to queue
[2025-07-01T21:49:30.952+0000] {logging_mixin.py:190} INFO - [2025-07-01T21:49:30.951+0000] {dagbag.py:588} INFO - Filling up the DagBag from /home/airflow/.local/lib/python3.12/site-packages/airflow/example_dags/example_local_kubernetes_executor.py
[2025-07-01T21:49:30.960+0000] {processor.py:925} INFO - DAG(s) 'example_local_kubernetes_executor' retrieved from /home/airflow/.local/lib/python3.12/site-packages/airflow/example_dags/example_local_kubernetes_executor.py
[2025-07-01T21:49:30.986+0000] {logging_mixin.py:190} INFO - [2025-07-01T21:49:30.985+0000] {dag.py:3239} INFO - Sync 1 DAGs
[2025-07-01T21:49:31.146+0000] {logging_mixin.py:190} INFO - [2025-07-01T21:49:31.146+0000] {dag.py:4180} INFO - Setting next_dagrun for example_local_kubernetes_executor to None, run_after=None
[2025-07-01T21:49:31.162+0000] {processor.py:208} INFO - Processing /home/airflow/.local/lib/python3.12/site-packages/airflow/example_dags/example_local_kubernetes_executor.py took 0.218 seconds
[2025-07-01T21:50:01.513+0000] {processor.py:186} INFO - Started process (PID=4169) to work on /home/airflow/.local/lib/python3.12/site-packages/airflow/example_dags/example_local_kubernetes_executor.py
[2025-07-01T21:50:01.514+0000] {processor.py:914} INFO - Processing file /home/airflow/.local/lib/python3.12/site-packages/airflow/example_dags/example_local_kubernetes_executor.py for tasks to queue
[2025-07-01T21:50:01.516+0000] {logging_mixin.py:190} INFO - [2025-07-01T21:50:01.516+0000] {dagbag.py:588} INFO - Filling up the DagBag from /home/airflow/.local/lib/python3.12/site-packages/airflow/example_dags/example_local_kubernetes_executor.py
[2025-07-01T21:50:01.525+0000] {processor.py:925} INFO - DAG(s) 'example_local_kubernetes_executor' retrieved from /home/airflow/.local/lib/python3.12/site-packages/airflow/example_dags/example_local_kubernetes_executor.py
[2025-07-01T21:50:01.554+0000] {logging_mixin.py:190} INFO - [2025-07-01T21:50:01.554+0000] {dag.py:3239} INFO - Sync 1 DAGs
[2025-07-01T21:50:01.566+0000] {logging_mixin.py:190} INFO - [2025-07-01T21:50:01.566+0000] {dag.py:4180} INFO - Setting next_dagrun for example_local_kubernetes_executor to None, run_after=None
[2025-07-01T21:50:01.585+0000] {processor.py:208} INFO - Processing /home/airflow/.local/lib/python3.12/site-packages/airflow/example_dags/example_local_kubernetes_executor.py took 0.077 seconds
[2025-07-01T21:50:33.661+0000] {processor.py:186} INFO - Started process (PID=4232) to work on /home/airflow/.local/lib/python3.12/site-packages/airflow/example_dags/example_local_kubernetes_executor.py
[2025-07-01T21:50:33.662+0000] {processor.py:914} INFO - Processing file /home/airflow/.local/lib/python3.12/site-packages/airflow/example_dags/example_local_kubernetes_executor.py for tasks to queue
[2025-07-01T21:50:33.664+0000] {logging_mixin.py:190} INFO - [2025-07-01T21:50:33.664+0000] {dagbag.py:588} INFO - Filling up the DagBag from /home/airflow/.local/lib/python3.12/site-packages/airflow/example_dags/example_local_kubernetes_executor.py
[2025-07-01T21:50:33.673+0000] {processor.py:925} INFO - DAG(s) 'example_local_kubernetes_executor' retrieved from /home/airflow/.local/lib/python3.12/site-packages/airflow/example_dags/example_local_kubernetes_executor.py
[2025-07-01T21:50:33.853+0000] {logging_mixin.py:190} INFO - [2025-07-01T21:50:33.853+0000] {dag.py:3239} INFO - Sync 1 DAGs
[2025-07-01T21:50:33.863+0000] {logging_mixin.py:190} INFO - [2025-07-01T21:50:33.863+0000] {dag.py:4180} INFO - Setting next_dagrun for example_local_kubernetes_executor to None, run_after=None
[2025-07-01T21:50:33.879+0000] {processor.py:208} INFO - Processing /home/airflow/.local/lib/python3.12/site-packages/airflow/example_dags/example_local_kubernetes_executor.py took 0.223 seconds
[2025-07-01T21:51:04.087+0000] {processor.py:186} INFO - Started process (PID=4295) to work on /home/airflow/.local/lib/python3.12/site-packages/airflow/example_dags/example_local_kubernetes_executor.py
[2025-07-01T21:51:04.088+0000] {processor.py:914} INFO - Processing file /home/airflow/.local/lib/python3.12/site-packages/airflow/example_dags/example_local_kubernetes_executor.py for tasks to queue
[2025-07-01T21:51:04.090+0000] {logging_mixin.py:190} INFO - [2025-07-01T21:51:04.090+0000] {dagbag.py:588} INFO - Filling up the DagBag from /home/airflow/.local/lib/python3.12/site-packages/airflow/example_dags/example_local_kubernetes_executor.py
[2025-07-01T21:51:04.099+0000] {processor.py:925} INFO - DAG(s) 'example_local_kubernetes_executor' retrieved from /home/airflow/.local/lib/python3.12/site-packages/airflow/example_dags/example_local_kubernetes_executor.py
[2025-07-01T21:51:04.130+0000] {logging_mixin.py:190} INFO - [2025-07-01T21:51:04.129+0000] {dag.py:3239} INFO - Sync 1 DAGs
[2025-07-01T21:51:04.291+0000] {logging_mixin.py:190} INFO - [2025-07-01T21:51:04.291+0000] {dag.py:4180} INFO - Setting next_dagrun for example_local_kubernetes_executor to None, run_after=None
[2025-07-01T21:51:04.307+0000] {processor.py:208} INFO - Processing /home/airflow/.local/lib/python3.12/site-packages/airflow/example_dags/example_local_kubernetes_executor.py took 0.225 seconds
[2025-07-01T21:51:34.904+0000] {processor.py:186} INFO - Started process (PID=4358) to work on /home/airflow/.local/lib/python3.12/site-packages/airflow/example_dags/example_local_kubernetes_executor.py
[2025-07-01T21:51:34.905+0000] {processor.py:914} INFO - Processing file /home/airflow/.local/lib/python3.12/site-packages/airflow/example_dags/example_local_kubernetes_executor.py for tasks to queue
[2025-07-01T21:51:34.907+0000] {logging_mixin.py:190} INFO - [2025-07-01T21:51:34.907+0000] {dagbag.py:588} INFO - Filling up the DagBag from /home/airflow/.local/lib/python3.12/site-packages/airflow/example_dags/example_local_kubernetes_executor.py
[2025-07-01T21:51:34.916+0000] {processor.py:925} INFO - DAG(s) 'example_local_kubernetes_executor' retrieved from /home/airflow/.local/lib/python3.12/site-packages/airflow/example_dags/example_local_kubernetes_executor.py
[2025-07-01T21:51:34.942+0000] {logging_mixin.py:190} INFO - [2025-07-01T21:51:34.942+0000] {dag.py:3239} INFO - Sync 1 DAGs
[2025-07-01T21:51:34.953+0000] {logging_mixin.py:190} INFO - [2025-07-01T21:51:34.953+0000] {dag.py:4180} INFO - Setting next_dagrun for example_local_kubernetes_executor to None, run_after=None
[2025-07-01T21:51:34.971+0000] {processor.py:208} INFO - Processing /home/airflow/.local/lib/python3.12/site-packages/airflow/example_dags/example_local_kubernetes_executor.py took 0.074 seconds
[2025-07-01T21:52:05.174+0000] {processor.py:186} INFO - Started process (PID=4421) to work on /home/airflow/.local/lib/python3.12/site-packages/airflow/example_dags/example_local_kubernetes_executor.py
[2025-07-01T21:52:05.175+0000] {processor.py:914} INFO - Processing file /home/airflow/.local/lib/python3.12/site-packages/airflow/example_dags/example_local_kubernetes_executor.py for tasks to queue
[2025-07-01T21:52:05.177+0000] {logging_mixin.py:190} INFO - [2025-07-01T21:52:05.177+0000] {dagbag.py:588} INFO - Filling up the DagBag from /home/airflow/.local/lib/python3.12/site-packages/airflow/example_dags/example_local_kubernetes_executor.py
[2025-07-01T21:52:05.186+0000] {processor.py:925} INFO - DAG(s) 'example_local_kubernetes_executor' retrieved from /home/airflow/.local/lib/python3.12/site-packages/airflow/example_dags/example_local_kubernetes_executor.py
[2025-07-01T21:52:05.213+0000] {logging_mixin.py:190} INFO - [2025-07-01T21:52:05.213+0000] {dag.py:3239} INFO - Sync 1 DAGs
[2025-07-01T21:52:05.225+0000] {logging_mixin.py:190} INFO - [2025-07-01T21:52:05.224+0000] {dag.py:4180} INFO - Setting next_dagrun for example_local_kubernetes_executor to None, run_after=None
[2025-07-01T21:52:05.242+0000] {processor.py:208} INFO - Processing /home/airflow/.local/lib/python3.12/site-packages/airflow/example_dags/example_local_kubernetes_executor.py took 0.073 seconds
[2025-07-01T21:52:35.622+0000] {processor.py:186} INFO - Started process (PID=4484) to work on /home/airflow/.local/lib/python3.12/site-packages/airflow/example_dags/example_local_kubernetes_executor.py
[2025-07-01T21:52:35.624+0000] {processor.py:914} INFO - Processing file /home/airflow/.local/lib/python3.12/site-packages/airflow/example_dags/example_local_kubernetes_executor.py for tasks to queue
[2025-07-01T21:52:35.626+0000] {logging_mixin.py:190} INFO - [2025-07-01T21:52:35.626+0000] {dagbag.py:588} INFO - Filling up the DagBag from /home/airflow/.local/lib/python3.12/site-packages/airflow/example_dags/example_local_kubernetes_executor.py
[2025-07-01T21:52:35.636+0000] {processor.py:925} INFO - DAG(s) 'example_local_kubernetes_executor' retrieved from /home/airflow/.local/lib/python3.12/site-packages/airflow/example_dags/example_local_kubernetes_executor.py
[2025-07-01T21:52:35.663+0000] {logging_mixin.py:190} INFO - [2025-07-01T21:52:35.663+0000] {dag.py:3239} INFO - Sync 1 DAGs
[2025-07-01T21:52:35.675+0000] {logging_mixin.py:190} INFO - [2025-07-01T21:52:35.674+0000] {dag.py:4180} INFO - Setting next_dagrun for example_local_kubernetes_executor to None, run_after=None
[2025-07-01T21:52:35.695+0000] {processor.py:208} INFO - Processing /home/airflow/.local/lib/python3.12/site-packages/airflow/example_dags/example_local_kubernetes_executor.py took 0.079 seconds
[2025-07-01T21:53:05.806+0000] {processor.py:186} INFO - Started process (PID=4547) to work on /home/airflow/.local/lib/python3.12/site-packages/airflow/example_dags/example_local_kubernetes_executor.py
[2025-07-01T21:53:05.807+0000] {processor.py:914} INFO - Processing file /home/airflow/.local/lib/python3.12/site-packages/airflow/example_dags/example_local_kubernetes_executor.py for tasks to queue
[2025-07-01T21:53:05.809+0000] {logging_mixin.py:190} INFO - [2025-07-01T21:53:05.809+0000] {dagbag.py:588} INFO - Filling up the DagBag from /home/airflow/.local/lib/python3.12/site-packages/airflow/example_dags/example_local_kubernetes_executor.py
[2025-07-01T21:53:05.818+0000] {processor.py:925} INFO - DAG(s) 'example_local_kubernetes_executor' retrieved from /home/airflow/.local/lib/python3.12/site-packages/airflow/example_dags/example_local_kubernetes_executor.py
[2025-07-01T21:53:05.845+0000] {logging_mixin.py:190} INFO - [2025-07-01T21:53:05.844+0000] {dag.py:3239} INFO - Sync 1 DAGs
[2025-07-01T21:53:05.857+0000] {logging_mixin.py:190} INFO - [2025-07-01T21:53:05.857+0000] {dag.py:4180} INFO - Setting next_dagrun for example_local_kubernetes_executor to None, run_after=None
[2025-07-01T21:53:05.876+0000] {processor.py:208} INFO - Processing /home/airflow/.local/lib/python3.12/site-packages/airflow/example_dags/example_local_kubernetes_executor.py took 0.076 seconds
[2025-07-01T21:53:36.256+0000] {processor.py:186} INFO - Started process (PID=4610) to work on /home/airflow/.local/lib/python3.12/site-packages/airflow/example_dags/example_local_kubernetes_executor.py
[2025-07-01T21:53:36.257+0000] {processor.py:914} INFO - Processing file /home/airflow/.local/lib/python3.12/site-packages/airflow/example_dags/example_local_kubernetes_executor.py for tasks to queue
[2025-07-01T21:53:36.259+0000] {logging_mixin.py:190} INFO - [2025-07-01T21:53:36.259+0000] {dagbag.py:588} INFO - Filling up the DagBag from /home/airflow/.local/lib/python3.12/site-packages/airflow/example_dags/example_local_kubernetes_executor.py
[2025-07-01T21:53:36.268+0000] {processor.py:925} INFO - DAG(s) 'example_local_kubernetes_executor' retrieved from /home/airflow/.local/lib/python3.12/site-packages/airflow/example_dags/example_local_kubernetes_executor.py
[2025-07-01T21:53:36.293+0000] {logging_mixin.py:190} INFO - [2025-07-01T21:53:36.293+0000] {dag.py:3239} INFO - Sync 1 DAGs
[2025-07-01T21:53:36.304+0000] {logging_mixin.py:190} INFO - [2025-07-01T21:53:36.304+0000] {dag.py:4180} INFO - Setting next_dagrun for example_local_kubernetes_executor to None, run_after=None
[2025-07-01T21:53:36.322+0000] {processor.py:208} INFO - Processing /home/airflow/.local/lib/python3.12/site-packages/airflow/example_dags/example_local_kubernetes_executor.py took 0.071 seconds
[2025-07-01T21:54:06.669+0000] {processor.py:186} INFO - Started process (PID=4673) to work on /home/airflow/.local/lib/python3.12/site-packages/airflow/example_dags/example_local_kubernetes_executor.py
[2025-07-01T21:54:06.670+0000] {processor.py:914} INFO - Processing file /home/airflow/.local/lib/python3.12/site-packages/airflow/example_dags/example_local_kubernetes_executor.py for tasks to queue
[2025-07-01T21:54:06.672+0000] {logging_mixin.py:190} INFO - [2025-07-01T21:54:06.672+0000] {dagbag.py:588} INFO - Filling up the DagBag from /home/airflow/.local/lib/python3.12/site-packages/airflow/example_dags/example_local_kubernetes_executor.py
[2025-07-01T21:54:06.681+0000] {processor.py:925} INFO - DAG(s) 'example_local_kubernetes_executor' retrieved from /home/airflow/.local/lib/python3.12/site-packages/airflow/example_dags/example_local_kubernetes_executor.py
[2025-07-01T21:54:06.713+0000] {logging_mixin.py:190} INFO - [2025-07-01T21:54:06.713+0000] {dag.py:3239} INFO - Sync 1 DAGs
[2025-07-01T21:54:06.728+0000] {logging_mixin.py:190} INFO - [2025-07-01T21:54:06.727+0000] {dag.py:4180} INFO - Setting next_dagrun for example_local_kubernetes_executor to None, run_after=None
[2025-07-01T21:54:06.752+0000] {processor.py:208} INFO - Processing /home/airflow/.local/lib/python3.12/site-packages/airflow/example_dags/example_local_kubernetes_executor.py took 0.090 seconds
[2025-07-01T21:54:37.197+0000] {processor.py:186} INFO - Started process (PID=4736) to work on /home/airflow/.local/lib/python3.12/site-packages/airflow/example_dags/example_local_kubernetes_executor.py
[2025-07-01T21:54:37.199+0000] {processor.py:914} INFO - Processing file /home/airflow/.local/lib/python3.12/site-packages/airflow/example_dags/example_local_kubernetes_executor.py for tasks to queue
[2025-07-01T21:54:37.201+0000] {logging_mixin.py:190} INFO - [2025-07-01T21:54:37.201+0000] {dagbag.py:588} INFO - Filling up the DagBag from /home/airflow/.local/lib/python3.12/site-packages/airflow/example_dags/example_local_kubernetes_executor.py
[2025-07-01T21:54:37.212+0000] {processor.py:925} INFO - DAG(s) 'example_local_kubernetes_executor' retrieved from /home/airflow/.local/lib/python3.12/site-packages/airflow/example_dags/example_local_kubernetes_executor.py
[2025-07-01T21:54:37.242+0000] {logging_mixin.py:190} INFO - [2025-07-01T21:54:37.241+0000] {dag.py:3239} INFO - Sync 1 DAGs
[2025-07-01T21:54:37.253+0000] {logging_mixin.py:190} INFO - [2025-07-01T21:54:37.253+0000] {dag.py:4180} INFO - Setting next_dagrun for example_local_kubernetes_executor to None, run_after=None
[2025-07-01T21:54:37.272+0000] {processor.py:208} INFO - Processing /home/airflow/.local/lib/python3.12/site-packages/airflow/example_dags/example_local_kubernetes_executor.py took 0.081 seconds
[2025-07-01T21:55:07.555+0000] {processor.py:186} INFO - Started process (PID=4799) to work on /home/airflow/.local/lib/python3.12/site-packages/airflow/example_dags/example_local_kubernetes_executor.py
[2025-07-01T21:55:07.556+0000] {processor.py:914} INFO - Processing file /home/airflow/.local/lib/python3.12/site-packages/airflow/example_dags/example_local_kubernetes_executor.py for tasks to queue
[2025-07-01T21:55:07.558+0000] {logging_mixin.py:190} INFO - [2025-07-01T21:55:07.558+0000] {dagbag.py:588} INFO - Filling up the DagBag from /home/airflow/.local/lib/python3.12/site-packages/airflow/example_dags/example_local_kubernetes_executor.py
[2025-07-01T21:55:07.567+0000] {processor.py:925} INFO - DAG(s) 'example_local_kubernetes_executor' retrieved from /home/airflow/.local/lib/python3.12/site-packages/airflow/example_dags/example_local_kubernetes_executor.py
[2025-07-01T21:55:07.603+0000] {logging_mixin.py:190} INFO - [2025-07-01T21:55:07.602+0000] {dag.py:3239} INFO - Sync 1 DAGs
[2025-07-01T21:55:07.617+0000] {logging_mixin.py:190} INFO - [2025-07-01T21:55:07.617+0000] {dag.py:4180} INFO - Setting next_dagrun for example_local_kubernetes_executor to None, run_after=None
[2025-07-01T21:55:07.637+0000] {processor.py:208} INFO - Processing /home/airflow/.local/lib/python3.12/site-packages/airflow/example_dags/example_local_kubernetes_executor.py took 0.087 seconds
[2025-07-01T21:55:37.920+0000] {processor.py:186} INFO - Started process (PID=4863) to work on /home/airflow/.local/lib/python3.12/site-packages/airflow/example_dags/example_local_kubernetes_executor.py
[2025-07-01T21:55:37.921+0000] {processor.py:914} INFO - Processing file /home/airflow/.local/lib/python3.12/site-packages/airflow/example_dags/example_local_kubernetes_executor.py for tasks to queue
[2025-07-01T21:55:37.923+0000] {logging_mixin.py:190} INFO - [2025-07-01T21:55:37.923+0000] {dagbag.py:588} INFO - Filling up the DagBag from /home/airflow/.local/lib/python3.12/site-packages/airflow/example_dags/example_local_kubernetes_executor.py
[2025-07-01T21:55:37.933+0000] {processor.py:925} INFO - DAG(s) 'example_local_kubernetes_executor' retrieved from /home/airflow/.local/lib/python3.12/site-packages/airflow/example_dags/example_local_kubernetes_executor.py
[2025-07-01T21:55:37.961+0000] {logging_mixin.py:190} INFO - [2025-07-01T21:55:37.961+0000] {dag.py:3239} INFO - Sync 1 DAGs
[2025-07-01T21:55:37.974+0000] {logging_mixin.py:190} INFO - [2025-07-01T21:55:37.973+0000] {dag.py:4180} INFO - Setting next_dagrun for example_local_kubernetes_executor to None, run_after=None
[2025-07-01T21:55:37.995+0000] {processor.py:208} INFO - Processing /home/airflow/.local/lib/python3.12/site-packages/airflow/example_dags/example_local_kubernetes_executor.py took 0.081 seconds
[2025-07-01T21:56:08.304+0000] {processor.py:186} INFO - Started process (PID=4926) to work on /home/airflow/.local/lib/python3.12/site-packages/airflow/example_dags/example_local_kubernetes_executor.py
[2025-07-01T21:56:08.306+0000] {processor.py:914} INFO - Processing file /home/airflow/.local/lib/python3.12/site-packages/airflow/example_dags/example_local_kubernetes_executor.py for tasks to queue
[2025-07-01T21:56:08.308+0000] {logging_mixin.py:190} INFO - [2025-07-01T21:56:08.308+0000] {dagbag.py:588} INFO - Filling up the DagBag from /home/airflow/.local/lib/python3.12/site-packages/airflow/example_dags/example_local_kubernetes_executor.py
[2025-07-01T21:56:08.317+0000] {processor.py:925} INFO - DAG(s) 'example_local_kubernetes_executor' retrieved from /home/airflow/.local/lib/python3.12/site-packages/airflow/example_dags/example_local_kubernetes_executor.py
[2025-07-01T21:56:08.345+0000] {logging_mixin.py:190} INFO - [2025-07-01T21:56:08.344+0000] {dag.py:3239} INFO - Sync 1 DAGs
[2025-07-01T21:56:08.357+0000] {logging_mixin.py:190} INFO - [2025-07-01T21:56:08.356+0000] {dag.py:4180} INFO - Setting next_dagrun for example_local_kubernetes_executor to None, run_after=None
[2025-07-01T21:56:08.376+0000] {processor.py:208} INFO - Processing /home/airflow/.local/lib/python3.12/site-packages/airflow/example_dags/example_local_kubernetes_executor.py took 0.077 seconds
[2025-07-01T21:56:38.638+0000] {processor.py:186} INFO - Started process (PID=4989) to work on /home/airflow/.local/lib/python3.12/site-packages/airflow/example_dags/example_local_kubernetes_executor.py
[2025-07-01T21:56:38.639+0000] {processor.py:914} INFO - Processing file /home/airflow/.local/lib/python3.12/site-packages/airflow/example_dags/example_local_kubernetes_executor.py for tasks to queue
[2025-07-01T21:56:38.642+0000] {logging_mixin.py:190} INFO - [2025-07-01T21:56:38.642+0000] {dagbag.py:588} INFO - Filling up the DagBag from /home/airflow/.local/lib/python3.12/site-packages/airflow/example_dags/example_local_kubernetes_executor.py
[2025-07-01T21:56:38.652+0000] {processor.py:925} INFO - DAG(s) 'example_local_kubernetes_executor' retrieved from /home/airflow/.local/lib/python3.12/site-packages/airflow/example_dags/example_local_kubernetes_executor.py
[2025-07-01T21:56:38.680+0000] {logging_mixin.py:190} INFO - [2025-07-01T21:56:38.680+0000] {dag.py:3239} INFO - Sync 1 DAGs
[2025-07-01T21:56:38.693+0000] {logging_mixin.py:190} INFO - [2025-07-01T21:56:38.693+0000] {dag.py:4180} INFO - Setting next_dagrun for example_local_kubernetes_executor to None, run_after=None
[2025-07-01T21:56:38.715+0000] {processor.py:208} INFO - Processing /home/airflow/.local/lib/python3.12/site-packages/airflow/example_dags/example_local_kubernetes_executor.py took 0.082 seconds
[2025-07-01T21:57:09.030+0000] {processor.py:186} INFO - Started process (PID=5053) to work on /home/airflow/.local/lib/python3.12/site-packages/airflow/example_dags/example_local_kubernetes_executor.py
[2025-07-01T21:57:09.031+0000] {processor.py:914} INFO - Processing file /home/airflow/.local/lib/python3.12/site-packages/airflow/example_dags/example_local_kubernetes_executor.py for tasks to queue
[2025-07-01T21:57:09.033+0000] {logging_mixin.py:190} INFO - [2025-07-01T21:57:09.033+0000] {dagbag.py:588} INFO - Filling up the DagBag from /home/airflow/.local/lib/python3.12/site-packages/airflow/example_dags/example_local_kubernetes_executor.py
[2025-07-01T21:57:09.041+0000] {processor.py:925} INFO - DAG(s) 'example_local_kubernetes_executor' retrieved from /home/airflow/.local/lib/python3.12/site-packages/airflow/example_dags/example_local_kubernetes_executor.py
[2025-07-01T21:57:09.068+0000] {logging_mixin.py:190} INFO - [2025-07-01T21:57:09.068+0000] {dag.py:3239} INFO - Sync 1 DAGs
[2025-07-01T21:57:09.081+0000] {logging_mixin.py:190} INFO - [2025-07-01T21:57:09.081+0000] {dag.py:4180} INFO - Setting next_dagrun for example_local_kubernetes_executor to None, run_after=None
[2025-07-01T21:57:09.100+0000] {processor.py:208} INFO - Processing /home/airflow/.local/lib/python3.12/site-packages/airflow/example_dags/example_local_kubernetes_executor.py took 0.075 seconds
[2025-07-01T21:57:39.511+0000] {processor.py:186} INFO - Started process (PID=5116) to work on /home/airflow/.local/lib/python3.12/site-packages/airflow/example_dags/example_local_kubernetes_executor.py
[2025-07-01T21:57:39.512+0000] {processor.py:914} INFO - Processing file /home/airflow/.local/lib/python3.12/site-packages/airflow/example_dags/example_local_kubernetes_executor.py for tasks to queue
[2025-07-01T21:57:39.514+0000] {logging_mixin.py:190} INFO - [2025-07-01T21:57:39.513+0000] {dagbag.py:588} INFO - Filling up the DagBag from /home/airflow/.local/lib/python3.12/site-packages/airflow/example_dags/example_local_kubernetes_executor.py
[2025-07-01T21:57:39.522+0000] {processor.py:925} INFO - DAG(s) 'example_local_kubernetes_executor' retrieved from /home/airflow/.local/lib/python3.12/site-packages/airflow/example_dags/example_local_kubernetes_executor.py
[2025-07-01T21:57:39.549+0000] {logging_mixin.py:190} INFO - [2025-07-01T21:57:39.549+0000] {dag.py:3239} INFO - Sync 1 DAGs
[2025-07-01T21:57:39.562+0000] {logging_mixin.py:190} INFO - [2025-07-01T21:57:39.562+0000] {dag.py:4180} INFO - Setting next_dagrun for example_local_kubernetes_executor to None, run_after=None
[2025-07-01T21:57:39.581+0000] {processor.py:208} INFO - Processing /home/airflow/.local/lib/python3.12/site-packages/airflow/example_dags/example_local_kubernetes_executor.py took 0.076 seconds
[2025-07-01T21:58:09.857+0000] {processor.py:186} INFO - Started process (PID=5179) to work on /home/airflow/.local/lib/python3.12/site-packages/airflow/example_dags/example_local_kubernetes_executor.py
[2025-07-01T21:58:09.859+0000] {processor.py:914} INFO - Processing file /home/airflow/.local/lib/python3.12/site-packages/airflow/example_dags/example_local_kubernetes_executor.py for tasks to queue
[2025-07-01T21:58:09.862+0000] {logging_mixin.py:190} INFO - [2025-07-01T21:58:09.861+0000] {dagbag.py:588} INFO - Filling up the DagBag from /home/airflow/.local/lib/python3.12/site-packages/airflow/example_dags/example_local_kubernetes_executor.py
[2025-07-01T21:58:09.871+0000] {processor.py:925} INFO - DAG(s) 'example_local_kubernetes_executor' retrieved from /home/airflow/.local/lib/python3.12/site-packages/airflow/example_dags/example_local_kubernetes_executor.py
[2025-07-01T21:58:09.898+0000] {logging_mixin.py:190} INFO - [2025-07-01T21:58:09.898+0000] {dag.py:3239} INFO - Sync 1 DAGs
[2025-07-01T21:58:09.910+0000] {logging_mixin.py:190} INFO - [2025-07-01T21:58:09.910+0000] {dag.py:4180} INFO - Setting next_dagrun for example_local_kubernetes_executor to None, run_after=None
[2025-07-01T21:58:09.930+0000] {processor.py:208} INFO - Processing /home/airflow/.local/lib/python3.12/site-packages/airflow/example_dags/example_local_kubernetes_executor.py took 0.078 seconds
[2025-07-01T21:58:40.215+0000] {processor.py:186} INFO - Started process (PID=5242) to work on /home/airflow/.local/lib/python3.12/site-packages/airflow/example_dags/example_local_kubernetes_executor.py
[2025-07-01T21:58:40.217+0000] {processor.py:914} INFO - Processing file /home/airflow/.local/lib/python3.12/site-packages/airflow/example_dags/example_local_kubernetes_executor.py for tasks to queue
[2025-07-01T21:58:40.219+0000] {logging_mixin.py:190} INFO - [2025-07-01T21:58:40.219+0000] {dagbag.py:588} INFO - Filling up the DagBag from /home/airflow/.local/lib/python3.12/site-packages/airflow/example_dags/example_local_kubernetes_executor.py
[2025-07-01T21:58:40.228+0000] {processor.py:925} INFO - DAG(s) 'example_local_kubernetes_executor' retrieved from /home/airflow/.local/lib/python3.12/site-packages/airflow/example_dags/example_local_kubernetes_executor.py
[2025-07-01T21:58:40.256+0000] {logging_mixin.py:190} INFO - [2025-07-01T21:58:40.256+0000] {dag.py:3239} INFO - Sync 1 DAGs
[2025-07-01T21:58:40.269+0000] {logging_mixin.py:190} INFO - [2025-07-01T21:58:40.269+0000] {dag.py:4180} INFO - Setting next_dagrun for example_local_kubernetes_executor to None, run_after=None
[2025-07-01T21:58:40.289+0000] {processor.py:208} INFO - Processing /home/airflow/.local/lib/python3.12/site-packages/airflow/example_dags/example_local_kubernetes_executor.py took 0.079 seconds
[2025-07-01T21:59:10.997+0000] {processor.py:186} INFO - Started process (PID=5305) to work on /home/airflow/.local/lib/python3.12/site-packages/airflow/example_dags/example_local_kubernetes_executor.py
[2025-07-01T21:59:10.998+0000] {processor.py:914} INFO - Processing file /home/airflow/.local/lib/python3.12/site-packages/airflow/example_dags/example_local_kubernetes_executor.py for tasks to queue
[2025-07-01T21:59:11.001+0000] {logging_mixin.py:190} INFO - [2025-07-01T21:59:11.001+0000] {dagbag.py:588} INFO - Filling up the DagBag from /home/airflow/.local/lib/python3.12/site-packages/airflow/example_dags/example_local_kubernetes_executor.py
[2025-07-01T21:59:11.012+0000] {processor.py:925} INFO - DAG(s) 'example_local_kubernetes_executor' retrieved from /home/airflow/.local/lib/python3.12/site-packages/airflow/example_dags/example_local_kubernetes_executor.py
[2025-07-01T21:59:11.039+0000] {logging_mixin.py:190} INFO - [2025-07-01T21:59:11.039+0000] {dag.py:3239} INFO - Sync 1 DAGs
[2025-07-01T21:59:11.051+0000] {logging_mixin.py:190} INFO - [2025-07-01T21:59:11.051+0000] {dag.py:4180} INFO - Setting next_dagrun for example_local_kubernetes_executor to None, run_after=None
[2025-07-01T21:59:11.070+0000] {processor.py:208} INFO - Processing /home/airflow/.local/lib/python3.12/site-packages/airflow/example_dags/example_local_kubernetes_executor.py took 0.080 seconds
[2025-07-01T21:59:41.527+0000] {processor.py:186} INFO - Started process (PID=5368) to work on /home/airflow/.local/lib/python3.12/site-packages/airflow/example_dags/example_local_kubernetes_executor.py
[2025-07-01T21:59:41.528+0000] {processor.py:914} INFO - Processing file /home/airflow/.local/lib/python3.12/site-packages/airflow/example_dags/example_local_kubernetes_executor.py for tasks to queue
[2025-07-01T21:59:41.530+0000] {logging_mixin.py:190} INFO - [2025-07-01T21:59:41.530+0000] {dagbag.py:588} INFO - Filling up the DagBag from /home/airflow/.local/lib/python3.12/site-packages/airflow/example_dags/example_local_kubernetes_executor.py
[2025-07-01T21:59:41.539+0000] {processor.py:925} INFO - DAG(s) 'example_local_kubernetes_executor' retrieved from /home/airflow/.local/lib/python3.12/site-packages/airflow/example_dags/example_local_kubernetes_executor.py
[2025-07-01T21:59:41.566+0000] {logging_mixin.py:190} INFO - [2025-07-01T21:59:41.565+0000] {dag.py:3239} INFO - Sync 1 DAGs
[2025-07-01T21:59:41.578+0000] {logging_mixin.py:190} INFO - [2025-07-01T21:59:41.578+0000] {dag.py:4180} INFO - Setting next_dagrun for example_local_kubernetes_executor to None, run_after=None
[2025-07-01T21:59:41.597+0000] {processor.py:208} INFO - Processing /home/airflow/.local/lib/python3.12/site-packages/airflow/example_dags/example_local_kubernetes_executor.py took 0.075 seconds
[2025-07-01T22:00:12.170+0000] {processor.py:186} INFO - Started process (PID=5432) to work on /home/airflow/.local/lib/python3.12/site-packages/airflow/example_dags/example_local_kubernetes_executor.py
[2025-07-01T22:00:12.171+0000] {processor.py:914} INFO - Processing file /home/airflow/.local/lib/python3.12/site-packages/airflow/example_dags/example_local_kubernetes_executor.py for tasks to queue
[2025-07-01T22:00:12.173+0000] {logging_mixin.py:190} INFO - [2025-07-01T22:00:12.173+0000] {dagbag.py:588} INFO - Filling up the DagBag from /home/airflow/.local/lib/python3.12/site-packages/airflow/example_dags/example_local_kubernetes_executor.py
[2025-07-01T22:00:12.184+0000] {processor.py:925} INFO - DAG(s) 'example_local_kubernetes_executor' retrieved from /home/airflow/.local/lib/python3.12/site-packages/airflow/example_dags/example_local_kubernetes_executor.py
[2025-07-01T22:00:12.214+0000] {logging_mixin.py:190} INFO - [2025-07-01T22:00:12.213+0000] {dag.py:3239} INFO - Sync 1 DAGs
[2025-07-01T22:00:12.225+0000] {logging_mixin.py:190} INFO - [2025-07-01T22:00:12.225+0000] {dag.py:4180} INFO - Setting next_dagrun for example_local_kubernetes_executor to None, run_after=None
[2025-07-01T22:00:12.246+0000] {processor.py:208} INFO - Processing /home/airflow/.local/lib/python3.12/site-packages/airflow/example_dags/example_local_kubernetes_executor.py took 0.081 seconds
[2025-07-01T22:00:42.725+0000] {processor.py:186} INFO - Started process (PID=5495) to work on /home/airflow/.local/lib/python3.12/site-packages/airflow/example_dags/example_local_kubernetes_executor.py
[2025-07-01T22:00:42.726+0000] {processor.py:914} INFO - Processing file /home/airflow/.local/lib/python3.12/site-packages/airflow/example_dags/example_local_kubernetes_executor.py for tasks to queue
[2025-07-01T22:00:42.728+0000] {logging_mixin.py:190} INFO - [2025-07-01T22:00:42.728+0000] {dagbag.py:588} INFO - Filling up the DagBag from /home/airflow/.local/lib/python3.12/site-packages/airflow/example_dags/example_local_kubernetes_executor.py
[2025-07-01T22:00:42.741+0000] {processor.py:925} INFO - DAG(s) 'example_local_kubernetes_executor' retrieved from /home/airflow/.local/lib/python3.12/site-packages/airflow/example_dags/example_local_kubernetes_executor.py
[2025-07-01T22:00:42.775+0000] {logging_mixin.py:190} INFO - [2025-07-01T22:00:42.775+0000] {dag.py:3239} INFO - Sync 1 DAGs
[2025-07-01T22:00:42.792+0000] {logging_mixin.py:190} INFO - [2025-07-01T22:00:42.792+0000] {dag.py:4180} INFO - Setting next_dagrun for example_local_kubernetes_executor to None, run_after=None
[2025-07-01T22:00:42.816+0000] {processor.py:208} INFO - Processing /home/airflow/.local/lib/python3.12/site-packages/airflow/example_dags/example_local_kubernetes_executor.py took 0.097 seconds
[2025-07-01T22:01:13.462+0000] {processor.py:186} INFO - Started process (PID=5559) to work on /home/airflow/.local/lib/python3.12/site-packages/airflow/example_dags/example_local_kubernetes_executor.py
[2025-07-01T22:01:13.463+0000] {processor.py:914} INFO - Processing file /home/airflow/.local/lib/python3.12/site-packages/airflow/example_dags/example_local_kubernetes_executor.py for tasks to queue
[2025-07-01T22:01:13.465+0000] {logging_mixin.py:190} INFO - [2025-07-01T22:01:13.465+0000] {dagbag.py:588} INFO - Filling up the DagBag from /home/airflow/.local/lib/python3.12/site-packages/airflow/example_dags/example_local_kubernetes_executor.py
[2025-07-01T22:01:13.474+0000] {processor.py:925} INFO - DAG(s) 'example_local_kubernetes_executor' retrieved from /home/airflow/.local/lib/python3.12/site-packages/airflow/example_dags/example_local_kubernetes_executor.py
[2025-07-01T22:01:13.504+0000] {logging_mixin.py:190} INFO - [2025-07-01T22:01:13.504+0000] {dag.py:3239} INFO - Sync 1 DAGs
[2025-07-01T22:01:13.516+0000] {logging_mixin.py:190} INFO - [2025-07-01T22:01:13.516+0000] {dag.py:4180} INFO - Setting next_dagrun for example_local_kubernetes_executor to None, run_after=None
[2025-07-01T22:01:13.535+0000] {processor.py:208} INFO - Processing /home/airflow/.local/lib/python3.12/site-packages/airflow/example_dags/example_local_kubernetes_executor.py took 0.079 seconds
[2025-07-01T22:01:44.348+0000] {processor.py:186} INFO - Started process (PID=5622) to work on /home/airflow/.local/lib/python3.12/site-packages/airflow/example_dags/example_local_kubernetes_executor.py
[2025-07-01T22:01:44.349+0000] {processor.py:914} INFO - Processing file /home/airflow/.local/lib/python3.12/site-packages/airflow/example_dags/example_local_kubernetes_executor.py for tasks to queue
[2025-07-01T22:01:44.352+0000] {logging_mixin.py:190} INFO - [2025-07-01T22:01:44.352+0000] {dagbag.py:588} INFO - Filling up the DagBag from /home/airflow/.local/lib/python3.12/site-packages/airflow/example_dags/example_local_kubernetes_executor.py
[2025-07-01T22:01:44.362+0000] {processor.py:925} INFO - DAG(s) 'example_local_kubernetes_executor' retrieved from /home/airflow/.local/lib/python3.12/site-packages/airflow/example_dags/example_local_kubernetes_executor.py
[2025-07-01T22:01:44.394+0000] {logging_mixin.py:190} INFO - [2025-07-01T22:01:44.393+0000] {dag.py:3239} INFO - Sync 1 DAGs
[2025-07-01T22:01:44.410+0000] {logging_mixin.py:190} INFO - [2025-07-01T22:01:44.410+0000] {dag.py:4180} INFO - Setting next_dagrun for example_local_kubernetes_executor to None, run_after=None
[2025-07-01T22:01:44.431+0000] {processor.py:208} INFO - Processing /home/airflow/.local/lib/python3.12/site-packages/airflow/example_dags/example_local_kubernetes_executor.py took 0.089 seconds
[2025-07-01T22:02:14.719+0000] {processor.py:186} INFO - Started process (PID=5685) to work on /home/airflow/.local/lib/python3.12/site-packages/airflow/example_dags/example_local_kubernetes_executor.py
[2025-07-01T22:02:14.720+0000] {processor.py:914} INFO - Processing file /home/airflow/.local/lib/python3.12/site-packages/airflow/example_dags/example_local_kubernetes_executor.py for tasks to queue
[2025-07-01T22:02:14.723+0000] {logging_mixin.py:190} INFO - [2025-07-01T22:02:14.722+0000] {dagbag.py:588} INFO - Filling up the DagBag from /home/airflow/.local/lib/python3.12/site-packages/airflow/example_dags/example_local_kubernetes_executor.py
[2025-07-01T22:02:14.732+0000] {processor.py:925} INFO - DAG(s) 'example_local_kubernetes_executor' retrieved from /home/airflow/.local/lib/python3.12/site-packages/airflow/example_dags/example_local_kubernetes_executor.py
[2025-07-01T22:02:14.757+0000] {logging_mixin.py:190} INFO - [2025-07-01T22:02:14.757+0000] {dag.py:3239} INFO - Sync 1 DAGs
[2025-07-01T22:02:14.768+0000] {logging_mixin.py:190} INFO - [2025-07-01T22:02:14.768+0000] {dag.py:4180} INFO - Setting next_dagrun for example_local_kubernetes_executor to None, run_after=None
[2025-07-01T22:02:14.786+0000] {processor.py:208} INFO - Processing /home/airflow/.local/lib/python3.12/site-packages/airflow/example_dags/example_local_kubernetes_executor.py took 0.072 seconds
[2025-07-01T22:02:46.367+0000] {processor.py:186} INFO - Started process (PID=5748) to work on /home/airflow/.local/lib/python3.12/site-packages/airflow/example_dags/example_local_kubernetes_executor.py
[2025-07-01T22:02:46.368+0000] {processor.py:914} INFO - Processing file /home/airflow/.local/lib/python3.12/site-packages/airflow/example_dags/example_local_kubernetes_executor.py for tasks to queue
[2025-07-01T22:02:46.371+0000] {logging_mixin.py:190} INFO - [2025-07-01T22:02:46.370+0000] {dagbag.py:588} INFO - Filling up the DagBag from /home/airflow/.local/lib/python3.12/site-packages/airflow/example_dags/example_local_kubernetes_executor.py
[2025-07-01T22:02:46.381+0000] {processor.py:925} INFO - DAG(s) 'example_local_kubernetes_executor' retrieved from /home/airflow/.local/lib/python3.12/site-packages/airflow/example_dags/example_local_kubernetes_executor.py
[2025-07-01T22:02:46.414+0000] {logging_mixin.py:190} INFO - [2025-07-01T22:02:46.413+0000] {dag.py:3239} INFO - Sync 1 DAGs
[2025-07-01T22:02:46.428+0000] {logging_mixin.py:190} INFO - [2025-07-01T22:02:46.427+0000] {dag.py:4180} INFO - Setting next_dagrun for example_local_kubernetes_executor to None, run_after=None
[2025-07-01T22:02:46.446+0000] {processor.py:208} INFO - Processing /home/airflow/.local/lib/python3.12/site-packages/airflow/example_dags/example_local_kubernetes_executor.py took 0.086 seconds
[2025-07-01T22:03:17.212+0000] {processor.py:186} INFO - Started process (PID=5811) to work on /home/airflow/.local/lib/python3.12/site-packages/airflow/example_dags/example_local_kubernetes_executor.py
[2025-07-01T22:03:17.213+0000] {processor.py:914} INFO - Processing file /home/airflow/.local/lib/python3.12/site-packages/airflow/example_dags/example_local_kubernetes_executor.py for tasks to queue
[2025-07-01T22:03:17.216+0000] {logging_mixin.py:190} INFO - [2025-07-01T22:03:17.215+0000] {dagbag.py:588} INFO - Filling up the DagBag from /home/airflow/.local/lib/python3.12/site-packages/airflow/example_dags/example_local_kubernetes_executor.py
[2025-07-01T22:03:17.225+0000] {processor.py:925} INFO - DAG(s) 'example_local_kubernetes_executor' retrieved from /home/airflow/.local/lib/python3.12/site-packages/airflow/example_dags/example_local_kubernetes_executor.py
[2025-07-01T22:03:17.254+0000] {logging_mixin.py:190} INFO - [2025-07-01T22:03:17.254+0000] {dag.py:3239} INFO - Sync 1 DAGs
[2025-07-01T22:03:17.267+0000] {logging_mixin.py:190} INFO - [2025-07-01T22:03:17.267+0000] {dag.py:4180} INFO - Setting next_dagrun for example_local_kubernetes_executor to None, run_after=None
[2025-07-01T22:03:17.289+0000] {processor.py:208} INFO - Processing /home/airflow/.local/lib/python3.12/site-packages/airflow/example_dags/example_local_kubernetes_executor.py took 0.082 seconds
[2025-07-01T22:03:48.863+0000] {processor.py:186} INFO - Started process (PID=5874) to work on /home/airflow/.local/lib/python3.12/site-packages/airflow/example_dags/example_local_kubernetes_executor.py
[2025-07-01T22:03:48.864+0000] {processor.py:914} INFO - Processing file /home/airflow/.local/lib/python3.12/site-packages/airflow/example_dags/example_local_kubernetes_executor.py for tasks to queue
[2025-07-01T22:03:48.867+0000] {logging_mixin.py:190} INFO - [2025-07-01T22:03:48.867+0000] {dagbag.py:588} INFO - Filling up the DagBag from /home/airflow/.local/lib/python3.12/site-packages/airflow/example_dags/example_local_kubernetes_executor.py
[2025-07-01T22:03:48.882+0000] {processor.py:925} INFO - DAG(s) 'example_local_kubernetes_executor' retrieved from /home/airflow/.local/lib/python3.12/site-packages/airflow/example_dags/example_local_kubernetes_executor.py
[2025-07-01T22:03:48.932+0000] {logging_mixin.py:190} INFO - [2025-07-01T22:03:48.932+0000] {dag.py:3239} INFO - Sync 1 DAGs
[2025-07-01T22:03:48.966+0000] {logging_mixin.py:190} INFO - [2025-07-01T22:03:48.966+0000] {dag.py:4180} INFO - Setting next_dagrun for example_local_kubernetes_executor to None, run_after=None
[2025-07-01T22:03:49.002+0000] {processor.py:208} INFO - Processing /home/airflow/.local/lib/python3.12/site-packages/airflow/example_dags/example_local_kubernetes_executor.py took 0.147 seconds
[2025-07-01T22:04:19.132+0000] {processor.py:186} INFO - Started process (PID=5937) to work on /home/airflow/.local/lib/python3.12/site-packages/airflow/example_dags/example_local_kubernetes_executor.py
[2025-07-01T22:04:19.133+0000] {processor.py:914} INFO - Processing file /home/airflow/.local/lib/python3.12/site-packages/airflow/example_dags/example_local_kubernetes_executor.py for tasks to queue
[2025-07-01T22:04:19.135+0000] {logging_mixin.py:190} INFO - [2025-07-01T22:04:19.135+0000] {dagbag.py:588} INFO - Filling up the DagBag from /home/airflow/.local/lib/python3.12/site-packages/airflow/example_dags/example_local_kubernetes_executor.py
[2025-07-01T22:04:19.144+0000] {processor.py:925} INFO - DAG(s) 'example_local_kubernetes_executor' retrieved from /home/airflow/.local/lib/python3.12/site-packages/airflow/example_dags/example_local_kubernetes_executor.py
[2025-07-01T22:04:19.173+0000] {logging_mixin.py:190} INFO - [2025-07-01T22:04:19.173+0000] {dag.py:3239} INFO - Sync 1 DAGs
[2025-07-01T22:04:19.184+0000] {logging_mixin.py:190} INFO - [2025-07-01T22:04:19.184+0000] {dag.py:4180} INFO - Setting next_dagrun for example_local_kubernetes_executor to None, run_after=None
[2025-07-01T22:04:19.203+0000] {processor.py:208} INFO - Processing /home/airflow/.local/lib/python3.12/site-packages/airflow/example_dags/example_local_kubernetes_executor.py took 0.076 seconds
[2025-07-01T22:04:49.243+0000] {processor.py:186} INFO - Started process (PID=6000) to work on /home/airflow/.local/lib/python3.12/site-packages/airflow/example_dags/example_local_kubernetes_executor.py
[2025-07-01T22:04:49.244+0000] {processor.py:914} INFO - Processing file /home/airflow/.local/lib/python3.12/site-packages/airflow/example_dags/example_local_kubernetes_executor.py for tasks to queue
[2025-07-01T22:04:49.246+0000] {logging_mixin.py:190} INFO - [2025-07-01T22:04:49.246+0000] {dagbag.py:588} INFO - Filling up the DagBag from /home/airflow/.local/lib/python3.12/site-packages/airflow/example_dags/example_local_kubernetes_executor.py
[2025-07-01T22:04:49.255+0000] {processor.py:925} INFO - DAG(s) 'example_local_kubernetes_executor' retrieved from /home/airflow/.local/lib/python3.12/site-packages/airflow/example_dags/example_local_kubernetes_executor.py
[2025-07-01T22:04:49.283+0000] {logging_mixin.py:190} INFO - [2025-07-01T22:04:49.283+0000] {dag.py:3239} INFO - Sync 1 DAGs
[2025-07-01T22:04:49.295+0000] {logging_mixin.py:190} INFO - [2025-07-01T22:04:49.295+0000] {dag.py:4180} INFO - Setting next_dagrun for example_local_kubernetes_executor to None, run_after=None
[2025-07-01T22:04:49.314+0000] {processor.py:208} INFO - Processing /home/airflow/.local/lib/python3.12/site-packages/airflow/example_dags/example_local_kubernetes_executor.py took 0.076 seconds
[2025-07-01T22:05:19.953+0000] {processor.py:186} INFO - Started process (PID=6063) to work on /home/airflow/.local/lib/python3.12/site-packages/airflow/example_dags/example_local_kubernetes_executor.py
[2025-07-01T22:05:19.954+0000] {processor.py:914} INFO - Processing file /home/airflow/.local/lib/python3.12/site-packages/airflow/example_dags/example_local_kubernetes_executor.py for tasks to queue
[2025-07-01T22:05:19.957+0000] {logging_mixin.py:190} INFO - [2025-07-01T22:05:19.956+0000] {dagbag.py:588} INFO - Filling up the DagBag from /home/airflow/.local/lib/python3.12/site-packages/airflow/example_dags/example_local_kubernetes_executor.py
[2025-07-01T22:05:19.965+0000] {processor.py:925} INFO - DAG(s) 'example_local_kubernetes_executor' retrieved from /home/airflow/.local/lib/python3.12/site-packages/airflow/example_dags/example_local_kubernetes_executor.py
[2025-07-01T22:05:19.999+0000] {logging_mixin.py:190} INFO - [2025-07-01T22:05:19.998+0000] {dag.py:3239} INFO - Sync 1 DAGs
[2025-07-01T22:05:20.014+0000] {logging_mixin.py:190} INFO - [2025-07-01T22:05:20.013+0000] {dag.py:4180} INFO - Setting next_dagrun for example_local_kubernetes_executor to None, run_after=None
[2025-07-01T22:05:20.037+0000] {processor.py:208} INFO - Processing /home/airflow/.local/lib/python3.12/site-packages/airflow/example_dags/example_local_kubernetes_executor.py took 0.090 seconds
[2025-07-01T22:05:50.268+0000] {processor.py:186} INFO - Started process (PID=6127) to work on /home/airflow/.local/lib/python3.12/site-packages/airflow/example_dags/example_local_kubernetes_executor.py
[2025-07-01T22:05:50.269+0000] {processor.py:914} INFO - Processing file /home/airflow/.local/lib/python3.12/site-packages/airflow/example_dags/example_local_kubernetes_executor.py for tasks to queue
[2025-07-01T22:05:50.271+0000] {logging_mixin.py:190} INFO - [2025-07-01T22:05:50.271+0000] {dagbag.py:588} INFO - Filling up the DagBag from /home/airflow/.local/lib/python3.12/site-packages/airflow/example_dags/example_local_kubernetes_executor.py
[2025-07-01T22:05:50.280+0000] {processor.py:925} INFO - DAG(s) 'example_local_kubernetes_executor' retrieved from /home/airflow/.local/lib/python3.12/site-packages/airflow/example_dags/example_local_kubernetes_executor.py
[2025-07-01T22:05:50.312+0000] {logging_mixin.py:190} INFO - [2025-07-01T22:05:50.312+0000] {dag.py:3239} INFO - Sync 1 DAGs
[2025-07-01T22:05:50.323+0000] {logging_mixin.py:190} INFO - [2025-07-01T22:05:50.323+0000] {dag.py:4180} INFO - Setting next_dagrun for example_local_kubernetes_executor to None, run_after=None
[2025-07-01T22:05:50.340+0000] {processor.py:208} INFO - Processing /home/airflow/.local/lib/python3.12/site-packages/airflow/example_dags/example_local_kubernetes_executor.py took 0.078 seconds
[2025-07-01T22:06:20.986+0000] {processor.py:186} INFO - Started process (PID=6189) to work on /home/airflow/.local/lib/python3.12/site-packages/airflow/example_dags/example_local_kubernetes_executor.py
[2025-07-01T22:06:20.987+0000] {processor.py:914} INFO - Processing file /home/airflow/.local/lib/python3.12/site-packages/airflow/example_dags/example_local_kubernetes_executor.py for tasks to queue
[2025-07-01T22:06:20.991+0000] {logging_mixin.py:190} INFO - [2025-07-01T22:06:20.990+0000] {dagbag.py:588} INFO - Filling up the DagBag from /home/airflow/.local/lib/python3.12/site-packages/airflow/example_dags/example_local_kubernetes_executor.py
[2025-07-01T22:06:21.001+0000] {processor.py:925} INFO - DAG(s) 'example_local_kubernetes_executor' retrieved from /home/airflow/.local/lib/python3.12/site-packages/airflow/example_dags/example_local_kubernetes_executor.py
[2025-07-01T22:06:21.034+0000] {logging_mixin.py:190} INFO - [2025-07-01T22:06:21.034+0000] {dag.py:3239} INFO - Sync 1 DAGs
[2025-07-01T22:06:21.049+0000] {logging_mixin.py:190} INFO - [2025-07-01T22:06:21.049+0000] {dag.py:4180} INFO - Setting next_dagrun for example_local_kubernetes_executor to None, run_after=None
[2025-07-01T22:06:21.077+0000] {processor.py:208} INFO - Processing /home/airflow/.local/lib/python3.12/site-packages/airflow/example_dags/example_local_kubernetes_executor.py took 0.097 seconds
[2025-07-01T22:06:51.735+0000] {processor.py:186} INFO - Started process (PID=6252) to work on /home/airflow/.local/lib/python3.12/site-packages/airflow/example_dags/example_local_kubernetes_executor.py
[2025-07-01T22:06:51.736+0000] {processor.py:914} INFO - Processing file /home/airflow/.local/lib/python3.12/site-packages/airflow/example_dags/example_local_kubernetes_executor.py for tasks to queue
[2025-07-01T22:06:51.739+0000] {logging_mixin.py:190} INFO - [2025-07-01T22:06:51.739+0000] {dagbag.py:588} INFO - Filling up the DagBag from /home/airflow/.local/lib/python3.12/site-packages/airflow/example_dags/example_local_kubernetes_executor.py
[2025-07-01T22:06:51.751+0000] {processor.py:925} INFO - DAG(s) 'example_local_kubernetes_executor' retrieved from /home/airflow/.local/lib/python3.12/site-packages/airflow/example_dags/example_local_kubernetes_executor.py
[2025-07-01T22:06:51.783+0000] {logging_mixin.py:190} INFO - [2025-07-01T22:06:51.783+0000] {dag.py:3239} INFO - Sync 1 DAGs
[2025-07-01T22:06:51.798+0000] {logging_mixin.py:190} INFO - [2025-07-01T22:06:51.798+0000] {dag.py:4180} INFO - Setting next_dagrun for example_local_kubernetes_executor to None, run_after=None
[2025-07-01T22:06:51.819+0000] {processor.py:208} INFO - Processing /home/airflow/.local/lib/python3.12/site-packages/airflow/example_dags/example_local_kubernetes_executor.py took 0.091 seconds
[2025-07-01T22:07:22.260+0000] {processor.py:186} INFO - Started process (PID=6315) to work on /home/airflow/.local/lib/python3.12/site-packages/airflow/example_dags/example_local_kubernetes_executor.py
[2025-07-01T22:07:22.260+0000] {processor.py:914} INFO - Processing file /home/airflow/.local/lib/python3.12/site-packages/airflow/example_dags/example_local_kubernetes_executor.py for tasks to queue
[2025-07-01T22:07:22.263+0000] {logging_mixin.py:190} INFO - [2025-07-01T22:07:22.262+0000] {dagbag.py:588} INFO - Filling up the DagBag from /home/airflow/.local/lib/python3.12/site-packages/airflow/example_dags/example_local_kubernetes_executor.py
[2025-07-01T22:07:22.271+0000] {processor.py:925} INFO - DAG(s) 'example_local_kubernetes_executor' retrieved from /home/airflow/.local/lib/python3.12/site-packages/airflow/example_dags/example_local_kubernetes_executor.py
[2025-07-01T22:07:22.301+0000] {logging_mixin.py:190} INFO - [2025-07-01T22:07:22.301+0000] {dag.py:3239} INFO - Sync 1 DAGs
[2025-07-01T22:07:22.312+0000] {logging_mixin.py:190} INFO - [2025-07-01T22:07:22.312+0000] {dag.py:4180} INFO - Setting next_dagrun for example_local_kubernetes_executor to None, run_after=None
[2025-07-01T22:07:22.330+0000] {processor.py:208} INFO - Processing /home/airflow/.local/lib/python3.12/site-packages/airflow/example_dags/example_local_kubernetes_executor.py took 0.076 seconds
[2025-07-01T22:07:53.185+0000] {processor.py:186} INFO - Started process (PID=6378) to work on /home/airflow/.local/lib/python3.12/site-packages/airflow/example_dags/example_local_kubernetes_executor.py
[2025-07-01T22:07:53.186+0000] {processor.py:914} INFO - Processing file /home/airflow/.local/lib/python3.12/site-packages/airflow/example_dags/example_local_kubernetes_executor.py for tasks to queue
[2025-07-01T22:07:53.189+0000] {logging_mixin.py:190} INFO - [2025-07-01T22:07:53.188+0000] {dagbag.py:588} INFO - Filling up the DagBag from /home/airflow/.local/lib/python3.12/site-packages/airflow/example_dags/example_local_kubernetes_executor.py
[2025-07-01T22:07:53.197+0000] {processor.py:925} INFO - DAG(s) 'example_local_kubernetes_executor' retrieved from /home/airflow/.local/lib/python3.12/site-packages/airflow/example_dags/example_local_kubernetes_executor.py
[2025-07-01T22:07:53.230+0000] {logging_mixin.py:190} INFO - [2025-07-01T22:07:53.230+0000] {dag.py:3239} INFO - Sync 1 DAGs
[2025-07-01T22:07:53.242+0000] {logging_mixin.py:190} INFO - [2025-07-01T22:07:53.242+0000] {dag.py:4180} INFO - Setting next_dagrun for example_local_kubernetes_executor to None, run_after=None
[2025-07-01T22:07:53.261+0000] {processor.py:208} INFO - Processing /home/airflow/.local/lib/python3.12/site-packages/airflow/example_dags/example_local_kubernetes_executor.py took 0.081 seconds
[2025-07-01T22:08:24.076+0000] {processor.py:186} INFO - Started process (PID=6441) to work on /home/airflow/.local/lib/python3.12/site-packages/airflow/example_dags/example_local_kubernetes_executor.py
[2025-07-01T22:08:24.077+0000] {processor.py:914} INFO - Processing file /home/airflow/.local/lib/python3.12/site-packages/airflow/example_dags/example_local_kubernetes_executor.py for tasks to queue
[2025-07-01T22:08:24.079+0000] {logging_mixin.py:190} INFO - [2025-07-01T22:08:24.079+0000] {dagbag.py:588} INFO - Filling up the DagBag from /home/airflow/.local/lib/python3.12/site-packages/airflow/example_dags/example_local_kubernetes_executor.py
[2025-07-01T22:08:24.088+0000] {processor.py:925} INFO - DAG(s) 'example_local_kubernetes_executor' retrieved from /home/airflow/.local/lib/python3.12/site-packages/airflow/example_dags/example_local_kubernetes_executor.py
[2025-07-01T22:08:24.117+0000] {logging_mixin.py:190} INFO - [2025-07-01T22:08:24.116+0000] {dag.py:3239} INFO - Sync 1 DAGs
[2025-07-01T22:08:24.129+0000] {logging_mixin.py:190} INFO - [2025-07-01T22:08:24.129+0000] {dag.py:4180} INFO - Setting next_dagrun for example_local_kubernetes_executor to None, run_after=None
[2025-07-01T22:08:24.148+0000] {processor.py:208} INFO - Processing /home/airflow/.local/lib/python3.12/site-packages/airflow/example_dags/example_local_kubernetes_executor.py took 0.077 seconds
[2025-07-01T22:08:54.649+0000] {processor.py:186} INFO - Started process (PID=6510) to work on /home/airflow/.local/lib/python3.12/site-packages/airflow/example_dags/example_local_kubernetes_executor.py
[2025-07-01T22:08:54.650+0000] {processor.py:914} INFO - Processing file /home/airflow/.local/lib/python3.12/site-packages/airflow/example_dags/example_local_kubernetes_executor.py for tasks to queue
[2025-07-01T22:08:54.653+0000] {logging_mixin.py:190} INFO - [2025-07-01T22:08:54.652+0000] {dagbag.py:588} INFO - Filling up the DagBag from /home/airflow/.local/lib/python3.12/site-packages/airflow/example_dags/example_local_kubernetes_executor.py
[2025-07-01T22:08:54.661+0000] {processor.py:925} INFO - DAG(s) 'example_local_kubernetes_executor' retrieved from /home/airflow/.local/lib/python3.12/site-packages/airflow/example_dags/example_local_kubernetes_executor.py
[2025-07-01T22:08:54.689+0000] {logging_mixin.py:190} INFO - [2025-07-01T22:08:54.689+0000] {dag.py:3239} INFO - Sync 1 DAGs
[2025-07-01T22:08:54.701+0000] {logging_mixin.py:190} INFO - [2025-07-01T22:08:54.701+0000] {dag.py:4180} INFO - Setting next_dagrun for example_local_kubernetes_executor to None, run_after=None
[2025-07-01T22:08:54.721+0000] {processor.py:208} INFO - Processing /home/airflow/.local/lib/python3.12/site-packages/airflow/example_dags/example_local_kubernetes_executor.py took 0.077 seconds
[2025-07-01T22:09:25.193+0000] {processor.py:186} INFO - Started process (PID=6573) to work on /home/airflow/.local/lib/python3.12/site-packages/airflow/example_dags/example_local_kubernetes_executor.py
[2025-07-01T22:09:25.194+0000] {processor.py:914} INFO - Processing file /home/airflow/.local/lib/python3.12/site-packages/airflow/example_dags/example_local_kubernetes_executor.py for tasks to queue
[2025-07-01T22:09:25.196+0000] {logging_mixin.py:190} INFO - [2025-07-01T22:09:25.196+0000] {dagbag.py:588} INFO - Filling up the DagBag from /home/airflow/.local/lib/python3.12/site-packages/airflow/example_dags/example_local_kubernetes_executor.py
[2025-07-01T22:09:25.205+0000] {processor.py:925} INFO - DAG(s) 'example_local_kubernetes_executor' retrieved from /home/airflow/.local/lib/python3.12/site-packages/airflow/example_dags/example_local_kubernetes_executor.py
[2025-07-01T22:09:25.235+0000] {logging_mixin.py:190} INFO - [2025-07-01T22:09:25.234+0000] {dag.py:3239} INFO - Sync 1 DAGs
[2025-07-01T22:09:25.247+0000] {logging_mixin.py:190} INFO - [2025-07-01T22:09:25.246+0000] {dag.py:4180} INFO - Setting next_dagrun for example_local_kubernetes_executor to None, run_after=None
[2025-07-01T22:09:25.264+0000] {processor.py:208} INFO - Processing /home/airflow/.local/lib/python3.12/site-packages/airflow/example_dags/example_local_kubernetes_executor.py took 0.076 seconds
[2025-07-01T22:09:55.588+0000] {processor.py:186} INFO - Started process (PID=6636) to work on /home/airflow/.local/lib/python3.12/site-packages/airflow/example_dags/example_local_kubernetes_executor.py
[2025-07-01T22:09:55.589+0000] {processor.py:914} INFO - Processing file /home/airflow/.local/lib/python3.12/site-packages/airflow/example_dags/example_local_kubernetes_executor.py for tasks to queue
[2025-07-01T22:09:55.591+0000] {logging_mixin.py:190} INFO - [2025-07-01T22:09:55.591+0000] {dagbag.py:588} INFO - Filling up the DagBag from /home/airflow/.local/lib/python3.12/site-packages/airflow/example_dags/example_local_kubernetes_executor.py
[2025-07-01T22:09:55.599+0000] {processor.py:925} INFO - DAG(s) 'example_local_kubernetes_executor' retrieved from /home/airflow/.local/lib/python3.12/site-packages/airflow/example_dags/example_local_kubernetes_executor.py
[2025-07-01T22:09:55.629+0000] {logging_mixin.py:190} INFO - [2025-07-01T22:09:55.629+0000] {dag.py:3239} INFO - Sync 1 DAGs
[2025-07-01T22:09:55.640+0000] {logging_mixin.py:190} INFO - [2025-07-01T22:09:55.640+0000] {dag.py:4180} INFO - Setting next_dagrun for example_local_kubernetes_executor to None, run_after=None
[2025-07-01T22:09:55.658+0000] {processor.py:208} INFO - Processing /home/airflow/.local/lib/python3.12/site-packages/airflow/example_dags/example_local_kubernetes_executor.py took 0.075 seconds
[2025-07-01T22:10:26.015+0000] {processor.py:186} INFO - Started process (PID=6699) to work on /home/airflow/.local/lib/python3.12/site-packages/airflow/example_dags/example_local_kubernetes_executor.py
[2025-07-01T22:10:26.016+0000] {processor.py:914} INFO - Processing file /home/airflow/.local/lib/python3.12/site-packages/airflow/example_dags/example_local_kubernetes_executor.py for tasks to queue
[2025-07-01T22:10:26.018+0000] {logging_mixin.py:190} INFO - [2025-07-01T22:10:26.018+0000] {dagbag.py:588} INFO - Filling up the DagBag from /home/airflow/.local/lib/python3.12/site-packages/airflow/example_dags/example_local_kubernetes_executor.py
[2025-07-01T22:10:26.027+0000] {processor.py:925} INFO - DAG(s) 'example_local_kubernetes_executor' retrieved from /home/airflow/.local/lib/python3.12/site-packages/airflow/example_dags/example_local_kubernetes_executor.py
[2025-07-01T22:10:26.056+0000] {logging_mixin.py:190} INFO - [2025-07-01T22:10:26.056+0000] {dag.py:3239} INFO - Sync 1 DAGs
[2025-07-01T22:10:26.069+0000] {logging_mixin.py:190} INFO - [2025-07-01T22:10:26.069+0000] {dag.py:4180} INFO - Setting next_dagrun for example_local_kubernetes_executor to None, run_after=None
[2025-07-01T22:10:26.088+0000] {processor.py:208} INFO - Processing /home/airflow/.local/lib/python3.12/site-packages/airflow/example_dags/example_local_kubernetes_executor.py took 0.078 seconds
[2025-07-01T22:10:56.644+0000] {processor.py:186} INFO - Started process (PID=6762) to work on /home/airflow/.local/lib/python3.12/site-packages/airflow/example_dags/example_local_kubernetes_executor.py
[2025-07-01T22:10:56.645+0000] {processor.py:914} INFO - Processing file /home/airflow/.local/lib/python3.12/site-packages/airflow/example_dags/example_local_kubernetes_executor.py for tasks to queue
[2025-07-01T22:10:56.647+0000] {logging_mixin.py:190} INFO - [2025-07-01T22:10:56.647+0000] {dagbag.py:588} INFO - Filling up the DagBag from /home/airflow/.local/lib/python3.12/site-packages/airflow/example_dags/example_local_kubernetes_executor.py
[2025-07-01T22:10:56.655+0000] {processor.py:925} INFO - DAG(s) 'example_local_kubernetes_executor' retrieved from /home/airflow/.local/lib/python3.12/site-packages/airflow/example_dags/example_local_kubernetes_executor.py
[2025-07-01T22:10:56.683+0000] {logging_mixin.py:190} INFO - [2025-07-01T22:10:56.682+0000] {dag.py:3239} INFO - Sync 1 DAGs
[2025-07-01T22:10:56.695+0000] {logging_mixin.py:190} INFO - [2025-07-01T22:10:56.694+0000] {dag.py:4180} INFO - Setting next_dagrun for example_local_kubernetes_executor to None, run_after=None
[2025-07-01T22:10:56.714+0000] {processor.py:208} INFO - Processing /home/airflow/.local/lib/python3.12/site-packages/airflow/example_dags/example_local_kubernetes_executor.py took 0.074 seconds
[2025-07-01T22:11:27.282+0000] {processor.py:186} INFO - Started process (PID=6825) to work on /home/airflow/.local/lib/python3.12/site-packages/airflow/example_dags/example_local_kubernetes_executor.py
[2025-07-01T22:11:27.283+0000] {processor.py:914} INFO - Processing file /home/airflow/.local/lib/python3.12/site-packages/airflow/example_dags/example_local_kubernetes_executor.py for tasks to queue
[2025-07-01T22:11:27.286+0000] {logging_mixin.py:190} INFO - [2025-07-01T22:11:27.285+0000] {dagbag.py:588} INFO - Filling up the DagBag from /home/airflow/.local/lib/python3.12/site-packages/airflow/example_dags/example_local_kubernetes_executor.py
[2025-07-01T22:11:27.296+0000] {processor.py:925} INFO - DAG(s) 'example_local_kubernetes_executor' retrieved from /home/airflow/.local/lib/python3.12/site-packages/airflow/example_dags/example_local_kubernetes_executor.py
[2025-07-01T22:11:27.326+0000] {logging_mixin.py:190} INFO - [2025-07-01T22:11:27.326+0000] {dag.py:3239} INFO - Sync 1 DAGs
[2025-07-01T22:11:27.338+0000] {logging_mixin.py:190} INFO - [2025-07-01T22:11:27.337+0000] {dag.py:4180} INFO - Setting next_dagrun for example_local_kubernetes_executor to None, run_after=None
[2025-07-01T22:11:27.355+0000] {processor.py:208} INFO - Processing /home/airflow/.local/lib/python3.12/site-packages/airflow/example_dags/example_local_kubernetes_executor.py took 0.078 seconds
[2025-07-01T22:11:58.112+0000] {processor.py:186} INFO - Started process (PID=6888) to work on /home/airflow/.local/lib/python3.12/site-packages/airflow/example_dags/example_local_kubernetes_executor.py
[2025-07-01T22:11:58.113+0000] {processor.py:914} INFO - Processing file /home/airflow/.local/lib/python3.12/site-packages/airflow/example_dags/example_local_kubernetes_executor.py for tasks to queue
[2025-07-01T22:11:58.115+0000] {logging_mixin.py:190} INFO - [2025-07-01T22:11:58.115+0000] {dagbag.py:588} INFO - Filling up the DagBag from /home/airflow/.local/lib/python3.12/site-packages/airflow/example_dags/example_local_kubernetes_executor.py
[2025-07-01T22:11:58.124+0000] {processor.py:925} INFO - DAG(s) 'example_local_kubernetes_executor' retrieved from /home/airflow/.local/lib/python3.12/site-packages/airflow/example_dags/example_local_kubernetes_executor.py
[2025-07-01T22:11:58.154+0000] {logging_mixin.py:190} INFO - [2025-07-01T22:11:58.154+0000] {dag.py:3239} INFO - Sync 1 DAGs
[2025-07-01T22:11:58.168+0000] {logging_mixin.py:190} INFO - [2025-07-01T22:11:58.168+0000] {dag.py:4180} INFO - Setting next_dagrun for example_local_kubernetes_executor to None, run_after=None
[2025-07-01T22:11:58.191+0000] {processor.py:208} INFO - Processing /home/airflow/.local/lib/python3.12/site-packages/airflow/example_dags/example_local_kubernetes_executor.py took 0.084 seconds
[2025-07-01T22:12:28.918+0000] {processor.py:186} INFO - Started process (PID=6951) to work on /home/airflow/.local/lib/python3.12/site-packages/airflow/example_dags/example_local_kubernetes_executor.py
[2025-07-01T22:12:28.919+0000] {processor.py:914} INFO - Processing file /home/airflow/.local/lib/python3.12/site-packages/airflow/example_dags/example_local_kubernetes_executor.py for tasks to queue
[2025-07-01T22:12:28.921+0000] {logging_mixin.py:190} INFO - [2025-07-01T22:12:28.921+0000] {dagbag.py:588} INFO - Filling up the DagBag from /home/airflow/.local/lib/python3.12/site-packages/airflow/example_dags/example_local_kubernetes_executor.py
[2025-07-01T22:12:28.930+0000] {processor.py:925} INFO - DAG(s) 'example_local_kubernetes_executor' retrieved from /home/airflow/.local/lib/python3.12/site-packages/airflow/example_dags/example_local_kubernetes_executor.py
[2025-07-01T22:12:28.960+0000] {logging_mixin.py:190} INFO - [2025-07-01T22:12:28.959+0000] {dag.py:3239} INFO - Sync 1 DAGs
[2025-07-01T22:12:28.971+0000] {logging_mixin.py:190} INFO - [2025-07-01T22:12:28.971+0000] {dag.py:4180} INFO - Setting next_dagrun for example_local_kubernetes_executor to None, run_after=None
[2025-07-01T22:12:28.994+0000] {processor.py:208} INFO - Processing /home/airflow/.local/lib/python3.12/site-packages/airflow/example_dags/example_local_kubernetes_executor.py took 0.082 seconds
[2025-07-01T22:12:59.543+0000] {processor.py:186} INFO - Started process (PID=7015) to work on /home/airflow/.local/lib/python3.12/site-packages/airflow/example_dags/example_local_kubernetes_executor.py
[2025-07-01T22:12:59.544+0000] {processor.py:914} INFO - Processing file /home/airflow/.local/lib/python3.12/site-packages/airflow/example_dags/example_local_kubernetes_executor.py for tasks to queue
[2025-07-01T22:12:59.546+0000] {logging_mixin.py:190} INFO - [2025-07-01T22:12:59.546+0000] {dagbag.py:588} INFO - Filling up the DagBag from /home/airflow/.local/lib/python3.12/site-packages/airflow/example_dags/example_local_kubernetes_executor.py
[2025-07-01T22:12:59.555+0000] {processor.py:925} INFO - DAG(s) 'example_local_kubernetes_executor' retrieved from /home/airflow/.local/lib/python3.12/site-packages/airflow/example_dags/example_local_kubernetes_executor.py
[2025-07-01T22:12:59.585+0000] {logging_mixin.py:190} INFO - [2025-07-01T22:12:59.585+0000] {dag.py:3239} INFO - Sync 1 DAGs
[2025-07-01T22:12:59.598+0000] {logging_mixin.py:190} INFO - [2025-07-01T22:12:59.598+0000] {dag.py:4180} INFO - Setting next_dagrun for example_local_kubernetes_executor to None, run_after=None
[2025-07-01T22:12:59.616+0000] {processor.py:208} INFO - Processing /home/airflow/.local/lib/python3.12/site-packages/airflow/example_dags/example_local_kubernetes_executor.py took 0.078 seconds
[2025-07-01T22:13:30.450+0000] {processor.py:186} INFO - Started process (PID=7078) to work on /home/airflow/.local/lib/python3.12/site-packages/airflow/example_dags/example_local_kubernetes_executor.py
[2025-07-01T22:13:30.451+0000] {processor.py:914} INFO - Processing file /home/airflow/.local/lib/python3.12/site-packages/airflow/example_dags/example_local_kubernetes_executor.py for tasks to queue
[2025-07-01T22:13:30.453+0000] {logging_mixin.py:190} INFO - [2025-07-01T22:13:30.453+0000] {dagbag.py:588} INFO - Filling up the DagBag from /home/airflow/.local/lib/python3.12/site-packages/airflow/example_dags/example_local_kubernetes_executor.py
[2025-07-01T22:13:30.462+0000] {processor.py:925} INFO - DAG(s) 'example_local_kubernetes_executor' retrieved from /home/airflow/.local/lib/python3.12/site-packages/airflow/example_dags/example_local_kubernetes_executor.py
[2025-07-01T22:13:30.491+0000] {logging_mixin.py:190} INFO - [2025-07-01T22:13:30.491+0000] {dag.py:3239} INFO - Sync 1 DAGs
[2025-07-01T22:13:30.504+0000] {logging_mixin.py:190} INFO - [2025-07-01T22:13:30.504+0000] {dag.py:4180} INFO - Setting next_dagrun for example_local_kubernetes_executor to None, run_after=None
[2025-07-01T22:13:30.522+0000] {processor.py:208} INFO - Processing /home/airflow/.local/lib/python3.12/site-packages/airflow/example_dags/example_local_kubernetes_executor.py took 0.077 seconds
[2025-07-01T22:14:01.366+0000] {processor.py:186} INFO - Started process (PID=7141) to work on /home/airflow/.local/lib/python3.12/site-packages/airflow/example_dags/example_local_kubernetes_executor.py
[2025-07-01T22:14:01.367+0000] {processor.py:914} INFO - Processing file /home/airflow/.local/lib/python3.12/site-packages/airflow/example_dags/example_local_kubernetes_executor.py for tasks to queue
[2025-07-01T22:14:01.369+0000] {logging_mixin.py:190} INFO - [2025-07-01T22:14:01.369+0000] {dagbag.py:588} INFO - Filling up the DagBag from /home/airflow/.local/lib/python3.12/site-packages/airflow/example_dags/example_local_kubernetes_executor.py
[2025-07-01T22:14:01.378+0000] {processor.py:925} INFO - DAG(s) 'example_local_kubernetes_executor' retrieved from /home/airflow/.local/lib/python3.12/site-packages/airflow/example_dags/example_local_kubernetes_executor.py
[2025-07-01T22:14:01.410+0000] {logging_mixin.py:190} INFO - [2025-07-01T22:14:01.410+0000] {dag.py:3239} INFO - Sync 1 DAGs
[2025-07-01T22:14:01.423+0000] {logging_mixin.py:190} INFO - [2025-07-01T22:14:01.422+0000] {dag.py:4180} INFO - Setting next_dagrun for example_local_kubernetes_executor to None, run_after=None
[2025-07-01T22:14:01.441+0000] {processor.py:208} INFO - Processing /home/airflow/.local/lib/python3.12/site-packages/airflow/example_dags/example_local_kubernetes_executor.py took 0.081 seconds
[2025-07-01T22:14:31.898+0000] {processor.py:186} INFO - Started process (PID=7204) to work on /home/airflow/.local/lib/python3.12/site-packages/airflow/example_dags/example_local_kubernetes_executor.py
[2025-07-01T22:14:31.899+0000] {processor.py:914} INFO - Processing file /home/airflow/.local/lib/python3.12/site-packages/airflow/example_dags/example_local_kubernetes_executor.py for tasks to queue
[2025-07-01T22:14:31.902+0000] {logging_mixin.py:190} INFO - [2025-07-01T22:14:31.902+0000] {dagbag.py:588} INFO - Filling up the DagBag from /home/airflow/.local/lib/python3.12/site-packages/airflow/example_dags/example_local_kubernetes_executor.py
[2025-07-01T22:14:31.911+0000] {processor.py:925} INFO - DAG(s) 'example_local_kubernetes_executor' retrieved from /home/airflow/.local/lib/python3.12/site-packages/airflow/example_dags/example_local_kubernetes_executor.py
[2025-07-01T22:14:31.945+0000] {logging_mixin.py:190} INFO - [2025-07-01T22:14:31.944+0000] {dag.py:3239} INFO - Sync 1 DAGs
[2025-07-01T22:14:31.958+0000] {logging_mixin.py:190} INFO - [2025-07-01T22:14:31.958+0000] {dag.py:4180} INFO - Setting next_dagrun for example_local_kubernetes_executor to None, run_after=None
[2025-07-01T22:14:31.982+0000] {processor.py:208} INFO - Processing /home/airflow/.local/lib/python3.12/site-packages/airflow/example_dags/example_local_kubernetes_executor.py took 0.090 seconds
[2025-07-01T22:15:02.994+0000] {processor.py:186} INFO - Started process (PID=7267) to work on /home/airflow/.local/lib/python3.12/site-packages/airflow/example_dags/example_local_kubernetes_executor.py
[2025-07-01T22:15:02.995+0000] {processor.py:914} INFO - Processing file /home/airflow/.local/lib/python3.12/site-packages/airflow/example_dags/example_local_kubernetes_executor.py for tasks to queue
[2025-07-01T22:15:02.998+0000] {logging_mixin.py:190} INFO - [2025-07-01T22:15:02.998+0000] {dagbag.py:588} INFO - Filling up the DagBag from /home/airflow/.local/lib/python3.12/site-packages/airflow/example_dags/example_local_kubernetes_executor.py
[2025-07-01T22:15:03.014+0000] {processor.py:925} INFO - DAG(s) 'example_local_kubernetes_executor' retrieved from /home/airflow/.local/lib/python3.12/site-packages/airflow/example_dags/example_local_kubernetes_executor.py
[2025-07-01T22:15:03.052+0000] {logging_mixin.py:190} INFO - [2025-07-01T22:15:03.052+0000] {dag.py:3239} INFO - Sync 1 DAGs
[2025-07-01T22:15:03.064+0000] {logging_mixin.py:190} INFO - [2025-07-01T22:15:03.064+0000] {dag.py:4180} INFO - Setting next_dagrun for example_local_kubernetes_executor to None, run_after=None
[2025-07-01T22:15:03.081+0000] {processor.py:208} INFO - Processing /home/airflow/.local/lib/python3.12/site-packages/airflow/example_dags/example_local_kubernetes_executor.py took 0.098 seconds
[2025-07-01T22:15:33.525+0000] {processor.py:186} INFO - Started process (PID=7330) to work on /home/airflow/.local/lib/python3.12/site-packages/airflow/example_dags/example_local_kubernetes_executor.py
[2025-07-01T22:15:33.527+0000] {processor.py:914} INFO - Processing file /home/airflow/.local/lib/python3.12/site-packages/airflow/example_dags/example_local_kubernetes_executor.py for tasks to queue
[2025-07-01T22:15:33.530+0000] {logging_mixin.py:190} INFO - [2025-07-01T22:15:33.530+0000] {dagbag.py:588} INFO - Filling up the DagBag from /home/airflow/.local/lib/python3.12/site-packages/airflow/example_dags/example_local_kubernetes_executor.py
[2025-07-01T22:15:33.541+0000] {processor.py:925} INFO - DAG(s) 'example_local_kubernetes_executor' retrieved from /home/airflow/.local/lib/python3.12/site-packages/airflow/example_dags/example_local_kubernetes_executor.py
[2025-07-01T22:15:33.574+0000] {logging_mixin.py:190} INFO - [2025-07-01T22:15:33.573+0000] {dag.py:3239} INFO - Sync 1 DAGs
[2025-07-01T22:15:33.597+0000] {logging_mixin.py:190} INFO - [2025-07-01T22:15:33.597+0000] {dag.py:4180} INFO - Setting next_dagrun for example_local_kubernetes_executor to None, run_after=None
[2025-07-01T22:15:33.633+0000] {processor.py:208} INFO - Processing /home/airflow/.local/lib/python3.12/site-packages/airflow/example_dags/example_local_kubernetes_executor.py took 0.114 seconds
[2025-07-01T22:16:04.501+0000] {processor.py:186} INFO - Started process (PID=7393) to work on /home/airflow/.local/lib/python3.12/site-packages/airflow/example_dags/example_local_kubernetes_executor.py
[2025-07-01T22:16:04.502+0000] {processor.py:914} INFO - Processing file /home/airflow/.local/lib/python3.12/site-packages/airflow/example_dags/example_local_kubernetes_executor.py for tasks to queue
[2025-07-01T22:16:04.505+0000] {logging_mixin.py:190} INFO - [2025-07-01T22:16:04.505+0000] {dagbag.py:588} INFO - Filling up the DagBag from /home/airflow/.local/lib/python3.12/site-packages/airflow/example_dags/example_local_kubernetes_executor.py
[2025-07-01T22:16:04.514+0000] {processor.py:925} INFO - DAG(s) 'example_local_kubernetes_executor' retrieved from /home/airflow/.local/lib/python3.12/site-packages/airflow/example_dags/example_local_kubernetes_executor.py
[2025-07-01T22:16:04.544+0000] {logging_mixin.py:190} INFO - [2025-07-01T22:16:04.544+0000] {dag.py:3239} INFO - Sync 1 DAGs
[2025-07-01T22:16:04.557+0000] {logging_mixin.py:190} INFO - [2025-07-01T22:16:04.557+0000] {dag.py:4180} INFO - Setting next_dagrun for example_local_kubernetes_executor to None, run_after=None
[2025-07-01T22:16:04.576+0000] {processor.py:208} INFO - Processing /home/airflow/.local/lib/python3.12/site-packages/airflow/example_dags/example_local_kubernetes_executor.py took 0.082 seconds
[2025-07-01T22:16:34.980+0000] {processor.py:186} INFO - Started process (PID=7456) to work on /home/airflow/.local/lib/python3.12/site-packages/airflow/example_dags/example_local_kubernetes_executor.py
[2025-07-01T22:16:34.981+0000] {processor.py:914} INFO - Processing file /home/airflow/.local/lib/python3.12/site-packages/airflow/example_dags/example_local_kubernetes_executor.py for tasks to queue
[2025-07-01T22:16:34.988+0000] {logging_mixin.py:190} INFO - [2025-07-01T22:16:34.987+0000] {dagbag.py:588} INFO - Filling up the DagBag from /home/airflow/.local/lib/python3.12/site-packages/airflow/example_dags/example_local_kubernetes_executor.py
[2025-07-01T22:16:34.998+0000] {processor.py:925} INFO - DAG(s) 'example_local_kubernetes_executor' retrieved from /home/airflow/.local/lib/python3.12/site-packages/airflow/example_dags/example_local_kubernetes_executor.py
[2025-07-01T22:16:35.030+0000] {logging_mixin.py:190} INFO - [2025-07-01T22:16:35.030+0000] {dag.py:3239} INFO - Sync 1 DAGs
[2025-07-01T22:16:35.045+0000] {logging_mixin.py:190} INFO - [2025-07-01T22:16:35.045+0000] {dag.py:4180} INFO - Setting next_dagrun for example_local_kubernetes_executor to None, run_after=None
[2025-07-01T22:16:35.072+0000] {processor.py:208} INFO - Processing /home/airflow/.local/lib/python3.12/site-packages/airflow/example_dags/example_local_kubernetes_executor.py took 0.098 seconds
[2025-07-01T22:17:05.553+0000] {processor.py:186} INFO - Started process (PID=7519) to work on /home/airflow/.local/lib/python3.12/site-packages/airflow/example_dags/example_local_kubernetes_executor.py
[2025-07-01T22:17:05.554+0000] {processor.py:914} INFO - Processing file /home/airflow/.local/lib/python3.12/site-packages/airflow/example_dags/example_local_kubernetes_executor.py for tasks to queue
[2025-07-01T22:17:05.556+0000] {logging_mixin.py:190} INFO - [2025-07-01T22:17:05.556+0000] {dagbag.py:588} INFO - Filling up the DagBag from /home/airflow/.local/lib/python3.12/site-packages/airflow/example_dags/example_local_kubernetes_executor.py
[2025-07-01T22:17:05.565+0000] {processor.py:925} INFO - DAG(s) 'example_local_kubernetes_executor' retrieved from /home/airflow/.local/lib/python3.12/site-packages/airflow/example_dags/example_local_kubernetes_executor.py
[2025-07-01T22:17:05.596+0000] {logging_mixin.py:190} INFO - [2025-07-01T22:17:05.596+0000] {dag.py:3239} INFO - Sync 1 DAGs
[2025-07-01T22:17:05.609+0000] {logging_mixin.py:190} INFO - [2025-07-01T22:17:05.608+0000] {dag.py:4180} INFO - Setting next_dagrun for example_local_kubernetes_executor to None, run_after=None
[2025-07-01T22:17:05.628+0000] {processor.py:208} INFO - Processing /home/airflow/.local/lib/python3.12/site-packages/airflow/example_dags/example_local_kubernetes_executor.py took 0.082 seconds
[2025-07-01T22:17:36.406+0000] {processor.py:186} INFO - Started process (PID=7582) to work on /home/airflow/.local/lib/python3.12/site-packages/airflow/example_dags/example_local_kubernetes_executor.py
[2025-07-01T22:17:36.407+0000] {processor.py:914} INFO - Processing file /home/airflow/.local/lib/python3.12/site-packages/airflow/example_dags/example_local_kubernetes_executor.py for tasks to queue
[2025-07-01T22:17:36.410+0000] {logging_mixin.py:190} INFO - [2025-07-01T22:17:36.410+0000] {dagbag.py:588} INFO - Filling up the DagBag from /home/airflow/.local/lib/python3.12/site-packages/airflow/example_dags/example_local_kubernetes_executor.py
[2025-07-01T22:17:36.420+0000] {processor.py:925} INFO - DAG(s) 'example_local_kubernetes_executor' retrieved from /home/airflow/.local/lib/python3.12/site-packages/airflow/example_dags/example_local_kubernetes_executor.py
[2025-07-01T22:17:36.450+0000] {logging_mixin.py:190} INFO - [2025-07-01T22:17:36.450+0000] {dag.py:3239} INFO - Sync 1 DAGs
[2025-07-01T22:17:36.464+0000] {logging_mixin.py:190} INFO - [2025-07-01T22:17:36.463+0000] {dag.py:4180} INFO - Setting next_dagrun for example_local_kubernetes_executor to None, run_after=None
[2025-07-01T22:17:36.485+0000] {processor.py:208} INFO - Processing /home/airflow/.local/lib/python3.12/site-packages/airflow/example_dags/example_local_kubernetes_executor.py took 0.086 seconds
[2025-07-01T22:18:07.037+0000] {processor.py:186} INFO - Started process (PID=7645) to work on /home/airflow/.local/lib/python3.12/site-packages/airflow/example_dags/example_local_kubernetes_executor.py
[2025-07-01T22:18:07.039+0000] {processor.py:914} INFO - Processing file /home/airflow/.local/lib/python3.12/site-packages/airflow/example_dags/example_local_kubernetes_executor.py for tasks to queue
[2025-07-01T22:18:07.046+0000] {logging_mixin.py:190} INFO - [2025-07-01T22:18:07.045+0000] {dagbag.py:588} INFO - Filling up the DagBag from /home/airflow/.local/lib/python3.12/site-packages/airflow/example_dags/example_local_kubernetes_executor.py
[2025-07-01T22:18:07.100+0000] {processor.py:925} INFO - DAG(s) 'example_local_kubernetes_executor' retrieved from /home/airflow/.local/lib/python3.12/site-packages/airflow/example_dags/example_local_kubernetes_executor.py
[2025-07-01T22:18:07.182+0000] {logging_mixin.py:190} INFO - [2025-07-01T22:18:07.182+0000] {dag.py:3239} INFO - Sync 1 DAGs
[2025-07-01T22:18:07.204+0000] {logging_mixin.py:190} INFO - [2025-07-01T22:18:07.204+0000] {dag.py:4180} INFO - Setting next_dagrun for example_local_kubernetes_executor to None, run_after=None
[2025-07-01T22:18:07.227+0000] {processor.py:208} INFO - Processing /home/airflow/.local/lib/python3.12/site-packages/airflow/example_dags/example_local_kubernetes_executor.py took 0.196 seconds
[2025-07-01T22:18:38.080+0000] {processor.py:186} INFO - Started process (PID=7714) to work on /home/airflow/.local/lib/python3.12/site-packages/airflow/example_dags/example_local_kubernetes_executor.py
[2025-07-01T22:18:38.081+0000] {processor.py:914} INFO - Processing file /home/airflow/.local/lib/python3.12/site-packages/airflow/example_dags/example_local_kubernetes_executor.py for tasks to queue
[2025-07-01T22:18:38.084+0000] {logging_mixin.py:190} INFO - [2025-07-01T22:18:38.084+0000] {dagbag.py:588} INFO - Filling up the DagBag from /home/airflow/.local/lib/python3.12/site-packages/airflow/example_dags/example_local_kubernetes_executor.py
[2025-07-01T22:18:38.095+0000] {processor.py:925} INFO - DAG(s) 'example_local_kubernetes_executor' retrieved from /home/airflow/.local/lib/python3.12/site-packages/airflow/example_dags/example_local_kubernetes_executor.py
[2025-07-01T22:18:38.131+0000] {logging_mixin.py:190} INFO - [2025-07-01T22:18:38.130+0000] {dag.py:3239} INFO - Sync 1 DAGs
[2025-07-01T22:18:38.146+0000] {logging_mixin.py:190} INFO - [2025-07-01T22:18:38.145+0000] {dag.py:4180} INFO - Setting next_dagrun for example_local_kubernetes_executor to None, run_after=None
[2025-07-01T22:18:38.170+0000] {processor.py:208} INFO - Processing /home/airflow/.local/lib/python3.12/site-packages/airflow/example_dags/example_local_kubernetes_executor.py took 0.096 seconds
[2025-07-01T22:19:08.826+0000] {processor.py:186} INFO - Started process (PID=7778) to work on /home/airflow/.local/lib/python3.12/site-packages/airflow/example_dags/example_local_kubernetes_executor.py
[2025-07-01T22:19:08.827+0000] {processor.py:914} INFO - Processing file /home/airflow/.local/lib/python3.12/site-packages/airflow/example_dags/example_local_kubernetes_executor.py for tasks to queue
[2025-07-01T22:19:08.829+0000] {logging_mixin.py:190} INFO - [2025-07-01T22:19:08.829+0000] {dagbag.py:588} INFO - Filling up the DagBag from /home/airflow/.local/lib/python3.12/site-packages/airflow/example_dags/example_local_kubernetes_executor.py
[2025-07-01T22:19:08.838+0000] {processor.py:925} INFO - DAG(s) 'example_local_kubernetes_executor' retrieved from /home/airflow/.local/lib/python3.12/site-packages/airflow/example_dags/example_local_kubernetes_executor.py
[2025-07-01T22:19:08.866+0000] {logging_mixin.py:190} INFO - [2025-07-01T22:19:08.866+0000] {dag.py:3239} INFO - Sync 1 DAGs
[2025-07-01T22:19:08.880+0000] {logging_mixin.py:190} INFO - [2025-07-01T22:19:08.880+0000] {dag.py:4180} INFO - Setting next_dagrun for example_local_kubernetes_executor to None, run_after=None
[2025-07-01T22:19:08.901+0000] {processor.py:208} INFO - Processing /home/airflow/.local/lib/python3.12/site-packages/airflow/example_dags/example_local_kubernetes_executor.py took 0.080 seconds
[2025-07-01T22:19:39.469+0000] {processor.py:186} INFO - Started process (PID=7841) to work on /home/airflow/.local/lib/python3.12/site-packages/airflow/example_dags/example_local_kubernetes_executor.py
[2025-07-01T22:19:39.470+0000] {processor.py:914} INFO - Processing file /home/airflow/.local/lib/python3.12/site-packages/airflow/example_dags/example_local_kubernetes_executor.py for tasks to queue
[2025-07-01T22:19:39.473+0000] {logging_mixin.py:190} INFO - [2025-07-01T22:19:39.472+0000] {dagbag.py:588} INFO - Filling up the DagBag from /home/airflow/.local/lib/python3.12/site-packages/airflow/example_dags/example_local_kubernetes_executor.py
[2025-07-01T22:19:39.482+0000] {processor.py:925} INFO - DAG(s) 'example_local_kubernetes_executor' retrieved from /home/airflow/.local/lib/python3.12/site-packages/airflow/example_dags/example_local_kubernetes_executor.py
[2025-07-01T22:19:39.515+0000] {logging_mixin.py:190} INFO - [2025-07-01T22:19:39.515+0000] {dag.py:3239} INFO - Sync 1 DAGs
[2025-07-01T22:19:39.527+0000] {logging_mixin.py:190} INFO - [2025-07-01T22:19:39.527+0000] {dag.py:4180} INFO - Setting next_dagrun for example_local_kubernetes_executor to None, run_after=None
[2025-07-01T22:19:39.545+0000] {processor.py:208} INFO - Processing /home/airflow/.local/lib/python3.12/site-packages/airflow/example_dags/example_local_kubernetes_executor.py took 0.081 seconds
[2025-07-01T22:20:09.958+0000] {processor.py:186} INFO - Started process (PID=7904) to work on /home/airflow/.local/lib/python3.12/site-packages/airflow/example_dags/example_local_kubernetes_executor.py
[2025-07-01T22:20:09.959+0000] {processor.py:914} INFO - Processing file /home/airflow/.local/lib/python3.12/site-packages/airflow/example_dags/example_local_kubernetes_executor.py for tasks to queue
[2025-07-01T22:20:09.963+0000] {logging_mixin.py:190} INFO - [2025-07-01T22:20:09.962+0000] {dagbag.py:588} INFO - Filling up the DagBag from /home/airflow/.local/lib/python3.12/site-packages/airflow/example_dags/example_local_kubernetes_executor.py
[2025-07-01T22:20:09.978+0000] {processor.py:925} INFO - DAG(s) 'example_local_kubernetes_executor' retrieved from /home/airflow/.local/lib/python3.12/site-packages/airflow/example_dags/example_local_kubernetes_executor.py
[2025-07-01T22:20:10.023+0000] {logging_mixin.py:190} INFO - [2025-07-01T22:20:10.023+0000] {dag.py:3239} INFO - Sync 1 DAGs
[2025-07-01T22:20:10.039+0000] {logging_mixin.py:190} INFO - [2025-07-01T22:20:10.039+0000] {dag.py:4180} INFO - Setting next_dagrun for example_local_kubernetes_executor to None, run_after=None
[2025-07-01T22:20:10.062+0000] {processor.py:208} INFO - Processing /home/airflow/.local/lib/python3.12/site-packages/airflow/example_dags/example_local_kubernetes_executor.py took 0.113 seconds
[2025-07-01T22:20:40.543+0000] {processor.py:186} INFO - Started process (PID=7967) to work on /home/airflow/.local/lib/python3.12/site-packages/airflow/example_dags/example_local_kubernetes_executor.py
[2025-07-01T22:20:40.544+0000] {processor.py:914} INFO - Processing file /home/airflow/.local/lib/python3.12/site-packages/airflow/example_dags/example_local_kubernetes_executor.py for tasks to queue
[2025-07-01T22:20:40.547+0000] {logging_mixin.py:190} INFO - [2025-07-01T22:20:40.546+0000] {dagbag.py:588} INFO - Filling up the DagBag from /home/airflow/.local/lib/python3.12/site-packages/airflow/example_dags/example_local_kubernetes_executor.py
[2025-07-01T22:20:40.559+0000] {processor.py:925} INFO - DAG(s) 'example_local_kubernetes_executor' retrieved from /home/airflow/.local/lib/python3.12/site-packages/airflow/example_dags/example_local_kubernetes_executor.py
[2025-07-01T22:20:40.590+0000] {logging_mixin.py:190} INFO - [2025-07-01T22:20:40.590+0000] {dag.py:3239} INFO - Sync 1 DAGs
[2025-07-01T22:20:40.604+0000] {logging_mixin.py:190} INFO - [2025-07-01T22:20:40.603+0000] {dag.py:4180} INFO - Setting next_dagrun for example_local_kubernetes_executor to None, run_after=None
[2025-07-01T22:20:40.628+0000] {processor.py:208} INFO - Processing /home/airflow/.local/lib/python3.12/site-packages/airflow/example_dags/example_local_kubernetes_executor.py took 0.090 seconds
[2025-07-01T22:21:11.394+0000] {processor.py:186} INFO - Started process (PID=8030) to work on /home/airflow/.local/lib/python3.12/site-packages/airflow/example_dags/example_local_kubernetes_executor.py
[2025-07-01T22:21:11.395+0000] {processor.py:914} INFO - Processing file /home/airflow/.local/lib/python3.12/site-packages/airflow/example_dags/example_local_kubernetes_executor.py for tasks to queue
[2025-07-01T22:21:11.397+0000] {logging_mixin.py:190} INFO - [2025-07-01T22:21:11.397+0000] {dagbag.py:588} INFO - Filling up the DagBag from /home/airflow/.local/lib/python3.12/site-packages/airflow/example_dags/example_local_kubernetes_executor.py
[2025-07-01T22:21:11.406+0000] {processor.py:925} INFO - DAG(s) 'example_local_kubernetes_executor' retrieved from /home/airflow/.local/lib/python3.12/site-packages/airflow/example_dags/example_local_kubernetes_executor.py
[2025-07-01T22:21:11.435+0000] {logging_mixin.py:190} INFO - [2025-07-01T22:21:11.435+0000] {dag.py:3239} INFO - Sync 1 DAGs
[2025-07-01T22:21:11.449+0000] {logging_mixin.py:190} INFO - [2025-07-01T22:21:11.449+0000] {dag.py:4180} INFO - Setting next_dagrun for example_local_kubernetes_executor to None, run_after=None
[2025-07-01T22:21:11.467+0000] {processor.py:208} INFO - Processing /home/airflow/.local/lib/python3.12/site-packages/airflow/example_dags/example_local_kubernetes_executor.py took 0.078 seconds
[2025-07-01T22:21:41.977+0000] {processor.py:186} INFO - Started process (PID=8093) to work on /home/airflow/.local/lib/python3.12/site-packages/airflow/example_dags/example_local_kubernetes_executor.py
[2025-07-01T22:21:41.978+0000] {processor.py:914} INFO - Processing file /home/airflow/.local/lib/python3.12/site-packages/airflow/example_dags/example_local_kubernetes_executor.py for tasks to queue
[2025-07-01T22:21:41.981+0000] {logging_mixin.py:190} INFO - [2025-07-01T22:21:41.980+0000] {dagbag.py:588} INFO - Filling up the DagBag from /home/airflow/.local/lib/python3.12/site-packages/airflow/example_dags/example_local_kubernetes_executor.py
[2025-07-01T22:21:41.990+0000] {processor.py:925} INFO - DAG(s) 'example_local_kubernetes_executor' retrieved from /home/airflow/.local/lib/python3.12/site-packages/airflow/example_dags/example_local_kubernetes_executor.py
[2025-07-01T22:21:42.019+0000] {logging_mixin.py:190} INFO - [2025-07-01T22:21:42.019+0000] {dag.py:3239} INFO - Sync 1 DAGs
[2025-07-01T22:21:42.036+0000] {logging_mixin.py:190} INFO - [2025-07-01T22:21:42.035+0000] {dag.py:4180} INFO - Setting next_dagrun for example_local_kubernetes_executor to None, run_after=None
[2025-07-01T22:21:42.067+0000] {processor.py:208} INFO - Processing /home/airflow/.local/lib/python3.12/site-packages/airflow/example_dags/example_local_kubernetes_executor.py took 0.095 seconds
[2025-07-01T22:22:12.504+0000] {processor.py:186} INFO - Started process (PID=8156) to work on /home/airflow/.local/lib/python3.12/site-packages/airflow/example_dags/example_local_kubernetes_executor.py
[2025-07-01T22:22:12.505+0000] {processor.py:914} INFO - Processing file /home/airflow/.local/lib/python3.12/site-packages/airflow/example_dags/example_local_kubernetes_executor.py for tasks to queue
[2025-07-01T22:22:12.507+0000] {logging_mixin.py:190} INFO - [2025-07-01T22:22:12.507+0000] {dagbag.py:588} INFO - Filling up the DagBag from /home/airflow/.local/lib/python3.12/site-packages/airflow/example_dags/example_local_kubernetes_executor.py
[2025-07-01T22:22:12.516+0000] {processor.py:925} INFO - DAG(s) 'example_local_kubernetes_executor' retrieved from /home/airflow/.local/lib/python3.12/site-packages/airflow/example_dags/example_local_kubernetes_executor.py
[2025-07-01T22:22:12.549+0000] {logging_mixin.py:190} INFO - [2025-07-01T22:22:12.549+0000] {dag.py:3239} INFO - Sync 1 DAGs
[2025-07-01T22:22:12.566+0000] {logging_mixin.py:190} INFO - [2025-07-01T22:22:12.566+0000] {dag.py:4180} INFO - Setting next_dagrun for example_local_kubernetes_executor to None, run_after=None
[2025-07-01T22:22:12.593+0000] {processor.py:208} INFO - Processing /home/airflow/.local/lib/python3.12/site-packages/airflow/example_dags/example_local_kubernetes_executor.py took 0.094 seconds
[2025-07-01T22:22:43.089+0000] {processor.py:186} INFO - Started process (PID=8219) to work on /home/airflow/.local/lib/python3.12/site-packages/airflow/example_dags/example_local_kubernetes_executor.py
[2025-07-01T22:22:43.090+0000] {processor.py:914} INFO - Processing file /home/airflow/.local/lib/python3.12/site-packages/airflow/example_dags/example_local_kubernetes_executor.py for tasks to queue
[2025-07-01T22:22:43.092+0000] {logging_mixin.py:190} INFO - [2025-07-01T22:22:43.092+0000] {dagbag.py:588} INFO - Filling up the DagBag from /home/airflow/.local/lib/python3.12/site-packages/airflow/example_dags/example_local_kubernetes_executor.py
[2025-07-01T22:22:43.104+0000] {processor.py:925} INFO - DAG(s) 'example_local_kubernetes_executor' retrieved from /home/airflow/.local/lib/python3.12/site-packages/airflow/example_dags/example_local_kubernetes_executor.py
[2025-07-01T22:22:43.136+0000] {logging_mixin.py:190} INFO - [2025-07-01T22:22:43.136+0000] {dag.py:3239} INFO - Sync 1 DAGs
[2025-07-01T22:22:43.151+0000] {logging_mixin.py:190} INFO - [2025-07-01T22:22:43.151+0000] {dag.py:4180} INFO - Setting next_dagrun for example_local_kubernetes_executor to None, run_after=None
[2025-07-01T22:22:43.171+0000] {processor.py:208} INFO - Processing /home/airflow/.local/lib/python3.12/site-packages/airflow/example_dags/example_local_kubernetes_executor.py took 0.089 seconds
[2025-07-01T22:23:13.912+0000] {processor.py:186} INFO - Started process (PID=8282) to work on /home/airflow/.local/lib/python3.12/site-packages/airflow/example_dags/example_local_kubernetes_executor.py
[2025-07-01T22:23:13.912+0000] {processor.py:914} INFO - Processing file /home/airflow/.local/lib/python3.12/site-packages/airflow/example_dags/example_local_kubernetes_executor.py for tasks to queue
[2025-07-01T22:23:13.915+0000] {logging_mixin.py:190} INFO - [2025-07-01T22:23:13.914+0000] {dagbag.py:588} INFO - Filling up the DagBag from /home/airflow/.local/lib/python3.12/site-packages/airflow/example_dags/example_local_kubernetes_executor.py
[2025-07-01T22:23:13.923+0000] {processor.py:925} INFO - DAG(s) 'example_local_kubernetes_executor' retrieved from /home/airflow/.local/lib/python3.12/site-packages/airflow/example_dags/example_local_kubernetes_executor.py
[2025-07-01T22:23:13.951+0000] {logging_mixin.py:190} INFO - [2025-07-01T22:23:13.951+0000] {dag.py:3239} INFO - Sync 1 DAGs
[2025-07-01T22:23:13.964+0000] {logging_mixin.py:190} INFO - [2025-07-01T22:23:13.963+0000] {dag.py:4180} INFO - Setting next_dagrun for example_local_kubernetes_executor to None, run_after=None
[2025-07-01T22:23:13.984+0000] {processor.py:208} INFO - Processing /home/airflow/.local/lib/python3.12/site-packages/airflow/example_dags/example_local_kubernetes_executor.py took 0.077 seconds
[2025-07-01T22:23:44.626+0000] {processor.py:186} INFO - Started process (PID=8345) to work on /home/airflow/.local/lib/python3.12/site-packages/airflow/example_dags/example_local_kubernetes_executor.py
[2025-07-01T22:23:44.627+0000] {processor.py:914} INFO - Processing file /home/airflow/.local/lib/python3.12/site-packages/airflow/example_dags/example_local_kubernetes_executor.py for tasks to queue
[2025-07-01T22:23:44.629+0000] {logging_mixin.py:190} INFO - [2025-07-01T22:23:44.629+0000] {dagbag.py:588} INFO - Filling up the DagBag from /home/airflow/.local/lib/python3.12/site-packages/airflow/example_dags/example_local_kubernetes_executor.py
[2025-07-01T22:23:44.641+0000] {processor.py:925} INFO - DAG(s) 'example_local_kubernetes_executor' retrieved from /home/airflow/.local/lib/python3.12/site-packages/airflow/example_dags/example_local_kubernetes_executor.py
[2025-07-01T22:23:44.671+0000] {logging_mixin.py:190} INFO - [2025-07-01T22:23:44.671+0000] {dag.py:3239} INFO - Sync 1 DAGs
[2025-07-01T22:23:44.684+0000] {logging_mixin.py:190} INFO - [2025-07-01T22:23:44.684+0000] {dag.py:4180} INFO - Setting next_dagrun for example_local_kubernetes_executor to None, run_after=None
[2025-07-01T22:23:44.704+0000] {processor.py:208} INFO - Processing /home/airflow/.local/lib/python3.12/site-packages/airflow/example_dags/example_local_kubernetes_executor.py took 0.084 seconds
[2025-07-01T22:24:15.298+0000] {processor.py:186} INFO - Started process (PID=8408) to work on /home/airflow/.local/lib/python3.12/site-packages/airflow/example_dags/example_local_kubernetes_executor.py
[2025-07-01T22:24:15.299+0000] {processor.py:914} INFO - Processing file /home/airflow/.local/lib/python3.12/site-packages/airflow/example_dags/example_local_kubernetes_executor.py for tasks to queue
[2025-07-01T22:24:15.302+0000] {logging_mixin.py:190} INFO - [2025-07-01T22:24:15.302+0000] {dagbag.py:588} INFO - Filling up the DagBag from /home/airflow/.local/lib/python3.12/site-packages/airflow/example_dags/example_local_kubernetes_executor.py
[2025-07-01T22:24:15.313+0000] {processor.py:925} INFO - DAG(s) 'example_local_kubernetes_executor' retrieved from /home/airflow/.local/lib/python3.12/site-packages/airflow/example_dags/example_local_kubernetes_executor.py
[2025-07-01T22:24:15.348+0000] {logging_mixin.py:190} INFO - [2025-07-01T22:24:15.348+0000] {dag.py:3239} INFO - Sync 1 DAGs
[2025-07-01T22:24:15.364+0000] {logging_mixin.py:190} INFO - [2025-07-01T22:24:15.363+0000] {dag.py:4180} INFO - Setting next_dagrun for example_local_kubernetes_executor to None, run_after=None
[2025-07-01T22:24:15.384+0000] {processor.py:208} INFO - Processing /home/airflow/.local/lib/python3.12/site-packages/airflow/example_dags/example_local_kubernetes_executor.py took 0.095 seconds
[2025-07-01T22:24:45.721+0000] {processor.py:186} INFO - Started process (PID=8477) to work on /home/airflow/.local/lib/python3.12/site-packages/airflow/example_dags/example_local_kubernetes_executor.py
[2025-07-01T22:24:45.722+0000] {processor.py:914} INFO - Processing file /home/airflow/.local/lib/python3.12/site-packages/airflow/example_dags/example_local_kubernetes_executor.py for tasks to queue
[2025-07-01T22:24:45.724+0000] {logging_mixin.py:190} INFO - [2025-07-01T22:24:45.724+0000] {dagbag.py:588} INFO - Filling up the DagBag from /home/airflow/.local/lib/python3.12/site-packages/airflow/example_dags/example_local_kubernetes_executor.py
[2025-07-01T22:24:45.733+0000] {processor.py:925} INFO - DAG(s) 'example_local_kubernetes_executor' retrieved from /home/airflow/.local/lib/python3.12/site-packages/airflow/example_dags/example_local_kubernetes_executor.py
[2025-07-01T22:24:45.770+0000] {logging_mixin.py:190} INFO - [2025-07-01T22:24:45.769+0000] {dag.py:3239} INFO - Sync 1 DAGs
[2025-07-01T22:24:45.792+0000] {logging_mixin.py:190} INFO - [2025-07-01T22:24:45.792+0000] {dag.py:4180} INFO - Setting next_dagrun for example_local_kubernetes_executor to None, run_after=None
[2025-07-01T22:24:45.815+0000] {processor.py:208} INFO - Processing /home/airflow/.local/lib/python3.12/site-packages/airflow/example_dags/example_local_kubernetes_executor.py took 0.100 seconds
[2025-07-01T22:25:16.566+0000] {processor.py:186} INFO - Started process (PID=8540) to work on /home/airflow/.local/lib/python3.12/site-packages/airflow/example_dags/example_local_kubernetes_executor.py
[2025-07-01T22:25:16.568+0000] {processor.py:914} INFO - Processing file /home/airflow/.local/lib/python3.12/site-packages/airflow/example_dags/example_local_kubernetes_executor.py for tasks to queue
[2025-07-01T22:25:16.572+0000] {logging_mixin.py:190} INFO - [2025-07-01T22:25:16.571+0000] {dagbag.py:588} INFO - Filling up the DagBag from /home/airflow/.local/lib/python3.12/site-packages/airflow/example_dags/example_local_kubernetes_executor.py
[2025-07-01T22:25:16.585+0000] {processor.py:925} INFO - DAG(s) 'example_local_kubernetes_executor' retrieved from /home/airflow/.local/lib/python3.12/site-packages/airflow/example_dags/example_local_kubernetes_executor.py
[2025-07-01T22:25:16.616+0000] {logging_mixin.py:190} INFO - [2025-07-01T22:25:16.616+0000] {dag.py:3239} INFO - Sync 1 DAGs
[2025-07-01T22:25:16.631+0000] {logging_mixin.py:190} INFO - [2025-07-01T22:25:16.630+0000] {dag.py:4180} INFO - Setting next_dagrun for example_local_kubernetes_executor to None, run_after=None
[2025-07-01T22:25:16.659+0000] {processor.py:208} INFO - Processing /home/airflow/.local/lib/python3.12/site-packages/airflow/example_dags/example_local_kubernetes_executor.py took 0.104 seconds
[2025-07-01T22:25:47.376+0000] {processor.py:186} INFO - Started process (PID=8645) to work on /home/airflow/.local/lib/python3.12/site-packages/airflow/example_dags/example_local_kubernetes_executor.py
[2025-07-01T22:25:47.377+0000] {processor.py:914} INFO - Processing file /home/airflow/.local/lib/python3.12/site-packages/airflow/example_dags/example_local_kubernetes_executor.py for tasks to queue
[2025-07-01T22:25:47.379+0000] {logging_mixin.py:190} INFO - [2025-07-01T22:25:47.379+0000] {dagbag.py:588} INFO - Filling up the DagBag from /home/airflow/.local/lib/python3.12/site-packages/airflow/example_dags/example_local_kubernetes_executor.py
[2025-07-01T22:25:47.388+0000] {processor.py:925} INFO - DAG(s) 'example_local_kubernetes_executor' retrieved from /home/airflow/.local/lib/python3.12/site-packages/airflow/example_dags/example_local_kubernetes_executor.py
[2025-07-01T22:25:47.417+0000] {logging_mixin.py:190} INFO - [2025-07-01T22:25:47.417+0000] {dag.py:3239} INFO - Sync 1 DAGs
[2025-07-01T22:25:47.429+0000] {logging_mixin.py:190} INFO - [2025-07-01T22:25:47.429+0000] {dag.py:4180} INFO - Setting next_dagrun for example_local_kubernetes_executor to None, run_after=None
[2025-07-01T22:25:47.449+0000] {processor.py:208} INFO - Processing /home/airflow/.local/lib/python3.12/site-packages/airflow/example_dags/example_local_kubernetes_executor.py took 0.082 seconds
[2025-07-01T22:26:17.656+0000] {processor.py:186} INFO - Started process (PID=8711) to work on /home/airflow/.local/lib/python3.12/site-packages/airflow/example_dags/example_local_kubernetes_executor.py
[2025-07-01T22:26:17.656+0000] {processor.py:914} INFO - Processing file /home/airflow/.local/lib/python3.12/site-packages/airflow/example_dags/example_local_kubernetes_executor.py for tasks to queue
[2025-07-01T22:26:17.659+0000] {logging_mixin.py:190} INFO - [2025-07-01T22:26:17.658+0000] {dagbag.py:588} INFO - Filling up the DagBag from /home/airflow/.local/lib/python3.12/site-packages/airflow/example_dags/example_local_kubernetes_executor.py
[2025-07-01T22:26:17.667+0000] {processor.py:925} INFO - DAG(s) 'example_local_kubernetes_executor' retrieved from /home/airflow/.local/lib/python3.12/site-packages/airflow/example_dags/example_local_kubernetes_executor.py
[2025-07-01T22:26:17.701+0000] {logging_mixin.py:190} INFO - [2025-07-01T22:26:17.700+0000] {dag.py:3239} INFO - Sync 1 DAGs
[2025-07-01T22:26:17.713+0000] {logging_mixin.py:190} INFO - [2025-07-01T22:26:17.713+0000] {dag.py:4180} INFO - Setting next_dagrun for example_local_kubernetes_executor to None, run_after=None
[2025-07-01T22:26:17.733+0000] {processor.py:208} INFO - Processing /home/airflow/.local/lib/python3.12/site-packages/airflow/example_dags/example_local_kubernetes_executor.py took 0.085 seconds
[2025-07-01T22:26:47.785+0000] {processor.py:186} INFO - Started process (PID=8775) to work on /home/airflow/.local/lib/python3.12/site-packages/airflow/example_dags/example_local_kubernetes_executor.py
[2025-07-01T22:26:47.786+0000] {processor.py:914} INFO - Processing file /home/airflow/.local/lib/python3.12/site-packages/airflow/example_dags/example_local_kubernetes_executor.py for tasks to queue
[2025-07-01T22:26:47.788+0000] {logging_mixin.py:190} INFO - [2025-07-01T22:26:47.788+0000] {dagbag.py:588} INFO - Filling up the DagBag from /home/airflow/.local/lib/python3.12/site-packages/airflow/example_dags/example_local_kubernetes_executor.py
[2025-07-01T22:26:47.798+0000] {processor.py:925} INFO - DAG(s) 'example_local_kubernetes_executor' retrieved from /home/airflow/.local/lib/python3.12/site-packages/airflow/example_dags/example_local_kubernetes_executor.py
[2025-07-01T22:26:47.827+0000] {logging_mixin.py:190} INFO - [2025-07-01T22:26:47.827+0000] {dag.py:3239} INFO - Sync 1 DAGs
[2025-07-01T22:26:47.840+0000] {logging_mixin.py:190} INFO - [2025-07-01T22:26:47.840+0000] {dag.py:4180} INFO - Setting next_dagrun for example_local_kubernetes_executor to None, run_after=None
[2025-07-01T22:26:47.860+0000] {processor.py:208} INFO - Processing /home/airflow/.local/lib/python3.12/site-packages/airflow/example_dags/example_local_kubernetes_executor.py took 0.083 seconds
[2025-07-01T22:27:18.679+0000] {processor.py:186} INFO - Started process (PID=8839) to work on /home/airflow/.local/lib/python3.12/site-packages/airflow/example_dags/example_local_kubernetes_executor.py
[2025-07-01T22:27:18.680+0000] {processor.py:914} INFO - Processing file /home/airflow/.local/lib/python3.12/site-packages/airflow/example_dags/example_local_kubernetes_executor.py for tasks to queue
[2025-07-01T22:27:18.682+0000] {logging_mixin.py:190} INFO - [2025-07-01T22:27:18.682+0000] {dagbag.py:588} INFO - Filling up the DagBag from /home/airflow/.local/lib/python3.12/site-packages/airflow/example_dags/example_local_kubernetes_executor.py
[2025-07-01T22:27:18.691+0000] {processor.py:925} INFO - DAG(s) 'example_local_kubernetes_executor' retrieved from /home/airflow/.local/lib/python3.12/site-packages/airflow/example_dags/example_local_kubernetes_executor.py
[2025-07-01T22:27:18.724+0000] {logging_mixin.py:190} INFO - [2025-07-01T22:27:18.724+0000] {dag.py:3239} INFO - Sync 1 DAGs
[2025-07-01T22:27:18.738+0000] {logging_mixin.py:190} INFO - [2025-07-01T22:27:18.738+0000] {dag.py:4180} INFO - Setting next_dagrun for example_local_kubernetes_executor to None, run_after=None
[2025-07-01T22:27:18.759+0000] {processor.py:208} INFO - Processing /home/airflow/.local/lib/python3.12/site-packages/airflow/example_dags/example_local_kubernetes_executor.py took 0.088 seconds
[2025-07-01T22:27:49.636+0000] {processor.py:186} INFO - Started process (PID=8904) to work on /home/airflow/.local/lib/python3.12/site-packages/airflow/example_dags/example_local_kubernetes_executor.py
[2025-07-01T22:27:49.638+0000] {processor.py:914} INFO - Processing file /home/airflow/.local/lib/python3.12/site-packages/airflow/example_dags/example_local_kubernetes_executor.py for tasks to queue
[2025-07-01T22:27:49.641+0000] {logging_mixin.py:190} INFO - [2025-07-01T22:27:49.641+0000] {dagbag.py:588} INFO - Filling up the DagBag from /home/airflow/.local/lib/python3.12/site-packages/airflow/example_dags/example_local_kubernetes_executor.py
[2025-07-01T22:27:49.651+0000] {processor.py:925} INFO - DAG(s) 'example_local_kubernetes_executor' retrieved from /home/airflow/.local/lib/python3.12/site-packages/airflow/example_dags/example_local_kubernetes_executor.py
[2025-07-01T22:27:49.680+0000] {logging_mixin.py:190} INFO - [2025-07-01T22:27:49.680+0000] {dag.py:3239} INFO - Sync 1 DAGs
[2025-07-01T22:27:49.692+0000] {logging_mixin.py:190} INFO - [2025-07-01T22:27:49.692+0000] {dag.py:4180} INFO - Setting next_dagrun for example_local_kubernetes_executor to None, run_after=None
[2025-07-01T22:27:49.711+0000] {processor.py:208} INFO - Processing /home/airflow/.local/lib/python3.12/site-packages/airflow/example_dags/example_local_kubernetes_executor.py took 0.083 seconds
[2025-07-01T22:28:20.368+0000] {processor.py:186} INFO - Started process (PID=8968) to work on /home/airflow/.local/lib/python3.12/site-packages/airflow/example_dags/example_local_kubernetes_executor.py
[2025-07-01T22:28:20.369+0000] {processor.py:914} INFO - Processing file /home/airflow/.local/lib/python3.12/site-packages/airflow/example_dags/example_local_kubernetes_executor.py for tasks to queue
[2025-07-01T22:28:20.372+0000] {logging_mixin.py:190} INFO - [2025-07-01T22:28:20.371+0000] {dagbag.py:588} INFO - Filling up the DagBag from /home/airflow/.local/lib/python3.12/site-packages/airflow/example_dags/example_local_kubernetes_executor.py
[2025-07-01T22:28:20.384+0000] {processor.py:925} INFO - DAG(s) 'example_local_kubernetes_executor' retrieved from /home/airflow/.local/lib/python3.12/site-packages/airflow/example_dags/example_local_kubernetes_executor.py
[2025-07-01T22:28:20.419+0000] {logging_mixin.py:190} INFO - [2025-07-01T22:28:20.419+0000] {dag.py:3239} INFO - Sync 1 DAGs
[2025-07-01T22:28:20.439+0000] {logging_mixin.py:190} INFO - [2025-07-01T22:28:20.439+0000] {dag.py:4180} INFO - Setting next_dagrun for example_local_kubernetes_executor to None, run_after=None
[2025-07-01T22:28:20.460+0000] {processor.py:208} INFO - Processing /home/airflow/.local/lib/python3.12/site-packages/airflow/example_dags/example_local_kubernetes_executor.py took 0.102 seconds
[2025-07-01T22:28:50.850+0000] {processor.py:186} INFO - Started process (PID=9032) to work on /home/airflow/.local/lib/python3.12/site-packages/airflow/example_dags/example_local_kubernetes_executor.py
[2025-07-01T22:28:50.851+0000] {processor.py:914} INFO - Processing file /home/airflow/.local/lib/python3.12/site-packages/airflow/example_dags/example_local_kubernetes_executor.py for tasks to queue
[2025-07-01T22:28:50.854+0000] {logging_mixin.py:190} INFO - [2025-07-01T22:28:50.853+0000] {dagbag.py:588} INFO - Filling up the DagBag from /home/airflow/.local/lib/python3.12/site-packages/airflow/example_dags/example_local_kubernetes_executor.py
[2025-07-01T22:28:50.862+0000] {processor.py:925} INFO - DAG(s) 'example_local_kubernetes_executor' retrieved from /home/airflow/.local/lib/python3.12/site-packages/airflow/example_dags/example_local_kubernetes_executor.py
[2025-07-01T22:28:50.894+0000] {logging_mixin.py:190} INFO - [2025-07-01T22:28:50.894+0000] {dag.py:3239} INFO - Sync 1 DAGs
[2025-07-01T22:28:50.906+0000] {logging_mixin.py:190} INFO - [2025-07-01T22:28:50.905+0000] {dag.py:4180} INFO - Setting next_dagrun for example_local_kubernetes_executor to None, run_after=None
[2025-07-01T22:28:50.924+0000] {processor.py:208} INFO - Processing /home/airflow/.local/lib/python3.12/site-packages/airflow/example_dags/example_local_kubernetes_executor.py took 0.082 seconds
[2025-07-01T22:29:21.631+0000] {processor.py:186} INFO - Started process (PID=9096) to work on /home/airflow/.local/lib/python3.12/site-packages/airflow/example_dags/example_local_kubernetes_executor.py
[2025-07-01T22:29:21.633+0000] {processor.py:914} INFO - Processing file /home/airflow/.local/lib/python3.12/site-packages/airflow/example_dags/example_local_kubernetes_executor.py for tasks to queue
[2025-07-01T22:29:21.635+0000] {logging_mixin.py:190} INFO - [2025-07-01T22:29:21.635+0000] {dagbag.py:588} INFO - Filling up the DagBag from /home/airflow/.local/lib/python3.12/site-packages/airflow/example_dags/example_local_kubernetes_executor.py
[2025-07-01T22:29:21.644+0000] {processor.py:925} INFO - DAG(s) 'example_local_kubernetes_executor' retrieved from /home/airflow/.local/lib/python3.12/site-packages/airflow/example_dags/example_local_kubernetes_executor.py
[2025-07-01T22:29:21.677+0000] {logging_mixin.py:190} INFO - [2025-07-01T22:29:21.677+0000] {dag.py:3239} INFO - Sync 1 DAGs
[2025-07-01T22:29:21.689+0000] {logging_mixin.py:190} INFO - [2025-07-01T22:29:21.688+0000] {dag.py:4180} INFO - Setting next_dagrun for example_local_kubernetes_executor to None, run_after=None
[2025-07-01T22:29:21.706+0000] {processor.py:208} INFO - Processing /home/airflow/.local/lib/python3.12/site-packages/airflow/example_dags/example_local_kubernetes_executor.py took 0.083 seconds
[2025-07-01T22:29:52.390+0000] {processor.py:186} INFO - Started process (PID=9160) to work on /home/airflow/.local/lib/python3.12/site-packages/airflow/example_dags/example_local_kubernetes_executor.py
[2025-07-01T22:29:52.393+0000] {processor.py:914} INFO - Processing file /home/airflow/.local/lib/python3.12/site-packages/airflow/example_dags/example_local_kubernetes_executor.py for tasks to queue
[2025-07-01T22:29:52.396+0000] {logging_mixin.py:190} INFO - [2025-07-01T22:29:52.396+0000] {dagbag.py:588} INFO - Filling up the DagBag from /home/airflow/.local/lib/python3.12/site-packages/airflow/example_dags/example_local_kubernetes_executor.py
[2025-07-01T22:29:52.404+0000] {processor.py:925} INFO - DAG(s) 'example_local_kubernetes_executor' retrieved from /home/airflow/.local/lib/python3.12/site-packages/airflow/example_dags/example_local_kubernetes_executor.py
[2025-07-01T22:29:52.434+0000] {logging_mixin.py:190} INFO - [2025-07-01T22:29:52.434+0000] {dag.py:3239} INFO - Sync 1 DAGs
[2025-07-01T22:29:52.450+0000] {logging_mixin.py:190} INFO - [2025-07-01T22:29:52.450+0000] {dag.py:4180} INFO - Setting next_dagrun for example_local_kubernetes_executor to None, run_after=None
[2025-07-01T22:29:52.472+0000] {processor.py:208} INFO - Processing /home/airflow/.local/lib/python3.12/site-packages/airflow/example_dags/example_local_kubernetes_executor.py took 0.090 seconds
[2025-07-01T22:30:22.981+0000] {processor.py:186} INFO - Started process (PID=9224) to work on /home/airflow/.local/lib/python3.12/site-packages/airflow/example_dags/example_local_kubernetes_executor.py
[2025-07-01T22:30:22.982+0000] {processor.py:914} INFO - Processing file /home/airflow/.local/lib/python3.12/site-packages/airflow/example_dags/example_local_kubernetes_executor.py for tasks to queue
[2025-07-01T22:30:22.985+0000] {logging_mixin.py:190} INFO - [2025-07-01T22:30:22.985+0000] {dagbag.py:588} INFO - Filling up the DagBag from /home/airflow/.local/lib/python3.12/site-packages/airflow/example_dags/example_local_kubernetes_executor.py
[2025-07-01T22:30:22.995+0000] {processor.py:925} INFO - DAG(s) 'example_local_kubernetes_executor' retrieved from /home/airflow/.local/lib/python3.12/site-packages/airflow/example_dags/example_local_kubernetes_executor.py
[2025-07-01T22:30:23.028+0000] {logging_mixin.py:190} INFO - [2025-07-01T22:30:23.028+0000] {dag.py:3239} INFO - Sync 1 DAGs
[2025-07-01T22:30:23.041+0000] {logging_mixin.py:190} INFO - [2025-07-01T22:30:23.041+0000] {dag.py:4180} INFO - Setting next_dagrun for example_local_kubernetes_executor to None, run_after=None
[2025-07-01T22:30:23.058+0000] {processor.py:208} INFO - Processing /home/airflow/.local/lib/python3.12/site-packages/airflow/example_dags/example_local_kubernetes_executor.py took 0.085 seconds
[2025-07-01T22:30:53.706+0000] {processor.py:186} INFO - Started process (PID=9288) to work on /home/airflow/.local/lib/python3.12/site-packages/airflow/example_dags/example_local_kubernetes_executor.py
[2025-07-01T22:30:53.707+0000] {processor.py:914} INFO - Processing file /home/airflow/.local/lib/python3.12/site-packages/airflow/example_dags/example_local_kubernetes_executor.py for tasks to queue
[2025-07-01T22:30:53.709+0000] {logging_mixin.py:190} INFO - [2025-07-01T22:30:53.709+0000] {dagbag.py:588} INFO - Filling up the DagBag from /home/airflow/.local/lib/python3.12/site-packages/airflow/example_dags/example_local_kubernetes_executor.py
[2025-07-01T22:30:53.720+0000] {processor.py:925} INFO - DAG(s) 'example_local_kubernetes_executor' retrieved from /home/airflow/.local/lib/python3.12/site-packages/airflow/example_dags/example_local_kubernetes_executor.py
[2025-07-01T22:30:53.750+0000] {logging_mixin.py:190} INFO - [2025-07-01T22:30:53.750+0000] {dag.py:3239} INFO - Sync 1 DAGs
[2025-07-01T22:30:53.762+0000] {logging_mixin.py:190} INFO - [2025-07-01T22:30:53.762+0000] {dag.py:4180} INFO - Setting next_dagrun for example_local_kubernetes_executor to None, run_after=None
[2025-07-01T22:30:53.781+0000] {processor.py:208} INFO - Processing /home/airflow/.local/lib/python3.12/site-packages/airflow/example_dags/example_local_kubernetes_executor.py took 0.083 seconds
[2025-07-01T22:31:24.591+0000] {processor.py:186} INFO - Started process (PID=9352) to work on /home/airflow/.local/lib/python3.12/site-packages/airflow/example_dags/example_local_kubernetes_executor.py
[2025-07-01T22:31:24.593+0000] {processor.py:914} INFO - Processing file /home/airflow/.local/lib/python3.12/site-packages/airflow/example_dags/example_local_kubernetes_executor.py for tasks to queue
[2025-07-01T22:31:24.595+0000] {logging_mixin.py:190} INFO - [2025-07-01T22:31:24.595+0000] {dagbag.py:588} INFO - Filling up the DagBag from /home/airflow/.local/lib/python3.12/site-packages/airflow/example_dags/example_local_kubernetes_executor.py
[2025-07-01T22:31:24.605+0000] {processor.py:925} INFO - DAG(s) 'example_local_kubernetes_executor' retrieved from /home/airflow/.local/lib/python3.12/site-packages/airflow/example_dags/example_local_kubernetes_executor.py
[2025-07-01T22:31:24.638+0000] {logging_mixin.py:190} INFO - [2025-07-01T22:31:24.637+0000] {dag.py:3239} INFO - Sync 1 DAGs
[2025-07-01T22:31:24.651+0000] {logging_mixin.py:190} INFO - [2025-07-01T22:31:24.651+0000] {dag.py:4180} INFO - Setting next_dagrun for example_local_kubernetes_executor to None, run_after=None
[2025-07-01T22:31:24.669+0000] {processor.py:208} INFO - Processing /home/airflow/.local/lib/python3.12/site-packages/airflow/example_dags/example_local_kubernetes_executor.py took 0.085 seconds
[2025-07-01T22:31:55.504+0000] {processor.py:186} INFO - Started process (PID=9416) to work on /home/airflow/.local/lib/python3.12/site-packages/airflow/example_dags/example_local_kubernetes_executor.py
[2025-07-01T22:31:55.506+0000] {processor.py:914} INFO - Processing file /home/airflow/.local/lib/python3.12/site-packages/airflow/example_dags/example_local_kubernetes_executor.py for tasks to queue
[2025-07-01T22:31:55.509+0000] {logging_mixin.py:190} INFO - [2025-07-01T22:31:55.509+0000] {dagbag.py:588} INFO - Filling up the DagBag from /home/airflow/.local/lib/python3.12/site-packages/airflow/example_dags/example_local_kubernetes_executor.py
[2025-07-01T22:31:55.520+0000] {processor.py:925} INFO - DAG(s) 'example_local_kubernetes_executor' retrieved from /home/airflow/.local/lib/python3.12/site-packages/airflow/example_dags/example_local_kubernetes_executor.py
[2025-07-01T22:31:55.553+0000] {logging_mixin.py:190} INFO - [2025-07-01T22:31:55.553+0000] {dag.py:3239} INFO - Sync 1 DAGs
[2025-07-01T22:31:55.567+0000] {logging_mixin.py:190} INFO - [2025-07-01T22:31:55.567+0000] {dag.py:4180} INFO - Setting next_dagrun for example_local_kubernetes_executor to None, run_after=None
[2025-07-01T22:31:55.591+0000] {processor.py:208} INFO - Processing /home/airflow/.local/lib/python3.12/site-packages/airflow/example_dags/example_local_kubernetes_executor.py took 0.096 seconds
[2025-07-01T22:32:26.825+0000] {processor.py:186} INFO - Started process (PID=9498) to work on /home/airflow/.local/lib/python3.12/site-packages/airflow/example_dags/example_local_kubernetes_executor.py
[2025-07-01T22:32:26.826+0000] {processor.py:914} INFO - Processing file /home/airflow/.local/lib/python3.12/site-packages/airflow/example_dags/example_local_kubernetes_executor.py for tasks to queue
[2025-07-01T22:32:26.828+0000] {logging_mixin.py:190} INFO - [2025-07-01T22:32:26.828+0000] {dagbag.py:588} INFO - Filling up the DagBag from /home/airflow/.local/lib/python3.12/site-packages/airflow/example_dags/example_local_kubernetes_executor.py
[2025-07-01T22:32:26.838+0000] {processor.py:925} INFO - DAG(s) 'example_local_kubernetes_executor' retrieved from /home/airflow/.local/lib/python3.12/site-packages/airflow/example_dags/example_local_kubernetes_executor.py
[2025-07-01T22:32:26.870+0000] {logging_mixin.py:190} INFO - [2025-07-01T22:32:26.870+0000] {dag.py:3239} INFO - Sync 1 DAGs
[2025-07-01T22:32:26.884+0000] {logging_mixin.py:190} INFO - [2025-07-01T22:32:26.883+0000] {dag.py:4180} INFO - Setting next_dagrun for example_local_kubernetes_executor to None, run_after=None
[2025-07-01T22:32:26.902+0000] {processor.py:208} INFO - Processing /home/airflow/.local/lib/python3.12/site-packages/airflow/example_dags/example_local_kubernetes_executor.py took 0.086 seconds
[2025-07-01T22:33:17.954+0000] {processor.py:186} INFO - Started process (PID=86) to work on /home/airflow/.local/lib/python3.12/site-packages/airflow/example_dags/example_local_kubernetes_executor.py
[2025-07-01T22:33:17.955+0000] {processor.py:914} INFO - Processing file /home/airflow/.local/lib/python3.12/site-packages/airflow/example_dags/example_local_kubernetes_executor.py for tasks to queue
[2025-07-01T22:33:17.958+0000] {logging_mixin.py:190} INFO - [2025-07-01T22:33:17.958+0000] {dagbag.py:588} INFO - Filling up the DagBag from /home/airflow/.local/lib/python3.12/site-packages/airflow/example_dags/example_local_kubernetes_executor.py
[2025-07-01T22:33:17.968+0000] {processor.py:925} INFO - DAG(s) 'example_local_kubernetes_executor' retrieved from /home/airflow/.local/lib/python3.12/site-packages/airflow/example_dags/example_local_kubernetes_executor.py
[2025-07-01T22:33:17.998+0000] {logging_mixin.py:190} INFO - [2025-07-01T22:33:17.998+0000] {dag.py:3239} INFO - Sync 1 DAGs
[2025-07-01T22:33:18.010+0000] {logging_mixin.py:190} INFO - [2025-07-01T22:33:18.010+0000] {dag.py:4180} INFO - Setting next_dagrun for example_local_kubernetes_executor to None, run_after=None
[2025-07-01T22:33:18.029+0000] {processor.py:208} INFO - Processing /home/airflow/.local/lib/python3.12/site-packages/airflow/example_dags/example_local_kubernetes_executor.py took 0.081 seconds
[2025-07-01T22:33:48.369+0000] {processor.py:186} INFO - Started process (PID=150) to work on /home/airflow/.local/lib/python3.12/site-packages/airflow/example_dags/example_local_kubernetes_executor.py
[2025-07-01T22:33:48.370+0000] {processor.py:914} INFO - Processing file /home/airflow/.local/lib/python3.12/site-packages/airflow/example_dags/example_local_kubernetes_executor.py for tasks to queue
[2025-07-01T22:33:48.373+0000] {logging_mixin.py:190} INFO - [2025-07-01T22:33:48.372+0000] {dagbag.py:588} INFO - Filling up the DagBag from /home/airflow/.local/lib/python3.12/site-packages/airflow/example_dags/example_local_kubernetes_executor.py
[2025-07-01T22:33:48.381+0000] {processor.py:925} INFO - DAG(s) 'example_local_kubernetes_executor' retrieved from /home/airflow/.local/lib/python3.12/site-packages/airflow/example_dags/example_local_kubernetes_executor.py
[2025-07-01T22:33:48.409+0000] {logging_mixin.py:190} INFO - [2025-07-01T22:33:48.409+0000] {dag.py:3239} INFO - Sync 1 DAGs
[2025-07-01T22:33:48.424+0000] {logging_mixin.py:190} INFO - [2025-07-01T22:33:48.424+0000] {dag.py:4180} INFO - Setting next_dagrun for example_local_kubernetes_executor to None, run_after=None
[2025-07-01T22:33:48.446+0000] {processor.py:208} INFO - Processing /home/airflow/.local/lib/python3.12/site-packages/airflow/example_dags/example_local_kubernetes_executor.py took 0.082 seconds
[2025-07-01T22:34:18.701+0000] {processor.py:186} INFO - Started process (PID=222) to work on /home/airflow/.local/lib/python3.12/site-packages/airflow/example_dags/example_local_kubernetes_executor.py
[2025-07-01T22:34:18.702+0000] {processor.py:914} INFO - Processing file /home/airflow/.local/lib/python3.12/site-packages/airflow/example_dags/example_local_kubernetes_executor.py for tasks to queue
[2025-07-01T22:34:18.704+0000] {logging_mixin.py:190} INFO - [2025-07-01T22:34:18.704+0000] {dagbag.py:588} INFO - Filling up the DagBag from /home/airflow/.local/lib/python3.12/site-packages/airflow/example_dags/example_local_kubernetes_executor.py
[2025-07-01T22:34:18.713+0000] {processor.py:925} INFO - DAG(s) 'example_local_kubernetes_executor' retrieved from /home/airflow/.local/lib/python3.12/site-packages/airflow/example_dags/example_local_kubernetes_executor.py
[2025-07-01T22:34:18.739+0000] {logging_mixin.py:190} INFO - [2025-07-01T22:34:18.738+0000] {dag.py:3239} INFO - Sync 1 DAGs
[2025-07-01T22:34:18.751+0000] {logging_mixin.py:190} INFO - [2025-07-01T22:34:18.751+0000] {dag.py:4180} INFO - Setting next_dagrun for example_local_kubernetes_executor to None, run_after=None
[2025-07-01T22:34:18.770+0000] {processor.py:208} INFO - Processing /home/airflow/.local/lib/python3.12/site-packages/airflow/example_dags/example_local_kubernetes_executor.py took 0.074 seconds
[2025-07-01T22:34:49.605+0000] {processor.py:186} INFO - Started process (PID=286) to work on /home/airflow/.local/lib/python3.12/site-packages/airflow/example_dags/example_local_kubernetes_executor.py
[2025-07-01T22:34:49.606+0000] {processor.py:914} INFO - Processing file /home/airflow/.local/lib/python3.12/site-packages/airflow/example_dags/example_local_kubernetes_executor.py for tasks to queue
[2025-07-01T22:34:49.609+0000] {logging_mixin.py:190} INFO - [2025-07-01T22:34:49.608+0000] {dagbag.py:588} INFO - Filling up the DagBag from /home/airflow/.local/lib/python3.12/site-packages/airflow/example_dags/example_local_kubernetes_executor.py
[2025-07-01T22:34:49.617+0000] {processor.py:925} INFO - DAG(s) 'example_local_kubernetes_executor' retrieved from /home/airflow/.local/lib/python3.12/site-packages/airflow/example_dags/example_local_kubernetes_executor.py
[2025-07-01T22:34:49.643+0000] {logging_mixin.py:190} INFO - [2025-07-01T22:34:49.643+0000] {dag.py:3239} INFO - Sync 1 DAGs
[2025-07-01T22:34:49.654+0000] {logging_mixin.py:190} INFO - [2025-07-01T22:34:49.654+0000] {dag.py:4180} INFO - Setting next_dagrun for example_local_kubernetes_executor to None, run_after=None
[2025-07-01T22:34:49.674+0000] {processor.py:208} INFO - Processing /home/airflow/.local/lib/python3.12/site-packages/airflow/example_dags/example_local_kubernetes_executor.py took 0.073 seconds
[2025-07-01T22:35:20.612+0000] {processor.py:186} INFO - Started process (PID=350) to work on /home/airflow/.local/lib/python3.12/site-packages/airflow/example_dags/example_local_kubernetes_executor.py
[2025-07-01T22:35:20.613+0000] {processor.py:914} INFO - Processing file /home/airflow/.local/lib/python3.12/site-packages/airflow/example_dags/example_local_kubernetes_executor.py for tasks to queue
[2025-07-01T22:35:20.616+0000] {logging_mixin.py:190} INFO - [2025-07-01T22:35:20.615+0000] {dagbag.py:588} INFO - Filling up the DagBag from /home/airflow/.local/lib/python3.12/site-packages/airflow/example_dags/example_local_kubernetes_executor.py
[2025-07-01T22:35:20.624+0000] {processor.py:925} INFO - DAG(s) 'example_local_kubernetes_executor' retrieved from /home/airflow/.local/lib/python3.12/site-packages/airflow/example_dags/example_local_kubernetes_executor.py
[2025-07-01T22:35:20.650+0000] {logging_mixin.py:190} INFO - [2025-07-01T22:35:20.649+0000] {dag.py:3239} INFO - Sync 1 DAGs
[2025-07-01T22:35:20.662+0000] {logging_mixin.py:190} INFO - [2025-07-01T22:35:20.662+0000] {dag.py:4180} INFO - Setting next_dagrun for example_local_kubernetes_executor to None, run_after=None
[2025-07-01T22:35:20.682+0000] {processor.py:208} INFO - Processing /home/airflow/.local/lib/python3.12/site-packages/airflow/example_dags/example_local_kubernetes_executor.py took 0.076 seconds
[2025-07-01T22:35:51.419+0000] {processor.py:186} INFO - Started process (PID=422) to work on /home/airflow/.local/lib/python3.12/site-packages/airflow/example_dags/example_local_kubernetes_executor.py
[2025-07-01T22:35:51.421+0000] {processor.py:914} INFO - Processing file /home/airflow/.local/lib/python3.12/site-packages/airflow/example_dags/example_local_kubernetes_executor.py for tasks to queue
[2025-07-01T22:35:51.424+0000] {logging_mixin.py:190} INFO - [2025-07-01T22:35:51.424+0000] {dagbag.py:588} INFO - Filling up the DagBag from /home/airflow/.local/lib/python3.12/site-packages/airflow/example_dags/example_local_kubernetes_executor.py
[2025-07-01T22:35:51.434+0000] {processor.py:925} INFO - DAG(s) 'example_local_kubernetes_executor' retrieved from /home/airflow/.local/lib/python3.12/site-packages/airflow/example_dags/example_local_kubernetes_executor.py
[2025-07-01T22:35:51.463+0000] {logging_mixin.py:190} INFO - [2025-07-01T22:35:51.463+0000] {dag.py:3239} INFO - Sync 1 DAGs
[2025-07-01T22:35:51.476+0000] {logging_mixin.py:190} INFO - [2025-07-01T22:35:51.475+0000] {dag.py:4180} INFO - Setting next_dagrun for example_local_kubernetes_executor to None, run_after=None
[2025-07-01T22:35:51.495+0000] {processor.py:208} INFO - Processing /home/airflow/.local/lib/python3.12/site-packages/airflow/example_dags/example_local_kubernetes_executor.py took 0.082 seconds
[2025-07-01T22:36:22.412+0000] {processor.py:186} INFO - Started process (PID=486) to work on /home/airflow/.local/lib/python3.12/site-packages/airflow/example_dags/example_local_kubernetes_executor.py
[2025-07-01T22:36:22.414+0000] {processor.py:914} INFO - Processing file /home/airflow/.local/lib/python3.12/site-packages/airflow/example_dags/example_local_kubernetes_executor.py for tasks to queue
[2025-07-01T22:36:22.417+0000] {logging_mixin.py:190} INFO - [2025-07-01T22:36:22.416+0000] {dagbag.py:588} INFO - Filling up the DagBag from /home/airflow/.local/lib/python3.12/site-packages/airflow/example_dags/example_local_kubernetes_executor.py
[2025-07-01T22:36:22.430+0000] {processor.py:925} INFO - DAG(s) 'example_local_kubernetes_executor' retrieved from /home/airflow/.local/lib/python3.12/site-packages/airflow/example_dags/example_local_kubernetes_executor.py
[2025-07-01T22:36:22.460+0000] {logging_mixin.py:190} INFO - [2025-07-01T22:36:22.460+0000] {dag.py:3239} INFO - Sync 1 DAGs
[2025-07-01T22:36:22.473+0000] {logging_mixin.py:190} INFO - [2025-07-01T22:36:22.472+0000] {dag.py:4180} INFO - Setting next_dagrun for example_local_kubernetes_executor to None, run_after=None
[2025-07-01T22:36:22.492+0000] {processor.py:208} INFO - Processing /home/airflow/.local/lib/python3.12/site-packages/airflow/example_dags/example_local_kubernetes_executor.py took 0.088 seconds
[2025-07-01T22:36:53.332+0000] {processor.py:186} INFO - Started process (PID=550) to work on /home/airflow/.local/lib/python3.12/site-packages/airflow/example_dags/example_local_kubernetes_executor.py
[2025-07-01T22:36:53.333+0000] {processor.py:914} INFO - Processing file /home/airflow/.local/lib/python3.12/site-packages/airflow/example_dags/example_local_kubernetes_executor.py for tasks to queue
[2025-07-01T22:36:53.336+0000] {logging_mixin.py:190} INFO - [2025-07-01T22:36:53.335+0000] {dagbag.py:588} INFO - Filling up the DagBag from /home/airflow/.local/lib/python3.12/site-packages/airflow/example_dags/example_local_kubernetes_executor.py
[2025-07-01T22:36:53.344+0000] {processor.py:925} INFO - DAG(s) 'example_local_kubernetes_executor' retrieved from /home/airflow/.local/lib/python3.12/site-packages/airflow/example_dags/example_local_kubernetes_executor.py
[2025-07-01T22:36:53.374+0000] {logging_mixin.py:190} INFO - [2025-07-01T22:36:53.374+0000] {dag.py:3239} INFO - Sync 1 DAGs
[2025-07-01T22:36:53.387+0000] {logging_mixin.py:190} INFO - [2025-07-01T22:36:53.387+0000] {dag.py:4180} INFO - Setting next_dagrun for example_local_kubernetes_executor to None, run_after=None
[2025-07-01T22:36:53.409+0000] {processor.py:208} INFO - Processing /home/airflow/.local/lib/python3.12/site-packages/airflow/example_dags/example_local_kubernetes_executor.py took 0.082 seconds
[2025-07-01T22:37:24.150+0000] {processor.py:186} INFO - Started process (PID=614) to work on /home/airflow/.local/lib/python3.12/site-packages/airflow/example_dags/example_local_kubernetes_executor.py
[2025-07-01T22:37:24.151+0000] {processor.py:914} INFO - Processing file /home/airflow/.local/lib/python3.12/site-packages/airflow/example_dags/example_local_kubernetes_executor.py for tasks to queue
[2025-07-01T22:37:24.153+0000] {logging_mixin.py:190} INFO - [2025-07-01T22:37:24.153+0000] {dagbag.py:588} INFO - Filling up the DagBag from /home/airflow/.local/lib/python3.12/site-packages/airflow/example_dags/example_local_kubernetes_executor.py
[2025-07-01T22:37:24.161+0000] {processor.py:925} INFO - DAG(s) 'example_local_kubernetes_executor' retrieved from /home/airflow/.local/lib/python3.12/site-packages/airflow/example_dags/example_local_kubernetes_executor.py
[2025-07-01T22:37:24.189+0000] {logging_mixin.py:190} INFO - [2025-07-01T22:37:24.189+0000] {dag.py:3239} INFO - Sync 1 DAGs
[2025-07-01T22:37:24.201+0000] {logging_mixin.py:190} INFO - [2025-07-01T22:37:24.201+0000] {dag.py:4180} INFO - Setting next_dagrun for example_local_kubernetes_executor to None, run_after=None
[2025-07-01T22:37:24.218+0000] {processor.py:208} INFO - Processing /home/airflow/.local/lib/python3.12/site-packages/airflow/example_dags/example_local_kubernetes_executor.py took 0.073 seconds
[2025-07-01T22:37:55.196+0000] {processor.py:186} INFO - Started process (PID=678) to work on /home/airflow/.local/lib/python3.12/site-packages/airflow/example_dags/example_local_kubernetes_executor.py
[2025-07-01T22:37:55.197+0000] {processor.py:914} INFO - Processing file /home/airflow/.local/lib/python3.12/site-packages/airflow/example_dags/example_local_kubernetes_executor.py for tasks to queue
[2025-07-01T22:37:55.200+0000] {logging_mixin.py:190} INFO - [2025-07-01T22:37:55.200+0000] {dagbag.py:588} INFO - Filling up the DagBag from /home/airflow/.local/lib/python3.12/site-packages/airflow/example_dags/example_local_kubernetes_executor.py
[2025-07-01T22:37:55.210+0000] {processor.py:925} INFO - DAG(s) 'example_local_kubernetes_executor' retrieved from /home/airflow/.local/lib/python3.12/site-packages/airflow/example_dags/example_local_kubernetes_executor.py
[2025-07-01T22:37:55.239+0000] {logging_mixin.py:190} INFO - [2025-07-01T22:37:55.239+0000] {dag.py:3239} INFO - Sync 1 DAGs
[2025-07-01T22:37:55.252+0000] {logging_mixin.py:190} INFO - [2025-07-01T22:37:55.251+0000] {dag.py:4180} INFO - Setting next_dagrun for example_local_kubernetes_executor to None, run_after=None
[2025-07-01T22:37:55.272+0000] {processor.py:208} INFO - Processing /home/airflow/.local/lib/python3.12/site-packages/airflow/example_dags/example_local_kubernetes_executor.py took 0.085 seconds
[2025-07-01T22:38:25.574+0000] {processor.py:186} INFO - Started process (PID=742) to work on /home/airflow/.local/lib/python3.12/site-packages/airflow/example_dags/example_local_kubernetes_executor.py
[2025-07-01T22:38:25.575+0000] {processor.py:914} INFO - Processing file /home/airflow/.local/lib/python3.12/site-packages/airflow/example_dags/example_local_kubernetes_executor.py for tasks to queue
[2025-07-01T22:38:25.577+0000] {logging_mixin.py:190} INFO - [2025-07-01T22:38:25.577+0000] {dagbag.py:588} INFO - Filling up the DagBag from /home/airflow/.local/lib/python3.12/site-packages/airflow/example_dags/example_local_kubernetes_executor.py
[2025-07-01T22:38:25.586+0000] {processor.py:925} INFO - DAG(s) 'example_local_kubernetes_executor' retrieved from /home/airflow/.local/lib/python3.12/site-packages/airflow/example_dags/example_local_kubernetes_executor.py
[2025-07-01T22:38:25.611+0000] {logging_mixin.py:190} INFO - [2025-07-01T22:38:25.611+0000] {dag.py:3239} INFO - Sync 1 DAGs
[2025-07-01T22:38:25.623+0000] {logging_mixin.py:190} INFO - [2025-07-01T22:38:25.623+0000] {dag.py:4180} INFO - Setting next_dagrun for example_local_kubernetes_executor to None, run_after=None
[2025-07-01T22:38:25.642+0000] {processor.py:208} INFO - Processing /home/airflow/.local/lib/python3.12/site-packages/airflow/example_dags/example_local_kubernetes_executor.py took 0.073 seconds
[2025-07-01T22:38:55.680+0000] {processor.py:186} INFO - Started process (PID=806) to work on /home/airflow/.local/lib/python3.12/site-packages/airflow/example_dags/example_local_kubernetes_executor.py
[2025-07-01T22:38:55.681+0000] {processor.py:914} INFO - Processing file /home/airflow/.local/lib/python3.12/site-packages/airflow/example_dags/example_local_kubernetes_executor.py for tasks to queue
[2025-07-01T22:38:55.683+0000] {logging_mixin.py:190} INFO - [2025-07-01T22:38:55.683+0000] {dagbag.py:588} INFO - Filling up the DagBag from /home/airflow/.local/lib/python3.12/site-packages/airflow/example_dags/example_local_kubernetes_executor.py
[2025-07-01T22:38:55.691+0000] {processor.py:925} INFO - DAG(s) 'example_local_kubernetes_executor' retrieved from /home/airflow/.local/lib/python3.12/site-packages/airflow/example_dags/example_local_kubernetes_executor.py
[2025-07-01T22:38:55.717+0000] {logging_mixin.py:190} INFO - [2025-07-01T22:38:55.717+0000] {dag.py:3239} INFO - Sync 1 DAGs
[2025-07-01T22:38:55.729+0000] {logging_mixin.py:190} INFO - [2025-07-01T22:38:55.729+0000] {dag.py:4180} INFO - Setting next_dagrun for example_local_kubernetes_executor to None, run_after=None
[2025-07-01T22:38:55.748+0000] {processor.py:208} INFO - Processing /home/airflow/.local/lib/python3.12/site-packages/airflow/example_dags/example_local_kubernetes_executor.py took 0.072 seconds
[2025-07-01T22:39:26.096+0000] {processor.py:186} INFO - Started process (PID=870) to work on /home/airflow/.local/lib/python3.12/site-packages/airflow/example_dags/example_local_kubernetes_executor.py
[2025-07-01T22:39:26.097+0000] {processor.py:914} INFO - Processing file /home/airflow/.local/lib/python3.12/site-packages/airflow/example_dags/example_local_kubernetes_executor.py for tasks to queue
[2025-07-01T22:39:26.099+0000] {logging_mixin.py:190} INFO - [2025-07-01T22:39:26.099+0000] {dagbag.py:588} INFO - Filling up the DagBag from /home/airflow/.local/lib/python3.12/site-packages/airflow/example_dags/example_local_kubernetes_executor.py
[2025-07-01T22:39:26.108+0000] {processor.py:925} INFO - DAG(s) 'example_local_kubernetes_executor' retrieved from /home/airflow/.local/lib/python3.12/site-packages/airflow/example_dags/example_local_kubernetes_executor.py
[2025-07-01T22:39:26.134+0000] {logging_mixin.py:190} INFO - [2025-07-01T22:39:26.134+0000] {dag.py:3239} INFO - Sync 1 DAGs
[2025-07-01T22:39:26.145+0000] {logging_mixin.py:190} INFO - [2025-07-01T22:39:26.145+0000] {dag.py:4180} INFO - Setting next_dagrun for example_local_kubernetes_executor to None, run_after=None
[2025-07-01T22:39:26.165+0000] {processor.py:208} INFO - Processing /home/airflow/.local/lib/python3.12/site-packages/airflow/example_dags/example_local_kubernetes_executor.py took 0.075 seconds
[2025-07-01T22:39:57.085+0000] {processor.py:186} INFO - Started process (PID=934) to work on /home/airflow/.local/lib/python3.12/site-packages/airflow/example_dags/example_local_kubernetes_executor.py
[2025-07-01T22:39:57.086+0000] {processor.py:914} INFO - Processing file /home/airflow/.local/lib/python3.12/site-packages/airflow/example_dags/example_local_kubernetes_executor.py for tasks to queue
[2025-07-01T22:39:57.088+0000] {logging_mixin.py:190} INFO - [2025-07-01T22:39:57.088+0000] {dagbag.py:588} INFO - Filling up the DagBag from /home/airflow/.local/lib/python3.12/site-packages/airflow/example_dags/example_local_kubernetes_executor.py
[2025-07-01T22:39:57.099+0000] {processor.py:925} INFO - DAG(s) 'example_local_kubernetes_executor' retrieved from /home/airflow/.local/lib/python3.12/site-packages/airflow/example_dags/example_local_kubernetes_executor.py
[2025-07-01T22:39:57.127+0000] {logging_mixin.py:190} INFO - [2025-07-01T22:39:57.127+0000] {dag.py:3239} INFO - Sync 1 DAGs
[2025-07-01T22:39:57.140+0000] {logging_mixin.py:190} INFO - [2025-07-01T22:39:57.140+0000] {dag.py:4180} INFO - Setting next_dagrun for example_local_kubernetes_executor to None, run_after=None
[2025-07-01T22:39:57.160+0000] {processor.py:208} INFO - Processing /home/airflow/.local/lib/python3.12/site-packages/airflow/example_dags/example_local_kubernetes_executor.py took 0.081 seconds
[2025-07-01T22:40:27.471+0000] {processor.py:186} INFO - Started process (PID=998) to work on /home/airflow/.local/lib/python3.12/site-packages/airflow/example_dags/example_local_kubernetes_executor.py
[2025-07-01T22:40:27.471+0000] {processor.py:914} INFO - Processing file /home/airflow/.local/lib/python3.12/site-packages/airflow/example_dags/example_local_kubernetes_executor.py for tasks to queue
[2025-07-01T22:40:27.473+0000] {logging_mixin.py:190} INFO - [2025-07-01T22:40:27.473+0000] {dagbag.py:588} INFO - Filling up the DagBag from /home/airflow/.local/lib/python3.12/site-packages/airflow/example_dags/example_local_kubernetes_executor.py
[2025-07-01T22:40:27.482+0000] {processor.py:925} INFO - DAG(s) 'example_local_kubernetes_executor' retrieved from /home/airflow/.local/lib/python3.12/site-packages/airflow/example_dags/example_local_kubernetes_executor.py
[2025-07-01T22:40:27.507+0000] {logging_mixin.py:190} INFO - [2025-07-01T22:40:27.507+0000] {dag.py:3239} INFO - Sync 1 DAGs
[2025-07-01T22:40:27.520+0000] {logging_mixin.py:190} INFO - [2025-07-01T22:40:27.520+0000] {dag.py:4180} INFO - Setting next_dagrun for example_local_kubernetes_executor to None, run_after=None
[2025-07-01T22:40:27.537+0000] {processor.py:208} INFO - Processing /home/airflow/.local/lib/python3.12/site-packages/airflow/example_dags/example_local_kubernetes_executor.py took 0.072 seconds
[2025-07-01T22:40:57.806+0000] {processor.py:186} INFO - Started process (PID=1062) to work on /home/airflow/.local/lib/python3.12/site-packages/airflow/example_dags/example_local_kubernetes_executor.py
[2025-07-01T22:40:57.807+0000] {processor.py:914} INFO - Processing file /home/airflow/.local/lib/python3.12/site-packages/airflow/example_dags/example_local_kubernetes_executor.py for tasks to queue
[2025-07-01T22:40:57.810+0000] {logging_mixin.py:190} INFO - [2025-07-01T22:40:57.810+0000] {dagbag.py:588} INFO - Filling up the DagBag from /home/airflow/.local/lib/python3.12/site-packages/airflow/example_dags/example_local_kubernetes_executor.py
[2025-07-01T22:40:57.819+0000] {processor.py:925} INFO - DAG(s) 'example_local_kubernetes_executor' retrieved from /home/airflow/.local/lib/python3.12/site-packages/airflow/example_dags/example_local_kubernetes_executor.py
[2025-07-01T22:40:57.848+0000] {logging_mixin.py:190} INFO - [2025-07-01T22:40:57.848+0000] {dag.py:3239} INFO - Sync 1 DAGs
[2025-07-01T22:40:57.862+0000] {logging_mixin.py:190} INFO - [2025-07-01T22:40:57.861+0000] {dag.py:4180} INFO - Setting next_dagrun for example_local_kubernetes_executor to None, run_after=None
[2025-07-01T22:40:57.884+0000] {processor.py:208} INFO - Processing /home/airflow/.local/lib/python3.12/site-packages/airflow/example_dags/example_local_kubernetes_executor.py took 0.083 seconds
[2025-07-01T22:41:28.508+0000] {processor.py:186} INFO - Started process (PID=1126) to work on /home/airflow/.local/lib/python3.12/site-packages/airflow/example_dags/example_local_kubernetes_executor.py
[2025-07-01T22:41:28.509+0000] {processor.py:914} INFO - Processing file /home/airflow/.local/lib/python3.12/site-packages/airflow/example_dags/example_local_kubernetes_executor.py for tasks to queue
[2025-07-01T22:41:28.512+0000] {logging_mixin.py:190} INFO - [2025-07-01T22:41:28.511+0000] {dagbag.py:588} INFO - Filling up the DagBag from /home/airflow/.local/lib/python3.12/site-packages/airflow/example_dags/example_local_kubernetes_executor.py
[2025-07-01T22:41:28.521+0000] {processor.py:925} INFO - DAG(s) 'example_local_kubernetes_executor' retrieved from /home/airflow/.local/lib/python3.12/site-packages/airflow/example_dags/example_local_kubernetes_executor.py
[2025-07-01T22:41:28.548+0000] {logging_mixin.py:190} INFO - [2025-07-01T22:41:28.548+0000] {dag.py:3239} INFO - Sync 1 DAGs
[2025-07-01T22:41:28.561+0000] {logging_mixin.py:190} INFO - [2025-07-01T22:41:28.561+0000] {dag.py:4180} INFO - Setting next_dagrun for example_local_kubernetes_executor to None, run_after=None
[2025-07-01T22:41:28.582+0000] {processor.py:208} INFO - Processing /home/airflow/.local/lib/python3.12/site-packages/airflow/example_dags/example_local_kubernetes_executor.py took 0.078 seconds
[2025-07-01T22:41:59.269+0000] {processor.py:186} INFO - Started process (PID=1190) to work on /home/airflow/.local/lib/python3.12/site-packages/airflow/example_dags/example_local_kubernetes_executor.py
[2025-07-01T22:41:59.270+0000] {processor.py:914} INFO - Processing file /home/airflow/.local/lib/python3.12/site-packages/airflow/example_dags/example_local_kubernetes_executor.py for tasks to queue
[2025-07-01T22:41:59.272+0000] {logging_mixin.py:190} INFO - [2025-07-01T22:41:59.272+0000] {dagbag.py:588} INFO - Filling up the DagBag from /home/airflow/.local/lib/python3.12/site-packages/airflow/example_dags/example_local_kubernetes_executor.py
[2025-07-01T22:41:59.281+0000] {processor.py:925} INFO - DAG(s) 'example_local_kubernetes_executor' retrieved from /home/airflow/.local/lib/python3.12/site-packages/airflow/example_dags/example_local_kubernetes_executor.py
[2025-07-01T22:41:59.308+0000] {logging_mixin.py:190} INFO - [2025-07-01T22:41:59.308+0000] {dag.py:3239} INFO - Sync 1 DAGs
[2025-07-01T22:41:59.321+0000] {logging_mixin.py:190} INFO - [2025-07-01T22:41:59.321+0000] {dag.py:4180} INFO - Setting next_dagrun for example_local_kubernetes_executor to None, run_after=None
[2025-07-01T22:41:59.340+0000] {processor.py:208} INFO - Processing /home/airflow/.local/lib/python3.12/site-packages/airflow/example_dags/example_local_kubernetes_executor.py took 0.078 seconds
[2025-07-01T22:42:30.103+0000] {processor.py:186} INFO - Started process (PID=1254) to work on /home/airflow/.local/lib/python3.12/site-packages/airflow/example_dags/example_local_kubernetes_executor.py
[2025-07-01T22:42:30.105+0000] {processor.py:914} INFO - Processing file /home/airflow/.local/lib/python3.12/site-packages/airflow/example_dags/example_local_kubernetes_executor.py for tasks to queue
[2025-07-01T22:42:30.108+0000] {logging_mixin.py:190} INFO - [2025-07-01T22:42:30.107+0000] {dagbag.py:588} INFO - Filling up the DagBag from /home/airflow/.local/lib/python3.12/site-packages/airflow/example_dags/example_local_kubernetes_executor.py
[2025-07-01T22:42:30.117+0000] {processor.py:925} INFO - DAG(s) 'example_local_kubernetes_executor' retrieved from /home/airflow/.local/lib/python3.12/site-packages/airflow/example_dags/example_local_kubernetes_executor.py
[2025-07-01T22:42:30.148+0000] {logging_mixin.py:190} INFO - [2025-07-01T22:42:30.148+0000] {dag.py:3239} INFO - Sync 1 DAGs
[2025-07-01T22:42:30.161+0000] {logging_mixin.py:190} INFO - [2025-07-01T22:42:30.161+0000] {dag.py:4180} INFO - Setting next_dagrun for example_local_kubernetes_executor to None, run_after=None
[2025-07-01T22:42:30.181+0000] {processor.py:208} INFO - Processing /home/airflow/.local/lib/python3.12/site-packages/airflow/example_dags/example_local_kubernetes_executor.py took 0.083 seconds
[2025-07-01T22:43:01.267+0000] {processor.py:186} INFO - Started process (PID=1318) to work on /home/airflow/.local/lib/python3.12/site-packages/airflow/example_dags/example_local_kubernetes_executor.py
[2025-07-01T22:43:01.268+0000] {processor.py:914} INFO - Processing file /home/airflow/.local/lib/python3.12/site-packages/airflow/example_dags/example_local_kubernetes_executor.py for tasks to queue
[2025-07-01T22:43:01.270+0000] {logging_mixin.py:190} INFO - [2025-07-01T22:43:01.269+0000] {dagbag.py:588} INFO - Filling up the DagBag from /home/airflow/.local/lib/python3.12/site-packages/airflow/example_dags/example_local_kubernetes_executor.py
[2025-07-01T22:43:01.278+0000] {processor.py:925} INFO - DAG(s) 'example_local_kubernetes_executor' retrieved from /home/airflow/.local/lib/python3.12/site-packages/airflow/example_dags/example_local_kubernetes_executor.py
[2025-07-01T22:43:01.304+0000] {logging_mixin.py:190} INFO - [2025-07-01T22:43:01.304+0000] {dag.py:3239} INFO - Sync 1 DAGs
[2025-07-01T22:43:01.316+0000] {logging_mixin.py:190} INFO - [2025-07-01T22:43:01.315+0000] {dag.py:4180} INFO - Setting next_dagrun for example_local_kubernetes_executor to None, run_after=None
[2025-07-01T22:43:01.335+0000] {processor.py:208} INFO - Processing /home/airflow/.local/lib/python3.12/site-packages/airflow/example_dags/example_local_kubernetes_executor.py took 0.073 seconds
[2025-07-01T22:43:31.838+0000] {processor.py:186} INFO - Started process (PID=1382) to work on /home/airflow/.local/lib/python3.12/site-packages/airflow/example_dags/example_local_kubernetes_executor.py
[2025-07-01T22:43:31.839+0000] {processor.py:914} INFO - Processing file /home/airflow/.local/lib/python3.12/site-packages/airflow/example_dags/example_local_kubernetes_executor.py for tasks to queue
[2025-07-01T22:43:31.841+0000] {logging_mixin.py:190} INFO - [2025-07-01T22:43:31.841+0000] {dagbag.py:588} INFO - Filling up the DagBag from /home/airflow/.local/lib/python3.12/site-packages/airflow/example_dags/example_local_kubernetes_executor.py
[2025-07-01T22:43:31.850+0000] {processor.py:925} INFO - DAG(s) 'example_local_kubernetes_executor' retrieved from /home/airflow/.local/lib/python3.12/site-packages/airflow/example_dags/example_local_kubernetes_executor.py
[2025-07-01T22:43:31.879+0000] {logging_mixin.py:190} INFO - [2025-07-01T22:43:31.879+0000] {dag.py:3239} INFO - Sync 1 DAGs
[2025-07-01T22:43:31.893+0000] {logging_mixin.py:190} INFO - [2025-07-01T22:43:31.892+0000] {dag.py:4180} INFO - Setting next_dagrun for example_local_kubernetes_executor to None, run_after=None
[2025-07-01T22:43:31.910+0000] {processor.py:208} INFO - Processing /home/airflow/.local/lib/python3.12/site-packages/airflow/example_dags/example_local_kubernetes_executor.py took 0.077 seconds
[2025-07-01T22:44:02.626+0000] {processor.py:186} INFO - Started process (PID=1446) to work on /home/airflow/.local/lib/python3.12/site-packages/airflow/example_dags/example_local_kubernetes_executor.py
[2025-07-01T22:44:02.628+0000] {processor.py:914} INFO - Processing file /home/airflow/.local/lib/python3.12/site-packages/airflow/example_dags/example_local_kubernetes_executor.py for tasks to queue
[2025-07-01T22:44:02.630+0000] {logging_mixin.py:190} INFO - [2025-07-01T22:44:02.630+0000] {dagbag.py:588} INFO - Filling up the DagBag from /home/airflow/.local/lib/python3.12/site-packages/airflow/example_dags/example_local_kubernetes_executor.py
[2025-07-01T22:44:02.640+0000] {processor.py:925} INFO - DAG(s) 'example_local_kubernetes_executor' retrieved from /home/airflow/.local/lib/python3.12/site-packages/airflow/example_dags/example_local_kubernetes_executor.py
[2025-07-01T22:44:02.671+0000] {logging_mixin.py:190} INFO - [2025-07-01T22:44:02.671+0000] {dag.py:3239} INFO - Sync 1 DAGs
[2025-07-01T22:44:02.685+0000] {logging_mixin.py:190} INFO - [2025-07-01T22:44:02.684+0000] {dag.py:4180} INFO - Setting next_dagrun for example_local_kubernetes_executor to None, run_after=None
[2025-07-01T22:44:02.711+0000] {processor.py:208} INFO - Processing /home/airflow/.local/lib/python3.12/site-packages/airflow/example_dags/example_local_kubernetes_executor.py took 0.092 seconds
[2025-07-01T22:44:33.286+0000] {processor.py:186} INFO - Started process (PID=1510) to work on /home/airflow/.local/lib/python3.12/site-packages/airflow/example_dags/example_local_kubernetes_executor.py
[2025-07-01T22:44:33.287+0000] {processor.py:914} INFO - Processing file /home/airflow/.local/lib/python3.12/site-packages/airflow/example_dags/example_local_kubernetes_executor.py for tasks to queue
[2025-07-01T22:44:33.289+0000] {logging_mixin.py:190} INFO - [2025-07-01T22:44:33.289+0000] {dagbag.py:588} INFO - Filling up the DagBag from /home/airflow/.local/lib/python3.12/site-packages/airflow/example_dags/example_local_kubernetes_executor.py
[2025-07-01T22:44:33.299+0000] {processor.py:925} INFO - DAG(s) 'example_local_kubernetes_executor' retrieved from /home/airflow/.local/lib/python3.12/site-packages/airflow/example_dags/example_local_kubernetes_executor.py
[2025-07-01T22:44:33.327+0000] {logging_mixin.py:190} INFO - [2025-07-01T22:44:33.327+0000] {dag.py:3239} INFO - Sync 1 DAGs
[2025-07-01T22:44:33.340+0000] {logging_mixin.py:190} INFO - [2025-07-01T22:44:33.340+0000] {dag.py:4180} INFO - Setting next_dagrun for example_local_kubernetes_executor to None, run_after=None
[2025-07-01T22:44:33.360+0000] {processor.py:208} INFO - Processing /home/airflow/.local/lib/python3.12/site-packages/airflow/example_dags/example_local_kubernetes_executor.py took 0.079 seconds
[2025-07-01T22:45:03.932+0000] {processor.py:186} INFO - Started process (PID=1574) to work on /home/airflow/.local/lib/python3.12/site-packages/airflow/example_dags/example_local_kubernetes_executor.py
[2025-07-01T22:45:03.933+0000] {processor.py:914} INFO - Processing file /home/airflow/.local/lib/python3.12/site-packages/airflow/example_dags/example_local_kubernetes_executor.py for tasks to queue
[2025-07-01T22:45:03.935+0000] {logging_mixin.py:190} INFO - [2025-07-01T22:45:03.935+0000] {dagbag.py:588} INFO - Filling up the DagBag from /home/airflow/.local/lib/python3.12/site-packages/airflow/example_dags/example_local_kubernetes_executor.py
[2025-07-01T22:45:03.944+0000] {processor.py:925} INFO - DAG(s) 'example_local_kubernetes_executor' retrieved from /home/airflow/.local/lib/python3.12/site-packages/airflow/example_dags/example_local_kubernetes_executor.py
[2025-07-01T22:45:03.970+0000] {logging_mixin.py:190} INFO - [2025-07-01T22:45:03.970+0000] {dag.py:3239} INFO - Sync 1 DAGs
[2025-07-01T22:45:03.982+0000] {logging_mixin.py:190} INFO - [2025-07-01T22:45:03.981+0000] {dag.py:4180} INFO - Setting next_dagrun for example_local_kubernetes_executor to None, run_after=None
[2025-07-01T22:45:04.002+0000] {processor.py:208} INFO - Processing /home/airflow/.local/lib/python3.12/site-packages/airflow/example_dags/example_local_kubernetes_executor.py took 0.074 seconds
[2025-07-01T22:45:34.766+0000] {processor.py:186} INFO - Started process (PID=1638) to work on /home/airflow/.local/lib/python3.12/site-packages/airflow/example_dags/example_local_kubernetes_executor.py
[2025-07-01T22:45:34.767+0000] {processor.py:914} INFO - Processing file /home/airflow/.local/lib/python3.12/site-packages/airflow/example_dags/example_local_kubernetes_executor.py for tasks to queue
[2025-07-01T22:45:34.769+0000] {logging_mixin.py:190} INFO - [2025-07-01T22:45:34.769+0000] {dagbag.py:588} INFO - Filling up the DagBag from /home/airflow/.local/lib/python3.12/site-packages/airflow/example_dags/example_local_kubernetes_executor.py
[2025-07-01T22:45:34.780+0000] {processor.py:925} INFO - DAG(s) 'example_local_kubernetes_executor' retrieved from /home/airflow/.local/lib/python3.12/site-packages/airflow/example_dags/example_local_kubernetes_executor.py
[2025-07-01T22:45:34.818+0000] {logging_mixin.py:190} INFO - [2025-07-01T22:45:34.818+0000] {dag.py:3239} INFO - Sync 1 DAGs
[2025-07-01T22:45:34.836+0000] {logging_mixin.py:190} INFO - [2025-07-01T22:45:34.835+0000] {dag.py:4180} INFO - Setting next_dagrun for example_local_kubernetes_executor to None, run_after=None
[2025-07-01T22:45:34.857+0000] {processor.py:208} INFO - Processing /home/airflow/.local/lib/python3.12/site-packages/airflow/example_dags/example_local_kubernetes_executor.py took 0.097 seconds
[2025-07-01T22:46:05.528+0000] {processor.py:186} INFO - Started process (PID=1702) to work on /home/airflow/.local/lib/python3.12/site-packages/airflow/example_dags/example_local_kubernetes_executor.py
[2025-07-01T22:46:05.529+0000] {processor.py:914} INFO - Processing file /home/airflow/.local/lib/python3.12/site-packages/airflow/example_dags/example_local_kubernetes_executor.py for tasks to queue
[2025-07-01T22:46:05.532+0000] {logging_mixin.py:190} INFO - [2025-07-01T22:46:05.531+0000] {dagbag.py:588} INFO - Filling up the DagBag from /home/airflow/.local/lib/python3.12/site-packages/airflow/example_dags/example_local_kubernetes_executor.py
[2025-07-01T22:46:05.540+0000] {processor.py:925} INFO - DAG(s) 'example_local_kubernetes_executor' retrieved from /home/airflow/.local/lib/python3.12/site-packages/airflow/example_dags/example_local_kubernetes_executor.py
[2025-07-01T22:46:05.566+0000] {logging_mixin.py:190} INFO - [2025-07-01T22:46:05.566+0000] {dag.py:3239} INFO - Sync 1 DAGs
[2025-07-01T22:46:05.579+0000] {logging_mixin.py:190} INFO - [2025-07-01T22:46:05.579+0000] {dag.py:4180} INFO - Setting next_dagrun for example_local_kubernetes_executor to None, run_after=None
[2025-07-01T22:46:05.598+0000] {processor.py:208} INFO - Processing /home/airflow/.local/lib/python3.12/site-packages/airflow/example_dags/example_local_kubernetes_executor.py took 0.075 seconds
[2025-07-01T22:46:36.432+0000] {processor.py:186} INFO - Started process (PID=1766) to work on /home/airflow/.local/lib/python3.12/site-packages/airflow/example_dags/example_local_kubernetes_executor.py
[2025-07-01T22:46:36.434+0000] {processor.py:914} INFO - Processing file /home/airflow/.local/lib/python3.12/site-packages/airflow/example_dags/example_local_kubernetes_executor.py for tasks to queue
[2025-07-01T22:46:36.436+0000] {logging_mixin.py:190} INFO - [2025-07-01T22:46:36.436+0000] {dagbag.py:588} INFO - Filling up the DagBag from /home/airflow/.local/lib/python3.12/site-packages/airflow/example_dags/example_local_kubernetes_executor.py
[2025-07-01T22:46:36.447+0000] {processor.py:925} INFO - DAG(s) 'example_local_kubernetes_executor' retrieved from /home/airflow/.local/lib/python3.12/site-packages/airflow/example_dags/example_local_kubernetes_executor.py
[2025-07-01T22:46:36.475+0000] {logging_mixin.py:190} INFO - [2025-07-01T22:46:36.475+0000] {dag.py:3239} INFO - Sync 1 DAGs
[2025-07-01T22:46:36.488+0000] {logging_mixin.py:190} INFO - [2025-07-01T22:46:36.487+0000] {dag.py:4180} INFO - Setting next_dagrun for example_local_kubernetes_executor to None, run_after=None
[2025-07-01T22:46:36.505+0000] {processor.py:208} INFO - Processing /home/airflow/.local/lib/python3.12/site-packages/airflow/example_dags/example_local_kubernetes_executor.py took 0.079 seconds
[2025-07-01T22:47:07.318+0000] {processor.py:186} INFO - Started process (PID=1830) to work on /home/airflow/.local/lib/python3.12/site-packages/airflow/example_dags/example_local_kubernetes_executor.py
[2025-07-01T22:47:07.319+0000] {processor.py:914} INFO - Processing file /home/airflow/.local/lib/python3.12/site-packages/airflow/example_dags/example_local_kubernetes_executor.py for tasks to queue
[2025-07-01T22:47:07.321+0000] {logging_mixin.py:190} INFO - [2025-07-01T22:47:07.321+0000] {dagbag.py:588} INFO - Filling up the DagBag from /home/airflow/.local/lib/python3.12/site-packages/airflow/example_dags/example_local_kubernetes_executor.py
[2025-07-01T22:47:07.330+0000] {processor.py:925} INFO - DAG(s) 'example_local_kubernetes_executor' retrieved from /home/airflow/.local/lib/python3.12/site-packages/airflow/example_dags/example_local_kubernetes_executor.py
[2025-07-01T22:47:07.359+0000] {logging_mixin.py:190} INFO - [2025-07-01T22:47:07.359+0000] {dag.py:3239} INFO - Sync 1 DAGs
[2025-07-01T22:47:07.371+0000] {logging_mixin.py:190} INFO - [2025-07-01T22:47:07.371+0000] {dag.py:4180} INFO - Setting next_dagrun for example_local_kubernetes_executor to None, run_after=None
[2025-07-01T22:47:07.389+0000] {processor.py:208} INFO - Processing /home/airflow/.local/lib/python3.12/site-packages/airflow/example_dags/example_local_kubernetes_executor.py took 0.077 seconds
[2025-07-01T22:47:38.120+0000] {processor.py:186} INFO - Started process (PID=1894) to work on /home/airflow/.local/lib/python3.12/site-packages/airflow/example_dags/example_local_kubernetes_executor.py
[2025-07-01T22:47:38.121+0000] {processor.py:914} INFO - Processing file /home/airflow/.local/lib/python3.12/site-packages/airflow/example_dags/example_local_kubernetes_executor.py for tasks to queue
[2025-07-01T22:47:38.125+0000] {logging_mixin.py:190} INFO - [2025-07-01T22:47:38.124+0000] {dagbag.py:588} INFO - Filling up the DagBag from /home/airflow/.local/lib/python3.12/site-packages/airflow/example_dags/example_local_kubernetes_executor.py
[2025-07-01T22:47:38.134+0000] {processor.py:925} INFO - DAG(s) 'example_local_kubernetes_executor' retrieved from /home/airflow/.local/lib/python3.12/site-packages/airflow/example_dags/example_local_kubernetes_executor.py
[2025-07-01T22:47:38.161+0000] {logging_mixin.py:190} INFO - [2025-07-01T22:47:38.161+0000] {dag.py:3239} INFO - Sync 1 DAGs
[2025-07-01T22:47:38.172+0000] {logging_mixin.py:190} INFO - [2025-07-01T22:47:38.172+0000] {dag.py:4180} INFO - Setting next_dagrun for example_local_kubernetes_executor to None, run_after=None
[2025-07-01T22:47:38.192+0000] {processor.py:208} INFO - Processing /home/airflow/.local/lib/python3.12/site-packages/airflow/example_dags/example_local_kubernetes_executor.py took 0.077 seconds
[2025-07-01T22:48:08.910+0000] {processor.py:186} INFO - Started process (PID=1958) to work on /home/airflow/.local/lib/python3.12/site-packages/airflow/example_dags/example_local_kubernetes_executor.py
[2025-07-01T22:48:08.911+0000] {processor.py:914} INFO - Processing file /home/airflow/.local/lib/python3.12/site-packages/airflow/example_dags/example_local_kubernetes_executor.py for tasks to queue
[2025-07-01T22:48:08.913+0000] {logging_mixin.py:190} INFO - [2025-07-01T22:48:08.912+0000] {dagbag.py:588} INFO - Filling up the DagBag from /home/airflow/.local/lib/python3.12/site-packages/airflow/example_dags/example_local_kubernetes_executor.py
[2025-07-01T22:48:08.921+0000] {processor.py:925} INFO - DAG(s) 'example_local_kubernetes_executor' retrieved from /home/airflow/.local/lib/python3.12/site-packages/airflow/example_dags/example_local_kubernetes_executor.py
[2025-07-01T22:48:08.949+0000] {logging_mixin.py:190} INFO - [2025-07-01T22:48:08.949+0000] {dag.py:3239} INFO - Sync 1 DAGs
[2025-07-01T22:48:08.961+0000] {logging_mixin.py:190} INFO - [2025-07-01T22:48:08.961+0000] {dag.py:4180} INFO - Setting next_dagrun for example_local_kubernetes_executor to None, run_after=None
[2025-07-01T22:48:09.234+0000] {processor.py:208} INFO - Processing /home/airflow/.local/lib/python3.12/site-packages/airflow/example_dags/example_local_kubernetes_executor.py took 0.330 seconds
[2025-07-01T22:48:40.181+0000] {processor.py:186} INFO - Started process (PID=2026) to work on /home/airflow/.local/lib/python3.12/site-packages/airflow/example_dags/example_local_kubernetes_executor.py
[2025-07-01T22:48:40.182+0000] {processor.py:914} INFO - Processing file /home/airflow/.local/lib/python3.12/site-packages/airflow/example_dags/example_local_kubernetes_executor.py for tasks to queue
[2025-07-01T22:48:40.184+0000] {logging_mixin.py:190} INFO - [2025-07-01T22:48:40.184+0000] {dagbag.py:588} INFO - Filling up the DagBag from /home/airflow/.local/lib/python3.12/site-packages/airflow/example_dags/example_local_kubernetes_executor.py
[2025-07-01T22:48:40.193+0000] {processor.py:925} INFO - DAG(s) 'example_local_kubernetes_executor' retrieved from /home/airflow/.local/lib/python3.12/site-packages/airflow/example_dags/example_local_kubernetes_executor.py
[2025-07-01T22:48:40.220+0000] {logging_mixin.py:190} INFO - [2025-07-01T22:48:40.220+0000] {dag.py:3239} INFO - Sync 1 DAGs
[2025-07-01T22:48:40.232+0000] {logging_mixin.py:190} INFO - [2025-07-01T22:48:40.232+0000] {dag.py:4180} INFO - Setting next_dagrun for example_local_kubernetes_executor to None, run_after=None
[2025-07-01T22:48:40.253+0000] {processor.py:208} INFO - Processing /home/airflow/.local/lib/python3.12/site-packages/airflow/example_dags/example_local_kubernetes_executor.py took 0.077 seconds
[2025-07-01T22:49:11.150+0000] {processor.py:186} INFO - Started process (PID=2091) to work on /home/airflow/.local/lib/python3.12/site-packages/airflow/example_dags/example_local_kubernetes_executor.py
[2025-07-01T22:49:11.152+0000] {processor.py:914} INFO - Processing file /home/airflow/.local/lib/python3.12/site-packages/airflow/example_dags/example_local_kubernetes_executor.py for tasks to queue
[2025-07-01T22:49:11.154+0000] {logging_mixin.py:190} INFO - [2025-07-01T22:49:11.154+0000] {dagbag.py:588} INFO - Filling up the DagBag from /home/airflow/.local/lib/python3.12/site-packages/airflow/example_dags/example_local_kubernetes_executor.py
[2025-07-01T22:49:11.164+0000] {processor.py:925} INFO - DAG(s) 'example_local_kubernetes_executor' retrieved from /home/airflow/.local/lib/python3.12/site-packages/airflow/example_dags/example_local_kubernetes_executor.py
[2025-07-01T22:49:11.192+0000] {logging_mixin.py:190} INFO - [2025-07-01T22:49:11.191+0000] {dag.py:3239} INFO - Sync 1 DAGs
[2025-07-01T22:49:11.205+0000] {logging_mixin.py:190} INFO - [2025-07-01T22:49:11.204+0000] {dag.py:4180} INFO - Setting next_dagrun for example_local_kubernetes_executor to None, run_after=None
[2025-07-01T22:49:11.225+0000] {processor.py:208} INFO - Processing /home/airflow/.local/lib/python3.12/site-packages/airflow/example_dags/example_local_kubernetes_executor.py took 0.080 seconds
[2025-07-01T22:49:41.427+0000] {processor.py:186} INFO - Started process (PID=2155) to work on /home/airflow/.local/lib/python3.12/site-packages/airflow/example_dags/example_local_kubernetes_executor.py
[2025-07-01T22:49:41.428+0000] {processor.py:914} INFO - Processing file /home/airflow/.local/lib/python3.12/site-packages/airflow/example_dags/example_local_kubernetes_executor.py for tasks to queue
[2025-07-01T22:49:41.430+0000] {logging_mixin.py:190} INFO - [2025-07-01T22:49:41.430+0000] {dagbag.py:588} INFO - Filling up the DagBag from /home/airflow/.local/lib/python3.12/site-packages/airflow/example_dags/example_local_kubernetes_executor.py
[2025-07-01T22:49:41.439+0000] {processor.py:925} INFO - DAG(s) 'example_local_kubernetes_executor' retrieved from /home/airflow/.local/lib/python3.12/site-packages/airflow/example_dags/example_local_kubernetes_executor.py
[2025-07-01T22:49:41.467+0000] {logging_mixin.py:190} INFO - [2025-07-01T22:49:41.467+0000] {dag.py:3239} INFO - Sync 1 DAGs
[2025-07-01T22:49:41.483+0000] {logging_mixin.py:190} INFO - [2025-07-01T22:49:41.482+0000] {dag.py:4180} INFO - Setting next_dagrun for example_local_kubernetes_executor to None, run_after=None
[2025-07-01T22:49:41.503+0000] {processor.py:208} INFO - Processing /home/airflow/.local/lib/python3.12/site-packages/airflow/example_dags/example_local_kubernetes_executor.py took 0.082 seconds
[2025-07-01T22:50:11.867+0000] {processor.py:186} INFO - Started process (PID=2219) to work on /home/airflow/.local/lib/python3.12/site-packages/airflow/example_dags/example_local_kubernetes_executor.py
[2025-07-01T22:50:11.868+0000] {processor.py:914} INFO - Processing file /home/airflow/.local/lib/python3.12/site-packages/airflow/example_dags/example_local_kubernetes_executor.py for tasks to queue
[2025-07-01T22:50:11.870+0000] {logging_mixin.py:190} INFO - [2025-07-01T22:50:11.870+0000] {dagbag.py:588} INFO - Filling up the DagBag from /home/airflow/.local/lib/python3.12/site-packages/airflow/example_dags/example_local_kubernetes_executor.py
[2025-07-01T22:50:11.879+0000] {processor.py:925} INFO - DAG(s) 'example_local_kubernetes_executor' retrieved from /home/airflow/.local/lib/python3.12/site-packages/airflow/example_dags/example_local_kubernetes_executor.py
[2025-07-01T22:50:11.905+0000] {logging_mixin.py:190} INFO - [2025-07-01T22:50:11.904+0000] {dag.py:3239} INFO - Sync 1 DAGs
[2025-07-01T22:50:11.917+0000] {logging_mixin.py:190} INFO - [2025-07-01T22:50:11.917+0000] {dag.py:4180} INFO - Setting next_dagrun for example_local_kubernetes_executor to None, run_after=None
[2025-07-01T22:50:11.934+0000] {processor.py:208} INFO - Processing /home/airflow/.local/lib/python3.12/site-packages/airflow/example_dags/example_local_kubernetes_executor.py took 0.072 seconds
[2025-07-01T22:50:43.318+0000] {processor.py:186} INFO - Started process (PID=2283) to work on /home/airflow/.local/lib/python3.12/site-packages/airflow/example_dags/example_local_kubernetes_executor.py
[2025-07-01T22:50:43.319+0000] {processor.py:914} INFO - Processing file /home/airflow/.local/lib/python3.12/site-packages/airflow/example_dags/example_local_kubernetes_executor.py for tasks to queue
[2025-07-01T22:50:43.322+0000] {logging_mixin.py:190} INFO - [2025-07-01T22:50:43.321+0000] {dagbag.py:588} INFO - Filling up the DagBag from /home/airflow/.local/lib/python3.12/site-packages/airflow/example_dags/example_local_kubernetes_executor.py
[2025-07-01T22:50:43.330+0000] {processor.py:925} INFO - DAG(s) 'example_local_kubernetes_executor' retrieved from /home/airflow/.local/lib/python3.12/site-packages/airflow/example_dags/example_local_kubernetes_executor.py
[2025-07-01T22:50:43.357+0000] {logging_mixin.py:190} INFO - [2025-07-01T22:50:43.357+0000] {dag.py:3239} INFO - Sync 1 DAGs
[2025-07-01T22:50:43.368+0000] {logging_mixin.py:190} INFO - [2025-07-01T22:50:43.368+0000] {dag.py:4180} INFO - Setting next_dagrun for example_local_kubernetes_executor to None, run_after=None
[2025-07-01T22:50:43.388+0000] {processor.py:208} INFO - Processing /home/airflow/.local/lib/python3.12/site-packages/airflow/example_dags/example_local_kubernetes_executor.py took 0.075 seconds
[2025-07-01T22:51:14.554+0000] {processor.py:186} INFO - Started process (PID=2347) to work on /home/airflow/.local/lib/python3.12/site-packages/airflow/example_dags/example_local_kubernetes_executor.py
[2025-07-01T22:51:14.555+0000] {processor.py:914} INFO - Processing file /home/airflow/.local/lib/python3.12/site-packages/airflow/example_dags/example_local_kubernetes_executor.py for tasks to queue
[2025-07-01T22:51:14.557+0000] {logging_mixin.py:190} INFO - [2025-07-01T22:51:14.557+0000] {dagbag.py:588} INFO - Filling up the DagBag from /home/airflow/.local/lib/python3.12/site-packages/airflow/example_dags/example_local_kubernetes_executor.py
[2025-07-01T22:51:14.566+0000] {processor.py:925} INFO - DAG(s) 'example_local_kubernetes_executor' retrieved from /home/airflow/.local/lib/python3.12/site-packages/airflow/example_dags/example_local_kubernetes_executor.py
[2025-07-01T22:51:14.593+0000] {logging_mixin.py:190} INFO - [2025-07-01T22:51:14.592+0000] {dag.py:3239} INFO - Sync 1 DAGs
[2025-07-01T22:51:14.605+0000] {logging_mixin.py:190} INFO - [2025-07-01T22:51:14.605+0000] {dag.py:4180} INFO - Setting next_dagrun for example_local_kubernetes_executor to None, run_after=None
[2025-07-01T22:51:14.624+0000] {processor.py:208} INFO - Processing /home/airflow/.local/lib/python3.12/site-packages/airflow/example_dags/example_local_kubernetes_executor.py took 0.075 seconds
[2025-07-01T22:51:44.952+0000] {processor.py:186} INFO - Started process (PID=2411) to work on /home/airflow/.local/lib/python3.12/site-packages/airflow/example_dags/example_local_kubernetes_executor.py
[2025-07-01T22:51:44.953+0000] {processor.py:914} INFO - Processing file /home/airflow/.local/lib/python3.12/site-packages/airflow/example_dags/example_local_kubernetes_executor.py for tasks to queue
[2025-07-01T22:51:44.955+0000] {logging_mixin.py:190} INFO - [2025-07-01T22:51:44.955+0000] {dagbag.py:588} INFO - Filling up the DagBag from /home/airflow/.local/lib/python3.12/site-packages/airflow/example_dags/example_local_kubernetes_executor.py
[2025-07-01T22:51:44.963+0000] {processor.py:925} INFO - DAG(s) 'example_local_kubernetes_executor' retrieved from /home/airflow/.local/lib/python3.12/site-packages/airflow/example_dags/example_local_kubernetes_executor.py
[2025-07-01T22:51:44.991+0000] {logging_mixin.py:190} INFO - [2025-07-01T22:51:44.990+0000] {dag.py:3239} INFO - Sync 1 DAGs
[2025-07-01T22:51:45.003+0000] {logging_mixin.py:190} INFO - [2025-07-01T22:51:45.003+0000] {dag.py:4180} INFO - Setting next_dagrun for example_local_kubernetes_executor to None, run_after=None
[2025-07-01T22:51:45.021+0000] {processor.py:208} INFO - Processing /home/airflow/.local/lib/python3.12/site-packages/airflow/example_dags/example_local_kubernetes_executor.py took 0.075 seconds
[2025-07-01T22:52:15.487+0000] {processor.py:186} INFO - Started process (PID=2475) to work on /home/airflow/.local/lib/python3.12/site-packages/airflow/example_dags/example_local_kubernetes_executor.py
[2025-07-01T22:52:15.488+0000] {processor.py:914} INFO - Processing file /home/airflow/.local/lib/python3.12/site-packages/airflow/example_dags/example_local_kubernetes_executor.py for tasks to queue
[2025-07-01T22:52:15.490+0000] {logging_mixin.py:190} INFO - [2025-07-01T22:52:15.490+0000] {dagbag.py:588} INFO - Filling up the DagBag from /home/airflow/.local/lib/python3.12/site-packages/airflow/example_dags/example_local_kubernetes_executor.py
[2025-07-01T22:52:15.498+0000] {processor.py:925} INFO - DAG(s) 'example_local_kubernetes_executor' retrieved from /home/airflow/.local/lib/python3.12/site-packages/airflow/example_dags/example_local_kubernetes_executor.py
[2025-07-01T22:52:15.526+0000] {logging_mixin.py:190} INFO - [2025-07-01T22:52:15.525+0000] {dag.py:3239} INFO - Sync 1 DAGs
[2025-07-01T22:52:15.537+0000] {logging_mixin.py:190} INFO - [2025-07-01T22:52:15.537+0000] {dag.py:4180} INFO - Setting next_dagrun for example_local_kubernetes_executor to None, run_after=None
[2025-07-01T22:52:15.553+0000] {processor.py:208} INFO - Processing /home/airflow/.local/lib/python3.12/site-packages/airflow/example_dags/example_local_kubernetes_executor.py took 0.072 seconds
[2025-07-01T22:52:45.874+0000] {processor.py:186} INFO - Started process (PID=2539) to work on /home/airflow/.local/lib/python3.12/site-packages/airflow/example_dags/example_local_kubernetes_executor.py
[2025-07-01T22:52:45.875+0000] {processor.py:914} INFO - Processing file /home/airflow/.local/lib/python3.12/site-packages/airflow/example_dags/example_local_kubernetes_executor.py for tasks to queue
[2025-07-01T22:52:45.877+0000] {logging_mixin.py:190} INFO - [2025-07-01T22:52:45.877+0000] {dagbag.py:588} INFO - Filling up the DagBag from /home/airflow/.local/lib/python3.12/site-packages/airflow/example_dags/example_local_kubernetes_executor.py
[2025-07-01T22:52:45.885+0000] {processor.py:925} INFO - DAG(s) 'example_local_kubernetes_executor' retrieved from /home/airflow/.local/lib/python3.12/site-packages/airflow/example_dags/example_local_kubernetes_executor.py
[2025-07-01T22:52:45.910+0000] {logging_mixin.py:190} INFO - [2025-07-01T22:52:45.910+0000] {dag.py:3239} INFO - Sync 1 DAGs
[2025-07-01T22:52:45.922+0000] {logging_mixin.py:190} INFO - [2025-07-01T22:52:45.922+0000] {dag.py:4180} INFO - Setting next_dagrun for example_local_kubernetes_executor to None, run_after=None
[2025-07-01T22:52:45.940+0000] {processor.py:208} INFO - Processing /home/airflow/.local/lib/python3.12/site-packages/airflow/example_dags/example_local_kubernetes_executor.py took 0.071 seconds
