[2025-07-01T21:16:44.177+0000] {processor.py:186} INFO - Started process (PID=56) to work on /home/airflow/.local/lib/python3.12/site-packages/airflow/example_dags/example_task_group.py
[2025-07-01T21:16:44.178+0000] {processor.py:914} INFO - Processing file /home/airflow/.local/lib/python3.12/site-packages/airflow/example_dags/example_task_group.py for tasks to queue
[2025-07-01T21:16:44.182+0000] {logging_mixin.py:190} INFO - [2025-07-01T21:16:44.181+0000] {dagbag.py:588} INFO - Filling up the DagBag from /home/airflow/.local/lib/python3.12/site-packages/airflow/example_dags/example_task_group.py
[2025-07-01T21:16:44.196+0000] {processor.py:925} INFO - DAG(s) 'example_task_group' retrieved from /home/airflow/.local/lib/python3.12/site-packages/airflow/example_dags/example_task_group.py
[2025-07-01T21:16:44.237+0000] {logging_mixin.py:190} INFO - [2025-07-01T21:16:44.237+0000] {dag.py:3239} INFO - Sync 1 DAGs
[2025-07-01T21:16:44.251+0000] {logging_mixin.py:190} INFO - [2025-07-01T21:16:44.251+0000] {dag.py:4180} INFO - Setting next_dagrun for example_task_group to None, run_after=None
[2025-07-01T21:16:44.285+0000] {processor.py:208} INFO - Processing /home/airflow/.local/lib/python3.12/site-packages/airflow/example_dags/example_task_group.py took 0.116 seconds
[2025-07-01T21:17:15.203+0000] {processor.py:186} INFO - Started process (PID=118) to work on /home/airflow/.local/lib/python3.12/site-packages/airflow/example_dags/example_task_group.py
[2025-07-01T21:17:15.204+0000] {processor.py:914} INFO - Processing file /home/airflow/.local/lib/python3.12/site-packages/airflow/example_dags/example_task_group.py for tasks to queue
[2025-07-01T21:17:15.207+0000] {logging_mixin.py:190} INFO - [2025-07-01T21:17:15.206+0000] {dagbag.py:588} INFO - Filling up the DagBag from /home/airflow/.local/lib/python3.12/site-packages/airflow/example_dags/example_task_group.py
[2025-07-01T21:17:15.216+0000] {processor.py:925} INFO - DAG(s) 'example_task_group' retrieved from /home/airflow/.local/lib/python3.12/site-packages/airflow/example_dags/example_task_group.py
[2025-07-01T21:17:15.237+0000] {logging_mixin.py:190} INFO - [2025-07-01T21:17:15.237+0000] {dag.py:3239} INFO - Sync 1 DAGs
[2025-07-01T21:17:15.249+0000] {logging_mixin.py:190} INFO - [2025-07-01T21:17:15.249+0000] {dag.py:4180} INFO - Setting next_dagrun for example_task_group to None, run_after=None
[2025-07-01T21:17:15.267+0000] {processor.py:208} INFO - Processing /home/airflow/.local/lib/python3.12/site-packages/airflow/example_dags/example_task_group.py took 0.072 seconds
[2025-07-01T21:17:45.697+0000] {processor.py:186} INFO - Started process (PID=180) to work on /home/airflow/.local/lib/python3.12/site-packages/airflow/example_dags/example_task_group.py
[2025-07-01T21:17:45.698+0000] {processor.py:914} INFO - Processing file /home/airflow/.local/lib/python3.12/site-packages/airflow/example_dags/example_task_group.py for tasks to queue
[2025-07-01T21:17:45.701+0000] {logging_mixin.py:190} INFO - [2025-07-01T21:17:45.700+0000] {dagbag.py:588} INFO - Filling up the DagBag from /home/airflow/.local/lib/python3.12/site-packages/airflow/example_dags/example_task_group.py
[2025-07-01T21:17:45.708+0000] {processor.py:925} INFO - DAG(s) 'example_task_group' retrieved from /home/airflow/.local/lib/python3.12/site-packages/airflow/example_dags/example_task_group.py
[2025-07-01T21:17:45.726+0000] {logging_mixin.py:190} INFO - [2025-07-01T21:17:45.725+0000] {dag.py:3239} INFO - Sync 1 DAGs
[2025-07-01T21:17:45.738+0000] {logging_mixin.py:190} INFO - [2025-07-01T21:17:45.738+0000] {dag.py:4180} INFO - Setting next_dagrun for example_task_group to None, run_after=None
[2025-07-01T21:17:45.755+0000] {processor.py:208} INFO - Processing /home/airflow/.local/lib/python3.12/site-packages/airflow/example_dags/example_task_group.py took 0.064 seconds
[2025-07-01T21:18:16.426+0000] {processor.py:186} INFO - Started process (PID=243) to work on /home/airflow/.local/lib/python3.12/site-packages/airflow/example_dags/example_task_group.py
[2025-07-01T21:18:16.427+0000] {processor.py:914} INFO - Processing file /home/airflow/.local/lib/python3.12/site-packages/airflow/example_dags/example_task_group.py for tasks to queue
[2025-07-01T21:18:16.430+0000] {logging_mixin.py:190} INFO - [2025-07-01T21:18:16.430+0000] {dagbag.py:588} INFO - Filling up the DagBag from /home/airflow/.local/lib/python3.12/site-packages/airflow/example_dags/example_task_group.py
[2025-07-01T21:18:16.440+0000] {processor.py:925} INFO - DAG(s) 'example_task_group' retrieved from /home/airflow/.local/lib/python3.12/site-packages/airflow/example_dags/example_task_group.py
[2025-07-01T21:18:16.459+0000] {logging_mixin.py:190} INFO - [2025-07-01T21:18:16.459+0000] {dag.py:3239} INFO - Sync 1 DAGs
[2025-07-01T21:18:16.472+0000] {logging_mixin.py:190} INFO - [2025-07-01T21:18:16.471+0000] {dag.py:4180} INFO - Setting next_dagrun for example_task_group to None, run_after=None
[2025-07-01T21:18:16.494+0000] {processor.py:208} INFO - Processing /home/airflow/.local/lib/python3.12/site-packages/airflow/example_dags/example_task_group.py took 0.073 seconds
[2025-07-01T21:18:47.177+0000] {processor.py:186} INFO - Started process (PID=305) to work on /home/airflow/.local/lib/python3.12/site-packages/airflow/example_dags/example_task_group.py
[2025-07-01T21:18:47.178+0000] {processor.py:914} INFO - Processing file /home/airflow/.local/lib/python3.12/site-packages/airflow/example_dags/example_task_group.py for tasks to queue
[2025-07-01T21:18:47.180+0000] {logging_mixin.py:190} INFO - [2025-07-01T21:18:47.180+0000] {dagbag.py:588} INFO - Filling up the DagBag from /home/airflow/.local/lib/python3.12/site-packages/airflow/example_dags/example_task_group.py
[2025-07-01T21:18:47.187+0000] {processor.py:925} INFO - DAG(s) 'example_task_group' retrieved from /home/airflow/.local/lib/python3.12/site-packages/airflow/example_dags/example_task_group.py
[2025-07-01T21:18:47.204+0000] {logging_mixin.py:190} INFO - [2025-07-01T21:18:47.204+0000] {dag.py:3239} INFO - Sync 1 DAGs
[2025-07-01T21:18:47.215+0000] {logging_mixin.py:190} INFO - [2025-07-01T21:18:47.215+0000] {dag.py:4180} INFO - Setting next_dagrun for example_task_group to None, run_after=None
[2025-07-01T21:18:47.231+0000] {processor.py:208} INFO - Processing /home/airflow/.local/lib/python3.12/site-packages/airflow/example_dags/example_task_group.py took 0.059 seconds
[2025-07-01T21:19:17.875+0000] {processor.py:186} INFO - Started process (PID=367) to work on /home/airflow/.local/lib/python3.12/site-packages/airflow/example_dags/example_task_group.py
[2025-07-01T21:19:17.876+0000] {processor.py:914} INFO - Processing file /home/airflow/.local/lib/python3.12/site-packages/airflow/example_dags/example_task_group.py for tasks to queue
[2025-07-01T21:19:17.878+0000] {logging_mixin.py:190} INFO - [2025-07-01T21:19:17.878+0000] {dagbag.py:588} INFO - Filling up the DagBag from /home/airflow/.local/lib/python3.12/site-packages/airflow/example_dags/example_task_group.py
[2025-07-01T21:19:17.886+0000] {processor.py:925} INFO - DAG(s) 'example_task_group' retrieved from /home/airflow/.local/lib/python3.12/site-packages/airflow/example_dags/example_task_group.py
[2025-07-01T21:19:17.904+0000] {logging_mixin.py:190} INFO - [2025-07-01T21:19:17.904+0000] {dag.py:3239} INFO - Sync 1 DAGs
[2025-07-01T21:19:17.917+0000] {logging_mixin.py:190} INFO - [2025-07-01T21:19:17.916+0000] {dag.py:4180} INFO - Setting next_dagrun for example_task_group to None, run_after=None
[2025-07-01T21:19:17.936+0000] {processor.py:208} INFO - Processing /home/airflow/.local/lib/python3.12/site-packages/airflow/example_dags/example_task_group.py took 0.066 seconds
[2025-07-01T21:19:48.891+0000] {processor.py:186} INFO - Started process (PID=435) to work on /home/airflow/.local/lib/python3.12/site-packages/airflow/example_dags/example_task_group.py
[2025-07-01T21:19:48.892+0000] {processor.py:914} INFO - Processing file /home/airflow/.local/lib/python3.12/site-packages/airflow/example_dags/example_task_group.py for tasks to queue
[2025-07-01T21:19:48.895+0000] {logging_mixin.py:190} INFO - [2025-07-01T21:19:48.895+0000] {dagbag.py:588} INFO - Filling up the DagBag from /home/airflow/.local/lib/python3.12/site-packages/airflow/example_dags/example_task_group.py
[2025-07-01T21:19:48.907+0000] {processor.py:925} INFO - DAG(s) 'example_task_group' retrieved from /home/airflow/.local/lib/python3.12/site-packages/airflow/example_dags/example_task_group.py
[2025-07-01T21:19:48.931+0000] {logging_mixin.py:190} INFO - [2025-07-01T21:19:48.930+0000] {dag.py:3239} INFO - Sync 1 DAGs
[2025-07-01T21:19:48.946+0000] {logging_mixin.py:190} INFO - [2025-07-01T21:19:48.946+0000] {dag.py:4180} INFO - Setting next_dagrun for example_task_group to None, run_after=None
[2025-07-01T21:19:48.970+0000] {processor.py:208} INFO - Processing /home/airflow/.local/lib/python3.12/site-packages/airflow/example_dags/example_task_group.py took 0.084 seconds
[2025-07-01T21:20:19.455+0000] {processor.py:186} INFO - Started process (PID=497) to work on /home/airflow/.local/lib/python3.12/site-packages/airflow/example_dags/example_task_group.py
[2025-07-01T21:20:19.456+0000] {processor.py:914} INFO - Processing file /home/airflow/.local/lib/python3.12/site-packages/airflow/example_dags/example_task_group.py for tasks to queue
[2025-07-01T21:20:19.460+0000] {logging_mixin.py:190} INFO - [2025-07-01T21:20:19.460+0000] {dagbag.py:588} INFO - Filling up the DagBag from /home/airflow/.local/lib/python3.12/site-packages/airflow/example_dags/example_task_group.py
[2025-07-01T21:20:19.474+0000] {processor.py:925} INFO - DAG(s) 'example_task_group' retrieved from /home/airflow/.local/lib/python3.12/site-packages/airflow/example_dags/example_task_group.py
[2025-07-01T21:20:19.500+0000] {logging_mixin.py:190} INFO - [2025-07-01T21:20:19.500+0000] {dag.py:3239} INFO - Sync 1 DAGs
[2025-07-01T21:20:19.514+0000] {logging_mixin.py:190} INFO - [2025-07-01T21:20:19.514+0000] {dag.py:4180} INFO - Setting next_dagrun for example_task_group to None, run_after=None
[2025-07-01T21:20:19.538+0000] {processor.py:208} INFO - Processing /home/airflow/.local/lib/python3.12/site-packages/airflow/example_dags/example_task_group.py took 0.091 seconds
[2025-07-01T21:20:50.525+0000] {processor.py:186} INFO - Started process (PID=559) to work on /home/airflow/.local/lib/python3.12/site-packages/airflow/example_dags/example_task_group.py
[2025-07-01T21:20:50.526+0000] {processor.py:914} INFO - Processing file /home/airflow/.local/lib/python3.12/site-packages/airflow/example_dags/example_task_group.py for tasks to queue
[2025-07-01T21:20:50.529+0000] {logging_mixin.py:190} INFO - [2025-07-01T21:20:50.528+0000] {dagbag.py:588} INFO - Filling up the DagBag from /home/airflow/.local/lib/python3.12/site-packages/airflow/example_dags/example_task_group.py
[2025-07-01T21:20:50.536+0000] {processor.py:925} INFO - DAG(s) 'example_task_group' retrieved from /home/airflow/.local/lib/python3.12/site-packages/airflow/example_dags/example_task_group.py
[2025-07-01T21:20:50.555+0000] {logging_mixin.py:190} INFO - [2025-07-01T21:20:50.554+0000] {dag.py:3239} INFO - Sync 1 DAGs
[2025-07-01T21:20:50.567+0000] {logging_mixin.py:190} INFO - [2025-07-01T21:20:50.567+0000] {dag.py:4180} INFO - Setting next_dagrun for example_task_group to None, run_after=None
[2025-07-01T21:20:50.589+0000] {processor.py:208} INFO - Processing /home/airflow/.local/lib/python3.12/site-packages/airflow/example_dags/example_task_group.py took 0.069 seconds
[2025-07-01T21:21:21.409+0000] {processor.py:186} INFO - Started process (PID=621) to work on /home/airflow/.local/lib/python3.12/site-packages/airflow/example_dags/example_task_group.py
[2025-07-01T21:21:21.410+0000] {processor.py:914} INFO - Processing file /home/airflow/.local/lib/python3.12/site-packages/airflow/example_dags/example_task_group.py for tasks to queue
[2025-07-01T21:21:21.412+0000] {logging_mixin.py:190} INFO - [2025-07-01T21:21:21.412+0000] {dagbag.py:588} INFO - Filling up the DagBag from /home/airflow/.local/lib/python3.12/site-packages/airflow/example_dags/example_task_group.py
[2025-07-01T21:21:21.420+0000] {processor.py:925} INFO - DAG(s) 'example_task_group' retrieved from /home/airflow/.local/lib/python3.12/site-packages/airflow/example_dags/example_task_group.py
[2025-07-01T21:21:21.438+0000] {logging_mixin.py:190} INFO - [2025-07-01T21:21:21.437+0000] {dag.py:3239} INFO - Sync 1 DAGs
[2025-07-01T21:21:21.449+0000] {logging_mixin.py:190} INFO - [2025-07-01T21:21:21.449+0000] {dag.py:4180} INFO - Setting next_dagrun for example_task_group to None, run_after=None
[2025-07-01T21:21:21.466+0000] {processor.py:208} INFO - Processing /home/airflow/.local/lib/python3.12/site-packages/airflow/example_dags/example_task_group.py took 0.063 seconds
[2025-07-01T21:21:51.969+0000] {processor.py:186} INFO - Started process (PID=683) to work on /home/airflow/.local/lib/python3.12/site-packages/airflow/example_dags/example_task_group.py
[2025-07-01T21:21:51.970+0000] {processor.py:914} INFO - Processing file /home/airflow/.local/lib/python3.12/site-packages/airflow/example_dags/example_task_group.py for tasks to queue
[2025-07-01T21:21:51.972+0000] {logging_mixin.py:190} INFO - [2025-07-01T21:21:51.972+0000] {dagbag.py:588} INFO - Filling up the DagBag from /home/airflow/.local/lib/python3.12/site-packages/airflow/example_dags/example_task_group.py
[2025-07-01T21:21:51.980+0000] {processor.py:925} INFO - DAG(s) 'example_task_group' retrieved from /home/airflow/.local/lib/python3.12/site-packages/airflow/example_dags/example_task_group.py
[2025-07-01T21:21:51.998+0000] {logging_mixin.py:190} INFO - [2025-07-01T21:21:51.998+0000] {dag.py:3239} INFO - Sync 1 DAGs
[2025-07-01T21:21:52.009+0000] {logging_mixin.py:190} INFO - [2025-07-01T21:21:52.009+0000] {dag.py:4180} INFO - Setting next_dagrun for example_task_group to None, run_after=None
[2025-07-01T21:21:52.027+0000] {processor.py:208} INFO - Processing /home/airflow/.local/lib/python3.12/site-packages/airflow/example_dags/example_task_group.py took 0.063 seconds
[2025-07-01T21:22:22.444+0000] {processor.py:186} INFO - Started process (PID=745) to work on /home/airflow/.local/lib/python3.12/site-packages/airflow/example_dags/example_task_group.py
[2025-07-01T21:22:22.445+0000] {processor.py:914} INFO - Processing file /home/airflow/.local/lib/python3.12/site-packages/airflow/example_dags/example_task_group.py for tasks to queue
[2025-07-01T21:22:22.448+0000] {logging_mixin.py:190} INFO - [2025-07-01T21:22:22.447+0000] {dagbag.py:588} INFO - Filling up the DagBag from /home/airflow/.local/lib/python3.12/site-packages/airflow/example_dags/example_task_group.py
[2025-07-01T21:22:22.456+0000] {processor.py:925} INFO - DAG(s) 'example_task_group' retrieved from /home/airflow/.local/lib/python3.12/site-packages/airflow/example_dags/example_task_group.py
[2025-07-01T21:22:22.473+0000] {logging_mixin.py:190} INFO - [2025-07-01T21:22:22.472+0000] {dag.py:3239} INFO - Sync 1 DAGs
[2025-07-01T21:22:22.484+0000] {logging_mixin.py:190} INFO - [2025-07-01T21:22:22.484+0000] {dag.py:4180} INFO - Setting next_dagrun for example_task_group to None, run_after=None
[2025-07-01T21:22:22.502+0000] {processor.py:208} INFO - Processing /home/airflow/.local/lib/python3.12/site-packages/airflow/example_dags/example_task_group.py took 0.063 seconds
[2025-07-01T21:22:52.928+0000] {processor.py:186} INFO - Started process (PID=807) to work on /home/airflow/.local/lib/python3.12/site-packages/airflow/example_dags/example_task_group.py
[2025-07-01T21:22:52.929+0000] {processor.py:914} INFO - Processing file /home/airflow/.local/lib/python3.12/site-packages/airflow/example_dags/example_task_group.py for tasks to queue
[2025-07-01T21:22:52.931+0000] {logging_mixin.py:190} INFO - [2025-07-01T21:22:52.931+0000] {dagbag.py:588} INFO - Filling up the DagBag from /home/airflow/.local/lib/python3.12/site-packages/airflow/example_dags/example_task_group.py
[2025-07-01T21:22:52.938+0000] {processor.py:925} INFO - DAG(s) 'example_task_group' retrieved from /home/airflow/.local/lib/python3.12/site-packages/airflow/example_dags/example_task_group.py
[2025-07-01T21:22:52.954+0000] {logging_mixin.py:190} INFO - [2025-07-01T21:22:52.954+0000] {dag.py:3239} INFO - Sync 1 DAGs
[2025-07-01T21:22:52.965+0000] {logging_mixin.py:190} INFO - [2025-07-01T21:22:52.965+0000] {dag.py:4180} INFO - Setting next_dagrun for example_task_group to None, run_after=None
[2025-07-01T21:22:52.982+0000] {processor.py:208} INFO - Processing /home/airflow/.local/lib/python3.12/site-packages/airflow/example_dags/example_task_group.py took 0.060 seconds
[2025-07-01T21:23:23.187+0000] {processor.py:186} INFO - Started process (PID=869) to work on /home/airflow/.local/lib/python3.12/site-packages/airflow/example_dags/example_task_group.py
[2025-07-01T21:23:23.188+0000] {processor.py:914} INFO - Processing file /home/airflow/.local/lib/python3.12/site-packages/airflow/example_dags/example_task_group.py for tasks to queue
[2025-07-01T21:23:23.190+0000] {logging_mixin.py:190} INFO - [2025-07-01T21:23:23.190+0000] {dagbag.py:588} INFO - Filling up the DagBag from /home/airflow/.local/lib/python3.12/site-packages/airflow/example_dags/example_task_group.py
[2025-07-01T21:23:23.197+0000] {processor.py:925} INFO - DAG(s) 'example_task_group' retrieved from /home/airflow/.local/lib/python3.12/site-packages/airflow/example_dags/example_task_group.py
[2025-07-01T21:23:23.214+0000] {logging_mixin.py:190} INFO - [2025-07-01T21:23:23.214+0000] {dag.py:3239} INFO - Sync 1 DAGs
[2025-07-01T21:23:23.225+0000] {logging_mixin.py:190} INFO - [2025-07-01T21:23:23.225+0000] {dag.py:4180} INFO - Setting next_dagrun for example_task_group to None, run_after=None
[2025-07-01T21:23:23.242+0000] {processor.py:208} INFO - Processing /home/airflow/.local/lib/python3.12/site-packages/airflow/example_dags/example_task_group.py took 0.060 seconds
[2025-07-01T21:23:53.712+0000] {processor.py:186} INFO - Started process (PID=931) to work on /home/airflow/.local/lib/python3.12/site-packages/airflow/example_dags/example_task_group.py
[2025-07-01T21:23:53.713+0000] {processor.py:914} INFO - Processing file /home/airflow/.local/lib/python3.12/site-packages/airflow/example_dags/example_task_group.py for tasks to queue
[2025-07-01T21:23:53.715+0000] {logging_mixin.py:190} INFO - [2025-07-01T21:23:53.715+0000] {dagbag.py:588} INFO - Filling up the DagBag from /home/airflow/.local/lib/python3.12/site-packages/airflow/example_dags/example_task_group.py
[2025-07-01T21:23:53.723+0000] {processor.py:925} INFO - DAG(s) 'example_task_group' retrieved from /home/airflow/.local/lib/python3.12/site-packages/airflow/example_dags/example_task_group.py
[2025-07-01T21:23:53.740+0000] {logging_mixin.py:190} INFO - [2025-07-01T21:23:53.740+0000] {dag.py:3239} INFO - Sync 1 DAGs
[2025-07-01T21:23:53.752+0000] {logging_mixin.py:190} INFO - [2025-07-01T21:23:53.751+0000] {dag.py:4180} INFO - Setting next_dagrun for example_task_group to None, run_after=None
[2025-07-01T21:23:53.769+0000] {processor.py:208} INFO - Processing /home/airflow/.local/lib/python3.12/site-packages/airflow/example_dags/example_task_group.py took 0.062 seconds
[2025-07-01T21:24:23.983+0000] {processor.py:186} INFO - Started process (PID=993) to work on /home/airflow/.local/lib/python3.12/site-packages/airflow/example_dags/example_task_group.py
[2025-07-01T21:24:23.984+0000] {processor.py:914} INFO - Processing file /home/airflow/.local/lib/python3.12/site-packages/airflow/example_dags/example_task_group.py for tasks to queue
[2025-07-01T21:24:23.986+0000] {logging_mixin.py:190} INFO - [2025-07-01T21:24:23.986+0000] {dagbag.py:588} INFO - Filling up the DagBag from /home/airflow/.local/lib/python3.12/site-packages/airflow/example_dags/example_task_group.py
[2025-07-01T21:24:23.994+0000] {processor.py:925} INFO - DAG(s) 'example_task_group' retrieved from /home/airflow/.local/lib/python3.12/site-packages/airflow/example_dags/example_task_group.py
[2025-07-01T21:24:24.013+0000] {logging_mixin.py:190} INFO - [2025-07-01T21:24:24.012+0000] {dag.py:3239} INFO - Sync 1 DAGs
[2025-07-01T21:24:24.024+0000] {logging_mixin.py:190} INFO - [2025-07-01T21:24:24.024+0000] {dag.py:4180} INFO - Setting next_dagrun for example_task_group to None, run_after=None
[2025-07-01T21:24:24.041+0000] {processor.py:208} INFO - Processing /home/airflow/.local/lib/python3.12/site-packages/airflow/example_dags/example_task_group.py took 0.063 seconds
[2025-07-01T21:24:54.329+0000] {processor.py:186} INFO - Started process (PID=1055) to work on /home/airflow/.local/lib/python3.12/site-packages/airflow/example_dags/example_task_group.py
[2025-07-01T21:24:54.330+0000] {processor.py:914} INFO - Processing file /home/airflow/.local/lib/python3.12/site-packages/airflow/example_dags/example_task_group.py for tasks to queue
[2025-07-01T21:24:54.333+0000] {logging_mixin.py:190} INFO - [2025-07-01T21:24:54.332+0000] {dagbag.py:588} INFO - Filling up the DagBag from /home/airflow/.local/lib/python3.12/site-packages/airflow/example_dags/example_task_group.py
[2025-07-01T21:24:54.342+0000] {processor.py:925} INFO - DAG(s) 'example_task_group' retrieved from /home/airflow/.local/lib/python3.12/site-packages/airflow/example_dags/example_task_group.py
[2025-07-01T21:24:54.363+0000] {logging_mixin.py:190} INFO - [2025-07-01T21:24:54.363+0000] {dag.py:3239} INFO - Sync 1 DAGs
[2025-07-01T21:24:54.377+0000] {logging_mixin.py:190} INFO - [2025-07-01T21:24:54.377+0000] {dag.py:4180} INFO - Setting next_dagrun for example_task_group to None, run_after=None
[2025-07-01T21:24:54.399+0000] {processor.py:208} INFO - Processing /home/airflow/.local/lib/python3.12/site-packages/airflow/example_dags/example_task_group.py took 0.077 seconds
[2025-07-01T21:25:24.749+0000] {processor.py:186} INFO - Started process (PID=1117) to work on /home/airflow/.local/lib/python3.12/site-packages/airflow/example_dags/example_task_group.py
[2025-07-01T21:25:24.750+0000] {processor.py:914} INFO - Processing file /home/airflow/.local/lib/python3.12/site-packages/airflow/example_dags/example_task_group.py for tasks to queue
[2025-07-01T21:25:24.752+0000] {logging_mixin.py:190} INFO - [2025-07-01T21:25:24.752+0000] {dagbag.py:588} INFO - Filling up the DagBag from /home/airflow/.local/lib/python3.12/site-packages/airflow/example_dags/example_task_group.py
[2025-07-01T21:25:24.760+0000] {processor.py:925} INFO - DAG(s) 'example_task_group' retrieved from /home/airflow/.local/lib/python3.12/site-packages/airflow/example_dags/example_task_group.py
[2025-07-01T21:25:24.779+0000] {logging_mixin.py:190} INFO - [2025-07-01T21:25:24.778+0000] {dag.py:3239} INFO - Sync 1 DAGs
[2025-07-01T21:25:24.792+0000] {logging_mixin.py:190} INFO - [2025-07-01T21:25:24.791+0000] {dag.py:4180} INFO - Setting next_dagrun for example_task_group to None, run_after=None
[2025-07-01T21:25:24.812+0000] {processor.py:208} INFO - Processing /home/airflow/.local/lib/python3.12/site-packages/airflow/example_dags/example_task_group.py took 0.068 seconds
[2025-07-01T21:25:55.313+0000] {processor.py:186} INFO - Started process (PID=1180) to work on /home/airflow/.local/lib/python3.12/site-packages/airflow/example_dags/example_task_group.py
[2025-07-01T21:25:55.314+0000] {processor.py:914} INFO - Processing file /home/airflow/.local/lib/python3.12/site-packages/airflow/example_dags/example_task_group.py for tasks to queue
[2025-07-01T21:25:55.317+0000] {logging_mixin.py:190} INFO - [2025-07-01T21:25:55.317+0000] {dagbag.py:588} INFO - Filling up the DagBag from /home/airflow/.local/lib/python3.12/site-packages/airflow/example_dags/example_task_group.py
[2025-07-01T21:25:55.327+0000] {processor.py:925} INFO - DAG(s) 'example_task_group' retrieved from /home/airflow/.local/lib/python3.12/site-packages/airflow/example_dags/example_task_group.py
[2025-07-01T21:25:55.352+0000] {logging_mixin.py:190} INFO - [2025-07-01T21:25:55.352+0000] {dag.py:3239} INFO - Sync 1 DAGs
[2025-07-01T21:25:55.371+0000] {logging_mixin.py:190} INFO - [2025-07-01T21:25:55.371+0000] {dag.py:4180} INFO - Setting next_dagrun for example_task_group to None, run_after=None
[2025-07-01T21:25:55.400+0000] {processor.py:208} INFO - Processing /home/airflow/.local/lib/python3.12/site-packages/airflow/example_dags/example_task_group.py took 0.092 seconds
[2025-07-01T21:26:26.071+0000] {processor.py:186} INFO - Started process (PID=1242) to work on /home/airflow/.local/lib/python3.12/site-packages/airflow/example_dags/example_task_group.py
[2025-07-01T21:26:26.072+0000] {processor.py:914} INFO - Processing file /home/airflow/.local/lib/python3.12/site-packages/airflow/example_dags/example_task_group.py for tasks to queue
[2025-07-01T21:26:26.074+0000] {logging_mixin.py:190} INFO - [2025-07-01T21:26:26.074+0000] {dagbag.py:588} INFO - Filling up the DagBag from /home/airflow/.local/lib/python3.12/site-packages/airflow/example_dags/example_task_group.py
[2025-07-01T21:26:26.082+0000] {processor.py:925} INFO - DAG(s) 'example_task_group' retrieved from /home/airflow/.local/lib/python3.12/site-packages/airflow/example_dags/example_task_group.py
[2025-07-01T21:26:26.100+0000] {logging_mixin.py:190} INFO - [2025-07-01T21:26:26.100+0000] {dag.py:3239} INFO - Sync 1 DAGs
[2025-07-01T21:26:26.112+0000] {logging_mixin.py:190} INFO - [2025-07-01T21:26:26.111+0000] {dag.py:4180} INFO - Setting next_dagrun for example_task_group to None, run_after=None
[2025-07-01T21:26:26.128+0000] {processor.py:208} INFO - Processing /home/airflow/.local/lib/python3.12/site-packages/airflow/example_dags/example_task_group.py took 0.062 seconds
[2025-07-01T21:26:56.594+0000] {processor.py:186} INFO - Started process (PID=1304) to work on /home/airflow/.local/lib/python3.12/site-packages/airflow/example_dags/example_task_group.py
[2025-07-01T21:26:56.595+0000] {processor.py:914} INFO - Processing file /home/airflow/.local/lib/python3.12/site-packages/airflow/example_dags/example_task_group.py for tasks to queue
[2025-07-01T21:26:56.597+0000] {logging_mixin.py:190} INFO - [2025-07-01T21:26:56.597+0000] {dagbag.py:588} INFO - Filling up the DagBag from /home/airflow/.local/lib/python3.12/site-packages/airflow/example_dags/example_task_group.py
[2025-07-01T21:26:56.605+0000] {processor.py:925} INFO - DAG(s) 'example_task_group' retrieved from /home/airflow/.local/lib/python3.12/site-packages/airflow/example_dags/example_task_group.py
[2025-07-01T21:26:56.622+0000] {logging_mixin.py:190} INFO - [2025-07-01T21:26:56.622+0000] {dag.py:3239} INFO - Sync 1 DAGs
[2025-07-01T21:26:56.634+0000] {logging_mixin.py:190} INFO - [2025-07-01T21:26:56.634+0000] {dag.py:4180} INFO - Setting next_dagrun for example_task_group to None, run_after=None
[2025-07-01T21:26:56.652+0000] {processor.py:208} INFO - Processing /home/airflow/.local/lib/python3.12/site-packages/airflow/example_dags/example_task_group.py took 0.064 seconds
[2025-07-01T21:27:27.296+0000] {processor.py:186} INFO - Started process (PID=1366) to work on /home/airflow/.local/lib/python3.12/site-packages/airflow/example_dags/example_task_group.py
[2025-07-01T21:27:27.297+0000] {processor.py:914} INFO - Processing file /home/airflow/.local/lib/python3.12/site-packages/airflow/example_dags/example_task_group.py for tasks to queue
[2025-07-01T21:27:27.300+0000] {logging_mixin.py:190} INFO - [2025-07-01T21:27:27.299+0000] {dagbag.py:588} INFO - Filling up the DagBag from /home/airflow/.local/lib/python3.12/site-packages/airflow/example_dags/example_task_group.py
[2025-07-01T21:27:27.308+0000] {processor.py:925} INFO - DAG(s) 'example_task_group' retrieved from /home/airflow/.local/lib/python3.12/site-packages/airflow/example_dags/example_task_group.py
[2025-07-01T21:27:27.326+0000] {logging_mixin.py:190} INFO - [2025-07-01T21:27:27.326+0000] {dag.py:3239} INFO - Sync 1 DAGs
[2025-07-01T21:27:27.338+0000] {logging_mixin.py:190} INFO - [2025-07-01T21:27:27.338+0000] {dag.py:4180} INFO - Setting next_dagrun for example_task_group to None, run_after=None
[2025-07-01T21:27:27.356+0000] {processor.py:208} INFO - Processing /home/airflow/.local/lib/python3.12/site-packages/airflow/example_dags/example_task_group.py took 0.065 seconds
[2025-07-01T21:27:57.911+0000] {processor.py:186} INFO - Started process (PID=1429) to work on /home/airflow/.local/lib/python3.12/site-packages/airflow/example_dags/example_task_group.py
[2025-07-01T21:27:57.912+0000] {processor.py:914} INFO - Processing file /home/airflow/.local/lib/python3.12/site-packages/airflow/example_dags/example_task_group.py for tasks to queue
[2025-07-01T21:27:57.914+0000] {logging_mixin.py:190} INFO - [2025-07-01T21:27:57.914+0000] {dagbag.py:588} INFO - Filling up the DagBag from /home/airflow/.local/lib/python3.12/site-packages/airflow/example_dags/example_task_group.py
[2025-07-01T21:27:57.923+0000] {processor.py:925} INFO - DAG(s) 'example_task_group' retrieved from /home/airflow/.local/lib/python3.12/site-packages/airflow/example_dags/example_task_group.py
[2025-07-01T21:27:57.940+0000] {logging_mixin.py:190} INFO - [2025-07-01T21:27:57.940+0000] {dag.py:3239} INFO - Sync 1 DAGs
[2025-07-01T21:27:57.952+0000] {logging_mixin.py:190} INFO - [2025-07-01T21:27:57.952+0000] {dag.py:4180} INFO - Setting next_dagrun for example_task_group to None, run_after=None
[2025-07-01T21:27:57.971+0000] {processor.py:208} INFO - Processing /home/airflow/.local/lib/python3.12/site-packages/airflow/example_dags/example_task_group.py took 0.068 seconds
[2025-07-01T21:28:28.276+0000] {processor.py:186} INFO - Started process (PID=1491) to work on /home/airflow/.local/lib/python3.12/site-packages/airflow/example_dags/example_task_group.py
[2025-07-01T21:28:28.277+0000] {processor.py:914} INFO - Processing file /home/airflow/.local/lib/python3.12/site-packages/airflow/example_dags/example_task_group.py for tasks to queue
[2025-07-01T21:28:28.279+0000] {logging_mixin.py:190} INFO - [2025-07-01T21:28:28.279+0000] {dagbag.py:588} INFO - Filling up the DagBag from /home/airflow/.local/lib/python3.12/site-packages/airflow/example_dags/example_task_group.py
[2025-07-01T21:28:28.287+0000] {processor.py:925} INFO - DAG(s) 'example_task_group' retrieved from /home/airflow/.local/lib/python3.12/site-packages/airflow/example_dags/example_task_group.py
[2025-07-01T21:28:28.305+0000] {logging_mixin.py:190} INFO - [2025-07-01T21:28:28.305+0000] {dag.py:3239} INFO - Sync 1 DAGs
[2025-07-01T21:28:28.317+0000] {logging_mixin.py:190} INFO - [2025-07-01T21:28:28.317+0000] {dag.py:4180} INFO - Setting next_dagrun for example_task_group to None, run_after=None
[2025-07-01T21:28:28.335+0000] {processor.py:208} INFO - Processing /home/airflow/.local/lib/python3.12/site-packages/airflow/example_dags/example_task_group.py took 0.065 seconds
[2025-07-01T21:28:59.086+0000] {processor.py:186} INFO - Started process (PID=1553) to work on /home/airflow/.local/lib/python3.12/site-packages/airflow/example_dags/example_task_group.py
[2025-07-01T21:28:59.087+0000] {processor.py:914} INFO - Processing file /home/airflow/.local/lib/python3.12/site-packages/airflow/example_dags/example_task_group.py for tasks to queue
[2025-07-01T21:28:59.089+0000] {logging_mixin.py:190} INFO - [2025-07-01T21:28:59.089+0000] {dagbag.py:588} INFO - Filling up the DagBag from /home/airflow/.local/lib/python3.12/site-packages/airflow/example_dags/example_task_group.py
[2025-07-01T21:28:59.098+0000] {processor.py:925} INFO - DAG(s) 'example_task_group' retrieved from /home/airflow/.local/lib/python3.12/site-packages/airflow/example_dags/example_task_group.py
[2025-07-01T21:28:59.120+0000] {logging_mixin.py:190} INFO - [2025-07-01T21:28:59.120+0000] {dag.py:3239} INFO - Sync 1 DAGs
[2025-07-01T21:28:59.134+0000] {logging_mixin.py:190} INFO - [2025-07-01T21:28:59.134+0000] {dag.py:4180} INFO - Setting next_dagrun for example_task_group to None, run_after=None
[2025-07-01T21:28:59.157+0000] {processor.py:208} INFO - Processing /home/airflow/.local/lib/python3.12/site-packages/airflow/example_dags/example_task_group.py took 0.076 seconds
[2025-07-01T21:29:29.646+0000] {processor.py:186} INFO - Started process (PID=1615) to work on /home/airflow/.local/lib/python3.12/site-packages/airflow/example_dags/example_task_group.py
[2025-07-01T21:29:29.647+0000] {processor.py:914} INFO - Processing file /home/airflow/.local/lib/python3.12/site-packages/airflow/example_dags/example_task_group.py for tasks to queue
[2025-07-01T21:29:29.649+0000] {logging_mixin.py:190} INFO - [2025-07-01T21:29:29.649+0000] {dagbag.py:588} INFO - Filling up the DagBag from /home/airflow/.local/lib/python3.12/site-packages/airflow/example_dags/example_task_group.py
[2025-07-01T21:29:29.656+0000] {processor.py:925} INFO - DAG(s) 'example_task_group' retrieved from /home/airflow/.local/lib/python3.12/site-packages/airflow/example_dags/example_task_group.py
[2025-07-01T21:29:29.674+0000] {logging_mixin.py:190} INFO - [2025-07-01T21:29:29.674+0000] {dag.py:3239} INFO - Sync 1 DAGs
[2025-07-01T21:29:29.686+0000] {logging_mixin.py:190} INFO - [2025-07-01T21:29:29.686+0000] {dag.py:4180} INFO - Setting next_dagrun for example_task_group to None, run_after=None
[2025-07-01T21:29:29.705+0000] {processor.py:208} INFO - Processing /home/airflow/.local/lib/python3.12/site-packages/airflow/example_dags/example_task_group.py took 0.064 seconds
[2025-07-01T21:29:59.982+0000] {processor.py:186} INFO - Started process (PID=1677) to work on /home/airflow/.local/lib/python3.12/site-packages/airflow/example_dags/example_task_group.py
[2025-07-01T21:29:59.983+0000] {processor.py:914} INFO - Processing file /home/airflow/.local/lib/python3.12/site-packages/airflow/example_dags/example_task_group.py for tasks to queue
[2025-07-01T21:29:59.986+0000] {logging_mixin.py:190} INFO - [2025-07-01T21:29:59.985+0000] {dagbag.py:588} INFO - Filling up the DagBag from /home/airflow/.local/lib/python3.12/site-packages/airflow/example_dags/example_task_group.py
[2025-07-01T21:29:59.995+0000] {processor.py:925} INFO - DAG(s) 'example_task_group' retrieved from /home/airflow/.local/lib/python3.12/site-packages/airflow/example_dags/example_task_group.py
[2025-07-01T21:30:00.019+0000] {logging_mixin.py:190} INFO - [2025-07-01T21:30:00.018+0000] {dag.py:3239} INFO - Sync 1 DAGs
[2025-07-01T21:30:00.035+0000] {logging_mixin.py:190} INFO - [2025-07-01T21:30:00.035+0000] {dag.py:4180} INFO - Setting next_dagrun for example_task_group to None, run_after=None
[2025-07-01T21:30:00.058+0000] {processor.py:208} INFO - Processing /home/airflow/.local/lib/python3.12/site-packages/airflow/example_dags/example_task_group.py took 0.082 seconds
[2025-07-01T21:30:30.372+0000] {processor.py:186} INFO - Started process (PID=1739) to work on /home/airflow/.local/lib/python3.12/site-packages/airflow/example_dags/example_task_group.py
[2025-07-01T21:30:30.373+0000] {processor.py:914} INFO - Processing file /home/airflow/.local/lib/python3.12/site-packages/airflow/example_dags/example_task_group.py for tasks to queue
[2025-07-01T21:30:30.375+0000] {logging_mixin.py:190} INFO - [2025-07-01T21:30:30.375+0000] {dagbag.py:588} INFO - Filling up the DagBag from /home/airflow/.local/lib/python3.12/site-packages/airflow/example_dags/example_task_group.py
[2025-07-01T21:30:30.383+0000] {processor.py:925} INFO - DAG(s) 'example_task_group' retrieved from /home/airflow/.local/lib/python3.12/site-packages/airflow/example_dags/example_task_group.py
[2025-07-01T21:30:30.402+0000] {logging_mixin.py:190} INFO - [2025-07-01T21:30:30.402+0000] {dag.py:3239} INFO - Sync 1 DAGs
[2025-07-01T21:30:30.414+0000] {logging_mixin.py:190} INFO - [2025-07-01T21:30:30.414+0000] {dag.py:4180} INFO - Setting next_dagrun for example_task_group to None, run_after=None
[2025-07-01T21:30:30.435+0000] {processor.py:208} INFO - Processing /home/airflow/.local/lib/python3.12/site-packages/airflow/example_dags/example_task_group.py took 0.067 seconds
[2025-07-01T21:31:00.943+0000] {processor.py:186} INFO - Started process (PID=1801) to work on /home/airflow/.local/lib/python3.12/site-packages/airflow/example_dags/example_task_group.py
[2025-07-01T21:31:00.944+0000] {processor.py:914} INFO - Processing file /home/airflow/.local/lib/python3.12/site-packages/airflow/example_dags/example_task_group.py for tasks to queue
[2025-07-01T21:31:00.946+0000] {logging_mixin.py:190} INFO - [2025-07-01T21:31:00.945+0000] {dagbag.py:588} INFO - Filling up the DagBag from /home/airflow/.local/lib/python3.12/site-packages/airflow/example_dags/example_task_group.py
[2025-07-01T21:31:00.953+0000] {processor.py:925} INFO - DAG(s) 'example_task_group' retrieved from /home/airflow/.local/lib/python3.12/site-packages/airflow/example_dags/example_task_group.py
[2025-07-01T21:31:00.972+0000] {logging_mixin.py:190} INFO - [2025-07-01T21:31:00.971+0000] {dag.py:3239} INFO - Sync 1 DAGs
[2025-07-01T21:31:00.984+0000] {logging_mixin.py:190} INFO - [2025-07-01T21:31:00.983+0000] {dag.py:4180} INFO - Setting next_dagrun for example_task_group to None, run_after=None
[2025-07-01T21:31:01.001+0000] {processor.py:208} INFO - Processing /home/airflow/.local/lib/python3.12/site-packages/airflow/example_dags/example_task_group.py took 0.064 seconds
[2025-07-01T21:31:31.155+0000] {processor.py:186} INFO - Started process (PID=1862) to work on /home/airflow/.local/lib/python3.12/site-packages/airflow/example_dags/example_task_group.py
[2025-07-01T21:31:31.156+0000] {processor.py:914} INFO - Processing file /home/airflow/.local/lib/python3.12/site-packages/airflow/example_dags/example_task_group.py for tasks to queue
[2025-07-01T21:31:31.158+0000] {logging_mixin.py:190} INFO - [2025-07-01T21:31:31.158+0000] {dagbag.py:588} INFO - Filling up the DagBag from /home/airflow/.local/lib/python3.12/site-packages/airflow/example_dags/example_task_group.py
[2025-07-01T21:31:31.165+0000] {processor.py:925} INFO - DAG(s) 'example_task_group' retrieved from /home/airflow/.local/lib/python3.12/site-packages/airflow/example_dags/example_task_group.py
[2025-07-01T21:31:31.182+0000] {logging_mixin.py:190} INFO - [2025-07-01T21:31:31.182+0000] {dag.py:3239} INFO - Sync 1 DAGs
[2025-07-01T21:31:31.195+0000] {logging_mixin.py:190} INFO - [2025-07-01T21:31:31.195+0000] {dag.py:4180} INFO - Setting next_dagrun for example_task_group to None, run_after=None
[2025-07-01T21:31:31.214+0000] {processor.py:208} INFO - Processing /home/airflow/.local/lib/python3.12/site-packages/airflow/example_dags/example_task_group.py took 0.064 seconds
[2025-07-01T21:32:01.611+0000] {processor.py:186} INFO - Started process (PID=1926) to work on /home/airflow/.local/lib/python3.12/site-packages/airflow/example_dags/example_task_group.py
[2025-07-01T21:32:01.612+0000] {processor.py:914} INFO - Processing file /home/airflow/.local/lib/python3.12/site-packages/airflow/example_dags/example_task_group.py for tasks to queue
[2025-07-01T21:32:01.613+0000] {logging_mixin.py:190} INFO - [2025-07-01T21:32:01.613+0000] {dagbag.py:588} INFO - Filling up the DagBag from /home/airflow/.local/lib/python3.12/site-packages/airflow/example_dags/example_task_group.py
[2025-07-01T21:32:01.621+0000] {processor.py:925} INFO - DAG(s) 'example_task_group' retrieved from /home/airflow/.local/lib/python3.12/site-packages/airflow/example_dags/example_task_group.py
[2025-07-01T21:32:01.640+0000] {logging_mixin.py:190} INFO - [2025-07-01T21:32:01.640+0000] {dag.py:3239} INFO - Sync 1 DAGs
[2025-07-01T21:32:01.652+0000] {logging_mixin.py:190} INFO - [2025-07-01T21:32:01.651+0000] {dag.py:4180} INFO - Setting next_dagrun for example_task_group to None, run_after=None
[2025-07-01T21:32:01.673+0000] {processor.py:208} INFO - Processing /home/airflow/.local/lib/python3.12/site-packages/airflow/example_dags/example_task_group.py took 0.067 seconds
[2025-07-01T21:32:32.434+0000] {processor.py:186} INFO - Started process (PID=1989) to work on /home/airflow/.local/lib/python3.12/site-packages/airflow/example_dags/example_task_group.py
[2025-07-01T21:32:32.435+0000] {processor.py:914} INFO - Processing file /home/airflow/.local/lib/python3.12/site-packages/airflow/example_dags/example_task_group.py for tasks to queue
[2025-07-01T21:32:32.437+0000] {logging_mixin.py:190} INFO - [2025-07-01T21:32:32.437+0000] {dagbag.py:588} INFO - Filling up the DagBag from /home/airflow/.local/lib/python3.12/site-packages/airflow/example_dags/example_task_group.py
[2025-07-01T21:32:32.445+0000] {processor.py:925} INFO - DAG(s) 'example_task_group' retrieved from /home/airflow/.local/lib/python3.12/site-packages/airflow/example_dags/example_task_group.py
[2025-07-01T21:32:32.463+0000] {logging_mixin.py:190} INFO - [2025-07-01T21:32:32.463+0000] {dag.py:3239} INFO - Sync 1 DAGs
[2025-07-01T21:32:32.475+0000] {logging_mixin.py:190} INFO - [2025-07-01T21:32:32.475+0000] {dag.py:4180} INFO - Setting next_dagrun for example_task_group to None, run_after=None
[2025-07-01T21:32:32.496+0000] {processor.py:208} INFO - Processing /home/airflow/.local/lib/python3.12/site-packages/airflow/example_dags/example_task_group.py took 0.067 seconds
[2025-07-01T21:33:02.646+0000] {processor.py:186} INFO - Started process (PID=2051) to work on /home/airflow/.local/lib/python3.12/site-packages/airflow/example_dags/example_task_group.py
[2025-07-01T21:33:02.647+0000] {processor.py:914} INFO - Processing file /home/airflow/.local/lib/python3.12/site-packages/airflow/example_dags/example_task_group.py for tasks to queue
[2025-07-01T21:33:02.649+0000] {logging_mixin.py:190} INFO - [2025-07-01T21:33:02.649+0000] {dagbag.py:588} INFO - Filling up the DagBag from /home/airflow/.local/lib/python3.12/site-packages/airflow/example_dags/example_task_group.py
[2025-07-01T21:33:02.657+0000] {processor.py:925} INFO - DAG(s) 'example_task_group' retrieved from /home/airflow/.local/lib/python3.12/site-packages/airflow/example_dags/example_task_group.py
[2025-07-01T21:33:02.674+0000] {logging_mixin.py:190} INFO - [2025-07-01T21:33:02.674+0000] {dag.py:3239} INFO - Sync 1 DAGs
[2025-07-01T21:33:02.685+0000] {logging_mixin.py:190} INFO - [2025-07-01T21:33:02.685+0000] {dag.py:4180} INFO - Setting next_dagrun for example_task_group to None, run_after=None
[2025-07-01T21:33:02.704+0000] {processor.py:208} INFO - Processing /home/airflow/.local/lib/python3.12/site-packages/airflow/example_dags/example_task_group.py took 0.063 seconds
[2025-07-01T21:33:32.822+0000] {processor.py:186} INFO - Started process (PID=2114) to work on /home/airflow/.local/lib/python3.12/site-packages/airflow/example_dags/example_task_group.py
[2025-07-01T21:33:32.823+0000] {processor.py:914} INFO - Processing file /home/airflow/.local/lib/python3.12/site-packages/airflow/example_dags/example_task_group.py for tasks to queue
[2025-07-01T21:33:32.826+0000] {logging_mixin.py:190} INFO - [2025-07-01T21:33:32.825+0000] {dagbag.py:588} INFO - Filling up the DagBag from /home/airflow/.local/lib/python3.12/site-packages/airflow/example_dags/example_task_group.py
[2025-07-01T21:33:32.835+0000] {processor.py:925} INFO - DAG(s) 'example_task_group' retrieved from /home/airflow/.local/lib/python3.12/site-packages/airflow/example_dags/example_task_group.py
[2025-07-01T21:33:32.855+0000] {logging_mixin.py:190} INFO - [2025-07-01T21:33:32.855+0000] {dag.py:3239} INFO - Sync 1 DAGs
[2025-07-01T21:33:32.869+0000] {logging_mixin.py:190} INFO - [2025-07-01T21:33:32.869+0000] {dag.py:4180} INFO - Setting next_dagrun for example_task_group to None, run_after=None
[2025-07-01T21:33:32.891+0000] {processor.py:208} INFO - Processing /home/airflow/.local/lib/python3.12/site-packages/airflow/example_dags/example_task_group.py took 0.076 seconds
[2025-07-01T21:34:02.931+0000] {processor.py:186} INFO - Started process (PID=2177) to work on /home/airflow/.local/lib/python3.12/site-packages/airflow/example_dags/example_task_group.py
[2025-07-01T21:34:02.932+0000] {processor.py:914} INFO - Processing file /home/airflow/.local/lib/python3.12/site-packages/airflow/example_dags/example_task_group.py for tasks to queue
[2025-07-01T21:34:02.934+0000] {logging_mixin.py:190} INFO - [2025-07-01T21:34:02.934+0000] {dagbag.py:588} INFO - Filling up the DagBag from /home/airflow/.local/lib/python3.12/site-packages/airflow/example_dags/example_task_group.py
[2025-07-01T21:34:02.942+0000] {processor.py:925} INFO - DAG(s) 'example_task_group' retrieved from /home/airflow/.local/lib/python3.12/site-packages/airflow/example_dags/example_task_group.py
[2025-07-01T21:34:02.963+0000] {logging_mixin.py:190} INFO - [2025-07-01T21:34:02.962+0000] {dag.py:3239} INFO - Sync 1 DAGs
[2025-07-01T21:34:02.976+0000] {logging_mixin.py:190} INFO - [2025-07-01T21:34:02.976+0000] {dag.py:4180} INFO - Setting next_dagrun for example_task_group to None, run_after=None
[2025-07-01T21:34:02.998+0000] {processor.py:208} INFO - Processing /home/airflow/.local/lib/python3.12/site-packages/airflow/example_dags/example_task_group.py took 0.072 seconds
[2025-07-01T21:34:33.199+0000] {processor.py:186} INFO - Started process (PID=2240) to work on /home/airflow/.local/lib/python3.12/site-packages/airflow/example_dags/example_task_group.py
[2025-07-01T21:34:33.200+0000] {processor.py:914} INFO - Processing file /home/airflow/.local/lib/python3.12/site-packages/airflow/example_dags/example_task_group.py for tasks to queue
[2025-07-01T21:34:33.202+0000] {logging_mixin.py:190} INFO - [2025-07-01T21:34:33.202+0000] {dagbag.py:588} INFO - Filling up the DagBag from /home/airflow/.local/lib/python3.12/site-packages/airflow/example_dags/example_task_group.py
[2025-07-01T21:34:33.209+0000] {processor.py:925} INFO - DAG(s) 'example_task_group' retrieved from /home/airflow/.local/lib/python3.12/site-packages/airflow/example_dags/example_task_group.py
[2025-07-01T21:34:33.227+0000] {logging_mixin.py:190} INFO - [2025-07-01T21:34:33.227+0000] {dag.py:3239} INFO - Sync 1 DAGs
[2025-07-01T21:34:33.240+0000] {logging_mixin.py:190} INFO - [2025-07-01T21:34:33.239+0000] {dag.py:4180} INFO - Setting next_dagrun for example_task_group to None, run_after=None
[2025-07-01T21:34:33.258+0000] {processor.py:208} INFO - Processing /home/airflow/.local/lib/python3.12/site-packages/airflow/example_dags/example_task_group.py took 0.065 seconds
[2025-07-01T21:35:04.217+0000] {processor.py:186} INFO - Started process (PID=2303) to work on /home/airflow/.local/lib/python3.12/site-packages/airflow/example_dags/example_task_group.py
[2025-07-01T21:35:04.218+0000] {processor.py:914} INFO - Processing file /home/airflow/.local/lib/python3.12/site-packages/airflow/example_dags/example_task_group.py for tasks to queue
[2025-07-01T21:35:04.220+0000] {logging_mixin.py:190} INFO - [2025-07-01T21:35:04.220+0000] {dagbag.py:588} INFO - Filling up the DagBag from /home/airflow/.local/lib/python3.12/site-packages/airflow/example_dags/example_task_group.py
[2025-07-01T21:35:04.227+0000] {processor.py:925} INFO - DAG(s) 'example_task_group' retrieved from /home/airflow/.local/lib/python3.12/site-packages/airflow/example_dags/example_task_group.py
[2025-07-01T21:35:04.244+0000] {logging_mixin.py:190} INFO - [2025-07-01T21:35:04.244+0000] {dag.py:3239} INFO - Sync 1 DAGs
[2025-07-01T21:35:04.255+0000] {logging_mixin.py:190} INFO - [2025-07-01T21:35:04.255+0000] {dag.py:4180} INFO - Setting next_dagrun for example_task_group to None, run_after=None
[2025-07-01T21:35:04.274+0000] {processor.py:208} INFO - Processing /home/airflow/.local/lib/python3.12/site-packages/airflow/example_dags/example_task_group.py took 0.062 seconds
[2025-07-01T21:35:35.117+0000] {processor.py:186} INFO - Started process (PID=2366) to work on /home/airflow/.local/lib/python3.12/site-packages/airflow/example_dags/example_task_group.py
[2025-07-01T21:35:35.118+0000] {processor.py:914} INFO - Processing file /home/airflow/.local/lib/python3.12/site-packages/airflow/example_dags/example_task_group.py for tasks to queue
[2025-07-01T21:35:35.121+0000] {logging_mixin.py:190} INFO - [2025-07-01T21:35:35.120+0000] {dagbag.py:588} INFO - Filling up the DagBag from /home/airflow/.local/lib/python3.12/site-packages/airflow/example_dags/example_task_group.py
[2025-07-01T21:35:35.128+0000] {processor.py:925} INFO - DAG(s) 'example_task_group' retrieved from /home/airflow/.local/lib/python3.12/site-packages/airflow/example_dags/example_task_group.py
[2025-07-01T21:35:35.145+0000] {logging_mixin.py:190} INFO - [2025-07-01T21:35:35.144+0000] {dag.py:3239} INFO - Sync 1 DAGs
[2025-07-01T21:35:35.156+0000] {logging_mixin.py:190} INFO - [2025-07-01T21:35:35.155+0000] {dag.py:4180} INFO - Setting next_dagrun for example_task_group to None, run_after=None
[2025-07-01T21:35:35.175+0000] {processor.py:208} INFO - Processing /home/airflow/.local/lib/python3.12/site-packages/airflow/example_dags/example_task_group.py took 0.063 seconds
[2025-07-01T21:36:05.690+0000] {processor.py:186} INFO - Started process (PID=2429) to work on /home/airflow/.local/lib/python3.12/site-packages/airflow/example_dags/example_task_group.py
[2025-07-01T21:36:05.691+0000] {processor.py:914} INFO - Processing file /home/airflow/.local/lib/python3.12/site-packages/airflow/example_dags/example_task_group.py for tasks to queue
[2025-07-01T21:36:05.693+0000] {logging_mixin.py:190} INFO - [2025-07-01T21:36:05.692+0000] {dagbag.py:588} INFO - Filling up the DagBag from /home/airflow/.local/lib/python3.12/site-packages/airflow/example_dags/example_task_group.py
[2025-07-01T21:36:05.700+0000] {processor.py:925} INFO - DAG(s) 'example_task_group' retrieved from /home/airflow/.local/lib/python3.12/site-packages/airflow/example_dags/example_task_group.py
[2025-07-01T21:36:05.719+0000] {logging_mixin.py:190} INFO - [2025-07-01T21:36:05.719+0000] {dag.py:3239} INFO - Sync 1 DAGs
[2025-07-01T21:36:05.730+0000] {logging_mixin.py:190} INFO - [2025-07-01T21:36:05.730+0000] {dag.py:4180} INFO - Setting next_dagrun for example_task_group to None, run_after=None
[2025-07-01T21:36:05.750+0000] {processor.py:208} INFO - Processing /home/airflow/.local/lib/python3.12/site-packages/airflow/example_dags/example_task_group.py took 0.066 seconds
[2025-07-01T21:36:36.052+0000] {processor.py:186} INFO - Started process (PID=2492) to work on /home/airflow/.local/lib/python3.12/site-packages/airflow/example_dags/example_task_group.py
[2025-07-01T21:36:36.052+0000] {processor.py:914} INFO - Processing file /home/airflow/.local/lib/python3.12/site-packages/airflow/example_dags/example_task_group.py for tasks to queue
[2025-07-01T21:36:36.055+0000] {logging_mixin.py:190} INFO - [2025-07-01T21:36:36.055+0000] {dagbag.py:588} INFO - Filling up the DagBag from /home/airflow/.local/lib/python3.12/site-packages/airflow/example_dags/example_task_group.py
[2025-07-01T21:36:36.063+0000] {processor.py:925} INFO - DAG(s) 'example_task_group' retrieved from /home/airflow/.local/lib/python3.12/site-packages/airflow/example_dags/example_task_group.py
[2025-07-01T21:36:36.081+0000] {logging_mixin.py:190} INFO - [2025-07-01T21:36:36.081+0000] {dag.py:3239} INFO - Sync 1 DAGs
[2025-07-01T21:36:36.093+0000] {logging_mixin.py:190} INFO - [2025-07-01T21:36:36.092+0000] {dag.py:4180} INFO - Setting next_dagrun for example_task_group to None, run_after=None
[2025-07-01T21:36:36.109+0000] {processor.py:208} INFO - Processing /home/airflow/.local/lib/python3.12/site-packages/airflow/example_dags/example_task_group.py took 0.063 seconds
[2025-07-01T21:37:06.254+0000] {processor.py:186} INFO - Started process (PID=2555) to work on /home/airflow/.local/lib/python3.12/site-packages/airflow/example_dags/example_task_group.py
[2025-07-01T21:37:06.255+0000] {processor.py:914} INFO - Processing file /home/airflow/.local/lib/python3.12/site-packages/airflow/example_dags/example_task_group.py for tasks to queue
[2025-07-01T21:37:06.258+0000] {logging_mixin.py:190} INFO - [2025-07-01T21:37:06.258+0000] {dagbag.py:588} INFO - Filling up the DagBag from /home/airflow/.local/lib/python3.12/site-packages/airflow/example_dags/example_task_group.py
[2025-07-01T21:37:06.265+0000] {processor.py:925} INFO - DAG(s) 'example_task_group' retrieved from /home/airflow/.local/lib/python3.12/site-packages/airflow/example_dags/example_task_group.py
[2025-07-01T21:37:06.282+0000] {logging_mixin.py:190} INFO - [2025-07-01T21:37:06.282+0000] {dag.py:3239} INFO - Sync 1 DAGs
[2025-07-01T21:37:06.293+0000] {logging_mixin.py:190} INFO - [2025-07-01T21:37:06.293+0000] {dag.py:4180} INFO - Setting next_dagrun for example_task_group to None, run_after=None
[2025-07-01T21:37:06.312+0000] {processor.py:208} INFO - Processing /home/airflow/.local/lib/python3.12/site-packages/airflow/example_dags/example_task_group.py took 0.063 seconds
[2025-07-01T21:37:36.869+0000] {processor.py:186} INFO - Started process (PID=2618) to work on /home/airflow/.local/lib/python3.12/site-packages/airflow/example_dags/example_task_group.py
[2025-07-01T21:37:36.870+0000] {processor.py:914} INFO - Processing file /home/airflow/.local/lib/python3.12/site-packages/airflow/example_dags/example_task_group.py for tasks to queue
[2025-07-01T21:37:36.872+0000] {logging_mixin.py:190} INFO - [2025-07-01T21:37:36.872+0000] {dagbag.py:588} INFO - Filling up the DagBag from /home/airflow/.local/lib/python3.12/site-packages/airflow/example_dags/example_task_group.py
[2025-07-01T21:37:36.879+0000] {processor.py:925} INFO - DAG(s) 'example_task_group' retrieved from /home/airflow/.local/lib/python3.12/site-packages/airflow/example_dags/example_task_group.py
[2025-07-01T21:37:36.896+0000] {logging_mixin.py:190} INFO - [2025-07-01T21:37:36.896+0000] {dag.py:3239} INFO - Sync 1 DAGs
[2025-07-01T21:37:36.907+0000] {logging_mixin.py:190} INFO - [2025-07-01T21:37:36.907+0000] {dag.py:4180} INFO - Setting next_dagrun for example_task_group to None, run_after=None
[2025-07-01T21:37:36.927+0000] {processor.py:208} INFO - Processing /home/airflow/.local/lib/python3.12/site-packages/airflow/example_dags/example_task_group.py took 0.062 seconds
[2025-07-01T21:38:07.767+0000] {processor.py:186} INFO - Started process (PID=2681) to work on /home/airflow/.local/lib/python3.12/site-packages/airflow/example_dags/example_task_group.py
[2025-07-01T21:38:07.768+0000] {processor.py:914} INFO - Processing file /home/airflow/.local/lib/python3.12/site-packages/airflow/example_dags/example_task_group.py for tasks to queue
[2025-07-01T21:38:07.770+0000] {logging_mixin.py:190} INFO - [2025-07-01T21:38:07.769+0000] {dagbag.py:588} INFO - Filling up the DagBag from /home/airflow/.local/lib/python3.12/site-packages/airflow/example_dags/example_task_group.py
[2025-07-01T21:38:07.777+0000] {processor.py:925} INFO - DAG(s) 'example_task_group' retrieved from /home/airflow/.local/lib/python3.12/site-packages/airflow/example_dags/example_task_group.py
[2025-07-01T21:38:07.794+0000] {logging_mixin.py:190} INFO - [2025-07-01T21:38:07.794+0000] {dag.py:3239} INFO - Sync 1 DAGs
[2025-07-01T21:38:07.806+0000] {logging_mixin.py:190} INFO - [2025-07-01T21:38:07.806+0000] {dag.py:4180} INFO - Setting next_dagrun for example_task_group to None, run_after=None
[2025-07-01T21:38:07.824+0000] {processor.py:208} INFO - Processing /home/airflow/.local/lib/python3.12/site-packages/airflow/example_dags/example_task_group.py took 0.063 seconds
[2025-07-01T21:38:38.350+0000] {processor.py:186} INFO - Started process (PID=2744) to work on /home/airflow/.local/lib/python3.12/site-packages/airflow/example_dags/example_task_group.py
[2025-07-01T21:38:38.350+0000] {processor.py:914} INFO - Processing file /home/airflow/.local/lib/python3.12/site-packages/airflow/example_dags/example_task_group.py for tasks to queue
[2025-07-01T21:38:38.352+0000] {logging_mixin.py:190} INFO - [2025-07-01T21:38:38.352+0000] {dagbag.py:588} INFO - Filling up the DagBag from /home/airflow/.local/lib/python3.12/site-packages/airflow/example_dags/example_task_group.py
[2025-07-01T21:38:38.360+0000] {processor.py:925} INFO - DAG(s) 'example_task_group' retrieved from /home/airflow/.local/lib/python3.12/site-packages/airflow/example_dags/example_task_group.py
[2025-07-01T21:38:38.377+0000] {logging_mixin.py:190} INFO - [2025-07-01T21:38:38.377+0000] {dag.py:3239} INFO - Sync 1 DAGs
[2025-07-01T21:38:38.389+0000] {logging_mixin.py:190} INFO - [2025-07-01T21:38:38.389+0000] {dag.py:4180} INFO - Setting next_dagrun for example_task_group to None, run_after=None
[2025-07-01T21:38:38.406+0000] {processor.py:208} INFO - Processing /home/airflow/.local/lib/python3.12/site-packages/airflow/example_dags/example_task_group.py took 0.062 seconds
[2025-07-01T21:39:09.250+0000] {processor.py:186} INFO - Started process (PID=2807) to work on /home/airflow/.local/lib/python3.12/site-packages/airflow/example_dags/example_task_group.py
[2025-07-01T21:39:09.251+0000] {processor.py:914} INFO - Processing file /home/airflow/.local/lib/python3.12/site-packages/airflow/example_dags/example_task_group.py for tasks to queue
[2025-07-01T21:39:09.253+0000] {logging_mixin.py:190} INFO - [2025-07-01T21:39:09.253+0000] {dagbag.py:588} INFO - Filling up the DagBag from /home/airflow/.local/lib/python3.12/site-packages/airflow/example_dags/example_task_group.py
[2025-07-01T21:39:09.261+0000] {processor.py:925} INFO - DAG(s) 'example_task_group' retrieved from /home/airflow/.local/lib/python3.12/site-packages/airflow/example_dags/example_task_group.py
[2025-07-01T21:39:09.280+0000] {logging_mixin.py:190} INFO - [2025-07-01T21:39:09.280+0000] {dag.py:3239} INFO - Sync 1 DAGs
[2025-07-01T21:39:09.293+0000] {logging_mixin.py:190} INFO - [2025-07-01T21:39:09.293+0000] {dag.py:4180} INFO - Setting next_dagrun for example_task_group to None, run_after=None
[2025-07-01T21:39:09.318+0000] {processor.py:208} INFO - Processing /home/airflow/.local/lib/python3.12/site-packages/airflow/example_dags/example_task_group.py took 0.074 seconds
[2025-07-01T21:39:40.084+0000] {processor.py:186} INFO - Started process (PID=2870) to work on /home/airflow/.local/lib/python3.12/site-packages/airflow/example_dags/example_task_group.py
[2025-07-01T21:39:40.085+0000] {processor.py:914} INFO - Processing file /home/airflow/.local/lib/python3.12/site-packages/airflow/example_dags/example_task_group.py for tasks to queue
[2025-07-01T21:39:40.087+0000] {logging_mixin.py:190} INFO - [2025-07-01T21:39:40.087+0000] {dagbag.py:588} INFO - Filling up the DagBag from /home/airflow/.local/lib/python3.12/site-packages/airflow/example_dags/example_task_group.py
[2025-07-01T21:39:40.095+0000] {processor.py:925} INFO - DAG(s) 'example_task_group' retrieved from /home/airflow/.local/lib/python3.12/site-packages/airflow/example_dags/example_task_group.py
[2025-07-01T21:39:40.113+0000] {logging_mixin.py:190} INFO - [2025-07-01T21:39:40.113+0000] {dag.py:3239} INFO - Sync 1 DAGs
[2025-07-01T21:39:40.125+0000] {logging_mixin.py:190} INFO - [2025-07-01T21:39:40.124+0000] {dag.py:4180} INFO - Setting next_dagrun for example_task_group to None, run_after=None
[2025-07-01T21:39:40.142+0000] {processor.py:208} INFO - Processing /home/airflow/.local/lib/python3.12/site-packages/airflow/example_dags/example_task_group.py took 0.064 seconds
[2025-07-01T21:40:11.058+0000] {processor.py:186} INFO - Started process (PID=2934) to work on /home/airflow/.local/lib/python3.12/site-packages/airflow/example_dags/example_task_group.py
[2025-07-01T21:40:11.059+0000] {processor.py:914} INFO - Processing file /home/airflow/.local/lib/python3.12/site-packages/airflow/example_dags/example_task_group.py for tasks to queue
[2025-07-01T21:40:11.061+0000] {logging_mixin.py:190} INFO - [2025-07-01T21:40:11.060+0000] {dagbag.py:588} INFO - Filling up the DagBag from /home/airflow/.local/lib/python3.12/site-packages/airflow/example_dags/example_task_group.py
[2025-07-01T21:40:11.069+0000] {processor.py:925} INFO - DAG(s) 'example_task_group' retrieved from /home/airflow/.local/lib/python3.12/site-packages/airflow/example_dags/example_task_group.py
[2025-07-01T21:40:11.087+0000] {logging_mixin.py:190} INFO - [2025-07-01T21:40:11.087+0000] {dag.py:3239} INFO - Sync 1 DAGs
[2025-07-01T21:40:11.099+0000] {logging_mixin.py:190} INFO - [2025-07-01T21:40:11.099+0000] {dag.py:4180} INFO - Setting next_dagrun for example_task_group to None, run_after=None
[2025-07-01T21:40:11.117+0000] {processor.py:208} INFO - Processing /home/airflow/.local/lib/python3.12/site-packages/airflow/example_dags/example_task_group.py took 0.065 seconds
[2025-07-01T21:40:41.808+0000] {processor.py:186} INFO - Started process (PID=2997) to work on /home/airflow/.local/lib/python3.12/site-packages/airflow/example_dags/example_task_group.py
[2025-07-01T21:40:41.809+0000] {processor.py:914} INFO - Processing file /home/airflow/.local/lib/python3.12/site-packages/airflow/example_dags/example_task_group.py for tasks to queue
[2025-07-01T21:40:41.811+0000] {logging_mixin.py:190} INFO - [2025-07-01T21:40:41.811+0000] {dagbag.py:588} INFO - Filling up the DagBag from /home/airflow/.local/lib/python3.12/site-packages/airflow/example_dags/example_task_group.py
[2025-07-01T21:40:41.819+0000] {processor.py:925} INFO - DAG(s) 'example_task_group' retrieved from /home/airflow/.local/lib/python3.12/site-packages/airflow/example_dags/example_task_group.py
[2025-07-01T21:40:41.838+0000] {logging_mixin.py:190} INFO - [2025-07-01T21:40:41.837+0000] {dag.py:3239} INFO - Sync 1 DAGs
[2025-07-01T21:40:41.849+0000] {logging_mixin.py:190} INFO - [2025-07-01T21:40:41.849+0000] {dag.py:4180} INFO - Setting next_dagrun for example_task_group to None, run_after=None
[2025-07-01T21:40:41.874+0000] {processor.py:208} INFO - Processing /home/airflow/.local/lib/python3.12/site-packages/airflow/example_dags/example_task_group.py took 0.071 seconds
[2025-07-01T21:41:12.591+0000] {processor.py:186} INFO - Started process (PID=3060) to work on /home/airflow/.local/lib/python3.12/site-packages/airflow/example_dags/example_task_group.py
[2025-07-01T21:41:12.592+0000] {processor.py:914} INFO - Processing file /home/airflow/.local/lib/python3.12/site-packages/airflow/example_dags/example_task_group.py for tasks to queue
[2025-07-01T21:41:12.594+0000] {logging_mixin.py:190} INFO - [2025-07-01T21:41:12.594+0000] {dagbag.py:588} INFO - Filling up the DagBag from /home/airflow/.local/lib/python3.12/site-packages/airflow/example_dags/example_task_group.py
[2025-07-01T21:41:12.601+0000] {processor.py:925} INFO - DAG(s) 'example_task_group' retrieved from /home/airflow/.local/lib/python3.12/site-packages/airflow/example_dags/example_task_group.py
[2025-07-01T21:41:12.620+0000] {logging_mixin.py:190} INFO - [2025-07-01T21:41:12.619+0000] {dag.py:3239} INFO - Sync 1 DAGs
[2025-07-01T21:41:12.630+0000] {logging_mixin.py:190} INFO - [2025-07-01T21:41:12.630+0000] {dag.py:4180} INFO - Setting next_dagrun for example_task_group to None, run_after=None
[2025-07-01T21:41:12.648+0000] {processor.py:208} INFO - Processing /home/airflow/.local/lib/python3.12/site-packages/airflow/example_dags/example_task_group.py took 0.062 seconds
[2025-07-01T21:41:43.499+0000] {processor.py:186} INFO - Started process (PID=3123) to work on /home/airflow/.local/lib/python3.12/site-packages/airflow/example_dags/example_task_group.py
[2025-07-01T21:41:43.500+0000] {processor.py:914} INFO - Processing file /home/airflow/.local/lib/python3.12/site-packages/airflow/example_dags/example_task_group.py for tasks to queue
[2025-07-01T21:41:43.502+0000] {logging_mixin.py:190} INFO - [2025-07-01T21:41:43.502+0000] {dagbag.py:588} INFO - Filling up the DagBag from /home/airflow/.local/lib/python3.12/site-packages/airflow/example_dags/example_task_group.py
[2025-07-01T21:41:43.510+0000] {processor.py:925} INFO - DAG(s) 'example_task_group' retrieved from /home/airflow/.local/lib/python3.12/site-packages/airflow/example_dags/example_task_group.py
[2025-07-01T21:41:43.529+0000] {logging_mixin.py:190} INFO - [2025-07-01T21:41:43.528+0000] {dag.py:3239} INFO - Sync 1 DAGs
[2025-07-01T21:41:43.541+0000] {logging_mixin.py:190} INFO - [2025-07-01T21:41:43.540+0000] {dag.py:4180} INFO - Setting next_dagrun for example_task_group to None, run_after=None
[2025-07-01T21:41:43.560+0000] {processor.py:208} INFO - Processing /home/airflow/.local/lib/python3.12/site-packages/airflow/example_dags/example_task_group.py took 0.066 seconds
[2025-07-01T21:42:14.318+0000] {processor.py:186} INFO - Started process (PID=3186) to work on /home/airflow/.local/lib/python3.12/site-packages/airflow/example_dags/example_task_group.py
[2025-07-01T21:42:14.319+0000] {processor.py:914} INFO - Processing file /home/airflow/.local/lib/python3.12/site-packages/airflow/example_dags/example_task_group.py for tasks to queue
[2025-07-01T21:42:14.321+0000] {logging_mixin.py:190} INFO - [2025-07-01T21:42:14.321+0000] {dagbag.py:588} INFO - Filling up the DagBag from /home/airflow/.local/lib/python3.12/site-packages/airflow/example_dags/example_task_group.py
[2025-07-01T21:42:14.329+0000] {processor.py:925} INFO - DAG(s) 'example_task_group' retrieved from /home/airflow/.local/lib/python3.12/site-packages/airflow/example_dags/example_task_group.py
[2025-07-01T21:42:14.349+0000] {logging_mixin.py:190} INFO - [2025-07-01T21:42:14.349+0000] {dag.py:3239} INFO - Sync 1 DAGs
[2025-07-01T21:42:14.361+0000] {logging_mixin.py:190} INFO - [2025-07-01T21:42:14.361+0000] {dag.py:4180} INFO - Setting next_dagrun for example_task_group to None, run_after=None
[2025-07-01T21:42:14.380+0000] {processor.py:208} INFO - Processing /home/airflow/.local/lib/python3.12/site-packages/airflow/example_dags/example_task_group.py took 0.068 seconds
[2025-07-01T21:42:45.287+0000] {processor.py:186} INFO - Started process (PID=3250) to work on /home/airflow/.local/lib/python3.12/site-packages/airflow/example_dags/example_task_group.py
[2025-07-01T21:42:45.288+0000] {processor.py:914} INFO - Processing file /home/airflow/.local/lib/python3.12/site-packages/airflow/example_dags/example_task_group.py for tasks to queue
[2025-07-01T21:42:45.290+0000] {logging_mixin.py:190} INFO - [2025-07-01T21:42:45.289+0000] {dagbag.py:588} INFO - Filling up the DagBag from /home/airflow/.local/lib/python3.12/site-packages/airflow/example_dags/example_task_group.py
[2025-07-01T21:42:45.297+0000] {processor.py:925} INFO - DAG(s) 'example_task_group' retrieved from /home/airflow/.local/lib/python3.12/site-packages/airflow/example_dags/example_task_group.py
[2025-07-01T21:42:45.315+0000] {logging_mixin.py:190} INFO - [2025-07-01T21:42:45.315+0000] {dag.py:3239} INFO - Sync 1 DAGs
[2025-07-01T21:42:45.326+0000] {logging_mixin.py:190} INFO - [2025-07-01T21:42:45.326+0000] {dag.py:4180} INFO - Setting next_dagrun for example_task_group to None, run_after=None
[2025-07-01T21:42:45.347+0000] {processor.py:208} INFO - Processing /home/airflow/.local/lib/python3.12/site-packages/airflow/example_dags/example_task_group.py took 0.066 seconds
[2025-07-01T21:43:15.454+0000] {processor.py:186} INFO - Started process (PID=3313) to work on /home/airflow/.local/lib/python3.12/site-packages/airflow/example_dags/example_task_group.py
[2025-07-01T21:43:15.456+0000] {processor.py:914} INFO - Processing file /home/airflow/.local/lib/python3.12/site-packages/airflow/example_dags/example_task_group.py for tasks to queue
[2025-07-01T21:43:15.458+0000] {logging_mixin.py:190} INFO - [2025-07-01T21:43:15.458+0000] {dagbag.py:588} INFO - Filling up the DagBag from /home/airflow/.local/lib/python3.12/site-packages/airflow/example_dags/example_task_group.py
[2025-07-01T21:43:15.465+0000] {processor.py:925} INFO - DAG(s) 'example_task_group' retrieved from /home/airflow/.local/lib/python3.12/site-packages/airflow/example_dags/example_task_group.py
[2025-07-01T21:43:15.484+0000] {logging_mixin.py:190} INFO - [2025-07-01T21:43:15.484+0000] {dag.py:3239} INFO - Sync 1 DAGs
[2025-07-01T21:43:15.496+0000] {logging_mixin.py:190} INFO - [2025-07-01T21:43:15.495+0000] {dag.py:4180} INFO - Setting next_dagrun for example_task_group to None, run_after=None
[2025-07-01T21:43:15.520+0000] {processor.py:208} INFO - Processing /home/airflow/.local/lib/python3.12/site-packages/airflow/example_dags/example_task_group.py took 0.070 seconds
[2025-07-01T21:43:46.325+0000] {processor.py:186} INFO - Started process (PID=3376) to work on /home/airflow/.local/lib/python3.12/site-packages/airflow/example_dags/example_task_group.py
[2025-07-01T21:43:46.326+0000] {processor.py:914} INFO - Processing file /home/airflow/.local/lib/python3.12/site-packages/airflow/example_dags/example_task_group.py for tasks to queue
[2025-07-01T21:43:46.328+0000] {logging_mixin.py:190} INFO - [2025-07-01T21:43:46.328+0000] {dagbag.py:588} INFO - Filling up the DagBag from /home/airflow/.local/lib/python3.12/site-packages/airflow/example_dags/example_task_group.py
[2025-07-01T21:43:46.335+0000] {processor.py:925} INFO - DAG(s) 'example_task_group' retrieved from /home/airflow/.local/lib/python3.12/site-packages/airflow/example_dags/example_task_group.py
[2025-07-01T21:43:46.354+0000] {logging_mixin.py:190} INFO - [2025-07-01T21:43:46.354+0000] {dag.py:3239} INFO - Sync 1 DAGs
[2025-07-01T21:43:46.365+0000] {logging_mixin.py:190} INFO - [2025-07-01T21:43:46.365+0000] {dag.py:4180} INFO - Setting next_dagrun for example_task_group to None, run_after=None
[2025-07-01T21:43:46.385+0000] {processor.py:208} INFO - Processing /home/airflow/.local/lib/python3.12/site-packages/airflow/example_dags/example_task_group.py took 0.065 seconds
[2025-07-01T21:44:17.090+0000] {processor.py:186} INFO - Started process (PID=3439) to work on /home/airflow/.local/lib/python3.12/site-packages/airflow/example_dags/example_task_group.py
[2025-07-01T21:44:17.091+0000] {processor.py:914} INFO - Processing file /home/airflow/.local/lib/python3.12/site-packages/airflow/example_dags/example_task_group.py for tasks to queue
[2025-07-01T21:44:17.094+0000] {logging_mixin.py:190} INFO - [2025-07-01T21:44:17.093+0000] {dagbag.py:588} INFO - Filling up the DagBag from /home/airflow/.local/lib/python3.12/site-packages/airflow/example_dags/example_task_group.py
[2025-07-01T21:44:17.103+0000] {processor.py:925} INFO - DAG(s) 'example_task_group' retrieved from /home/airflow/.local/lib/python3.12/site-packages/airflow/example_dags/example_task_group.py
[2025-07-01T21:44:17.124+0000] {logging_mixin.py:190} INFO - [2025-07-01T21:44:17.124+0000] {dag.py:3239} INFO - Sync 1 DAGs
[2025-07-01T21:44:17.137+0000] {logging_mixin.py:190} INFO - [2025-07-01T21:44:17.137+0000] {dag.py:4180} INFO - Setting next_dagrun for example_task_group to None, run_after=None
[2025-07-01T21:44:17.158+0000] {processor.py:208} INFO - Processing /home/airflow/.local/lib/python3.12/site-packages/airflow/example_dags/example_task_group.py took 0.073 seconds
[2025-07-01T21:44:47.813+0000] {processor.py:186} INFO - Started process (PID=3502) to work on /home/airflow/.local/lib/python3.12/site-packages/airflow/example_dags/example_task_group.py
[2025-07-01T21:44:47.814+0000] {processor.py:914} INFO - Processing file /home/airflow/.local/lib/python3.12/site-packages/airflow/example_dags/example_task_group.py for tasks to queue
[2025-07-01T21:44:47.816+0000] {logging_mixin.py:190} INFO - [2025-07-01T21:44:47.816+0000] {dagbag.py:588} INFO - Filling up the DagBag from /home/airflow/.local/lib/python3.12/site-packages/airflow/example_dags/example_task_group.py
[2025-07-01T21:44:47.823+0000] {processor.py:925} INFO - DAG(s) 'example_task_group' retrieved from /home/airflow/.local/lib/python3.12/site-packages/airflow/example_dags/example_task_group.py
[2025-07-01T21:44:47.842+0000] {logging_mixin.py:190} INFO - [2025-07-01T21:44:47.842+0000] {dag.py:3239} INFO - Sync 1 DAGs
[2025-07-01T21:44:47.854+0000] {logging_mixin.py:190} INFO - [2025-07-01T21:44:47.854+0000] {dag.py:4180} INFO - Setting next_dagrun for example_task_group to None, run_after=None
[2025-07-01T21:44:47.875+0000] {processor.py:208} INFO - Processing /home/airflow/.local/lib/python3.12/site-packages/airflow/example_dags/example_task_group.py took 0.067 seconds
[2025-07-01T21:45:18.735+0000] {processor.py:186} INFO - Started process (PID=3565) to work on /home/airflow/.local/lib/python3.12/site-packages/airflow/example_dags/example_task_group.py
[2025-07-01T21:45:18.736+0000] {processor.py:914} INFO - Processing file /home/airflow/.local/lib/python3.12/site-packages/airflow/example_dags/example_task_group.py for tasks to queue
[2025-07-01T21:45:18.738+0000] {logging_mixin.py:190} INFO - [2025-07-01T21:45:18.738+0000] {dagbag.py:588} INFO - Filling up the DagBag from /home/airflow/.local/lib/python3.12/site-packages/airflow/example_dags/example_task_group.py
[2025-07-01T21:45:18.746+0000] {processor.py:925} INFO - DAG(s) 'example_task_group' retrieved from /home/airflow/.local/lib/python3.12/site-packages/airflow/example_dags/example_task_group.py
[2025-07-01T21:45:18.766+0000] {logging_mixin.py:190} INFO - [2025-07-01T21:45:18.765+0000] {dag.py:3239} INFO - Sync 1 DAGs
[2025-07-01T21:45:18.777+0000] {logging_mixin.py:190} INFO - [2025-07-01T21:45:18.777+0000] {dag.py:4180} INFO - Setting next_dagrun for example_task_group to None, run_after=None
[2025-07-01T21:45:18.797+0000] {processor.py:208} INFO - Processing /home/airflow/.local/lib/python3.12/site-packages/airflow/example_dags/example_task_group.py took 0.067 seconds
[2025-07-01T21:45:49.721+0000] {processor.py:186} INFO - Started process (PID=3628) to work on /home/airflow/.local/lib/python3.12/site-packages/airflow/example_dags/example_task_group.py
[2025-07-01T21:45:49.722+0000] {processor.py:914} INFO - Processing file /home/airflow/.local/lib/python3.12/site-packages/airflow/example_dags/example_task_group.py for tasks to queue
[2025-07-01T21:45:49.724+0000] {logging_mixin.py:190} INFO - [2025-07-01T21:45:49.724+0000] {dagbag.py:588} INFO - Filling up the DagBag from /home/airflow/.local/lib/python3.12/site-packages/airflow/example_dags/example_task_group.py
[2025-07-01T21:45:49.732+0000] {processor.py:925} INFO - DAG(s) 'example_task_group' retrieved from /home/airflow/.local/lib/python3.12/site-packages/airflow/example_dags/example_task_group.py
[2025-07-01T21:45:49.751+0000] {logging_mixin.py:190} INFO - [2025-07-01T21:45:49.751+0000] {dag.py:3239} INFO - Sync 1 DAGs
[2025-07-01T21:45:49.762+0000] {logging_mixin.py:190} INFO - [2025-07-01T21:45:49.762+0000] {dag.py:4180} INFO - Setting next_dagrun for example_task_group to None, run_after=None
[2025-07-01T21:45:49.782+0000] {processor.py:208} INFO - Processing /home/airflow/.local/lib/python3.12/site-packages/airflow/example_dags/example_task_group.py took 0.067 seconds
[2025-07-01T21:46:20.566+0000] {processor.py:186} INFO - Started process (PID=3691) to work on /home/airflow/.local/lib/python3.12/site-packages/airflow/example_dags/example_task_group.py
[2025-07-01T21:46:20.567+0000] {processor.py:914} INFO - Processing file /home/airflow/.local/lib/python3.12/site-packages/airflow/example_dags/example_task_group.py for tasks to queue
[2025-07-01T21:46:20.570+0000] {logging_mixin.py:190} INFO - [2025-07-01T21:46:20.569+0000] {dagbag.py:588} INFO - Filling up the DagBag from /home/airflow/.local/lib/python3.12/site-packages/airflow/example_dags/example_task_group.py
[2025-07-01T21:46:20.577+0000] {processor.py:925} INFO - DAG(s) 'example_task_group' retrieved from /home/airflow/.local/lib/python3.12/site-packages/airflow/example_dags/example_task_group.py
[2025-07-01T21:46:20.597+0000] {logging_mixin.py:190} INFO - [2025-07-01T21:46:20.596+0000] {dag.py:3239} INFO - Sync 1 DAGs
[2025-07-01T21:46:20.612+0000] {logging_mixin.py:190} INFO - [2025-07-01T21:46:20.611+0000] {dag.py:4180} INFO - Setting next_dagrun for example_task_group to None, run_after=None
[2025-07-01T21:46:20.633+0000] {processor.py:208} INFO - Processing /home/airflow/.local/lib/python3.12/site-packages/airflow/example_dags/example_task_group.py took 0.073 seconds
[2025-07-01T21:46:51.496+0000] {processor.py:186} INFO - Started process (PID=3754) to work on /home/airflow/.local/lib/python3.12/site-packages/airflow/example_dags/example_task_group.py
[2025-07-01T21:46:51.497+0000] {processor.py:914} INFO - Processing file /home/airflow/.local/lib/python3.12/site-packages/airflow/example_dags/example_task_group.py for tasks to queue
[2025-07-01T21:46:51.500+0000] {logging_mixin.py:190} INFO - [2025-07-01T21:46:51.500+0000] {dagbag.py:588} INFO - Filling up the DagBag from /home/airflow/.local/lib/python3.12/site-packages/airflow/example_dags/example_task_group.py
[2025-07-01T21:46:51.507+0000] {processor.py:925} INFO - DAG(s) 'example_task_group' retrieved from /home/airflow/.local/lib/python3.12/site-packages/airflow/example_dags/example_task_group.py
[2025-07-01T21:46:51.524+0000] {logging_mixin.py:190} INFO - [2025-07-01T21:46:51.524+0000] {dag.py:3239} INFO - Sync 1 DAGs
[2025-07-01T21:46:51.536+0000] {logging_mixin.py:190} INFO - [2025-07-01T21:46:51.536+0000] {dag.py:4180} INFO - Setting next_dagrun for example_task_group to None, run_after=None
[2025-07-01T21:46:51.554+0000] {processor.py:208} INFO - Processing /home/airflow/.local/lib/python3.12/site-packages/airflow/example_dags/example_task_group.py took 0.063 seconds
[2025-07-01T21:47:22.480+0000] {processor.py:186} INFO - Started process (PID=3823) to work on /home/airflow/.local/lib/python3.12/site-packages/airflow/example_dags/example_task_group.py
[2025-07-01T21:47:22.481+0000] {processor.py:914} INFO - Processing file /home/airflow/.local/lib/python3.12/site-packages/airflow/example_dags/example_task_group.py for tasks to queue
[2025-07-01T21:47:22.483+0000] {logging_mixin.py:190} INFO - [2025-07-01T21:47:22.483+0000] {dagbag.py:588} INFO - Filling up the DagBag from /home/airflow/.local/lib/python3.12/site-packages/airflow/example_dags/example_task_group.py
[2025-07-01T21:47:22.490+0000] {processor.py:925} INFO - DAG(s) 'example_task_group' retrieved from /home/airflow/.local/lib/python3.12/site-packages/airflow/example_dags/example_task_group.py
[2025-07-01T21:47:22.509+0000] {logging_mixin.py:190} INFO - [2025-07-01T21:47:22.509+0000] {dag.py:3239} INFO - Sync 1 DAGs
[2025-07-01T21:47:22.521+0000] {logging_mixin.py:190} INFO - [2025-07-01T21:47:22.521+0000] {dag.py:4180} INFO - Setting next_dagrun for example_task_group to None, run_after=None
[2025-07-01T21:47:22.540+0000] {processor.py:208} INFO - Processing /home/airflow/.local/lib/python3.12/site-packages/airflow/example_dags/example_task_group.py took 0.065 seconds
[2025-07-01T21:47:53.385+0000] {processor.py:186} INFO - Started process (PID=3886) to work on /home/airflow/.local/lib/python3.12/site-packages/airflow/example_dags/example_task_group.py
[2025-07-01T21:47:53.386+0000] {processor.py:914} INFO - Processing file /home/airflow/.local/lib/python3.12/site-packages/airflow/example_dags/example_task_group.py for tasks to queue
[2025-07-01T21:47:53.388+0000] {logging_mixin.py:190} INFO - [2025-07-01T21:47:53.388+0000] {dagbag.py:588} INFO - Filling up the DagBag from /home/airflow/.local/lib/python3.12/site-packages/airflow/example_dags/example_task_group.py
[2025-07-01T21:47:53.396+0000] {processor.py:925} INFO - DAG(s) 'example_task_group' retrieved from /home/airflow/.local/lib/python3.12/site-packages/airflow/example_dags/example_task_group.py
[2025-07-01T21:47:53.421+0000] {logging_mixin.py:190} INFO - [2025-07-01T21:47:53.421+0000] {dag.py:3239} INFO - Sync 1 DAGs
[2025-07-01T21:47:53.436+0000] {logging_mixin.py:190} INFO - [2025-07-01T21:47:53.436+0000] {dag.py:4180} INFO - Setting next_dagrun for example_task_group to None, run_after=None
[2025-07-01T21:47:53.460+0000] {processor.py:208} INFO - Processing /home/airflow/.local/lib/python3.12/site-packages/airflow/example_dags/example_task_group.py took 0.081 seconds
[2025-07-01T21:48:24.256+0000] {processor.py:186} INFO - Started process (PID=3949) to work on /home/airflow/.local/lib/python3.12/site-packages/airflow/example_dags/example_task_group.py
[2025-07-01T21:48:24.257+0000] {processor.py:914} INFO - Processing file /home/airflow/.local/lib/python3.12/site-packages/airflow/example_dags/example_task_group.py for tasks to queue
[2025-07-01T21:48:24.260+0000] {logging_mixin.py:190} INFO - [2025-07-01T21:48:24.259+0000] {dagbag.py:588} INFO - Filling up the DagBag from /home/airflow/.local/lib/python3.12/site-packages/airflow/example_dags/example_task_group.py
[2025-07-01T21:48:24.268+0000] {processor.py:925} INFO - DAG(s) 'example_task_group' retrieved from /home/airflow/.local/lib/python3.12/site-packages/airflow/example_dags/example_task_group.py
[2025-07-01T21:48:24.287+0000] {logging_mixin.py:190} INFO - [2025-07-01T21:48:24.287+0000] {dag.py:3239} INFO - Sync 1 DAGs
[2025-07-01T21:48:24.298+0000] {logging_mixin.py:190} INFO - [2025-07-01T21:48:24.298+0000] {dag.py:4180} INFO - Setting next_dagrun for example_task_group to None, run_after=None
[2025-07-01T21:48:24.318+0000] {processor.py:208} INFO - Processing /home/airflow/.local/lib/python3.12/site-packages/airflow/example_dags/example_task_group.py took 0.066 seconds
[2025-07-01T21:48:55.391+0000] {processor.py:186} INFO - Started process (PID=4013) to work on /home/airflow/.local/lib/python3.12/site-packages/airflow/example_dags/example_task_group.py
[2025-07-01T21:48:55.393+0000] {processor.py:914} INFO - Processing file /home/airflow/.local/lib/python3.12/site-packages/airflow/example_dags/example_task_group.py for tasks to queue
[2025-07-01T21:48:55.396+0000] {logging_mixin.py:190} INFO - [2025-07-01T21:48:55.396+0000] {dagbag.py:588} INFO - Filling up the DagBag from /home/airflow/.local/lib/python3.12/site-packages/airflow/example_dags/example_task_group.py
[2025-07-01T21:48:55.406+0000] {processor.py:925} INFO - DAG(s) 'example_task_group' retrieved from /home/airflow/.local/lib/python3.12/site-packages/airflow/example_dags/example_task_group.py
[2025-07-01T21:48:55.428+0000] {logging_mixin.py:190} INFO - [2025-07-01T21:48:55.427+0000] {dag.py:3239} INFO - Sync 1 DAGs
[2025-07-01T21:48:55.441+0000] {logging_mixin.py:190} INFO - [2025-07-01T21:48:55.441+0000] {dag.py:4180} INFO - Setting next_dagrun for example_task_group to None, run_after=None
[2025-07-01T21:48:55.617+0000] {processor.py:208} INFO - Processing /home/airflow/.local/lib/python3.12/site-packages/airflow/example_dags/example_task_group.py took 0.231 seconds
[2025-07-01T21:49:25.777+0000] {processor.py:186} INFO - Started process (PID=4076) to work on /home/airflow/.local/lib/python3.12/site-packages/airflow/example_dags/example_task_group.py
[2025-07-01T21:49:25.779+0000] {processor.py:914} INFO - Processing file /home/airflow/.local/lib/python3.12/site-packages/airflow/example_dags/example_task_group.py for tasks to queue
[2025-07-01T21:49:25.782+0000] {logging_mixin.py:190} INFO - [2025-07-01T21:49:25.781+0000] {dagbag.py:588} INFO - Filling up the DagBag from /home/airflow/.local/lib/python3.12/site-packages/airflow/example_dags/example_task_group.py
[2025-07-01T21:49:25.790+0000] {processor.py:925} INFO - DAG(s) 'example_task_group' retrieved from /home/airflow/.local/lib/python3.12/site-packages/airflow/example_dags/example_task_group.py
[2025-07-01T21:49:25.809+0000] {logging_mixin.py:190} INFO - [2025-07-01T21:49:25.808+0000] {dag.py:3239} INFO - Sync 1 DAGs
[2025-07-01T21:49:25.820+0000] {logging_mixin.py:190} INFO - [2025-07-01T21:49:25.820+0000] {dag.py:4180} INFO - Setting next_dagrun for example_task_group to None, run_after=None
[2025-07-01T21:49:25.839+0000] {processor.py:208} INFO - Processing /home/airflow/.local/lib/python3.12/site-packages/airflow/example_dags/example_task_group.py took 0.067 seconds
[2025-07-01T21:49:56.100+0000] {processor.py:186} INFO - Started process (PID=4140) to work on /home/airflow/.local/lib/python3.12/site-packages/airflow/example_dags/example_task_group.py
[2025-07-01T21:49:56.101+0000] {processor.py:914} INFO - Processing file /home/airflow/.local/lib/python3.12/site-packages/airflow/example_dags/example_task_group.py for tasks to queue
[2025-07-01T21:49:56.103+0000] {logging_mixin.py:190} INFO - [2025-07-01T21:49:56.103+0000] {dagbag.py:588} INFO - Filling up the DagBag from /home/airflow/.local/lib/python3.12/site-packages/airflow/example_dags/example_task_group.py
[2025-07-01T21:49:56.110+0000] {processor.py:925} INFO - DAG(s) 'example_task_group' retrieved from /home/airflow/.local/lib/python3.12/site-packages/airflow/example_dags/example_task_group.py
[2025-07-01T21:49:56.128+0000] {logging_mixin.py:190} INFO - [2025-07-01T21:49:56.127+0000] {dag.py:3239} INFO - Sync 1 DAGs
[2025-07-01T21:49:56.139+0000] {logging_mixin.py:190} INFO - [2025-07-01T21:49:56.139+0000] {dag.py:4180} INFO - Setting next_dagrun for example_task_group to None, run_after=None
[2025-07-01T21:49:56.156+0000] {processor.py:208} INFO - Processing /home/airflow/.local/lib/python3.12/site-packages/airflow/example_dags/example_task_group.py took 0.061 seconds
[2025-07-01T21:50:26.816+0000] {processor.py:186} INFO - Started process (PID=4203) to work on /home/airflow/.local/lib/python3.12/site-packages/airflow/example_dags/example_task_group.py
[2025-07-01T21:50:26.817+0000] {processor.py:914} INFO - Processing file /home/airflow/.local/lib/python3.12/site-packages/airflow/example_dags/example_task_group.py for tasks to queue
[2025-07-01T21:50:26.819+0000] {logging_mixin.py:190} INFO - [2025-07-01T21:50:26.819+0000] {dagbag.py:588} INFO - Filling up the DagBag from /home/airflow/.local/lib/python3.12/site-packages/airflow/example_dags/example_task_group.py
[2025-07-01T21:50:26.826+0000] {processor.py:925} INFO - DAG(s) 'example_task_group' retrieved from /home/airflow/.local/lib/python3.12/site-packages/airflow/example_dags/example_task_group.py
[2025-07-01T21:50:26.845+0000] {logging_mixin.py:190} INFO - [2025-07-01T21:50:26.845+0000] {dag.py:3239} INFO - Sync 1 DAGs
[2025-07-01T21:50:26.857+0000] {logging_mixin.py:190} INFO - [2025-07-01T21:50:26.857+0000] {dag.py:4180} INFO - Setting next_dagrun for example_task_group to None, run_after=None
[2025-07-01T21:50:27.011+0000] {processor.py:208} INFO - Processing /home/airflow/.local/lib/python3.12/site-packages/airflow/example_dags/example_task_group.py took 0.200 seconds
[2025-07-01T21:50:57.937+0000] {processor.py:186} INFO - Started process (PID=4266) to work on /home/airflow/.local/lib/python3.12/site-packages/airflow/example_dags/example_task_group.py
[2025-07-01T21:50:57.938+0000] {processor.py:914} INFO - Processing file /home/airflow/.local/lib/python3.12/site-packages/airflow/example_dags/example_task_group.py for tasks to queue
[2025-07-01T21:50:57.941+0000] {logging_mixin.py:190} INFO - [2025-07-01T21:50:57.941+0000] {dagbag.py:588} INFO - Filling up the DagBag from /home/airflow/.local/lib/python3.12/site-packages/airflow/example_dags/example_task_group.py
[2025-07-01T21:50:57.948+0000] {processor.py:925} INFO - DAG(s) 'example_task_group' retrieved from /home/airflow/.local/lib/python3.12/site-packages/airflow/example_dags/example_task_group.py
[2025-07-01T21:50:57.968+0000] {logging_mixin.py:190} INFO - [2025-07-01T21:50:57.967+0000] {dag.py:3239} INFO - Sync 1 DAGs
[2025-07-01T21:50:57.979+0000] {logging_mixin.py:190} INFO - [2025-07-01T21:50:57.979+0000] {dag.py:4180} INFO - Setting next_dagrun for example_task_group to None, run_after=None
[2025-07-01T21:50:58.000+0000] {processor.py:208} INFO - Processing /home/airflow/.local/lib/python3.12/site-packages/airflow/example_dags/example_task_group.py took 0.068 seconds
[2025-07-01T21:51:28.237+0000] {processor.py:186} INFO - Started process (PID=4329) to work on /home/airflow/.local/lib/python3.12/site-packages/airflow/example_dags/example_task_group.py
[2025-07-01T21:51:28.238+0000] {processor.py:914} INFO - Processing file /home/airflow/.local/lib/python3.12/site-packages/airflow/example_dags/example_task_group.py for tasks to queue
[2025-07-01T21:51:28.241+0000] {logging_mixin.py:190} INFO - [2025-07-01T21:51:28.241+0000] {dagbag.py:588} INFO - Filling up the DagBag from /home/airflow/.local/lib/python3.12/site-packages/airflow/example_dags/example_task_group.py
[2025-07-01T21:51:28.249+0000] {processor.py:925} INFO - DAG(s) 'example_task_group' retrieved from /home/airflow/.local/lib/python3.12/site-packages/airflow/example_dags/example_task_group.py
[2025-07-01T21:51:28.431+0000] {logging_mixin.py:190} INFO - [2025-07-01T21:51:28.430+0000] {dag.py:3239} INFO - Sync 1 DAGs
[2025-07-01T21:51:28.440+0000] {logging_mixin.py:190} INFO - [2025-07-01T21:51:28.439+0000] {dag.py:4180} INFO - Setting next_dagrun for example_task_group to None, run_after=None
[2025-07-01T21:51:28.456+0000] {processor.py:208} INFO - Processing /home/airflow/.local/lib/python3.12/site-packages/airflow/example_dags/example_task_group.py took 0.226 seconds
[2025-07-01T21:51:58.602+0000] {processor.py:186} INFO - Started process (PID=4392) to work on /home/airflow/.local/lib/python3.12/site-packages/airflow/example_dags/example_task_group.py
[2025-07-01T21:51:58.603+0000] {processor.py:914} INFO - Processing file /home/airflow/.local/lib/python3.12/site-packages/airflow/example_dags/example_task_group.py for tasks to queue
[2025-07-01T21:51:58.606+0000] {logging_mixin.py:190} INFO - [2025-07-01T21:51:58.605+0000] {dagbag.py:588} INFO - Filling up the DagBag from /home/airflow/.local/lib/python3.12/site-packages/airflow/example_dags/example_task_group.py
[2025-07-01T21:51:58.614+0000] {processor.py:925} INFO - DAG(s) 'example_task_group' retrieved from /home/airflow/.local/lib/python3.12/site-packages/airflow/example_dags/example_task_group.py
[2025-07-01T21:51:58.634+0000] {logging_mixin.py:190} INFO - [2025-07-01T21:51:58.634+0000] {dag.py:3239} INFO - Sync 1 DAGs
[2025-07-01T21:51:58.646+0000] {logging_mixin.py:190} INFO - [2025-07-01T21:51:58.646+0000] {dag.py:4180} INFO - Setting next_dagrun for example_task_group to None, run_after=None
[2025-07-01T21:51:58.666+0000] {processor.py:208} INFO - Processing /home/airflow/.local/lib/python3.12/site-packages/airflow/example_dags/example_task_group.py took 0.069 seconds
[2025-07-01T21:52:28.844+0000] {processor.py:186} INFO - Started process (PID=4455) to work on /home/airflow/.local/lib/python3.12/site-packages/airflow/example_dags/example_task_group.py
[2025-07-01T21:52:28.845+0000] {processor.py:914} INFO - Processing file /home/airflow/.local/lib/python3.12/site-packages/airflow/example_dags/example_task_group.py for tasks to queue
[2025-07-01T21:52:28.849+0000] {logging_mixin.py:190} INFO - [2025-07-01T21:52:28.848+0000] {dagbag.py:588} INFO - Filling up the DagBag from /home/airflow/.local/lib/python3.12/site-packages/airflow/example_dags/example_task_group.py
[2025-07-01T21:52:28.857+0000] {processor.py:925} INFO - DAG(s) 'example_task_group' retrieved from /home/airflow/.local/lib/python3.12/site-packages/airflow/example_dags/example_task_group.py
[2025-07-01T21:52:28.876+0000] {logging_mixin.py:190} INFO - [2025-07-01T21:52:28.876+0000] {dag.py:3239} INFO - Sync 1 DAGs
[2025-07-01T21:52:28.887+0000] {logging_mixin.py:190} INFO - [2025-07-01T21:52:28.887+0000] {dag.py:4180} INFO - Setting next_dagrun for example_task_group to None, run_after=None
[2025-07-01T21:52:28.906+0000] {processor.py:208} INFO - Processing /home/airflow/.local/lib/python3.12/site-packages/airflow/example_dags/example_task_group.py took 0.068 seconds
[2025-07-01T21:52:59.211+0000] {processor.py:186} INFO - Started process (PID=4518) to work on /home/airflow/.local/lib/python3.12/site-packages/airflow/example_dags/example_task_group.py
[2025-07-01T21:52:59.212+0000] {processor.py:914} INFO - Processing file /home/airflow/.local/lib/python3.12/site-packages/airflow/example_dags/example_task_group.py for tasks to queue
[2025-07-01T21:52:59.215+0000] {logging_mixin.py:190} INFO - [2025-07-01T21:52:59.215+0000] {dagbag.py:588} INFO - Filling up the DagBag from /home/airflow/.local/lib/python3.12/site-packages/airflow/example_dags/example_task_group.py
[2025-07-01T21:52:59.222+0000] {processor.py:925} INFO - DAG(s) 'example_task_group' retrieved from /home/airflow/.local/lib/python3.12/site-packages/airflow/example_dags/example_task_group.py
[2025-07-01T21:52:59.241+0000] {logging_mixin.py:190} INFO - [2025-07-01T21:52:59.241+0000] {dag.py:3239} INFO - Sync 1 DAGs
[2025-07-01T21:52:59.254+0000] {logging_mixin.py:190} INFO - [2025-07-01T21:52:59.253+0000] {dag.py:4180} INFO - Setting next_dagrun for example_task_group to None, run_after=None
[2025-07-01T21:52:59.274+0000] {processor.py:208} INFO - Processing /home/airflow/.local/lib/python3.12/site-packages/airflow/example_dags/example_task_group.py took 0.069 seconds
[2025-07-01T21:53:29.685+0000] {processor.py:186} INFO - Started process (PID=4581) to work on /home/airflow/.local/lib/python3.12/site-packages/airflow/example_dags/example_task_group.py
[2025-07-01T21:53:29.686+0000] {processor.py:914} INFO - Processing file /home/airflow/.local/lib/python3.12/site-packages/airflow/example_dags/example_task_group.py for tasks to queue
[2025-07-01T21:53:29.689+0000] {logging_mixin.py:190} INFO - [2025-07-01T21:53:29.689+0000] {dagbag.py:588} INFO - Filling up the DagBag from /home/airflow/.local/lib/python3.12/site-packages/airflow/example_dags/example_task_group.py
[2025-07-01T21:53:29.696+0000] {processor.py:925} INFO - DAG(s) 'example_task_group' retrieved from /home/airflow/.local/lib/python3.12/site-packages/airflow/example_dags/example_task_group.py
[2025-07-01T21:53:29.713+0000] {logging_mixin.py:190} INFO - [2025-07-01T21:53:29.713+0000] {dag.py:3239} INFO - Sync 1 DAGs
[2025-07-01T21:53:29.724+0000] {logging_mixin.py:190} INFO - [2025-07-01T21:53:29.723+0000] {dag.py:4180} INFO - Setting next_dagrun for example_task_group to None, run_after=None
[2025-07-01T21:53:29.741+0000] {processor.py:208} INFO - Processing /home/airflow/.local/lib/python3.12/site-packages/airflow/example_dags/example_task_group.py took 0.060 seconds
[2025-07-01T21:53:59.800+0000] {processor.py:186} INFO - Started process (PID=4644) to work on /home/airflow/.local/lib/python3.12/site-packages/airflow/example_dags/example_task_group.py
[2025-07-01T21:53:59.801+0000] {processor.py:914} INFO - Processing file /home/airflow/.local/lib/python3.12/site-packages/airflow/example_dags/example_task_group.py for tasks to queue
[2025-07-01T21:53:59.804+0000] {logging_mixin.py:190} INFO - [2025-07-01T21:53:59.803+0000] {dagbag.py:588} INFO - Filling up the DagBag from /home/airflow/.local/lib/python3.12/site-packages/airflow/example_dags/example_task_group.py
[2025-07-01T21:53:59.811+0000] {processor.py:925} INFO - DAG(s) 'example_task_group' retrieved from /home/airflow/.local/lib/python3.12/site-packages/airflow/example_dags/example_task_group.py
[2025-07-01T21:53:59.830+0000] {logging_mixin.py:190} INFO - [2025-07-01T21:53:59.829+0000] {dag.py:3239} INFO - Sync 1 DAGs
[2025-07-01T21:53:59.841+0000] {logging_mixin.py:190} INFO - [2025-07-01T21:53:59.841+0000] {dag.py:4180} INFO - Setting next_dagrun for example_task_group to None, run_after=None
[2025-07-01T21:53:59.866+0000] {processor.py:208} INFO - Processing /home/airflow/.local/lib/python3.12/site-packages/airflow/example_dags/example_task_group.py took 0.071 seconds
[2025-07-01T21:54:30.226+0000] {processor.py:186} INFO - Started process (PID=4707) to work on /home/airflow/.local/lib/python3.12/site-packages/airflow/example_dags/example_task_group.py
[2025-07-01T21:54:30.227+0000] {processor.py:914} INFO - Processing file /home/airflow/.local/lib/python3.12/site-packages/airflow/example_dags/example_task_group.py for tasks to queue
[2025-07-01T21:54:30.231+0000] {logging_mixin.py:190} INFO - [2025-07-01T21:54:30.230+0000] {dagbag.py:588} INFO - Filling up the DagBag from /home/airflow/.local/lib/python3.12/site-packages/airflow/example_dags/example_task_group.py
[2025-07-01T21:54:30.240+0000] {processor.py:925} INFO - DAG(s) 'example_task_group' retrieved from /home/airflow/.local/lib/python3.12/site-packages/airflow/example_dags/example_task_group.py
[2025-07-01T21:54:30.264+0000] {logging_mixin.py:190} INFO - [2025-07-01T21:54:30.263+0000] {dag.py:3239} INFO - Sync 1 DAGs
[2025-07-01T21:54:30.278+0000] {logging_mixin.py:190} INFO - [2025-07-01T21:54:30.277+0000] {dag.py:4180} INFO - Setting next_dagrun for example_task_group to None, run_after=None
[2025-07-01T21:54:30.303+0000] {processor.py:208} INFO - Processing /home/airflow/.local/lib/python3.12/site-packages/airflow/example_dags/example_task_group.py took 0.083 seconds
[2025-07-01T21:55:00.733+0000] {processor.py:186} INFO - Started process (PID=4770) to work on /home/airflow/.local/lib/python3.12/site-packages/airflow/example_dags/example_task_group.py
[2025-07-01T21:55:00.734+0000] {processor.py:914} INFO - Processing file /home/airflow/.local/lib/python3.12/site-packages/airflow/example_dags/example_task_group.py for tasks to queue
[2025-07-01T21:55:00.737+0000] {logging_mixin.py:190} INFO - [2025-07-01T21:55:00.737+0000] {dagbag.py:588} INFO - Filling up the DagBag from /home/airflow/.local/lib/python3.12/site-packages/airflow/example_dags/example_task_group.py
[2025-07-01T21:55:00.745+0000] {processor.py:925} INFO - DAG(s) 'example_task_group' retrieved from /home/airflow/.local/lib/python3.12/site-packages/airflow/example_dags/example_task_group.py
[2025-07-01T21:55:00.763+0000] {logging_mixin.py:190} INFO - [2025-07-01T21:55:00.763+0000] {dag.py:3239} INFO - Sync 1 DAGs
[2025-07-01T21:55:00.775+0000] {logging_mixin.py:190} INFO - [2025-07-01T21:55:00.775+0000] {dag.py:4180} INFO - Setting next_dagrun for example_task_group to None, run_after=None
[2025-07-01T21:55:00.796+0000] {processor.py:208} INFO - Processing /home/airflow/.local/lib/python3.12/site-packages/airflow/example_dags/example_task_group.py took 0.068 seconds
[2025-07-01T21:55:31.223+0000] {processor.py:186} INFO - Started process (PID=4834) to work on /home/airflow/.local/lib/python3.12/site-packages/airflow/example_dags/example_task_group.py
[2025-07-01T21:55:31.224+0000] {processor.py:914} INFO - Processing file /home/airflow/.local/lib/python3.12/site-packages/airflow/example_dags/example_task_group.py for tasks to queue
[2025-07-01T21:55:31.227+0000] {logging_mixin.py:190} INFO - [2025-07-01T21:55:31.226+0000] {dagbag.py:588} INFO - Filling up the DagBag from /home/airflow/.local/lib/python3.12/site-packages/airflow/example_dags/example_task_group.py
[2025-07-01T21:55:31.235+0000] {processor.py:925} INFO - DAG(s) 'example_task_group' retrieved from /home/airflow/.local/lib/python3.12/site-packages/airflow/example_dags/example_task_group.py
[2025-07-01T21:55:31.255+0000] {logging_mixin.py:190} INFO - [2025-07-01T21:55:31.255+0000] {dag.py:3239} INFO - Sync 1 DAGs
[2025-07-01T21:55:31.268+0000] {logging_mixin.py:190} INFO - [2025-07-01T21:55:31.268+0000] {dag.py:4180} INFO - Setting next_dagrun for example_task_group to None, run_after=None
[2025-07-01T21:55:31.289+0000] {processor.py:208} INFO - Processing /home/airflow/.local/lib/python3.12/site-packages/airflow/example_dags/example_task_group.py took 0.072 seconds
[2025-07-01T21:56:01.554+0000] {processor.py:186} INFO - Started process (PID=4897) to work on /home/airflow/.local/lib/python3.12/site-packages/airflow/example_dags/example_task_group.py
[2025-07-01T21:56:01.555+0000] {processor.py:914} INFO - Processing file /home/airflow/.local/lib/python3.12/site-packages/airflow/example_dags/example_task_group.py for tasks to queue
[2025-07-01T21:56:01.557+0000] {logging_mixin.py:190} INFO - [2025-07-01T21:56:01.557+0000] {dagbag.py:588} INFO - Filling up the DagBag from /home/airflow/.local/lib/python3.12/site-packages/airflow/example_dags/example_task_group.py
[2025-07-01T21:56:01.565+0000] {processor.py:925} INFO - DAG(s) 'example_task_group' retrieved from /home/airflow/.local/lib/python3.12/site-packages/airflow/example_dags/example_task_group.py
[2025-07-01T21:56:01.584+0000] {logging_mixin.py:190} INFO - [2025-07-01T21:56:01.583+0000] {dag.py:3239} INFO - Sync 1 DAGs
[2025-07-01T21:56:01.595+0000] {logging_mixin.py:190} INFO - [2025-07-01T21:56:01.595+0000] {dag.py:4180} INFO - Setting next_dagrun for example_task_group to None, run_after=None
[2025-07-01T21:56:01.612+0000] {processor.py:208} INFO - Processing /home/airflow/.local/lib/python3.12/site-packages/airflow/example_dags/example_task_group.py took 0.064 seconds
[2025-07-01T21:56:31.896+0000] {processor.py:186} INFO - Started process (PID=4960) to work on /home/airflow/.local/lib/python3.12/site-packages/airflow/example_dags/example_task_group.py
[2025-07-01T21:56:31.896+0000] {processor.py:914} INFO - Processing file /home/airflow/.local/lib/python3.12/site-packages/airflow/example_dags/example_task_group.py for tasks to queue
[2025-07-01T21:56:31.899+0000] {logging_mixin.py:190} INFO - [2025-07-01T21:56:31.899+0000] {dagbag.py:588} INFO - Filling up the DagBag from /home/airflow/.local/lib/python3.12/site-packages/airflow/example_dags/example_task_group.py
[2025-07-01T21:56:31.906+0000] {processor.py:925} INFO - DAG(s) 'example_task_group' retrieved from /home/airflow/.local/lib/python3.12/site-packages/airflow/example_dags/example_task_group.py
[2025-07-01T21:56:31.924+0000] {logging_mixin.py:190} INFO - [2025-07-01T21:56:31.924+0000] {dag.py:3239} INFO - Sync 1 DAGs
[2025-07-01T21:56:31.936+0000] {logging_mixin.py:190} INFO - [2025-07-01T21:56:31.936+0000] {dag.py:4180} INFO - Setting next_dagrun for example_task_group to None, run_after=None
[2025-07-01T21:56:31.954+0000] {processor.py:208} INFO - Processing /home/airflow/.local/lib/python3.12/site-packages/airflow/example_dags/example_task_group.py took 0.063 seconds
[2025-07-01T21:57:02.350+0000] {processor.py:186} INFO - Started process (PID=5024) to work on /home/airflow/.local/lib/python3.12/site-packages/airflow/example_dags/example_task_group.py
[2025-07-01T21:57:02.351+0000] {processor.py:914} INFO - Processing file /home/airflow/.local/lib/python3.12/site-packages/airflow/example_dags/example_task_group.py for tasks to queue
[2025-07-01T21:57:02.353+0000] {logging_mixin.py:190} INFO - [2025-07-01T21:57:02.353+0000] {dagbag.py:588} INFO - Filling up the DagBag from /home/airflow/.local/lib/python3.12/site-packages/airflow/example_dags/example_task_group.py
[2025-07-01T21:57:02.360+0000] {processor.py:925} INFO - DAG(s) 'example_task_group' retrieved from /home/airflow/.local/lib/python3.12/site-packages/airflow/example_dags/example_task_group.py
[2025-07-01T21:57:02.379+0000] {logging_mixin.py:190} INFO - [2025-07-01T21:57:02.379+0000] {dag.py:3239} INFO - Sync 1 DAGs
[2025-07-01T21:57:02.391+0000] {logging_mixin.py:190} INFO - [2025-07-01T21:57:02.391+0000] {dag.py:4180} INFO - Setting next_dagrun for example_task_group to None, run_after=None
[2025-07-01T21:57:02.407+0000] {processor.py:208} INFO - Processing /home/airflow/.local/lib/python3.12/site-packages/airflow/example_dags/example_task_group.py took 0.062 seconds
[2025-07-01T21:57:32.633+0000] {processor.py:186} INFO - Started process (PID=5087) to work on /home/airflow/.local/lib/python3.12/site-packages/airflow/example_dags/example_task_group.py
[2025-07-01T21:57:32.634+0000] {processor.py:914} INFO - Processing file /home/airflow/.local/lib/python3.12/site-packages/airflow/example_dags/example_task_group.py for tasks to queue
[2025-07-01T21:57:32.637+0000] {logging_mixin.py:190} INFO - [2025-07-01T21:57:32.637+0000] {dagbag.py:588} INFO - Filling up the DagBag from /home/airflow/.local/lib/python3.12/site-packages/airflow/example_dags/example_task_group.py
[2025-07-01T21:57:32.645+0000] {processor.py:925} INFO - DAG(s) 'example_task_group' retrieved from /home/airflow/.local/lib/python3.12/site-packages/airflow/example_dags/example_task_group.py
[2025-07-01T21:57:32.667+0000] {logging_mixin.py:190} INFO - [2025-07-01T21:57:32.667+0000] {dag.py:3239} INFO - Sync 1 DAGs
[2025-07-01T21:57:32.681+0000] {logging_mixin.py:190} INFO - [2025-07-01T21:57:32.681+0000] {dag.py:4180} INFO - Setting next_dagrun for example_task_group to None, run_after=None
[2025-07-01T21:57:32.704+0000] {processor.py:208} INFO - Processing /home/airflow/.local/lib/python3.12/site-packages/airflow/example_dags/example_task_group.py took 0.077 seconds
[2025-07-01T21:58:03.207+0000] {processor.py:186} INFO - Started process (PID=5150) to work on /home/airflow/.local/lib/python3.12/site-packages/airflow/example_dags/example_task_group.py
[2025-07-01T21:58:03.209+0000] {processor.py:914} INFO - Processing file /home/airflow/.local/lib/python3.12/site-packages/airflow/example_dags/example_task_group.py for tasks to queue
[2025-07-01T21:58:03.212+0000] {logging_mixin.py:190} INFO - [2025-07-01T21:58:03.212+0000] {dagbag.py:588} INFO - Filling up the DagBag from /home/airflow/.local/lib/python3.12/site-packages/airflow/example_dags/example_task_group.py
[2025-07-01T21:58:03.220+0000] {processor.py:925} INFO - DAG(s) 'example_task_group' retrieved from /home/airflow/.local/lib/python3.12/site-packages/airflow/example_dags/example_task_group.py
[2025-07-01T21:58:03.240+0000] {logging_mixin.py:190} INFO - [2025-07-01T21:58:03.240+0000] {dag.py:3239} INFO - Sync 1 DAGs
[2025-07-01T21:58:03.253+0000] {logging_mixin.py:190} INFO - [2025-07-01T21:58:03.252+0000] {dag.py:4180} INFO - Setting next_dagrun for example_task_group to None, run_after=None
[2025-07-01T21:58:03.274+0000] {processor.py:208} INFO - Processing /home/airflow/.local/lib/python3.12/site-packages/airflow/example_dags/example_task_group.py took 0.075 seconds
[2025-07-01T21:58:33.482+0000] {processor.py:186} INFO - Started process (PID=5213) to work on /home/airflow/.local/lib/python3.12/site-packages/airflow/example_dags/example_task_group.py
[2025-07-01T21:58:33.483+0000] {processor.py:914} INFO - Processing file /home/airflow/.local/lib/python3.12/site-packages/airflow/example_dags/example_task_group.py for tasks to queue
[2025-07-01T21:58:33.485+0000] {logging_mixin.py:190} INFO - [2025-07-01T21:58:33.485+0000] {dagbag.py:588} INFO - Filling up the DagBag from /home/airflow/.local/lib/python3.12/site-packages/airflow/example_dags/example_task_group.py
[2025-07-01T21:58:33.492+0000] {processor.py:925} INFO - DAG(s) 'example_task_group' retrieved from /home/airflow/.local/lib/python3.12/site-packages/airflow/example_dags/example_task_group.py
[2025-07-01T21:58:33.510+0000] {logging_mixin.py:190} INFO - [2025-07-01T21:58:33.510+0000] {dag.py:3239} INFO - Sync 1 DAGs
[2025-07-01T21:58:33.522+0000] {logging_mixin.py:190} INFO - [2025-07-01T21:58:33.521+0000] {dag.py:4180} INFO - Setting next_dagrun for example_task_group to None, run_after=None
[2025-07-01T21:58:33.541+0000] {processor.py:208} INFO - Processing /home/airflow/.local/lib/python3.12/site-packages/airflow/example_dags/example_task_group.py took 0.064 seconds
[2025-07-01T21:59:03.818+0000] {processor.py:186} INFO - Started process (PID=5276) to work on /home/airflow/.local/lib/python3.12/site-packages/airflow/example_dags/example_task_group.py
[2025-07-01T21:59:03.819+0000] {processor.py:914} INFO - Processing file /home/airflow/.local/lib/python3.12/site-packages/airflow/example_dags/example_task_group.py for tasks to queue
[2025-07-01T21:59:03.821+0000] {logging_mixin.py:190} INFO - [2025-07-01T21:59:03.821+0000] {dagbag.py:588} INFO - Filling up the DagBag from /home/airflow/.local/lib/python3.12/site-packages/airflow/example_dags/example_task_group.py
[2025-07-01T21:59:03.828+0000] {processor.py:925} INFO - DAG(s) 'example_task_group' retrieved from /home/airflow/.local/lib/python3.12/site-packages/airflow/example_dags/example_task_group.py
[2025-07-01T21:59:03.845+0000] {logging_mixin.py:190} INFO - [2025-07-01T21:59:03.845+0000] {dag.py:3239} INFO - Sync 1 DAGs
[2025-07-01T21:59:03.857+0000] {logging_mixin.py:190} INFO - [2025-07-01T21:59:03.856+0000] {dag.py:4180} INFO - Setting next_dagrun for example_task_group to None, run_after=None
[2025-07-01T21:59:03.873+0000] {processor.py:208} INFO - Processing /home/airflow/.local/lib/python3.12/site-packages/airflow/example_dags/example_task_group.py took 0.060 seconds
[2025-07-01T21:59:34.619+0000] {processor.py:186} INFO - Started process (PID=5339) to work on /home/airflow/.local/lib/python3.12/site-packages/airflow/example_dags/example_task_group.py
[2025-07-01T21:59:34.620+0000] {processor.py:914} INFO - Processing file /home/airflow/.local/lib/python3.12/site-packages/airflow/example_dags/example_task_group.py for tasks to queue
[2025-07-01T21:59:34.623+0000] {logging_mixin.py:190} INFO - [2025-07-01T21:59:34.622+0000] {dagbag.py:588} INFO - Filling up the DagBag from /home/airflow/.local/lib/python3.12/site-packages/airflow/example_dags/example_task_group.py
[2025-07-01T21:59:34.630+0000] {processor.py:925} INFO - DAG(s) 'example_task_group' retrieved from /home/airflow/.local/lib/python3.12/site-packages/airflow/example_dags/example_task_group.py
[2025-07-01T21:59:34.648+0000] {logging_mixin.py:190} INFO - [2025-07-01T21:59:34.648+0000] {dag.py:3239} INFO - Sync 1 DAGs
[2025-07-01T21:59:34.660+0000] {logging_mixin.py:190} INFO - [2025-07-01T21:59:34.659+0000] {dag.py:4180} INFO - Setting next_dagrun for example_task_group to None, run_after=None
[2025-07-01T21:59:34.677+0000] {processor.py:208} INFO - Processing /home/airflow/.local/lib/python3.12/site-packages/airflow/example_dags/example_task_group.py took 0.063 seconds
[2025-07-01T22:00:05.171+0000] {processor.py:186} INFO - Started process (PID=5403) to work on /home/airflow/.local/lib/python3.12/site-packages/airflow/example_dags/example_task_group.py
[2025-07-01T22:00:05.172+0000] {processor.py:914} INFO - Processing file /home/airflow/.local/lib/python3.12/site-packages/airflow/example_dags/example_task_group.py for tasks to queue
[2025-07-01T22:00:05.175+0000] {logging_mixin.py:190} INFO - [2025-07-01T22:00:05.175+0000] {dagbag.py:588} INFO - Filling up the DagBag from /home/airflow/.local/lib/python3.12/site-packages/airflow/example_dags/example_task_group.py
[2025-07-01T22:00:05.183+0000] {processor.py:925} INFO - DAG(s) 'example_task_group' retrieved from /home/airflow/.local/lib/python3.12/site-packages/airflow/example_dags/example_task_group.py
[2025-07-01T22:00:05.203+0000] {logging_mixin.py:190} INFO - [2025-07-01T22:00:05.203+0000] {dag.py:3239} INFO - Sync 1 DAGs
[2025-07-01T22:00:05.215+0000] {logging_mixin.py:190} INFO - [2025-07-01T22:00:05.215+0000] {dag.py:4180} INFO - Setting next_dagrun for example_task_group to None, run_after=None
[2025-07-01T22:00:05.235+0000] {processor.py:208} INFO - Processing /home/airflow/.local/lib/python3.12/site-packages/airflow/example_dags/example_task_group.py took 0.069 seconds
[2025-07-01T22:00:35.783+0000] {processor.py:186} INFO - Started process (PID=5466) to work on /home/airflow/.local/lib/python3.12/site-packages/airflow/example_dags/example_task_group.py
[2025-07-01T22:00:35.784+0000] {processor.py:914} INFO - Processing file /home/airflow/.local/lib/python3.12/site-packages/airflow/example_dags/example_task_group.py for tasks to queue
[2025-07-01T22:00:35.787+0000] {logging_mixin.py:190} INFO - [2025-07-01T22:00:35.787+0000] {dagbag.py:588} INFO - Filling up the DagBag from /home/airflow/.local/lib/python3.12/site-packages/airflow/example_dags/example_task_group.py
[2025-07-01T22:00:35.794+0000] {processor.py:925} INFO - DAG(s) 'example_task_group' retrieved from /home/airflow/.local/lib/python3.12/site-packages/airflow/example_dags/example_task_group.py
[2025-07-01T22:00:35.813+0000] {logging_mixin.py:190} INFO - [2025-07-01T22:00:35.813+0000] {dag.py:3239} INFO - Sync 1 DAGs
[2025-07-01T22:00:35.825+0000] {logging_mixin.py:190} INFO - [2025-07-01T22:00:35.825+0000] {dag.py:4180} INFO - Setting next_dagrun for example_task_group to None, run_after=None
[2025-07-01T22:00:35.844+0000] {processor.py:208} INFO - Processing /home/airflow/.local/lib/python3.12/site-packages/airflow/example_dags/example_task_group.py took 0.066 seconds
[2025-07-01T22:01:06.501+0000] {processor.py:186} INFO - Started process (PID=5529) to work on /home/airflow/.local/lib/python3.12/site-packages/airflow/example_dags/example_task_group.py
[2025-07-01T22:01:06.502+0000] {processor.py:914} INFO - Processing file /home/airflow/.local/lib/python3.12/site-packages/airflow/example_dags/example_task_group.py for tasks to queue
[2025-07-01T22:01:06.505+0000] {logging_mixin.py:190} INFO - [2025-07-01T22:01:06.504+0000] {dagbag.py:588} INFO - Filling up the DagBag from /home/airflow/.local/lib/python3.12/site-packages/airflow/example_dags/example_task_group.py
[2025-07-01T22:01:06.512+0000] {processor.py:925} INFO - DAG(s) 'example_task_group' retrieved from /home/airflow/.local/lib/python3.12/site-packages/airflow/example_dags/example_task_group.py
[2025-07-01T22:01:06.533+0000] {logging_mixin.py:190} INFO - [2025-07-01T22:01:06.533+0000] {dag.py:3239} INFO - Sync 1 DAGs
[2025-07-01T22:01:06.546+0000] {logging_mixin.py:190} INFO - [2025-07-01T22:01:06.546+0000] {dag.py:4180} INFO - Setting next_dagrun for example_task_group to None, run_after=None
[2025-07-01T22:01:06.567+0000] {processor.py:208} INFO - Processing /home/airflow/.local/lib/python3.12/site-packages/airflow/example_dags/example_task_group.py took 0.072 seconds
[2025-07-01T22:01:37.131+0000] {processor.py:186} INFO - Started process (PID=5592) to work on /home/airflow/.local/lib/python3.12/site-packages/airflow/example_dags/example_task_group.py
[2025-07-01T22:01:37.132+0000] {processor.py:914} INFO - Processing file /home/airflow/.local/lib/python3.12/site-packages/airflow/example_dags/example_task_group.py for tasks to queue
[2025-07-01T22:01:37.135+0000] {logging_mixin.py:190} INFO - [2025-07-01T22:01:37.134+0000] {dagbag.py:588} INFO - Filling up the DagBag from /home/airflow/.local/lib/python3.12/site-packages/airflow/example_dags/example_task_group.py
[2025-07-01T22:01:37.143+0000] {processor.py:925} INFO - DAG(s) 'example_task_group' retrieved from /home/airflow/.local/lib/python3.12/site-packages/airflow/example_dags/example_task_group.py
[2025-07-01T22:01:37.162+0000] {logging_mixin.py:190} INFO - [2025-07-01T22:01:37.162+0000] {dag.py:3239} INFO - Sync 1 DAGs
[2025-07-01T22:01:37.174+0000] {logging_mixin.py:190} INFO - [2025-07-01T22:01:37.174+0000] {dag.py:4180} INFO - Setting next_dagrun for example_task_group to None, run_after=None
[2025-07-01T22:01:37.195+0000] {processor.py:208} INFO - Processing /home/airflow/.local/lib/python3.12/site-packages/airflow/example_dags/example_task_group.py took 0.069 seconds
[2025-07-01T22:02:08.040+0000] {processor.py:186} INFO - Started process (PID=5655) to work on /home/airflow/.local/lib/python3.12/site-packages/airflow/example_dags/example_task_group.py
[2025-07-01T22:02:08.041+0000] {processor.py:914} INFO - Processing file /home/airflow/.local/lib/python3.12/site-packages/airflow/example_dags/example_task_group.py for tasks to queue
[2025-07-01T22:02:08.044+0000] {logging_mixin.py:190} INFO - [2025-07-01T22:02:08.043+0000] {dagbag.py:588} INFO - Filling up the DagBag from /home/airflow/.local/lib/python3.12/site-packages/airflow/example_dags/example_task_group.py
[2025-07-01T22:02:08.051+0000] {processor.py:925} INFO - DAG(s) 'example_task_group' retrieved from /home/airflow/.local/lib/python3.12/site-packages/airflow/example_dags/example_task_group.py
[2025-07-01T22:02:08.069+0000] {logging_mixin.py:190} INFO - [2025-07-01T22:02:08.069+0000] {dag.py:3239} INFO - Sync 1 DAGs
[2025-07-01T22:02:08.082+0000] {logging_mixin.py:190} INFO - [2025-07-01T22:02:08.081+0000] {dag.py:4180} INFO - Setting next_dagrun for example_task_group to None, run_after=None
[2025-07-01T22:02:08.100+0000] {processor.py:208} INFO - Processing /home/airflow/.local/lib/python3.12/site-packages/airflow/example_dags/example_task_group.py took 0.066 seconds
[2025-07-01T22:02:38.221+0000] {processor.py:186} INFO - Started process (PID=5718) to work on /home/airflow/.local/lib/python3.12/site-packages/airflow/example_dags/example_task_group.py
[2025-07-01T22:02:38.222+0000] {processor.py:914} INFO - Processing file /home/airflow/.local/lib/python3.12/site-packages/airflow/example_dags/example_task_group.py for tasks to queue
[2025-07-01T22:02:38.224+0000] {logging_mixin.py:190} INFO - [2025-07-01T22:02:38.224+0000] {dagbag.py:588} INFO - Filling up the DagBag from /home/airflow/.local/lib/python3.12/site-packages/airflow/example_dags/example_task_group.py
[2025-07-01T22:02:38.232+0000] {processor.py:925} INFO - DAG(s) 'example_task_group' retrieved from /home/airflow/.local/lib/python3.12/site-packages/airflow/example_dags/example_task_group.py
[2025-07-01T22:02:38.250+0000] {logging_mixin.py:190} INFO - [2025-07-01T22:02:38.250+0000] {dag.py:3239} INFO - Sync 1 DAGs
[2025-07-01T22:02:38.262+0000] {logging_mixin.py:190} INFO - [2025-07-01T22:02:38.262+0000] {dag.py:4180} INFO - Setting next_dagrun for example_task_group to None, run_after=None
[2025-07-01T22:02:38.280+0000] {processor.py:208} INFO - Processing /home/airflow/.local/lib/python3.12/site-packages/airflow/example_dags/example_task_group.py took 0.064 seconds
[2025-07-01T22:03:09.280+0000] {processor.py:186} INFO - Started process (PID=5781) to work on /home/airflow/.local/lib/python3.12/site-packages/airflow/example_dags/example_task_group.py
[2025-07-01T22:03:09.282+0000] {processor.py:914} INFO - Processing file /home/airflow/.local/lib/python3.12/site-packages/airflow/example_dags/example_task_group.py for tasks to queue
[2025-07-01T22:03:09.285+0000] {logging_mixin.py:190} INFO - [2025-07-01T22:03:09.284+0000] {dagbag.py:588} INFO - Filling up the DagBag from /home/airflow/.local/lib/python3.12/site-packages/airflow/example_dags/example_task_group.py
[2025-07-01T22:03:09.293+0000] {processor.py:925} INFO - DAG(s) 'example_task_group' retrieved from /home/airflow/.local/lib/python3.12/site-packages/airflow/example_dags/example_task_group.py
[2025-07-01T22:03:09.313+0000] {logging_mixin.py:190} INFO - [2025-07-01T22:03:09.312+0000] {dag.py:3239} INFO - Sync 1 DAGs
[2025-07-01T22:03:09.324+0000] {logging_mixin.py:190} INFO - [2025-07-01T22:03:09.324+0000] {dag.py:4180} INFO - Setting next_dagrun for example_task_group to None, run_after=None
[2025-07-01T22:03:09.342+0000] {processor.py:208} INFO - Processing /home/airflow/.local/lib/python3.12/site-packages/airflow/example_dags/example_task_group.py took 0.068 seconds
[2025-07-01T22:03:40.011+0000] {processor.py:186} INFO - Started process (PID=5844) to work on /home/airflow/.local/lib/python3.12/site-packages/airflow/example_dags/example_task_group.py
[2025-07-01T22:03:40.012+0000] {processor.py:914} INFO - Processing file /home/airflow/.local/lib/python3.12/site-packages/airflow/example_dags/example_task_group.py for tasks to queue
[2025-07-01T22:03:40.014+0000] {logging_mixin.py:190} INFO - [2025-07-01T22:03:40.014+0000] {dagbag.py:588} INFO - Filling up the DagBag from /home/airflow/.local/lib/python3.12/site-packages/airflow/example_dags/example_task_group.py
[2025-07-01T22:03:40.021+0000] {processor.py:925} INFO - DAG(s) 'example_task_group' retrieved from /home/airflow/.local/lib/python3.12/site-packages/airflow/example_dags/example_task_group.py
[2025-07-01T22:03:40.041+0000] {logging_mixin.py:190} INFO - [2025-07-01T22:03:40.041+0000] {dag.py:3239} INFO - Sync 1 DAGs
[2025-07-01T22:03:40.053+0000] {logging_mixin.py:190} INFO - [2025-07-01T22:03:40.052+0000] {dag.py:4180} INFO - Setting next_dagrun for example_task_group to None, run_after=None
[2025-07-01T22:03:40.071+0000] {processor.py:208} INFO - Processing /home/airflow/.local/lib/python3.12/site-packages/airflow/example_dags/example_task_group.py took 0.065 seconds
[2025-07-01T22:04:10.778+0000] {processor.py:186} INFO - Started process (PID=5908) to work on /home/airflow/.local/lib/python3.12/site-packages/airflow/example_dags/example_task_group.py
[2025-07-01T22:04:10.779+0000] {processor.py:914} INFO - Processing file /home/airflow/.local/lib/python3.12/site-packages/airflow/example_dags/example_task_group.py for tasks to queue
[2025-07-01T22:04:10.782+0000] {logging_mixin.py:190} INFO - [2025-07-01T22:04:10.782+0000] {dagbag.py:588} INFO - Filling up the DagBag from /home/airflow/.local/lib/python3.12/site-packages/airflow/example_dags/example_task_group.py
[2025-07-01T22:04:10.789+0000] {processor.py:925} INFO - DAG(s) 'example_task_group' retrieved from /home/airflow/.local/lib/python3.12/site-packages/airflow/example_dags/example_task_group.py
[2025-07-01T22:04:10.809+0000] {logging_mixin.py:190} INFO - [2025-07-01T22:04:10.809+0000] {dag.py:3239} INFO - Sync 1 DAGs
[2025-07-01T22:04:10.822+0000] {logging_mixin.py:190} INFO - [2025-07-01T22:04:10.822+0000] {dag.py:4180} INFO - Setting next_dagrun for example_task_group to None, run_after=None
[2025-07-01T22:04:10.842+0000] {processor.py:208} INFO - Processing /home/airflow/.local/lib/python3.12/site-packages/airflow/example_dags/example_task_group.py took 0.069 seconds
[2025-07-01T22:04:40.936+0000] {processor.py:186} INFO - Started process (PID=5971) to work on /home/airflow/.local/lib/python3.12/site-packages/airflow/example_dags/example_task_group.py
[2025-07-01T22:04:40.937+0000] {processor.py:914} INFO - Processing file /home/airflow/.local/lib/python3.12/site-packages/airflow/example_dags/example_task_group.py for tasks to queue
[2025-07-01T22:04:40.940+0000] {logging_mixin.py:190} INFO - [2025-07-01T22:04:40.940+0000] {dagbag.py:588} INFO - Filling up the DagBag from /home/airflow/.local/lib/python3.12/site-packages/airflow/example_dags/example_task_group.py
[2025-07-01T22:04:40.947+0000] {processor.py:925} INFO - DAG(s) 'example_task_group' retrieved from /home/airflow/.local/lib/python3.12/site-packages/airflow/example_dags/example_task_group.py
[2025-07-01T22:04:40.969+0000] {logging_mixin.py:190} INFO - [2025-07-01T22:04:40.968+0000] {dag.py:3239} INFO - Sync 1 DAGs
[2025-07-01T22:04:40.983+0000] {logging_mixin.py:190} INFO - [2025-07-01T22:04:40.982+0000] {dag.py:4180} INFO - Setting next_dagrun for example_task_group to None, run_after=None
[2025-07-01T22:04:41.007+0000] {processor.py:208} INFO - Processing /home/airflow/.local/lib/python3.12/site-packages/airflow/example_dags/example_task_group.py took 0.077 seconds
[2025-07-01T22:05:11.222+0000] {processor.py:186} INFO - Started process (PID=6034) to work on /home/airflow/.local/lib/python3.12/site-packages/airflow/example_dags/example_task_group.py
[2025-07-01T22:05:11.223+0000] {processor.py:914} INFO - Processing file /home/airflow/.local/lib/python3.12/site-packages/airflow/example_dags/example_task_group.py for tasks to queue
[2025-07-01T22:05:11.226+0000] {logging_mixin.py:190} INFO - [2025-07-01T22:05:11.226+0000] {dagbag.py:588} INFO - Filling up the DagBag from /home/airflow/.local/lib/python3.12/site-packages/airflow/example_dags/example_task_group.py
[2025-07-01T22:05:11.234+0000] {processor.py:925} INFO - DAG(s) 'example_task_group' retrieved from /home/airflow/.local/lib/python3.12/site-packages/airflow/example_dags/example_task_group.py
[2025-07-01T22:05:11.256+0000] {logging_mixin.py:190} INFO - [2025-07-01T22:05:11.256+0000] {dag.py:3239} INFO - Sync 1 DAGs
[2025-07-01T22:05:11.269+0000] {logging_mixin.py:190} INFO - [2025-07-01T22:05:11.269+0000] {dag.py:4180} INFO - Setting next_dagrun for example_task_group to None, run_after=None
[2025-07-01T22:05:11.289+0000] {processor.py:208} INFO - Processing /home/airflow/.local/lib/python3.12/site-packages/airflow/example_dags/example_task_group.py took 0.072 seconds
[2025-07-01T22:05:41.518+0000] {processor.py:186} INFO - Started process (PID=6097) to work on /home/airflow/.local/lib/python3.12/site-packages/airflow/example_dags/example_task_group.py
[2025-07-01T22:05:41.519+0000] {processor.py:914} INFO - Processing file /home/airflow/.local/lib/python3.12/site-packages/airflow/example_dags/example_task_group.py for tasks to queue
[2025-07-01T22:05:41.522+0000] {logging_mixin.py:190} INFO - [2025-07-01T22:05:41.522+0000] {dagbag.py:588} INFO - Filling up the DagBag from /home/airflow/.local/lib/python3.12/site-packages/airflow/example_dags/example_task_group.py
[2025-07-01T22:05:41.529+0000] {processor.py:925} INFO - DAG(s) 'example_task_group' retrieved from /home/airflow/.local/lib/python3.12/site-packages/airflow/example_dags/example_task_group.py
[2025-07-01T22:05:41.548+0000] {logging_mixin.py:190} INFO - [2025-07-01T22:05:41.548+0000] {dag.py:3239} INFO - Sync 1 DAGs
[2025-07-01T22:05:41.560+0000] {logging_mixin.py:190} INFO - [2025-07-01T22:05:41.560+0000] {dag.py:4180} INFO - Setting next_dagrun for example_task_group to None, run_after=None
[2025-07-01T22:05:41.579+0000] {processor.py:208} INFO - Processing /home/airflow/.local/lib/python3.12/site-packages/airflow/example_dags/example_task_group.py took 0.065 seconds
[2025-07-01T22:06:11.996+0000] {processor.py:186} INFO - Started process (PID=6160) to work on /home/airflow/.local/lib/python3.12/site-packages/airflow/example_dags/example_task_group.py
[2025-07-01T22:06:11.997+0000] {processor.py:914} INFO - Processing file /home/airflow/.local/lib/python3.12/site-packages/airflow/example_dags/example_task_group.py for tasks to queue
[2025-07-01T22:06:12.000+0000] {logging_mixin.py:190} INFO - [2025-07-01T22:06:12.000+0000] {dagbag.py:588} INFO - Filling up the DagBag from /home/airflow/.local/lib/python3.12/site-packages/airflow/example_dags/example_task_group.py
[2025-07-01T22:06:12.008+0000] {processor.py:925} INFO - DAG(s) 'example_task_group' retrieved from /home/airflow/.local/lib/python3.12/site-packages/airflow/example_dags/example_task_group.py
[2025-07-01T22:06:12.029+0000] {logging_mixin.py:190} INFO - [2025-07-01T22:06:12.028+0000] {dag.py:3239} INFO - Sync 1 DAGs
[2025-07-01T22:06:12.040+0000] {logging_mixin.py:190} INFO - [2025-07-01T22:06:12.040+0000] {dag.py:4180} INFO - Setting next_dagrun for example_task_group to None, run_after=None
[2025-07-01T22:06:12.058+0000] {processor.py:208} INFO - Processing /home/airflow/.local/lib/python3.12/site-packages/airflow/example_dags/example_task_group.py took 0.068 seconds
[2025-07-01T22:06:42.821+0000] {processor.py:186} INFO - Started process (PID=6223) to work on /home/airflow/.local/lib/python3.12/site-packages/airflow/example_dags/example_task_group.py
[2025-07-01T22:06:42.822+0000] {processor.py:914} INFO - Processing file /home/airflow/.local/lib/python3.12/site-packages/airflow/example_dags/example_task_group.py for tasks to queue
[2025-07-01T22:06:42.826+0000] {logging_mixin.py:190} INFO - [2025-07-01T22:06:42.825+0000] {dagbag.py:588} INFO - Filling up the DagBag from /home/airflow/.local/lib/python3.12/site-packages/airflow/example_dags/example_task_group.py
[2025-07-01T22:06:42.836+0000] {processor.py:925} INFO - DAG(s) 'example_task_group' retrieved from /home/airflow/.local/lib/python3.12/site-packages/airflow/example_dags/example_task_group.py
[2025-07-01T22:06:42.856+0000] {logging_mixin.py:190} INFO - [2025-07-01T22:06:42.856+0000] {dag.py:3239} INFO - Sync 1 DAGs
[2025-07-01T22:06:42.871+0000] {logging_mixin.py:190} INFO - [2025-07-01T22:06:42.871+0000] {dag.py:4180} INFO - Setting next_dagrun for example_task_group to None, run_after=None
[2025-07-01T22:06:42.896+0000] {processor.py:208} INFO - Processing /home/airflow/.local/lib/python3.12/site-packages/airflow/example_dags/example_task_group.py took 0.080 seconds
[2025-07-01T22:07:13.405+0000] {processor.py:186} INFO - Started process (PID=6286) to work on /home/airflow/.local/lib/python3.12/site-packages/airflow/example_dags/example_task_group.py
[2025-07-01T22:07:13.407+0000] {processor.py:914} INFO - Processing file /home/airflow/.local/lib/python3.12/site-packages/airflow/example_dags/example_task_group.py for tasks to queue
[2025-07-01T22:07:13.409+0000] {logging_mixin.py:190} INFO - [2025-07-01T22:07:13.409+0000] {dagbag.py:588} INFO - Filling up the DagBag from /home/airflow/.local/lib/python3.12/site-packages/airflow/example_dags/example_task_group.py
[2025-07-01T22:07:13.417+0000] {processor.py:925} INFO - DAG(s) 'example_task_group' retrieved from /home/airflow/.local/lib/python3.12/site-packages/airflow/example_dags/example_task_group.py
[2025-07-01T22:07:13.436+0000] {logging_mixin.py:190} INFO - [2025-07-01T22:07:13.436+0000] {dag.py:3239} INFO - Sync 1 DAGs
[2025-07-01T22:07:13.448+0000] {logging_mixin.py:190} INFO - [2025-07-01T22:07:13.448+0000] {dag.py:4180} INFO - Setting next_dagrun for example_task_group to None, run_after=None
[2025-07-01T22:07:13.468+0000] {processor.py:208} INFO - Processing /home/airflow/.local/lib/python3.12/site-packages/airflow/example_dags/example_task_group.py took 0.068 seconds
[2025-07-01T22:07:44.085+0000] {processor.py:186} INFO - Started process (PID=6349) to work on /home/airflow/.local/lib/python3.12/site-packages/airflow/example_dags/example_task_group.py
[2025-07-01T22:07:44.086+0000] {processor.py:914} INFO - Processing file /home/airflow/.local/lib/python3.12/site-packages/airflow/example_dags/example_task_group.py for tasks to queue
[2025-07-01T22:07:44.089+0000] {logging_mixin.py:190} INFO - [2025-07-01T22:07:44.089+0000] {dagbag.py:588} INFO - Filling up the DagBag from /home/airflow/.local/lib/python3.12/site-packages/airflow/example_dags/example_task_group.py
[2025-07-01T22:07:44.097+0000] {processor.py:925} INFO - DAG(s) 'example_task_group' retrieved from /home/airflow/.local/lib/python3.12/site-packages/airflow/example_dags/example_task_group.py
[2025-07-01T22:07:44.115+0000] {logging_mixin.py:190} INFO - [2025-07-01T22:07:44.115+0000] {dag.py:3239} INFO - Sync 1 DAGs
[2025-07-01T22:07:44.128+0000] {logging_mixin.py:190} INFO - [2025-07-01T22:07:44.128+0000] {dag.py:4180} INFO - Setting next_dagrun for example_task_group to None, run_after=None
[2025-07-01T22:07:44.146+0000] {processor.py:208} INFO - Processing /home/airflow/.local/lib/python3.12/site-packages/airflow/example_dags/example_task_group.py took 0.066 seconds
[2025-07-01T22:08:14.876+0000] {processor.py:186} INFO - Started process (PID=6412) to work on /home/airflow/.local/lib/python3.12/site-packages/airflow/example_dags/example_task_group.py
[2025-07-01T22:08:14.877+0000] {processor.py:914} INFO - Processing file /home/airflow/.local/lib/python3.12/site-packages/airflow/example_dags/example_task_group.py for tasks to queue
[2025-07-01T22:08:14.880+0000] {logging_mixin.py:190} INFO - [2025-07-01T22:08:14.879+0000] {dagbag.py:588} INFO - Filling up the DagBag from /home/airflow/.local/lib/python3.12/site-packages/airflow/example_dags/example_task_group.py
[2025-07-01T22:08:14.887+0000] {processor.py:925} INFO - DAG(s) 'example_task_group' retrieved from /home/airflow/.local/lib/python3.12/site-packages/airflow/example_dags/example_task_group.py
[2025-07-01T22:08:14.905+0000] {logging_mixin.py:190} INFO - [2025-07-01T22:08:14.905+0000] {dag.py:3239} INFO - Sync 1 DAGs
[2025-07-01T22:08:14.917+0000] {logging_mixin.py:190} INFO - [2025-07-01T22:08:14.917+0000] {dag.py:4180} INFO - Setting next_dagrun for example_task_group to None, run_after=None
[2025-07-01T22:08:14.937+0000] {processor.py:208} INFO - Processing /home/airflow/.local/lib/python3.12/site-packages/airflow/example_dags/example_task_group.py took 0.066 seconds
[2025-07-01T22:08:45.625+0000] {processor.py:186} INFO - Started process (PID=6475) to work on /home/airflow/.local/lib/python3.12/site-packages/airflow/example_dags/example_task_group.py
[2025-07-01T22:08:45.626+0000] {processor.py:914} INFO - Processing file /home/airflow/.local/lib/python3.12/site-packages/airflow/example_dags/example_task_group.py for tasks to queue
[2025-07-01T22:08:45.628+0000] {logging_mixin.py:190} INFO - [2025-07-01T22:08:45.628+0000] {dagbag.py:588} INFO - Filling up the DagBag from /home/airflow/.local/lib/python3.12/site-packages/airflow/example_dags/example_task_group.py
[2025-07-01T22:08:45.636+0000] {processor.py:925} INFO - DAG(s) 'example_task_group' retrieved from /home/airflow/.local/lib/python3.12/site-packages/airflow/example_dags/example_task_group.py
[2025-07-01T22:08:45.653+0000] {logging_mixin.py:190} INFO - [2025-07-01T22:08:45.653+0000] {dag.py:3239} INFO - Sync 1 DAGs
[2025-07-01T22:08:45.671+0000] {logging_mixin.py:190} INFO - [2025-07-01T22:08:45.671+0000] {dag.py:4180} INFO - Setting next_dagrun for example_task_group to None, run_after=None
[2025-07-01T22:08:45.693+0000] {processor.py:208} INFO - Processing /home/airflow/.local/lib/python3.12/site-packages/airflow/example_dags/example_task_group.py took 0.074 seconds
[2025-07-01T22:09:16.242+0000] {processor.py:186} INFO - Started process (PID=6538) to work on /home/airflow/.local/lib/python3.12/site-packages/airflow/example_dags/example_task_group.py
[2025-07-01T22:09:16.243+0000] {processor.py:914} INFO - Processing file /home/airflow/.local/lib/python3.12/site-packages/airflow/example_dags/example_task_group.py for tasks to queue
[2025-07-01T22:09:16.247+0000] {logging_mixin.py:190} INFO - [2025-07-01T22:09:16.246+0000] {dagbag.py:588} INFO - Filling up the DagBag from /home/airflow/.local/lib/python3.12/site-packages/airflow/example_dags/example_task_group.py
[2025-07-01T22:09:16.256+0000] {processor.py:925} INFO - DAG(s) 'example_task_group' retrieved from /home/airflow/.local/lib/python3.12/site-packages/airflow/example_dags/example_task_group.py
[2025-07-01T22:09:16.277+0000] {logging_mixin.py:190} INFO - [2025-07-01T22:09:16.277+0000] {dag.py:3239} INFO - Sync 1 DAGs
[2025-07-01T22:09:16.292+0000] {logging_mixin.py:190} INFO - [2025-07-01T22:09:16.291+0000] {dag.py:4180} INFO - Setting next_dagrun for example_task_group to None, run_after=None
[2025-07-01T22:09:16.313+0000] {processor.py:208} INFO - Processing /home/airflow/.local/lib/python3.12/site-packages/airflow/example_dags/example_task_group.py took 0.077 seconds
[2025-07-01T22:09:46.786+0000] {processor.py:186} INFO - Started process (PID=6601) to work on /home/airflow/.local/lib/python3.12/site-packages/airflow/example_dags/example_task_group.py
[2025-07-01T22:09:46.787+0000] {processor.py:914} INFO - Processing file /home/airflow/.local/lib/python3.12/site-packages/airflow/example_dags/example_task_group.py for tasks to queue
[2025-07-01T22:09:46.790+0000] {logging_mixin.py:190} INFO - [2025-07-01T22:09:46.789+0000] {dagbag.py:588} INFO - Filling up the DagBag from /home/airflow/.local/lib/python3.12/site-packages/airflow/example_dags/example_task_group.py
[2025-07-01T22:09:46.797+0000] {processor.py:925} INFO - DAG(s) 'example_task_group' retrieved from /home/airflow/.local/lib/python3.12/site-packages/airflow/example_dags/example_task_group.py
[2025-07-01T22:09:46.816+0000] {logging_mixin.py:190} INFO - [2025-07-01T22:09:46.815+0000] {dag.py:3239} INFO - Sync 1 DAGs
[2025-07-01T22:09:46.828+0000] {logging_mixin.py:190} INFO - [2025-07-01T22:09:46.828+0000] {dag.py:4180} INFO - Setting next_dagrun for example_task_group to None, run_after=None
[2025-07-01T22:09:46.848+0000] {processor.py:208} INFO - Processing /home/airflow/.local/lib/python3.12/site-packages/airflow/example_dags/example_task_group.py took 0.068 seconds
[2025-07-01T22:10:16.963+0000] {processor.py:186} INFO - Started process (PID=6664) to work on /home/airflow/.local/lib/python3.12/site-packages/airflow/example_dags/example_task_group.py
[2025-07-01T22:10:16.964+0000] {processor.py:914} INFO - Processing file /home/airflow/.local/lib/python3.12/site-packages/airflow/example_dags/example_task_group.py for tasks to queue
[2025-07-01T22:10:16.966+0000] {logging_mixin.py:190} INFO - [2025-07-01T22:10:16.966+0000] {dagbag.py:588} INFO - Filling up the DagBag from /home/airflow/.local/lib/python3.12/site-packages/airflow/example_dags/example_task_group.py
[2025-07-01T22:10:16.974+0000] {processor.py:925} INFO - DAG(s) 'example_task_group' retrieved from /home/airflow/.local/lib/python3.12/site-packages/airflow/example_dags/example_task_group.py
[2025-07-01T22:10:16.993+0000] {logging_mixin.py:190} INFO - [2025-07-01T22:10:16.993+0000] {dag.py:3239} INFO - Sync 1 DAGs
[2025-07-01T22:10:17.005+0000] {logging_mixin.py:190} INFO - [2025-07-01T22:10:17.004+0000] {dag.py:4180} INFO - Setting next_dagrun for example_task_group to None, run_after=None
[2025-07-01T22:10:17.024+0000] {processor.py:208} INFO - Processing /home/airflow/.local/lib/python3.12/site-packages/airflow/example_dags/example_task_group.py took 0.067 seconds
[2025-07-01T22:10:47.721+0000] {processor.py:186} INFO - Started process (PID=6727) to work on /home/airflow/.local/lib/python3.12/site-packages/airflow/example_dags/example_task_group.py
[2025-07-01T22:10:47.722+0000] {processor.py:914} INFO - Processing file /home/airflow/.local/lib/python3.12/site-packages/airflow/example_dags/example_task_group.py for tasks to queue
[2025-07-01T22:10:47.725+0000] {logging_mixin.py:190} INFO - [2025-07-01T22:10:47.725+0000] {dagbag.py:588} INFO - Filling up the DagBag from /home/airflow/.local/lib/python3.12/site-packages/airflow/example_dags/example_task_group.py
[2025-07-01T22:10:47.733+0000] {processor.py:925} INFO - DAG(s) 'example_task_group' retrieved from /home/airflow/.local/lib/python3.12/site-packages/airflow/example_dags/example_task_group.py
[2025-07-01T22:10:47.752+0000] {logging_mixin.py:190} INFO - [2025-07-01T22:10:47.752+0000] {dag.py:3239} INFO - Sync 1 DAGs
[2025-07-01T22:10:47.764+0000] {logging_mixin.py:190} INFO - [2025-07-01T22:10:47.764+0000] {dag.py:4180} INFO - Setting next_dagrun for example_task_group to None, run_after=None
[2025-07-01T22:10:47.784+0000] {processor.py:208} INFO - Processing /home/airflow/.local/lib/python3.12/site-packages/airflow/example_dags/example_task_group.py took 0.068 seconds
[2025-07-01T22:11:18.309+0000] {processor.py:186} INFO - Started process (PID=6790) to work on /home/airflow/.local/lib/python3.12/site-packages/airflow/example_dags/example_task_group.py
[2025-07-01T22:11:18.310+0000] {processor.py:914} INFO - Processing file /home/airflow/.local/lib/python3.12/site-packages/airflow/example_dags/example_task_group.py for tasks to queue
[2025-07-01T22:11:18.313+0000] {logging_mixin.py:190} INFO - [2025-07-01T22:11:18.313+0000] {dagbag.py:588} INFO - Filling up the DagBag from /home/airflow/.local/lib/python3.12/site-packages/airflow/example_dags/example_task_group.py
[2025-07-01T22:11:18.320+0000] {processor.py:925} INFO - DAG(s) 'example_task_group' retrieved from /home/airflow/.local/lib/python3.12/site-packages/airflow/example_dags/example_task_group.py
[2025-07-01T22:11:18.339+0000] {logging_mixin.py:190} INFO - [2025-07-01T22:11:18.339+0000] {dag.py:3239} INFO - Sync 1 DAGs
[2025-07-01T22:11:18.351+0000] {logging_mixin.py:190} INFO - [2025-07-01T22:11:18.351+0000] {dag.py:4180} INFO - Setting next_dagrun for example_task_group to None, run_after=None
[2025-07-01T22:11:18.371+0000] {processor.py:208} INFO - Processing /home/airflow/.local/lib/python3.12/site-packages/airflow/example_dags/example_task_group.py took 0.068 seconds
[2025-07-01T22:11:48.996+0000] {processor.py:186} INFO - Started process (PID=6853) to work on /home/airflow/.local/lib/python3.12/site-packages/airflow/example_dags/example_task_group.py
[2025-07-01T22:11:48.997+0000] {processor.py:914} INFO - Processing file /home/airflow/.local/lib/python3.12/site-packages/airflow/example_dags/example_task_group.py for tasks to queue
[2025-07-01T22:11:48.999+0000] {logging_mixin.py:190} INFO - [2025-07-01T22:11:48.999+0000] {dagbag.py:588} INFO - Filling up the DagBag from /home/airflow/.local/lib/python3.12/site-packages/airflow/example_dags/example_task_group.py
[2025-07-01T22:11:49.008+0000] {processor.py:925} INFO - DAG(s) 'example_task_group' retrieved from /home/airflow/.local/lib/python3.12/site-packages/airflow/example_dags/example_task_group.py
[2025-07-01T22:11:49.027+0000] {logging_mixin.py:190} INFO - [2025-07-01T22:11:49.027+0000] {dag.py:3239} INFO - Sync 1 DAGs
[2025-07-01T22:11:49.039+0000] {logging_mixin.py:190} INFO - [2025-07-01T22:11:49.039+0000] {dag.py:4180} INFO - Setting next_dagrun for example_task_group to None, run_after=None
[2025-07-01T22:11:49.061+0000] {processor.py:208} INFO - Processing /home/airflow/.local/lib/python3.12/site-packages/airflow/example_dags/example_task_group.py took 0.071 seconds
[2025-07-01T22:12:19.830+0000] {processor.py:186} INFO - Started process (PID=6916) to work on /home/airflow/.local/lib/python3.12/site-packages/airflow/example_dags/example_task_group.py
[2025-07-01T22:12:19.831+0000] {processor.py:914} INFO - Processing file /home/airflow/.local/lib/python3.12/site-packages/airflow/example_dags/example_task_group.py for tasks to queue
[2025-07-01T22:12:19.834+0000] {logging_mixin.py:190} INFO - [2025-07-01T22:12:19.834+0000] {dagbag.py:588} INFO - Filling up the DagBag from /home/airflow/.local/lib/python3.12/site-packages/airflow/example_dags/example_task_group.py
[2025-07-01T22:12:19.847+0000] {processor.py:925} INFO - DAG(s) 'example_task_group' retrieved from /home/airflow/.local/lib/python3.12/site-packages/airflow/example_dags/example_task_group.py
[2025-07-01T22:12:19.869+0000] {logging_mixin.py:190} INFO - [2025-07-01T22:12:19.869+0000] {dag.py:3239} INFO - Sync 1 DAGs
[2025-07-01T22:12:19.883+0000] {logging_mixin.py:190} INFO - [2025-07-01T22:12:19.882+0000] {dag.py:4180} INFO - Setting next_dagrun for example_task_group to None, run_after=None
[2025-07-01T22:12:19.904+0000] {processor.py:208} INFO - Processing /home/airflow/.local/lib/python3.12/site-packages/airflow/example_dags/example_task_group.py took 0.080 seconds
[2025-07-01T22:12:50.604+0000] {processor.py:186} INFO - Started process (PID=6979) to work on /home/airflow/.local/lib/python3.12/site-packages/airflow/example_dags/example_task_group.py
[2025-07-01T22:12:50.605+0000] {processor.py:914} INFO - Processing file /home/airflow/.local/lib/python3.12/site-packages/airflow/example_dags/example_task_group.py for tasks to queue
[2025-07-01T22:12:50.609+0000] {logging_mixin.py:190} INFO - [2025-07-01T22:12:50.608+0000] {dagbag.py:588} INFO - Filling up the DagBag from /home/airflow/.local/lib/python3.12/site-packages/airflow/example_dags/example_task_group.py
[2025-07-01T22:12:50.618+0000] {processor.py:925} INFO - DAG(s) 'example_task_group' retrieved from /home/airflow/.local/lib/python3.12/site-packages/airflow/example_dags/example_task_group.py
[2025-07-01T22:12:50.639+0000] {logging_mixin.py:190} INFO - [2025-07-01T22:12:50.639+0000] {dag.py:3239} INFO - Sync 1 DAGs
[2025-07-01T22:12:50.652+0000] {logging_mixin.py:190} INFO - [2025-07-01T22:12:50.651+0000] {dag.py:4180} INFO - Setting next_dagrun for example_task_group to None, run_after=None
[2025-07-01T22:12:50.671+0000] {processor.py:208} INFO - Processing /home/airflow/.local/lib/python3.12/site-packages/airflow/example_dags/example_task_group.py took 0.074 seconds
[2025-07-01T22:13:21.354+0000] {processor.py:186} INFO - Started process (PID=7042) to work on /home/airflow/.local/lib/python3.12/site-packages/airflow/example_dags/example_task_group.py
[2025-07-01T22:13:21.355+0000] {processor.py:914} INFO - Processing file /home/airflow/.local/lib/python3.12/site-packages/airflow/example_dags/example_task_group.py for tasks to queue
[2025-07-01T22:13:21.358+0000] {logging_mixin.py:190} INFO - [2025-07-01T22:13:21.357+0000] {dagbag.py:588} INFO - Filling up the DagBag from /home/airflow/.local/lib/python3.12/site-packages/airflow/example_dags/example_task_group.py
[2025-07-01T22:13:21.366+0000] {processor.py:925} INFO - DAG(s) 'example_task_group' retrieved from /home/airflow/.local/lib/python3.12/site-packages/airflow/example_dags/example_task_group.py
[2025-07-01T22:13:21.385+0000] {logging_mixin.py:190} INFO - [2025-07-01T22:13:21.385+0000] {dag.py:3239} INFO - Sync 1 DAGs
[2025-07-01T22:13:21.398+0000] {logging_mixin.py:190} INFO - [2025-07-01T22:13:21.398+0000] {dag.py:4180} INFO - Setting next_dagrun for example_task_group to None, run_after=None
[2025-07-01T22:13:21.418+0000] {processor.py:208} INFO - Processing /home/airflow/.local/lib/python3.12/site-packages/airflow/example_dags/example_task_group.py took 0.069 seconds
[2025-07-01T22:13:52.309+0000] {processor.py:186} INFO - Started process (PID=7105) to work on /home/airflow/.local/lib/python3.12/site-packages/airflow/example_dags/example_task_group.py
[2025-07-01T22:13:52.310+0000] {processor.py:914} INFO - Processing file /home/airflow/.local/lib/python3.12/site-packages/airflow/example_dags/example_task_group.py for tasks to queue
[2025-07-01T22:13:52.313+0000] {logging_mixin.py:190} INFO - [2025-07-01T22:13:52.312+0000] {dagbag.py:588} INFO - Filling up the DagBag from /home/airflow/.local/lib/python3.12/site-packages/airflow/example_dags/example_task_group.py
[2025-07-01T22:13:52.320+0000] {processor.py:925} INFO - DAG(s) 'example_task_group' retrieved from /home/airflow/.local/lib/python3.12/site-packages/airflow/example_dags/example_task_group.py
[2025-07-01T22:13:52.339+0000] {logging_mixin.py:190} INFO - [2025-07-01T22:13:52.339+0000] {dag.py:3239} INFO - Sync 1 DAGs
[2025-07-01T22:13:52.353+0000] {logging_mixin.py:190} INFO - [2025-07-01T22:13:52.352+0000] {dag.py:4180} INFO - Setting next_dagrun for example_task_group to None, run_after=None
[2025-07-01T22:13:52.373+0000] {processor.py:208} INFO - Processing /home/airflow/.local/lib/python3.12/site-packages/airflow/example_dags/example_task_group.py took 0.069 seconds
[2025-07-01T22:14:23.096+0000] {processor.py:186} INFO - Started process (PID=7168) to work on /home/airflow/.local/lib/python3.12/site-packages/airflow/example_dags/example_task_group.py
[2025-07-01T22:14:23.097+0000] {processor.py:914} INFO - Processing file /home/airflow/.local/lib/python3.12/site-packages/airflow/example_dags/example_task_group.py for tasks to queue
[2025-07-01T22:14:23.100+0000] {logging_mixin.py:190} INFO - [2025-07-01T22:14:23.100+0000] {dagbag.py:588} INFO - Filling up the DagBag from /home/airflow/.local/lib/python3.12/site-packages/airflow/example_dags/example_task_group.py
[2025-07-01T22:14:23.112+0000] {processor.py:925} INFO - DAG(s) 'example_task_group' retrieved from /home/airflow/.local/lib/python3.12/site-packages/airflow/example_dags/example_task_group.py
[2025-07-01T22:14:23.135+0000] {logging_mixin.py:190} INFO - [2025-07-01T22:14:23.134+0000] {dag.py:3239} INFO - Sync 1 DAGs
[2025-07-01T22:14:23.150+0000] {logging_mixin.py:190} INFO - [2025-07-01T22:14:23.150+0000] {dag.py:4180} INFO - Setting next_dagrun for example_task_group to None, run_after=None
[2025-07-01T22:14:23.176+0000] {processor.py:208} INFO - Processing /home/airflow/.local/lib/python3.12/site-packages/airflow/example_dags/example_task_group.py took 0.086 seconds
[2025-07-01T22:14:53.403+0000] {processor.py:186} INFO - Started process (PID=7231) to work on /home/airflow/.local/lib/python3.12/site-packages/airflow/example_dags/example_task_group.py
[2025-07-01T22:14:53.406+0000] {processor.py:914} INFO - Processing file /home/airflow/.local/lib/python3.12/site-packages/airflow/example_dags/example_task_group.py for tasks to queue
[2025-07-01T22:14:53.410+0000] {logging_mixin.py:190} INFO - [2025-07-01T22:14:53.409+0000] {dagbag.py:588} INFO - Filling up the DagBag from /home/airflow/.local/lib/python3.12/site-packages/airflow/example_dags/example_task_group.py
[2025-07-01T22:14:53.419+0000] {processor.py:925} INFO - DAG(s) 'example_task_group' retrieved from /home/airflow/.local/lib/python3.12/site-packages/airflow/example_dags/example_task_group.py
[2025-07-01T22:14:53.441+0000] {logging_mixin.py:190} INFO - [2025-07-01T22:14:53.441+0000] {dag.py:3239} INFO - Sync 1 DAGs
[2025-07-01T22:14:53.454+0000] {logging_mixin.py:190} INFO - [2025-07-01T22:14:53.454+0000] {dag.py:4180} INFO - Setting next_dagrun for example_task_group to None, run_after=None
[2025-07-01T22:14:53.476+0000] {processor.py:208} INFO - Processing /home/airflow/.local/lib/python3.12/site-packages/airflow/example_dags/example_task_group.py took 0.081 seconds
[2025-07-01T22:15:23.858+0000] {processor.py:186} INFO - Started process (PID=7294) to work on /home/airflow/.local/lib/python3.12/site-packages/airflow/example_dags/example_task_group.py
[2025-07-01T22:15:23.859+0000] {processor.py:914} INFO - Processing file /home/airflow/.local/lib/python3.12/site-packages/airflow/example_dags/example_task_group.py for tasks to queue
[2025-07-01T22:15:23.862+0000] {logging_mixin.py:190} INFO - [2025-07-01T22:15:23.862+0000] {dagbag.py:588} INFO - Filling up the DagBag from /home/airflow/.local/lib/python3.12/site-packages/airflow/example_dags/example_task_group.py
[2025-07-01T22:15:23.872+0000] {processor.py:925} INFO - DAG(s) 'example_task_group' retrieved from /home/airflow/.local/lib/python3.12/site-packages/airflow/example_dags/example_task_group.py
[2025-07-01T22:15:23.896+0000] {logging_mixin.py:190} INFO - [2025-07-01T22:15:23.895+0000] {dag.py:3239} INFO - Sync 1 DAGs
[2025-07-01T22:15:23.914+0000] {logging_mixin.py:190} INFO - [2025-07-01T22:15:23.914+0000] {dag.py:4180} INFO - Setting next_dagrun for example_task_group to None, run_after=None
[2025-07-01T22:15:23.937+0000] {processor.py:208} INFO - Processing /home/airflow/.local/lib/python3.12/site-packages/airflow/example_dags/example_task_group.py took 0.086 seconds
[2025-07-01T22:15:54.446+0000] {processor.py:186} INFO - Started process (PID=7357) to work on /home/airflow/.local/lib/python3.12/site-packages/airflow/example_dags/example_task_group.py
[2025-07-01T22:15:54.447+0000] {processor.py:914} INFO - Processing file /home/airflow/.local/lib/python3.12/site-packages/airflow/example_dags/example_task_group.py for tasks to queue
[2025-07-01T22:15:54.449+0000] {logging_mixin.py:190} INFO - [2025-07-01T22:15:54.449+0000] {dagbag.py:588} INFO - Filling up the DagBag from /home/airflow/.local/lib/python3.12/site-packages/airflow/example_dags/example_task_group.py
[2025-07-01T22:15:54.456+0000] {processor.py:925} INFO - DAG(s) 'example_task_group' retrieved from /home/airflow/.local/lib/python3.12/site-packages/airflow/example_dags/example_task_group.py
[2025-07-01T22:15:54.481+0000] {logging_mixin.py:190} INFO - [2025-07-01T22:15:54.480+0000] {dag.py:3239} INFO - Sync 1 DAGs
[2025-07-01T22:15:54.493+0000] {logging_mixin.py:190} INFO - [2025-07-01T22:15:54.493+0000] {dag.py:4180} INFO - Setting next_dagrun for example_task_group to None, run_after=None
[2025-07-01T22:15:54.516+0000] {processor.py:208} INFO - Processing /home/airflow/.local/lib/python3.12/site-packages/airflow/example_dags/example_task_group.py took 0.077 seconds
[2025-07-01T22:16:25.054+0000] {processor.py:186} INFO - Started process (PID=7420) to work on /home/airflow/.local/lib/python3.12/site-packages/airflow/example_dags/example_task_group.py
[2025-07-01T22:16:25.055+0000] {processor.py:914} INFO - Processing file /home/airflow/.local/lib/python3.12/site-packages/airflow/example_dags/example_task_group.py for tasks to queue
[2025-07-01T22:16:25.057+0000] {logging_mixin.py:190} INFO - [2025-07-01T22:16:25.057+0000] {dagbag.py:588} INFO - Filling up the DagBag from /home/airflow/.local/lib/python3.12/site-packages/airflow/example_dags/example_task_group.py
[2025-07-01T22:16:25.066+0000] {processor.py:925} INFO - DAG(s) 'example_task_group' retrieved from /home/airflow/.local/lib/python3.12/site-packages/airflow/example_dags/example_task_group.py
[2025-07-01T22:16:25.086+0000] {logging_mixin.py:190} INFO - [2025-07-01T22:16:25.086+0000] {dag.py:3239} INFO - Sync 1 DAGs
[2025-07-01T22:16:25.100+0000] {logging_mixin.py:190} INFO - [2025-07-01T22:16:25.099+0000] {dag.py:4180} INFO - Setting next_dagrun for example_task_group to None, run_after=None
[2025-07-01T22:16:25.122+0000] {processor.py:208} INFO - Processing /home/airflow/.local/lib/python3.12/site-packages/airflow/example_dags/example_task_group.py took 0.074 seconds
[2025-07-01T22:16:55.628+0000] {processor.py:186} INFO - Started process (PID=7489) to work on /home/airflow/.local/lib/python3.12/site-packages/airflow/example_dags/example_task_group.py
[2025-07-01T22:16:55.629+0000] {processor.py:914} INFO - Processing file /home/airflow/.local/lib/python3.12/site-packages/airflow/example_dags/example_task_group.py for tasks to queue
[2025-07-01T22:16:55.632+0000] {logging_mixin.py:190} INFO - [2025-07-01T22:16:55.631+0000] {dagbag.py:588} INFO - Filling up the DagBag from /home/airflow/.local/lib/python3.12/site-packages/airflow/example_dags/example_task_group.py
[2025-07-01T22:16:55.639+0000] {processor.py:925} INFO - DAG(s) 'example_task_group' retrieved from /home/airflow/.local/lib/python3.12/site-packages/airflow/example_dags/example_task_group.py
[2025-07-01T22:16:55.658+0000] {logging_mixin.py:190} INFO - [2025-07-01T22:16:55.657+0000] {dag.py:3239} INFO - Sync 1 DAGs
[2025-07-01T22:16:55.670+0000] {logging_mixin.py:190} INFO - [2025-07-01T22:16:55.670+0000] {dag.py:4180} INFO - Setting next_dagrun for example_task_group to None, run_after=None
[2025-07-01T22:16:55.690+0000] {processor.py:208} INFO - Processing /home/airflow/.local/lib/python3.12/site-packages/airflow/example_dags/example_task_group.py took 0.067 seconds
[2025-07-01T22:17:26.253+0000] {processor.py:186} INFO - Started process (PID=7552) to work on /home/airflow/.local/lib/python3.12/site-packages/airflow/example_dags/example_task_group.py
[2025-07-01T22:17:26.254+0000] {processor.py:914} INFO - Processing file /home/airflow/.local/lib/python3.12/site-packages/airflow/example_dags/example_task_group.py for tasks to queue
[2025-07-01T22:17:26.256+0000] {logging_mixin.py:190} INFO - [2025-07-01T22:17:26.256+0000] {dagbag.py:588} INFO - Filling up the DagBag from /home/airflow/.local/lib/python3.12/site-packages/airflow/example_dags/example_task_group.py
[2025-07-01T22:17:26.264+0000] {processor.py:925} INFO - DAG(s) 'example_task_group' retrieved from /home/airflow/.local/lib/python3.12/site-packages/airflow/example_dags/example_task_group.py
[2025-07-01T22:17:26.283+0000] {logging_mixin.py:190} INFO - [2025-07-01T22:17:26.283+0000] {dag.py:3239} INFO - Sync 1 DAGs
[2025-07-01T22:17:26.295+0000] {logging_mixin.py:190} INFO - [2025-07-01T22:17:26.295+0000] {dag.py:4180} INFO - Setting next_dagrun for example_task_group to None, run_after=None
[2025-07-01T22:17:26.313+0000] {processor.py:208} INFO - Processing /home/airflow/.local/lib/python3.12/site-packages/airflow/example_dags/example_task_group.py took 0.065 seconds
[2025-07-01T22:17:57.172+0000] {processor.py:186} INFO - Started process (PID=7615) to work on /home/airflow/.local/lib/python3.12/site-packages/airflow/example_dags/example_task_group.py
[2025-07-01T22:17:57.173+0000] {processor.py:914} INFO - Processing file /home/airflow/.local/lib/python3.12/site-packages/airflow/example_dags/example_task_group.py for tasks to queue
[2025-07-01T22:17:57.176+0000] {logging_mixin.py:190} INFO - [2025-07-01T22:17:57.175+0000] {dagbag.py:588} INFO - Filling up the DagBag from /home/airflow/.local/lib/python3.12/site-packages/airflow/example_dags/example_task_group.py
[2025-07-01T22:17:57.184+0000] {processor.py:925} INFO - DAG(s) 'example_task_group' retrieved from /home/airflow/.local/lib/python3.12/site-packages/airflow/example_dags/example_task_group.py
[2025-07-01T22:17:57.202+0000] {logging_mixin.py:190} INFO - [2025-07-01T22:17:57.202+0000] {dag.py:3239} INFO - Sync 1 DAGs
[2025-07-01T22:17:57.215+0000] {logging_mixin.py:190} INFO - [2025-07-01T22:17:57.214+0000] {dag.py:4180} INFO - Setting next_dagrun for example_task_group to None, run_after=None
[2025-07-01T22:17:57.235+0000] {processor.py:208} INFO - Processing /home/airflow/.local/lib/python3.12/site-packages/airflow/example_dags/example_task_group.py took 0.069 seconds
[2025-07-01T22:18:27.628+0000] {processor.py:186} INFO - Started process (PID=7684) to work on /home/airflow/.local/lib/python3.12/site-packages/airflow/example_dags/example_task_group.py
[2025-07-01T22:18:27.629+0000] {processor.py:914} INFO - Processing file /home/airflow/.local/lib/python3.12/site-packages/airflow/example_dags/example_task_group.py for tasks to queue
[2025-07-01T22:18:27.631+0000] {logging_mixin.py:190} INFO - [2025-07-01T22:18:27.631+0000] {dagbag.py:588} INFO - Filling up the DagBag from /home/airflow/.local/lib/python3.12/site-packages/airflow/example_dags/example_task_group.py
[2025-07-01T22:18:27.642+0000] {processor.py:925} INFO - DAG(s) 'example_task_group' retrieved from /home/airflow/.local/lib/python3.12/site-packages/airflow/example_dags/example_task_group.py
[2025-07-01T22:18:27.666+0000] {logging_mixin.py:190} INFO - [2025-07-01T22:18:27.665+0000] {dag.py:3239} INFO - Sync 1 DAGs
[2025-07-01T22:18:27.680+0000] {logging_mixin.py:190} INFO - [2025-07-01T22:18:27.680+0000] {dag.py:4180} INFO - Setting next_dagrun for example_task_group to None, run_after=None
[2025-07-01T22:18:27.701+0000] {processor.py:208} INFO - Processing /home/airflow/.local/lib/python3.12/site-packages/airflow/example_dags/example_task_group.py took 0.080 seconds
[2025-07-01T22:18:57.906+0000] {processor.py:186} INFO - Started process (PID=7748) to work on /home/airflow/.local/lib/python3.12/site-packages/airflow/example_dags/example_task_group.py
[2025-07-01T22:18:57.907+0000] {processor.py:914} INFO - Processing file /home/airflow/.local/lib/python3.12/site-packages/airflow/example_dags/example_task_group.py for tasks to queue
[2025-07-01T22:18:57.909+0000] {logging_mixin.py:190} INFO - [2025-07-01T22:18:57.909+0000] {dagbag.py:588} INFO - Filling up the DagBag from /home/airflow/.local/lib/python3.12/site-packages/airflow/example_dags/example_task_group.py
[2025-07-01T22:18:57.918+0000] {processor.py:925} INFO - DAG(s) 'example_task_group' retrieved from /home/airflow/.local/lib/python3.12/site-packages/airflow/example_dags/example_task_group.py
[2025-07-01T22:18:57.938+0000] {logging_mixin.py:190} INFO - [2025-07-01T22:18:57.938+0000] {dag.py:3239} INFO - Sync 1 DAGs
[2025-07-01T22:18:57.951+0000] {logging_mixin.py:190} INFO - [2025-07-01T22:18:57.951+0000] {dag.py:4180} INFO - Setting next_dagrun for example_task_group to None, run_after=None
[2025-07-01T22:18:57.970+0000] {processor.py:208} INFO - Processing /home/airflow/.local/lib/python3.12/site-packages/airflow/example_dags/example_task_group.py took 0.072 seconds
[2025-07-01T22:19:28.519+0000] {processor.py:186} INFO - Started process (PID=7811) to work on /home/airflow/.local/lib/python3.12/site-packages/airflow/example_dags/example_task_group.py
[2025-07-01T22:19:28.520+0000] {processor.py:914} INFO - Processing file /home/airflow/.local/lib/python3.12/site-packages/airflow/example_dags/example_task_group.py for tasks to queue
[2025-07-01T22:19:28.523+0000] {logging_mixin.py:190} INFO - [2025-07-01T22:19:28.522+0000] {dagbag.py:588} INFO - Filling up the DagBag from /home/airflow/.local/lib/python3.12/site-packages/airflow/example_dags/example_task_group.py
[2025-07-01T22:19:28.532+0000] {processor.py:925} INFO - DAG(s) 'example_task_group' retrieved from /home/airflow/.local/lib/python3.12/site-packages/airflow/example_dags/example_task_group.py
[2025-07-01T22:19:28.559+0000] {logging_mixin.py:190} INFO - [2025-07-01T22:19:28.558+0000] {dag.py:3239} INFO - Sync 1 DAGs
[2025-07-01T22:19:28.575+0000] {logging_mixin.py:190} INFO - [2025-07-01T22:19:28.575+0000] {dag.py:4180} INFO - Setting next_dagrun for example_task_group to None, run_after=None
[2025-07-01T22:19:28.599+0000] {processor.py:208} INFO - Processing /home/airflow/.local/lib/python3.12/site-packages/airflow/example_dags/example_task_group.py took 0.086 seconds
[2025-07-01T22:19:59.164+0000] {processor.py:186} INFO - Started process (PID=7874) to work on /home/airflow/.local/lib/python3.12/site-packages/airflow/example_dags/example_task_group.py
[2025-07-01T22:19:59.165+0000] {processor.py:914} INFO - Processing file /home/airflow/.local/lib/python3.12/site-packages/airflow/example_dags/example_task_group.py for tasks to queue
[2025-07-01T22:19:59.168+0000] {logging_mixin.py:190} INFO - [2025-07-01T22:19:59.168+0000] {dagbag.py:588} INFO - Filling up the DagBag from /home/airflow/.local/lib/python3.12/site-packages/airflow/example_dags/example_task_group.py
[2025-07-01T22:19:59.177+0000] {processor.py:925} INFO - DAG(s) 'example_task_group' retrieved from /home/airflow/.local/lib/python3.12/site-packages/airflow/example_dags/example_task_group.py
[2025-07-01T22:19:59.196+0000] {logging_mixin.py:190} INFO - [2025-07-01T22:19:59.196+0000] {dag.py:3239} INFO - Sync 1 DAGs
[2025-07-01T22:19:59.211+0000] {logging_mixin.py:190} INFO - [2025-07-01T22:19:59.211+0000] {dag.py:4180} INFO - Setting next_dagrun for example_task_group to None, run_after=None
[2025-07-01T22:19:59.232+0000] {processor.py:208} INFO - Processing /home/airflow/.local/lib/python3.12/site-packages/airflow/example_dags/example_task_group.py took 0.073 seconds
[2025-07-01T22:20:29.635+0000] {processor.py:186} INFO - Started process (PID=7937) to work on /home/airflow/.local/lib/python3.12/site-packages/airflow/example_dags/example_task_group.py
[2025-07-01T22:20:29.636+0000] {processor.py:914} INFO - Processing file /home/airflow/.local/lib/python3.12/site-packages/airflow/example_dags/example_task_group.py for tasks to queue
[2025-07-01T22:20:29.638+0000] {logging_mixin.py:190} INFO - [2025-07-01T22:20:29.638+0000] {dagbag.py:588} INFO - Filling up the DagBag from /home/airflow/.local/lib/python3.12/site-packages/airflow/example_dags/example_task_group.py
[2025-07-01T22:20:29.646+0000] {processor.py:925} INFO - DAG(s) 'example_task_group' retrieved from /home/airflow/.local/lib/python3.12/site-packages/airflow/example_dags/example_task_group.py
[2025-07-01T22:20:29.663+0000] {logging_mixin.py:190} INFO - [2025-07-01T22:20:29.662+0000] {dag.py:3239} INFO - Sync 1 DAGs
[2025-07-01T22:20:29.674+0000] {logging_mixin.py:190} INFO - [2025-07-01T22:20:29.674+0000] {dag.py:4180} INFO - Setting next_dagrun for example_task_group to None, run_after=None
[2025-07-01T22:20:29.693+0000] {processor.py:208} INFO - Processing /home/airflow/.local/lib/python3.12/site-packages/airflow/example_dags/example_task_group.py took 0.063 seconds
[2025-07-01T22:21:00.279+0000] {processor.py:186} INFO - Started process (PID=8000) to work on /home/airflow/.local/lib/python3.12/site-packages/airflow/example_dags/example_task_group.py
[2025-07-01T22:21:00.280+0000] {processor.py:914} INFO - Processing file /home/airflow/.local/lib/python3.12/site-packages/airflow/example_dags/example_task_group.py for tasks to queue
[2025-07-01T22:21:00.283+0000] {logging_mixin.py:190} INFO - [2025-07-01T22:21:00.283+0000] {dagbag.py:588} INFO - Filling up the DagBag from /home/airflow/.local/lib/python3.12/site-packages/airflow/example_dags/example_task_group.py
[2025-07-01T22:21:00.291+0000] {processor.py:925} INFO - DAG(s) 'example_task_group' retrieved from /home/airflow/.local/lib/python3.12/site-packages/airflow/example_dags/example_task_group.py
[2025-07-01T22:21:00.311+0000] {logging_mixin.py:190} INFO - [2025-07-01T22:21:00.311+0000] {dag.py:3239} INFO - Sync 1 DAGs
[2025-07-01T22:21:00.324+0000] {logging_mixin.py:190} INFO - [2025-07-01T22:21:00.323+0000] {dag.py:4180} INFO - Setting next_dagrun for example_task_group to None, run_after=None
[2025-07-01T22:21:00.346+0000] {processor.py:208} INFO - Processing /home/airflow/.local/lib/python3.12/site-packages/airflow/example_dags/example_task_group.py took 0.072 seconds
[2025-07-01T22:21:31.162+0000] {processor.py:186} INFO - Started process (PID=8063) to work on /home/airflow/.local/lib/python3.12/site-packages/airflow/example_dags/example_task_group.py
[2025-07-01T22:21:31.163+0000] {processor.py:914} INFO - Processing file /home/airflow/.local/lib/python3.12/site-packages/airflow/example_dags/example_task_group.py for tasks to queue
[2025-07-01T22:21:31.165+0000] {logging_mixin.py:190} INFO - [2025-07-01T22:21:31.165+0000] {dagbag.py:588} INFO - Filling up the DagBag from /home/airflow/.local/lib/python3.12/site-packages/airflow/example_dags/example_task_group.py
[2025-07-01T22:21:31.173+0000] {processor.py:925} INFO - DAG(s) 'example_task_group' retrieved from /home/airflow/.local/lib/python3.12/site-packages/airflow/example_dags/example_task_group.py
[2025-07-01T22:21:31.191+0000] {logging_mixin.py:190} INFO - [2025-07-01T22:21:31.191+0000] {dag.py:3239} INFO - Sync 1 DAGs
[2025-07-01T22:21:31.204+0000] {logging_mixin.py:190} INFO - [2025-07-01T22:21:31.204+0000] {dag.py:4180} INFO - Setting next_dagrun for example_task_group to None, run_after=None
[2025-07-01T22:21:31.224+0000] {processor.py:208} INFO - Processing /home/airflow/.local/lib/python3.12/site-packages/airflow/example_dags/example_task_group.py took 0.067 seconds
[2025-07-01T22:22:01.649+0000] {processor.py:186} INFO - Started process (PID=8127) to work on /home/airflow/.local/lib/python3.12/site-packages/airflow/example_dags/example_task_group.py
[2025-07-01T22:22:01.651+0000] {processor.py:914} INFO - Processing file /home/airflow/.local/lib/python3.12/site-packages/airflow/example_dags/example_task_group.py for tasks to queue
[2025-07-01T22:22:01.654+0000] {logging_mixin.py:190} INFO - [2025-07-01T22:22:01.654+0000] {dagbag.py:588} INFO - Filling up the DagBag from /home/airflow/.local/lib/python3.12/site-packages/airflow/example_dags/example_task_group.py
[2025-07-01T22:22:01.664+0000] {processor.py:925} INFO - DAG(s) 'example_task_group' retrieved from /home/airflow/.local/lib/python3.12/site-packages/airflow/example_dags/example_task_group.py
[2025-07-01T22:22:01.684+0000] {logging_mixin.py:190} INFO - [2025-07-01T22:22:01.684+0000] {dag.py:3239} INFO - Sync 1 DAGs
[2025-07-01T22:22:01.698+0000] {logging_mixin.py:190} INFO - [2025-07-01T22:22:01.698+0000] {dag.py:4180} INFO - Setting next_dagrun for example_task_group to None, run_after=None
[2025-07-01T22:22:01.723+0000] {processor.py:208} INFO - Processing /home/airflow/.local/lib/python3.12/site-packages/airflow/example_dags/example_task_group.py took 0.080 seconds
[2025-07-01T22:22:32.196+0000] {processor.py:186} INFO - Started process (PID=8190) to work on /home/airflow/.local/lib/python3.12/site-packages/airflow/example_dags/example_task_group.py
[2025-07-01T22:22:32.197+0000] {processor.py:914} INFO - Processing file /home/airflow/.local/lib/python3.12/site-packages/airflow/example_dags/example_task_group.py for tasks to queue
[2025-07-01T22:22:32.200+0000] {logging_mixin.py:190} INFO - [2025-07-01T22:22:32.199+0000] {dagbag.py:588} INFO - Filling up the DagBag from /home/airflow/.local/lib/python3.12/site-packages/airflow/example_dags/example_task_group.py
[2025-07-01T22:22:32.207+0000] {processor.py:925} INFO - DAG(s) 'example_task_group' retrieved from /home/airflow/.local/lib/python3.12/site-packages/airflow/example_dags/example_task_group.py
[2025-07-01T22:22:32.227+0000] {logging_mixin.py:190} INFO - [2025-07-01T22:22:32.227+0000] {dag.py:3239} INFO - Sync 1 DAGs
[2025-07-01T22:22:32.240+0000] {logging_mixin.py:190} INFO - [2025-07-01T22:22:32.240+0000] {dag.py:4180} INFO - Setting next_dagrun for example_task_group to None, run_after=None
[2025-07-01T22:22:32.261+0000] {processor.py:208} INFO - Processing /home/airflow/.local/lib/python3.12/site-packages/airflow/example_dags/example_task_group.py took 0.069 seconds
[2025-07-01T22:23:02.906+0000] {processor.py:186} INFO - Started process (PID=8253) to work on /home/airflow/.local/lib/python3.12/site-packages/airflow/example_dags/example_task_group.py
[2025-07-01T22:23:02.907+0000] {processor.py:914} INFO - Processing file /home/airflow/.local/lib/python3.12/site-packages/airflow/example_dags/example_task_group.py for tasks to queue
[2025-07-01T22:23:02.909+0000] {logging_mixin.py:190} INFO - [2025-07-01T22:23:02.909+0000] {dagbag.py:588} INFO - Filling up the DagBag from /home/airflow/.local/lib/python3.12/site-packages/airflow/example_dags/example_task_group.py
[2025-07-01T22:23:02.917+0000] {processor.py:925} INFO - DAG(s) 'example_task_group' retrieved from /home/airflow/.local/lib/python3.12/site-packages/airflow/example_dags/example_task_group.py
[2025-07-01T22:23:02.937+0000] {logging_mixin.py:190} INFO - [2025-07-01T22:23:02.937+0000] {dag.py:3239} INFO - Sync 1 DAGs
[2025-07-01T22:23:02.948+0000] {logging_mixin.py:190} INFO - [2025-07-01T22:23:02.948+0000] {dag.py:4180} INFO - Setting next_dagrun for example_task_group to None, run_after=None
[2025-07-01T22:23:02.967+0000] {processor.py:208} INFO - Processing /home/airflow/.local/lib/python3.12/site-packages/airflow/example_dags/example_task_group.py took 0.067 seconds
[2025-07-01T22:23:33.686+0000] {processor.py:186} INFO - Started process (PID=8316) to work on /home/airflow/.local/lib/python3.12/site-packages/airflow/example_dags/example_task_group.py
[2025-07-01T22:23:33.687+0000] {processor.py:914} INFO - Processing file /home/airflow/.local/lib/python3.12/site-packages/airflow/example_dags/example_task_group.py for tasks to queue
[2025-07-01T22:23:33.689+0000] {logging_mixin.py:190} INFO - [2025-07-01T22:23:33.689+0000] {dagbag.py:588} INFO - Filling up the DagBag from /home/airflow/.local/lib/python3.12/site-packages/airflow/example_dags/example_task_group.py
[2025-07-01T22:23:33.697+0000] {processor.py:925} INFO - DAG(s) 'example_task_group' retrieved from /home/airflow/.local/lib/python3.12/site-packages/airflow/example_dags/example_task_group.py
[2025-07-01T22:23:33.717+0000] {logging_mixin.py:190} INFO - [2025-07-01T22:23:33.717+0000] {dag.py:3239} INFO - Sync 1 DAGs
[2025-07-01T22:23:33.730+0000] {logging_mixin.py:190} INFO - [2025-07-01T22:23:33.729+0000] {dag.py:4180} INFO - Setting next_dagrun for example_task_group to None, run_after=None
[2025-07-01T22:23:33.750+0000] {processor.py:208} INFO - Processing /home/airflow/.local/lib/python3.12/site-packages/airflow/example_dags/example_task_group.py took 0.070 seconds
[2025-07-01T22:24:04.305+0000] {processor.py:186} INFO - Started process (PID=8379) to work on /home/airflow/.local/lib/python3.12/site-packages/airflow/example_dags/example_task_group.py
[2025-07-01T22:24:04.306+0000] {processor.py:914} INFO - Processing file /home/airflow/.local/lib/python3.12/site-packages/airflow/example_dags/example_task_group.py for tasks to queue
[2025-07-01T22:24:04.309+0000] {logging_mixin.py:190} INFO - [2025-07-01T22:24:04.308+0000] {dagbag.py:588} INFO - Filling up the DagBag from /home/airflow/.local/lib/python3.12/site-packages/airflow/example_dags/example_task_group.py
[2025-07-01T22:24:04.317+0000] {processor.py:925} INFO - DAG(s) 'example_task_group' retrieved from /home/airflow/.local/lib/python3.12/site-packages/airflow/example_dags/example_task_group.py
[2025-07-01T22:24:04.337+0000] {logging_mixin.py:190} INFO - [2025-07-01T22:24:04.337+0000] {dag.py:3239} INFO - Sync 1 DAGs
[2025-07-01T22:24:04.350+0000] {logging_mixin.py:190} INFO - [2025-07-01T22:24:04.350+0000] {dag.py:4180} INFO - Setting next_dagrun for example_task_group to None, run_after=None
[2025-07-01T22:24:04.369+0000] {processor.py:208} INFO - Processing /home/airflow/.local/lib/python3.12/site-packages/airflow/example_dags/example_task_group.py took 0.070 seconds
[2025-07-01T22:24:34.956+0000] {processor.py:186} INFO - Started process (PID=8448) to work on /home/airflow/.local/lib/python3.12/site-packages/airflow/example_dags/example_task_group.py
[2025-07-01T22:24:34.957+0000] {processor.py:914} INFO - Processing file /home/airflow/.local/lib/python3.12/site-packages/airflow/example_dags/example_task_group.py for tasks to queue
[2025-07-01T22:24:34.960+0000] {logging_mixin.py:190} INFO - [2025-07-01T22:24:34.960+0000] {dagbag.py:588} INFO - Filling up the DagBag from /home/airflow/.local/lib/python3.12/site-packages/airflow/example_dags/example_task_group.py
[2025-07-01T22:24:34.970+0000] {processor.py:925} INFO - DAG(s) 'example_task_group' retrieved from /home/airflow/.local/lib/python3.12/site-packages/airflow/example_dags/example_task_group.py
[2025-07-01T22:24:34.992+0000] {logging_mixin.py:190} INFO - [2025-07-01T22:24:34.992+0000] {dag.py:3239} INFO - Sync 1 DAGs
[2025-07-01T22:24:35.005+0000] {logging_mixin.py:190} INFO - [2025-07-01T22:24:35.005+0000] {dag.py:4180} INFO - Setting next_dagrun for example_task_group to None, run_after=None
[2025-07-01T22:24:35.025+0000] {processor.py:208} INFO - Processing /home/airflow/.local/lib/python3.12/site-packages/airflow/example_dags/example_task_group.py took 0.074 seconds
[2025-07-01T22:25:05.663+0000] {processor.py:186} INFO - Started process (PID=8511) to work on /home/airflow/.local/lib/python3.12/site-packages/airflow/example_dags/example_task_group.py
[2025-07-01T22:25:05.665+0000] {processor.py:914} INFO - Processing file /home/airflow/.local/lib/python3.12/site-packages/airflow/example_dags/example_task_group.py for tasks to queue
[2025-07-01T22:25:05.669+0000] {logging_mixin.py:190} INFO - [2025-07-01T22:25:05.669+0000] {dagbag.py:588} INFO - Filling up the DagBag from /home/airflow/.local/lib/python3.12/site-packages/airflow/example_dags/example_task_group.py
[2025-07-01T22:25:05.679+0000] {processor.py:925} INFO - DAG(s) 'example_task_group' retrieved from /home/airflow/.local/lib/python3.12/site-packages/airflow/example_dags/example_task_group.py
[2025-07-01T22:25:05.708+0000] {logging_mixin.py:190} INFO - [2025-07-01T22:25:05.708+0000] {dag.py:3239} INFO - Sync 1 DAGs
[2025-07-01T22:25:05.723+0000] {logging_mixin.py:190} INFO - [2025-07-01T22:25:05.723+0000] {dag.py:4180} INFO - Setting next_dagrun for example_task_group to None, run_after=None
[2025-07-01T22:25:05.744+0000] {processor.py:208} INFO - Processing /home/airflow/.local/lib/python3.12/site-packages/airflow/example_dags/example_task_group.py took 0.087 seconds
[2025-07-01T22:25:36.321+0000] {processor.py:186} INFO - Started process (PID=8598) to work on /home/airflow/.local/lib/python3.12/site-packages/airflow/example_dags/example_task_group.py
[2025-07-01T22:25:36.322+0000] {processor.py:914} INFO - Processing file /home/airflow/.local/lib/python3.12/site-packages/airflow/example_dags/example_task_group.py for tasks to queue
[2025-07-01T22:25:36.324+0000] {logging_mixin.py:190} INFO - [2025-07-01T22:25:36.324+0000] {dagbag.py:588} INFO - Filling up the DagBag from /home/airflow/.local/lib/python3.12/site-packages/airflow/example_dags/example_task_group.py
[2025-07-01T22:25:36.332+0000] {processor.py:925} INFO - DAG(s) 'example_task_group' retrieved from /home/airflow/.local/lib/python3.12/site-packages/airflow/example_dags/example_task_group.py
[2025-07-01T22:25:36.352+0000] {logging_mixin.py:190} INFO - [2025-07-01T22:25:36.352+0000] {dag.py:3239} INFO - Sync 1 DAGs
[2025-07-01T22:25:36.366+0000] {logging_mixin.py:190} INFO - [2025-07-01T22:25:36.366+0000] {dag.py:4180} INFO - Setting next_dagrun for example_task_group to None, run_after=None
[2025-07-01T22:25:36.386+0000] {processor.py:208} INFO - Processing /home/airflow/.local/lib/python3.12/site-packages/airflow/example_dags/example_task_group.py took 0.073 seconds
[2025-07-01T22:26:07.314+0000] {processor.py:186} INFO - Started process (PID=8682) to work on /home/airflow/.local/lib/python3.12/site-packages/airflow/example_dags/example_task_group.py
[2025-07-01T22:26:07.316+0000] {processor.py:914} INFO - Processing file /home/airflow/.local/lib/python3.12/site-packages/airflow/example_dags/example_task_group.py for tasks to queue
[2025-07-01T22:26:07.321+0000] {logging_mixin.py:190} INFO - [2025-07-01T22:26:07.320+0000] {dagbag.py:588} INFO - Filling up the DagBag from /home/airflow/.local/lib/python3.12/site-packages/airflow/example_dags/example_task_group.py
[2025-07-01T22:26:07.332+0000] {processor.py:925} INFO - DAG(s) 'example_task_group' retrieved from /home/airflow/.local/lib/python3.12/site-packages/airflow/example_dags/example_task_group.py
[2025-07-01T22:26:07.353+0000] {logging_mixin.py:190} INFO - [2025-07-01T22:26:07.353+0000] {dag.py:3239} INFO - Sync 1 DAGs
[2025-07-01T22:26:07.367+0000] {logging_mixin.py:190} INFO - [2025-07-01T22:26:07.366+0000] {dag.py:4180} INFO - Setting next_dagrun for example_task_group to None, run_after=None
[2025-07-01T22:26:07.387+0000] {processor.py:208} INFO - Processing /home/airflow/.local/lib/python3.12/site-packages/airflow/example_dags/example_task_group.py took 0.083 seconds
[2025-07-01T22:26:37.549+0000] {processor.py:186} INFO - Started process (PID=8746) to work on /home/airflow/.local/lib/python3.12/site-packages/airflow/example_dags/example_task_group.py
[2025-07-01T22:26:37.550+0000] {processor.py:914} INFO - Processing file /home/airflow/.local/lib/python3.12/site-packages/airflow/example_dags/example_task_group.py for tasks to queue
[2025-07-01T22:26:37.553+0000] {logging_mixin.py:190} INFO - [2025-07-01T22:26:37.552+0000] {dagbag.py:588} INFO - Filling up the DagBag from /home/airflow/.local/lib/python3.12/site-packages/airflow/example_dags/example_task_group.py
[2025-07-01T22:26:37.563+0000] {processor.py:925} INFO - DAG(s) 'example_task_group' retrieved from /home/airflow/.local/lib/python3.12/site-packages/airflow/example_dags/example_task_group.py
[2025-07-01T22:26:37.584+0000] {logging_mixin.py:190} INFO - [2025-07-01T22:26:37.584+0000] {dag.py:3239} INFO - Sync 1 DAGs
[2025-07-01T22:26:37.597+0000] {logging_mixin.py:190} INFO - [2025-07-01T22:26:37.597+0000] {dag.py:4180} INFO - Setting next_dagrun for example_task_group to None, run_after=None
[2025-07-01T22:26:37.617+0000] {processor.py:208} INFO - Processing /home/airflow/.local/lib/python3.12/site-packages/airflow/example_dags/example_task_group.py took 0.077 seconds
[2025-07-01T22:27:07.763+0000] {processor.py:186} INFO - Started process (PID=8810) to work on /home/airflow/.local/lib/python3.12/site-packages/airflow/example_dags/example_task_group.py
[2025-07-01T22:27:07.765+0000] {processor.py:914} INFO - Processing file /home/airflow/.local/lib/python3.12/site-packages/airflow/example_dags/example_task_group.py for tasks to queue
[2025-07-01T22:27:07.767+0000] {logging_mixin.py:190} INFO - [2025-07-01T22:27:07.767+0000] {dagbag.py:588} INFO - Filling up the DagBag from /home/airflow/.local/lib/python3.12/site-packages/airflow/example_dags/example_task_group.py
[2025-07-01T22:27:07.776+0000] {processor.py:925} INFO - DAG(s) 'example_task_group' retrieved from /home/airflow/.local/lib/python3.12/site-packages/airflow/example_dags/example_task_group.py
[2025-07-01T22:27:07.794+0000] {logging_mixin.py:190} INFO - [2025-07-01T22:27:07.794+0000] {dag.py:3239} INFO - Sync 1 DAGs
[2025-07-01T22:27:07.807+0000] {logging_mixin.py:190} INFO - [2025-07-01T22:27:07.806+0000] {dag.py:4180} INFO - Setting next_dagrun for example_task_group to None, run_after=None
[2025-07-01T22:27:07.824+0000] {processor.py:208} INFO - Processing /home/airflow/.local/lib/python3.12/site-packages/airflow/example_dags/example_task_group.py took 0.069 seconds
[2025-07-01T22:27:38.731+0000] {processor.py:186} INFO - Started process (PID=8875) to work on /home/airflow/.local/lib/python3.12/site-packages/airflow/example_dags/example_task_group.py
[2025-07-01T22:27:38.732+0000] {processor.py:914} INFO - Processing file /home/airflow/.local/lib/python3.12/site-packages/airflow/example_dags/example_task_group.py for tasks to queue
[2025-07-01T22:27:38.735+0000] {logging_mixin.py:190} INFO - [2025-07-01T22:27:38.734+0000] {dagbag.py:588} INFO - Filling up the DagBag from /home/airflow/.local/lib/python3.12/site-packages/airflow/example_dags/example_task_group.py
[2025-07-01T22:27:38.743+0000] {processor.py:925} INFO - DAG(s) 'example_task_group' retrieved from /home/airflow/.local/lib/python3.12/site-packages/airflow/example_dags/example_task_group.py
[2025-07-01T22:27:38.763+0000] {logging_mixin.py:190} INFO - [2025-07-01T22:27:38.763+0000] {dag.py:3239} INFO - Sync 1 DAGs
[2025-07-01T22:27:38.776+0000] {logging_mixin.py:190} INFO - [2025-07-01T22:27:38.776+0000] {dag.py:4180} INFO - Setting next_dagrun for example_task_group to None, run_after=None
[2025-07-01T22:27:38.798+0000] {processor.py:208} INFO - Processing /home/airflow/.local/lib/python3.12/site-packages/airflow/example_dags/example_task_group.py took 0.075 seconds
[2025-07-01T22:28:09.324+0000] {processor.py:186} INFO - Started process (PID=8939) to work on /home/airflow/.local/lib/python3.12/site-packages/airflow/example_dags/example_task_group.py
[2025-07-01T22:28:09.325+0000] {processor.py:914} INFO - Processing file /home/airflow/.local/lib/python3.12/site-packages/airflow/example_dags/example_task_group.py for tasks to queue
[2025-07-01T22:28:09.327+0000] {logging_mixin.py:190} INFO - [2025-07-01T22:28:09.327+0000] {dagbag.py:588} INFO - Filling up the DagBag from /home/airflow/.local/lib/python3.12/site-packages/airflow/example_dags/example_task_group.py
[2025-07-01T22:28:09.334+0000] {processor.py:925} INFO - DAG(s) 'example_task_group' retrieved from /home/airflow/.local/lib/python3.12/site-packages/airflow/example_dags/example_task_group.py
[2025-07-01T22:28:09.354+0000] {logging_mixin.py:190} INFO - [2025-07-01T22:28:09.353+0000] {dag.py:3239} INFO - Sync 1 DAGs
[2025-07-01T22:28:09.365+0000] {logging_mixin.py:190} INFO - [2025-07-01T22:28:09.365+0000] {dag.py:4180} INFO - Setting next_dagrun for example_task_group to None, run_after=None
[2025-07-01T22:28:09.383+0000] {processor.py:208} INFO - Processing /home/airflow/.local/lib/python3.12/site-packages/airflow/example_dags/example_task_group.py took 0.067 seconds
[2025-07-01T22:28:40.022+0000] {processor.py:186} INFO - Started process (PID=9003) to work on /home/airflow/.local/lib/python3.12/site-packages/airflow/example_dags/example_task_group.py
[2025-07-01T22:28:40.024+0000] {processor.py:914} INFO - Processing file /home/airflow/.local/lib/python3.12/site-packages/airflow/example_dags/example_task_group.py for tasks to queue
[2025-07-01T22:28:40.026+0000] {logging_mixin.py:190} INFO - [2025-07-01T22:28:40.026+0000] {dagbag.py:588} INFO - Filling up the DagBag from /home/airflow/.local/lib/python3.12/site-packages/airflow/example_dags/example_task_group.py
[2025-07-01T22:28:40.035+0000] {processor.py:925} INFO - DAG(s) 'example_task_group' retrieved from /home/airflow/.local/lib/python3.12/site-packages/airflow/example_dags/example_task_group.py
[2025-07-01T22:28:40.056+0000] {logging_mixin.py:190} INFO - [2025-07-01T22:28:40.056+0000] {dag.py:3239} INFO - Sync 1 DAGs
[2025-07-01T22:28:40.072+0000] {logging_mixin.py:190} INFO - [2025-07-01T22:28:40.071+0000] {dag.py:4180} INFO - Setting next_dagrun for example_task_group to None, run_after=None
[2025-07-01T22:28:40.094+0000] {processor.py:208} INFO - Processing /home/airflow/.local/lib/python3.12/site-packages/airflow/example_dags/example_task_group.py took 0.080 seconds
[2025-07-01T22:29:10.523+0000] {processor.py:186} INFO - Started process (PID=9067) to work on /home/airflow/.local/lib/python3.12/site-packages/airflow/example_dags/example_task_group.py
[2025-07-01T22:29:10.524+0000] {processor.py:914} INFO - Processing file /home/airflow/.local/lib/python3.12/site-packages/airflow/example_dags/example_task_group.py for tasks to queue
[2025-07-01T22:29:10.526+0000] {logging_mixin.py:190} INFO - [2025-07-01T22:29:10.526+0000] {dagbag.py:588} INFO - Filling up the DagBag from /home/airflow/.local/lib/python3.12/site-packages/airflow/example_dags/example_task_group.py
[2025-07-01T22:29:10.533+0000] {processor.py:925} INFO - DAG(s) 'example_task_group' retrieved from /home/airflow/.local/lib/python3.12/site-packages/airflow/example_dags/example_task_group.py
[2025-07-01T22:29:10.551+0000] {logging_mixin.py:190} INFO - [2025-07-01T22:29:10.551+0000] {dag.py:3239} INFO - Sync 1 DAGs
[2025-07-01T22:29:10.563+0000] {logging_mixin.py:190} INFO - [2025-07-01T22:29:10.562+0000] {dag.py:4180} INFO - Setting next_dagrun for example_task_group to None, run_after=None
[2025-07-01T22:29:10.583+0000] {processor.py:208} INFO - Processing /home/airflow/.local/lib/python3.12/site-packages/airflow/example_dags/example_task_group.py took 0.068 seconds
[2025-07-01T22:29:41.250+0000] {processor.py:186} INFO - Started process (PID=9131) to work on /home/airflow/.local/lib/python3.12/site-packages/airflow/example_dags/example_task_group.py
[2025-07-01T22:29:41.251+0000] {processor.py:914} INFO - Processing file /home/airflow/.local/lib/python3.12/site-packages/airflow/example_dags/example_task_group.py for tasks to queue
[2025-07-01T22:29:41.253+0000] {logging_mixin.py:190} INFO - [2025-07-01T22:29:41.253+0000] {dagbag.py:588} INFO - Filling up the DagBag from /home/airflow/.local/lib/python3.12/site-packages/airflow/example_dags/example_task_group.py
[2025-07-01T22:29:41.262+0000] {processor.py:925} INFO - DAG(s) 'example_task_group' retrieved from /home/airflow/.local/lib/python3.12/site-packages/airflow/example_dags/example_task_group.py
[2025-07-01T22:29:41.282+0000] {logging_mixin.py:190} INFO - [2025-07-01T22:29:41.282+0000] {dag.py:3239} INFO - Sync 1 DAGs
[2025-07-01T22:29:41.296+0000] {logging_mixin.py:190} INFO - [2025-07-01T22:29:41.296+0000] {dag.py:4180} INFO - Setting next_dagrun for example_task_group to None, run_after=None
[2025-07-01T22:29:41.316+0000] {processor.py:208} INFO - Processing /home/airflow/.local/lib/python3.12/site-packages/airflow/example_dags/example_task_group.py took 0.075 seconds
[2025-07-01T22:30:12.043+0000] {processor.py:186} INFO - Started process (PID=9195) to work on /home/airflow/.local/lib/python3.12/site-packages/airflow/example_dags/example_task_group.py
[2025-07-01T22:30:12.044+0000] {processor.py:914} INFO - Processing file /home/airflow/.local/lib/python3.12/site-packages/airflow/example_dags/example_task_group.py for tasks to queue
[2025-07-01T22:30:12.046+0000] {logging_mixin.py:190} INFO - [2025-07-01T22:30:12.046+0000] {dagbag.py:588} INFO - Filling up the DagBag from /home/airflow/.local/lib/python3.12/site-packages/airflow/example_dags/example_task_group.py
[2025-07-01T22:30:12.054+0000] {processor.py:925} INFO - DAG(s) 'example_task_group' retrieved from /home/airflow/.local/lib/python3.12/site-packages/airflow/example_dags/example_task_group.py
[2025-07-01T22:30:12.076+0000] {logging_mixin.py:190} INFO - [2025-07-01T22:30:12.076+0000] {dag.py:3239} INFO - Sync 1 DAGs
[2025-07-01T22:30:12.090+0000] {logging_mixin.py:190} INFO - [2025-07-01T22:30:12.090+0000] {dag.py:4180} INFO - Setting next_dagrun for example_task_group to None, run_after=None
[2025-07-01T22:30:12.113+0000] {processor.py:208} INFO - Processing /home/airflow/.local/lib/python3.12/site-packages/airflow/example_dags/example_task_group.py took 0.079 seconds
[2025-07-01T22:30:42.792+0000] {processor.py:186} INFO - Started process (PID=9259) to work on /home/airflow/.local/lib/python3.12/site-packages/airflow/example_dags/example_task_group.py
[2025-07-01T22:30:42.794+0000] {processor.py:914} INFO - Processing file /home/airflow/.local/lib/python3.12/site-packages/airflow/example_dags/example_task_group.py for tasks to queue
[2025-07-01T22:30:42.796+0000] {logging_mixin.py:190} INFO - [2025-07-01T22:30:42.796+0000] {dagbag.py:588} INFO - Filling up the DagBag from /home/airflow/.local/lib/python3.12/site-packages/airflow/example_dags/example_task_group.py
[2025-07-01T22:30:42.804+0000] {processor.py:925} INFO - DAG(s) 'example_task_group' retrieved from /home/airflow/.local/lib/python3.12/site-packages/airflow/example_dags/example_task_group.py
[2025-07-01T22:30:42.824+0000] {logging_mixin.py:190} INFO - [2025-07-01T22:30:42.824+0000] {dag.py:3239} INFO - Sync 1 DAGs
[2025-07-01T22:30:42.836+0000] {logging_mixin.py:190} INFO - [2025-07-01T22:30:42.836+0000] {dag.py:4180} INFO - Setting next_dagrun for example_task_group to None, run_after=None
[2025-07-01T22:30:42.857+0000] {processor.py:208} INFO - Processing /home/airflow/.local/lib/python3.12/site-packages/airflow/example_dags/example_task_group.py took 0.073 seconds
[2025-07-01T22:31:13.481+0000] {processor.py:186} INFO - Started process (PID=9323) to work on /home/airflow/.local/lib/python3.12/site-packages/airflow/example_dags/example_task_group.py
[2025-07-01T22:31:13.483+0000] {processor.py:914} INFO - Processing file /home/airflow/.local/lib/python3.12/site-packages/airflow/example_dags/example_task_group.py for tasks to queue
[2025-07-01T22:31:13.485+0000] {logging_mixin.py:190} INFO - [2025-07-01T22:31:13.485+0000] {dagbag.py:588} INFO - Filling up the DagBag from /home/airflow/.local/lib/python3.12/site-packages/airflow/example_dags/example_task_group.py
[2025-07-01T22:31:13.493+0000] {processor.py:925} INFO - DAG(s) 'example_task_group' retrieved from /home/airflow/.local/lib/python3.12/site-packages/airflow/example_dags/example_task_group.py
[2025-07-01T22:31:13.511+0000] {logging_mixin.py:190} INFO - [2025-07-01T22:31:13.511+0000] {dag.py:3239} INFO - Sync 1 DAGs
[2025-07-01T22:31:13.523+0000] {logging_mixin.py:190} INFO - [2025-07-01T22:31:13.522+0000] {dag.py:4180} INFO - Setting next_dagrun for example_task_group to None, run_after=None
[2025-07-01T22:31:13.542+0000] {processor.py:208} INFO - Processing /home/airflow/.local/lib/python3.12/site-packages/airflow/example_dags/example_task_group.py took 0.068 seconds
[2025-07-01T22:31:44.371+0000] {processor.py:186} INFO - Started process (PID=9387) to work on /home/airflow/.local/lib/python3.12/site-packages/airflow/example_dags/example_task_group.py
[2025-07-01T22:31:44.372+0000] {processor.py:914} INFO - Processing file /home/airflow/.local/lib/python3.12/site-packages/airflow/example_dags/example_task_group.py for tasks to queue
[2025-07-01T22:31:44.375+0000] {logging_mixin.py:190} INFO - [2025-07-01T22:31:44.375+0000] {dagbag.py:588} INFO - Filling up the DagBag from /home/airflow/.local/lib/python3.12/site-packages/airflow/example_dags/example_task_group.py
[2025-07-01T22:31:44.383+0000] {processor.py:925} INFO - DAG(s) 'example_task_group' retrieved from /home/airflow/.local/lib/python3.12/site-packages/airflow/example_dags/example_task_group.py
[2025-07-01T22:31:44.402+0000] {logging_mixin.py:190} INFO - [2025-07-01T22:31:44.402+0000] {dag.py:3239} INFO - Sync 1 DAGs
[2025-07-01T22:31:44.416+0000] {logging_mixin.py:190} INFO - [2025-07-01T22:31:44.416+0000] {dag.py:4180} INFO - Setting next_dagrun for example_task_group to None, run_after=None
[2025-07-01T22:31:44.437+0000] {processor.py:208} INFO - Processing /home/airflow/.local/lib/python3.12/site-packages/airflow/example_dags/example_task_group.py took 0.074 seconds
[2025-07-01T22:32:14.567+0000] {processor.py:186} INFO - Started process (PID=9451) to work on /home/airflow/.local/lib/python3.12/site-packages/airflow/example_dags/example_task_group.py
[2025-07-01T22:32:14.568+0000] {processor.py:914} INFO - Processing file /home/airflow/.local/lib/python3.12/site-packages/airflow/example_dags/example_task_group.py for tasks to queue
[2025-07-01T22:32:14.570+0000] {logging_mixin.py:190} INFO - [2025-07-01T22:32:14.570+0000] {dagbag.py:588} INFO - Filling up the DagBag from /home/airflow/.local/lib/python3.12/site-packages/airflow/example_dags/example_task_group.py
[2025-07-01T22:32:14.578+0000] {processor.py:925} INFO - DAG(s) 'example_task_group' retrieved from /home/airflow/.local/lib/python3.12/site-packages/airflow/example_dags/example_task_group.py
[2025-07-01T22:32:14.598+0000] {logging_mixin.py:190} INFO - [2025-07-01T22:32:14.598+0000] {dag.py:3239} INFO - Sync 1 DAGs
[2025-07-01T22:32:14.610+0000] {logging_mixin.py:190} INFO - [2025-07-01T22:32:14.610+0000] {dag.py:4180} INFO - Setting next_dagrun for example_task_group to None, run_after=None
[2025-07-01T22:32:14.628+0000] {processor.py:208} INFO - Processing /home/airflow/.local/lib/python3.12/site-packages/airflow/example_dags/example_task_group.py took 0.069 seconds
[2025-07-01T22:32:58.458+0000] {processor.py:186} INFO - Started process (PID=58) to work on /home/airflow/.local/lib/python3.12/site-packages/airflow/example_dags/example_task_group.py
[2025-07-01T22:32:58.460+0000] {processor.py:914} INFO - Processing file /home/airflow/.local/lib/python3.12/site-packages/airflow/example_dags/example_task_group.py for tasks to queue
[2025-07-01T22:32:58.463+0000] {logging_mixin.py:190} INFO - [2025-07-01T22:32:58.462+0000] {dagbag.py:588} INFO - Filling up the DagBag from /home/airflow/.local/lib/python3.12/site-packages/airflow/example_dags/example_task_group.py
[2025-07-01T22:32:58.471+0000] {processor.py:925} INFO - DAG(s) 'example_task_group' retrieved from /home/airflow/.local/lib/python3.12/site-packages/airflow/example_dags/example_task_group.py
[2025-07-01T22:32:58.503+0000] {logging_mixin.py:190} INFO - [2025-07-01T22:32:58.502+0000] {dag.py:3239} INFO - Sync 1 DAGs
[2025-07-01T22:32:58.516+0000] {logging_mixin.py:190} INFO - [2025-07-01T22:32:58.515+0000] {dag.py:4180} INFO - Setting next_dagrun for example_task_group to None, run_after=None
[2025-07-01T22:32:58.540+0000] {processor.py:208} INFO - Processing /home/airflow/.local/lib/python3.12/site-packages/airflow/example_dags/example_task_group.py took 0.087 seconds
[2025-07-01T22:33:15.793+0000] {processor.py:186} INFO - Started process (PID=52) to work on /home/airflow/.local/lib/python3.12/site-packages/airflow/example_dags/example_task_group.py
[2025-07-01T22:33:15.794+0000] {processor.py:914} INFO - Processing file /home/airflow/.local/lib/python3.12/site-packages/airflow/example_dags/example_task_group.py for tasks to queue
[2025-07-01T22:33:15.798+0000] {logging_mixin.py:190} INFO - [2025-07-01T22:33:15.797+0000] {dagbag.py:588} INFO - Filling up the DagBag from /home/airflow/.local/lib/python3.12/site-packages/airflow/example_dags/example_task_group.py
[2025-07-01T22:33:15.810+0000] {processor.py:925} INFO - DAG(s) 'example_task_group' retrieved from /home/airflow/.local/lib/python3.12/site-packages/airflow/example_dags/example_task_group.py
[2025-07-01T22:33:15.834+0000] {logging_mixin.py:190} INFO - [2025-07-01T22:33:15.834+0000] {dag.py:3239} INFO - Sync 1 DAGs
[2025-07-01T22:33:15.847+0000] {logging_mixin.py:190} INFO - [2025-07-01T22:33:15.847+0000] {dag.py:4180} INFO - Setting next_dagrun for example_task_group to None, run_after=None
[2025-07-01T22:33:15.871+0000] {processor.py:208} INFO - Processing /home/airflow/.local/lib/python3.12/site-packages/airflow/example_dags/example_task_group.py took 0.085 seconds
[2025-07-01T22:33:46.096+0000] {processor.py:186} INFO - Started process (PID=116) to work on /home/airflow/.local/lib/python3.12/site-packages/airflow/example_dags/example_task_group.py
[2025-07-01T22:33:46.097+0000] {processor.py:914} INFO - Processing file /home/airflow/.local/lib/python3.12/site-packages/airflow/example_dags/example_task_group.py for tasks to queue
[2025-07-01T22:33:46.100+0000] {logging_mixin.py:190} INFO - [2025-07-01T22:33:46.099+0000] {dagbag.py:588} INFO - Filling up the DagBag from /home/airflow/.local/lib/python3.12/site-packages/airflow/example_dags/example_task_group.py
[2025-07-01T22:33:46.109+0000] {processor.py:925} INFO - DAG(s) 'example_task_group' retrieved from /home/airflow/.local/lib/python3.12/site-packages/airflow/example_dags/example_task_group.py
[2025-07-01T22:33:46.129+0000] {logging_mixin.py:190} INFO - [2025-07-01T22:33:46.129+0000] {dag.py:3239} INFO - Sync 1 DAGs
[2025-07-01T22:33:46.142+0000] {logging_mixin.py:190} INFO - [2025-07-01T22:33:46.142+0000] {dag.py:4180} INFO - Setting next_dagrun for example_task_group to None, run_after=None
[2025-07-01T22:33:46.162+0000] {processor.py:208} INFO - Processing /home/airflow/.local/lib/python3.12/site-packages/airflow/example_dags/example_task_group.py took 0.071 seconds
[2025-07-01T22:34:16.690+0000] {processor.py:186} INFO - Started process (PID=188) to work on /home/airflow/.local/lib/python3.12/site-packages/airflow/example_dags/example_task_group.py
[2025-07-01T22:34:16.691+0000] {processor.py:914} INFO - Processing file /home/airflow/.local/lib/python3.12/site-packages/airflow/example_dags/example_task_group.py for tasks to queue
[2025-07-01T22:34:16.693+0000] {logging_mixin.py:190} INFO - [2025-07-01T22:34:16.693+0000] {dagbag.py:588} INFO - Filling up the DagBag from /home/airflow/.local/lib/python3.12/site-packages/airflow/example_dags/example_task_group.py
[2025-07-01T22:34:16.701+0000] {processor.py:925} INFO - DAG(s) 'example_task_group' retrieved from /home/airflow/.local/lib/python3.12/site-packages/airflow/example_dags/example_task_group.py
[2025-07-01T22:34:16.720+0000] {logging_mixin.py:190} INFO - [2025-07-01T22:34:16.720+0000] {dag.py:3239} INFO - Sync 1 DAGs
[2025-07-01T22:34:16.731+0000] {logging_mixin.py:190} INFO - [2025-07-01T22:34:16.731+0000] {dag.py:4180} INFO - Setting next_dagrun for example_task_group to None, run_after=None
[2025-07-01T22:34:16.748+0000] {processor.py:208} INFO - Processing /home/airflow/.local/lib/python3.12/site-packages/airflow/example_dags/example_task_group.py took 0.063 seconds
[2025-07-01T22:34:47.736+0000] {processor.py:186} INFO - Started process (PID=258) to work on /home/airflow/.local/lib/python3.12/site-packages/airflow/example_dags/example_task_group.py
[2025-07-01T22:34:47.737+0000] {processor.py:914} INFO - Processing file /home/airflow/.local/lib/python3.12/site-packages/airflow/example_dags/example_task_group.py for tasks to queue
[2025-07-01T22:34:47.740+0000] {logging_mixin.py:190} INFO - [2025-07-01T22:34:47.739+0000] {dagbag.py:588} INFO - Filling up the DagBag from /home/airflow/.local/lib/python3.12/site-packages/airflow/example_dags/example_task_group.py
[2025-07-01T22:34:47.747+0000] {processor.py:925} INFO - DAG(s) 'example_task_group' retrieved from /home/airflow/.local/lib/python3.12/site-packages/airflow/example_dags/example_task_group.py
[2025-07-01T22:34:47.764+0000] {logging_mixin.py:190} INFO - [2025-07-01T22:34:47.763+0000] {dag.py:3239} INFO - Sync 1 DAGs
[2025-07-01T22:34:47.776+0000] {logging_mixin.py:190} INFO - [2025-07-01T22:34:47.776+0000] {dag.py:4180} INFO - Setting next_dagrun for example_task_group to None, run_after=None
[2025-07-01T22:34:47.793+0000] {processor.py:208} INFO - Processing /home/airflow/.local/lib/python3.12/site-packages/airflow/example_dags/example_task_group.py took 0.061 seconds
[2025-07-01T22:35:18.607+0000] {processor.py:186} INFO - Started process (PID=322) to work on /home/airflow/.local/lib/python3.12/site-packages/airflow/example_dags/example_task_group.py
[2025-07-01T22:35:18.608+0000] {processor.py:914} INFO - Processing file /home/airflow/.local/lib/python3.12/site-packages/airflow/example_dags/example_task_group.py for tasks to queue
[2025-07-01T22:35:18.612+0000] {logging_mixin.py:190} INFO - [2025-07-01T22:35:18.611+0000] {dagbag.py:588} INFO - Filling up the DagBag from /home/airflow/.local/lib/python3.12/site-packages/airflow/example_dags/example_task_group.py
[2025-07-01T22:35:18.621+0000] {processor.py:925} INFO - DAG(s) 'example_task_group' retrieved from /home/airflow/.local/lib/python3.12/site-packages/airflow/example_dags/example_task_group.py
[2025-07-01T22:35:18.639+0000] {logging_mixin.py:190} INFO - [2025-07-01T22:35:18.639+0000] {dag.py:3239} INFO - Sync 1 DAGs
[2025-07-01T22:35:18.651+0000] {logging_mixin.py:190} INFO - [2025-07-01T22:35:18.651+0000] {dag.py:4180} INFO - Setting next_dagrun for example_task_group to None, run_after=None
[2025-07-01T22:35:18.672+0000] {processor.py:208} INFO - Processing /home/airflow/.local/lib/python3.12/site-packages/airflow/example_dags/example_task_group.py took 0.070 seconds
[2025-07-01T22:35:49.667+0000] {processor.py:186} INFO - Started process (PID=394) to work on /home/airflow/.local/lib/python3.12/site-packages/airflow/example_dags/example_task_group.py
[2025-07-01T22:35:49.669+0000] {processor.py:914} INFO - Processing file /home/airflow/.local/lib/python3.12/site-packages/airflow/example_dags/example_task_group.py for tasks to queue
[2025-07-01T22:35:49.671+0000] {logging_mixin.py:190} INFO - [2025-07-01T22:35:49.671+0000] {dagbag.py:588} INFO - Filling up the DagBag from /home/airflow/.local/lib/python3.12/site-packages/airflow/example_dags/example_task_group.py
[2025-07-01T22:35:49.679+0000] {processor.py:925} INFO - DAG(s) 'example_task_group' retrieved from /home/airflow/.local/lib/python3.12/site-packages/airflow/example_dags/example_task_group.py
[2025-07-01T22:35:49.700+0000] {logging_mixin.py:190} INFO - [2025-07-01T22:35:49.700+0000] {dag.py:3239} INFO - Sync 1 DAGs
[2025-07-01T22:35:49.714+0000] {logging_mixin.py:190} INFO - [2025-07-01T22:35:49.714+0000] {dag.py:4180} INFO - Setting next_dagrun for example_task_group to None, run_after=None
[2025-07-01T22:35:49.734+0000] {processor.py:208} INFO - Processing /home/airflow/.local/lib/python3.12/site-packages/airflow/example_dags/example_task_group.py took 0.073 seconds
[2025-07-01T22:36:20.678+0000] {processor.py:186} INFO - Started process (PID=458) to work on /home/airflow/.local/lib/python3.12/site-packages/airflow/example_dags/example_task_group.py
[2025-07-01T22:36:20.679+0000] {processor.py:914} INFO - Processing file /home/airflow/.local/lib/python3.12/site-packages/airflow/example_dags/example_task_group.py for tasks to queue
[2025-07-01T22:36:20.681+0000] {logging_mixin.py:190} INFO - [2025-07-01T22:36:20.681+0000] {dagbag.py:588} INFO - Filling up the DagBag from /home/airflow/.local/lib/python3.12/site-packages/airflow/example_dags/example_task_group.py
[2025-07-01T22:36:20.689+0000] {processor.py:925} INFO - DAG(s) 'example_task_group' retrieved from /home/airflow/.local/lib/python3.12/site-packages/airflow/example_dags/example_task_group.py
[2025-07-01T22:36:20.709+0000] {logging_mixin.py:190} INFO - [2025-07-01T22:36:20.708+0000] {dag.py:3239} INFO - Sync 1 DAGs
[2025-07-01T22:36:20.722+0000] {logging_mixin.py:190} INFO - [2025-07-01T22:36:20.721+0000] {dag.py:4180} INFO - Setting next_dagrun for example_task_group to None, run_after=None
[2025-07-01T22:36:20.744+0000] {processor.py:208} INFO - Processing /home/airflow/.local/lib/python3.12/site-packages/airflow/example_dags/example_task_group.py took 0.071 seconds
[2025-07-01T22:36:51.333+0000] {processor.py:186} INFO - Started process (PID=522) to work on /home/airflow/.local/lib/python3.12/site-packages/airflow/example_dags/example_task_group.py
[2025-07-01T22:36:51.334+0000] {processor.py:914} INFO - Processing file /home/airflow/.local/lib/python3.12/site-packages/airflow/example_dags/example_task_group.py for tasks to queue
[2025-07-01T22:36:51.336+0000] {logging_mixin.py:190} INFO - [2025-07-01T22:36:51.335+0000] {dagbag.py:588} INFO - Filling up the DagBag from /home/airflow/.local/lib/python3.12/site-packages/airflow/example_dags/example_task_group.py
[2025-07-01T22:36:51.343+0000] {processor.py:925} INFO - DAG(s) 'example_task_group' retrieved from /home/airflow/.local/lib/python3.12/site-packages/airflow/example_dags/example_task_group.py
[2025-07-01T22:36:51.361+0000] {logging_mixin.py:190} INFO - [2025-07-01T22:36:51.361+0000] {dag.py:3239} INFO - Sync 1 DAGs
[2025-07-01T22:36:51.372+0000] {logging_mixin.py:190} INFO - [2025-07-01T22:36:51.372+0000] {dag.py:4180} INFO - Setting next_dagrun for example_task_group to None, run_after=None
[2025-07-01T22:36:51.393+0000] {processor.py:208} INFO - Processing /home/airflow/.local/lib/python3.12/site-packages/airflow/example_dags/example_task_group.py took 0.065 seconds
[2025-07-01T22:37:22.419+0000] {processor.py:186} INFO - Started process (PID=586) to work on /home/airflow/.local/lib/python3.12/site-packages/airflow/example_dags/example_task_group.py
[2025-07-01T22:37:22.420+0000] {processor.py:914} INFO - Processing file /home/airflow/.local/lib/python3.12/site-packages/airflow/example_dags/example_task_group.py for tasks to queue
[2025-07-01T22:37:22.424+0000] {logging_mixin.py:190} INFO - [2025-07-01T22:37:22.423+0000] {dagbag.py:588} INFO - Filling up the DagBag from /home/airflow/.local/lib/python3.12/site-packages/airflow/example_dags/example_task_group.py
[2025-07-01T22:37:22.433+0000] {processor.py:925} INFO - DAG(s) 'example_task_group' retrieved from /home/airflow/.local/lib/python3.12/site-packages/airflow/example_dags/example_task_group.py
[2025-07-01T22:37:22.460+0000] {logging_mixin.py:190} INFO - [2025-07-01T22:37:22.460+0000] {dag.py:3239} INFO - Sync 1 DAGs
[2025-07-01T22:37:22.477+0000] {logging_mixin.py:190} INFO - [2025-07-01T22:37:22.476+0000] {dag.py:4180} INFO - Setting next_dagrun for example_task_group to None, run_after=None
[2025-07-01T22:37:22.498+0000] {processor.py:208} INFO - Processing /home/airflow/.local/lib/python3.12/site-packages/airflow/example_dags/example_task_group.py took 0.086 seconds
[2025-07-01T22:37:53.276+0000] {processor.py:186} INFO - Started process (PID=650) to work on /home/airflow/.local/lib/python3.12/site-packages/airflow/example_dags/example_task_group.py
[2025-07-01T22:37:53.277+0000] {processor.py:914} INFO - Processing file /home/airflow/.local/lib/python3.12/site-packages/airflow/example_dags/example_task_group.py for tasks to queue
[2025-07-01T22:37:53.279+0000] {logging_mixin.py:190} INFO - [2025-07-01T22:37:53.279+0000] {dagbag.py:588} INFO - Filling up the DagBag from /home/airflow/.local/lib/python3.12/site-packages/airflow/example_dags/example_task_group.py
[2025-07-01T22:37:53.287+0000] {processor.py:925} INFO - DAG(s) 'example_task_group' retrieved from /home/airflow/.local/lib/python3.12/site-packages/airflow/example_dags/example_task_group.py
[2025-07-01T22:37:53.307+0000] {logging_mixin.py:190} INFO - [2025-07-01T22:37:53.307+0000] {dag.py:3239} INFO - Sync 1 DAGs
[2025-07-01T22:37:53.320+0000] {logging_mixin.py:190} INFO - [2025-07-01T22:37:53.320+0000] {dag.py:4180} INFO - Setting next_dagrun for example_task_group to None, run_after=None
[2025-07-01T22:37:53.342+0000] {processor.py:208} INFO - Processing /home/airflow/.local/lib/python3.12/site-packages/airflow/example_dags/example_task_group.py took 0.072 seconds
[2025-07-01T22:38:23.643+0000] {processor.py:186} INFO - Started process (PID=714) to work on /home/airflow/.local/lib/python3.12/site-packages/airflow/example_dags/example_task_group.py
[2025-07-01T22:38:23.644+0000] {processor.py:914} INFO - Processing file /home/airflow/.local/lib/python3.12/site-packages/airflow/example_dags/example_task_group.py for tasks to queue
[2025-07-01T22:38:23.648+0000] {logging_mixin.py:190} INFO - [2025-07-01T22:38:23.647+0000] {dagbag.py:588} INFO - Filling up the DagBag from /home/airflow/.local/lib/python3.12/site-packages/airflow/example_dags/example_task_group.py
[2025-07-01T22:38:23.657+0000] {processor.py:925} INFO - DAG(s) 'example_task_group' retrieved from /home/airflow/.local/lib/python3.12/site-packages/airflow/example_dags/example_task_group.py
[2025-07-01T22:38:23.676+0000] {logging_mixin.py:190} INFO - [2025-07-01T22:38:23.676+0000] {dag.py:3239} INFO - Sync 1 DAGs
[2025-07-01T22:38:23.689+0000] {logging_mixin.py:190} INFO - [2025-07-01T22:38:23.689+0000] {dag.py:4180} INFO - Setting next_dagrun for example_task_group to None, run_after=None
[2025-07-01T22:38:23.710+0000] {processor.py:208} INFO - Processing /home/airflow/.local/lib/python3.12/site-packages/airflow/example_dags/example_task_group.py took 0.072 seconds
[2025-07-01T22:38:53.953+0000] {processor.py:186} INFO - Started process (PID=778) to work on /home/airflow/.local/lib/python3.12/site-packages/airflow/example_dags/example_task_group.py
[2025-07-01T22:38:53.954+0000] {processor.py:914} INFO - Processing file /home/airflow/.local/lib/python3.12/site-packages/airflow/example_dags/example_task_group.py for tasks to queue
[2025-07-01T22:38:53.956+0000] {logging_mixin.py:190} INFO - [2025-07-01T22:38:53.956+0000] {dagbag.py:588} INFO - Filling up the DagBag from /home/airflow/.local/lib/python3.12/site-packages/airflow/example_dags/example_task_group.py
[2025-07-01T22:38:53.963+0000] {processor.py:925} INFO - DAG(s) 'example_task_group' retrieved from /home/airflow/.local/lib/python3.12/site-packages/airflow/example_dags/example_task_group.py
[2025-07-01T22:38:53.980+0000] {logging_mixin.py:190} INFO - [2025-07-01T22:38:53.980+0000] {dag.py:3239} INFO - Sync 1 DAGs
[2025-07-01T22:38:53.992+0000] {logging_mixin.py:190} INFO - [2025-07-01T22:38:53.991+0000] {dag.py:4180} INFO - Setting next_dagrun for example_task_group to None, run_after=None
[2025-07-01T22:38:54.011+0000] {processor.py:208} INFO - Processing /home/airflow/.local/lib/python3.12/site-packages/airflow/example_dags/example_task_group.py took 0.062 seconds
[2025-07-01T22:39:24.557+0000] {processor.py:186} INFO - Started process (PID=842) to work on /home/airflow/.local/lib/python3.12/site-packages/airflow/example_dags/example_task_group.py
[2025-07-01T22:39:24.559+0000] {processor.py:914} INFO - Processing file /home/airflow/.local/lib/python3.12/site-packages/airflow/example_dags/example_task_group.py for tasks to queue
[2025-07-01T22:39:24.563+0000] {logging_mixin.py:190} INFO - [2025-07-01T22:39:24.562+0000] {dagbag.py:588} INFO - Filling up the DagBag from /home/airflow/.local/lib/python3.12/site-packages/airflow/example_dags/example_task_group.py
[2025-07-01T22:39:24.573+0000] {processor.py:925} INFO - DAG(s) 'example_task_group' retrieved from /home/airflow/.local/lib/python3.12/site-packages/airflow/example_dags/example_task_group.py
[2025-07-01T22:39:24.596+0000] {logging_mixin.py:190} INFO - [2025-07-01T22:39:24.595+0000] {dag.py:3239} INFO - Sync 1 DAGs
[2025-07-01T22:39:24.609+0000] {logging_mixin.py:190} INFO - [2025-07-01T22:39:24.609+0000] {dag.py:4180} INFO - Setting next_dagrun for example_task_group to None, run_after=None
[2025-07-01T22:39:24.634+0000] {processor.py:208} INFO - Processing /home/airflow/.local/lib/python3.12/site-packages/airflow/example_dags/example_task_group.py took 0.084 seconds
[2025-07-01T22:39:54.917+0000] {processor.py:186} INFO - Started process (PID=906) to work on /home/airflow/.local/lib/python3.12/site-packages/airflow/example_dags/example_task_group.py
[2025-07-01T22:39:54.918+0000] {processor.py:914} INFO - Processing file /home/airflow/.local/lib/python3.12/site-packages/airflow/example_dags/example_task_group.py for tasks to queue
[2025-07-01T22:39:54.921+0000] {logging_mixin.py:190} INFO - [2025-07-01T22:39:54.921+0000] {dagbag.py:588} INFO - Filling up the DagBag from /home/airflow/.local/lib/python3.12/site-packages/airflow/example_dags/example_task_group.py
[2025-07-01T22:39:54.930+0000] {processor.py:925} INFO - DAG(s) 'example_task_group' retrieved from /home/airflow/.local/lib/python3.12/site-packages/airflow/example_dags/example_task_group.py
[2025-07-01T22:39:54.956+0000] {logging_mixin.py:190} INFO - [2025-07-01T22:39:54.955+0000] {dag.py:3239} INFO - Sync 1 DAGs
[2025-07-01T22:39:54.975+0000] {logging_mixin.py:190} INFO - [2025-07-01T22:39:54.974+0000] {dag.py:4180} INFO - Setting next_dagrun for example_task_group to None, run_after=None
[2025-07-01T22:39:55.001+0000] {processor.py:208} INFO - Processing /home/airflow/.local/lib/python3.12/site-packages/airflow/example_dags/example_task_group.py took 0.090 seconds
[2025-07-01T22:40:25.301+0000] {processor.py:186} INFO - Started process (PID=970) to work on /home/airflow/.local/lib/python3.12/site-packages/airflow/example_dags/example_task_group.py
[2025-07-01T22:40:25.302+0000] {processor.py:914} INFO - Processing file /home/airflow/.local/lib/python3.12/site-packages/airflow/example_dags/example_task_group.py for tasks to queue
[2025-07-01T22:40:25.304+0000] {logging_mixin.py:190} INFO - [2025-07-01T22:40:25.304+0000] {dagbag.py:588} INFO - Filling up the DagBag from /home/airflow/.local/lib/python3.12/site-packages/airflow/example_dags/example_task_group.py
[2025-07-01T22:40:25.312+0000] {processor.py:925} INFO - DAG(s) 'example_task_group' retrieved from /home/airflow/.local/lib/python3.12/site-packages/airflow/example_dags/example_task_group.py
[2025-07-01T22:40:25.333+0000] {logging_mixin.py:190} INFO - [2025-07-01T22:40:25.333+0000] {dag.py:3239} INFO - Sync 1 DAGs
[2025-07-01T22:40:25.346+0000] {logging_mixin.py:190} INFO - [2025-07-01T22:40:25.346+0000] {dag.py:4180} INFO - Setting next_dagrun for example_task_group to None, run_after=None
[2025-07-01T22:40:25.365+0000] {processor.py:208} INFO - Processing /home/airflow/.local/lib/python3.12/site-packages/airflow/example_dags/example_task_group.py took 0.070 seconds
[2025-07-01T22:40:56.298+0000] {processor.py:186} INFO - Started process (PID=1034) to work on /home/airflow/.local/lib/python3.12/site-packages/airflow/example_dags/example_task_group.py
[2025-07-01T22:40:56.300+0000] {processor.py:914} INFO - Processing file /home/airflow/.local/lib/python3.12/site-packages/airflow/example_dags/example_task_group.py for tasks to queue
[2025-07-01T22:40:56.302+0000] {logging_mixin.py:190} INFO - [2025-07-01T22:40:56.302+0000] {dagbag.py:588} INFO - Filling up the DagBag from /home/airflow/.local/lib/python3.12/site-packages/airflow/example_dags/example_task_group.py
[2025-07-01T22:40:56.309+0000] {processor.py:925} INFO - DAG(s) 'example_task_group' retrieved from /home/airflow/.local/lib/python3.12/site-packages/airflow/example_dags/example_task_group.py
[2025-07-01T22:40:56.328+0000] {logging_mixin.py:190} INFO - [2025-07-01T22:40:56.328+0000] {dag.py:3239} INFO - Sync 1 DAGs
[2025-07-01T22:40:56.340+0000] {logging_mixin.py:190} INFO - [2025-07-01T22:40:56.340+0000] {dag.py:4180} INFO - Setting next_dagrun for example_task_group to None, run_after=None
[2025-07-01T22:40:56.359+0000] {processor.py:208} INFO - Processing /home/airflow/.local/lib/python3.12/site-packages/airflow/example_dags/example_task_group.py took 0.066 seconds
[2025-07-01T22:41:26.816+0000] {processor.py:186} INFO - Started process (PID=1098) to work on /home/airflow/.local/lib/python3.12/site-packages/airflow/example_dags/example_task_group.py
[2025-07-01T22:41:26.817+0000] {processor.py:914} INFO - Processing file /home/airflow/.local/lib/python3.12/site-packages/airflow/example_dags/example_task_group.py for tasks to queue
[2025-07-01T22:41:26.819+0000] {logging_mixin.py:190} INFO - [2025-07-01T22:41:26.819+0000] {dagbag.py:588} INFO - Filling up the DagBag from /home/airflow/.local/lib/python3.12/site-packages/airflow/example_dags/example_task_group.py
[2025-07-01T22:41:26.827+0000] {processor.py:925} INFO - DAG(s) 'example_task_group' retrieved from /home/airflow/.local/lib/python3.12/site-packages/airflow/example_dags/example_task_group.py
[2025-07-01T22:41:26.844+0000] {logging_mixin.py:190} INFO - [2025-07-01T22:41:26.843+0000] {dag.py:3239} INFO - Sync 1 DAGs
[2025-07-01T22:41:26.854+0000] {logging_mixin.py:190} INFO - [2025-07-01T22:41:26.854+0000] {dag.py:4180} INFO - Setting next_dagrun for example_task_group to None, run_after=None
[2025-07-01T22:41:26.871+0000] {processor.py:208} INFO - Processing /home/airflow/.local/lib/python3.12/site-packages/airflow/example_dags/example_task_group.py took 0.060 seconds
[2025-07-01T22:41:57.297+0000] {processor.py:186} INFO - Started process (PID=1162) to work on /home/airflow/.local/lib/python3.12/site-packages/airflow/example_dags/example_task_group.py
[2025-07-01T22:41:57.298+0000] {processor.py:914} INFO - Processing file /home/airflow/.local/lib/python3.12/site-packages/airflow/example_dags/example_task_group.py for tasks to queue
[2025-07-01T22:41:57.301+0000] {logging_mixin.py:190} INFO - [2025-07-01T22:41:57.301+0000] {dagbag.py:588} INFO - Filling up the DagBag from /home/airflow/.local/lib/python3.12/site-packages/airflow/example_dags/example_task_group.py
[2025-07-01T22:41:57.308+0000] {processor.py:925} INFO - DAG(s) 'example_task_group' retrieved from /home/airflow/.local/lib/python3.12/site-packages/airflow/example_dags/example_task_group.py
[2025-07-01T22:41:57.327+0000] {logging_mixin.py:190} INFO - [2025-07-01T22:41:57.326+0000] {dag.py:3239} INFO - Sync 1 DAGs
[2025-07-01T22:41:57.338+0000] {logging_mixin.py:190} INFO - [2025-07-01T22:41:57.338+0000] {dag.py:4180} INFO - Setting next_dagrun for example_task_group to None, run_after=None
[2025-07-01T22:41:57.359+0000] {processor.py:208} INFO - Processing /home/airflow/.local/lib/python3.12/site-packages/airflow/example_dags/example_task_group.py took 0.067 seconds
[2025-07-01T22:42:28.379+0000] {processor.py:186} INFO - Started process (PID=1226) to work on /home/airflow/.local/lib/python3.12/site-packages/airflow/example_dags/example_task_group.py
[2025-07-01T22:42:28.380+0000] {processor.py:914} INFO - Processing file /home/airflow/.local/lib/python3.12/site-packages/airflow/example_dags/example_task_group.py for tasks to queue
[2025-07-01T22:42:28.382+0000] {logging_mixin.py:190} INFO - [2025-07-01T22:42:28.382+0000] {dagbag.py:588} INFO - Filling up the DagBag from /home/airflow/.local/lib/python3.12/site-packages/airflow/example_dags/example_task_group.py
[2025-07-01T22:42:28.390+0000] {processor.py:925} INFO - DAG(s) 'example_task_group' retrieved from /home/airflow/.local/lib/python3.12/site-packages/airflow/example_dags/example_task_group.py
[2025-07-01T22:42:28.406+0000] {logging_mixin.py:190} INFO - [2025-07-01T22:42:28.406+0000] {dag.py:3239} INFO - Sync 1 DAGs
[2025-07-01T22:42:28.417+0000] {logging_mixin.py:190} INFO - [2025-07-01T22:42:28.417+0000] {dag.py:4180} INFO - Setting next_dagrun for example_task_group to None, run_after=None
[2025-07-01T22:42:28.436+0000] {processor.py:208} INFO - Processing /home/airflow/.local/lib/python3.12/site-packages/airflow/example_dags/example_task_group.py took 0.063 seconds
[2025-07-01T22:42:59.451+0000] {processor.py:186} INFO - Started process (PID=1290) to work on /home/airflow/.local/lib/python3.12/site-packages/airflow/example_dags/example_task_group.py
[2025-07-01T22:42:59.452+0000] {processor.py:914} INFO - Processing file /home/airflow/.local/lib/python3.12/site-packages/airflow/example_dags/example_task_group.py for tasks to queue
[2025-07-01T22:42:59.454+0000] {logging_mixin.py:190} INFO - [2025-07-01T22:42:59.454+0000] {dagbag.py:588} INFO - Filling up the DagBag from /home/airflow/.local/lib/python3.12/site-packages/airflow/example_dags/example_task_group.py
[2025-07-01T22:42:59.462+0000] {processor.py:925} INFO - DAG(s) 'example_task_group' retrieved from /home/airflow/.local/lib/python3.12/site-packages/airflow/example_dags/example_task_group.py
[2025-07-01T22:42:59.483+0000] {logging_mixin.py:190} INFO - [2025-07-01T22:42:59.482+0000] {dag.py:3239} INFO - Sync 1 DAGs
[2025-07-01T22:42:59.494+0000] {logging_mixin.py:190} INFO - [2025-07-01T22:42:59.494+0000] {dag.py:4180} INFO - Setting next_dagrun for example_task_group to None, run_after=None
[2025-07-01T22:42:59.515+0000] {processor.py:208} INFO - Processing /home/airflow/.local/lib/python3.12/site-packages/airflow/example_dags/example_task_group.py took 0.069 seconds
[2025-07-01T22:43:30.126+0000] {processor.py:186} INFO - Started process (PID=1354) to work on /home/airflow/.local/lib/python3.12/site-packages/airflow/example_dags/example_task_group.py
[2025-07-01T22:43:30.128+0000] {processor.py:914} INFO - Processing file /home/airflow/.local/lib/python3.12/site-packages/airflow/example_dags/example_task_group.py for tasks to queue
[2025-07-01T22:43:30.131+0000] {logging_mixin.py:190} INFO - [2025-07-01T22:43:30.130+0000] {dagbag.py:588} INFO - Filling up the DagBag from /home/airflow/.local/lib/python3.12/site-packages/airflow/example_dags/example_task_group.py
[2025-07-01T22:43:30.139+0000] {processor.py:925} INFO - DAG(s) 'example_task_group' retrieved from /home/airflow/.local/lib/python3.12/site-packages/airflow/example_dags/example_task_group.py
[2025-07-01T22:43:30.163+0000] {logging_mixin.py:190} INFO - [2025-07-01T22:43:30.162+0000] {dag.py:3239} INFO - Sync 1 DAGs
[2025-07-01T22:43:30.180+0000] {logging_mixin.py:190} INFO - [2025-07-01T22:43:30.179+0000] {dag.py:4180} INFO - Setting next_dagrun for example_task_group to None, run_after=None
[2025-07-01T22:43:30.201+0000] {processor.py:208} INFO - Processing /home/airflow/.local/lib/python3.12/site-packages/airflow/example_dags/example_task_group.py took 0.081 seconds
[2025-07-01T22:44:00.702+0000] {processor.py:186} INFO - Started process (PID=1418) to work on /home/airflow/.local/lib/python3.12/site-packages/airflow/example_dags/example_task_group.py
[2025-07-01T22:44:00.703+0000] {processor.py:914} INFO - Processing file /home/airflow/.local/lib/python3.12/site-packages/airflow/example_dags/example_task_group.py for tasks to queue
[2025-07-01T22:44:00.705+0000] {logging_mixin.py:190} INFO - [2025-07-01T22:44:00.705+0000] {dagbag.py:588} INFO - Filling up the DagBag from /home/airflow/.local/lib/python3.12/site-packages/airflow/example_dags/example_task_group.py
[2025-07-01T22:44:00.714+0000] {processor.py:925} INFO - DAG(s) 'example_task_group' retrieved from /home/airflow/.local/lib/python3.12/site-packages/airflow/example_dags/example_task_group.py
[2025-07-01T22:44:00.734+0000] {logging_mixin.py:190} INFO - [2025-07-01T22:44:00.734+0000] {dag.py:3239} INFO - Sync 1 DAGs
[2025-07-01T22:44:00.746+0000] {logging_mixin.py:190} INFO - [2025-07-01T22:44:00.746+0000] {dag.py:4180} INFO - Setting next_dagrun for example_task_group to None, run_after=None
[2025-07-01T22:44:00.766+0000] {processor.py:208} INFO - Processing /home/airflow/.local/lib/python3.12/site-packages/airflow/example_dags/example_task_group.py took 0.070 seconds
[2025-07-01T22:44:31.630+0000] {processor.py:186} INFO - Started process (PID=1482) to work on /home/airflow/.local/lib/python3.12/site-packages/airflow/example_dags/example_task_group.py
[2025-07-01T22:44:31.631+0000] {processor.py:914} INFO - Processing file /home/airflow/.local/lib/python3.12/site-packages/airflow/example_dags/example_task_group.py for tasks to queue
[2025-07-01T22:44:31.633+0000] {logging_mixin.py:190} INFO - [2025-07-01T22:44:31.633+0000] {dagbag.py:588} INFO - Filling up the DagBag from /home/airflow/.local/lib/python3.12/site-packages/airflow/example_dags/example_task_group.py
[2025-07-01T22:44:31.640+0000] {processor.py:925} INFO - DAG(s) 'example_task_group' retrieved from /home/airflow/.local/lib/python3.12/site-packages/airflow/example_dags/example_task_group.py
[2025-07-01T22:44:31.657+0000] {logging_mixin.py:190} INFO - [2025-07-01T22:44:31.657+0000] {dag.py:3239} INFO - Sync 1 DAGs
[2025-07-01T22:44:31.669+0000] {logging_mixin.py:190} INFO - [2025-07-01T22:44:31.669+0000] {dag.py:4180} INFO - Setting next_dagrun for example_task_group to None, run_after=None
[2025-07-01T22:44:31.687+0000] {processor.py:208} INFO - Processing /home/airflow/.local/lib/python3.12/site-packages/airflow/example_dags/example_task_group.py took 0.061 seconds
[2025-07-01T22:45:02.187+0000] {processor.py:186} INFO - Started process (PID=1546) to work on /home/airflow/.local/lib/python3.12/site-packages/airflow/example_dags/example_task_group.py
[2025-07-01T22:45:02.188+0000] {processor.py:914} INFO - Processing file /home/airflow/.local/lib/python3.12/site-packages/airflow/example_dags/example_task_group.py for tasks to queue
[2025-07-01T22:45:02.191+0000] {logging_mixin.py:190} INFO - [2025-07-01T22:45:02.191+0000] {dagbag.py:588} INFO - Filling up the DagBag from /home/airflow/.local/lib/python3.12/site-packages/airflow/example_dags/example_task_group.py
[2025-07-01T22:45:02.202+0000] {processor.py:925} INFO - DAG(s) 'example_task_group' retrieved from /home/airflow/.local/lib/python3.12/site-packages/airflow/example_dags/example_task_group.py
[2025-07-01T22:45:02.225+0000] {logging_mixin.py:190} INFO - [2025-07-01T22:45:02.225+0000] {dag.py:3239} INFO - Sync 1 DAGs
[2025-07-01T22:45:02.238+0000] {logging_mixin.py:190} INFO - [2025-07-01T22:45:02.238+0000] {dag.py:4180} INFO - Setting next_dagrun for example_task_group to None, run_after=None
[2025-07-01T22:45:02.259+0000] {processor.py:208} INFO - Processing /home/airflow/.local/lib/python3.12/site-packages/airflow/example_dags/example_task_group.py took 0.078 seconds
[2025-07-01T22:45:32.691+0000] {processor.py:186} INFO - Started process (PID=1610) to work on /home/airflow/.local/lib/python3.12/site-packages/airflow/example_dags/example_task_group.py
[2025-07-01T22:45:32.692+0000] {processor.py:914} INFO - Processing file /home/airflow/.local/lib/python3.12/site-packages/airflow/example_dags/example_task_group.py for tasks to queue
[2025-07-01T22:45:32.694+0000] {logging_mixin.py:190} INFO - [2025-07-01T22:45:32.694+0000] {dagbag.py:588} INFO - Filling up the DagBag from /home/airflow/.local/lib/python3.12/site-packages/airflow/example_dags/example_task_group.py
[2025-07-01T22:45:32.702+0000] {processor.py:925} INFO - DAG(s) 'example_task_group' retrieved from /home/airflow/.local/lib/python3.12/site-packages/airflow/example_dags/example_task_group.py
[2025-07-01T22:45:32.722+0000] {logging_mixin.py:190} INFO - [2025-07-01T22:45:32.722+0000] {dag.py:3239} INFO - Sync 1 DAGs
[2025-07-01T22:45:32.735+0000] {logging_mixin.py:190} INFO - [2025-07-01T22:45:32.735+0000] {dag.py:4180} INFO - Setting next_dagrun for example_task_group to None, run_after=None
[2025-07-01T22:45:32.758+0000] {processor.py:208} INFO - Processing /home/airflow/.local/lib/python3.12/site-packages/airflow/example_dags/example_task_group.py took 0.072 seconds
[2025-07-01T22:46:03.805+0000] {processor.py:186} INFO - Started process (PID=1674) to work on /home/airflow/.local/lib/python3.12/site-packages/airflow/example_dags/example_task_group.py
[2025-07-01T22:46:03.806+0000] {processor.py:914} INFO - Processing file /home/airflow/.local/lib/python3.12/site-packages/airflow/example_dags/example_task_group.py for tasks to queue
[2025-07-01T22:46:03.808+0000] {logging_mixin.py:190} INFO - [2025-07-01T22:46:03.808+0000] {dagbag.py:588} INFO - Filling up the DagBag from /home/airflow/.local/lib/python3.12/site-packages/airflow/example_dags/example_task_group.py
[2025-07-01T22:46:03.816+0000] {processor.py:925} INFO - DAG(s) 'example_task_group' retrieved from /home/airflow/.local/lib/python3.12/site-packages/airflow/example_dags/example_task_group.py
[2025-07-01T22:46:03.834+0000] {logging_mixin.py:190} INFO - [2025-07-01T22:46:03.833+0000] {dag.py:3239} INFO - Sync 1 DAGs
[2025-07-01T22:46:03.845+0000] {logging_mixin.py:190} INFO - [2025-07-01T22:46:03.845+0000] {dag.py:4180} INFO - Setting next_dagrun for example_task_group to None, run_after=None
[2025-07-01T22:46:03.865+0000] {processor.py:208} INFO - Processing /home/airflow/.local/lib/python3.12/site-packages/airflow/example_dags/example_task_group.py took 0.066 seconds
[2025-07-01T22:46:34.519+0000] {processor.py:186} INFO - Started process (PID=1738) to work on /home/airflow/.local/lib/python3.12/site-packages/airflow/example_dags/example_task_group.py
[2025-07-01T22:46:34.520+0000] {processor.py:914} INFO - Processing file /home/airflow/.local/lib/python3.12/site-packages/airflow/example_dags/example_task_group.py for tasks to queue
[2025-07-01T22:46:34.522+0000] {logging_mixin.py:190} INFO - [2025-07-01T22:46:34.522+0000] {dagbag.py:588} INFO - Filling up the DagBag from /home/airflow/.local/lib/python3.12/site-packages/airflow/example_dags/example_task_group.py
[2025-07-01T22:46:34.530+0000] {processor.py:925} INFO - DAG(s) 'example_task_group' retrieved from /home/airflow/.local/lib/python3.12/site-packages/airflow/example_dags/example_task_group.py
[2025-07-01T22:46:34.550+0000] {logging_mixin.py:190} INFO - [2025-07-01T22:46:34.550+0000] {dag.py:3239} INFO - Sync 1 DAGs
[2025-07-01T22:46:34.564+0000] {logging_mixin.py:190} INFO - [2025-07-01T22:46:34.563+0000] {dag.py:4180} INFO - Setting next_dagrun for example_task_group to None, run_after=None
[2025-07-01T22:46:34.588+0000] {processor.py:208} INFO - Processing /home/airflow/.local/lib/python3.12/site-packages/airflow/example_dags/example_task_group.py took 0.075 seconds
[2025-07-01T22:47:05.388+0000] {processor.py:186} INFO - Started process (PID=1802) to work on /home/airflow/.local/lib/python3.12/site-packages/airflow/example_dags/example_task_group.py
[2025-07-01T22:47:05.389+0000] {processor.py:914} INFO - Processing file /home/airflow/.local/lib/python3.12/site-packages/airflow/example_dags/example_task_group.py for tasks to queue
[2025-07-01T22:47:05.392+0000] {logging_mixin.py:190} INFO - [2025-07-01T22:47:05.392+0000] {dagbag.py:588} INFO - Filling up the DagBag from /home/airflow/.local/lib/python3.12/site-packages/airflow/example_dags/example_task_group.py
[2025-07-01T22:47:05.401+0000] {processor.py:925} INFO - DAG(s) 'example_task_group' retrieved from /home/airflow/.local/lib/python3.12/site-packages/airflow/example_dags/example_task_group.py
[2025-07-01T22:47:05.424+0000] {logging_mixin.py:190} INFO - [2025-07-01T22:47:05.424+0000] {dag.py:3239} INFO - Sync 1 DAGs
[2025-07-01T22:47:05.440+0000] {logging_mixin.py:190} INFO - [2025-07-01T22:47:05.439+0000] {dag.py:4180} INFO - Setting next_dagrun for example_task_group to None, run_after=None
[2025-07-01T22:47:05.459+0000] {processor.py:208} INFO - Processing /home/airflow/.local/lib/python3.12/site-packages/airflow/example_dags/example_task_group.py took 0.078 seconds
[2025-07-01T22:47:35.707+0000] {processor.py:186} INFO - Started process (PID=1867) to work on /home/airflow/.local/lib/python3.12/site-packages/airflow/example_dags/example_task_group.py
[2025-07-01T22:47:35.708+0000] {processor.py:914} INFO - Processing file /home/airflow/.local/lib/python3.12/site-packages/airflow/example_dags/example_task_group.py for tasks to queue
[2025-07-01T22:47:35.710+0000] {logging_mixin.py:190} INFO - [2025-07-01T22:47:35.710+0000] {dagbag.py:588} INFO - Filling up the DagBag from /home/airflow/.local/lib/python3.12/site-packages/airflow/example_dags/example_task_group.py
[2025-07-01T22:47:35.720+0000] {processor.py:925} INFO - DAG(s) 'example_task_group' retrieved from /home/airflow/.local/lib/python3.12/site-packages/airflow/example_dags/example_task_group.py
[2025-07-01T22:47:35.737+0000] {logging_mixin.py:190} INFO - [2025-07-01T22:47:35.737+0000] {dag.py:3239} INFO - Sync 1 DAGs
[2025-07-01T22:47:35.749+0000] {logging_mixin.py:190} INFO - [2025-07-01T22:47:35.748+0000] {dag.py:4180} INFO - Setting next_dagrun for example_task_group to None, run_after=None
[2025-07-01T22:47:35.768+0000] {processor.py:208} INFO - Processing /home/airflow/.local/lib/python3.12/site-packages/airflow/example_dags/example_task_group.py took 0.066 seconds
[2025-07-01T22:48:06.360+0000] {processor.py:186} INFO - Started process (PID=1930) to work on /home/airflow/.local/lib/python3.12/site-packages/airflow/example_dags/example_task_group.py
[2025-07-01T22:48:06.361+0000] {processor.py:914} INFO - Processing file /home/airflow/.local/lib/python3.12/site-packages/airflow/example_dags/example_task_group.py for tasks to queue
[2025-07-01T22:48:06.363+0000] {logging_mixin.py:190} INFO - [2025-07-01T22:48:06.363+0000] {dagbag.py:588} INFO - Filling up the DagBag from /home/airflow/.local/lib/python3.12/site-packages/airflow/example_dags/example_task_group.py
[2025-07-01T22:48:06.371+0000] {processor.py:925} INFO - DAG(s) 'example_task_group' retrieved from /home/airflow/.local/lib/python3.12/site-packages/airflow/example_dags/example_task_group.py
[2025-07-01T22:48:06.388+0000] {logging_mixin.py:190} INFO - [2025-07-01T22:48:06.388+0000] {dag.py:3239} INFO - Sync 1 DAGs
[2025-07-01T22:48:06.399+0000] {logging_mixin.py:190} INFO - [2025-07-01T22:48:06.398+0000] {dag.py:4180} INFO - Setting next_dagrun for example_task_group to None, run_after=None
[2025-07-01T22:48:06.418+0000] {processor.py:208} INFO - Processing /home/airflow/.local/lib/python3.12/site-packages/airflow/example_dags/example_task_group.py took 0.063 seconds
[2025-07-01T22:48:37.435+0000] {processor.py:186} INFO - Started process (PID=1998) to work on /home/airflow/.local/lib/python3.12/site-packages/airflow/example_dags/example_task_group.py
[2025-07-01T22:48:37.436+0000] {processor.py:914} INFO - Processing file /home/airflow/.local/lib/python3.12/site-packages/airflow/example_dags/example_task_group.py for tasks to queue
[2025-07-01T22:48:37.438+0000] {logging_mixin.py:190} INFO - [2025-07-01T22:48:37.438+0000] {dagbag.py:588} INFO - Filling up the DagBag from /home/airflow/.local/lib/python3.12/site-packages/airflow/example_dags/example_task_group.py
[2025-07-01T22:48:37.446+0000] {processor.py:925} INFO - DAG(s) 'example_task_group' retrieved from /home/airflow/.local/lib/python3.12/site-packages/airflow/example_dags/example_task_group.py
[2025-07-01T22:48:37.466+0000] {logging_mixin.py:190} INFO - [2025-07-01T22:48:37.465+0000] {dag.py:3239} INFO - Sync 1 DAGs
[2025-07-01T22:48:37.479+0000] {logging_mixin.py:190} INFO - [2025-07-01T22:48:37.478+0000] {dag.py:4180} INFO - Setting next_dagrun for example_task_group to None, run_after=None
[2025-07-01T22:48:37.497+0000] {processor.py:208} INFO - Processing /home/airflow/.local/lib/python3.12/site-packages/airflow/example_dags/example_task_group.py took 0.067 seconds
[2025-07-01T22:49:08.291+0000] {processor.py:186} INFO - Started process (PID=2063) to work on /home/airflow/.local/lib/python3.12/site-packages/airflow/example_dags/example_task_group.py
[2025-07-01T22:49:08.292+0000] {processor.py:914} INFO - Processing file /home/airflow/.local/lib/python3.12/site-packages/airflow/example_dags/example_task_group.py for tasks to queue
[2025-07-01T22:49:08.295+0000] {logging_mixin.py:190} INFO - [2025-07-01T22:49:08.294+0000] {dagbag.py:588} INFO - Filling up the DagBag from /home/airflow/.local/lib/python3.12/site-packages/airflow/example_dags/example_task_group.py
[2025-07-01T22:49:08.304+0000] {processor.py:925} INFO - DAG(s) 'example_task_group' retrieved from /home/airflow/.local/lib/python3.12/site-packages/airflow/example_dags/example_task_group.py
[2025-07-01T22:49:08.323+0000] {logging_mixin.py:190} INFO - [2025-07-01T22:49:08.322+0000] {dag.py:3239} INFO - Sync 1 DAGs
[2025-07-01T22:49:08.335+0000] {logging_mixin.py:190} INFO - [2025-07-01T22:49:08.335+0000] {dag.py:4180} INFO - Setting next_dagrun for example_task_group to None, run_after=None
[2025-07-01T22:49:08.358+0000] {processor.py:208} INFO - Processing /home/airflow/.local/lib/python3.12/site-packages/airflow/example_dags/example_task_group.py took 0.073 seconds
[2025-07-01T22:49:39.092+0000] {processor.py:186} INFO - Started process (PID=2127) to work on /home/airflow/.local/lib/python3.12/site-packages/airflow/example_dags/example_task_group.py
[2025-07-01T22:49:39.093+0000] {processor.py:914} INFO - Processing file /home/airflow/.local/lib/python3.12/site-packages/airflow/example_dags/example_task_group.py for tasks to queue
[2025-07-01T22:49:39.095+0000] {logging_mixin.py:190} INFO - [2025-07-01T22:49:39.095+0000] {dagbag.py:588} INFO - Filling up the DagBag from /home/airflow/.local/lib/python3.12/site-packages/airflow/example_dags/example_task_group.py
[2025-07-01T22:49:39.103+0000] {processor.py:925} INFO - DAG(s) 'example_task_group' retrieved from /home/airflow/.local/lib/python3.12/site-packages/airflow/example_dags/example_task_group.py
[2025-07-01T22:49:39.122+0000] {logging_mixin.py:190} INFO - [2025-07-01T22:49:39.122+0000] {dag.py:3239} INFO - Sync 1 DAGs
[2025-07-01T22:49:39.134+0000] {logging_mixin.py:190} INFO - [2025-07-01T22:49:39.134+0000] {dag.py:4180} INFO - Setting next_dagrun for example_task_group to None, run_after=None
[2025-07-01T22:49:39.157+0000] {processor.py:208} INFO - Processing /home/airflow/.local/lib/python3.12/site-packages/airflow/example_dags/example_task_group.py took 0.070 seconds
[2025-07-01T22:50:10.158+0000] {processor.py:186} INFO - Started process (PID=2191) to work on /home/airflow/.local/lib/python3.12/site-packages/airflow/example_dags/example_task_group.py
[2025-07-01T22:50:10.159+0000] {processor.py:914} INFO - Processing file /home/airflow/.local/lib/python3.12/site-packages/airflow/example_dags/example_task_group.py for tasks to queue
[2025-07-01T22:50:10.161+0000] {logging_mixin.py:190} INFO - [2025-07-01T22:50:10.161+0000] {dagbag.py:588} INFO - Filling up the DagBag from /home/airflow/.local/lib/python3.12/site-packages/airflow/example_dags/example_task_group.py
[2025-07-01T22:50:10.168+0000] {processor.py:925} INFO - DAG(s) 'example_task_group' retrieved from /home/airflow/.local/lib/python3.12/site-packages/airflow/example_dags/example_task_group.py
[2025-07-01T22:50:10.185+0000] {logging_mixin.py:190} INFO - [2025-07-01T22:50:10.185+0000] {dag.py:3239} INFO - Sync 1 DAGs
[2025-07-01T22:50:10.196+0000] {logging_mixin.py:190} INFO - [2025-07-01T22:50:10.195+0000] {dag.py:4180} INFO - Setting next_dagrun for example_task_group to None, run_after=None
[2025-07-01T22:50:10.216+0000] {processor.py:208} INFO - Processing /home/airflow/.local/lib/python3.12/site-packages/airflow/example_dags/example_task_group.py took 0.063 seconds
[2025-07-01T22:50:41.419+0000] {processor.py:186} INFO - Started process (PID=2255) to work on /home/airflow/.local/lib/python3.12/site-packages/airflow/example_dags/example_task_group.py
[2025-07-01T22:50:41.420+0000] {processor.py:914} INFO - Processing file /home/airflow/.local/lib/python3.12/site-packages/airflow/example_dags/example_task_group.py for tasks to queue
[2025-07-01T22:50:41.422+0000] {logging_mixin.py:190} INFO - [2025-07-01T22:50:41.421+0000] {dagbag.py:588} INFO - Filling up the DagBag from /home/airflow/.local/lib/python3.12/site-packages/airflow/example_dags/example_task_group.py
[2025-07-01T22:50:41.429+0000] {processor.py:925} INFO - DAG(s) 'example_task_group' retrieved from /home/airflow/.local/lib/python3.12/site-packages/airflow/example_dags/example_task_group.py
[2025-07-01T22:50:41.447+0000] {logging_mixin.py:190} INFO - [2025-07-01T22:50:41.446+0000] {dag.py:3239} INFO - Sync 1 DAGs
[2025-07-01T22:50:41.458+0000] {logging_mixin.py:190} INFO - [2025-07-01T22:50:41.458+0000] {dag.py:4180} INFO - Setting next_dagrun for example_task_group to None, run_after=None
[2025-07-01T22:50:41.478+0000] {processor.py:208} INFO - Processing /home/airflow/.local/lib/python3.12/site-packages/airflow/example_dags/example_task_group.py took 0.065 seconds
[2025-07-01T22:51:12.590+0000] {processor.py:186} INFO - Started process (PID=2319) to work on /home/airflow/.local/lib/python3.12/site-packages/airflow/example_dags/example_task_group.py
[2025-07-01T22:51:12.591+0000] {processor.py:914} INFO - Processing file /home/airflow/.local/lib/python3.12/site-packages/airflow/example_dags/example_task_group.py for tasks to queue
[2025-07-01T22:51:12.594+0000] {logging_mixin.py:190} INFO - [2025-07-01T22:51:12.594+0000] {dagbag.py:588} INFO - Filling up the DagBag from /home/airflow/.local/lib/python3.12/site-packages/airflow/example_dags/example_task_group.py
[2025-07-01T22:51:12.605+0000] {processor.py:925} INFO - DAG(s) 'example_task_group' retrieved from /home/airflow/.local/lib/python3.12/site-packages/airflow/example_dags/example_task_group.py
[2025-07-01T22:51:12.633+0000] {logging_mixin.py:190} INFO - [2025-07-01T22:51:12.632+0000] {dag.py:3239} INFO - Sync 1 DAGs
[2025-07-01T22:51:12.646+0000] {logging_mixin.py:190} INFO - [2025-07-01T22:51:12.646+0000] {dag.py:4180} INFO - Setting next_dagrun for example_task_group to None, run_after=None
[2025-07-01T22:51:12.665+0000] {processor.py:208} INFO - Processing /home/airflow/.local/lib/python3.12/site-packages/airflow/example_dags/example_task_group.py took 0.082 seconds
[2025-07-01T22:51:43.031+0000] {processor.py:186} INFO - Started process (PID=2383) to work on /home/airflow/.local/lib/python3.12/site-packages/airflow/example_dags/example_task_group.py
[2025-07-01T22:51:43.032+0000] {processor.py:914} INFO - Processing file /home/airflow/.local/lib/python3.12/site-packages/airflow/example_dags/example_task_group.py for tasks to queue
[2025-07-01T22:51:43.034+0000] {logging_mixin.py:190} INFO - [2025-07-01T22:51:43.034+0000] {dagbag.py:588} INFO - Filling up the DagBag from /home/airflow/.local/lib/python3.12/site-packages/airflow/example_dags/example_task_group.py
[2025-07-01T22:51:43.041+0000] {processor.py:925} INFO - DAG(s) 'example_task_group' retrieved from /home/airflow/.local/lib/python3.12/site-packages/airflow/example_dags/example_task_group.py
[2025-07-01T22:51:43.061+0000] {logging_mixin.py:190} INFO - [2025-07-01T22:51:43.061+0000] {dag.py:3239} INFO - Sync 1 DAGs
[2025-07-01T22:51:43.076+0000] {logging_mixin.py:190} INFO - [2025-07-01T22:51:43.076+0000] {dag.py:4180} INFO - Setting next_dagrun for example_task_group to None, run_after=None
[2025-07-01T22:51:43.097+0000] {processor.py:208} INFO - Processing /home/airflow/.local/lib/python3.12/site-packages/airflow/example_dags/example_task_group.py took 0.072 seconds
[2025-07-01T22:52:13.379+0000] {processor.py:186} INFO - Started process (PID=2447) to work on /home/airflow/.local/lib/python3.12/site-packages/airflow/example_dags/example_task_group.py
[2025-07-01T22:52:13.380+0000] {processor.py:914} INFO - Processing file /home/airflow/.local/lib/python3.12/site-packages/airflow/example_dags/example_task_group.py for tasks to queue
[2025-07-01T22:52:13.382+0000] {logging_mixin.py:190} INFO - [2025-07-01T22:52:13.382+0000] {dagbag.py:588} INFO - Filling up the DagBag from /home/airflow/.local/lib/python3.12/site-packages/airflow/example_dags/example_task_group.py
[2025-07-01T22:52:13.390+0000] {processor.py:925} INFO - DAG(s) 'example_task_group' retrieved from /home/airflow/.local/lib/python3.12/site-packages/airflow/example_dags/example_task_group.py
[2025-07-01T22:52:13.411+0000] {logging_mixin.py:190} INFO - [2025-07-01T22:52:13.410+0000] {dag.py:3239} INFO - Sync 1 DAGs
[2025-07-01T22:52:13.425+0000] {logging_mixin.py:190} INFO - [2025-07-01T22:52:13.424+0000] {dag.py:4180} INFO - Setting next_dagrun for example_task_group to None, run_after=None
[2025-07-01T22:52:13.445+0000] {processor.py:208} INFO - Processing /home/airflow/.local/lib/python3.12/site-packages/airflow/example_dags/example_task_group.py took 0.071 seconds
[2025-07-01T22:52:44.064+0000] {processor.py:186} INFO - Started process (PID=2511) to work on /home/airflow/.local/lib/python3.12/site-packages/airflow/example_dags/example_task_group.py
[2025-07-01T22:52:44.065+0000] {processor.py:914} INFO - Processing file /home/airflow/.local/lib/python3.12/site-packages/airflow/example_dags/example_task_group.py for tasks to queue
[2025-07-01T22:52:44.067+0000] {logging_mixin.py:190} INFO - [2025-07-01T22:52:44.067+0000] {dagbag.py:588} INFO - Filling up the DagBag from /home/airflow/.local/lib/python3.12/site-packages/airflow/example_dags/example_task_group.py
[2025-07-01T22:52:44.075+0000] {processor.py:925} INFO - DAG(s) 'example_task_group' retrieved from /home/airflow/.local/lib/python3.12/site-packages/airflow/example_dags/example_task_group.py
[2025-07-01T22:52:44.094+0000] {logging_mixin.py:190} INFO - [2025-07-01T22:52:44.094+0000] {dag.py:3239} INFO - Sync 1 DAGs
[2025-07-01T22:52:44.105+0000] {logging_mixin.py:190} INFO - [2025-07-01T22:52:44.105+0000] {dag.py:4180} INFO - Setting next_dagrun for example_task_group to None, run_after=None
[2025-07-01T22:52:44.123+0000] {processor.py:208} INFO - Processing /home/airflow/.local/lib/python3.12/site-packages/airflow/example_dags/example_task_group.py took 0.064 seconds
