[2025-07-01T21:16:44.966+0000] {processor.py:186} INFO - Started process (PID=64) to work on /home/airflow/.local/lib/python3.12/site-packages/airflow/example_dags/tutorial_taskflow_api_virtualenv.py
[2025-07-01T21:16:44.967+0000] {processor.py:914} INFO - Processing file /home/airflow/.local/lib/python3.12/site-packages/airflow/example_dags/tutorial_taskflow_api_virtualenv.py for tasks to queue
[2025-07-01T21:16:44.970+0000] {logging_mixin.py:190} INFO - [2025-07-01T21:16:44.969+0000] {dagbag.py:588} INFO - Filling up the DagBag from /home/airflow/.local/lib/python3.12/site-packages/airflow/example_dags/tutorial_taskflow_api_virtualenv.py
[2025-07-01T21:16:44.986+0000] {processor.py:925} INFO - DAG(s) 'tutorial_taskflow_api_virtualenv' retrieved from /home/airflow/.local/lib/python3.12/site-packages/airflow/example_dags/tutorial_taskflow_api_virtualenv.py
[2025-07-01T21:16:45.101+0000] {logging_mixin.py:190} INFO - [2025-07-01T21:16:45.101+0000] {dag.py:3239} INFO - Sync 1 DAGs
[2025-07-01T21:16:45.117+0000] {logging_mixin.py:190} INFO - [2025-07-01T21:16:45.116+0000] {dag.py:4180} INFO - Setting next_dagrun for tutorial_taskflow_api_virtualenv to None, run_after=None
[2025-07-01T21:16:45.139+0000] {processor.py:208} INFO - Processing /home/airflow/.local/lib/python3.12/site-packages/airflow/example_dags/tutorial_taskflow_api_virtualenv.py took 0.178 seconds
[2025-07-01T21:17:15.661+0000] {processor.py:186} INFO - Started process (PID=126) to work on /home/airflow/.local/lib/python3.12/site-packages/airflow/example_dags/tutorial_taskflow_api_virtualenv.py
[2025-07-01T21:17:15.663+0000] {processor.py:914} INFO - Processing file /home/airflow/.local/lib/python3.12/site-packages/airflow/example_dags/tutorial_taskflow_api_virtualenv.py for tasks to queue
[2025-07-01T21:17:15.666+0000] {logging_mixin.py:190} INFO - [2025-07-01T21:17:15.666+0000] {dagbag.py:588} INFO - Filling up the DagBag from /home/airflow/.local/lib/python3.12/site-packages/airflow/example_dags/tutorial_taskflow_api_virtualenv.py
[2025-07-01T21:17:15.677+0000] {processor.py:925} INFO - DAG(s) 'tutorial_taskflow_api_virtualenv' retrieved from /home/airflow/.local/lib/python3.12/site-packages/airflow/example_dags/tutorial_taskflow_api_virtualenv.py
[2025-07-01T21:17:15.696+0000] {logging_mixin.py:190} INFO - [2025-07-01T21:17:15.696+0000] {dag.py:3239} INFO - Sync 1 DAGs
[2025-07-01T21:17:15.707+0000] {logging_mixin.py:190} INFO - [2025-07-01T21:17:15.707+0000] {dag.py:4180} INFO - Setting next_dagrun for tutorial_taskflow_api_virtualenv to None, run_after=None
[2025-07-01T21:17:15.729+0000] {processor.py:208} INFO - Processing /home/airflow/.local/lib/python3.12/site-packages/airflow/example_dags/tutorial_taskflow_api_virtualenv.py took 0.074 seconds
[2025-07-01T21:17:46.226+0000] {processor.py:186} INFO - Started process (PID=188) to work on /home/airflow/.local/lib/python3.12/site-packages/airflow/example_dags/tutorial_taskflow_api_virtualenv.py
[2025-07-01T21:17:46.227+0000] {processor.py:914} INFO - Processing file /home/airflow/.local/lib/python3.12/site-packages/airflow/example_dags/tutorial_taskflow_api_virtualenv.py for tasks to queue
[2025-07-01T21:17:46.229+0000] {logging_mixin.py:190} INFO - [2025-07-01T21:17:46.229+0000] {dagbag.py:588} INFO - Filling up the DagBag from /home/airflow/.local/lib/python3.12/site-packages/airflow/example_dags/tutorial_taskflow_api_virtualenv.py
[2025-07-01T21:17:46.239+0000] {processor.py:925} INFO - DAG(s) 'tutorial_taskflow_api_virtualenv' retrieved from /home/airflow/.local/lib/python3.12/site-packages/airflow/example_dags/tutorial_taskflow_api_virtualenv.py
[2025-07-01T21:17:46.257+0000] {logging_mixin.py:190} INFO - [2025-07-01T21:17:46.256+0000] {dag.py:3239} INFO - Sync 1 DAGs
[2025-07-01T21:17:46.268+0000] {logging_mixin.py:190} INFO - [2025-07-01T21:17:46.268+0000] {dag.py:4180} INFO - Setting next_dagrun for tutorial_taskflow_api_virtualenv to None, run_after=None
[2025-07-01T21:17:46.287+0000] {processor.py:208} INFO - Processing /home/airflow/.local/lib/python3.12/site-packages/airflow/example_dags/tutorial_taskflow_api_virtualenv.py took 0.066 seconds
[2025-07-01T21:18:16.945+0000] {processor.py:186} INFO - Started process (PID=251) to work on /home/airflow/.local/lib/python3.12/site-packages/airflow/example_dags/tutorial_taskflow_api_virtualenv.py
[2025-07-01T21:18:16.946+0000] {processor.py:914} INFO - Processing file /home/airflow/.local/lib/python3.12/site-packages/airflow/example_dags/tutorial_taskflow_api_virtualenv.py for tasks to queue
[2025-07-01T21:18:16.948+0000] {logging_mixin.py:190} INFO - [2025-07-01T21:18:16.947+0000] {dagbag.py:588} INFO - Filling up the DagBag from /home/airflow/.local/lib/python3.12/site-packages/airflow/example_dags/tutorial_taskflow_api_virtualenv.py
[2025-07-01T21:18:16.958+0000] {processor.py:925} INFO - DAG(s) 'tutorial_taskflow_api_virtualenv' retrieved from /home/airflow/.local/lib/python3.12/site-packages/airflow/example_dags/tutorial_taskflow_api_virtualenv.py
[2025-07-01T21:18:16.975+0000] {logging_mixin.py:190} INFO - [2025-07-01T21:18:16.975+0000] {dag.py:3239} INFO - Sync 1 DAGs
[2025-07-01T21:18:16.988+0000] {logging_mixin.py:190} INFO - [2025-07-01T21:18:16.988+0000] {dag.py:4180} INFO - Setting next_dagrun for tutorial_taskflow_api_virtualenv to None, run_after=None
[2025-07-01T21:18:17.006+0000] {processor.py:208} INFO - Processing /home/airflow/.local/lib/python3.12/site-packages/airflow/example_dags/tutorial_taskflow_api_virtualenv.py took 0.066 seconds
[2025-07-01T21:18:47.691+0000] {processor.py:186} INFO - Started process (PID=313) to work on /home/airflow/.local/lib/python3.12/site-packages/airflow/example_dags/tutorial_taskflow_api_virtualenv.py
[2025-07-01T21:18:47.692+0000] {processor.py:914} INFO - Processing file /home/airflow/.local/lib/python3.12/site-packages/airflow/example_dags/tutorial_taskflow_api_virtualenv.py for tasks to queue
[2025-07-01T21:18:47.694+0000] {logging_mixin.py:190} INFO - [2025-07-01T21:18:47.693+0000] {dagbag.py:588} INFO - Filling up the DagBag from /home/airflow/.local/lib/python3.12/site-packages/airflow/example_dags/tutorial_taskflow_api_virtualenv.py
[2025-07-01T21:18:47.704+0000] {processor.py:925} INFO - DAG(s) 'tutorial_taskflow_api_virtualenv' retrieved from /home/airflow/.local/lib/python3.12/site-packages/airflow/example_dags/tutorial_taskflow_api_virtualenv.py
[2025-07-01T21:18:47.723+0000] {logging_mixin.py:190} INFO - [2025-07-01T21:18:47.722+0000] {dag.py:3239} INFO - Sync 1 DAGs
[2025-07-01T21:18:47.737+0000] {logging_mixin.py:190} INFO - [2025-07-01T21:18:47.737+0000] {dag.py:4180} INFO - Setting next_dagrun for tutorial_taskflow_api_virtualenv to None, run_after=None
[2025-07-01T21:18:47.757+0000] {processor.py:208} INFO - Processing /home/airflow/.local/lib/python3.12/site-packages/airflow/example_dags/tutorial_taskflow_api_virtualenv.py took 0.071 seconds
[2025-07-01T21:19:18.424+0000] {processor.py:186} INFO - Started process (PID=381) to work on /home/airflow/.local/lib/python3.12/site-packages/airflow/example_dags/tutorial_taskflow_api_virtualenv.py
[2025-07-01T21:19:18.425+0000] {processor.py:914} INFO - Processing file /home/airflow/.local/lib/python3.12/site-packages/airflow/example_dags/tutorial_taskflow_api_virtualenv.py for tasks to queue
[2025-07-01T21:19:18.427+0000] {logging_mixin.py:190} INFO - [2025-07-01T21:19:18.427+0000] {dagbag.py:588} INFO - Filling up the DagBag from /home/airflow/.local/lib/python3.12/site-packages/airflow/example_dags/tutorial_taskflow_api_virtualenv.py
[2025-07-01T21:19:18.437+0000] {processor.py:925} INFO - DAG(s) 'tutorial_taskflow_api_virtualenv' retrieved from /home/airflow/.local/lib/python3.12/site-packages/airflow/example_dags/tutorial_taskflow_api_virtualenv.py
[2025-07-01T21:19:18.455+0000] {logging_mixin.py:190} INFO - [2025-07-01T21:19:18.454+0000] {dag.py:3239} INFO - Sync 1 DAGs
[2025-07-01T21:19:18.466+0000] {logging_mixin.py:190} INFO - [2025-07-01T21:19:18.466+0000] {dag.py:4180} INFO - Setting next_dagrun for tutorial_taskflow_api_virtualenv to None, run_after=None
[2025-07-01T21:19:18.486+0000] {processor.py:208} INFO - Processing /home/airflow/.local/lib/python3.12/site-packages/airflow/example_dags/tutorial_taskflow_api_virtualenv.py took 0.067 seconds
[2025-07-01T21:19:49.379+0000] {processor.py:186} INFO - Started process (PID=443) to work on /home/airflow/.local/lib/python3.12/site-packages/airflow/example_dags/tutorial_taskflow_api_virtualenv.py
[2025-07-01T21:19:49.380+0000] {processor.py:914} INFO - Processing file /home/airflow/.local/lib/python3.12/site-packages/airflow/example_dags/tutorial_taskflow_api_virtualenv.py for tasks to queue
[2025-07-01T21:19:49.382+0000] {logging_mixin.py:190} INFO - [2025-07-01T21:19:49.382+0000] {dagbag.py:588} INFO - Filling up the DagBag from /home/airflow/.local/lib/python3.12/site-packages/airflow/example_dags/tutorial_taskflow_api_virtualenv.py
[2025-07-01T21:19:49.392+0000] {processor.py:925} INFO - DAG(s) 'tutorial_taskflow_api_virtualenv' retrieved from /home/airflow/.local/lib/python3.12/site-packages/airflow/example_dags/tutorial_taskflow_api_virtualenv.py
[2025-07-01T21:19:49.409+0000] {logging_mixin.py:190} INFO - [2025-07-01T21:19:49.409+0000] {dag.py:3239} INFO - Sync 1 DAGs
[2025-07-01T21:19:49.421+0000] {logging_mixin.py:190} INFO - [2025-07-01T21:19:49.421+0000] {dag.py:4180} INFO - Setting next_dagrun for tutorial_taskflow_api_virtualenv to None, run_after=None
[2025-07-01T21:19:49.440+0000] {processor.py:208} INFO - Processing /home/airflow/.local/lib/python3.12/site-packages/airflow/example_dags/tutorial_taskflow_api_virtualenv.py took 0.066 seconds
[2025-07-01T21:20:20.111+0000] {processor.py:186} INFO - Started process (PID=505) to work on /home/airflow/.local/lib/python3.12/site-packages/airflow/example_dags/tutorial_taskflow_api_virtualenv.py
[2025-07-01T21:20:20.112+0000] {processor.py:914} INFO - Processing file /home/airflow/.local/lib/python3.12/site-packages/airflow/example_dags/tutorial_taskflow_api_virtualenv.py for tasks to queue
[2025-07-01T21:20:20.114+0000] {logging_mixin.py:190} INFO - [2025-07-01T21:20:20.114+0000] {dagbag.py:588} INFO - Filling up the DagBag from /home/airflow/.local/lib/python3.12/site-packages/airflow/example_dags/tutorial_taskflow_api_virtualenv.py
[2025-07-01T21:20:20.125+0000] {processor.py:925} INFO - DAG(s) 'tutorial_taskflow_api_virtualenv' retrieved from /home/airflow/.local/lib/python3.12/site-packages/airflow/example_dags/tutorial_taskflow_api_virtualenv.py
[2025-07-01T21:20:20.143+0000] {logging_mixin.py:190} INFO - [2025-07-01T21:20:20.143+0000] {dag.py:3239} INFO - Sync 1 DAGs
[2025-07-01T21:20:20.155+0000] {logging_mixin.py:190} INFO - [2025-07-01T21:20:20.154+0000] {dag.py:4180} INFO - Setting next_dagrun for tutorial_taskflow_api_virtualenv to None, run_after=None
[2025-07-01T21:20:20.175+0000] {processor.py:208} INFO - Processing /home/airflow/.local/lib/python3.12/site-packages/airflow/example_dags/tutorial_taskflow_api_virtualenv.py took 0.069 seconds
[2025-07-01T21:20:51.063+0000] {processor.py:186} INFO - Started process (PID=567) to work on /home/airflow/.local/lib/python3.12/site-packages/airflow/example_dags/tutorial_taskflow_api_virtualenv.py
[2025-07-01T21:20:51.064+0000] {processor.py:914} INFO - Processing file /home/airflow/.local/lib/python3.12/site-packages/airflow/example_dags/tutorial_taskflow_api_virtualenv.py for tasks to queue
[2025-07-01T21:20:51.066+0000] {logging_mixin.py:190} INFO - [2025-07-01T21:20:51.066+0000] {dagbag.py:588} INFO - Filling up the DagBag from /home/airflow/.local/lib/python3.12/site-packages/airflow/example_dags/tutorial_taskflow_api_virtualenv.py
[2025-07-01T21:20:51.079+0000] {processor.py:925} INFO - DAG(s) 'tutorial_taskflow_api_virtualenv' retrieved from /home/airflow/.local/lib/python3.12/site-packages/airflow/example_dags/tutorial_taskflow_api_virtualenv.py
[2025-07-01T21:20:51.096+0000] {logging_mixin.py:190} INFO - [2025-07-01T21:20:51.096+0000] {dag.py:3239} INFO - Sync 1 DAGs
[2025-07-01T21:20:51.109+0000] {logging_mixin.py:190} INFO - [2025-07-01T21:20:51.108+0000] {dag.py:4180} INFO - Setting next_dagrun for tutorial_taskflow_api_virtualenv to None, run_after=None
[2025-07-01T21:20:51.127+0000] {processor.py:208} INFO - Processing /home/airflow/.local/lib/python3.12/site-packages/airflow/example_dags/tutorial_taskflow_api_virtualenv.py took 0.069 seconds
[2025-07-01T21:21:21.953+0000] {processor.py:186} INFO - Started process (PID=629) to work on /home/airflow/.local/lib/python3.12/site-packages/airflow/example_dags/tutorial_taskflow_api_virtualenv.py
[2025-07-01T21:21:21.954+0000] {processor.py:914} INFO - Processing file /home/airflow/.local/lib/python3.12/site-packages/airflow/example_dags/tutorial_taskflow_api_virtualenv.py for tasks to queue
[2025-07-01T21:21:21.956+0000] {logging_mixin.py:190} INFO - [2025-07-01T21:21:21.956+0000] {dagbag.py:588} INFO - Filling up the DagBag from /home/airflow/.local/lib/python3.12/site-packages/airflow/example_dags/tutorial_taskflow_api_virtualenv.py
[2025-07-01T21:21:21.967+0000] {processor.py:925} INFO - DAG(s) 'tutorial_taskflow_api_virtualenv' retrieved from /home/airflow/.local/lib/python3.12/site-packages/airflow/example_dags/tutorial_taskflow_api_virtualenv.py
[2025-07-01T21:21:21.985+0000] {logging_mixin.py:190} INFO - [2025-07-01T21:21:21.984+0000] {dag.py:3239} INFO - Sync 1 DAGs
[2025-07-01T21:21:21.996+0000] {logging_mixin.py:190} INFO - [2025-07-01T21:21:21.996+0000] {dag.py:4180} INFO - Setting next_dagrun for tutorial_taskflow_api_virtualenv to None, run_after=None
[2025-07-01T21:21:22.016+0000] {processor.py:208} INFO - Processing /home/airflow/.local/lib/python3.12/site-packages/airflow/example_dags/tutorial_taskflow_api_virtualenv.py took 0.067 seconds
[2025-07-01T21:21:52.417+0000] {processor.py:186} INFO - Started process (PID=691) to work on /home/airflow/.local/lib/python3.12/site-packages/airflow/example_dags/tutorial_taskflow_api_virtualenv.py
[2025-07-01T21:21:52.418+0000] {processor.py:914} INFO - Processing file /home/airflow/.local/lib/python3.12/site-packages/airflow/example_dags/tutorial_taskflow_api_virtualenv.py for tasks to queue
[2025-07-01T21:21:52.421+0000] {logging_mixin.py:190} INFO - [2025-07-01T21:21:52.420+0000] {dagbag.py:588} INFO - Filling up the DagBag from /home/airflow/.local/lib/python3.12/site-packages/airflow/example_dags/tutorial_taskflow_api_virtualenv.py
[2025-07-01T21:21:52.431+0000] {processor.py:925} INFO - DAG(s) 'tutorial_taskflow_api_virtualenv' retrieved from /home/airflow/.local/lib/python3.12/site-packages/airflow/example_dags/tutorial_taskflow_api_virtualenv.py
[2025-07-01T21:21:52.449+0000] {logging_mixin.py:190} INFO - [2025-07-01T21:21:52.449+0000] {dag.py:3239} INFO - Sync 1 DAGs
[2025-07-01T21:21:52.461+0000] {logging_mixin.py:190} INFO - [2025-07-01T21:21:52.461+0000] {dag.py:4180} INFO - Setting next_dagrun for tutorial_taskflow_api_virtualenv to None, run_after=None
[2025-07-01T21:21:52.479+0000] {processor.py:208} INFO - Processing /home/airflow/.local/lib/python3.12/site-packages/airflow/example_dags/tutorial_taskflow_api_virtualenv.py took 0.067 seconds
[2025-07-01T21:22:22.947+0000] {processor.py:186} INFO - Started process (PID=753) to work on /home/airflow/.local/lib/python3.12/site-packages/airflow/example_dags/tutorial_taskflow_api_virtualenv.py
[2025-07-01T21:22:22.948+0000] {processor.py:914} INFO - Processing file /home/airflow/.local/lib/python3.12/site-packages/airflow/example_dags/tutorial_taskflow_api_virtualenv.py for tasks to queue
[2025-07-01T21:22:22.950+0000] {logging_mixin.py:190} INFO - [2025-07-01T21:22:22.950+0000] {dagbag.py:588} INFO - Filling up the DagBag from /home/airflow/.local/lib/python3.12/site-packages/airflow/example_dags/tutorial_taskflow_api_virtualenv.py
[2025-07-01T21:22:22.960+0000] {processor.py:925} INFO - DAG(s) 'tutorial_taskflow_api_virtualenv' retrieved from /home/airflow/.local/lib/python3.12/site-packages/airflow/example_dags/tutorial_taskflow_api_virtualenv.py
[2025-07-01T21:22:22.978+0000] {logging_mixin.py:190} INFO - [2025-07-01T21:22:22.978+0000] {dag.py:3239} INFO - Sync 1 DAGs
[2025-07-01T21:22:22.990+0000] {logging_mixin.py:190} INFO - [2025-07-01T21:22:22.989+0000] {dag.py:4180} INFO - Setting next_dagrun for tutorial_taskflow_api_virtualenv to None, run_after=None
[2025-07-01T21:22:23.007+0000] {processor.py:208} INFO - Processing /home/airflow/.local/lib/python3.12/site-packages/airflow/example_dags/tutorial_taskflow_api_virtualenv.py took 0.065 seconds
[2025-07-01T21:22:53.439+0000] {processor.py:186} INFO - Started process (PID=815) to work on /home/airflow/.local/lib/python3.12/site-packages/airflow/example_dags/tutorial_taskflow_api_virtualenv.py
[2025-07-01T21:22:53.439+0000] {processor.py:914} INFO - Processing file /home/airflow/.local/lib/python3.12/site-packages/airflow/example_dags/tutorial_taskflow_api_virtualenv.py for tasks to queue
[2025-07-01T21:22:53.441+0000] {logging_mixin.py:190} INFO - [2025-07-01T21:22:53.441+0000] {dagbag.py:588} INFO - Filling up the DagBag from /home/airflow/.local/lib/python3.12/site-packages/airflow/example_dags/tutorial_taskflow_api_virtualenv.py
[2025-07-01T21:22:53.451+0000] {processor.py:925} INFO - DAG(s) 'tutorial_taskflow_api_virtualenv' retrieved from /home/airflow/.local/lib/python3.12/site-packages/airflow/example_dags/tutorial_taskflow_api_virtualenv.py
[2025-07-01T21:22:53.468+0000] {logging_mixin.py:190} INFO - [2025-07-01T21:22:53.467+0000] {dag.py:3239} INFO - Sync 1 DAGs
[2025-07-01T21:22:53.479+0000] {logging_mixin.py:190} INFO - [2025-07-01T21:22:53.479+0000] {dag.py:4180} INFO - Setting next_dagrun for tutorial_taskflow_api_virtualenv to None, run_after=None
[2025-07-01T21:22:53.496+0000] {processor.py:208} INFO - Processing /home/airflow/.local/lib/python3.12/site-packages/airflow/example_dags/tutorial_taskflow_api_virtualenv.py took 0.062 seconds
[2025-07-01T21:23:23.711+0000] {processor.py:186} INFO - Started process (PID=877) to work on /home/airflow/.local/lib/python3.12/site-packages/airflow/example_dags/tutorial_taskflow_api_virtualenv.py
[2025-07-01T21:23:23.712+0000] {processor.py:914} INFO - Processing file /home/airflow/.local/lib/python3.12/site-packages/airflow/example_dags/tutorial_taskflow_api_virtualenv.py for tasks to queue
[2025-07-01T21:23:23.715+0000] {logging_mixin.py:190} INFO - [2025-07-01T21:23:23.714+0000] {dagbag.py:588} INFO - Filling up the DagBag from /home/airflow/.local/lib/python3.12/site-packages/airflow/example_dags/tutorial_taskflow_api_virtualenv.py
[2025-07-01T21:23:23.724+0000] {processor.py:925} INFO - DAG(s) 'tutorial_taskflow_api_virtualenv' retrieved from /home/airflow/.local/lib/python3.12/site-packages/airflow/example_dags/tutorial_taskflow_api_virtualenv.py
[2025-07-01T21:23:23.741+0000] {logging_mixin.py:190} INFO - [2025-07-01T21:23:23.741+0000] {dag.py:3239} INFO - Sync 1 DAGs
[2025-07-01T21:23:23.752+0000] {logging_mixin.py:190} INFO - [2025-07-01T21:23:23.752+0000] {dag.py:4180} INFO - Setting next_dagrun for tutorial_taskflow_api_virtualenv to None, run_after=None
[2025-07-01T21:23:23.769+0000] {processor.py:208} INFO - Processing /home/airflow/.local/lib/python3.12/site-packages/airflow/example_dags/tutorial_taskflow_api_virtualenv.py took 0.063 seconds
[2025-07-01T21:23:54.140+0000] {processor.py:186} INFO - Started process (PID=939) to work on /home/airflow/.local/lib/python3.12/site-packages/airflow/example_dags/tutorial_taskflow_api_virtualenv.py
[2025-07-01T21:23:54.141+0000] {processor.py:914} INFO - Processing file /home/airflow/.local/lib/python3.12/site-packages/airflow/example_dags/tutorial_taskflow_api_virtualenv.py for tasks to queue
[2025-07-01T21:23:54.143+0000] {logging_mixin.py:190} INFO - [2025-07-01T21:23:54.143+0000] {dagbag.py:588} INFO - Filling up the DagBag from /home/airflow/.local/lib/python3.12/site-packages/airflow/example_dags/tutorial_taskflow_api_virtualenv.py
[2025-07-01T21:23:54.154+0000] {processor.py:925} INFO - DAG(s) 'tutorial_taskflow_api_virtualenv' retrieved from /home/airflow/.local/lib/python3.12/site-packages/airflow/example_dags/tutorial_taskflow_api_virtualenv.py
[2025-07-01T21:23:54.172+0000] {logging_mixin.py:190} INFO - [2025-07-01T21:23:54.172+0000] {dag.py:3239} INFO - Sync 1 DAGs
[2025-07-01T21:23:54.184+0000] {logging_mixin.py:190} INFO - [2025-07-01T21:23:54.184+0000] {dag.py:4180} INFO - Setting next_dagrun for tutorial_taskflow_api_virtualenv to None, run_after=None
[2025-07-01T21:23:54.202+0000] {processor.py:208} INFO - Processing /home/airflow/.local/lib/python3.12/site-packages/airflow/example_dags/tutorial_taskflow_api_virtualenv.py took 0.067 seconds
[2025-07-01T21:24:24.430+0000] {processor.py:186} INFO - Started process (PID=1001) to work on /home/airflow/.local/lib/python3.12/site-packages/airflow/example_dags/tutorial_taskflow_api_virtualenv.py
[2025-07-01T21:24:24.431+0000] {processor.py:914} INFO - Processing file /home/airflow/.local/lib/python3.12/site-packages/airflow/example_dags/tutorial_taskflow_api_virtualenv.py for tasks to queue
[2025-07-01T21:24:24.433+0000] {logging_mixin.py:190} INFO - [2025-07-01T21:24:24.433+0000] {dagbag.py:588} INFO - Filling up the DagBag from /home/airflow/.local/lib/python3.12/site-packages/airflow/example_dags/tutorial_taskflow_api_virtualenv.py
[2025-07-01T21:24:24.443+0000] {processor.py:925} INFO - DAG(s) 'tutorial_taskflow_api_virtualenv' retrieved from /home/airflow/.local/lib/python3.12/site-packages/airflow/example_dags/tutorial_taskflow_api_virtualenv.py
[2025-07-01T21:24:24.462+0000] {logging_mixin.py:190} INFO - [2025-07-01T21:24:24.462+0000] {dag.py:3239} INFO - Sync 1 DAGs
[2025-07-01T21:24:24.474+0000] {logging_mixin.py:190} INFO - [2025-07-01T21:24:24.474+0000] {dag.py:4180} INFO - Setting next_dagrun for tutorial_taskflow_api_virtualenv to None, run_after=None
[2025-07-01T21:24:24.492+0000] {processor.py:208} INFO - Processing /home/airflow/.local/lib/python3.12/site-packages/airflow/example_dags/tutorial_taskflow_api_virtualenv.py took 0.067 seconds
[2025-07-01T21:24:54.783+0000] {processor.py:186} INFO - Started process (PID=1063) to work on /home/airflow/.local/lib/python3.12/site-packages/airflow/example_dags/tutorial_taskflow_api_virtualenv.py
[2025-07-01T21:24:54.784+0000] {processor.py:914} INFO - Processing file /home/airflow/.local/lib/python3.12/site-packages/airflow/example_dags/tutorial_taskflow_api_virtualenv.py for tasks to queue
[2025-07-01T21:24:54.786+0000] {logging_mixin.py:190} INFO - [2025-07-01T21:24:54.786+0000] {dagbag.py:588} INFO - Filling up the DagBag from /home/airflow/.local/lib/python3.12/site-packages/airflow/example_dags/tutorial_taskflow_api_virtualenv.py
[2025-07-01T21:24:54.798+0000] {processor.py:925} INFO - DAG(s) 'tutorial_taskflow_api_virtualenv' retrieved from /home/airflow/.local/lib/python3.12/site-packages/airflow/example_dags/tutorial_taskflow_api_virtualenv.py
[2025-07-01T21:24:54.817+0000] {logging_mixin.py:190} INFO - [2025-07-01T21:24:54.817+0000] {dag.py:3239} INFO - Sync 1 DAGs
[2025-07-01T21:24:54.831+0000] {logging_mixin.py:190} INFO - [2025-07-01T21:24:54.831+0000] {dag.py:4180} INFO - Setting next_dagrun for tutorial_taskflow_api_virtualenv to None, run_after=None
[2025-07-01T21:24:54.852+0000] {processor.py:208} INFO - Processing /home/airflow/.local/lib/python3.12/site-packages/airflow/example_dags/tutorial_taskflow_api_virtualenv.py took 0.075 seconds
[2025-07-01T21:25:25.189+0000] {processor.py:186} INFO - Started process (PID=1125) to work on /home/airflow/.local/lib/python3.12/site-packages/airflow/example_dags/tutorial_taskflow_api_virtualenv.py
[2025-07-01T21:25:25.190+0000] {processor.py:914} INFO - Processing file /home/airflow/.local/lib/python3.12/site-packages/airflow/example_dags/tutorial_taskflow_api_virtualenv.py for tasks to queue
[2025-07-01T21:25:25.192+0000] {logging_mixin.py:190} INFO - [2025-07-01T21:25:25.192+0000] {dagbag.py:588} INFO - Filling up the DagBag from /home/airflow/.local/lib/python3.12/site-packages/airflow/example_dags/tutorial_taskflow_api_virtualenv.py
[2025-07-01T21:25:25.202+0000] {processor.py:925} INFO - DAG(s) 'tutorial_taskflow_api_virtualenv' retrieved from /home/airflow/.local/lib/python3.12/site-packages/airflow/example_dags/tutorial_taskflow_api_virtualenv.py
[2025-07-01T21:25:25.221+0000] {logging_mixin.py:190} INFO - [2025-07-01T21:25:25.221+0000] {dag.py:3239} INFO - Sync 1 DAGs
[2025-07-01T21:25:25.234+0000] {logging_mixin.py:190} INFO - [2025-07-01T21:25:25.234+0000] {dag.py:4180} INFO - Setting next_dagrun for tutorial_taskflow_api_virtualenv to None, run_after=None
[2025-07-01T21:25:25.253+0000] {processor.py:208} INFO - Processing /home/airflow/.local/lib/python3.12/site-packages/airflow/example_dags/tutorial_taskflow_api_virtualenv.py took 0.069 seconds
[2025-07-01T21:25:55.982+0000] {processor.py:186} INFO - Started process (PID=1188) to work on /home/airflow/.local/lib/python3.12/site-packages/airflow/example_dags/tutorial_taskflow_api_virtualenv.py
[2025-07-01T21:25:55.983+0000] {processor.py:914} INFO - Processing file /home/airflow/.local/lib/python3.12/site-packages/airflow/example_dags/tutorial_taskflow_api_virtualenv.py for tasks to queue
[2025-07-01T21:25:55.987+0000] {logging_mixin.py:190} INFO - [2025-07-01T21:25:55.986+0000] {dagbag.py:588} INFO - Filling up the DagBag from /home/airflow/.local/lib/python3.12/site-packages/airflow/example_dags/tutorial_taskflow_api_virtualenv.py
[2025-07-01T21:25:56.001+0000] {processor.py:925} INFO - DAG(s) 'tutorial_taskflow_api_virtualenv' retrieved from /home/airflow/.local/lib/python3.12/site-packages/airflow/example_dags/tutorial_taskflow_api_virtualenv.py
[2025-07-01T21:25:56.025+0000] {logging_mixin.py:190} INFO - [2025-07-01T21:25:56.024+0000] {dag.py:3239} INFO - Sync 1 DAGs
[2025-07-01T21:25:56.043+0000] {logging_mixin.py:190} INFO - [2025-07-01T21:25:56.043+0000] {dag.py:4180} INFO - Setting next_dagrun for tutorial_taskflow_api_virtualenv to None, run_after=None
[2025-07-01T21:25:56.075+0000] {processor.py:208} INFO - Processing /home/airflow/.local/lib/python3.12/site-packages/airflow/example_dags/tutorial_taskflow_api_virtualenv.py took 0.100 seconds
[2025-07-01T21:26:26.520+0000] {processor.py:186} INFO - Started process (PID=1250) to work on /home/airflow/.local/lib/python3.12/site-packages/airflow/example_dags/tutorial_taskflow_api_virtualenv.py
[2025-07-01T21:26:26.521+0000] {processor.py:914} INFO - Processing file /home/airflow/.local/lib/python3.12/site-packages/airflow/example_dags/tutorial_taskflow_api_virtualenv.py for tasks to queue
[2025-07-01T21:26:26.523+0000] {logging_mixin.py:190} INFO - [2025-07-01T21:26:26.523+0000] {dagbag.py:588} INFO - Filling up the DagBag from /home/airflow/.local/lib/python3.12/site-packages/airflow/example_dags/tutorial_taskflow_api_virtualenv.py
[2025-07-01T21:26:26.534+0000] {processor.py:925} INFO - DAG(s) 'tutorial_taskflow_api_virtualenv' retrieved from /home/airflow/.local/lib/python3.12/site-packages/airflow/example_dags/tutorial_taskflow_api_virtualenv.py
[2025-07-01T21:26:26.551+0000] {logging_mixin.py:190} INFO - [2025-07-01T21:26:26.551+0000] {dag.py:3239} INFO - Sync 1 DAGs
[2025-07-01T21:26:26.563+0000] {logging_mixin.py:190} INFO - [2025-07-01T21:26:26.563+0000] {dag.py:4180} INFO - Setting next_dagrun for tutorial_taskflow_api_virtualenv to None, run_after=None
[2025-07-01T21:26:26.584+0000] {processor.py:208} INFO - Processing /home/airflow/.local/lib/python3.12/site-packages/airflow/example_dags/tutorial_taskflow_api_virtualenv.py took 0.068 seconds
[2025-07-01T21:26:57.152+0000] {processor.py:186} INFO - Started process (PID=1312) to work on /home/airflow/.local/lib/python3.12/site-packages/airflow/example_dags/tutorial_taskflow_api_virtualenv.py
[2025-07-01T21:26:57.154+0000] {processor.py:914} INFO - Processing file /home/airflow/.local/lib/python3.12/site-packages/airflow/example_dags/tutorial_taskflow_api_virtualenv.py for tasks to queue
[2025-07-01T21:26:57.157+0000] {logging_mixin.py:190} INFO - [2025-07-01T21:26:57.157+0000] {dagbag.py:588} INFO - Filling up the DagBag from /home/airflow/.local/lib/python3.12/site-packages/airflow/example_dags/tutorial_taskflow_api_virtualenv.py
[2025-07-01T21:26:57.168+0000] {processor.py:925} INFO - DAG(s) 'tutorial_taskflow_api_virtualenv' retrieved from /home/airflow/.local/lib/python3.12/site-packages/airflow/example_dags/tutorial_taskflow_api_virtualenv.py
[2025-07-01T21:26:57.187+0000] {logging_mixin.py:190} INFO - [2025-07-01T21:26:57.187+0000] {dag.py:3239} INFO - Sync 1 DAGs
[2025-07-01T21:26:57.199+0000] {logging_mixin.py:190} INFO - [2025-07-01T21:26:57.198+0000] {dag.py:4180} INFO - Setting next_dagrun for tutorial_taskflow_api_virtualenv to None, run_after=None
[2025-07-01T21:26:57.216+0000] {processor.py:208} INFO - Processing /home/airflow/.local/lib/python3.12/site-packages/airflow/example_dags/tutorial_taskflow_api_virtualenv.py took 0.068 seconds
[2025-07-01T21:27:27.821+0000] {processor.py:186} INFO - Started process (PID=1374) to work on /home/airflow/.local/lib/python3.12/site-packages/airflow/example_dags/tutorial_taskflow_api_virtualenv.py
[2025-07-01T21:27:27.822+0000] {processor.py:914} INFO - Processing file /home/airflow/.local/lib/python3.12/site-packages/airflow/example_dags/tutorial_taskflow_api_virtualenv.py for tasks to queue
[2025-07-01T21:27:27.824+0000] {logging_mixin.py:190} INFO - [2025-07-01T21:27:27.824+0000] {dagbag.py:588} INFO - Filling up the DagBag from /home/airflow/.local/lib/python3.12/site-packages/airflow/example_dags/tutorial_taskflow_api_virtualenv.py
[2025-07-01T21:27:27.837+0000] {processor.py:925} INFO - DAG(s) 'tutorial_taskflow_api_virtualenv' retrieved from /home/airflow/.local/lib/python3.12/site-packages/airflow/example_dags/tutorial_taskflow_api_virtualenv.py
[2025-07-01T21:27:27.854+0000] {logging_mixin.py:190} INFO - [2025-07-01T21:27:27.854+0000] {dag.py:3239} INFO - Sync 1 DAGs
[2025-07-01T21:27:27.868+0000] {logging_mixin.py:190} INFO - [2025-07-01T21:27:27.868+0000] {dag.py:4180} INFO - Setting next_dagrun for tutorial_taskflow_api_virtualenv to None, run_after=None
[2025-07-01T21:27:27.894+0000] {processor.py:208} INFO - Processing /home/airflow/.local/lib/python3.12/site-packages/airflow/example_dags/tutorial_taskflow_api_virtualenv.py took 0.078 seconds
[2025-07-01T21:27:58.359+0000] {processor.py:186} INFO - Started process (PID=1437) to work on /home/airflow/.local/lib/python3.12/site-packages/airflow/example_dags/tutorial_taskflow_api_virtualenv.py
[2025-07-01T21:27:58.360+0000] {processor.py:914} INFO - Processing file /home/airflow/.local/lib/python3.12/site-packages/airflow/example_dags/tutorial_taskflow_api_virtualenv.py for tasks to queue
[2025-07-01T21:27:58.362+0000] {logging_mixin.py:190} INFO - [2025-07-01T21:27:58.362+0000] {dagbag.py:588} INFO - Filling up the DagBag from /home/airflow/.local/lib/python3.12/site-packages/airflow/example_dags/tutorial_taskflow_api_virtualenv.py
[2025-07-01T21:27:58.373+0000] {processor.py:925} INFO - DAG(s) 'tutorial_taskflow_api_virtualenv' retrieved from /home/airflow/.local/lib/python3.12/site-packages/airflow/example_dags/tutorial_taskflow_api_virtualenv.py
[2025-07-01T21:27:58.390+0000] {logging_mixin.py:190} INFO - [2025-07-01T21:27:58.390+0000] {dag.py:3239} INFO - Sync 1 DAGs
[2025-07-01T21:27:58.402+0000] {logging_mixin.py:190} INFO - [2025-07-01T21:27:58.402+0000] {dag.py:4180} INFO - Setting next_dagrun for tutorial_taskflow_api_virtualenv to None, run_after=None
[2025-07-01T21:27:58.419+0000] {processor.py:208} INFO - Processing /home/airflow/.local/lib/python3.12/site-packages/airflow/example_dags/tutorial_taskflow_api_virtualenv.py took 0.065 seconds
[2025-07-01T21:28:28.724+0000] {processor.py:186} INFO - Started process (PID=1499) to work on /home/airflow/.local/lib/python3.12/site-packages/airflow/example_dags/tutorial_taskflow_api_virtualenv.py
[2025-07-01T21:28:28.725+0000] {processor.py:914} INFO - Processing file /home/airflow/.local/lib/python3.12/site-packages/airflow/example_dags/tutorial_taskflow_api_virtualenv.py for tasks to queue
[2025-07-01T21:28:28.727+0000] {logging_mixin.py:190} INFO - [2025-07-01T21:28:28.727+0000] {dagbag.py:588} INFO - Filling up the DagBag from /home/airflow/.local/lib/python3.12/site-packages/airflow/example_dags/tutorial_taskflow_api_virtualenv.py
[2025-07-01T21:28:28.738+0000] {processor.py:925} INFO - DAG(s) 'tutorial_taskflow_api_virtualenv' retrieved from /home/airflow/.local/lib/python3.12/site-packages/airflow/example_dags/tutorial_taskflow_api_virtualenv.py
[2025-07-01T21:28:28.755+0000] {logging_mixin.py:190} INFO - [2025-07-01T21:28:28.755+0000] {dag.py:3239} INFO - Sync 1 DAGs
[2025-07-01T21:28:28.767+0000] {logging_mixin.py:190} INFO - [2025-07-01T21:28:28.767+0000] {dag.py:4180} INFO - Setting next_dagrun for tutorial_taskflow_api_virtualenv to None, run_after=None
[2025-07-01T21:28:28.785+0000] {processor.py:208} INFO - Processing /home/airflow/.local/lib/python3.12/site-packages/airflow/example_dags/tutorial_taskflow_api_virtualenv.py took 0.066 seconds
[2025-07-01T21:28:59.728+0000] {processor.py:186} INFO - Started process (PID=1561) to work on /home/airflow/.local/lib/python3.12/site-packages/airflow/example_dags/tutorial_taskflow_api_virtualenv.py
[2025-07-01T21:28:59.729+0000] {processor.py:914} INFO - Processing file /home/airflow/.local/lib/python3.12/site-packages/airflow/example_dags/tutorial_taskflow_api_virtualenv.py for tasks to queue
[2025-07-01T21:28:59.732+0000] {logging_mixin.py:190} INFO - [2025-07-01T21:28:59.731+0000] {dagbag.py:588} INFO - Filling up the DagBag from /home/airflow/.local/lib/python3.12/site-packages/airflow/example_dags/tutorial_taskflow_api_virtualenv.py
[2025-07-01T21:28:59.742+0000] {processor.py:925} INFO - DAG(s) 'tutorial_taskflow_api_virtualenv' retrieved from /home/airflow/.local/lib/python3.12/site-packages/airflow/example_dags/tutorial_taskflow_api_virtualenv.py
[2025-07-01T21:28:59.761+0000] {logging_mixin.py:190} INFO - [2025-07-01T21:28:59.761+0000] {dag.py:3239} INFO - Sync 1 DAGs
[2025-07-01T21:28:59.773+0000] {logging_mixin.py:190} INFO - [2025-07-01T21:28:59.773+0000] {dag.py:4180} INFO - Setting next_dagrun for tutorial_taskflow_api_virtualenv to None, run_after=None
[2025-07-01T21:28:59.792+0000] {processor.py:208} INFO - Processing /home/airflow/.local/lib/python3.12/site-packages/airflow/example_dags/tutorial_taskflow_api_virtualenv.py took 0.069 seconds
[2025-07-01T21:29:30.383+0000] {processor.py:186} INFO - Started process (PID=1623) to work on /home/airflow/.local/lib/python3.12/site-packages/airflow/example_dags/tutorial_taskflow_api_virtualenv.py
[2025-07-01T21:29:30.384+0000] {processor.py:914} INFO - Processing file /home/airflow/.local/lib/python3.12/site-packages/airflow/example_dags/tutorial_taskflow_api_virtualenv.py for tasks to queue
[2025-07-01T21:29:30.387+0000] {logging_mixin.py:190} INFO - [2025-07-01T21:29:30.386+0000] {dagbag.py:588} INFO - Filling up the DagBag from /home/airflow/.local/lib/python3.12/site-packages/airflow/example_dags/tutorial_taskflow_api_virtualenv.py
[2025-07-01T21:29:30.398+0000] {processor.py:925} INFO - DAG(s) 'tutorial_taskflow_api_virtualenv' retrieved from /home/airflow/.local/lib/python3.12/site-packages/airflow/example_dags/tutorial_taskflow_api_virtualenv.py
[2025-07-01T21:29:30.413+0000] {logging_mixin.py:190} INFO - [2025-07-01T21:29:30.413+0000] {dag.py:3239} INFO - Sync 1 DAGs
[2025-07-01T21:29:30.425+0000] {logging_mixin.py:190} INFO - [2025-07-01T21:29:30.425+0000] {dag.py:4180} INFO - Setting next_dagrun for tutorial_taskflow_api_virtualenv to None, run_after=None
[2025-07-01T21:29:30.444+0000] {processor.py:208} INFO - Processing /home/airflow/.local/lib/python3.12/site-packages/airflow/example_dags/tutorial_taskflow_api_virtualenv.py took 0.066 seconds
[2025-07-01T21:30:00.564+0000] {processor.py:186} INFO - Started process (PID=1685) to work on /home/airflow/.local/lib/python3.12/site-packages/airflow/example_dags/tutorial_taskflow_api_virtualenv.py
[2025-07-01T21:30:00.565+0000] {processor.py:914} INFO - Processing file /home/airflow/.local/lib/python3.12/site-packages/airflow/example_dags/tutorial_taskflow_api_virtualenv.py for tasks to queue
[2025-07-01T21:30:00.567+0000] {logging_mixin.py:190} INFO - [2025-07-01T21:30:00.567+0000] {dagbag.py:588} INFO - Filling up the DagBag from /home/airflow/.local/lib/python3.12/site-packages/airflow/example_dags/tutorial_taskflow_api_virtualenv.py
[2025-07-01T21:30:00.578+0000] {processor.py:925} INFO - DAG(s) 'tutorial_taskflow_api_virtualenv' retrieved from /home/airflow/.local/lib/python3.12/site-packages/airflow/example_dags/tutorial_taskflow_api_virtualenv.py
[2025-07-01T21:30:00.595+0000] {logging_mixin.py:190} INFO - [2025-07-01T21:30:00.595+0000] {dag.py:3239} INFO - Sync 1 DAGs
[2025-07-01T21:30:00.610+0000] {logging_mixin.py:190} INFO - [2025-07-01T21:30:00.609+0000] {dag.py:4180} INFO - Setting next_dagrun for tutorial_taskflow_api_virtualenv to None, run_after=None
[2025-07-01T21:30:00.633+0000] {processor.py:208} INFO - Processing /home/airflow/.local/lib/python3.12/site-packages/airflow/example_dags/tutorial_taskflow_api_virtualenv.py took 0.074 seconds
[2025-07-01T21:30:30.852+0000] {processor.py:186} INFO - Started process (PID=1747) to work on /home/airflow/.local/lib/python3.12/site-packages/airflow/example_dags/tutorial_taskflow_api_virtualenv.py
[2025-07-01T21:30:30.853+0000] {processor.py:914} INFO - Processing file /home/airflow/.local/lib/python3.12/site-packages/airflow/example_dags/tutorial_taskflow_api_virtualenv.py for tasks to queue
[2025-07-01T21:30:30.855+0000] {logging_mixin.py:190} INFO - [2025-07-01T21:30:30.854+0000] {dagbag.py:588} INFO - Filling up the DagBag from /home/airflow/.local/lib/python3.12/site-packages/airflow/example_dags/tutorial_taskflow_api_virtualenv.py
[2025-07-01T21:30:30.865+0000] {processor.py:925} INFO - DAG(s) 'tutorial_taskflow_api_virtualenv' retrieved from /home/airflow/.local/lib/python3.12/site-packages/airflow/example_dags/tutorial_taskflow_api_virtualenv.py
[2025-07-01T21:30:30.883+0000] {logging_mixin.py:190} INFO - [2025-07-01T21:30:30.883+0000] {dag.py:3239} INFO - Sync 1 DAGs
[2025-07-01T21:30:30.895+0000] {logging_mixin.py:190} INFO - [2025-07-01T21:30:30.895+0000] {dag.py:4180} INFO - Setting next_dagrun for tutorial_taskflow_api_virtualenv to None, run_after=None
[2025-07-01T21:30:30.915+0000] {processor.py:208} INFO - Processing /home/airflow/.local/lib/python3.12/site-packages/airflow/example_dags/tutorial_taskflow_api_virtualenv.py took 0.069 seconds
[2025-07-01T21:31:01.431+0000] {processor.py:186} INFO - Started process (PID=1809) to work on /home/airflow/.local/lib/python3.12/site-packages/airflow/example_dags/tutorial_taskflow_api_virtualenv.py
[2025-07-01T21:31:01.432+0000] {processor.py:914} INFO - Processing file /home/airflow/.local/lib/python3.12/site-packages/airflow/example_dags/tutorial_taskflow_api_virtualenv.py for tasks to queue
[2025-07-01T21:31:01.435+0000] {logging_mixin.py:190} INFO - [2025-07-01T21:31:01.434+0000] {dagbag.py:588} INFO - Filling up the DagBag from /home/airflow/.local/lib/python3.12/site-packages/airflow/example_dags/tutorial_taskflow_api_virtualenv.py
[2025-07-01T21:31:01.446+0000] {processor.py:925} INFO - DAG(s) 'tutorial_taskflow_api_virtualenv' retrieved from /home/airflow/.local/lib/python3.12/site-packages/airflow/example_dags/tutorial_taskflow_api_virtualenv.py
[2025-07-01T21:31:01.463+0000] {logging_mixin.py:190} INFO - [2025-07-01T21:31:01.463+0000] {dag.py:3239} INFO - Sync 1 DAGs
[2025-07-01T21:31:01.475+0000] {logging_mixin.py:190} INFO - [2025-07-01T21:31:01.474+0000] {dag.py:4180} INFO - Setting next_dagrun for tutorial_taskflow_api_virtualenv to None, run_after=None
[2025-07-01T21:31:01.496+0000] {processor.py:208} INFO - Processing /home/airflow/.local/lib/python3.12/site-packages/airflow/example_dags/tutorial_taskflow_api_virtualenv.py took 0.070 seconds
[2025-07-01T21:31:31.782+0000] {processor.py:186} INFO - Started process (PID=1870) to work on /home/airflow/.local/lib/python3.12/site-packages/airflow/example_dags/tutorial_taskflow_api_virtualenv.py
[2025-07-01T21:31:31.783+0000] {processor.py:914} INFO - Processing file /home/airflow/.local/lib/python3.12/site-packages/airflow/example_dags/tutorial_taskflow_api_virtualenv.py for tasks to queue
[2025-07-01T21:31:31.787+0000] {logging_mixin.py:190} INFO - [2025-07-01T21:31:31.787+0000] {dagbag.py:588} INFO - Filling up the DagBag from /home/airflow/.local/lib/python3.12/site-packages/airflow/example_dags/tutorial_taskflow_api_virtualenv.py
[2025-07-01T21:31:31.798+0000] {processor.py:925} INFO - DAG(s) 'tutorial_taskflow_api_virtualenv' retrieved from /home/airflow/.local/lib/python3.12/site-packages/airflow/example_dags/tutorial_taskflow_api_virtualenv.py
[2025-07-01T21:31:31.815+0000] {logging_mixin.py:190} INFO - [2025-07-01T21:31:31.815+0000] {dag.py:3239} INFO - Sync 1 DAGs
[2025-07-01T21:31:31.827+0000] {logging_mixin.py:190} INFO - [2025-07-01T21:31:31.826+0000] {dag.py:4180} INFO - Setting next_dagrun for tutorial_taskflow_api_virtualenv to None, run_after=None
[2025-07-01T21:31:31.843+0000] {processor.py:208} INFO - Processing /home/airflow/.local/lib/python3.12/site-packages/airflow/example_dags/tutorial_taskflow_api_virtualenv.py took 0.066 seconds
[2025-07-01T21:32:02.143+0000] {processor.py:186} INFO - Started process (PID=1934) to work on /home/airflow/.local/lib/python3.12/site-packages/airflow/example_dags/tutorial_taskflow_api_virtualenv.py
[2025-07-01T21:32:02.145+0000] {processor.py:914} INFO - Processing file /home/airflow/.local/lib/python3.12/site-packages/airflow/example_dags/tutorial_taskflow_api_virtualenv.py for tasks to queue
[2025-07-01T21:32:02.147+0000] {logging_mixin.py:190} INFO - [2025-07-01T21:32:02.147+0000] {dagbag.py:588} INFO - Filling up the DagBag from /home/airflow/.local/lib/python3.12/site-packages/airflow/example_dags/tutorial_taskflow_api_virtualenv.py
[2025-07-01T21:32:02.160+0000] {processor.py:925} INFO - DAG(s) 'tutorial_taskflow_api_virtualenv' retrieved from /home/airflow/.local/lib/python3.12/site-packages/airflow/example_dags/tutorial_taskflow_api_virtualenv.py
[2025-07-01T21:32:02.180+0000] {logging_mixin.py:190} INFO - [2025-07-01T21:32:02.180+0000] {dag.py:3239} INFO - Sync 1 DAGs
[2025-07-01T21:32:02.193+0000] {logging_mixin.py:190} INFO - [2025-07-01T21:32:02.192+0000] {dag.py:4180} INFO - Setting next_dagrun for tutorial_taskflow_api_virtualenv to None, run_after=None
[2025-07-01T21:32:02.214+0000] {processor.py:208} INFO - Processing /home/airflow/.local/lib/python3.12/site-packages/airflow/example_dags/tutorial_taskflow_api_virtualenv.py took 0.077 seconds
[2025-07-01T21:32:32.957+0000] {processor.py:186} INFO - Started process (PID=1997) to work on /home/airflow/.local/lib/python3.12/site-packages/airflow/example_dags/tutorial_taskflow_api_virtualenv.py
[2025-07-01T21:32:32.958+0000] {processor.py:914} INFO - Processing file /home/airflow/.local/lib/python3.12/site-packages/airflow/example_dags/tutorial_taskflow_api_virtualenv.py for tasks to queue
[2025-07-01T21:32:32.960+0000] {logging_mixin.py:190} INFO - [2025-07-01T21:32:32.960+0000] {dagbag.py:588} INFO - Filling up the DagBag from /home/airflow/.local/lib/python3.12/site-packages/airflow/example_dags/tutorial_taskflow_api_virtualenv.py
[2025-07-01T21:32:32.971+0000] {processor.py:925} INFO - DAG(s) 'tutorial_taskflow_api_virtualenv' retrieved from /home/airflow/.local/lib/python3.12/site-packages/airflow/example_dags/tutorial_taskflow_api_virtualenv.py
[2025-07-01T21:32:32.989+0000] {logging_mixin.py:190} INFO - [2025-07-01T21:32:32.989+0000] {dag.py:3239} INFO - Sync 1 DAGs
[2025-07-01T21:32:33.001+0000] {logging_mixin.py:190} INFO - [2025-07-01T21:32:33.000+0000] {dag.py:4180} INFO - Setting next_dagrun for tutorial_taskflow_api_virtualenv to None, run_after=None
[2025-07-01T21:32:33.020+0000] {processor.py:208} INFO - Processing /home/airflow/.local/lib/python3.12/site-packages/airflow/example_dags/tutorial_taskflow_api_virtualenv.py took 0.069 seconds
[2025-07-01T21:33:03.300+0000] {processor.py:186} INFO - Started process (PID=2060) to work on /home/airflow/.local/lib/python3.12/site-packages/airflow/example_dags/tutorial_taskflow_api_virtualenv.py
[2025-07-01T21:33:03.301+0000] {processor.py:914} INFO - Processing file /home/airflow/.local/lib/python3.12/site-packages/airflow/example_dags/tutorial_taskflow_api_virtualenv.py for tasks to queue
[2025-07-01T21:33:03.303+0000] {logging_mixin.py:190} INFO - [2025-07-01T21:33:03.303+0000] {dagbag.py:588} INFO - Filling up the DagBag from /home/airflow/.local/lib/python3.12/site-packages/airflow/example_dags/tutorial_taskflow_api_virtualenv.py
[2025-07-01T21:33:03.314+0000] {processor.py:925} INFO - DAG(s) 'tutorial_taskflow_api_virtualenv' retrieved from /home/airflow/.local/lib/python3.12/site-packages/airflow/example_dags/tutorial_taskflow_api_virtualenv.py
[2025-07-01T21:33:03.331+0000] {logging_mixin.py:190} INFO - [2025-07-01T21:33:03.330+0000] {dag.py:3239} INFO - Sync 1 DAGs
[2025-07-01T21:33:03.344+0000] {logging_mixin.py:190} INFO - [2025-07-01T21:33:03.343+0000] {dag.py:4180} INFO - Setting next_dagrun for tutorial_taskflow_api_virtualenv to None, run_after=None
[2025-07-01T21:33:03.364+0000] {processor.py:208} INFO - Processing /home/airflow/.local/lib/python3.12/site-packages/airflow/example_dags/tutorial_taskflow_api_virtualenv.py took 0.071 seconds
[2025-07-01T21:33:34.552+0000] {processor.py:186} INFO - Started process (PID=2123) to work on /home/airflow/.local/lib/python3.12/site-packages/airflow/example_dags/tutorial_taskflow_api_virtualenv.py
[2025-07-01T21:33:34.554+0000] {processor.py:914} INFO - Processing file /home/airflow/.local/lib/python3.12/site-packages/airflow/example_dags/tutorial_taskflow_api_virtualenv.py for tasks to queue
[2025-07-01T21:33:34.557+0000] {logging_mixin.py:190} INFO - [2025-07-01T21:33:34.557+0000] {dagbag.py:588} INFO - Filling up the DagBag from /home/airflow/.local/lib/python3.12/site-packages/airflow/example_dags/tutorial_taskflow_api_virtualenv.py
[2025-07-01T21:33:34.569+0000] {processor.py:925} INFO - DAG(s) 'tutorial_taskflow_api_virtualenv' retrieved from /home/airflow/.local/lib/python3.12/site-packages/airflow/example_dags/tutorial_taskflow_api_virtualenv.py
[2025-07-01T21:33:34.590+0000] {logging_mixin.py:190} INFO - [2025-07-01T21:33:34.590+0000] {dag.py:3239} INFO - Sync 1 DAGs
[2025-07-01T21:33:34.603+0000] {logging_mixin.py:190} INFO - [2025-07-01T21:33:34.603+0000] {dag.py:4180} INFO - Setting next_dagrun for tutorial_taskflow_api_virtualenv to None, run_after=None
[2025-07-01T21:33:34.625+0000] {processor.py:208} INFO - Processing /home/airflow/.local/lib/python3.12/site-packages/airflow/example_dags/tutorial_taskflow_api_virtualenv.py took 0.078 seconds
[2025-07-01T21:34:04.902+0000] {processor.py:186} INFO - Started process (PID=2186) to work on /home/airflow/.local/lib/python3.12/site-packages/airflow/example_dags/tutorial_taskflow_api_virtualenv.py
[2025-07-01T21:34:04.903+0000] {processor.py:914} INFO - Processing file /home/airflow/.local/lib/python3.12/site-packages/airflow/example_dags/tutorial_taskflow_api_virtualenv.py for tasks to queue
[2025-07-01T21:34:04.906+0000] {logging_mixin.py:190} INFO - [2025-07-01T21:34:04.905+0000] {dagbag.py:588} INFO - Filling up the DagBag from /home/airflow/.local/lib/python3.12/site-packages/airflow/example_dags/tutorial_taskflow_api_virtualenv.py
[2025-07-01T21:34:04.916+0000] {processor.py:925} INFO - DAG(s) 'tutorial_taskflow_api_virtualenv' retrieved from /home/airflow/.local/lib/python3.12/site-packages/airflow/example_dags/tutorial_taskflow_api_virtualenv.py
[2025-07-01T21:34:04.933+0000] {logging_mixin.py:190} INFO - [2025-07-01T21:34:04.933+0000] {dag.py:3239} INFO - Sync 1 DAGs
[2025-07-01T21:34:04.945+0000] {logging_mixin.py:190} INFO - [2025-07-01T21:34:04.945+0000] {dag.py:4180} INFO - Setting next_dagrun for tutorial_taskflow_api_virtualenv to None, run_after=None
[2025-07-01T21:34:04.966+0000] {processor.py:208} INFO - Processing /home/airflow/.local/lib/python3.12/site-packages/airflow/example_dags/tutorial_taskflow_api_virtualenv.py took 0.070 seconds
[2025-07-01T21:34:35.269+0000] {processor.py:186} INFO - Started process (PID=2249) to work on /home/airflow/.local/lib/python3.12/site-packages/airflow/example_dags/tutorial_taskflow_api_virtualenv.py
[2025-07-01T21:34:35.270+0000] {processor.py:914} INFO - Processing file /home/airflow/.local/lib/python3.12/site-packages/airflow/example_dags/tutorial_taskflow_api_virtualenv.py for tasks to queue
[2025-07-01T21:34:35.273+0000] {logging_mixin.py:190} INFO - [2025-07-01T21:34:35.272+0000] {dagbag.py:588} INFO - Filling up the DagBag from /home/airflow/.local/lib/python3.12/site-packages/airflow/example_dags/tutorial_taskflow_api_virtualenv.py
[2025-07-01T21:34:35.283+0000] {processor.py:925} INFO - DAG(s) 'tutorial_taskflow_api_virtualenv' retrieved from /home/airflow/.local/lib/python3.12/site-packages/airflow/example_dags/tutorial_taskflow_api_virtualenv.py
[2025-07-01T21:34:35.301+0000] {logging_mixin.py:190} INFO - [2025-07-01T21:34:35.301+0000] {dag.py:3239} INFO - Sync 1 DAGs
[2025-07-01T21:34:35.315+0000] {logging_mixin.py:190} INFO - [2025-07-01T21:34:35.314+0000] {dag.py:4180} INFO - Setting next_dagrun for tutorial_taskflow_api_virtualenv to None, run_after=None
[2025-07-01T21:34:35.335+0000] {processor.py:208} INFO - Processing /home/airflow/.local/lib/python3.12/site-packages/airflow/example_dags/tutorial_taskflow_api_virtualenv.py took 0.071 seconds
[2025-07-01T21:35:05.723+0000] {processor.py:186} INFO - Started process (PID=2312) to work on /home/airflow/.local/lib/python3.12/site-packages/airflow/example_dags/tutorial_taskflow_api_virtualenv.py
[2025-07-01T21:35:05.724+0000] {processor.py:914} INFO - Processing file /home/airflow/.local/lib/python3.12/site-packages/airflow/example_dags/tutorial_taskflow_api_virtualenv.py for tasks to queue
[2025-07-01T21:35:05.727+0000] {logging_mixin.py:190} INFO - [2025-07-01T21:35:05.726+0000] {dagbag.py:588} INFO - Filling up the DagBag from /home/airflow/.local/lib/python3.12/site-packages/airflow/example_dags/tutorial_taskflow_api_virtualenv.py
[2025-07-01T21:35:05.737+0000] {processor.py:925} INFO - DAG(s) 'tutorial_taskflow_api_virtualenv' retrieved from /home/airflow/.local/lib/python3.12/site-packages/airflow/example_dags/tutorial_taskflow_api_virtualenv.py
[2025-07-01T21:35:05.756+0000] {logging_mixin.py:190} INFO - [2025-07-01T21:35:05.756+0000] {dag.py:3239} INFO - Sync 1 DAGs
[2025-07-01T21:35:05.769+0000] {logging_mixin.py:190} INFO - [2025-07-01T21:35:05.769+0000] {dag.py:4180} INFO - Setting next_dagrun for tutorial_taskflow_api_virtualenv to None, run_after=None
[2025-07-01T21:35:05.788+0000] {processor.py:208} INFO - Processing /home/airflow/.local/lib/python3.12/site-packages/airflow/example_dags/tutorial_taskflow_api_virtualenv.py took 0.070 seconds
[2025-07-01T21:35:36.668+0000] {processor.py:186} INFO - Started process (PID=2375) to work on /home/airflow/.local/lib/python3.12/site-packages/airflow/example_dags/tutorial_taskflow_api_virtualenv.py
[2025-07-01T21:35:36.669+0000] {processor.py:914} INFO - Processing file /home/airflow/.local/lib/python3.12/site-packages/airflow/example_dags/tutorial_taskflow_api_virtualenv.py for tasks to queue
[2025-07-01T21:35:36.671+0000] {logging_mixin.py:190} INFO - [2025-07-01T21:35:36.671+0000] {dagbag.py:588} INFO - Filling up the DagBag from /home/airflow/.local/lib/python3.12/site-packages/airflow/example_dags/tutorial_taskflow_api_virtualenv.py
[2025-07-01T21:35:36.682+0000] {processor.py:925} INFO - DAG(s) 'tutorial_taskflow_api_virtualenv' retrieved from /home/airflow/.local/lib/python3.12/site-packages/airflow/example_dags/tutorial_taskflow_api_virtualenv.py
[2025-07-01T21:35:36.700+0000] {logging_mixin.py:190} INFO - [2025-07-01T21:35:36.699+0000] {dag.py:3239} INFO - Sync 1 DAGs
[2025-07-01T21:35:36.711+0000] {logging_mixin.py:190} INFO - [2025-07-01T21:35:36.711+0000] {dag.py:4180} INFO - Setting next_dagrun for tutorial_taskflow_api_virtualenv to None, run_after=None
[2025-07-01T21:35:36.730+0000] {processor.py:208} INFO - Processing /home/airflow/.local/lib/python3.12/site-packages/airflow/example_dags/tutorial_taskflow_api_virtualenv.py took 0.068 seconds
[2025-07-01T21:36:07.422+0000] {processor.py:186} INFO - Started process (PID=2438) to work on /home/airflow/.local/lib/python3.12/site-packages/airflow/example_dags/tutorial_taskflow_api_virtualenv.py
[2025-07-01T21:36:07.423+0000] {processor.py:914} INFO - Processing file /home/airflow/.local/lib/python3.12/site-packages/airflow/example_dags/tutorial_taskflow_api_virtualenv.py for tasks to queue
[2025-07-01T21:36:07.426+0000] {logging_mixin.py:190} INFO - [2025-07-01T21:36:07.425+0000] {dagbag.py:588} INFO - Filling up the DagBag from /home/airflow/.local/lib/python3.12/site-packages/airflow/example_dags/tutorial_taskflow_api_virtualenv.py
[2025-07-01T21:36:07.438+0000] {processor.py:925} INFO - DAG(s) 'tutorial_taskflow_api_virtualenv' retrieved from /home/airflow/.local/lib/python3.12/site-packages/airflow/example_dags/tutorial_taskflow_api_virtualenv.py
[2025-07-01T21:36:07.457+0000] {logging_mixin.py:190} INFO - [2025-07-01T21:36:07.456+0000] {dag.py:3239} INFO - Sync 1 DAGs
[2025-07-01T21:36:07.470+0000] {logging_mixin.py:190} INFO - [2025-07-01T21:36:07.469+0000] {dag.py:4180} INFO - Setting next_dagrun for tutorial_taskflow_api_virtualenv to None, run_after=None
[2025-07-01T21:36:07.490+0000] {processor.py:208} INFO - Processing /home/airflow/.local/lib/python3.12/site-packages/airflow/example_dags/tutorial_taskflow_api_virtualenv.py took 0.073 seconds
[2025-07-01T21:36:37.944+0000] {processor.py:186} INFO - Started process (PID=2501) to work on /home/airflow/.local/lib/python3.12/site-packages/airflow/example_dags/tutorial_taskflow_api_virtualenv.py
[2025-07-01T21:36:37.945+0000] {processor.py:914} INFO - Processing file /home/airflow/.local/lib/python3.12/site-packages/airflow/example_dags/tutorial_taskflow_api_virtualenv.py for tasks to queue
[2025-07-01T21:36:37.948+0000] {logging_mixin.py:190} INFO - [2025-07-01T21:36:37.947+0000] {dagbag.py:588} INFO - Filling up the DagBag from /home/airflow/.local/lib/python3.12/site-packages/airflow/example_dags/tutorial_taskflow_api_virtualenv.py
[2025-07-01T21:36:37.959+0000] {processor.py:925} INFO - DAG(s) 'tutorial_taskflow_api_virtualenv' retrieved from /home/airflow/.local/lib/python3.12/site-packages/airflow/example_dags/tutorial_taskflow_api_virtualenv.py
[2025-07-01T21:36:37.978+0000] {logging_mixin.py:190} INFO - [2025-07-01T21:36:37.978+0000] {dag.py:3239} INFO - Sync 1 DAGs
[2025-07-01T21:36:37.994+0000] {logging_mixin.py:190} INFO - [2025-07-01T21:36:37.994+0000] {dag.py:4180} INFO - Setting next_dagrun for tutorial_taskflow_api_virtualenv to None, run_after=None
[2025-07-01T21:36:38.015+0000] {processor.py:208} INFO - Processing /home/airflow/.local/lib/python3.12/site-packages/airflow/example_dags/tutorial_taskflow_api_virtualenv.py took 0.077 seconds
[2025-07-01T21:37:08.899+0000] {processor.py:186} INFO - Started process (PID=2564) to work on /home/airflow/.local/lib/python3.12/site-packages/airflow/example_dags/tutorial_taskflow_api_virtualenv.py
[2025-07-01T21:37:08.900+0000] {processor.py:914} INFO - Processing file /home/airflow/.local/lib/python3.12/site-packages/airflow/example_dags/tutorial_taskflow_api_virtualenv.py for tasks to queue
[2025-07-01T21:37:08.902+0000] {logging_mixin.py:190} INFO - [2025-07-01T21:37:08.902+0000] {dagbag.py:588} INFO - Filling up the DagBag from /home/airflow/.local/lib/python3.12/site-packages/airflow/example_dags/tutorial_taskflow_api_virtualenv.py
[2025-07-01T21:37:08.912+0000] {processor.py:925} INFO - DAG(s) 'tutorial_taskflow_api_virtualenv' retrieved from /home/airflow/.local/lib/python3.12/site-packages/airflow/example_dags/tutorial_taskflow_api_virtualenv.py
[2025-07-01T21:37:08.928+0000] {logging_mixin.py:190} INFO - [2025-07-01T21:37:08.928+0000] {dag.py:3239} INFO - Sync 1 DAGs
[2025-07-01T21:37:08.940+0000] {logging_mixin.py:190} INFO - [2025-07-01T21:37:08.940+0000] {dag.py:4180} INFO - Setting next_dagrun for tutorial_taskflow_api_virtualenv to None, run_after=None
[2025-07-01T21:37:08.959+0000] {processor.py:208} INFO - Processing /home/airflow/.local/lib/python3.12/site-packages/airflow/example_dags/tutorial_taskflow_api_virtualenv.py took 0.064 seconds
[2025-07-01T21:37:39.703+0000] {processor.py:186} INFO - Started process (PID=2627) to work on /home/airflow/.local/lib/python3.12/site-packages/airflow/example_dags/tutorial_taskflow_api_virtualenv.py
[2025-07-01T21:37:39.705+0000] {processor.py:914} INFO - Processing file /home/airflow/.local/lib/python3.12/site-packages/airflow/example_dags/tutorial_taskflow_api_virtualenv.py for tasks to queue
[2025-07-01T21:37:39.708+0000] {logging_mixin.py:190} INFO - [2025-07-01T21:37:39.707+0000] {dagbag.py:588} INFO - Filling up the DagBag from /home/airflow/.local/lib/python3.12/site-packages/airflow/example_dags/tutorial_taskflow_api_virtualenv.py
[2025-07-01T21:37:39.727+0000] {processor.py:925} INFO - DAG(s) 'tutorial_taskflow_api_virtualenv' retrieved from /home/airflow/.local/lib/python3.12/site-packages/airflow/example_dags/tutorial_taskflow_api_virtualenv.py
[2025-07-01T21:37:39.747+0000] {logging_mixin.py:190} INFO - [2025-07-01T21:37:39.747+0000] {dag.py:3239} INFO - Sync 1 DAGs
[2025-07-01T21:37:39.763+0000] {logging_mixin.py:190} INFO - [2025-07-01T21:37:39.763+0000] {dag.py:4180} INFO - Setting next_dagrun for tutorial_taskflow_api_virtualenv to None, run_after=None
[2025-07-01T21:37:39.786+0000] {processor.py:208} INFO - Processing /home/airflow/.local/lib/python3.12/site-packages/airflow/example_dags/tutorial_taskflow_api_virtualenv.py took 0.089 seconds
[2025-07-01T21:38:10.507+0000] {processor.py:186} INFO - Started process (PID=2690) to work on /home/airflow/.local/lib/python3.12/site-packages/airflow/example_dags/tutorial_taskflow_api_virtualenv.py
[2025-07-01T21:38:10.508+0000] {processor.py:914} INFO - Processing file /home/airflow/.local/lib/python3.12/site-packages/airflow/example_dags/tutorial_taskflow_api_virtualenv.py for tasks to queue
[2025-07-01T21:38:10.510+0000] {logging_mixin.py:190} INFO - [2025-07-01T21:38:10.510+0000] {dagbag.py:588} INFO - Filling up the DagBag from /home/airflow/.local/lib/python3.12/site-packages/airflow/example_dags/tutorial_taskflow_api_virtualenv.py
[2025-07-01T21:38:10.520+0000] {processor.py:925} INFO - DAG(s) 'tutorial_taskflow_api_virtualenv' retrieved from /home/airflow/.local/lib/python3.12/site-packages/airflow/example_dags/tutorial_taskflow_api_virtualenv.py
[2025-07-01T21:38:10.539+0000] {logging_mixin.py:190} INFO - [2025-07-01T21:38:10.538+0000] {dag.py:3239} INFO - Sync 1 DAGs
[2025-07-01T21:38:10.550+0000] {logging_mixin.py:190} INFO - [2025-07-01T21:38:10.550+0000] {dag.py:4180} INFO - Setting next_dagrun for tutorial_taskflow_api_virtualenv to None, run_after=None
[2025-07-01T21:38:10.569+0000] {processor.py:208} INFO - Processing /home/airflow/.local/lib/python3.12/site-packages/airflow/example_dags/tutorial_taskflow_api_virtualenv.py took 0.067 seconds
[2025-07-01T21:38:41.096+0000] {processor.py:186} INFO - Started process (PID=2753) to work on /home/airflow/.local/lib/python3.12/site-packages/airflow/example_dags/tutorial_taskflow_api_virtualenv.py
[2025-07-01T21:38:41.097+0000] {processor.py:914} INFO - Processing file /home/airflow/.local/lib/python3.12/site-packages/airflow/example_dags/tutorial_taskflow_api_virtualenv.py for tasks to queue
[2025-07-01T21:38:41.099+0000] {logging_mixin.py:190} INFO - [2025-07-01T21:38:41.099+0000] {dagbag.py:588} INFO - Filling up the DagBag from /home/airflow/.local/lib/python3.12/site-packages/airflow/example_dags/tutorial_taskflow_api_virtualenv.py
[2025-07-01T21:38:41.109+0000] {processor.py:925} INFO - DAG(s) 'tutorial_taskflow_api_virtualenv' retrieved from /home/airflow/.local/lib/python3.12/site-packages/airflow/example_dags/tutorial_taskflow_api_virtualenv.py
[2025-07-01T21:38:41.130+0000] {logging_mixin.py:190} INFO - [2025-07-01T21:38:41.129+0000] {dag.py:3239} INFO - Sync 1 DAGs
[2025-07-01T21:38:41.143+0000] {logging_mixin.py:190} INFO - [2025-07-01T21:38:41.143+0000] {dag.py:4180} INFO - Setting next_dagrun for tutorial_taskflow_api_virtualenv to None, run_after=None
[2025-07-01T21:38:41.166+0000] {processor.py:208} INFO - Processing /home/airflow/.local/lib/python3.12/site-packages/airflow/example_dags/tutorial_taskflow_api_virtualenv.py took 0.074 seconds
[2025-07-01T21:39:12.089+0000] {processor.py:186} INFO - Started process (PID=2816) to work on /home/airflow/.local/lib/python3.12/site-packages/airflow/example_dags/tutorial_taskflow_api_virtualenv.py
[2025-07-01T21:39:12.090+0000] {processor.py:914} INFO - Processing file /home/airflow/.local/lib/python3.12/site-packages/airflow/example_dags/tutorial_taskflow_api_virtualenv.py for tasks to queue
[2025-07-01T21:39:12.092+0000] {logging_mixin.py:190} INFO - [2025-07-01T21:39:12.092+0000] {dagbag.py:588} INFO - Filling up the DagBag from /home/airflow/.local/lib/python3.12/site-packages/airflow/example_dags/tutorial_taskflow_api_virtualenv.py
[2025-07-01T21:39:12.102+0000] {processor.py:925} INFO - DAG(s) 'tutorial_taskflow_api_virtualenv' retrieved from /home/airflow/.local/lib/python3.12/site-packages/airflow/example_dags/tutorial_taskflow_api_virtualenv.py
[2025-07-01T21:39:12.120+0000] {logging_mixin.py:190} INFO - [2025-07-01T21:39:12.120+0000] {dag.py:3239} INFO - Sync 1 DAGs
[2025-07-01T21:39:12.132+0000] {logging_mixin.py:190} INFO - [2025-07-01T21:39:12.132+0000] {dag.py:4180} INFO - Setting next_dagrun for tutorial_taskflow_api_virtualenv to None, run_after=None
[2025-07-01T21:39:12.152+0000] {processor.py:208} INFO - Processing /home/airflow/.local/lib/python3.12/site-packages/airflow/example_dags/tutorial_taskflow_api_virtualenv.py took 0.068 seconds
[2025-07-01T21:39:42.961+0000] {processor.py:186} INFO - Started process (PID=2879) to work on /home/airflow/.local/lib/python3.12/site-packages/airflow/example_dags/tutorial_taskflow_api_virtualenv.py
[2025-07-01T21:39:42.962+0000] {processor.py:914} INFO - Processing file /home/airflow/.local/lib/python3.12/site-packages/airflow/example_dags/tutorial_taskflow_api_virtualenv.py for tasks to queue
[2025-07-01T21:39:42.964+0000] {logging_mixin.py:190} INFO - [2025-07-01T21:39:42.964+0000] {dagbag.py:588} INFO - Filling up the DagBag from /home/airflow/.local/lib/python3.12/site-packages/airflow/example_dags/tutorial_taskflow_api_virtualenv.py
[2025-07-01T21:39:42.974+0000] {processor.py:925} INFO - DAG(s) 'tutorial_taskflow_api_virtualenv' retrieved from /home/airflow/.local/lib/python3.12/site-packages/airflow/example_dags/tutorial_taskflow_api_virtualenv.py
[2025-07-01T21:39:42.992+0000] {logging_mixin.py:190} INFO - [2025-07-01T21:39:42.992+0000] {dag.py:3239} INFO - Sync 1 DAGs
[2025-07-01T21:39:43.003+0000] {logging_mixin.py:190} INFO - [2025-07-01T21:39:43.003+0000] {dag.py:4180} INFO - Setting next_dagrun for tutorial_taskflow_api_virtualenv to None, run_after=None
[2025-07-01T21:39:43.020+0000] {processor.py:208} INFO - Processing /home/airflow/.local/lib/python3.12/site-packages/airflow/example_dags/tutorial_taskflow_api_virtualenv.py took 0.064 seconds
[2025-07-01T21:40:13.896+0000] {processor.py:186} INFO - Started process (PID=2943) to work on /home/airflow/.local/lib/python3.12/site-packages/airflow/example_dags/tutorial_taskflow_api_virtualenv.py
[2025-07-01T21:40:13.897+0000] {processor.py:914} INFO - Processing file /home/airflow/.local/lib/python3.12/site-packages/airflow/example_dags/tutorial_taskflow_api_virtualenv.py for tasks to queue
[2025-07-01T21:40:13.900+0000] {logging_mixin.py:190} INFO - [2025-07-01T21:40:13.899+0000] {dagbag.py:588} INFO - Filling up the DagBag from /home/airflow/.local/lib/python3.12/site-packages/airflow/example_dags/tutorial_taskflow_api_virtualenv.py
[2025-07-01T21:40:13.910+0000] {processor.py:925} INFO - DAG(s) 'tutorial_taskflow_api_virtualenv' retrieved from /home/airflow/.local/lib/python3.12/site-packages/airflow/example_dags/tutorial_taskflow_api_virtualenv.py
[2025-07-01T21:40:13.929+0000] {logging_mixin.py:190} INFO - [2025-07-01T21:40:13.929+0000] {dag.py:3239} INFO - Sync 1 DAGs
[2025-07-01T21:40:13.940+0000] {logging_mixin.py:190} INFO - [2025-07-01T21:40:13.940+0000] {dag.py:4180} INFO - Setting next_dagrun for tutorial_taskflow_api_virtualenv to None, run_after=None
[2025-07-01T21:40:13.960+0000] {processor.py:208} INFO - Processing /home/airflow/.local/lib/python3.12/site-packages/airflow/example_dags/tutorial_taskflow_api_virtualenv.py took 0.070 seconds
[2025-07-01T21:40:44.559+0000] {processor.py:186} INFO - Started process (PID=3006) to work on /home/airflow/.local/lib/python3.12/site-packages/airflow/example_dags/tutorial_taskflow_api_virtualenv.py
[2025-07-01T21:40:44.560+0000] {processor.py:914} INFO - Processing file /home/airflow/.local/lib/python3.12/site-packages/airflow/example_dags/tutorial_taskflow_api_virtualenv.py for tasks to queue
[2025-07-01T21:40:44.562+0000] {logging_mixin.py:190} INFO - [2025-07-01T21:40:44.562+0000] {dagbag.py:588} INFO - Filling up the DagBag from /home/airflow/.local/lib/python3.12/site-packages/airflow/example_dags/tutorial_taskflow_api_virtualenv.py
[2025-07-01T21:40:44.572+0000] {processor.py:925} INFO - DAG(s) 'tutorial_taskflow_api_virtualenv' retrieved from /home/airflow/.local/lib/python3.12/site-packages/airflow/example_dags/tutorial_taskflow_api_virtualenv.py
[2025-07-01T21:40:44.590+0000] {logging_mixin.py:190} INFO - [2025-07-01T21:40:44.590+0000] {dag.py:3239} INFO - Sync 1 DAGs
[2025-07-01T21:40:44.602+0000] {logging_mixin.py:190} INFO - [2025-07-01T21:40:44.602+0000] {dag.py:4180} INFO - Setting next_dagrun for tutorial_taskflow_api_virtualenv to None, run_after=None
[2025-07-01T21:40:44.621+0000] {processor.py:208} INFO - Processing /home/airflow/.local/lib/python3.12/site-packages/airflow/example_dags/tutorial_taskflow_api_virtualenv.py took 0.067 seconds
[2025-07-01T21:41:15.321+0000] {processor.py:186} INFO - Started process (PID=3069) to work on /home/airflow/.local/lib/python3.12/site-packages/airflow/example_dags/tutorial_taskflow_api_virtualenv.py
[2025-07-01T21:41:15.322+0000] {processor.py:914} INFO - Processing file /home/airflow/.local/lib/python3.12/site-packages/airflow/example_dags/tutorial_taskflow_api_virtualenv.py for tasks to queue
[2025-07-01T21:41:15.324+0000] {logging_mixin.py:190} INFO - [2025-07-01T21:41:15.324+0000] {dagbag.py:588} INFO - Filling up the DagBag from /home/airflow/.local/lib/python3.12/site-packages/airflow/example_dags/tutorial_taskflow_api_virtualenv.py
[2025-07-01T21:41:15.334+0000] {processor.py:925} INFO - DAG(s) 'tutorial_taskflow_api_virtualenv' retrieved from /home/airflow/.local/lib/python3.12/site-packages/airflow/example_dags/tutorial_taskflow_api_virtualenv.py
[2025-07-01T21:41:15.352+0000] {logging_mixin.py:190} INFO - [2025-07-01T21:41:15.351+0000] {dag.py:3239} INFO - Sync 1 DAGs
[2025-07-01T21:41:15.363+0000] {logging_mixin.py:190} INFO - [2025-07-01T21:41:15.363+0000] {dag.py:4180} INFO - Setting next_dagrun for tutorial_taskflow_api_virtualenv to None, run_after=None
[2025-07-01T21:41:15.382+0000] {processor.py:208} INFO - Processing /home/airflow/.local/lib/python3.12/site-packages/airflow/example_dags/tutorial_taskflow_api_virtualenv.py took 0.066 seconds
[2025-07-01T21:41:46.363+0000] {processor.py:186} INFO - Started process (PID=3132) to work on /home/airflow/.local/lib/python3.12/site-packages/airflow/example_dags/tutorial_taskflow_api_virtualenv.py
[2025-07-01T21:41:46.364+0000] {processor.py:914} INFO - Processing file /home/airflow/.local/lib/python3.12/site-packages/airflow/example_dags/tutorial_taskflow_api_virtualenv.py for tasks to queue
[2025-07-01T21:41:46.366+0000] {logging_mixin.py:190} INFO - [2025-07-01T21:41:46.365+0000] {dagbag.py:588} INFO - Filling up the DagBag from /home/airflow/.local/lib/python3.12/site-packages/airflow/example_dags/tutorial_taskflow_api_virtualenv.py
[2025-07-01T21:41:46.376+0000] {processor.py:925} INFO - DAG(s) 'tutorial_taskflow_api_virtualenv' retrieved from /home/airflow/.local/lib/python3.12/site-packages/airflow/example_dags/tutorial_taskflow_api_virtualenv.py
[2025-07-01T21:41:46.394+0000] {logging_mixin.py:190} INFO - [2025-07-01T21:41:46.393+0000] {dag.py:3239} INFO - Sync 1 DAGs
[2025-07-01T21:41:46.405+0000] {logging_mixin.py:190} INFO - [2025-07-01T21:41:46.405+0000] {dag.py:4180} INFO - Setting next_dagrun for tutorial_taskflow_api_virtualenv to None, run_after=None
[2025-07-01T21:41:46.424+0000] {processor.py:208} INFO - Processing /home/airflow/.local/lib/python3.12/site-packages/airflow/example_dags/tutorial_taskflow_api_virtualenv.py took 0.066 seconds
[2025-07-01T21:42:17.096+0000] {processor.py:186} INFO - Started process (PID=3195) to work on /home/airflow/.local/lib/python3.12/site-packages/airflow/example_dags/tutorial_taskflow_api_virtualenv.py
[2025-07-01T21:42:17.097+0000] {processor.py:914} INFO - Processing file /home/airflow/.local/lib/python3.12/site-packages/airflow/example_dags/tutorial_taskflow_api_virtualenv.py for tasks to queue
[2025-07-01T21:42:17.100+0000] {logging_mixin.py:190} INFO - [2025-07-01T21:42:17.100+0000] {dagbag.py:588} INFO - Filling up the DagBag from /home/airflow/.local/lib/python3.12/site-packages/airflow/example_dags/tutorial_taskflow_api_virtualenv.py
[2025-07-01T21:42:17.113+0000] {processor.py:925} INFO - DAG(s) 'tutorial_taskflow_api_virtualenv' retrieved from /home/airflow/.local/lib/python3.12/site-packages/airflow/example_dags/tutorial_taskflow_api_virtualenv.py
[2025-07-01T21:42:17.132+0000] {logging_mixin.py:190} INFO - [2025-07-01T21:42:17.132+0000] {dag.py:3239} INFO - Sync 1 DAGs
[2025-07-01T21:42:17.147+0000] {logging_mixin.py:190} INFO - [2025-07-01T21:42:17.147+0000] {dag.py:4180} INFO - Setting next_dagrun for tutorial_taskflow_api_virtualenv to None, run_after=None
[2025-07-01T21:42:17.168+0000] {processor.py:208} INFO - Processing /home/airflow/.local/lib/python3.12/site-packages/airflow/example_dags/tutorial_taskflow_api_virtualenv.py took 0.078 seconds
[2025-07-01T21:42:48.124+0000] {processor.py:186} INFO - Started process (PID=3259) to work on /home/airflow/.local/lib/python3.12/site-packages/airflow/example_dags/tutorial_taskflow_api_virtualenv.py
[2025-07-01T21:42:48.125+0000] {processor.py:914} INFO - Processing file /home/airflow/.local/lib/python3.12/site-packages/airflow/example_dags/tutorial_taskflow_api_virtualenv.py for tasks to queue
[2025-07-01T21:42:48.127+0000] {logging_mixin.py:190} INFO - [2025-07-01T21:42:48.127+0000] {dagbag.py:588} INFO - Filling up the DagBag from /home/airflow/.local/lib/python3.12/site-packages/airflow/example_dags/tutorial_taskflow_api_virtualenv.py
[2025-07-01T21:42:48.137+0000] {processor.py:925} INFO - DAG(s) 'tutorial_taskflow_api_virtualenv' retrieved from /home/airflow/.local/lib/python3.12/site-packages/airflow/example_dags/tutorial_taskflow_api_virtualenv.py
[2025-07-01T21:42:48.154+0000] {logging_mixin.py:190} INFO - [2025-07-01T21:42:48.154+0000] {dag.py:3239} INFO - Sync 1 DAGs
[2025-07-01T21:42:48.166+0000] {logging_mixin.py:190} INFO - [2025-07-01T21:42:48.166+0000] {dag.py:4180} INFO - Setting next_dagrun for tutorial_taskflow_api_virtualenv to None, run_after=None
[2025-07-01T21:42:48.184+0000] {processor.py:208} INFO - Processing /home/airflow/.local/lib/python3.12/site-packages/airflow/example_dags/tutorial_taskflow_api_virtualenv.py took 0.065 seconds
[2025-07-01T21:43:19.211+0000] {processor.py:186} INFO - Started process (PID=3322) to work on /home/airflow/.local/lib/python3.12/site-packages/airflow/example_dags/tutorial_taskflow_api_virtualenv.py
[2025-07-01T21:43:19.212+0000] {processor.py:914} INFO - Processing file /home/airflow/.local/lib/python3.12/site-packages/airflow/example_dags/tutorial_taskflow_api_virtualenv.py for tasks to queue
[2025-07-01T21:43:19.214+0000] {logging_mixin.py:190} INFO - [2025-07-01T21:43:19.214+0000] {dagbag.py:588} INFO - Filling up the DagBag from /home/airflow/.local/lib/python3.12/site-packages/airflow/example_dags/tutorial_taskflow_api_virtualenv.py
[2025-07-01T21:43:19.223+0000] {processor.py:925} INFO - DAG(s) 'tutorial_taskflow_api_virtualenv' retrieved from /home/airflow/.local/lib/python3.12/site-packages/airflow/example_dags/tutorial_taskflow_api_virtualenv.py
[2025-07-01T21:43:19.240+0000] {logging_mixin.py:190} INFO - [2025-07-01T21:43:19.239+0000] {dag.py:3239} INFO - Sync 1 DAGs
[2025-07-01T21:43:19.252+0000] {logging_mixin.py:190} INFO - [2025-07-01T21:43:19.251+0000] {dag.py:4180} INFO - Setting next_dagrun for tutorial_taskflow_api_virtualenv to None, run_after=None
[2025-07-01T21:43:19.270+0000] {processor.py:208} INFO - Processing /home/airflow/.local/lib/python3.12/site-packages/airflow/example_dags/tutorial_taskflow_api_virtualenv.py took 0.064 seconds
[2025-07-01T21:43:50.160+0000] {processor.py:186} INFO - Started process (PID=3385) to work on /home/airflow/.local/lib/python3.12/site-packages/airflow/example_dags/tutorial_taskflow_api_virtualenv.py
[2025-07-01T21:43:50.161+0000] {processor.py:914} INFO - Processing file /home/airflow/.local/lib/python3.12/site-packages/airflow/example_dags/tutorial_taskflow_api_virtualenv.py for tasks to queue
[2025-07-01T21:43:50.164+0000] {logging_mixin.py:190} INFO - [2025-07-01T21:43:50.163+0000] {dagbag.py:588} INFO - Filling up the DagBag from /home/airflow/.local/lib/python3.12/site-packages/airflow/example_dags/tutorial_taskflow_api_virtualenv.py
[2025-07-01T21:43:50.174+0000] {processor.py:925} INFO - DAG(s) 'tutorial_taskflow_api_virtualenv' retrieved from /home/airflow/.local/lib/python3.12/site-packages/airflow/example_dags/tutorial_taskflow_api_virtualenv.py
[2025-07-01T21:43:50.190+0000] {logging_mixin.py:190} INFO - [2025-07-01T21:43:50.190+0000] {dag.py:3239} INFO - Sync 1 DAGs
[2025-07-01T21:43:50.201+0000] {logging_mixin.py:190} INFO - [2025-07-01T21:43:50.201+0000] {dag.py:4180} INFO - Setting next_dagrun for tutorial_taskflow_api_virtualenv to None, run_after=None
[2025-07-01T21:43:50.219+0000] {processor.py:208} INFO - Processing /home/airflow/.local/lib/python3.12/site-packages/airflow/example_dags/tutorial_taskflow_api_virtualenv.py took 0.064 seconds
[2025-07-01T21:44:20.886+0000] {processor.py:186} INFO - Started process (PID=3448) to work on /home/airflow/.local/lib/python3.12/site-packages/airflow/example_dags/tutorial_taskflow_api_virtualenv.py
[2025-07-01T21:44:20.887+0000] {processor.py:914} INFO - Processing file /home/airflow/.local/lib/python3.12/site-packages/airflow/example_dags/tutorial_taskflow_api_virtualenv.py for tasks to queue
[2025-07-01T21:44:20.889+0000] {logging_mixin.py:190} INFO - [2025-07-01T21:44:20.889+0000] {dagbag.py:588} INFO - Filling up the DagBag from /home/airflow/.local/lib/python3.12/site-packages/airflow/example_dags/tutorial_taskflow_api_virtualenv.py
[2025-07-01T21:44:20.900+0000] {processor.py:925} INFO - DAG(s) 'tutorial_taskflow_api_virtualenv' retrieved from /home/airflow/.local/lib/python3.12/site-packages/airflow/example_dags/tutorial_taskflow_api_virtualenv.py
[2025-07-01T21:44:20.917+0000] {logging_mixin.py:190} INFO - [2025-07-01T21:44:20.917+0000] {dag.py:3239} INFO - Sync 1 DAGs
[2025-07-01T21:44:20.929+0000] {logging_mixin.py:190} INFO - [2025-07-01T21:44:20.929+0000] {dag.py:4180} INFO - Setting next_dagrun for tutorial_taskflow_api_virtualenv to None, run_after=None
[2025-07-01T21:44:20.949+0000] {processor.py:208} INFO - Processing /home/airflow/.local/lib/python3.12/site-packages/airflow/example_dags/tutorial_taskflow_api_virtualenv.py took 0.068 seconds
[2025-07-01T21:44:51.546+0000] {processor.py:186} INFO - Started process (PID=3517) to work on /home/airflow/.local/lib/python3.12/site-packages/airflow/example_dags/tutorial_taskflow_api_virtualenv.py
[2025-07-01T21:44:51.547+0000] {processor.py:914} INFO - Processing file /home/airflow/.local/lib/python3.12/site-packages/airflow/example_dags/tutorial_taskflow_api_virtualenv.py for tasks to queue
[2025-07-01T21:44:51.549+0000] {logging_mixin.py:190} INFO - [2025-07-01T21:44:51.549+0000] {dagbag.py:588} INFO - Filling up the DagBag from /home/airflow/.local/lib/python3.12/site-packages/airflow/example_dags/tutorial_taskflow_api_virtualenv.py
[2025-07-01T21:44:51.559+0000] {processor.py:925} INFO - DAG(s) 'tutorial_taskflow_api_virtualenv' retrieved from /home/airflow/.local/lib/python3.12/site-packages/airflow/example_dags/tutorial_taskflow_api_virtualenv.py
[2025-07-01T21:44:51.577+0000] {logging_mixin.py:190} INFO - [2025-07-01T21:44:51.577+0000] {dag.py:3239} INFO - Sync 1 DAGs
[2025-07-01T21:44:51.592+0000] {logging_mixin.py:190} INFO - [2025-07-01T21:44:51.592+0000] {dag.py:4180} INFO - Setting next_dagrun for tutorial_taskflow_api_virtualenv to None, run_after=None
[2025-07-01T21:44:51.611+0000] {processor.py:208} INFO - Processing /home/airflow/.local/lib/python3.12/site-packages/airflow/example_dags/tutorial_taskflow_api_virtualenv.py took 0.070 seconds
[2025-07-01T21:45:22.570+0000] {processor.py:186} INFO - Started process (PID=3580) to work on /home/airflow/.local/lib/python3.12/site-packages/airflow/example_dags/tutorial_taskflow_api_virtualenv.py
[2025-07-01T21:45:22.571+0000] {processor.py:914} INFO - Processing file /home/airflow/.local/lib/python3.12/site-packages/airflow/example_dags/tutorial_taskflow_api_virtualenv.py for tasks to queue
[2025-07-01T21:45:22.574+0000] {logging_mixin.py:190} INFO - [2025-07-01T21:45:22.574+0000] {dagbag.py:588} INFO - Filling up the DagBag from /home/airflow/.local/lib/python3.12/site-packages/airflow/example_dags/tutorial_taskflow_api_virtualenv.py
[2025-07-01T21:45:22.586+0000] {processor.py:925} INFO - DAG(s) 'tutorial_taskflow_api_virtualenv' retrieved from /home/airflow/.local/lib/python3.12/site-packages/airflow/example_dags/tutorial_taskflow_api_virtualenv.py
[2025-07-01T21:45:22.605+0000] {logging_mixin.py:190} INFO - [2025-07-01T21:45:22.604+0000] {dag.py:3239} INFO - Sync 1 DAGs
[2025-07-01T21:45:22.618+0000] {logging_mixin.py:190} INFO - [2025-07-01T21:45:22.618+0000] {dag.py:4180} INFO - Setting next_dagrun for tutorial_taskflow_api_virtualenv to None, run_after=None
[2025-07-01T21:45:22.640+0000] {processor.py:208} INFO - Processing /home/airflow/.local/lib/python3.12/site-packages/airflow/example_dags/tutorial_taskflow_api_virtualenv.py took 0.075 seconds
[2025-07-01T21:45:53.593+0000] {processor.py:186} INFO - Started process (PID=3643) to work on /home/airflow/.local/lib/python3.12/site-packages/airflow/example_dags/tutorial_taskflow_api_virtualenv.py
[2025-07-01T21:45:53.594+0000] {processor.py:914} INFO - Processing file /home/airflow/.local/lib/python3.12/site-packages/airflow/example_dags/tutorial_taskflow_api_virtualenv.py for tasks to queue
[2025-07-01T21:45:53.596+0000] {logging_mixin.py:190} INFO - [2025-07-01T21:45:53.596+0000] {dagbag.py:588} INFO - Filling up the DagBag from /home/airflow/.local/lib/python3.12/site-packages/airflow/example_dags/tutorial_taskflow_api_virtualenv.py
[2025-07-01T21:45:53.607+0000] {processor.py:925} INFO - DAG(s) 'tutorial_taskflow_api_virtualenv' retrieved from /home/airflow/.local/lib/python3.12/site-packages/airflow/example_dags/tutorial_taskflow_api_virtualenv.py
[2025-07-01T21:45:53.625+0000] {logging_mixin.py:190} INFO - [2025-07-01T21:45:53.624+0000] {dag.py:3239} INFO - Sync 1 DAGs
[2025-07-01T21:45:53.637+0000] {logging_mixin.py:190} INFO - [2025-07-01T21:45:53.636+0000] {dag.py:4180} INFO - Setting next_dagrun for tutorial_taskflow_api_virtualenv to None, run_after=None
[2025-07-01T21:45:53.655+0000] {processor.py:208} INFO - Processing /home/airflow/.local/lib/python3.12/site-packages/airflow/example_dags/tutorial_taskflow_api_virtualenv.py took 0.067 seconds
[2025-07-01T21:46:24.420+0000] {processor.py:186} INFO - Started process (PID=3706) to work on /home/airflow/.local/lib/python3.12/site-packages/airflow/example_dags/tutorial_taskflow_api_virtualenv.py
[2025-07-01T21:46:24.421+0000] {processor.py:914} INFO - Processing file /home/airflow/.local/lib/python3.12/site-packages/airflow/example_dags/tutorial_taskflow_api_virtualenv.py for tasks to queue
[2025-07-01T21:46:24.424+0000] {logging_mixin.py:190} INFO - [2025-07-01T21:46:24.423+0000] {dagbag.py:588} INFO - Filling up the DagBag from /home/airflow/.local/lib/python3.12/site-packages/airflow/example_dags/tutorial_taskflow_api_virtualenv.py
[2025-07-01T21:46:24.434+0000] {processor.py:925} INFO - DAG(s) 'tutorial_taskflow_api_virtualenv' retrieved from /home/airflow/.local/lib/python3.12/site-packages/airflow/example_dags/tutorial_taskflow_api_virtualenv.py
[2025-07-01T21:46:24.449+0000] {logging_mixin.py:190} INFO - [2025-07-01T21:46:24.449+0000] {dag.py:3239} INFO - Sync 1 DAGs
[2025-07-01T21:46:24.461+0000] {logging_mixin.py:190} INFO - [2025-07-01T21:46:24.460+0000] {dag.py:4180} INFO - Setting next_dagrun for tutorial_taskflow_api_virtualenv to None, run_after=None
[2025-07-01T21:46:24.480+0000] {processor.py:208} INFO - Processing /home/airflow/.local/lib/python3.12/site-packages/airflow/example_dags/tutorial_taskflow_api_virtualenv.py took 0.064 seconds
[2025-07-01T21:46:55.317+0000] {processor.py:186} INFO - Started process (PID=3769) to work on /home/airflow/.local/lib/python3.12/site-packages/airflow/example_dags/tutorial_taskflow_api_virtualenv.py
[2025-07-01T21:46:55.318+0000] {processor.py:914} INFO - Processing file /home/airflow/.local/lib/python3.12/site-packages/airflow/example_dags/tutorial_taskflow_api_virtualenv.py for tasks to queue
[2025-07-01T21:46:55.320+0000] {logging_mixin.py:190} INFO - [2025-07-01T21:46:55.320+0000] {dagbag.py:588} INFO - Filling up the DagBag from /home/airflow/.local/lib/python3.12/site-packages/airflow/example_dags/tutorial_taskflow_api_virtualenv.py
[2025-07-01T21:46:55.330+0000] {processor.py:925} INFO - DAG(s) 'tutorial_taskflow_api_virtualenv' retrieved from /home/airflow/.local/lib/python3.12/site-packages/airflow/example_dags/tutorial_taskflow_api_virtualenv.py
[2025-07-01T21:46:55.345+0000] {logging_mixin.py:190} INFO - [2025-07-01T21:46:55.345+0000] {dag.py:3239} INFO - Sync 1 DAGs
[2025-07-01T21:46:55.357+0000] {logging_mixin.py:190} INFO - [2025-07-01T21:46:55.357+0000] {dag.py:4180} INFO - Setting next_dagrun for tutorial_taskflow_api_virtualenv to None, run_after=None
[2025-07-01T21:46:55.376+0000] {processor.py:208} INFO - Processing /home/airflow/.local/lib/python3.12/site-packages/airflow/example_dags/tutorial_taskflow_api_virtualenv.py took 0.064 seconds
[2025-07-01T21:47:26.255+0000] {processor.py:186} INFO - Started process (PID=3832) to work on /home/airflow/.local/lib/python3.12/site-packages/airflow/example_dags/tutorial_taskflow_api_virtualenv.py
[2025-07-01T21:47:26.256+0000] {processor.py:914} INFO - Processing file /home/airflow/.local/lib/python3.12/site-packages/airflow/example_dags/tutorial_taskflow_api_virtualenv.py for tasks to queue
[2025-07-01T21:47:26.258+0000] {logging_mixin.py:190} INFO - [2025-07-01T21:47:26.258+0000] {dagbag.py:588} INFO - Filling up the DagBag from /home/airflow/.local/lib/python3.12/site-packages/airflow/example_dags/tutorial_taskflow_api_virtualenv.py
[2025-07-01T21:47:26.269+0000] {processor.py:925} INFO - DAG(s) 'tutorial_taskflow_api_virtualenv' retrieved from /home/airflow/.local/lib/python3.12/site-packages/airflow/example_dags/tutorial_taskflow_api_virtualenv.py
[2025-07-01T21:47:26.286+0000] {logging_mixin.py:190} INFO - [2025-07-01T21:47:26.286+0000] {dag.py:3239} INFO - Sync 1 DAGs
[2025-07-01T21:47:26.298+0000] {logging_mixin.py:190} INFO - [2025-07-01T21:47:26.297+0000] {dag.py:4180} INFO - Setting next_dagrun for tutorial_taskflow_api_virtualenv to None, run_after=None
[2025-07-01T21:47:26.316+0000] {processor.py:208} INFO - Processing /home/airflow/.local/lib/python3.12/site-packages/airflow/example_dags/tutorial_taskflow_api_virtualenv.py took 0.066 seconds
[2025-07-01T21:47:57.254+0000] {processor.py:186} INFO - Started process (PID=3895) to work on /home/airflow/.local/lib/python3.12/site-packages/airflow/example_dags/tutorial_taskflow_api_virtualenv.py
[2025-07-01T21:47:57.255+0000] {processor.py:914} INFO - Processing file /home/airflow/.local/lib/python3.12/site-packages/airflow/example_dags/tutorial_taskflow_api_virtualenv.py for tasks to queue
[2025-07-01T21:47:57.258+0000] {logging_mixin.py:190} INFO - [2025-07-01T21:47:57.257+0000] {dagbag.py:588} INFO - Filling up the DagBag from /home/airflow/.local/lib/python3.12/site-packages/airflow/example_dags/tutorial_taskflow_api_virtualenv.py
[2025-07-01T21:47:57.268+0000] {processor.py:925} INFO - DAG(s) 'tutorial_taskflow_api_virtualenv' retrieved from /home/airflow/.local/lib/python3.12/site-packages/airflow/example_dags/tutorial_taskflow_api_virtualenv.py
[2025-07-01T21:47:57.284+0000] {logging_mixin.py:190} INFO - [2025-07-01T21:47:57.284+0000] {dag.py:3239} INFO - Sync 1 DAGs
[2025-07-01T21:47:57.295+0000] {logging_mixin.py:190} INFO - [2025-07-01T21:47:57.295+0000] {dag.py:4180} INFO - Setting next_dagrun for tutorial_taskflow_api_virtualenv to None, run_after=None
[2025-07-01T21:47:57.313+0000] {processor.py:208} INFO - Processing /home/airflow/.local/lib/python3.12/site-packages/airflow/example_dags/tutorial_taskflow_api_virtualenv.py took 0.064 seconds
[2025-07-01T21:48:28.060+0000] {processor.py:186} INFO - Started process (PID=3958) to work on /home/airflow/.local/lib/python3.12/site-packages/airflow/example_dags/tutorial_taskflow_api_virtualenv.py
[2025-07-01T21:48:28.061+0000] {processor.py:914} INFO - Processing file /home/airflow/.local/lib/python3.12/site-packages/airflow/example_dags/tutorial_taskflow_api_virtualenv.py for tasks to queue
[2025-07-01T21:48:28.063+0000] {logging_mixin.py:190} INFO - [2025-07-01T21:48:28.063+0000] {dagbag.py:588} INFO - Filling up the DagBag from /home/airflow/.local/lib/python3.12/site-packages/airflow/example_dags/tutorial_taskflow_api_virtualenv.py
[2025-07-01T21:48:28.073+0000] {processor.py:925} INFO - DAG(s) 'tutorial_taskflow_api_virtualenv' retrieved from /home/airflow/.local/lib/python3.12/site-packages/airflow/example_dags/tutorial_taskflow_api_virtualenv.py
[2025-07-01T21:48:28.091+0000] {logging_mixin.py:190} INFO - [2025-07-01T21:48:28.090+0000] {dag.py:3239} INFO - Sync 1 DAGs
[2025-07-01T21:48:28.103+0000] {logging_mixin.py:190} INFO - [2025-07-01T21:48:28.103+0000] {dag.py:4180} INFO - Setting next_dagrun for tutorial_taskflow_api_virtualenv to None, run_after=None
[2025-07-01T21:48:28.123+0000] {processor.py:208} INFO - Processing /home/airflow/.local/lib/python3.12/site-packages/airflow/example_dags/tutorial_taskflow_api_virtualenv.py took 0.068 seconds
[2025-07-01T21:48:58.674+0000] {processor.py:186} INFO - Started process (PID=4022) to work on /home/airflow/.local/lib/python3.12/site-packages/airflow/example_dags/tutorial_taskflow_api_virtualenv.py
[2025-07-01T21:48:58.674+0000] {processor.py:914} INFO - Processing file /home/airflow/.local/lib/python3.12/site-packages/airflow/example_dags/tutorial_taskflow_api_virtualenv.py for tasks to queue
[2025-07-01T21:48:58.677+0000] {logging_mixin.py:190} INFO - [2025-07-01T21:48:58.676+0000] {dagbag.py:588} INFO - Filling up the DagBag from /home/airflow/.local/lib/python3.12/site-packages/airflow/example_dags/tutorial_taskflow_api_virtualenv.py
[2025-07-01T21:48:58.688+0000] {processor.py:925} INFO - DAG(s) 'tutorial_taskflow_api_virtualenv' retrieved from /home/airflow/.local/lib/python3.12/site-packages/airflow/example_dags/tutorial_taskflow_api_virtualenv.py
[2025-07-01T21:48:58.706+0000] {logging_mixin.py:190} INFO - [2025-07-01T21:48:58.706+0000] {dag.py:3239} INFO - Sync 1 DAGs
[2025-07-01T21:48:58.719+0000] {logging_mixin.py:190} INFO - [2025-07-01T21:48:58.719+0000] {dag.py:4180} INFO - Setting next_dagrun for tutorial_taskflow_api_virtualenv to None, run_after=None
[2025-07-01T21:48:58.737+0000] {processor.py:208} INFO - Processing /home/airflow/.local/lib/python3.12/site-packages/airflow/example_dags/tutorial_taskflow_api_virtualenv.py took 0.068 seconds
[2025-07-01T21:49:29.512+0000] {processor.py:186} INFO - Started process (PID=4085) to work on /home/airflow/.local/lib/python3.12/site-packages/airflow/example_dags/tutorial_taskflow_api_virtualenv.py
[2025-07-01T21:49:29.513+0000] {processor.py:914} INFO - Processing file /home/airflow/.local/lib/python3.12/site-packages/airflow/example_dags/tutorial_taskflow_api_virtualenv.py for tasks to queue
[2025-07-01T21:49:29.515+0000] {logging_mixin.py:190} INFO - [2025-07-01T21:49:29.515+0000] {dagbag.py:588} INFO - Filling up the DagBag from /home/airflow/.local/lib/python3.12/site-packages/airflow/example_dags/tutorial_taskflow_api_virtualenv.py
[2025-07-01T21:49:29.526+0000] {processor.py:925} INFO - DAG(s) 'tutorial_taskflow_api_virtualenv' retrieved from /home/airflow/.local/lib/python3.12/site-packages/airflow/example_dags/tutorial_taskflow_api_virtualenv.py
[2025-07-01T21:49:29.543+0000] {logging_mixin.py:190} INFO - [2025-07-01T21:49:29.543+0000] {dag.py:3239} INFO - Sync 1 DAGs
[2025-07-01T21:49:29.554+0000] {logging_mixin.py:190} INFO - [2025-07-01T21:49:29.554+0000] {dag.py:4180} INFO - Setting next_dagrun for tutorial_taskflow_api_virtualenv to None, run_after=None
[2025-07-01T21:49:29.572+0000] {processor.py:208} INFO - Processing /home/airflow/.local/lib/python3.12/site-packages/airflow/example_dags/tutorial_taskflow_api_virtualenv.py took 0.065 seconds
[2025-07-01T21:49:59.995+0000] {processor.py:186} INFO - Started process (PID=4149) to work on /home/airflow/.local/lib/python3.12/site-packages/airflow/example_dags/tutorial_taskflow_api_virtualenv.py
[2025-07-01T21:49:59.997+0000] {processor.py:914} INFO - Processing file /home/airflow/.local/lib/python3.12/site-packages/airflow/example_dags/tutorial_taskflow_api_virtualenv.py for tasks to queue
[2025-07-01T21:49:59.999+0000] {logging_mixin.py:190} INFO - [2025-07-01T21:49:59.999+0000] {dagbag.py:588} INFO - Filling up the DagBag from /home/airflow/.local/lib/python3.12/site-packages/airflow/example_dags/tutorial_taskflow_api_virtualenv.py
[2025-07-01T21:50:00.010+0000] {processor.py:925} INFO - DAG(s) 'tutorial_taskflow_api_virtualenv' retrieved from /home/airflow/.local/lib/python3.12/site-packages/airflow/example_dags/tutorial_taskflow_api_virtualenv.py
[2025-07-01T21:50:00.033+0000] {logging_mixin.py:190} INFO - [2025-07-01T21:50:00.033+0000] {dag.py:3239} INFO - Sync 1 DAGs
[2025-07-01T21:50:00.046+0000] {logging_mixin.py:190} INFO - [2025-07-01T21:50:00.045+0000] {dag.py:4180} INFO - Setting next_dagrun for tutorial_taskflow_api_virtualenv to None, run_after=None
[2025-07-01T21:50:00.070+0000] {processor.py:208} INFO - Processing /home/airflow/.local/lib/python3.12/site-packages/airflow/example_dags/tutorial_taskflow_api_virtualenv.py took 0.081 seconds
[2025-07-01T21:50:31.041+0000] {processor.py:186} INFO - Started process (PID=4212) to work on /home/airflow/.local/lib/python3.12/site-packages/airflow/example_dags/tutorial_taskflow_api_virtualenv.py
[2025-07-01T21:50:31.042+0000] {processor.py:914} INFO - Processing file /home/airflow/.local/lib/python3.12/site-packages/airflow/example_dags/tutorial_taskflow_api_virtualenv.py for tasks to queue
[2025-07-01T21:50:31.044+0000] {logging_mixin.py:190} INFO - [2025-07-01T21:50:31.044+0000] {dagbag.py:588} INFO - Filling up the DagBag from /home/airflow/.local/lib/python3.12/site-packages/airflow/example_dags/tutorial_taskflow_api_virtualenv.py
[2025-07-01T21:50:31.055+0000] {processor.py:925} INFO - DAG(s) 'tutorial_taskflow_api_virtualenv' retrieved from /home/airflow/.local/lib/python3.12/site-packages/airflow/example_dags/tutorial_taskflow_api_virtualenv.py
[2025-07-01T21:50:31.070+0000] {logging_mixin.py:190} INFO - [2025-07-01T21:50:31.070+0000] {dag.py:3239} INFO - Sync 1 DAGs
[2025-07-01T21:50:31.239+0000] {logging_mixin.py:190} INFO - [2025-07-01T21:50:31.238+0000] {dag.py:4180} INFO - Setting next_dagrun for tutorial_taskflow_api_virtualenv to None, run_after=None
[2025-07-01T21:50:31.260+0000] {processor.py:208} INFO - Processing /home/airflow/.local/lib/python3.12/site-packages/airflow/example_dags/tutorial_taskflow_api_virtualenv.py took 0.224 seconds
[2025-07-01T21:51:01.718+0000] {processor.py:186} INFO - Started process (PID=4275) to work on /home/airflow/.local/lib/python3.12/site-packages/airflow/example_dags/tutorial_taskflow_api_virtualenv.py
[2025-07-01T21:51:01.719+0000] {processor.py:914} INFO - Processing file /home/airflow/.local/lib/python3.12/site-packages/airflow/example_dags/tutorial_taskflow_api_virtualenv.py for tasks to queue
[2025-07-01T21:51:01.721+0000] {logging_mixin.py:190} INFO - [2025-07-01T21:51:01.721+0000] {dagbag.py:588} INFO - Filling up the DagBag from /home/airflow/.local/lib/python3.12/site-packages/airflow/example_dags/tutorial_taskflow_api_virtualenv.py
[2025-07-01T21:51:01.731+0000] {processor.py:925} INFO - DAG(s) 'tutorial_taskflow_api_virtualenv' retrieved from /home/airflow/.local/lib/python3.12/site-packages/airflow/example_dags/tutorial_taskflow_api_virtualenv.py
[2025-07-01T21:51:01.748+0000] {logging_mixin.py:190} INFO - [2025-07-01T21:51:01.748+0000] {dag.py:3239} INFO - Sync 1 DAGs
[2025-07-01T21:51:01.760+0000] {logging_mixin.py:190} INFO - [2025-07-01T21:51:01.760+0000] {dag.py:4180} INFO - Setting next_dagrun for tutorial_taskflow_api_virtualenv to None, run_after=None
[2025-07-01T21:51:01.779+0000] {processor.py:208} INFO - Processing /home/airflow/.local/lib/python3.12/site-packages/airflow/example_dags/tutorial_taskflow_api_virtualenv.py took 0.066 seconds
[2025-07-01T21:51:32.393+0000] {processor.py:186} INFO - Started process (PID=4338) to work on /home/airflow/.local/lib/python3.12/site-packages/airflow/example_dags/tutorial_taskflow_api_virtualenv.py
[2025-07-01T21:51:32.394+0000] {processor.py:914} INFO - Processing file /home/airflow/.local/lib/python3.12/site-packages/airflow/example_dags/tutorial_taskflow_api_virtualenv.py for tasks to queue
[2025-07-01T21:51:32.397+0000] {logging_mixin.py:190} INFO - [2025-07-01T21:51:32.397+0000] {dagbag.py:588} INFO - Filling up the DagBag from /home/airflow/.local/lib/python3.12/site-packages/airflow/example_dags/tutorial_taskflow_api_virtualenv.py
[2025-07-01T21:51:32.554+0000] {processor.py:925} INFO - DAG(s) 'tutorial_taskflow_api_virtualenv' retrieved from /home/airflow/.local/lib/python3.12/site-packages/airflow/example_dags/tutorial_taskflow_api_virtualenv.py
[2025-07-01T21:51:32.567+0000] {logging_mixin.py:190} INFO - [2025-07-01T21:51:32.567+0000] {dag.py:3239} INFO - Sync 1 DAGs
[2025-07-01T21:51:32.577+0000] {logging_mixin.py:190} INFO - [2025-07-01T21:51:32.577+0000] {dag.py:4180} INFO - Setting next_dagrun for tutorial_taskflow_api_virtualenv to None, run_after=None
[2025-07-01T21:51:32.594+0000] {processor.py:208} INFO - Processing /home/airflow/.local/lib/python3.12/site-packages/airflow/example_dags/tutorial_taskflow_api_virtualenv.py took 0.206 seconds
[2025-07-01T21:52:03.201+0000] {processor.py:186} INFO - Started process (PID=4401) to work on /home/airflow/.local/lib/python3.12/site-packages/airflow/example_dags/tutorial_taskflow_api_virtualenv.py
[2025-07-01T21:52:03.201+0000] {processor.py:914} INFO - Processing file /home/airflow/.local/lib/python3.12/site-packages/airflow/example_dags/tutorial_taskflow_api_virtualenv.py for tasks to queue
[2025-07-01T21:52:03.203+0000] {logging_mixin.py:190} INFO - [2025-07-01T21:52:03.203+0000] {dagbag.py:588} INFO - Filling up the DagBag from /home/airflow/.local/lib/python3.12/site-packages/airflow/example_dags/tutorial_taskflow_api_virtualenv.py
[2025-07-01T21:52:03.214+0000] {processor.py:925} INFO - DAG(s) 'tutorial_taskflow_api_virtualenv' retrieved from /home/airflow/.local/lib/python3.12/site-packages/airflow/example_dags/tutorial_taskflow_api_virtualenv.py
[2025-07-01T21:52:03.229+0000] {logging_mixin.py:190} INFO - [2025-07-01T21:52:03.229+0000] {dag.py:3239} INFO - Sync 1 DAGs
[2025-07-01T21:52:03.240+0000] {logging_mixin.py:190} INFO - [2025-07-01T21:52:03.240+0000] {dag.py:4180} INFO - Setting next_dagrun for tutorial_taskflow_api_virtualenv to None, run_after=None
[2025-07-01T21:52:03.257+0000] {processor.py:208} INFO - Processing /home/airflow/.local/lib/python3.12/site-packages/airflow/example_dags/tutorial_taskflow_api_virtualenv.py took 0.061 seconds
[2025-07-01T21:52:33.476+0000] {processor.py:186} INFO - Started process (PID=4464) to work on /home/airflow/.local/lib/python3.12/site-packages/airflow/example_dags/tutorial_taskflow_api_virtualenv.py
[2025-07-01T21:52:33.477+0000] {processor.py:914} INFO - Processing file /home/airflow/.local/lib/python3.12/site-packages/airflow/example_dags/tutorial_taskflow_api_virtualenv.py for tasks to queue
[2025-07-01T21:52:33.479+0000] {logging_mixin.py:190} INFO - [2025-07-01T21:52:33.478+0000] {dagbag.py:588} INFO - Filling up the DagBag from /home/airflow/.local/lib/python3.12/site-packages/airflow/example_dags/tutorial_taskflow_api_virtualenv.py
[2025-07-01T21:52:33.488+0000] {processor.py:925} INFO - DAG(s) 'tutorial_taskflow_api_virtualenv' retrieved from /home/airflow/.local/lib/python3.12/site-packages/airflow/example_dags/tutorial_taskflow_api_virtualenv.py
[2025-07-01T21:52:33.507+0000] {logging_mixin.py:190} INFO - [2025-07-01T21:52:33.506+0000] {dag.py:3239} INFO - Sync 1 DAGs
[2025-07-01T21:52:33.521+0000] {logging_mixin.py:190} INFO - [2025-07-01T21:52:33.521+0000] {dag.py:4180} INFO - Setting next_dagrun for tutorial_taskflow_api_virtualenv to None, run_after=None
[2025-07-01T21:52:33.539+0000] {processor.py:208} INFO - Processing /home/airflow/.local/lib/python3.12/site-packages/airflow/example_dags/tutorial_taskflow_api_virtualenv.py took 0.069 seconds
[2025-07-01T21:53:03.797+0000] {processor.py:186} INFO - Started process (PID=4527) to work on /home/airflow/.local/lib/python3.12/site-packages/airflow/example_dags/tutorial_taskflow_api_virtualenv.py
[2025-07-01T21:53:03.798+0000] {processor.py:914} INFO - Processing file /home/airflow/.local/lib/python3.12/site-packages/airflow/example_dags/tutorial_taskflow_api_virtualenv.py for tasks to queue
[2025-07-01T21:53:03.801+0000] {logging_mixin.py:190} INFO - [2025-07-01T21:53:03.801+0000] {dagbag.py:588} INFO - Filling up the DagBag from /home/airflow/.local/lib/python3.12/site-packages/airflow/example_dags/tutorial_taskflow_api_virtualenv.py
[2025-07-01T21:53:03.812+0000] {processor.py:925} INFO - DAG(s) 'tutorial_taskflow_api_virtualenv' retrieved from /home/airflow/.local/lib/python3.12/site-packages/airflow/example_dags/tutorial_taskflow_api_virtualenv.py
[2025-07-01T21:53:03.830+0000] {logging_mixin.py:190} INFO - [2025-07-01T21:53:03.829+0000] {dag.py:3239} INFO - Sync 1 DAGs
[2025-07-01T21:53:03.842+0000] {logging_mixin.py:190} INFO - [2025-07-01T21:53:03.841+0000] {dag.py:4180} INFO - Setting next_dagrun for tutorial_taskflow_api_virtualenv to None, run_after=None
[2025-07-01T21:53:03.861+0000] {processor.py:208} INFO - Processing /home/airflow/.local/lib/python3.12/site-packages/airflow/example_dags/tutorial_taskflow_api_virtualenv.py took 0.072 seconds
[2025-07-01T21:53:34.257+0000] {processor.py:186} INFO - Started process (PID=4590) to work on /home/airflow/.local/lib/python3.12/site-packages/airflow/example_dags/tutorial_taskflow_api_virtualenv.py
[2025-07-01T21:53:34.258+0000] {processor.py:914} INFO - Processing file /home/airflow/.local/lib/python3.12/site-packages/airflow/example_dags/tutorial_taskflow_api_virtualenv.py for tasks to queue
[2025-07-01T21:53:34.260+0000] {logging_mixin.py:190} INFO - [2025-07-01T21:53:34.260+0000] {dagbag.py:588} INFO - Filling up the DagBag from /home/airflow/.local/lib/python3.12/site-packages/airflow/example_dags/tutorial_taskflow_api_virtualenv.py
[2025-07-01T21:53:34.270+0000] {processor.py:925} INFO - DAG(s) 'tutorial_taskflow_api_virtualenv' retrieved from /home/airflow/.local/lib/python3.12/site-packages/airflow/example_dags/tutorial_taskflow_api_virtualenv.py
[2025-07-01T21:53:34.286+0000] {logging_mixin.py:190} INFO - [2025-07-01T21:53:34.286+0000] {dag.py:3239} INFO - Sync 1 DAGs
[2025-07-01T21:53:34.298+0000] {logging_mixin.py:190} INFO - [2025-07-01T21:53:34.297+0000] {dag.py:4180} INFO - Setting next_dagrun for tutorial_taskflow_api_virtualenv to None, run_after=None
[2025-07-01T21:53:34.315+0000] {processor.py:208} INFO - Processing /home/airflow/.local/lib/python3.12/site-packages/airflow/example_dags/tutorial_taskflow_api_virtualenv.py took 0.063 seconds
[2025-07-01T21:54:04.627+0000] {processor.py:186} INFO - Started process (PID=4653) to work on /home/airflow/.local/lib/python3.12/site-packages/airflow/example_dags/tutorial_taskflow_api_virtualenv.py
[2025-07-01T21:54:04.627+0000] {processor.py:914} INFO - Processing file /home/airflow/.local/lib/python3.12/site-packages/airflow/example_dags/tutorial_taskflow_api_virtualenv.py for tasks to queue
[2025-07-01T21:54:04.630+0000] {logging_mixin.py:190} INFO - [2025-07-01T21:54:04.629+0000] {dagbag.py:588} INFO - Filling up the DagBag from /home/airflow/.local/lib/python3.12/site-packages/airflow/example_dags/tutorial_taskflow_api_virtualenv.py
[2025-07-01T21:54:04.640+0000] {processor.py:925} INFO - DAG(s) 'tutorial_taskflow_api_virtualenv' retrieved from /home/airflow/.local/lib/python3.12/site-packages/airflow/example_dags/tutorial_taskflow_api_virtualenv.py
[2025-07-01T21:54:04.658+0000] {logging_mixin.py:190} INFO - [2025-07-01T21:54:04.658+0000] {dag.py:3239} INFO - Sync 1 DAGs
[2025-07-01T21:54:04.672+0000] {logging_mixin.py:190} INFO - [2025-07-01T21:54:04.671+0000] {dag.py:4180} INFO - Setting next_dagrun for tutorial_taskflow_api_virtualenv to None, run_after=None
[2025-07-01T21:54:04.688+0000] {processor.py:208} INFO - Processing /home/airflow/.local/lib/python3.12/site-packages/airflow/example_dags/tutorial_taskflow_api_virtualenv.py took 0.067 seconds
[2025-07-01T21:54:35.052+0000] {processor.py:186} INFO - Started process (PID=4716) to work on /home/airflow/.local/lib/python3.12/site-packages/airflow/example_dags/tutorial_taskflow_api_virtualenv.py
[2025-07-01T21:54:35.053+0000] {processor.py:914} INFO - Processing file /home/airflow/.local/lib/python3.12/site-packages/airflow/example_dags/tutorial_taskflow_api_virtualenv.py for tasks to queue
[2025-07-01T21:54:35.056+0000] {logging_mixin.py:190} INFO - [2025-07-01T21:54:35.055+0000] {dagbag.py:588} INFO - Filling up the DagBag from /home/airflow/.local/lib/python3.12/site-packages/airflow/example_dags/tutorial_taskflow_api_virtualenv.py
[2025-07-01T21:54:35.066+0000] {processor.py:925} INFO - DAG(s) 'tutorial_taskflow_api_virtualenv' retrieved from /home/airflow/.local/lib/python3.12/site-packages/airflow/example_dags/tutorial_taskflow_api_virtualenv.py
[2025-07-01T21:54:35.084+0000] {logging_mixin.py:190} INFO - [2025-07-01T21:54:35.084+0000] {dag.py:3239} INFO - Sync 1 DAGs
[2025-07-01T21:54:35.097+0000] {logging_mixin.py:190} INFO - [2025-07-01T21:54:35.097+0000] {dag.py:4180} INFO - Setting next_dagrun for tutorial_taskflow_api_virtualenv to None, run_after=None
[2025-07-01T21:54:35.115+0000] {processor.py:208} INFO - Processing /home/airflow/.local/lib/python3.12/site-packages/airflow/example_dags/tutorial_taskflow_api_virtualenv.py took 0.068 seconds
[2025-07-01T21:55:05.338+0000] {processor.py:186} INFO - Started process (PID=4779) to work on /home/airflow/.local/lib/python3.12/site-packages/airflow/example_dags/tutorial_taskflow_api_virtualenv.py
[2025-07-01T21:55:05.339+0000] {processor.py:914} INFO - Processing file /home/airflow/.local/lib/python3.12/site-packages/airflow/example_dags/tutorial_taskflow_api_virtualenv.py for tasks to queue
[2025-07-01T21:55:05.341+0000] {logging_mixin.py:190} INFO - [2025-07-01T21:55:05.341+0000] {dagbag.py:588} INFO - Filling up the DagBag from /home/airflow/.local/lib/python3.12/site-packages/airflow/example_dags/tutorial_taskflow_api_virtualenv.py
[2025-07-01T21:55:05.352+0000] {processor.py:925} INFO - DAG(s) 'tutorial_taskflow_api_virtualenv' retrieved from /home/airflow/.local/lib/python3.12/site-packages/airflow/example_dags/tutorial_taskflow_api_virtualenv.py
[2025-07-01T21:55:05.368+0000] {logging_mixin.py:190} INFO - [2025-07-01T21:55:05.368+0000] {dag.py:3239} INFO - Sync 1 DAGs
[2025-07-01T21:55:05.380+0000] {logging_mixin.py:190} INFO - [2025-07-01T21:55:05.380+0000] {dag.py:4180} INFO - Setting next_dagrun for tutorial_taskflow_api_virtualenv to None, run_after=None
[2025-07-01T21:55:05.402+0000] {processor.py:208} INFO - Processing /home/airflow/.local/lib/python3.12/site-packages/airflow/example_dags/tutorial_taskflow_api_virtualenv.py took 0.070 seconds
[2025-07-01T21:55:35.843+0000] {processor.py:186} INFO - Started process (PID=4843) to work on /home/airflow/.local/lib/python3.12/site-packages/airflow/example_dags/tutorial_taskflow_api_virtualenv.py
[2025-07-01T21:55:35.845+0000] {processor.py:914} INFO - Processing file /home/airflow/.local/lib/python3.12/site-packages/airflow/example_dags/tutorial_taskflow_api_virtualenv.py for tasks to queue
[2025-07-01T21:55:35.848+0000] {logging_mixin.py:190} INFO - [2025-07-01T21:55:35.847+0000] {dagbag.py:588} INFO - Filling up the DagBag from /home/airflow/.local/lib/python3.12/site-packages/airflow/example_dags/tutorial_taskflow_api_virtualenv.py
[2025-07-01T21:55:35.861+0000] {processor.py:925} INFO - DAG(s) 'tutorial_taskflow_api_virtualenv' retrieved from /home/airflow/.local/lib/python3.12/site-packages/airflow/example_dags/tutorial_taskflow_api_virtualenv.py
[2025-07-01T21:55:35.881+0000] {logging_mixin.py:190} INFO - [2025-07-01T21:55:35.881+0000] {dag.py:3239} INFO - Sync 1 DAGs
[2025-07-01T21:55:35.893+0000] {logging_mixin.py:190} INFO - [2025-07-01T21:55:35.893+0000] {dag.py:4180} INFO - Setting next_dagrun for tutorial_taskflow_api_virtualenv to None, run_after=None
[2025-07-01T21:55:35.916+0000] {processor.py:208} INFO - Processing /home/airflow/.local/lib/python3.12/site-packages/airflow/example_dags/tutorial_taskflow_api_virtualenv.py took 0.079 seconds
[2025-07-01T21:56:06.184+0000] {processor.py:186} INFO - Started process (PID=4906) to work on /home/airflow/.local/lib/python3.12/site-packages/airflow/example_dags/tutorial_taskflow_api_virtualenv.py
[2025-07-01T21:56:06.186+0000] {processor.py:914} INFO - Processing file /home/airflow/.local/lib/python3.12/site-packages/airflow/example_dags/tutorial_taskflow_api_virtualenv.py for tasks to queue
[2025-07-01T21:56:06.188+0000] {logging_mixin.py:190} INFO - [2025-07-01T21:56:06.188+0000] {dagbag.py:588} INFO - Filling up the DagBag from /home/airflow/.local/lib/python3.12/site-packages/airflow/example_dags/tutorial_taskflow_api_virtualenv.py
[2025-07-01T21:56:06.200+0000] {processor.py:925} INFO - DAG(s) 'tutorial_taskflow_api_virtualenv' retrieved from /home/airflow/.local/lib/python3.12/site-packages/airflow/example_dags/tutorial_taskflow_api_virtualenv.py
[2025-07-01T21:56:06.217+0000] {logging_mixin.py:190} INFO - [2025-07-01T21:56:06.217+0000] {dag.py:3239} INFO - Sync 1 DAGs
[2025-07-01T21:56:06.229+0000] {logging_mixin.py:190} INFO - [2025-07-01T21:56:06.229+0000] {dag.py:4180} INFO - Setting next_dagrun for tutorial_taskflow_api_virtualenv to None, run_after=None
[2025-07-01T21:56:06.247+0000] {processor.py:208} INFO - Processing /home/airflow/.local/lib/python3.12/site-packages/airflow/example_dags/tutorial_taskflow_api_virtualenv.py took 0.068 seconds
[2025-07-01T21:56:36.502+0000] {processor.py:186} INFO - Started process (PID=4969) to work on /home/airflow/.local/lib/python3.12/site-packages/airflow/example_dags/tutorial_taskflow_api_virtualenv.py
[2025-07-01T21:56:36.503+0000] {processor.py:914} INFO - Processing file /home/airflow/.local/lib/python3.12/site-packages/airflow/example_dags/tutorial_taskflow_api_virtualenv.py for tasks to queue
[2025-07-01T21:56:36.505+0000] {logging_mixin.py:190} INFO - [2025-07-01T21:56:36.505+0000] {dagbag.py:588} INFO - Filling up the DagBag from /home/airflow/.local/lib/python3.12/site-packages/airflow/example_dags/tutorial_taskflow_api_virtualenv.py
[2025-07-01T21:56:36.517+0000] {processor.py:925} INFO - DAG(s) 'tutorial_taskflow_api_virtualenv' retrieved from /home/airflow/.local/lib/python3.12/site-packages/airflow/example_dags/tutorial_taskflow_api_virtualenv.py
[2025-07-01T21:56:36.534+0000] {logging_mixin.py:190} INFO - [2025-07-01T21:56:36.534+0000] {dag.py:3239} INFO - Sync 1 DAGs
[2025-07-01T21:56:36.547+0000] {logging_mixin.py:190} INFO - [2025-07-01T21:56:36.546+0000] {dag.py:4180} INFO - Setting next_dagrun for tutorial_taskflow_api_virtualenv to None, run_after=None
[2025-07-01T21:56:36.567+0000] {processor.py:208} INFO - Processing /home/airflow/.local/lib/python3.12/site-packages/airflow/example_dags/tutorial_taskflow_api_virtualenv.py took 0.070 seconds
[2025-07-01T21:57:07.010+0000] {processor.py:186} INFO - Started process (PID=5033) to work on /home/airflow/.local/lib/python3.12/site-packages/airflow/example_dags/tutorial_taskflow_api_virtualenv.py
[2025-07-01T21:57:07.011+0000] {processor.py:914} INFO - Processing file /home/airflow/.local/lib/python3.12/site-packages/airflow/example_dags/tutorial_taskflow_api_virtualenv.py for tasks to queue
[2025-07-01T21:57:07.013+0000] {logging_mixin.py:190} INFO - [2025-07-01T21:57:07.013+0000] {dagbag.py:588} INFO - Filling up the DagBag from /home/airflow/.local/lib/python3.12/site-packages/airflow/example_dags/tutorial_taskflow_api_virtualenv.py
[2025-07-01T21:57:07.023+0000] {processor.py:925} INFO - DAG(s) 'tutorial_taskflow_api_virtualenv' retrieved from /home/airflow/.local/lib/python3.12/site-packages/airflow/example_dags/tutorial_taskflow_api_virtualenv.py
[2025-07-01T21:57:07.041+0000] {logging_mixin.py:190} INFO - [2025-07-01T21:57:07.041+0000] {dag.py:3239} INFO - Sync 1 DAGs
[2025-07-01T21:57:07.054+0000] {logging_mixin.py:190} INFO - [2025-07-01T21:57:07.054+0000] {dag.py:4180} INFO - Setting next_dagrun for tutorial_taskflow_api_virtualenv to None, run_after=None
[2025-07-01T21:57:07.071+0000] {processor.py:208} INFO - Processing /home/airflow/.local/lib/python3.12/site-packages/airflow/example_dags/tutorial_taskflow_api_virtualenv.py took 0.067 seconds
[2025-07-01T21:57:38.213+0000] {processor.py:186} INFO - Started process (PID=5096) to work on /home/airflow/.local/lib/python3.12/site-packages/airflow/example_dags/tutorial_taskflow_api_virtualenv.py
[2025-07-01T21:57:38.214+0000] {processor.py:914} INFO - Processing file /home/airflow/.local/lib/python3.12/site-packages/airflow/example_dags/tutorial_taskflow_api_virtualenv.py for tasks to queue
[2025-07-01T21:57:38.216+0000] {logging_mixin.py:190} INFO - [2025-07-01T21:57:38.216+0000] {dagbag.py:588} INFO - Filling up the DagBag from /home/airflow/.local/lib/python3.12/site-packages/airflow/example_dags/tutorial_taskflow_api_virtualenv.py
[2025-07-01T21:57:38.226+0000] {processor.py:925} INFO - DAG(s) 'tutorial_taskflow_api_virtualenv' retrieved from /home/airflow/.local/lib/python3.12/site-packages/airflow/example_dags/tutorial_taskflow_api_virtualenv.py
[2025-07-01T21:57:38.242+0000] {logging_mixin.py:190} INFO - [2025-07-01T21:57:38.242+0000] {dag.py:3239} INFO - Sync 1 DAGs
[2025-07-01T21:57:38.254+0000] {logging_mixin.py:190} INFO - [2025-07-01T21:57:38.253+0000] {dag.py:4180} INFO - Setting next_dagrun for tutorial_taskflow_api_virtualenv to None, run_after=None
[2025-07-01T21:57:38.270+0000] {processor.py:208} INFO - Processing /home/airflow/.local/lib/python3.12/site-packages/airflow/example_dags/tutorial_taskflow_api_virtualenv.py took 0.062 seconds
[2025-07-01T21:58:08.772+0000] {processor.py:186} INFO - Started process (PID=5159) to work on /home/airflow/.local/lib/python3.12/site-packages/airflow/example_dags/tutorial_taskflow_api_virtualenv.py
[2025-07-01T21:58:08.773+0000] {processor.py:914} INFO - Processing file /home/airflow/.local/lib/python3.12/site-packages/airflow/example_dags/tutorial_taskflow_api_virtualenv.py for tasks to queue
[2025-07-01T21:58:08.775+0000] {logging_mixin.py:190} INFO - [2025-07-01T21:58:08.775+0000] {dagbag.py:588} INFO - Filling up the DagBag from /home/airflow/.local/lib/python3.12/site-packages/airflow/example_dags/tutorial_taskflow_api_virtualenv.py
[2025-07-01T21:58:08.785+0000] {processor.py:925} INFO - DAG(s) 'tutorial_taskflow_api_virtualenv' retrieved from /home/airflow/.local/lib/python3.12/site-packages/airflow/example_dags/tutorial_taskflow_api_virtualenv.py
[2025-07-01T21:58:08.801+0000] {logging_mixin.py:190} INFO - [2025-07-01T21:58:08.801+0000] {dag.py:3239} INFO - Sync 1 DAGs
[2025-07-01T21:58:08.812+0000] {logging_mixin.py:190} INFO - [2025-07-01T21:58:08.812+0000] {dag.py:4180} INFO - Setting next_dagrun for tutorial_taskflow_api_virtualenv to None, run_after=None
[2025-07-01T21:58:08.830+0000] {processor.py:208} INFO - Processing /home/airflow/.local/lib/python3.12/site-packages/airflow/example_dags/tutorial_taskflow_api_virtualenv.py took 0.063 seconds
[2025-07-01T21:58:39.087+0000] {processor.py:186} INFO - Started process (PID=5222) to work on /home/airflow/.local/lib/python3.12/site-packages/airflow/example_dags/tutorial_taskflow_api_virtualenv.py
[2025-07-01T21:58:39.088+0000] {processor.py:914} INFO - Processing file /home/airflow/.local/lib/python3.12/site-packages/airflow/example_dags/tutorial_taskflow_api_virtualenv.py for tasks to queue
[2025-07-01T21:58:39.090+0000] {logging_mixin.py:190} INFO - [2025-07-01T21:58:39.090+0000] {dagbag.py:588} INFO - Filling up the DagBag from /home/airflow/.local/lib/python3.12/site-packages/airflow/example_dags/tutorial_taskflow_api_virtualenv.py
[2025-07-01T21:58:39.102+0000] {processor.py:925} INFO - DAG(s) 'tutorial_taskflow_api_virtualenv' retrieved from /home/airflow/.local/lib/python3.12/site-packages/airflow/example_dags/tutorial_taskflow_api_virtualenv.py
[2025-07-01T21:58:39.121+0000] {logging_mixin.py:190} INFO - [2025-07-01T21:58:39.121+0000] {dag.py:3239} INFO - Sync 1 DAGs
[2025-07-01T21:58:39.133+0000] {logging_mixin.py:190} INFO - [2025-07-01T21:58:39.133+0000] {dag.py:4180} INFO - Setting next_dagrun for tutorial_taskflow_api_virtualenv to None, run_after=None
[2025-07-01T21:58:39.153+0000] {processor.py:208} INFO - Processing /home/airflow/.local/lib/python3.12/site-packages/airflow/example_dags/tutorial_taskflow_api_virtualenv.py took 0.072 seconds
[2025-07-01T21:59:09.438+0000] {processor.py:186} INFO - Started process (PID=5285) to work on /home/airflow/.local/lib/python3.12/site-packages/airflow/example_dags/tutorial_taskflow_api_virtualenv.py
[2025-07-01T21:59:09.439+0000] {processor.py:914} INFO - Processing file /home/airflow/.local/lib/python3.12/site-packages/airflow/example_dags/tutorial_taskflow_api_virtualenv.py for tasks to queue
[2025-07-01T21:59:09.443+0000] {logging_mixin.py:190} INFO - [2025-07-01T21:59:09.442+0000] {dagbag.py:588} INFO - Filling up the DagBag from /home/airflow/.local/lib/python3.12/site-packages/airflow/example_dags/tutorial_taskflow_api_virtualenv.py
[2025-07-01T21:59:09.456+0000] {processor.py:925} INFO - DAG(s) 'tutorial_taskflow_api_virtualenv' retrieved from /home/airflow/.local/lib/python3.12/site-packages/airflow/example_dags/tutorial_taskflow_api_virtualenv.py
[2025-07-01T21:59:09.485+0000] {logging_mixin.py:190} INFO - [2025-07-01T21:59:09.485+0000] {dag.py:3239} INFO - Sync 1 DAGs
[2025-07-01T21:59:09.505+0000] {logging_mixin.py:190} INFO - [2025-07-01T21:59:09.504+0000] {dag.py:4180} INFO - Setting next_dagrun for tutorial_taskflow_api_virtualenv to None, run_after=None
[2025-07-01T21:59:09.532+0000] {processor.py:208} INFO - Processing /home/airflow/.local/lib/python3.12/site-packages/airflow/example_dags/tutorial_taskflow_api_virtualenv.py took 0.101 seconds
[2025-07-01T21:59:40.274+0000] {processor.py:186} INFO - Started process (PID=5348) to work on /home/airflow/.local/lib/python3.12/site-packages/airflow/example_dags/tutorial_taskflow_api_virtualenv.py
[2025-07-01T21:59:40.276+0000] {processor.py:914} INFO - Processing file /home/airflow/.local/lib/python3.12/site-packages/airflow/example_dags/tutorial_taskflow_api_virtualenv.py for tasks to queue
[2025-07-01T21:59:40.278+0000] {logging_mixin.py:190} INFO - [2025-07-01T21:59:40.278+0000] {dagbag.py:588} INFO - Filling up the DagBag from /home/airflow/.local/lib/python3.12/site-packages/airflow/example_dags/tutorial_taskflow_api_virtualenv.py
[2025-07-01T21:59:40.289+0000] {processor.py:925} INFO - DAG(s) 'tutorial_taskflow_api_virtualenv' retrieved from /home/airflow/.local/lib/python3.12/site-packages/airflow/example_dags/tutorial_taskflow_api_virtualenv.py
[2025-07-01T21:59:40.308+0000] {logging_mixin.py:190} INFO - [2025-07-01T21:59:40.308+0000] {dag.py:3239} INFO - Sync 1 DAGs
[2025-07-01T21:59:40.322+0000] {logging_mixin.py:190} INFO - [2025-07-01T21:59:40.322+0000] {dag.py:4180} INFO - Setting next_dagrun for tutorial_taskflow_api_virtualenv to None, run_after=None
[2025-07-01T21:59:40.341+0000] {processor.py:208} INFO - Processing /home/airflow/.local/lib/python3.12/site-packages/airflow/example_dags/tutorial_taskflow_api_virtualenv.py took 0.072 seconds
[2025-07-01T22:00:10.827+0000] {processor.py:186} INFO - Started process (PID=5412) to work on /home/airflow/.local/lib/python3.12/site-packages/airflow/example_dags/tutorial_taskflow_api_virtualenv.py
[2025-07-01T22:00:10.829+0000] {processor.py:914} INFO - Processing file /home/airflow/.local/lib/python3.12/site-packages/airflow/example_dags/tutorial_taskflow_api_virtualenv.py for tasks to queue
[2025-07-01T22:00:10.832+0000] {logging_mixin.py:190} INFO - [2025-07-01T22:00:10.832+0000] {dagbag.py:588} INFO - Filling up the DagBag from /home/airflow/.local/lib/python3.12/site-packages/airflow/example_dags/tutorial_taskflow_api_virtualenv.py
[2025-07-01T22:00:10.848+0000] {processor.py:925} INFO - DAG(s) 'tutorial_taskflow_api_virtualenv' retrieved from /home/airflow/.local/lib/python3.12/site-packages/airflow/example_dags/tutorial_taskflow_api_virtualenv.py
[2025-07-01T22:00:10.871+0000] {logging_mixin.py:190} INFO - [2025-07-01T22:00:10.871+0000] {dag.py:3239} INFO - Sync 1 DAGs
[2025-07-01T22:00:10.892+0000] {logging_mixin.py:190} INFO - [2025-07-01T22:00:10.891+0000] {dag.py:4180} INFO - Setting next_dagrun for tutorial_taskflow_api_virtualenv to None, run_after=None
[2025-07-01T22:00:10.916+0000] {processor.py:208} INFO - Processing /home/airflow/.local/lib/python3.12/site-packages/airflow/example_dags/tutorial_taskflow_api_virtualenv.py took 0.096 seconds
[2025-07-01T22:00:41.427+0000] {processor.py:186} INFO - Started process (PID=5475) to work on /home/airflow/.local/lib/python3.12/site-packages/airflow/example_dags/tutorial_taskflow_api_virtualenv.py
[2025-07-01T22:00:41.428+0000] {processor.py:914} INFO - Processing file /home/airflow/.local/lib/python3.12/site-packages/airflow/example_dags/tutorial_taskflow_api_virtualenv.py for tasks to queue
[2025-07-01T22:00:41.430+0000] {logging_mixin.py:190} INFO - [2025-07-01T22:00:41.430+0000] {dagbag.py:588} INFO - Filling up the DagBag from /home/airflow/.local/lib/python3.12/site-packages/airflow/example_dags/tutorial_taskflow_api_virtualenv.py
[2025-07-01T22:00:41.441+0000] {processor.py:925} INFO - DAG(s) 'tutorial_taskflow_api_virtualenv' retrieved from /home/airflow/.local/lib/python3.12/site-packages/airflow/example_dags/tutorial_taskflow_api_virtualenv.py
[2025-07-01T22:00:41.460+0000] {logging_mixin.py:190} INFO - [2025-07-01T22:00:41.460+0000] {dag.py:3239} INFO - Sync 1 DAGs
[2025-07-01T22:00:41.472+0000] {logging_mixin.py:190} INFO - [2025-07-01T22:00:41.472+0000] {dag.py:4180} INFO - Setting next_dagrun for tutorial_taskflow_api_virtualenv to None, run_after=None
[2025-07-01T22:00:41.493+0000] {processor.py:208} INFO - Processing /home/airflow/.local/lib/python3.12/site-packages/airflow/example_dags/tutorial_taskflow_api_virtualenv.py took 0.071 seconds
[2025-07-01T22:01:12.167+0000] {processor.py:186} INFO - Started process (PID=5539) to work on /home/airflow/.local/lib/python3.12/site-packages/airflow/example_dags/tutorial_taskflow_api_virtualenv.py
[2025-07-01T22:01:12.168+0000] {processor.py:914} INFO - Processing file /home/airflow/.local/lib/python3.12/site-packages/airflow/example_dags/tutorial_taskflow_api_virtualenv.py for tasks to queue
[2025-07-01T22:01:12.171+0000] {logging_mixin.py:190} INFO - [2025-07-01T22:01:12.170+0000] {dagbag.py:588} INFO - Filling up the DagBag from /home/airflow/.local/lib/python3.12/site-packages/airflow/example_dags/tutorial_taskflow_api_virtualenv.py
[2025-07-01T22:01:12.183+0000] {processor.py:925} INFO - DAG(s) 'tutorial_taskflow_api_virtualenv' retrieved from /home/airflow/.local/lib/python3.12/site-packages/airflow/example_dags/tutorial_taskflow_api_virtualenv.py
[2025-07-01T22:01:12.201+0000] {logging_mixin.py:190} INFO - [2025-07-01T22:01:12.200+0000] {dag.py:3239} INFO - Sync 1 DAGs
[2025-07-01T22:01:12.212+0000] {logging_mixin.py:190} INFO - [2025-07-01T22:01:12.212+0000] {dag.py:4180} INFO - Setting next_dagrun for tutorial_taskflow_api_virtualenv to None, run_after=None
[2025-07-01T22:01:12.231+0000] {processor.py:208} INFO - Processing /home/airflow/.local/lib/python3.12/site-packages/airflow/example_dags/tutorial_taskflow_api_virtualenv.py took 0.070 seconds
[2025-07-01T22:01:42.781+0000] {processor.py:186} INFO - Started process (PID=5602) to work on /home/airflow/.local/lib/python3.12/site-packages/airflow/example_dags/tutorial_taskflow_api_virtualenv.py
[2025-07-01T22:01:42.783+0000] {processor.py:914} INFO - Processing file /home/airflow/.local/lib/python3.12/site-packages/airflow/example_dags/tutorial_taskflow_api_virtualenv.py for tasks to queue
[2025-07-01T22:01:42.790+0000] {logging_mixin.py:190} INFO - [2025-07-01T22:01:42.788+0000] {dagbag.py:588} INFO - Filling up the DagBag from /home/airflow/.local/lib/python3.12/site-packages/airflow/example_dags/tutorial_taskflow_api_virtualenv.py
[2025-07-01T22:01:42.807+0000] {processor.py:925} INFO - DAG(s) 'tutorial_taskflow_api_virtualenv' retrieved from /home/airflow/.local/lib/python3.12/site-packages/airflow/example_dags/tutorial_taskflow_api_virtualenv.py
[2025-07-01T22:01:42.831+0000] {logging_mixin.py:190} INFO - [2025-07-01T22:01:42.831+0000] {dag.py:3239} INFO - Sync 1 DAGs
[2025-07-01T22:01:42.848+0000] {logging_mixin.py:190} INFO - [2025-07-01T22:01:42.848+0000] {dag.py:4180} INFO - Setting next_dagrun for tutorial_taskflow_api_virtualenv to None, run_after=None
[2025-07-01T22:01:42.872+0000] {processor.py:208} INFO - Processing /home/airflow/.local/lib/python3.12/site-packages/airflow/example_dags/tutorial_taskflow_api_virtualenv.py took 0.098 seconds
[2025-07-01T22:02:13.677+0000] {processor.py:186} INFO - Started process (PID=5665) to work on /home/airflow/.local/lib/python3.12/site-packages/airflow/example_dags/tutorial_taskflow_api_virtualenv.py
[2025-07-01T22:02:13.678+0000] {processor.py:914} INFO - Processing file /home/airflow/.local/lib/python3.12/site-packages/airflow/example_dags/tutorial_taskflow_api_virtualenv.py for tasks to queue
[2025-07-01T22:02:13.681+0000] {logging_mixin.py:190} INFO - [2025-07-01T22:02:13.680+0000] {dagbag.py:588} INFO - Filling up the DagBag from /home/airflow/.local/lib/python3.12/site-packages/airflow/example_dags/tutorial_taskflow_api_virtualenv.py
[2025-07-01T22:02:13.694+0000] {processor.py:925} INFO - DAG(s) 'tutorial_taskflow_api_virtualenv' retrieved from /home/airflow/.local/lib/python3.12/site-packages/airflow/example_dags/tutorial_taskflow_api_virtualenv.py
[2025-07-01T22:02:13.711+0000] {logging_mixin.py:190} INFO - [2025-07-01T22:02:13.711+0000] {dag.py:3239} INFO - Sync 1 DAGs
[2025-07-01T22:02:13.723+0000] {logging_mixin.py:190} INFO - [2025-07-01T22:02:13.723+0000] {dag.py:4180} INFO - Setting next_dagrun for tutorial_taskflow_api_virtualenv to None, run_after=None
[2025-07-01T22:02:13.741+0000] {processor.py:208} INFO - Processing /home/airflow/.local/lib/python3.12/site-packages/airflow/example_dags/tutorial_taskflow_api_virtualenv.py took 0.070 seconds
[2025-07-01T22:02:44.915+0000] {processor.py:186} INFO - Started process (PID=5728) to work on /home/airflow/.local/lib/python3.12/site-packages/airflow/example_dags/tutorial_taskflow_api_virtualenv.py
[2025-07-01T22:02:44.916+0000] {processor.py:914} INFO - Processing file /home/airflow/.local/lib/python3.12/site-packages/airflow/example_dags/tutorial_taskflow_api_virtualenv.py for tasks to queue
[2025-07-01T22:02:44.919+0000] {logging_mixin.py:190} INFO - [2025-07-01T22:02:44.919+0000] {dagbag.py:588} INFO - Filling up the DagBag from /home/airflow/.local/lib/python3.12/site-packages/airflow/example_dags/tutorial_taskflow_api_virtualenv.py
[2025-07-01T22:02:44.930+0000] {processor.py:925} INFO - DAG(s) 'tutorial_taskflow_api_virtualenv' retrieved from /home/airflow/.local/lib/python3.12/site-packages/airflow/example_dags/tutorial_taskflow_api_virtualenv.py
[2025-07-01T22:02:44.948+0000] {logging_mixin.py:190} INFO - [2025-07-01T22:02:44.948+0000] {dag.py:3239} INFO - Sync 1 DAGs
[2025-07-01T22:02:44.962+0000] {logging_mixin.py:190} INFO - [2025-07-01T22:02:44.962+0000] {dag.py:4180} INFO - Setting next_dagrun for tutorial_taskflow_api_virtualenv to None, run_after=None
[2025-07-01T22:02:44.983+0000] {processor.py:208} INFO - Processing /home/airflow/.local/lib/python3.12/site-packages/airflow/example_dags/tutorial_taskflow_api_virtualenv.py took 0.074 seconds
[2025-07-01T22:03:15.896+0000] {processor.py:186} INFO - Started process (PID=5791) to work on /home/airflow/.local/lib/python3.12/site-packages/airflow/example_dags/tutorial_taskflow_api_virtualenv.py
[2025-07-01T22:03:15.897+0000] {processor.py:914} INFO - Processing file /home/airflow/.local/lib/python3.12/site-packages/airflow/example_dags/tutorial_taskflow_api_virtualenv.py for tasks to queue
[2025-07-01T22:03:15.899+0000] {logging_mixin.py:190} INFO - [2025-07-01T22:03:15.899+0000] {dagbag.py:588} INFO - Filling up the DagBag from /home/airflow/.local/lib/python3.12/site-packages/airflow/example_dags/tutorial_taskflow_api_virtualenv.py
[2025-07-01T22:03:15.909+0000] {processor.py:925} INFO - DAG(s) 'tutorial_taskflow_api_virtualenv' retrieved from /home/airflow/.local/lib/python3.12/site-packages/airflow/example_dags/tutorial_taskflow_api_virtualenv.py
[2025-07-01T22:03:15.927+0000] {logging_mixin.py:190} INFO - [2025-07-01T22:03:15.926+0000] {dag.py:3239} INFO - Sync 1 DAGs
[2025-07-01T22:03:15.938+0000] {logging_mixin.py:190} INFO - [2025-07-01T22:03:15.938+0000] {dag.py:4180} INFO - Setting next_dagrun for tutorial_taskflow_api_virtualenv to None, run_after=None
[2025-07-01T22:03:15.956+0000] {processor.py:208} INFO - Processing /home/airflow/.local/lib/python3.12/site-packages/airflow/example_dags/tutorial_taskflow_api_virtualenv.py took 0.065 seconds
[2025-07-01T22:03:47.050+0000] {processor.py:186} INFO - Started process (PID=5854) to work on /home/airflow/.local/lib/python3.12/site-packages/airflow/example_dags/tutorial_taskflow_api_virtualenv.py
[2025-07-01T22:03:47.052+0000] {processor.py:914} INFO - Processing file /home/airflow/.local/lib/python3.12/site-packages/airflow/example_dags/tutorial_taskflow_api_virtualenv.py for tasks to queue
[2025-07-01T22:03:47.056+0000] {logging_mixin.py:190} INFO - [2025-07-01T22:03:47.055+0000] {dagbag.py:588} INFO - Filling up the DagBag from /home/airflow/.local/lib/python3.12/site-packages/airflow/example_dags/tutorial_taskflow_api_virtualenv.py
[2025-07-01T22:03:47.076+0000] {processor.py:925} INFO - DAG(s) 'tutorial_taskflow_api_virtualenv' retrieved from /home/airflow/.local/lib/python3.12/site-packages/airflow/example_dags/tutorial_taskflow_api_virtualenv.py
[2025-07-01T22:03:47.111+0000] {logging_mixin.py:190} INFO - [2025-07-01T22:03:47.110+0000] {dag.py:3239} INFO - Sync 1 DAGs
[2025-07-01T22:03:47.133+0000] {logging_mixin.py:190} INFO - [2025-07-01T22:03:47.133+0000] {dag.py:4180} INFO - Setting next_dagrun for tutorial_taskflow_api_virtualenv to None, run_after=None
[2025-07-01T22:03:47.163+0000] {processor.py:208} INFO - Processing /home/airflow/.local/lib/python3.12/site-packages/airflow/example_dags/tutorial_taskflow_api_virtualenv.py took 0.122 seconds
[2025-07-01T22:04:17.536+0000] {processor.py:186} INFO - Started process (PID=5917) to work on /home/airflow/.local/lib/python3.12/site-packages/airflow/example_dags/tutorial_taskflow_api_virtualenv.py
[2025-07-01T22:04:17.537+0000] {processor.py:914} INFO - Processing file /home/airflow/.local/lib/python3.12/site-packages/airflow/example_dags/tutorial_taskflow_api_virtualenv.py for tasks to queue
[2025-07-01T22:04:17.540+0000] {logging_mixin.py:190} INFO - [2025-07-01T22:04:17.539+0000] {dagbag.py:588} INFO - Filling up the DagBag from /home/airflow/.local/lib/python3.12/site-packages/airflow/example_dags/tutorial_taskflow_api_virtualenv.py
[2025-07-01T22:04:17.551+0000] {processor.py:925} INFO - DAG(s) 'tutorial_taskflow_api_virtualenv' retrieved from /home/airflow/.local/lib/python3.12/site-packages/airflow/example_dags/tutorial_taskflow_api_virtualenv.py
[2025-07-01T22:04:17.569+0000] {logging_mixin.py:190} INFO - [2025-07-01T22:04:17.569+0000] {dag.py:3239} INFO - Sync 1 DAGs
[2025-07-01T22:04:17.580+0000] {logging_mixin.py:190} INFO - [2025-07-01T22:04:17.580+0000] {dag.py:4180} INFO - Setting next_dagrun for tutorial_taskflow_api_virtualenv to None, run_after=None
[2025-07-01T22:04:17.601+0000] {processor.py:208} INFO - Processing /home/airflow/.local/lib/python3.12/site-packages/airflow/example_dags/tutorial_taskflow_api_virtualenv.py took 0.071 seconds
[2025-07-01T22:04:47.829+0000] {processor.py:186} INFO - Started process (PID=5980) to work on /home/airflow/.local/lib/python3.12/site-packages/airflow/example_dags/tutorial_taskflow_api_virtualenv.py
[2025-07-01T22:04:47.830+0000] {processor.py:914} INFO - Processing file /home/airflow/.local/lib/python3.12/site-packages/airflow/example_dags/tutorial_taskflow_api_virtualenv.py for tasks to queue
[2025-07-01T22:04:47.832+0000] {logging_mixin.py:190} INFO - [2025-07-01T22:04:47.832+0000] {dagbag.py:588} INFO - Filling up the DagBag from /home/airflow/.local/lib/python3.12/site-packages/airflow/example_dags/tutorial_taskflow_api_virtualenv.py
[2025-07-01T22:04:47.844+0000] {processor.py:925} INFO - DAG(s) 'tutorial_taskflow_api_virtualenv' retrieved from /home/airflow/.local/lib/python3.12/site-packages/airflow/example_dags/tutorial_taskflow_api_virtualenv.py
[2025-07-01T22:04:47.863+0000] {logging_mixin.py:190} INFO - [2025-07-01T22:04:47.863+0000] {dag.py:3239} INFO - Sync 1 DAGs
[2025-07-01T22:04:47.877+0000] {logging_mixin.py:190} INFO - [2025-07-01T22:04:47.877+0000] {dag.py:4180} INFO - Setting next_dagrun for tutorial_taskflow_api_virtualenv to None, run_after=None
[2025-07-01T22:04:47.902+0000] {processor.py:208} INFO - Processing /home/airflow/.local/lib/python3.12/site-packages/airflow/example_dags/tutorial_taskflow_api_virtualenv.py took 0.078 seconds
[2025-07-01T22:05:18.901+0000] {processor.py:186} INFO - Started process (PID=6043) to work on /home/airflow/.local/lib/python3.12/site-packages/airflow/example_dags/tutorial_taskflow_api_virtualenv.py
[2025-07-01T22:05:18.902+0000] {processor.py:914} INFO - Processing file /home/airflow/.local/lib/python3.12/site-packages/airflow/example_dags/tutorial_taskflow_api_virtualenv.py for tasks to queue
[2025-07-01T22:05:18.904+0000] {logging_mixin.py:190} INFO - [2025-07-01T22:05:18.904+0000] {dagbag.py:588} INFO - Filling up the DagBag from /home/airflow/.local/lib/python3.12/site-packages/airflow/example_dags/tutorial_taskflow_api_virtualenv.py
[2025-07-01T22:05:18.916+0000] {processor.py:925} INFO - DAG(s) 'tutorial_taskflow_api_virtualenv' retrieved from /home/airflow/.local/lib/python3.12/site-packages/airflow/example_dags/tutorial_taskflow_api_virtualenv.py
[2025-07-01T22:05:18.935+0000] {logging_mixin.py:190} INFO - [2025-07-01T22:05:18.935+0000] {dag.py:3239} INFO - Sync 1 DAGs
[2025-07-01T22:05:18.948+0000] {logging_mixin.py:190} INFO - [2025-07-01T22:05:18.947+0000] {dag.py:4180} INFO - Setting next_dagrun for tutorial_taskflow_api_virtualenv to None, run_after=None
[2025-07-01T22:05:18.969+0000] {processor.py:208} INFO - Processing /home/airflow/.local/lib/python3.12/site-packages/airflow/example_dags/tutorial_taskflow_api_virtualenv.py took 0.073 seconds
[2025-07-01T22:05:49.188+0000] {processor.py:186} INFO - Started process (PID=6106) to work on /home/airflow/.local/lib/python3.12/site-packages/airflow/example_dags/tutorial_taskflow_api_virtualenv.py
[2025-07-01T22:05:49.189+0000] {processor.py:914} INFO - Processing file /home/airflow/.local/lib/python3.12/site-packages/airflow/example_dags/tutorial_taskflow_api_virtualenv.py for tasks to queue
[2025-07-01T22:05:49.191+0000] {logging_mixin.py:190} INFO - [2025-07-01T22:05:49.191+0000] {dagbag.py:588} INFO - Filling up the DagBag from /home/airflow/.local/lib/python3.12/site-packages/airflow/example_dags/tutorial_taskflow_api_virtualenv.py
[2025-07-01T22:05:49.202+0000] {processor.py:925} INFO - DAG(s) 'tutorial_taskflow_api_virtualenv' retrieved from /home/airflow/.local/lib/python3.12/site-packages/airflow/example_dags/tutorial_taskflow_api_virtualenv.py
[2025-07-01T22:05:49.218+0000] {logging_mixin.py:190} INFO - [2025-07-01T22:05:49.218+0000] {dag.py:3239} INFO - Sync 1 DAGs
[2025-07-01T22:05:49.230+0000] {logging_mixin.py:190} INFO - [2025-07-01T22:05:49.230+0000] {dag.py:4180} INFO - Setting next_dagrun for tutorial_taskflow_api_virtualenv to None, run_after=None
[2025-07-01T22:05:49.248+0000] {processor.py:208} INFO - Processing /home/airflow/.local/lib/python3.12/site-packages/airflow/example_dags/tutorial_taskflow_api_virtualenv.py took 0.065 seconds
[2025-07-01T22:06:19.733+0000] {processor.py:186} INFO - Started process (PID=6169) to work on /home/airflow/.local/lib/python3.12/site-packages/airflow/example_dags/tutorial_taskflow_api_virtualenv.py
[2025-07-01T22:06:19.734+0000] {processor.py:914} INFO - Processing file /home/airflow/.local/lib/python3.12/site-packages/airflow/example_dags/tutorial_taskflow_api_virtualenv.py for tasks to queue
[2025-07-01T22:06:19.737+0000] {logging_mixin.py:190} INFO - [2025-07-01T22:06:19.737+0000] {dagbag.py:588} INFO - Filling up the DagBag from /home/airflow/.local/lib/python3.12/site-packages/airflow/example_dags/tutorial_taskflow_api_virtualenv.py
[2025-07-01T22:06:19.750+0000] {processor.py:925} INFO - DAG(s) 'tutorial_taskflow_api_virtualenv' retrieved from /home/airflow/.local/lib/python3.12/site-packages/airflow/example_dags/tutorial_taskflow_api_virtualenv.py
[2025-07-01T22:06:19.770+0000] {logging_mixin.py:190} INFO - [2025-07-01T22:06:19.770+0000] {dag.py:3239} INFO - Sync 1 DAGs
[2025-07-01T22:06:19.784+0000] {logging_mixin.py:190} INFO - [2025-07-01T22:06:19.784+0000] {dag.py:4180} INFO - Setting next_dagrun for tutorial_taskflow_api_virtualenv to None, run_after=None
[2025-07-01T22:06:19.805+0000] {processor.py:208} INFO - Processing /home/airflow/.local/lib/python3.12/site-packages/airflow/example_dags/tutorial_taskflow_api_virtualenv.py took 0.077 seconds
[2025-07-01T22:06:50.541+0000] {processor.py:186} INFO - Started process (PID=6232) to work on /home/airflow/.local/lib/python3.12/site-packages/airflow/example_dags/tutorial_taskflow_api_virtualenv.py
[2025-07-01T22:06:50.542+0000] {processor.py:914} INFO - Processing file /home/airflow/.local/lib/python3.12/site-packages/airflow/example_dags/tutorial_taskflow_api_virtualenv.py for tasks to queue
[2025-07-01T22:06:50.544+0000] {logging_mixin.py:190} INFO - [2025-07-01T22:06:50.544+0000] {dagbag.py:588} INFO - Filling up the DagBag from /home/airflow/.local/lib/python3.12/site-packages/airflow/example_dags/tutorial_taskflow_api_virtualenv.py
[2025-07-01T22:06:50.555+0000] {processor.py:925} INFO - DAG(s) 'tutorial_taskflow_api_virtualenv' retrieved from /home/airflow/.local/lib/python3.12/site-packages/airflow/example_dags/tutorial_taskflow_api_virtualenv.py
[2025-07-01T22:06:50.572+0000] {logging_mixin.py:190} INFO - [2025-07-01T22:06:50.572+0000] {dag.py:3239} INFO - Sync 1 DAGs
[2025-07-01T22:06:50.585+0000] {logging_mixin.py:190} INFO - [2025-07-01T22:06:50.584+0000] {dag.py:4180} INFO - Setting next_dagrun for tutorial_taskflow_api_virtualenv to None, run_after=None
[2025-07-01T22:06:50.604+0000] {processor.py:208} INFO - Processing /home/airflow/.local/lib/python3.12/site-packages/airflow/example_dags/tutorial_taskflow_api_virtualenv.py took 0.068 seconds
[2025-07-01T22:07:21.118+0000] {processor.py:186} INFO - Started process (PID=6295) to work on /home/airflow/.local/lib/python3.12/site-packages/airflow/example_dags/tutorial_taskflow_api_virtualenv.py
[2025-07-01T22:07:21.119+0000] {processor.py:914} INFO - Processing file /home/airflow/.local/lib/python3.12/site-packages/airflow/example_dags/tutorial_taskflow_api_virtualenv.py for tasks to queue
[2025-07-01T22:07:21.122+0000] {logging_mixin.py:190} INFO - [2025-07-01T22:07:21.122+0000] {dagbag.py:588} INFO - Filling up the DagBag from /home/airflow/.local/lib/python3.12/site-packages/airflow/example_dags/tutorial_taskflow_api_virtualenv.py
[2025-07-01T22:07:21.139+0000] {processor.py:925} INFO - DAG(s) 'tutorial_taskflow_api_virtualenv' retrieved from /home/airflow/.local/lib/python3.12/site-packages/airflow/example_dags/tutorial_taskflow_api_virtualenv.py
[2025-07-01T22:07:21.160+0000] {logging_mixin.py:190} INFO - [2025-07-01T22:07:21.160+0000] {dag.py:3239} INFO - Sync 1 DAGs
[2025-07-01T22:07:21.175+0000] {logging_mixin.py:190} INFO - [2025-07-01T22:07:21.174+0000] {dag.py:4180} INFO - Setting next_dagrun for tutorial_taskflow_api_virtualenv to None, run_after=None
[2025-07-01T22:07:21.199+0000] {processor.py:208} INFO - Processing /home/airflow/.local/lib/python3.12/site-packages/airflow/example_dags/tutorial_taskflow_api_virtualenv.py took 0.088 seconds
[2025-07-01T22:07:51.842+0000] {processor.py:186} INFO - Started process (PID=6358) to work on /home/airflow/.local/lib/python3.12/site-packages/airflow/example_dags/tutorial_taskflow_api_virtualenv.py
[2025-07-01T22:07:51.844+0000] {processor.py:914} INFO - Processing file /home/airflow/.local/lib/python3.12/site-packages/airflow/example_dags/tutorial_taskflow_api_virtualenv.py for tasks to queue
[2025-07-01T22:07:51.846+0000] {logging_mixin.py:190} INFO - [2025-07-01T22:07:51.846+0000] {dagbag.py:588} INFO - Filling up the DagBag from /home/airflow/.local/lib/python3.12/site-packages/airflow/example_dags/tutorial_taskflow_api_virtualenv.py
[2025-07-01T22:07:51.857+0000] {processor.py:925} INFO - DAG(s) 'tutorial_taskflow_api_virtualenv' retrieved from /home/airflow/.local/lib/python3.12/site-packages/airflow/example_dags/tutorial_taskflow_api_virtualenv.py
[2025-07-01T22:07:51.876+0000] {logging_mixin.py:190} INFO - [2025-07-01T22:07:51.876+0000] {dag.py:3239} INFO - Sync 1 DAGs
[2025-07-01T22:07:51.889+0000] {logging_mixin.py:190} INFO - [2025-07-01T22:07:51.889+0000] {dag.py:4180} INFO - Setting next_dagrun for tutorial_taskflow_api_virtualenv to None, run_after=None
[2025-07-01T22:07:51.910+0000] {processor.py:208} INFO - Processing /home/airflow/.local/lib/python3.12/site-packages/airflow/example_dags/tutorial_taskflow_api_virtualenv.py took 0.073 seconds
[2025-07-01T22:08:22.557+0000] {processor.py:186} INFO - Started process (PID=6421) to work on /home/airflow/.local/lib/python3.12/site-packages/airflow/example_dags/tutorial_taskflow_api_virtualenv.py
[2025-07-01T22:08:22.558+0000] {processor.py:914} INFO - Processing file /home/airflow/.local/lib/python3.12/site-packages/airflow/example_dags/tutorial_taskflow_api_virtualenv.py for tasks to queue
[2025-07-01T22:08:22.560+0000] {logging_mixin.py:190} INFO - [2025-07-01T22:08:22.560+0000] {dagbag.py:588} INFO - Filling up the DagBag from /home/airflow/.local/lib/python3.12/site-packages/airflow/example_dags/tutorial_taskflow_api_virtualenv.py
[2025-07-01T22:08:22.574+0000] {processor.py:925} INFO - DAG(s) 'tutorial_taskflow_api_virtualenv' retrieved from /home/airflow/.local/lib/python3.12/site-packages/airflow/example_dags/tutorial_taskflow_api_virtualenv.py
[2025-07-01T22:08:22.594+0000] {logging_mixin.py:190} INFO - [2025-07-01T22:08:22.594+0000] {dag.py:3239} INFO - Sync 1 DAGs
[2025-07-01T22:08:22.608+0000] {logging_mixin.py:190} INFO - [2025-07-01T22:08:22.608+0000] {dag.py:4180} INFO - Setting next_dagrun for tutorial_taskflow_api_virtualenv to None, run_after=None
[2025-07-01T22:08:22.627+0000] {processor.py:208} INFO - Processing /home/airflow/.local/lib/python3.12/site-packages/airflow/example_dags/tutorial_taskflow_api_virtualenv.py took 0.076 seconds
[2025-07-01T22:08:53.312+0000] {processor.py:186} INFO - Started process (PID=6484) to work on /home/airflow/.local/lib/python3.12/site-packages/airflow/example_dags/tutorial_taskflow_api_virtualenv.py
[2025-07-01T22:08:53.313+0000] {processor.py:914} INFO - Processing file /home/airflow/.local/lib/python3.12/site-packages/airflow/example_dags/tutorial_taskflow_api_virtualenv.py for tasks to queue
[2025-07-01T22:08:53.315+0000] {logging_mixin.py:190} INFO - [2025-07-01T22:08:53.315+0000] {dagbag.py:588} INFO - Filling up the DagBag from /home/airflow/.local/lib/python3.12/site-packages/airflow/example_dags/tutorial_taskflow_api_virtualenv.py
[2025-07-01T22:08:53.326+0000] {processor.py:925} INFO - DAG(s) 'tutorial_taskflow_api_virtualenv' retrieved from /home/airflow/.local/lib/python3.12/site-packages/airflow/example_dags/tutorial_taskflow_api_virtualenv.py
[2025-07-01T22:08:53.343+0000] {logging_mixin.py:190} INFO - [2025-07-01T22:08:53.343+0000] {dag.py:3239} INFO - Sync 1 DAGs
[2025-07-01T22:08:53.355+0000] {logging_mixin.py:190} INFO - [2025-07-01T22:08:53.354+0000] {dag.py:4180} INFO - Setting next_dagrun for tutorial_taskflow_api_virtualenv to None, run_after=None
[2025-07-01T22:08:53.373+0000] {processor.py:208} INFO - Processing /home/airflow/.local/lib/python3.12/site-packages/airflow/example_dags/tutorial_taskflow_api_virtualenv.py took 0.067 seconds
[2025-07-01T22:09:23.990+0000] {processor.py:186} INFO - Started process (PID=6547) to work on /home/airflow/.local/lib/python3.12/site-packages/airflow/example_dags/tutorial_taskflow_api_virtualenv.py
[2025-07-01T22:09:23.991+0000] {processor.py:914} INFO - Processing file /home/airflow/.local/lib/python3.12/site-packages/airflow/example_dags/tutorial_taskflow_api_virtualenv.py for tasks to queue
[2025-07-01T22:09:23.994+0000] {logging_mixin.py:190} INFO - [2025-07-01T22:09:23.993+0000] {dagbag.py:588} INFO - Filling up the DagBag from /home/airflow/.local/lib/python3.12/site-packages/airflow/example_dags/tutorial_taskflow_api_virtualenv.py
[2025-07-01T22:09:24.005+0000] {processor.py:925} INFO - DAG(s) 'tutorial_taskflow_api_virtualenv' retrieved from /home/airflow/.local/lib/python3.12/site-packages/airflow/example_dags/tutorial_taskflow_api_virtualenv.py
[2025-07-01T22:09:24.022+0000] {logging_mixin.py:190} INFO - [2025-07-01T22:09:24.021+0000] {dag.py:3239} INFO - Sync 1 DAGs
[2025-07-01T22:09:24.034+0000] {logging_mixin.py:190} INFO - [2025-07-01T22:09:24.034+0000] {dag.py:4180} INFO - Setting next_dagrun for tutorial_taskflow_api_virtualenv to None, run_after=None
[2025-07-01T22:09:24.055+0000] {processor.py:208} INFO - Processing /home/airflow/.local/lib/python3.12/site-packages/airflow/example_dags/tutorial_taskflow_api_virtualenv.py took 0.070 seconds
[2025-07-01T22:09:54.507+0000] {processor.py:186} INFO - Started process (PID=6610) to work on /home/airflow/.local/lib/python3.12/site-packages/airflow/example_dags/tutorial_taskflow_api_virtualenv.py
[2025-07-01T22:09:54.508+0000] {processor.py:914} INFO - Processing file /home/airflow/.local/lib/python3.12/site-packages/airflow/example_dags/tutorial_taskflow_api_virtualenv.py for tasks to queue
[2025-07-01T22:09:54.510+0000] {logging_mixin.py:190} INFO - [2025-07-01T22:09:54.510+0000] {dagbag.py:588} INFO - Filling up the DagBag from /home/airflow/.local/lib/python3.12/site-packages/airflow/example_dags/tutorial_taskflow_api_virtualenv.py
[2025-07-01T22:09:54.520+0000] {processor.py:925} INFO - DAG(s) 'tutorial_taskflow_api_virtualenv' retrieved from /home/airflow/.local/lib/python3.12/site-packages/airflow/example_dags/tutorial_taskflow_api_virtualenv.py
[2025-07-01T22:09:54.538+0000] {logging_mixin.py:190} INFO - [2025-07-01T22:09:54.538+0000] {dag.py:3239} INFO - Sync 1 DAGs
[2025-07-01T22:09:54.550+0000] {logging_mixin.py:190} INFO - [2025-07-01T22:09:54.549+0000] {dag.py:4180} INFO - Setting next_dagrun for tutorial_taskflow_api_virtualenv to None, run_after=None
[2025-07-01T22:09:54.572+0000] {processor.py:208} INFO - Processing /home/airflow/.local/lib/python3.12/site-packages/airflow/example_dags/tutorial_taskflow_api_virtualenv.py took 0.070 seconds
[2025-07-01T22:10:24.818+0000] {processor.py:186} INFO - Started process (PID=6679) to work on /home/airflow/.local/lib/python3.12/site-packages/airflow/example_dags/tutorial_taskflow_api_virtualenv.py
[2025-07-01T22:10:24.820+0000] {processor.py:914} INFO - Processing file /home/airflow/.local/lib/python3.12/site-packages/airflow/example_dags/tutorial_taskflow_api_virtualenv.py for tasks to queue
[2025-07-01T22:10:24.822+0000] {logging_mixin.py:190} INFO - [2025-07-01T22:10:24.822+0000] {dagbag.py:588} INFO - Filling up the DagBag from /home/airflow/.local/lib/python3.12/site-packages/airflow/example_dags/tutorial_taskflow_api_virtualenv.py
[2025-07-01T22:10:24.832+0000] {processor.py:925} INFO - DAG(s) 'tutorial_taskflow_api_virtualenv' retrieved from /home/airflow/.local/lib/python3.12/site-packages/airflow/example_dags/tutorial_taskflow_api_virtualenv.py
[2025-07-01T22:10:24.849+0000] {logging_mixin.py:190} INFO - [2025-07-01T22:10:24.849+0000] {dag.py:3239} INFO - Sync 1 DAGs
[2025-07-01T22:10:24.861+0000] {logging_mixin.py:190} INFO - [2025-07-01T22:10:24.861+0000] {dag.py:4180} INFO - Setting next_dagrun for tutorial_taskflow_api_virtualenv to None, run_after=None
[2025-07-01T22:10:24.881+0000] {processor.py:208} INFO - Processing /home/airflow/.local/lib/python3.12/site-packages/airflow/example_dags/tutorial_taskflow_api_virtualenv.py took 0.068 seconds
[2025-07-01T22:10:55.320+0000] {processor.py:186} INFO - Started process (PID=6742) to work on /home/airflow/.local/lib/python3.12/site-packages/airflow/example_dags/tutorial_taskflow_api_virtualenv.py
[2025-07-01T22:10:55.321+0000] {processor.py:914} INFO - Processing file /home/airflow/.local/lib/python3.12/site-packages/airflow/example_dags/tutorial_taskflow_api_virtualenv.py for tasks to queue
[2025-07-01T22:10:55.323+0000] {logging_mixin.py:190} INFO - [2025-07-01T22:10:55.323+0000] {dagbag.py:588} INFO - Filling up the DagBag from /home/airflow/.local/lib/python3.12/site-packages/airflow/example_dags/tutorial_taskflow_api_virtualenv.py
[2025-07-01T22:10:55.334+0000] {processor.py:925} INFO - DAG(s) 'tutorial_taskflow_api_virtualenv' retrieved from /home/airflow/.local/lib/python3.12/site-packages/airflow/example_dags/tutorial_taskflow_api_virtualenv.py
[2025-07-01T22:10:55.353+0000] {logging_mixin.py:190} INFO - [2025-07-01T22:10:55.353+0000] {dag.py:3239} INFO - Sync 1 DAGs
[2025-07-01T22:10:55.364+0000] {logging_mixin.py:190} INFO - [2025-07-01T22:10:55.364+0000] {dag.py:4180} INFO - Setting next_dagrun for tutorial_taskflow_api_virtualenv to None, run_after=None
[2025-07-01T22:10:55.382+0000] {processor.py:208} INFO - Processing /home/airflow/.local/lib/python3.12/site-packages/airflow/example_dags/tutorial_taskflow_api_virtualenv.py took 0.067 seconds
[2025-07-01T22:11:26.023+0000] {processor.py:186} INFO - Started process (PID=6805) to work on /home/airflow/.local/lib/python3.12/site-packages/airflow/example_dags/tutorial_taskflow_api_virtualenv.py
[2025-07-01T22:11:26.024+0000] {processor.py:914} INFO - Processing file /home/airflow/.local/lib/python3.12/site-packages/airflow/example_dags/tutorial_taskflow_api_virtualenv.py for tasks to queue
[2025-07-01T22:11:26.026+0000] {logging_mixin.py:190} INFO - [2025-07-01T22:11:26.026+0000] {dagbag.py:588} INFO - Filling up the DagBag from /home/airflow/.local/lib/python3.12/site-packages/airflow/example_dags/tutorial_taskflow_api_virtualenv.py
[2025-07-01T22:11:26.039+0000] {processor.py:925} INFO - DAG(s) 'tutorial_taskflow_api_virtualenv' retrieved from /home/airflow/.local/lib/python3.12/site-packages/airflow/example_dags/tutorial_taskflow_api_virtualenv.py
[2025-07-01T22:11:26.060+0000] {logging_mixin.py:190} INFO - [2025-07-01T22:11:26.060+0000] {dag.py:3239} INFO - Sync 1 DAGs
[2025-07-01T22:11:26.073+0000] {logging_mixin.py:190} INFO - [2025-07-01T22:11:26.073+0000] {dag.py:4180} INFO - Setting next_dagrun for tutorial_taskflow_api_virtualenv to None, run_after=None
[2025-07-01T22:11:26.094+0000] {processor.py:208} INFO - Processing /home/airflow/.local/lib/python3.12/site-packages/airflow/example_dags/tutorial_taskflow_api_virtualenv.py took 0.077 seconds
[2025-07-01T22:11:56.740+0000] {processor.py:186} INFO - Started process (PID=6868) to work on /home/airflow/.local/lib/python3.12/site-packages/airflow/example_dags/tutorial_taskflow_api_virtualenv.py
[2025-07-01T22:11:56.742+0000] {processor.py:914} INFO - Processing file /home/airflow/.local/lib/python3.12/site-packages/airflow/example_dags/tutorial_taskflow_api_virtualenv.py for tasks to queue
[2025-07-01T22:11:56.744+0000] {logging_mixin.py:190} INFO - [2025-07-01T22:11:56.744+0000] {dagbag.py:588} INFO - Filling up the DagBag from /home/airflow/.local/lib/python3.12/site-packages/airflow/example_dags/tutorial_taskflow_api_virtualenv.py
[2025-07-01T22:11:56.757+0000] {processor.py:925} INFO - DAG(s) 'tutorial_taskflow_api_virtualenv' retrieved from /home/airflow/.local/lib/python3.12/site-packages/airflow/example_dags/tutorial_taskflow_api_virtualenv.py
[2025-07-01T22:11:56.778+0000] {logging_mixin.py:190} INFO - [2025-07-01T22:11:56.778+0000] {dag.py:3239} INFO - Sync 1 DAGs
[2025-07-01T22:11:56.791+0000] {logging_mixin.py:190} INFO - [2025-07-01T22:11:56.791+0000] {dag.py:4180} INFO - Setting next_dagrun for tutorial_taskflow_api_virtualenv to None, run_after=None
[2025-07-01T22:11:56.810+0000] {processor.py:208} INFO - Processing /home/airflow/.local/lib/python3.12/site-packages/airflow/example_dags/tutorial_taskflow_api_virtualenv.py took 0.076 seconds
[2025-07-01T22:12:27.661+0000] {processor.py:186} INFO - Started process (PID=6931) to work on /home/airflow/.local/lib/python3.12/site-packages/airflow/example_dags/tutorial_taskflow_api_virtualenv.py
[2025-07-01T22:12:27.662+0000] {processor.py:914} INFO - Processing file /home/airflow/.local/lib/python3.12/site-packages/airflow/example_dags/tutorial_taskflow_api_virtualenv.py for tasks to queue
[2025-07-01T22:12:27.665+0000] {logging_mixin.py:190} INFO - [2025-07-01T22:12:27.664+0000] {dagbag.py:588} INFO - Filling up the DagBag from /home/airflow/.local/lib/python3.12/site-packages/airflow/example_dags/tutorial_taskflow_api_virtualenv.py
[2025-07-01T22:12:27.677+0000] {processor.py:925} INFO - DAG(s) 'tutorial_taskflow_api_virtualenv' retrieved from /home/airflow/.local/lib/python3.12/site-packages/airflow/example_dags/tutorial_taskflow_api_virtualenv.py
[2025-07-01T22:12:27.696+0000] {logging_mixin.py:190} INFO - [2025-07-01T22:12:27.695+0000] {dag.py:3239} INFO - Sync 1 DAGs
[2025-07-01T22:12:27.712+0000] {logging_mixin.py:190} INFO - [2025-07-01T22:12:27.712+0000] {dag.py:4180} INFO - Setting next_dagrun for tutorial_taskflow_api_virtualenv to None, run_after=None
[2025-07-01T22:12:27.734+0000] {processor.py:208} INFO - Processing /home/airflow/.local/lib/python3.12/site-packages/airflow/example_dags/tutorial_taskflow_api_virtualenv.py took 0.079 seconds
[2025-07-01T22:12:58.352+0000] {processor.py:186} INFO - Started process (PID=6995) to work on /home/airflow/.local/lib/python3.12/site-packages/airflow/example_dags/tutorial_taskflow_api_virtualenv.py
[2025-07-01T22:12:58.353+0000] {processor.py:914} INFO - Processing file /home/airflow/.local/lib/python3.12/site-packages/airflow/example_dags/tutorial_taskflow_api_virtualenv.py for tasks to queue
[2025-07-01T22:12:58.356+0000] {logging_mixin.py:190} INFO - [2025-07-01T22:12:58.355+0000] {dagbag.py:588} INFO - Filling up the DagBag from /home/airflow/.local/lib/python3.12/site-packages/airflow/example_dags/tutorial_taskflow_api_virtualenv.py
[2025-07-01T22:12:58.366+0000] {processor.py:925} INFO - DAG(s) 'tutorial_taskflow_api_virtualenv' retrieved from /home/airflow/.local/lib/python3.12/site-packages/airflow/example_dags/tutorial_taskflow_api_virtualenv.py
[2025-07-01T22:12:58.383+0000] {logging_mixin.py:190} INFO - [2025-07-01T22:12:58.383+0000] {dag.py:3239} INFO - Sync 1 DAGs
[2025-07-01T22:12:58.395+0000] {logging_mixin.py:190} INFO - [2025-07-01T22:12:58.395+0000] {dag.py:4180} INFO - Setting next_dagrun for tutorial_taskflow_api_virtualenv to None, run_after=None
[2025-07-01T22:12:58.412+0000] {processor.py:208} INFO - Processing /home/airflow/.local/lib/python3.12/site-packages/airflow/example_dags/tutorial_taskflow_api_virtualenv.py took 0.065 seconds
[2025-07-01T22:13:29.089+0000] {processor.py:186} INFO - Started process (PID=7058) to work on /home/airflow/.local/lib/python3.12/site-packages/airflow/example_dags/tutorial_taskflow_api_virtualenv.py
[2025-07-01T22:13:29.090+0000] {processor.py:914} INFO - Processing file /home/airflow/.local/lib/python3.12/site-packages/airflow/example_dags/tutorial_taskflow_api_virtualenv.py for tasks to queue
[2025-07-01T22:13:29.093+0000] {logging_mixin.py:190} INFO - [2025-07-01T22:13:29.093+0000] {dagbag.py:588} INFO - Filling up the DagBag from /home/airflow/.local/lib/python3.12/site-packages/airflow/example_dags/tutorial_taskflow_api_virtualenv.py
[2025-07-01T22:13:29.106+0000] {processor.py:925} INFO - DAG(s) 'tutorial_taskflow_api_virtualenv' retrieved from /home/airflow/.local/lib/python3.12/site-packages/airflow/example_dags/tutorial_taskflow_api_virtualenv.py
[2025-07-01T22:13:29.126+0000] {logging_mixin.py:190} INFO - [2025-07-01T22:13:29.126+0000] {dag.py:3239} INFO - Sync 1 DAGs
[2025-07-01T22:13:29.139+0000] {logging_mixin.py:190} INFO - [2025-07-01T22:13:29.139+0000] {dag.py:4180} INFO - Setting next_dagrun for tutorial_taskflow_api_virtualenv to None, run_after=None
[2025-07-01T22:13:29.161+0000] {processor.py:208} INFO - Processing /home/airflow/.local/lib/python3.12/site-packages/airflow/example_dags/tutorial_taskflow_api_virtualenv.py took 0.080 seconds
[2025-07-01T22:14:00.122+0000] {processor.py:186} INFO - Started process (PID=7121) to work on /home/airflow/.local/lib/python3.12/site-packages/airflow/example_dags/tutorial_taskflow_api_virtualenv.py
[2025-07-01T22:14:00.123+0000] {processor.py:914} INFO - Processing file /home/airflow/.local/lib/python3.12/site-packages/airflow/example_dags/tutorial_taskflow_api_virtualenv.py for tasks to queue
[2025-07-01T22:14:00.125+0000] {logging_mixin.py:190} INFO - [2025-07-01T22:14:00.125+0000] {dagbag.py:588} INFO - Filling up the DagBag from /home/airflow/.local/lib/python3.12/site-packages/airflow/example_dags/tutorial_taskflow_api_virtualenv.py
[2025-07-01T22:14:00.136+0000] {processor.py:925} INFO - DAG(s) 'tutorial_taskflow_api_virtualenv' retrieved from /home/airflow/.local/lib/python3.12/site-packages/airflow/example_dags/tutorial_taskflow_api_virtualenv.py
[2025-07-01T22:14:00.153+0000] {logging_mixin.py:190} INFO - [2025-07-01T22:14:00.153+0000] {dag.py:3239} INFO - Sync 1 DAGs
[2025-07-01T22:14:00.165+0000] {logging_mixin.py:190} INFO - [2025-07-01T22:14:00.164+0000] {dag.py:4180} INFO - Setting next_dagrun for tutorial_taskflow_api_virtualenv to None, run_after=None
[2025-07-01T22:14:00.185+0000] {processor.py:208} INFO - Processing /home/airflow/.local/lib/python3.12/site-packages/airflow/example_dags/tutorial_taskflow_api_virtualenv.py took 0.069 seconds
[2025-07-01T22:14:30.836+0000] {processor.py:186} INFO - Started process (PID=7184) to work on /home/airflow/.local/lib/python3.12/site-packages/airflow/example_dags/tutorial_taskflow_api_virtualenv.py
[2025-07-01T22:14:30.837+0000] {processor.py:914} INFO - Processing file /home/airflow/.local/lib/python3.12/site-packages/airflow/example_dags/tutorial_taskflow_api_virtualenv.py for tasks to queue
[2025-07-01T22:14:30.839+0000] {logging_mixin.py:190} INFO - [2025-07-01T22:14:30.839+0000] {dagbag.py:588} INFO - Filling up the DagBag from /home/airflow/.local/lib/python3.12/site-packages/airflow/example_dags/tutorial_taskflow_api_virtualenv.py
[2025-07-01T22:14:30.850+0000] {processor.py:925} INFO - DAG(s) 'tutorial_taskflow_api_virtualenv' retrieved from /home/airflow/.local/lib/python3.12/site-packages/airflow/example_dags/tutorial_taskflow_api_virtualenv.py
[2025-07-01T22:14:30.867+0000] {logging_mixin.py:190} INFO - [2025-07-01T22:14:30.866+0000] {dag.py:3239} INFO - Sync 1 DAGs
[2025-07-01T22:14:30.879+0000] {logging_mixin.py:190} INFO - [2025-07-01T22:14:30.879+0000] {dag.py:4180} INFO - Setting next_dagrun for tutorial_taskflow_api_virtualenv to None, run_after=None
[2025-07-01T22:14:30.899+0000] {processor.py:208} INFO - Processing /home/airflow/.local/lib/python3.12/site-packages/airflow/example_dags/tutorial_taskflow_api_virtualenv.py took 0.068 seconds
[2025-07-01T22:15:01.329+0000] {processor.py:186} INFO - Started process (PID=7247) to work on /home/airflow/.local/lib/python3.12/site-packages/airflow/example_dags/tutorial_taskflow_api_virtualenv.py
[2025-07-01T22:15:01.331+0000] {processor.py:914} INFO - Processing file /home/airflow/.local/lib/python3.12/site-packages/airflow/example_dags/tutorial_taskflow_api_virtualenv.py for tasks to queue
[2025-07-01T22:15:01.334+0000] {logging_mixin.py:190} INFO - [2025-07-01T22:15:01.334+0000] {dagbag.py:588} INFO - Filling up the DagBag from /home/airflow/.local/lib/python3.12/site-packages/airflow/example_dags/tutorial_taskflow_api_virtualenv.py
[2025-07-01T22:15:01.353+0000] {processor.py:925} INFO - DAG(s) 'tutorial_taskflow_api_virtualenv' retrieved from /home/airflow/.local/lib/python3.12/site-packages/airflow/example_dags/tutorial_taskflow_api_virtualenv.py
[2025-07-01T22:15:01.378+0000] {logging_mixin.py:190} INFO - [2025-07-01T22:15:01.378+0000] {dag.py:3239} INFO - Sync 1 DAGs
[2025-07-01T22:15:01.398+0000] {logging_mixin.py:190} INFO - [2025-07-01T22:15:01.398+0000] {dag.py:4180} INFO - Setting next_dagrun for tutorial_taskflow_api_virtualenv to None, run_after=None
[2025-07-01T22:15:01.493+0000] {processor.py:208} INFO - Processing /home/airflow/.local/lib/python3.12/site-packages/airflow/example_dags/tutorial_taskflow_api_virtualenv.py took 0.174 seconds
[2025-07-01T22:15:31.690+0000] {processor.py:186} INFO - Started process (PID=7310) to work on /home/airflow/.local/lib/python3.12/site-packages/airflow/example_dags/tutorial_taskflow_api_virtualenv.py
[2025-07-01T22:15:31.691+0000] {processor.py:914} INFO - Processing file /home/airflow/.local/lib/python3.12/site-packages/airflow/example_dags/tutorial_taskflow_api_virtualenv.py for tasks to queue
[2025-07-01T22:15:31.694+0000] {logging_mixin.py:190} INFO - [2025-07-01T22:15:31.694+0000] {dagbag.py:588} INFO - Filling up the DagBag from /home/airflow/.local/lib/python3.12/site-packages/airflow/example_dags/tutorial_taskflow_api_virtualenv.py
[2025-07-01T22:15:31.707+0000] {processor.py:925} INFO - DAG(s) 'tutorial_taskflow_api_virtualenv' retrieved from /home/airflow/.local/lib/python3.12/site-packages/airflow/example_dags/tutorial_taskflow_api_virtualenv.py
[2025-07-01T22:15:31.725+0000] {logging_mixin.py:190} INFO - [2025-07-01T22:15:31.724+0000] {dag.py:3239} INFO - Sync 1 DAGs
[2025-07-01T22:15:31.738+0000] {logging_mixin.py:190} INFO - [2025-07-01T22:15:31.738+0000] {dag.py:4180} INFO - Setting next_dagrun for tutorial_taskflow_api_virtualenv to None, run_after=None
[2025-07-01T22:15:31.759+0000] {processor.py:208} INFO - Processing /home/airflow/.local/lib/python3.12/site-packages/airflow/example_dags/tutorial_taskflow_api_virtualenv.py took 0.075 seconds
[2025-07-01T22:16:02.212+0000] {processor.py:186} INFO - Started process (PID=7373) to work on /home/airflow/.local/lib/python3.12/site-packages/airflow/example_dags/tutorial_taskflow_api_virtualenv.py
[2025-07-01T22:16:02.213+0000] {processor.py:914} INFO - Processing file /home/airflow/.local/lib/python3.12/site-packages/airflow/example_dags/tutorial_taskflow_api_virtualenv.py for tasks to queue
[2025-07-01T22:16:02.215+0000] {logging_mixin.py:190} INFO - [2025-07-01T22:16:02.215+0000] {dagbag.py:588} INFO - Filling up the DagBag from /home/airflow/.local/lib/python3.12/site-packages/airflow/example_dags/tutorial_taskflow_api_virtualenv.py
[2025-07-01T22:16:02.227+0000] {processor.py:925} INFO - DAG(s) 'tutorial_taskflow_api_virtualenv' retrieved from /home/airflow/.local/lib/python3.12/site-packages/airflow/example_dags/tutorial_taskflow_api_virtualenv.py
[2025-07-01T22:16:02.245+0000] {logging_mixin.py:190} INFO - [2025-07-01T22:16:02.245+0000] {dag.py:3239} INFO - Sync 1 DAGs
[2025-07-01T22:16:02.258+0000] {logging_mixin.py:190} INFO - [2025-07-01T22:16:02.258+0000] {dag.py:4180} INFO - Setting next_dagrun for tutorial_taskflow_api_virtualenv to None, run_after=None
[2025-07-01T22:16:02.278+0000] {processor.py:208} INFO - Processing /home/airflow/.local/lib/python3.12/site-packages/airflow/example_dags/tutorial_taskflow_api_virtualenv.py took 0.071 seconds
[2025-07-01T22:16:32.779+0000] {processor.py:186} INFO - Started process (PID=7436) to work on /home/airflow/.local/lib/python3.12/site-packages/airflow/example_dags/tutorial_taskflow_api_virtualenv.py
[2025-07-01T22:16:32.781+0000] {processor.py:914} INFO - Processing file /home/airflow/.local/lib/python3.12/site-packages/airflow/example_dags/tutorial_taskflow_api_virtualenv.py for tasks to queue
[2025-07-01T22:16:32.783+0000] {logging_mixin.py:190} INFO - [2025-07-01T22:16:32.782+0000] {dagbag.py:588} INFO - Filling up the DagBag from /home/airflow/.local/lib/python3.12/site-packages/airflow/example_dags/tutorial_taskflow_api_virtualenv.py
[2025-07-01T22:16:32.793+0000] {processor.py:925} INFO - DAG(s) 'tutorial_taskflow_api_virtualenv' retrieved from /home/airflow/.local/lib/python3.12/site-packages/airflow/example_dags/tutorial_taskflow_api_virtualenv.py
[2025-07-01T22:16:32.811+0000] {logging_mixin.py:190} INFO - [2025-07-01T22:16:32.810+0000] {dag.py:3239} INFO - Sync 1 DAGs
[2025-07-01T22:16:32.822+0000] {logging_mixin.py:190} INFO - [2025-07-01T22:16:32.821+0000] {dag.py:4180} INFO - Setting next_dagrun for tutorial_taskflow_api_virtualenv to None, run_after=None
[2025-07-01T22:16:32.840+0000] {processor.py:208} INFO - Processing /home/airflow/.local/lib/python3.12/site-packages/airflow/example_dags/tutorial_taskflow_api_virtualenv.py took 0.066 seconds
[2025-07-01T22:17:03.392+0000] {processor.py:186} INFO - Started process (PID=7499) to work on /home/airflow/.local/lib/python3.12/site-packages/airflow/example_dags/tutorial_taskflow_api_virtualenv.py
[2025-07-01T22:17:03.393+0000] {processor.py:914} INFO - Processing file /home/airflow/.local/lib/python3.12/site-packages/airflow/example_dags/tutorial_taskflow_api_virtualenv.py for tasks to queue
[2025-07-01T22:17:03.396+0000] {logging_mixin.py:190} INFO - [2025-07-01T22:17:03.396+0000] {dagbag.py:588} INFO - Filling up the DagBag from /home/airflow/.local/lib/python3.12/site-packages/airflow/example_dags/tutorial_taskflow_api_virtualenv.py
[2025-07-01T22:17:03.409+0000] {processor.py:925} INFO - DAG(s) 'tutorial_taskflow_api_virtualenv' retrieved from /home/airflow/.local/lib/python3.12/site-packages/airflow/example_dags/tutorial_taskflow_api_virtualenv.py
[2025-07-01T22:17:03.428+0000] {logging_mixin.py:190} INFO - [2025-07-01T22:17:03.428+0000] {dag.py:3239} INFO - Sync 1 DAGs
[2025-07-01T22:17:03.440+0000] {logging_mixin.py:190} INFO - [2025-07-01T22:17:03.440+0000] {dag.py:4180} INFO - Setting next_dagrun for tutorial_taskflow_api_virtualenv to None, run_after=None
[2025-07-01T22:17:03.459+0000] {processor.py:208} INFO - Processing /home/airflow/.local/lib/python3.12/site-packages/airflow/example_dags/tutorial_taskflow_api_virtualenv.py took 0.073 seconds
[2025-07-01T22:17:34.023+0000] {processor.py:186} INFO - Started process (PID=7562) to work on /home/airflow/.local/lib/python3.12/site-packages/airflow/example_dags/tutorial_taskflow_api_virtualenv.py
[2025-07-01T22:17:34.024+0000] {processor.py:914} INFO - Processing file /home/airflow/.local/lib/python3.12/site-packages/airflow/example_dags/tutorial_taskflow_api_virtualenv.py for tasks to queue
[2025-07-01T22:17:34.026+0000] {logging_mixin.py:190} INFO - [2025-07-01T22:17:34.026+0000] {dagbag.py:588} INFO - Filling up the DagBag from /home/airflow/.local/lib/python3.12/site-packages/airflow/example_dags/tutorial_taskflow_api_virtualenv.py
[2025-07-01T22:17:34.037+0000] {processor.py:925} INFO - DAG(s) 'tutorial_taskflow_api_virtualenv' retrieved from /home/airflow/.local/lib/python3.12/site-packages/airflow/example_dags/tutorial_taskflow_api_virtualenv.py
[2025-07-01T22:17:34.056+0000] {logging_mixin.py:190} INFO - [2025-07-01T22:17:34.056+0000] {dag.py:3239} INFO - Sync 1 DAGs
[2025-07-01T22:17:34.068+0000] {logging_mixin.py:190} INFO - [2025-07-01T22:17:34.067+0000] {dag.py:4180} INFO - Setting next_dagrun for tutorial_taskflow_api_virtualenv to None, run_after=None
[2025-07-01T22:17:34.090+0000] {processor.py:208} INFO - Processing /home/airflow/.local/lib/python3.12/site-packages/airflow/example_dags/tutorial_taskflow_api_virtualenv.py took 0.073 seconds
[2025-07-01T22:18:05.110+0000] {processor.py:186} INFO - Started process (PID=7625) to work on /home/airflow/.local/lib/python3.12/site-packages/airflow/example_dags/tutorial_taskflow_api_virtualenv.py
[2025-07-01T22:18:05.111+0000] {processor.py:914} INFO - Processing file /home/airflow/.local/lib/python3.12/site-packages/airflow/example_dags/tutorial_taskflow_api_virtualenv.py for tasks to queue
[2025-07-01T22:18:05.115+0000] {logging_mixin.py:190} INFO - [2025-07-01T22:18:05.115+0000] {dagbag.py:588} INFO - Filling up the DagBag from /home/airflow/.local/lib/python3.12/site-packages/airflow/example_dags/tutorial_taskflow_api_virtualenv.py
[2025-07-01T22:18:05.131+0000] {processor.py:925} INFO - DAG(s) 'tutorial_taskflow_api_virtualenv' retrieved from /home/airflow/.local/lib/python3.12/site-packages/airflow/example_dags/tutorial_taskflow_api_virtualenv.py
[2025-07-01T22:18:05.154+0000] {logging_mixin.py:190} INFO - [2025-07-01T22:18:05.154+0000] {dag.py:3239} INFO - Sync 1 DAGs
[2025-07-01T22:18:05.173+0000] {logging_mixin.py:190} INFO - [2025-07-01T22:18:05.173+0000] {dag.py:4180} INFO - Setting next_dagrun for tutorial_taskflow_api_virtualenv to None, run_after=None
[2025-07-01T22:18:05.202+0000] {processor.py:208} INFO - Processing /home/airflow/.local/lib/python3.12/site-packages/airflow/example_dags/tutorial_taskflow_api_virtualenv.py took 0.101 seconds
[2025-07-01T22:18:35.516+0000] {processor.py:186} INFO - Started process (PID=7694) to work on /home/airflow/.local/lib/python3.12/site-packages/airflow/example_dags/tutorial_taskflow_api_virtualenv.py
[2025-07-01T22:18:35.518+0000] {processor.py:914} INFO - Processing file /home/airflow/.local/lib/python3.12/site-packages/airflow/example_dags/tutorial_taskflow_api_virtualenv.py for tasks to queue
[2025-07-01T22:18:35.520+0000] {logging_mixin.py:190} INFO - [2025-07-01T22:18:35.520+0000] {dagbag.py:588} INFO - Filling up the DagBag from /home/airflow/.local/lib/python3.12/site-packages/airflow/example_dags/tutorial_taskflow_api_virtualenv.py
[2025-07-01T22:18:35.535+0000] {processor.py:925} INFO - DAG(s) 'tutorial_taskflow_api_virtualenv' retrieved from /home/airflow/.local/lib/python3.12/site-packages/airflow/example_dags/tutorial_taskflow_api_virtualenv.py
[2025-07-01T22:18:35.555+0000] {logging_mixin.py:190} INFO - [2025-07-01T22:18:35.555+0000] {dag.py:3239} INFO - Sync 1 DAGs
[2025-07-01T22:18:35.570+0000] {logging_mixin.py:190} INFO - [2025-07-01T22:18:35.570+0000] {dag.py:4180} INFO - Setting next_dagrun for tutorial_taskflow_api_virtualenv to None, run_after=None
[2025-07-01T22:18:35.598+0000] {processor.py:208} INFO - Processing /home/airflow/.local/lib/python3.12/site-packages/airflow/example_dags/tutorial_taskflow_api_virtualenv.py took 0.088 seconds
[2025-07-01T22:19:06.733+0000] {processor.py:186} INFO - Started process (PID=7758) to work on /home/airflow/.local/lib/python3.12/site-packages/airflow/example_dags/tutorial_taskflow_api_virtualenv.py
[2025-07-01T22:19:06.734+0000] {processor.py:914} INFO - Processing file /home/airflow/.local/lib/python3.12/site-packages/airflow/example_dags/tutorial_taskflow_api_virtualenv.py for tasks to queue
[2025-07-01T22:19:06.736+0000] {logging_mixin.py:190} INFO - [2025-07-01T22:19:06.736+0000] {dagbag.py:588} INFO - Filling up the DagBag from /home/airflow/.local/lib/python3.12/site-packages/airflow/example_dags/tutorial_taskflow_api_virtualenv.py
[2025-07-01T22:19:06.750+0000] {processor.py:925} INFO - DAG(s) 'tutorial_taskflow_api_virtualenv' retrieved from /home/airflow/.local/lib/python3.12/site-packages/airflow/example_dags/tutorial_taskflow_api_virtualenv.py
[2025-07-01T22:19:06.773+0000] {logging_mixin.py:190} INFO - [2025-07-01T22:19:06.773+0000] {dag.py:3239} INFO - Sync 1 DAGs
[2025-07-01T22:19:06.786+0000] {logging_mixin.py:190} INFO - [2025-07-01T22:19:06.786+0000] {dag.py:4180} INFO - Setting next_dagrun for tutorial_taskflow_api_virtualenv to None, run_after=None
[2025-07-01T22:19:06.817+0000] {processor.py:208} INFO - Processing /home/airflow/.local/lib/python3.12/site-packages/airflow/example_dags/tutorial_taskflow_api_virtualenv.py took 0.090 seconds
[2025-07-01T22:19:37.327+0000] {processor.py:186} INFO - Started process (PID=7821) to work on /home/airflow/.local/lib/python3.12/site-packages/airflow/example_dags/tutorial_taskflow_api_virtualenv.py
[2025-07-01T22:19:37.328+0000] {processor.py:914} INFO - Processing file /home/airflow/.local/lib/python3.12/site-packages/airflow/example_dags/tutorial_taskflow_api_virtualenv.py for tasks to queue
[2025-07-01T22:19:37.330+0000] {logging_mixin.py:190} INFO - [2025-07-01T22:19:37.330+0000] {dagbag.py:588} INFO - Filling up the DagBag from /home/airflow/.local/lib/python3.12/site-packages/airflow/example_dags/tutorial_taskflow_api_virtualenv.py
[2025-07-01T22:19:37.342+0000] {processor.py:925} INFO - DAG(s) 'tutorial_taskflow_api_virtualenv' retrieved from /home/airflow/.local/lib/python3.12/site-packages/airflow/example_dags/tutorial_taskflow_api_virtualenv.py
[2025-07-01T22:19:37.364+0000] {logging_mixin.py:190} INFO - [2025-07-01T22:19:37.364+0000] {dag.py:3239} INFO - Sync 1 DAGs
[2025-07-01T22:19:37.386+0000] {logging_mixin.py:190} INFO - [2025-07-01T22:19:37.385+0000] {dag.py:4180} INFO - Setting next_dagrun for tutorial_taskflow_api_virtualenv to None, run_after=None
[2025-07-01T22:19:37.407+0000] {processor.py:208} INFO - Processing /home/airflow/.local/lib/python3.12/site-packages/airflow/example_dags/tutorial_taskflow_api_virtualenv.py took 0.086 seconds
[2025-07-01T22:20:07.896+0000] {processor.py:186} INFO - Started process (PID=7884) to work on /home/airflow/.local/lib/python3.12/site-packages/airflow/example_dags/tutorial_taskflow_api_virtualenv.py
[2025-07-01T22:20:07.897+0000] {processor.py:914} INFO - Processing file /home/airflow/.local/lib/python3.12/site-packages/airflow/example_dags/tutorial_taskflow_api_virtualenv.py for tasks to queue
[2025-07-01T22:20:07.899+0000] {logging_mixin.py:190} INFO - [2025-07-01T22:20:07.899+0000] {dagbag.py:588} INFO - Filling up the DagBag from /home/airflow/.local/lib/python3.12/site-packages/airflow/example_dags/tutorial_taskflow_api_virtualenv.py
[2025-07-01T22:20:07.909+0000] {processor.py:925} INFO - DAG(s) 'tutorial_taskflow_api_virtualenv' retrieved from /home/airflow/.local/lib/python3.12/site-packages/airflow/example_dags/tutorial_taskflow_api_virtualenv.py
[2025-07-01T22:20:07.927+0000] {logging_mixin.py:190} INFO - [2025-07-01T22:20:07.926+0000] {dag.py:3239} INFO - Sync 1 DAGs
[2025-07-01T22:20:07.939+0000] {logging_mixin.py:190} INFO - [2025-07-01T22:20:07.939+0000] {dag.py:4180} INFO - Setting next_dagrun for tutorial_taskflow_api_virtualenv to None, run_after=None
[2025-07-01T22:20:07.960+0000] {processor.py:208} INFO - Processing /home/airflow/.local/lib/python3.12/site-packages/airflow/example_dags/tutorial_taskflow_api_virtualenv.py took 0.068 seconds
[2025-07-01T22:20:38.374+0000] {processor.py:186} INFO - Started process (PID=7947) to work on /home/airflow/.local/lib/python3.12/site-packages/airflow/example_dags/tutorial_taskflow_api_virtualenv.py
[2025-07-01T22:20:38.375+0000] {processor.py:914} INFO - Processing file /home/airflow/.local/lib/python3.12/site-packages/airflow/example_dags/tutorial_taskflow_api_virtualenv.py for tasks to queue
[2025-07-01T22:20:38.377+0000] {logging_mixin.py:190} INFO - [2025-07-01T22:20:38.377+0000] {dagbag.py:588} INFO - Filling up the DagBag from /home/airflow/.local/lib/python3.12/site-packages/airflow/example_dags/tutorial_taskflow_api_virtualenv.py
[2025-07-01T22:20:38.389+0000] {processor.py:925} INFO - DAG(s) 'tutorial_taskflow_api_virtualenv' retrieved from /home/airflow/.local/lib/python3.12/site-packages/airflow/example_dags/tutorial_taskflow_api_virtualenv.py
[2025-07-01T22:20:38.406+0000] {logging_mixin.py:190} INFO - [2025-07-01T22:20:38.406+0000] {dag.py:3239} INFO - Sync 1 DAGs
[2025-07-01T22:20:38.418+0000] {logging_mixin.py:190} INFO - [2025-07-01T22:20:38.418+0000] {dag.py:4180} INFO - Setting next_dagrun for tutorial_taskflow_api_virtualenv to None, run_after=None
[2025-07-01T22:20:38.436+0000] {processor.py:208} INFO - Processing /home/airflow/.local/lib/python3.12/site-packages/airflow/example_dags/tutorial_taskflow_api_virtualenv.py took 0.069 seconds
[2025-07-01T22:21:09.062+0000] {processor.py:186} INFO - Started process (PID=8010) to work on /home/airflow/.local/lib/python3.12/site-packages/airflow/example_dags/tutorial_taskflow_api_virtualenv.py
[2025-07-01T22:21:09.063+0000] {processor.py:914} INFO - Processing file /home/airflow/.local/lib/python3.12/site-packages/airflow/example_dags/tutorial_taskflow_api_virtualenv.py for tasks to queue
[2025-07-01T22:21:09.065+0000] {logging_mixin.py:190} INFO - [2025-07-01T22:21:09.065+0000] {dagbag.py:588} INFO - Filling up the DagBag from /home/airflow/.local/lib/python3.12/site-packages/airflow/example_dags/tutorial_taskflow_api_virtualenv.py
[2025-07-01T22:21:09.076+0000] {processor.py:925} INFO - DAG(s) 'tutorial_taskflow_api_virtualenv' retrieved from /home/airflow/.local/lib/python3.12/site-packages/airflow/example_dags/tutorial_taskflow_api_virtualenv.py
[2025-07-01T22:21:09.093+0000] {logging_mixin.py:190} INFO - [2025-07-01T22:21:09.093+0000] {dag.py:3239} INFO - Sync 1 DAGs
[2025-07-01T22:21:09.105+0000] {logging_mixin.py:190} INFO - [2025-07-01T22:21:09.104+0000] {dag.py:4180} INFO - Setting next_dagrun for tutorial_taskflow_api_virtualenv to None, run_after=None
[2025-07-01T22:21:09.122+0000] {processor.py:208} INFO - Processing /home/airflow/.local/lib/python3.12/site-packages/airflow/example_dags/tutorial_taskflow_api_virtualenv.py took 0.065 seconds
[2025-07-01T22:21:39.923+0000] {processor.py:186} INFO - Started process (PID=8073) to work on /home/airflow/.local/lib/python3.12/site-packages/airflow/example_dags/tutorial_taskflow_api_virtualenv.py
[2025-07-01T22:21:39.924+0000] {processor.py:914} INFO - Processing file /home/airflow/.local/lib/python3.12/site-packages/airflow/example_dags/tutorial_taskflow_api_virtualenv.py for tasks to queue
[2025-07-01T22:21:39.927+0000] {logging_mixin.py:190} INFO - [2025-07-01T22:21:39.926+0000] {dagbag.py:588} INFO - Filling up the DagBag from /home/airflow/.local/lib/python3.12/site-packages/airflow/example_dags/tutorial_taskflow_api_virtualenv.py
[2025-07-01T22:21:39.938+0000] {processor.py:925} INFO - DAG(s) 'tutorial_taskflow_api_virtualenv' retrieved from /home/airflow/.local/lib/python3.12/site-packages/airflow/example_dags/tutorial_taskflow_api_virtualenv.py
[2025-07-01T22:21:39.960+0000] {logging_mixin.py:190} INFO - [2025-07-01T22:21:39.959+0000] {dag.py:3239} INFO - Sync 1 DAGs
[2025-07-01T22:21:39.975+0000] {logging_mixin.py:190} INFO - [2025-07-01T22:21:39.975+0000] {dag.py:4180} INFO - Setting next_dagrun for tutorial_taskflow_api_virtualenv to None, run_after=None
[2025-07-01T22:21:39.997+0000] {processor.py:208} INFO - Processing /home/airflow/.local/lib/python3.12/site-packages/airflow/example_dags/tutorial_taskflow_api_virtualenv.py took 0.080 seconds
[2025-07-01T22:22:10.437+0000] {processor.py:186} INFO - Started process (PID=8136) to work on /home/airflow/.local/lib/python3.12/site-packages/airflow/example_dags/tutorial_taskflow_api_virtualenv.py
[2025-07-01T22:22:10.438+0000] {processor.py:914} INFO - Processing file /home/airflow/.local/lib/python3.12/site-packages/airflow/example_dags/tutorial_taskflow_api_virtualenv.py for tasks to queue
[2025-07-01T22:22:10.440+0000] {logging_mixin.py:190} INFO - [2025-07-01T22:22:10.439+0000] {dagbag.py:588} INFO - Filling up the DagBag from /home/airflow/.local/lib/python3.12/site-packages/airflow/example_dags/tutorial_taskflow_api_virtualenv.py
[2025-07-01T22:22:10.450+0000] {processor.py:925} INFO - DAG(s) 'tutorial_taskflow_api_virtualenv' retrieved from /home/airflow/.local/lib/python3.12/site-packages/airflow/example_dags/tutorial_taskflow_api_virtualenv.py
[2025-07-01T22:22:10.468+0000] {logging_mixin.py:190} INFO - [2025-07-01T22:22:10.467+0000] {dag.py:3239} INFO - Sync 1 DAGs
[2025-07-01T22:22:10.480+0000] {logging_mixin.py:190} INFO - [2025-07-01T22:22:10.479+0000] {dag.py:4180} INFO - Setting next_dagrun for tutorial_taskflow_api_virtualenv to None, run_after=None
[2025-07-01T22:22:10.499+0000] {processor.py:208} INFO - Processing /home/airflow/.local/lib/python3.12/site-packages/airflow/example_dags/tutorial_taskflow_api_virtualenv.py took 0.068 seconds
[2025-07-01T22:22:40.918+0000] {processor.py:186} INFO - Started process (PID=8199) to work on /home/airflow/.local/lib/python3.12/site-packages/airflow/example_dags/tutorial_taskflow_api_virtualenv.py
[2025-07-01T22:22:40.919+0000] {processor.py:914} INFO - Processing file /home/airflow/.local/lib/python3.12/site-packages/airflow/example_dags/tutorial_taskflow_api_virtualenv.py for tasks to queue
[2025-07-01T22:22:40.921+0000] {logging_mixin.py:190} INFO - [2025-07-01T22:22:40.921+0000] {dagbag.py:588} INFO - Filling up the DagBag from /home/airflow/.local/lib/python3.12/site-packages/airflow/example_dags/tutorial_taskflow_api_virtualenv.py
[2025-07-01T22:22:40.933+0000] {processor.py:925} INFO - DAG(s) 'tutorial_taskflow_api_virtualenv' retrieved from /home/airflow/.local/lib/python3.12/site-packages/airflow/example_dags/tutorial_taskflow_api_virtualenv.py
[2025-07-01T22:22:40.953+0000] {logging_mixin.py:190} INFO - [2025-07-01T22:22:40.953+0000] {dag.py:3239} INFO - Sync 1 DAGs
[2025-07-01T22:22:40.966+0000] {logging_mixin.py:190} INFO - [2025-07-01T22:22:40.966+0000] {dag.py:4180} INFO - Setting next_dagrun for tutorial_taskflow_api_virtualenv to None, run_after=None
[2025-07-01T22:22:40.986+0000] {processor.py:208} INFO - Processing /home/airflow/.local/lib/python3.12/site-packages/airflow/example_dags/tutorial_taskflow_api_virtualenv.py took 0.074 seconds
[2025-07-01T22:23:11.617+0000] {processor.py:186} INFO - Started process (PID=8262) to work on /home/airflow/.local/lib/python3.12/site-packages/airflow/example_dags/tutorial_taskflow_api_virtualenv.py
[2025-07-01T22:23:11.618+0000] {processor.py:914} INFO - Processing file /home/airflow/.local/lib/python3.12/site-packages/airflow/example_dags/tutorial_taskflow_api_virtualenv.py for tasks to queue
[2025-07-01T22:23:11.621+0000] {logging_mixin.py:190} INFO - [2025-07-01T22:23:11.620+0000] {dagbag.py:588} INFO - Filling up the DagBag from /home/airflow/.local/lib/python3.12/site-packages/airflow/example_dags/tutorial_taskflow_api_virtualenv.py
[2025-07-01T22:23:11.631+0000] {processor.py:925} INFO - DAG(s) 'tutorial_taskflow_api_virtualenv' retrieved from /home/airflow/.local/lib/python3.12/site-packages/airflow/example_dags/tutorial_taskflow_api_virtualenv.py
[2025-07-01T22:23:11.650+0000] {logging_mixin.py:190} INFO - [2025-07-01T22:23:11.650+0000] {dag.py:3239} INFO - Sync 1 DAGs
[2025-07-01T22:23:11.663+0000] {logging_mixin.py:190} INFO - [2025-07-01T22:23:11.663+0000] {dag.py:4180} INFO - Setting next_dagrun for tutorial_taskflow_api_virtualenv to None, run_after=None
[2025-07-01T22:23:11.683+0000] {processor.py:208} INFO - Processing /home/airflow/.local/lib/python3.12/site-packages/airflow/example_dags/tutorial_taskflow_api_virtualenv.py took 0.072 seconds
[2025-07-01T22:23:42.453+0000] {processor.py:186} INFO - Started process (PID=8325) to work on /home/airflow/.local/lib/python3.12/site-packages/airflow/example_dags/tutorial_taskflow_api_virtualenv.py
[2025-07-01T22:23:42.454+0000] {processor.py:914} INFO - Processing file /home/airflow/.local/lib/python3.12/site-packages/airflow/example_dags/tutorial_taskflow_api_virtualenv.py for tasks to queue
[2025-07-01T22:23:42.456+0000] {logging_mixin.py:190} INFO - [2025-07-01T22:23:42.456+0000] {dagbag.py:588} INFO - Filling up the DagBag from /home/airflow/.local/lib/python3.12/site-packages/airflow/example_dags/tutorial_taskflow_api_virtualenv.py
[2025-07-01T22:23:42.466+0000] {processor.py:925} INFO - DAG(s) 'tutorial_taskflow_api_virtualenv' retrieved from /home/airflow/.local/lib/python3.12/site-packages/airflow/example_dags/tutorial_taskflow_api_virtualenv.py
[2025-07-01T22:23:42.487+0000] {logging_mixin.py:190} INFO - [2025-07-01T22:23:42.487+0000] {dag.py:3239} INFO - Sync 1 DAGs
[2025-07-01T22:23:42.501+0000] {logging_mixin.py:190} INFO - [2025-07-01T22:23:42.501+0000] {dag.py:4180} INFO - Setting next_dagrun for tutorial_taskflow_api_virtualenv to None, run_after=None
[2025-07-01T22:23:42.531+0000] {processor.py:208} INFO - Processing /home/airflow/.local/lib/python3.12/site-packages/airflow/example_dags/tutorial_taskflow_api_virtualenv.py took 0.083 seconds
[2025-07-01T22:24:13.069+0000] {processor.py:186} INFO - Started process (PID=8388) to work on /home/airflow/.local/lib/python3.12/site-packages/airflow/example_dags/tutorial_taskflow_api_virtualenv.py
[2025-07-01T22:24:13.070+0000] {processor.py:914} INFO - Processing file /home/airflow/.local/lib/python3.12/site-packages/airflow/example_dags/tutorial_taskflow_api_virtualenv.py for tasks to queue
[2025-07-01T22:24:13.072+0000] {logging_mixin.py:190} INFO - [2025-07-01T22:24:13.072+0000] {dagbag.py:588} INFO - Filling up the DagBag from /home/airflow/.local/lib/python3.12/site-packages/airflow/example_dags/tutorial_taskflow_api_virtualenv.py
[2025-07-01T22:24:13.083+0000] {processor.py:925} INFO - DAG(s) 'tutorial_taskflow_api_virtualenv' retrieved from /home/airflow/.local/lib/python3.12/site-packages/airflow/example_dags/tutorial_taskflow_api_virtualenv.py
[2025-07-01T22:24:13.100+0000] {logging_mixin.py:190} INFO - [2025-07-01T22:24:13.100+0000] {dag.py:3239} INFO - Sync 1 DAGs
[2025-07-01T22:24:13.113+0000] {logging_mixin.py:190} INFO - [2025-07-01T22:24:13.113+0000] {dag.py:4180} INFO - Setting next_dagrun for tutorial_taskflow_api_virtualenv to None, run_after=None
[2025-07-01T22:24:13.132+0000] {processor.py:208} INFO - Processing /home/airflow/.local/lib/python3.12/site-packages/airflow/example_dags/tutorial_taskflow_api_virtualenv.py took 0.070 seconds
[2025-07-01T22:24:43.710+0000] {processor.py:186} INFO - Started process (PID=8457) to work on /home/airflow/.local/lib/python3.12/site-packages/airflow/example_dags/tutorial_taskflow_api_virtualenv.py
[2025-07-01T22:24:43.711+0000] {processor.py:914} INFO - Processing file /home/airflow/.local/lib/python3.12/site-packages/airflow/example_dags/tutorial_taskflow_api_virtualenv.py for tasks to queue
[2025-07-01T22:24:43.714+0000] {logging_mixin.py:190} INFO - [2025-07-01T22:24:43.714+0000] {dagbag.py:588} INFO - Filling up the DagBag from /home/airflow/.local/lib/python3.12/site-packages/airflow/example_dags/tutorial_taskflow_api_virtualenv.py
[2025-07-01T22:24:43.724+0000] {processor.py:925} INFO - DAG(s) 'tutorial_taskflow_api_virtualenv' retrieved from /home/airflow/.local/lib/python3.12/site-packages/airflow/example_dags/tutorial_taskflow_api_virtualenv.py
[2025-07-01T22:24:43.741+0000] {logging_mixin.py:190} INFO - [2025-07-01T22:24:43.740+0000] {dag.py:3239} INFO - Sync 1 DAGs
[2025-07-01T22:24:43.753+0000] {logging_mixin.py:190} INFO - [2025-07-01T22:24:43.752+0000] {dag.py:4180} INFO - Setting next_dagrun for tutorial_taskflow_api_virtualenv to None, run_after=None
[2025-07-01T22:24:43.772+0000] {processor.py:208} INFO - Processing /home/airflow/.local/lib/python3.12/site-packages/airflow/example_dags/tutorial_taskflow_api_virtualenv.py took 0.068 seconds
[2025-07-01T22:25:14.433+0000] {processor.py:186} INFO - Started process (PID=8520) to work on /home/airflow/.local/lib/python3.12/site-packages/airflow/example_dags/tutorial_taskflow_api_virtualenv.py
[2025-07-01T22:25:14.434+0000] {processor.py:914} INFO - Processing file /home/airflow/.local/lib/python3.12/site-packages/airflow/example_dags/tutorial_taskflow_api_virtualenv.py for tasks to queue
[2025-07-01T22:25:14.437+0000] {logging_mixin.py:190} INFO - [2025-07-01T22:25:14.436+0000] {dagbag.py:588} INFO - Filling up the DagBag from /home/airflow/.local/lib/python3.12/site-packages/airflow/example_dags/tutorial_taskflow_api_virtualenv.py
[2025-07-01T22:25:14.447+0000] {processor.py:925} INFO - DAG(s) 'tutorial_taskflow_api_virtualenv' retrieved from /home/airflow/.local/lib/python3.12/site-packages/airflow/example_dags/tutorial_taskflow_api_virtualenv.py
[2025-07-01T22:25:14.464+0000] {logging_mixin.py:190} INFO - [2025-07-01T22:25:14.463+0000] {dag.py:3239} INFO - Sync 1 DAGs
[2025-07-01T22:25:14.475+0000] {logging_mixin.py:190} INFO - [2025-07-01T22:25:14.474+0000] {dag.py:4180} INFO - Setting next_dagrun for tutorial_taskflow_api_virtualenv to None, run_after=None
[2025-07-01T22:25:14.493+0000] {processor.py:208} INFO - Processing /home/airflow/.local/lib/python3.12/site-packages/airflow/example_dags/tutorial_taskflow_api_virtualenv.py took 0.067 seconds
[2025-07-01T22:25:45.094+0000] {processor.py:186} INFO - Started process (PID=8625) to work on /home/airflow/.local/lib/python3.12/site-packages/airflow/example_dags/tutorial_taskflow_api_virtualenv.py
[2025-07-01T22:25:45.095+0000] {processor.py:914} INFO - Processing file /home/airflow/.local/lib/python3.12/site-packages/airflow/example_dags/tutorial_taskflow_api_virtualenv.py for tasks to queue
[2025-07-01T22:25:45.097+0000] {logging_mixin.py:190} INFO - [2025-07-01T22:25:45.097+0000] {dagbag.py:588} INFO - Filling up the DagBag from /home/airflow/.local/lib/python3.12/site-packages/airflow/example_dags/tutorial_taskflow_api_virtualenv.py
[2025-07-01T22:25:45.108+0000] {processor.py:925} INFO - DAG(s) 'tutorial_taskflow_api_virtualenv' retrieved from /home/airflow/.local/lib/python3.12/site-packages/airflow/example_dags/tutorial_taskflow_api_virtualenv.py
[2025-07-01T22:25:45.128+0000] {logging_mixin.py:190} INFO - [2025-07-01T22:25:45.128+0000] {dag.py:3239} INFO - Sync 1 DAGs
[2025-07-01T22:25:45.142+0000] {logging_mixin.py:190} INFO - [2025-07-01T22:25:45.142+0000] {dag.py:4180} INFO - Setting next_dagrun for tutorial_taskflow_api_virtualenv to None, run_after=None
[2025-07-01T22:25:45.161+0000] {processor.py:208} INFO - Processing /home/airflow/.local/lib/python3.12/site-packages/airflow/example_dags/tutorial_taskflow_api_virtualenv.py took 0.075 seconds
[2025-07-01T22:26:16.091+0000] {processor.py:186} INFO - Started process (PID=8691) to work on /home/airflow/.local/lib/python3.12/site-packages/airflow/example_dags/tutorial_taskflow_api_virtualenv.py
[2025-07-01T22:26:16.091+0000] {processor.py:914} INFO - Processing file /home/airflow/.local/lib/python3.12/site-packages/airflow/example_dags/tutorial_taskflow_api_virtualenv.py for tasks to queue
[2025-07-01T22:26:16.094+0000] {logging_mixin.py:190} INFO - [2025-07-01T22:26:16.094+0000] {dagbag.py:588} INFO - Filling up the DagBag from /home/airflow/.local/lib/python3.12/site-packages/airflow/example_dags/tutorial_taskflow_api_virtualenv.py
[2025-07-01T22:26:16.106+0000] {processor.py:925} INFO - DAG(s) 'tutorial_taskflow_api_virtualenv' retrieved from /home/airflow/.local/lib/python3.12/site-packages/airflow/example_dags/tutorial_taskflow_api_virtualenv.py
[2025-07-01T22:26:16.128+0000] {logging_mixin.py:190} INFO - [2025-07-01T22:26:16.127+0000] {dag.py:3239} INFO - Sync 1 DAGs
[2025-07-01T22:26:16.144+0000] {logging_mixin.py:190} INFO - [2025-07-01T22:26:16.144+0000] {dag.py:4180} INFO - Setting next_dagrun for tutorial_taskflow_api_virtualenv to None, run_after=None
[2025-07-01T22:26:16.179+0000] {processor.py:208} INFO - Processing /home/airflow/.local/lib/python3.12/site-packages/airflow/example_dags/tutorial_taskflow_api_virtualenv.py took 0.097 seconds
[2025-07-01T22:26:46.420+0000] {processor.py:186} INFO - Started process (PID=8755) to work on /home/airflow/.local/lib/python3.12/site-packages/airflow/example_dags/tutorial_taskflow_api_virtualenv.py
[2025-07-01T22:26:46.421+0000] {processor.py:914} INFO - Processing file /home/airflow/.local/lib/python3.12/site-packages/airflow/example_dags/tutorial_taskflow_api_virtualenv.py for tasks to queue
[2025-07-01T22:26:46.423+0000] {logging_mixin.py:190} INFO - [2025-07-01T22:26:46.423+0000] {dagbag.py:588} INFO - Filling up the DagBag from /home/airflow/.local/lib/python3.12/site-packages/airflow/example_dags/tutorial_taskflow_api_virtualenv.py
[2025-07-01T22:26:46.435+0000] {processor.py:925} INFO - DAG(s) 'tutorial_taskflow_api_virtualenv' retrieved from /home/airflow/.local/lib/python3.12/site-packages/airflow/example_dags/tutorial_taskflow_api_virtualenv.py
[2025-07-01T22:26:46.452+0000] {logging_mixin.py:190} INFO - [2025-07-01T22:26:46.452+0000] {dag.py:3239} INFO - Sync 1 DAGs
[2025-07-01T22:26:46.466+0000] {logging_mixin.py:190} INFO - [2025-07-01T22:26:46.465+0000] {dag.py:4180} INFO - Setting next_dagrun for tutorial_taskflow_api_virtualenv to None, run_after=None
[2025-07-01T22:26:46.485+0000] {processor.py:208} INFO - Processing /home/airflow/.local/lib/python3.12/site-packages/airflow/example_dags/tutorial_taskflow_api_virtualenv.py took 0.073 seconds
[2025-07-01T22:27:17.510+0000] {processor.py:186} INFO - Started process (PID=8819) to work on /home/airflow/.local/lib/python3.12/site-packages/airflow/example_dags/tutorial_taskflow_api_virtualenv.py
[2025-07-01T22:27:17.511+0000] {processor.py:914} INFO - Processing file /home/airflow/.local/lib/python3.12/site-packages/airflow/example_dags/tutorial_taskflow_api_virtualenv.py for tasks to queue
[2025-07-01T22:27:17.513+0000] {logging_mixin.py:190} INFO - [2025-07-01T22:27:17.513+0000] {dagbag.py:588} INFO - Filling up the DagBag from /home/airflow/.local/lib/python3.12/site-packages/airflow/example_dags/tutorial_taskflow_api_virtualenv.py
[2025-07-01T22:27:17.524+0000] {processor.py:925} INFO - DAG(s) 'tutorial_taskflow_api_virtualenv' retrieved from /home/airflow/.local/lib/python3.12/site-packages/airflow/example_dags/tutorial_taskflow_api_virtualenv.py
[2025-07-01T22:27:17.541+0000] {logging_mixin.py:190} INFO - [2025-07-01T22:27:17.541+0000] {dag.py:3239} INFO - Sync 1 DAGs
[2025-07-01T22:27:17.553+0000] {logging_mixin.py:190} INFO - [2025-07-01T22:27:17.553+0000] {dag.py:4180} INFO - Setting next_dagrun for tutorial_taskflow_api_virtualenv to None, run_after=None
[2025-07-01T22:27:17.571+0000] {processor.py:208} INFO - Processing /home/airflow/.local/lib/python3.12/site-packages/airflow/example_dags/tutorial_taskflow_api_virtualenv.py took 0.069 seconds
[2025-07-01T22:27:48.483+0000] {processor.py:186} INFO - Started process (PID=8884) to work on /home/airflow/.local/lib/python3.12/site-packages/airflow/example_dags/tutorial_taskflow_api_virtualenv.py
[2025-07-01T22:27:48.484+0000] {processor.py:914} INFO - Processing file /home/airflow/.local/lib/python3.12/site-packages/airflow/example_dags/tutorial_taskflow_api_virtualenv.py for tasks to queue
[2025-07-01T22:27:48.487+0000] {logging_mixin.py:190} INFO - [2025-07-01T22:27:48.487+0000] {dagbag.py:588} INFO - Filling up the DagBag from /home/airflow/.local/lib/python3.12/site-packages/airflow/example_dags/tutorial_taskflow_api_virtualenv.py
[2025-07-01T22:27:48.497+0000] {processor.py:925} INFO - DAG(s) 'tutorial_taskflow_api_virtualenv' retrieved from /home/airflow/.local/lib/python3.12/site-packages/airflow/example_dags/tutorial_taskflow_api_virtualenv.py
[2025-07-01T22:27:48.515+0000] {logging_mixin.py:190} INFO - [2025-07-01T22:27:48.515+0000] {dag.py:3239} INFO - Sync 1 DAGs
[2025-07-01T22:27:48.527+0000] {logging_mixin.py:190} INFO - [2025-07-01T22:27:48.527+0000] {dag.py:4180} INFO - Setting next_dagrun for tutorial_taskflow_api_virtualenv to None, run_after=None
[2025-07-01T22:27:48.544+0000] {processor.py:208} INFO - Processing /home/airflow/.local/lib/python3.12/site-packages/airflow/example_dags/tutorial_taskflow_api_virtualenv.py took 0.069 seconds
[2025-07-01T22:28:19.047+0000] {processor.py:186} INFO - Started process (PID=8948) to work on /home/airflow/.local/lib/python3.12/site-packages/airflow/example_dags/tutorial_taskflow_api_virtualenv.py
[2025-07-01T22:28:19.048+0000] {processor.py:914} INFO - Processing file /home/airflow/.local/lib/python3.12/site-packages/airflow/example_dags/tutorial_taskflow_api_virtualenv.py for tasks to queue
[2025-07-01T22:28:19.050+0000] {logging_mixin.py:190} INFO - [2025-07-01T22:28:19.050+0000] {dagbag.py:588} INFO - Filling up the DagBag from /home/airflow/.local/lib/python3.12/site-packages/airflow/example_dags/tutorial_taskflow_api_virtualenv.py
[2025-07-01T22:28:19.061+0000] {processor.py:925} INFO - DAG(s) 'tutorial_taskflow_api_virtualenv' retrieved from /home/airflow/.local/lib/python3.12/site-packages/airflow/example_dags/tutorial_taskflow_api_virtualenv.py
[2025-07-01T22:28:19.077+0000] {logging_mixin.py:190} INFO - [2025-07-01T22:28:19.077+0000] {dag.py:3239} INFO - Sync 1 DAGs
[2025-07-01T22:28:19.088+0000] {logging_mixin.py:190} INFO - [2025-07-01T22:28:19.088+0000] {dag.py:4180} INFO - Setting next_dagrun for tutorial_taskflow_api_virtualenv to None, run_after=None
[2025-07-01T22:28:19.106+0000] {processor.py:208} INFO - Processing /home/airflow/.local/lib/python3.12/site-packages/airflow/example_dags/tutorial_taskflow_api_virtualenv.py took 0.066 seconds
[2025-07-01T22:28:49.789+0000] {processor.py:186} INFO - Started process (PID=9012) to work on /home/airflow/.local/lib/python3.12/site-packages/airflow/example_dags/tutorial_taskflow_api_virtualenv.py
[2025-07-01T22:28:49.790+0000] {processor.py:914} INFO - Processing file /home/airflow/.local/lib/python3.12/site-packages/airflow/example_dags/tutorial_taskflow_api_virtualenv.py for tasks to queue
[2025-07-01T22:28:49.792+0000] {logging_mixin.py:190} INFO - [2025-07-01T22:28:49.792+0000] {dagbag.py:588} INFO - Filling up the DagBag from /home/airflow/.local/lib/python3.12/site-packages/airflow/example_dags/tutorial_taskflow_api_virtualenv.py
[2025-07-01T22:28:49.803+0000] {processor.py:925} INFO - DAG(s) 'tutorial_taskflow_api_virtualenv' retrieved from /home/airflow/.local/lib/python3.12/site-packages/airflow/example_dags/tutorial_taskflow_api_virtualenv.py
[2025-07-01T22:28:49.820+0000] {logging_mixin.py:190} INFO - [2025-07-01T22:28:49.820+0000] {dag.py:3239} INFO - Sync 1 DAGs
[2025-07-01T22:28:49.831+0000] {logging_mixin.py:190} INFO - [2025-07-01T22:28:49.831+0000] {dag.py:4180} INFO - Setting next_dagrun for tutorial_taskflow_api_virtualenv to None, run_after=None
[2025-07-01T22:28:49.850+0000] {processor.py:208} INFO - Processing /home/airflow/.local/lib/python3.12/site-packages/airflow/example_dags/tutorial_taskflow_api_virtualenv.py took 0.068 seconds
[2025-07-01T22:29:20.296+0000] {processor.py:186} INFO - Started process (PID=9076) to work on /home/airflow/.local/lib/python3.12/site-packages/airflow/example_dags/tutorial_taskflow_api_virtualenv.py
[2025-07-01T22:29:20.297+0000] {processor.py:914} INFO - Processing file /home/airflow/.local/lib/python3.12/site-packages/airflow/example_dags/tutorial_taskflow_api_virtualenv.py for tasks to queue
[2025-07-01T22:29:20.300+0000] {logging_mixin.py:190} INFO - [2025-07-01T22:29:20.299+0000] {dagbag.py:588} INFO - Filling up the DagBag from /home/airflow/.local/lib/python3.12/site-packages/airflow/example_dags/tutorial_taskflow_api_virtualenv.py
[2025-07-01T22:29:20.310+0000] {processor.py:925} INFO - DAG(s) 'tutorial_taskflow_api_virtualenv' retrieved from /home/airflow/.local/lib/python3.12/site-packages/airflow/example_dags/tutorial_taskflow_api_virtualenv.py
[2025-07-01T22:29:20.329+0000] {logging_mixin.py:190} INFO - [2025-07-01T22:29:20.328+0000] {dag.py:3239} INFO - Sync 1 DAGs
[2025-07-01T22:29:20.342+0000] {logging_mixin.py:190} INFO - [2025-07-01T22:29:20.342+0000] {dag.py:4180} INFO - Setting next_dagrun for tutorial_taskflow_api_virtualenv to None, run_after=None
[2025-07-01T22:29:20.363+0000] {processor.py:208} INFO - Processing /home/airflow/.local/lib/python3.12/site-packages/airflow/example_dags/tutorial_taskflow_api_virtualenv.py took 0.074 seconds
[2025-07-01T22:29:50.975+0000] {processor.py:186} INFO - Started process (PID=9140) to work on /home/airflow/.local/lib/python3.12/site-packages/airflow/example_dags/tutorial_taskflow_api_virtualenv.py
[2025-07-01T22:29:50.976+0000] {processor.py:914} INFO - Processing file /home/airflow/.local/lib/python3.12/site-packages/airflow/example_dags/tutorial_taskflow_api_virtualenv.py for tasks to queue
[2025-07-01T22:29:50.978+0000] {logging_mixin.py:190} INFO - [2025-07-01T22:29:50.978+0000] {dagbag.py:588} INFO - Filling up the DagBag from /home/airflow/.local/lib/python3.12/site-packages/airflow/example_dags/tutorial_taskflow_api_virtualenv.py
[2025-07-01T22:29:50.993+0000] {processor.py:925} INFO - DAG(s) 'tutorial_taskflow_api_virtualenv' retrieved from /home/airflow/.local/lib/python3.12/site-packages/airflow/example_dags/tutorial_taskflow_api_virtualenv.py
[2025-07-01T22:29:51.010+0000] {logging_mixin.py:190} INFO - [2025-07-01T22:29:51.010+0000] {dag.py:3239} INFO - Sync 1 DAGs
[2025-07-01T22:29:51.023+0000] {logging_mixin.py:190} INFO - [2025-07-01T22:29:51.022+0000] {dag.py:4180} INFO - Setting next_dagrun for tutorial_taskflow_api_virtualenv to None, run_after=None
[2025-07-01T22:29:51.042+0000] {processor.py:208} INFO - Processing /home/airflow/.local/lib/python3.12/site-packages/airflow/example_dags/tutorial_taskflow_api_virtualenv.py took 0.075 seconds
[2025-07-01T22:30:21.805+0000] {processor.py:186} INFO - Started process (PID=9204) to work on /home/airflow/.local/lib/python3.12/site-packages/airflow/example_dags/tutorial_taskflow_api_virtualenv.py
[2025-07-01T22:30:21.807+0000] {processor.py:914} INFO - Processing file /home/airflow/.local/lib/python3.12/site-packages/airflow/example_dags/tutorial_taskflow_api_virtualenv.py for tasks to queue
[2025-07-01T22:30:21.809+0000] {logging_mixin.py:190} INFO - [2025-07-01T22:30:21.809+0000] {dagbag.py:588} INFO - Filling up the DagBag from /home/airflow/.local/lib/python3.12/site-packages/airflow/example_dags/tutorial_taskflow_api_virtualenv.py
[2025-07-01T22:30:21.819+0000] {processor.py:925} INFO - DAG(s) 'tutorial_taskflow_api_virtualenv' retrieved from /home/airflow/.local/lib/python3.12/site-packages/airflow/example_dags/tutorial_taskflow_api_virtualenv.py
[2025-07-01T22:30:21.837+0000] {logging_mixin.py:190} INFO - [2025-07-01T22:30:21.837+0000] {dag.py:3239} INFO - Sync 1 DAGs
[2025-07-01T22:30:21.848+0000] {logging_mixin.py:190} INFO - [2025-07-01T22:30:21.848+0000] {dag.py:4180} INFO - Setting next_dagrun for tutorial_taskflow_api_virtualenv to None, run_after=None
[2025-07-01T22:30:21.867+0000] {processor.py:208} INFO - Processing /home/airflow/.local/lib/python3.12/site-packages/airflow/example_dags/tutorial_taskflow_api_virtualenv.py took 0.070 seconds
[2025-07-01T22:30:52.566+0000] {processor.py:186} INFO - Started process (PID=9268) to work on /home/airflow/.local/lib/python3.12/site-packages/airflow/example_dags/tutorial_taskflow_api_virtualenv.py
[2025-07-01T22:30:52.567+0000] {processor.py:914} INFO - Processing file /home/airflow/.local/lib/python3.12/site-packages/airflow/example_dags/tutorial_taskflow_api_virtualenv.py for tasks to queue
[2025-07-01T22:30:52.570+0000] {logging_mixin.py:190} INFO - [2025-07-01T22:30:52.570+0000] {dagbag.py:588} INFO - Filling up the DagBag from /home/airflow/.local/lib/python3.12/site-packages/airflow/example_dags/tutorial_taskflow_api_virtualenv.py
[2025-07-01T22:30:52.581+0000] {processor.py:925} INFO - DAG(s) 'tutorial_taskflow_api_virtualenv' retrieved from /home/airflow/.local/lib/python3.12/site-packages/airflow/example_dags/tutorial_taskflow_api_virtualenv.py
[2025-07-01T22:30:52.601+0000] {logging_mixin.py:190} INFO - [2025-07-01T22:30:52.600+0000] {dag.py:3239} INFO - Sync 1 DAGs
[2025-07-01T22:30:52.617+0000] {logging_mixin.py:190} INFO - [2025-07-01T22:30:52.617+0000] {dag.py:4180} INFO - Setting next_dagrun for tutorial_taskflow_api_virtualenv to None, run_after=None
[2025-07-01T22:30:52.638+0000] {processor.py:208} INFO - Processing /home/airflow/.local/lib/python3.12/site-packages/airflow/example_dags/tutorial_taskflow_api_virtualenv.py took 0.080 seconds
[2025-07-01T22:31:23.134+0000] {processor.py:186} INFO - Started process (PID=9332) to work on /home/airflow/.local/lib/python3.12/site-packages/airflow/example_dags/tutorial_taskflow_api_virtualenv.py
[2025-07-01T22:31:23.134+0000] {processor.py:914} INFO - Processing file /home/airflow/.local/lib/python3.12/site-packages/airflow/example_dags/tutorial_taskflow_api_virtualenv.py for tasks to queue
[2025-07-01T22:31:23.137+0000] {logging_mixin.py:190} INFO - [2025-07-01T22:31:23.137+0000] {dagbag.py:588} INFO - Filling up the DagBag from /home/airflow/.local/lib/python3.12/site-packages/airflow/example_dags/tutorial_taskflow_api_virtualenv.py
[2025-07-01T22:31:23.147+0000] {processor.py:925} INFO - DAG(s) 'tutorial_taskflow_api_virtualenv' retrieved from /home/airflow/.local/lib/python3.12/site-packages/airflow/example_dags/tutorial_taskflow_api_virtualenv.py
[2025-07-01T22:31:23.164+0000] {logging_mixin.py:190} INFO - [2025-07-01T22:31:23.164+0000] {dag.py:3239} INFO - Sync 1 DAGs
[2025-07-01T22:31:23.176+0000] {logging_mixin.py:190} INFO - [2025-07-01T22:31:23.176+0000] {dag.py:4180} INFO - Setting next_dagrun for tutorial_taskflow_api_virtualenv to None, run_after=None
[2025-07-01T22:31:23.199+0000] {processor.py:208} INFO - Processing /home/airflow/.local/lib/python3.12/site-packages/airflow/example_dags/tutorial_taskflow_api_virtualenv.py took 0.074 seconds
[2025-07-01T22:31:54.182+0000] {processor.py:186} INFO - Started process (PID=9396) to work on /home/airflow/.local/lib/python3.12/site-packages/airflow/example_dags/tutorial_taskflow_api_virtualenv.py
[2025-07-01T22:31:54.183+0000] {processor.py:914} INFO - Processing file /home/airflow/.local/lib/python3.12/site-packages/airflow/example_dags/tutorial_taskflow_api_virtualenv.py for tasks to queue
[2025-07-01T22:31:54.186+0000] {logging_mixin.py:190} INFO - [2025-07-01T22:31:54.186+0000] {dagbag.py:588} INFO - Filling up the DagBag from /home/airflow/.local/lib/python3.12/site-packages/airflow/example_dags/tutorial_taskflow_api_virtualenv.py
[2025-07-01T22:31:54.199+0000] {processor.py:925} INFO - DAG(s) 'tutorial_taskflow_api_virtualenv' retrieved from /home/airflow/.local/lib/python3.12/site-packages/airflow/example_dags/tutorial_taskflow_api_virtualenv.py
[2025-07-01T22:31:54.217+0000] {logging_mixin.py:190} INFO - [2025-07-01T22:31:54.217+0000] {dag.py:3239} INFO - Sync 1 DAGs
[2025-07-01T22:31:54.231+0000] {logging_mixin.py:190} INFO - [2025-07-01T22:31:54.230+0000] {dag.py:4180} INFO - Setting next_dagrun for tutorial_taskflow_api_virtualenv to None, run_after=None
[2025-07-01T22:31:54.253+0000] {processor.py:208} INFO - Processing /home/airflow/.local/lib/python3.12/site-packages/airflow/example_dags/tutorial_taskflow_api_virtualenv.py took 0.079 seconds
[2025-07-01T22:32:25.351+0000] {processor.py:186} INFO - Started process (PID=9478) to work on /home/airflow/.local/lib/python3.12/site-packages/airflow/example_dags/tutorial_taskflow_api_virtualenv.py
[2025-07-01T22:32:25.352+0000] {processor.py:914} INFO - Processing file /home/airflow/.local/lib/python3.12/site-packages/airflow/example_dags/tutorial_taskflow_api_virtualenv.py for tasks to queue
[2025-07-01T22:32:25.355+0000] {logging_mixin.py:190} INFO - [2025-07-01T22:32:25.354+0000] {dagbag.py:588} INFO - Filling up the DagBag from /home/airflow/.local/lib/python3.12/site-packages/airflow/example_dags/tutorial_taskflow_api_virtualenv.py
[2025-07-01T22:32:25.365+0000] {processor.py:925} INFO - DAG(s) 'tutorial_taskflow_api_virtualenv' retrieved from /home/airflow/.local/lib/python3.12/site-packages/airflow/example_dags/tutorial_taskflow_api_virtualenv.py
[2025-07-01T22:32:25.384+0000] {logging_mixin.py:190} INFO - [2025-07-01T22:32:25.384+0000] {dag.py:3239} INFO - Sync 1 DAGs
[2025-07-01T22:32:25.398+0000] {logging_mixin.py:190} INFO - [2025-07-01T22:32:25.398+0000] {dag.py:4180} INFO - Setting next_dagrun for tutorial_taskflow_api_virtualenv to None, run_after=None
[2025-07-01T22:32:25.417+0000] {processor.py:208} INFO - Processing /home/airflow/.local/lib/python3.12/site-packages/airflow/example_dags/tutorial_taskflow_api_virtualenv.py took 0.076 seconds
[2025-07-01T22:32:59.119+0000] {processor.py:186} INFO - Started process (PID=66) to work on /home/airflow/.local/lib/python3.12/site-packages/airflow/example_dags/tutorial_taskflow_api_virtualenv.py
[2025-07-01T22:32:59.120+0000] {processor.py:914} INFO - Processing file /home/airflow/.local/lib/python3.12/site-packages/airflow/example_dags/tutorial_taskflow_api_virtualenv.py for tasks to queue
[2025-07-01T22:32:59.125+0000] {logging_mixin.py:190} INFO - [2025-07-01T22:32:59.124+0000] {dagbag.py:588} INFO - Filling up the DagBag from /home/airflow/.local/lib/python3.12/site-packages/airflow/example_dags/tutorial_taskflow_api_virtualenv.py
[2025-07-01T22:32:59.158+0000] {processor.py:925} INFO - DAG(s) 'tutorial_taskflow_api_virtualenv' retrieved from /home/airflow/.local/lib/python3.12/site-packages/airflow/example_dags/tutorial_taskflow_api_virtualenv.py
[2025-07-01T22:32:59.298+0000] {logging_mixin.py:190} INFO - [2025-07-01T22:32:59.298+0000] {dag.py:3239} INFO - Sync 1 DAGs
[2025-07-01T22:32:59.312+0000] {logging_mixin.py:190} INFO - [2025-07-01T22:32:59.312+0000] {dag.py:4180} INFO - Setting next_dagrun for tutorial_taskflow_api_virtualenv to None, run_after=None
[2025-07-01T22:32:59.338+0000] {processor.py:208} INFO - Processing /home/airflow/.local/lib/python3.12/site-packages/airflow/example_dags/tutorial_taskflow_api_virtualenv.py took 0.229 seconds
[2025-07-01T22:33:16.512+0000] {processor.py:186} INFO - Started process (PID=60) to work on /home/airflow/.local/lib/python3.12/site-packages/airflow/example_dags/tutorial_taskflow_api_virtualenv.py
[2025-07-01T22:33:16.513+0000] {processor.py:914} INFO - Processing file /home/airflow/.local/lib/python3.12/site-packages/airflow/example_dags/tutorial_taskflow_api_virtualenv.py for tasks to queue
[2025-07-01T22:33:16.516+0000] {logging_mixin.py:190} INFO - [2025-07-01T22:33:16.516+0000] {dagbag.py:588} INFO - Filling up the DagBag from /home/airflow/.local/lib/python3.12/site-packages/airflow/example_dags/tutorial_taskflow_api_virtualenv.py
[2025-07-01T22:33:16.529+0000] {processor.py:925} INFO - DAG(s) 'tutorial_taskflow_api_virtualenv' retrieved from /home/airflow/.local/lib/python3.12/site-packages/airflow/example_dags/tutorial_taskflow_api_virtualenv.py
[2025-07-01T22:33:16.543+0000] {logging_mixin.py:190} INFO - [2025-07-01T22:33:16.543+0000] {dag.py:3239} INFO - Sync 1 DAGs
[2025-07-01T22:33:16.579+0000] {logging_mixin.py:190} INFO - [2025-07-01T22:33:16.579+0000] {dag.py:4180} INFO - Setting next_dagrun for tutorial_taskflow_api_virtualenv to None, run_after=None
[2025-07-01T22:33:16.617+0000] {processor.py:208} INFO - Processing /home/airflow/.local/lib/python3.12/site-packages/airflow/example_dags/tutorial_taskflow_api_virtualenv.py took 0.111 seconds
[2025-07-01T22:33:46.678+0000] {processor.py:186} INFO - Started process (PID=124) to work on /home/airflow/.local/lib/python3.12/site-packages/airflow/example_dags/tutorial_taskflow_api_virtualenv.py
[2025-07-01T22:33:46.680+0000] {processor.py:914} INFO - Processing file /home/airflow/.local/lib/python3.12/site-packages/airflow/example_dags/tutorial_taskflow_api_virtualenv.py for tasks to queue
[2025-07-01T22:33:46.683+0000] {logging_mixin.py:190} INFO - [2025-07-01T22:33:46.682+0000] {dagbag.py:588} INFO - Filling up the DagBag from /home/airflow/.local/lib/python3.12/site-packages/airflow/example_dags/tutorial_taskflow_api_virtualenv.py
[2025-07-01T22:33:46.696+0000] {processor.py:925} INFO - DAG(s) 'tutorial_taskflow_api_virtualenv' retrieved from /home/airflow/.local/lib/python3.12/site-packages/airflow/example_dags/tutorial_taskflow_api_virtualenv.py
[2025-07-01T22:33:46.792+0000] {logging_mixin.py:190} INFO - [2025-07-01T22:33:46.792+0000] {dag.py:3239} INFO - Sync 1 DAGs
[2025-07-01T22:33:46.804+0000] {logging_mixin.py:190} INFO - [2025-07-01T22:33:46.804+0000] {dag.py:4180} INFO - Setting next_dagrun for tutorial_taskflow_api_virtualenv to None, run_after=None
[2025-07-01T22:33:46.826+0000] {processor.py:208} INFO - Processing /home/airflow/.local/lib/python3.12/site-packages/airflow/example_dags/tutorial_taskflow_api_virtualenv.py took 0.154 seconds
[2025-07-01T22:34:17.203+0000] {processor.py:186} INFO - Started process (PID=202) to work on /home/airflow/.local/lib/python3.12/site-packages/airflow/example_dags/tutorial_taskflow_api_virtualenv.py
[2025-07-01T22:34:17.204+0000] {processor.py:914} INFO - Processing file /home/airflow/.local/lib/python3.12/site-packages/airflow/example_dags/tutorial_taskflow_api_virtualenv.py for tasks to queue
[2025-07-01T22:34:17.207+0000] {logging_mixin.py:190} INFO - [2025-07-01T22:34:17.207+0000] {dagbag.py:588} INFO - Filling up the DagBag from /home/airflow/.local/lib/python3.12/site-packages/airflow/example_dags/tutorial_taskflow_api_virtualenv.py
[2025-07-01T22:34:17.218+0000] {processor.py:925} INFO - DAG(s) 'tutorial_taskflow_api_virtualenv' retrieved from /home/airflow/.local/lib/python3.12/site-packages/airflow/example_dags/tutorial_taskflow_api_virtualenv.py
[2025-07-01T22:34:17.236+0000] {logging_mixin.py:190} INFO - [2025-07-01T22:34:17.236+0000] {dag.py:3239} INFO - Sync 1 DAGs
[2025-07-01T22:34:17.249+0000] {logging_mixin.py:190} INFO - [2025-07-01T22:34:17.249+0000] {dag.py:4180} INFO - Setting next_dagrun for tutorial_taskflow_api_virtualenv to None, run_after=None
[2025-07-01T22:34:17.270+0000] {processor.py:208} INFO - Processing /home/airflow/.local/lib/python3.12/site-packages/airflow/example_dags/tutorial_taskflow_api_virtualenv.py took 0.072 seconds
[2025-07-01T22:34:48.257+0000] {processor.py:186} INFO - Started process (PID=266) to work on /home/airflow/.local/lib/python3.12/site-packages/airflow/example_dags/tutorial_taskflow_api_virtualenv.py
[2025-07-01T22:34:48.258+0000] {processor.py:914} INFO - Processing file /home/airflow/.local/lib/python3.12/site-packages/airflow/example_dags/tutorial_taskflow_api_virtualenv.py for tasks to queue
[2025-07-01T22:34:48.260+0000] {logging_mixin.py:190} INFO - [2025-07-01T22:34:48.260+0000] {dagbag.py:588} INFO - Filling up the DagBag from /home/airflow/.local/lib/python3.12/site-packages/airflow/example_dags/tutorial_taskflow_api_virtualenv.py
[2025-07-01T22:34:48.270+0000] {processor.py:925} INFO - DAG(s) 'tutorial_taskflow_api_virtualenv' retrieved from /home/airflow/.local/lib/python3.12/site-packages/airflow/example_dags/tutorial_taskflow_api_virtualenv.py
[2025-07-01T22:34:48.288+0000] {logging_mixin.py:190} INFO - [2025-07-01T22:34:48.288+0000] {dag.py:3239} INFO - Sync 1 DAGs
[2025-07-01T22:34:48.299+0000] {logging_mixin.py:190} INFO - [2025-07-01T22:34:48.299+0000] {dag.py:4180} INFO - Setting next_dagrun for tutorial_taskflow_api_virtualenv to None, run_after=None
[2025-07-01T22:34:48.318+0000] {processor.py:208} INFO - Processing /home/airflow/.local/lib/python3.12/site-packages/airflow/example_dags/tutorial_taskflow_api_virtualenv.py took 0.066 seconds
[2025-07-01T22:35:19.164+0000] {processor.py:186} INFO - Started process (PID=330) to work on /home/airflow/.local/lib/python3.12/site-packages/airflow/example_dags/tutorial_taskflow_api_virtualenv.py
[2025-07-01T22:35:19.165+0000] {processor.py:914} INFO - Processing file /home/airflow/.local/lib/python3.12/site-packages/airflow/example_dags/tutorial_taskflow_api_virtualenv.py for tasks to queue
[2025-07-01T22:35:19.168+0000] {logging_mixin.py:190} INFO - [2025-07-01T22:35:19.168+0000] {dagbag.py:588} INFO - Filling up the DagBag from /home/airflow/.local/lib/python3.12/site-packages/airflow/example_dags/tutorial_taskflow_api_virtualenv.py
[2025-07-01T22:35:19.180+0000] {processor.py:925} INFO - DAG(s) 'tutorial_taskflow_api_virtualenv' retrieved from /home/airflow/.local/lib/python3.12/site-packages/airflow/example_dags/tutorial_taskflow_api_virtualenv.py
[2025-07-01T22:35:19.200+0000] {logging_mixin.py:190} INFO - [2025-07-01T22:35:19.200+0000] {dag.py:3239} INFO - Sync 1 DAGs
[2025-07-01T22:35:19.214+0000] {logging_mixin.py:190} INFO - [2025-07-01T22:35:19.213+0000] {dag.py:4180} INFO - Setting next_dagrun for tutorial_taskflow_api_virtualenv to None, run_after=None
[2025-07-01T22:35:19.232+0000] {processor.py:208} INFO - Processing /home/airflow/.local/lib/python3.12/site-packages/airflow/example_dags/tutorial_taskflow_api_virtualenv.py took 0.075 seconds
[2025-07-01T22:35:50.277+0000] {processor.py:186} INFO - Started process (PID=402) to work on /home/airflow/.local/lib/python3.12/site-packages/airflow/example_dags/tutorial_taskflow_api_virtualenv.py
[2025-07-01T22:35:50.278+0000] {processor.py:914} INFO - Processing file /home/airflow/.local/lib/python3.12/site-packages/airflow/example_dags/tutorial_taskflow_api_virtualenv.py for tasks to queue
[2025-07-01T22:35:50.280+0000] {logging_mixin.py:190} INFO - [2025-07-01T22:35:50.280+0000] {dagbag.py:588} INFO - Filling up the DagBag from /home/airflow/.local/lib/python3.12/site-packages/airflow/example_dags/tutorial_taskflow_api_virtualenv.py
[2025-07-01T22:35:50.291+0000] {processor.py:925} INFO - DAG(s) 'tutorial_taskflow_api_virtualenv' retrieved from /home/airflow/.local/lib/python3.12/site-packages/airflow/example_dags/tutorial_taskflow_api_virtualenv.py
[2025-07-01T22:35:50.309+0000] {logging_mixin.py:190} INFO - [2025-07-01T22:35:50.309+0000] {dag.py:3239} INFO - Sync 1 DAGs
[2025-07-01T22:35:50.321+0000] {logging_mixin.py:190} INFO - [2025-07-01T22:35:50.321+0000] {dag.py:4180} INFO - Setting next_dagrun for tutorial_taskflow_api_virtualenv to None, run_after=None
[2025-07-01T22:35:50.339+0000] {processor.py:208} INFO - Processing /home/airflow/.local/lib/python3.12/site-packages/airflow/example_dags/tutorial_taskflow_api_virtualenv.py took 0.067 seconds
[2025-07-01T22:36:21.202+0000] {processor.py:186} INFO - Started process (PID=466) to work on /home/airflow/.local/lib/python3.12/site-packages/airflow/example_dags/tutorial_taskflow_api_virtualenv.py
[2025-07-01T22:36:21.203+0000] {processor.py:914} INFO - Processing file /home/airflow/.local/lib/python3.12/site-packages/airflow/example_dags/tutorial_taskflow_api_virtualenv.py for tasks to queue
[2025-07-01T22:36:21.205+0000] {logging_mixin.py:190} INFO - [2025-07-01T22:36:21.205+0000] {dagbag.py:588} INFO - Filling up the DagBag from /home/airflow/.local/lib/python3.12/site-packages/airflow/example_dags/tutorial_taskflow_api_virtualenv.py
[2025-07-01T22:36:21.218+0000] {processor.py:925} INFO - DAG(s) 'tutorial_taskflow_api_virtualenv' retrieved from /home/airflow/.local/lib/python3.12/site-packages/airflow/example_dags/tutorial_taskflow_api_virtualenv.py
[2025-07-01T22:36:21.235+0000] {logging_mixin.py:190} INFO - [2025-07-01T22:36:21.235+0000] {dag.py:3239} INFO - Sync 1 DAGs
[2025-07-01T22:36:21.247+0000] {logging_mixin.py:190} INFO - [2025-07-01T22:36:21.247+0000] {dag.py:4180} INFO - Setting next_dagrun for tutorial_taskflow_api_virtualenv to None, run_after=None
[2025-07-01T22:36:21.266+0000] {processor.py:208} INFO - Processing /home/airflow/.local/lib/python3.12/site-packages/airflow/example_dags/tutorial_taskflow_api_virtualenv.py took 0.070 seconds
[2025-07-01T22:36:52.148+0000] {processor.py:186} INFO - Started process (PID=530) to work on /home/airflow/.local/lib/python3.12/site-packages/airflow/example_dags/tutorial_taskflow_api_virtualenv.py
[2025-07-01T22:36:52.149+0000] {processor.py:914} INFO - Processing file /home/airflow/.local/lib/python3.12/site-packages/airflow/example_dags/tutorial_taskflow_api_virtualenv.py for tasks to queue
[2025-07-01T22:36:52.151+0000] {logging_mixin.py:190} INFO - [2025-07-01T22:36:52.151+0000] {dagbag.py:588} INFO - Filling up the DagBag from /home/airflow/.local/lib/python3.12/site-packages/airflow/example_dags/tutorial_taskflow_api_virtualenv.py
[2025-07-01T22:36:52.162+0000] {processor.py:925} INFO - DAG(s) 'tutorial_taskflow_api_virtualenv' retrieved from /home/airflow/.local/lib/python3.12/site-packages/airflow/example_dags/tutorial_taskflow_api_virtualenv.py
[2025-07-01T22:36:52.182+0000] {logging_mixin.py:190} INFO - [2025-07-01T22:36:52.181+0000] {dag.py:3239} INFO - Sync 1 DAGs
[2025-07-01T22:36:52.194+0000] {logging_mixin.py:190} INFO - [2025-07-01T22:36:52.193+0000] {dag.py:4180} INFO - Setting next_dagrun for tutorial_taskflow_api_virtualenv to None, run_after=None
[2025-07-01T22:36:52.212+0000] {processor.py:208} INFO - Processing /home/airflow/.local/lib/python3.12/site-packages/airflow/example_dags/tutorial_taskflow_api_virtualenv.py took 0.070 seconds
[2025-07-01T22:37:23.008+0000] {processor.py:186} INFO - Started process (PID=594) to work on /home/airflow/.local/lib/python3.12/site-packages/airflow/example_dags/tutorial_taskflow_api_virtualenv.py
[2025-07-01T22:37:23.009+0000] {processor.py:914} INFO - Processing file /home/airflow/.local/lib/python3.12/site-packages/airflow/example_dags/tutorial_taskflow_api_virtualenv.py for tasks to queue
[2025-07-01T22:37:23.011+0000] {logging_mixin.py:190} INFO - [2025-07-01T22:37:23.011+0000] {dagbag.py:588} INFO - Filling up the DagBag from /home/airflow/.local/lib/python3.12/site-packages/airflow/example_dags/tutorial_taskflow_api_virtualenv.py
[2025-07-01T22:37:23.025+0000] {processor.py:925} INFO - DAG(s) 'tutorial_taskflow_api_virtualenv' retrieved from /home/airflow/.local/lib/python3.12/site-packages/airflow/example_dags/tutorial_taskflow_api_virtualenv.py
[2025-07-01T22:37:23.043+0000] {logging_mixin.py:190} INFO - [2025-07-01T22:37:23.043+0000] {dag.py:3239} INFO - Sync 1 DAGs
[2025-07-01T22:37:23.054+0000] {logging_mixin.py:190} INFO - [2025-07-01T22:37:23.054+0000] {dag.py:4180} INFO - Setting next_dagrun for tutorial_taskflow_api_virtualenv to None, run_after=None
[2025-07-01T22:37:23.073+0000] {processor.py:208} INFO - Processing /home/airflow/.local/lib/python3.12/site-packages/airflow/example_dags/tutorial_taskflow_api_virtualenv.py took 0.071 seconds
[2025-07-01T22:37:53.938+0000] {processor.py:186} INFO - Started process (PID=658) to work on /home/airflow/.local/lib/python3.12/site-packages/airflow/example_dags/tutorial_taskflow_api_virtualenv.py
[2025-07-01T22:37:53.939+0000] {processor.py:914} INFO - Processing file /home/airflow/.local/lib/python3.12/site-packages/airflow/example_dags/tutorial_taskflow_api_virtualenv.py for tasks to queue
[2025-07-01T22:37:53.941+0000] {logging_mixin.py:190} INFO - [2025-07-01T22:37:53.941+0000] {dagbag.py:588} INFO - Filling up the DagBag from /home/airflow/.local/lib/python3.12/site-packages/airflow/example_dags/tutorial_taskflow_api_virtualenv.py
[2025-07-01T22:37:53.955+0000] {processor.py:925} INFO - DAG(s) 'tutorial_taskflow_api_virtualenv' retrieved from /home/airflow/.local/lib/python3.12/site-packages/airflow/example_dags/tutorial_taskflow_api_virtualenv.py
[2025-07-01T22:37:53.975+0000] {logging_mixin.py:190} INFO - [2025-07-01T22:37:53.974+0000] {dag.py:3239} INFO - Sync 1 DAGs
[2025-07-01T22:37:53.987+0000] {logging_mixin.py:190} INFO - [2025-07-01T22:37:53.987+0000] {dag.py:4180} INFO - Setting next_dagrun for tutorial_taskflow_api_virtualenv to None, run_after=None
[2025-07-01T22:37:54.012+0000] {processor.py:208} INFO - Processing /home/airflow/.local/lib/python3.12/site-packages/airflow/example_dags/tutorial_taskflow_api_virtualenv.py took 0.079 seconds
[2025-07-01T22:38:24.223+0000] {processor.py:186} INFO - Started process (PID=722) to work on /home/airflow/.local/lib/python3.12/site-packages/airflow/example_dags/tutorial_taskflow_api_virtualenv.py
[2025-07-01T22:38:24.224+0000] {processor.py:914} INFO - Processing file /home/airflow/.local/lib/python3.12/site-packages/airflow/example_dags/tutorial_taskflow_api_virtualenv.py for tasks to queue
[2025-07-01T22:38:24.226+0000] {logging_mixin.py:190} INFO - [2025-07-01T22:38:24.226+0000] {dagbag.py:588} INFO - Filling up the DagBag from /home/airflow/.local/lib/python3.12/site-packages/airflow/example_dags/tutorial_taskflow_api_virtualenv.py
[2025-07-01T22:38:24.236+0000] {processor.py:925} INFO - DAG(s) 'tutorial_taskflow_api_virtualenv' retrieved from /home/airflow/.local/lib/python3.12/site-packages/airflow/example_dags/tutorial_taskflow_api_virtualenv.py
[2025-07-01T22:38:24.254+0000] {logging_mixin.py:190} INFO - [2025-07-01T22:38:24.253+0000] {dag.py:3239} INFO - Sync 1 DAGs
[2025-07-01T22:38:24.268+0000] {logging_mixin.py:190} INFO - [2025-07-01T22:38:24.268+0000] {dag.py:4180} INFO - Setting next_dagrun for tutorial_taskflow_api_virtualenv to None, run_after=None
[2025-07-01T22:38:24.291+0000] {processor.py:208} INFO - Processing /home/airflow/.local/lib/python3.12/site-packages/airflow/example_dags/tutorial_taskflow_api_virtualenv.py took 0.072 seconds
[2025-07-01T22:38:54.477+0000] {processor.py:186} INFO - Started process (PID=786) to work on /home/airflow/.local/lib/python3.12/site-packages/airflow/example_dags/tutorial_taskflow_api_virtualenv.py
[2025-07-01T22:38:54.478+0000] {processor.py:914} INFO - Processing file /home/airflow/.local/lib/python3.12/site-packages/airflow/example_dags/tutorial_taskflow_api_virtualenv.py for tasks to queue
[2025-07-01T22:38:54.481+0000] {logging_mixin.py:190} INFO - [2025-07-01T22:38:54.480+0000] {dagbag.py:588} INFO - Filling up the DagBag from /home/airflow/.local/lib/python3.12/site-packages/airflow/example_dags/tutorial_taskflow_api_virtualenv.py
[2025-07-01T22:38:54.492+0000] {processor.py:925} INFO - DAG(s) 'tutorial_taskflow_api_virtualenv' retrieved from /home/airflow/.local/lib/python3.12/site-packages/airflow/example_dags/tutorial_taskflow_api_virtualenv.py
[2025-07-01T22:38:54.512+0000] {logging_mixin.py:190} INFO - [2025-07-01T22:38:54.511+0000] {dag.py:3239} INFO - Sync 1 DAGs
[2025-07-01T22:38:54.524+0000] {logging_mixin.py:190} INFO - [2025-07-01T22:38:54.524+0000] {dag.py:4180} INFO - Setting next_dagrun for tutorial_taskflow_api_virtualenv to None, run_after=None
[2025-07-01T22:38:54.550+0000] {processor.py:208} INFO - Processing /home/airflow/.local/lib/python3.12/site-packages/airflow/example_dags/tutorial_taskflow_api_virtualenv.py took 0.078 seconds
[2025-07-01T22:39:25.064+0000] {processor.py:186} INFO - Started process (PID=850) to work on /home/airflow/.local/lib/python3.12/site-packages/airflow/example_dags/tutorial_taskflow_api_virtualenv.py
[2025-07-01T22:39:25.065+0000] {processor.py:914} INFO - Processing file /home/airflow/.local/lib/python3.12/site-packages/airflow/example_dags/tutorial_taskflow_api_virtualenv.py for tasks to queue
[2025-07-01T22:39:25.067+0000] {logging_mixin.py:190} INFO - [2025-07-01T22:39:25.067+0000] {dagbag.py:588} INFO - Filling up the DagBag from /home/airflow/.local/lib/python3.12/site-packages/airflow/example_dags/tutorial_taskflow_api_virtualenv.py
[2025-07-01T22:39:25.078+0000] {processor.py:925} INFO - DAG(s) 'tutorial_taskflow_api_virtualenv' retrieved from /home/airflow/.local/lib/python3.12/site-packages/airflow/example_dags/tutorial_taskflow_api_virtualenv.py
[2025-07-01T22:39:25.096+0000] {logging_mixin.py:190} INFO - [2025-07-01T22:39:25.096+0000] {dag.py:3239} INFO - Sync 1 DAGs
[2025-07-01T22:39:25.108+0000] {logging_mixin.py:190} INFO - [2025-07-01T22:39:25.108+0000] {dag.py:4180} INFO - Setting next_dagrun for tutorial_taskflow_api_virtualenv to None, run_after=None
[2025-07-01T22:39:25.126+0000] {processor.py:208} INFO - Processing /home/airflow/.local/lib/python3.12/site-packages/airflow/example_dags/tutorial_taskflow_api_virtualenv.py took 0.067 seconds
[2025-07-01T22:39:55.772+0000] {processor.py:186} INFO - Started process (PID=914) to work on /home/airflow/.local/lib/python3.12/site-packages/airflow/example_dags/tutorial_taskflow_api_virtualenv.py
[2025-07-01T22:39:55.773+0000] {processor.py:914} INFO - Processing file /home/airflow/.local/lib/python3.12/site-packages/airflow/example_dags/tutorial_taskflow_api_virtualenv.py for tasks to queue
[2025-07-01T22:39:55.776+0000] {logging_mixin.py:190} INFO - [2025-07-01T22:39:55.776+0000] {dagbag.py:588} INFO - Filling up the DagBag from /home/airflow/.local/lib/python3.12/site-packages/airflow/example_dags/tutorial_taskflow_api_virtualenv.py
[2025-07-01T22:39:55.790+0000] {processor.py:925} INFO - DAG(s) 'tutorial_taskflow_api_virtualenv' retrieved from /home/airflow/.local/lib/python3.12/site-packages/airflow/example_dags/tutorial_taskflow_api_virtualenv.py
[2025-07-01T22:39:55.816+0000] {logging_mixin.py:190} INFO - [2025-07-01T22:39:55.816+0000] {dag.py:3239} INFO - Sync 1 DAGs
[2025-07-01T22:39:55.834+0000] {logging_mixin.py:190} INFO - [2025-07-01T22:39:55.834+0000] {dag.py:4180} INFO - Setting next_dagrun for tutorial_taskflow_api_virtualenv to None, run_after=None
[2025-07-01T22:39:55.864+0000] {processor.py:208} INFO - Processing /home/airflow/.local/lib/python3.12/site-packages/airflow/example_dags/tutorial_taskflow_api_virtualenv.py took 0.097 seconds
[2025-07-01T22:40:25.954+0000] {processor.py:186} INFO - Started process (PID=978) to work on /home/airflow/.local/lib/python3.12/site-packages/airflow/example_dags/tutorial_taskflow_api_virtualenv.py
[2025-07-01T22:40:25.955+0000] {processor.py:914} INFO - Processing file /home/airflow/.local/lib/python3.12/site-packages/airflow/example_dags/tutorial_taskflow_api_virtualenv.py for tasks to queue
[2025-07-01T22:40:25.958+0000] {logging_mixin.py:190} INFO - [2025-07-01T22:40:25.957+0000] {dagbag.py:588} INFO - Filling up the DagBag from /home/airflow/.local/lib/python3.12/site-packages/airflow/example_dags/tutorial_taskflow_api_virtualenv.py
[2025-07-01T22:40:25.968+0000] {processor.py:925} INFO - DAG(s) 'tutorial_taskflow_api_virtualenv' retrieved from /home/airflow/.local/lib/python3.12/site-packages/airflow/example_dags/tutorial_taskflow_api_virtualenv.py
[2025-07-01T22:40:25.987+0000] {logging_mixin.py:190} INFO - [2025-07-01T22:40:25.987+0000] {dag.py:3239} INFO - Sync 1 DAGs
[2025-07-01T22:40:26.000+0000] {logging_mixin.py:190} INFO - [2025-07-01T22:40:26.999+0000] {dag.py:4180} INFO - Setting next_dagrun for tutorial_taskflow_api_virtualenv to None, run_after=None
[2025-07-01T22:40:26.019+0000] {processor.py:208} INFO - Processing /home/airflow/.local/lib/python3.12/site-packages/airflow/example_dags/tutorial_taskflow_api_virtualenv.py took 0.069 seconds
[2025-07-01T22:40:56.779+0000] {processor.py:186} INFO - Started process (PID=1042) to work on /home/airflow/.local/lib/python3.12/site-packages/airflow/example_dags/tutorial_taskflow_api_virtualenv.py
[2025-07-01T22:40:56.780+0000] {processor.py:914} INFO - Processing file /home/airflow/.local/lib/python3.12/site-packages/airflow/example_dags/tutorial_taskflow_api_virtualenv.py for tasks to queue
[2025-07-01T22:40:56.782+0000] {logging_mixin.py:190} INFO - [2025-07-01T22:40:56.782+0000] {dagbag.py:588} INFO - Filling up the DagBag from /home/airflow/.local/lib/python3.12/site-packages/airflow/example_dags/tutorial_taskflow_api_virtualenv.py
[2025-07-01T22:40:56.793+0000] {processor.py:925} INFO - DAG(s) 'tutorial_taskflow_api_virtualenv' retrieved from /home/airflow/.local/lib/python3.12/site-packages/airflow/example_dags/tutorial_taskflow_api_virtualenv.py
[2025-07-01T22:40:56.811+0000] {logging_mixin.py:190} INFO - [2025-07-01T22:40:56.811+0000] {dag.py:3239} INFO - Sync 1 DAGs
[2025-07-01T22:40:56.823+0000] {logging_mixin.py:190} INFO - [2025-07-01T22:40:56.822+0000] {dag.py:4180} INFO - Setting next_dagrun for tutorial_taskflow_api_virtualenv to None, run_after=None
[2025-07-01T22:40:56.840+0000] {processor.py:208} INFO - Processing /home/airflow/.local/lib/python3.12/site-packages/airflow/example_dags/tutorial_taskflow_api_virtualenv.py took 0.067 seconds
[2025-07-01T22:41:27.310+0000] {processor.py:186} INFO - Started process (PID=1106) to work on /home/airflow/.local/lib/python3.12/site-packages/airflow/example_dags/tutorial_taskflow_api_virtualenv.py
[2025-07-01T22:41:27.311+0000] {processor.py:914} INFO - Processing file /home/airflow/.local/lib/python3.12/site-packages/airflow/example_dags/tutorial_taskflow_api_virtualenv.py for tasks to queue
[2025-07-01T22:41:27.313+0000] {logging_mixin.py:190} INFO - [2025-07-01T22:41:27.312+0000] {dagbag.py:588} INFO - Filling up the DagBag from /home/airflow/.local/lib/python3.12/site-packages/airflow/example_dags/tutorial_taskflow_api_virtualenv.py
[2025-07-01T22:41:27.324+0000] {processor.py:925} INFO - DAG(s) 'tutorial_taskflow_api_virtualenv' retrieved from /home/airflow/.local/lib/python3.12/site-packages/airflow/example_dags/tutorial_taskflow_api_virtualenv.py
[2025-07-01T22:41:27.342+0000] {logging_mixin.py:190} INFO - [2025-07-01T22:41:27.342+0000] {dag.py:3239} INFO - Sync 1 DAGs
[2025-07-01T22:41:27.354+0000] {logging_mixin.py:190} INFO - [2025-07-01T22:41:27.353+0000] {dag.py:4180} INFO - Setting next_dagrun for tutorial_taskflow_api_virtualenv to None, run_after=None
[2025-07-01T22:41:27.373+0000] {processor.py:208} INFO - Processing /home/airflow/.local/lib/python3.12/site-packages/airflow/example_dags/tutorial_taskflow_api_virtualenv.py took 0.069 seconds
[2025-07-01T22:41:57.912+0000] {processor.py:186} INFO - Started process (PID=1170) to work on /home/airflow/.local/lib/python3.12/site-packages/airflow/example_dags/tutorial_taskflow_api_virtualenv.py
[2025-07-01T22:41:57.914+0000] {processor.py:914} INFO - Processing file /home/airflow/.local/lib/python3.12/site-packages/airflow/example_dags/tutorial_taskflow_api_virtualenv.py for tasks to queue
[2025-07-01T22:41:57.917+0000] {logging_mixin.py:190} INFO - [2025-07-01T22:41:57.916+0000] {dagbag.py:588} INFO - Filling up the DagBag from /home/airflow/.local/lib/python3.12/site-packages/airflow/example_dags/tutorial_taskflow_api_virtualenv.py
[2025-07-01T22:41:57.931+0000] {processor.py:925} INFO - DAG(s) 'tutorial_taskflow_api_virtualenv' retrieved from /home/airflow/.local/lib/python3.12/site-packages/airflow/example_dags/tutorial_taskflow_api_virtualenv.py
[2025-07-01T22:41:57.948+0000] {logging_mixin.py:190} INFO - [2025-07-01T22:41:57.948+0000] {dag.py:3239} INFO - Sync 1 DAGs
[2025-07-01T22:41:57.961+0000] {logging_mixin.py:190} INFO - [2025-07-01T22:41:57.961+0000] {dag.py:4180} INFO - Setting next_dagrun for tutorial_taskflow_api_virtualenv to None, run_after=None
[2025-07-01T22:41:57.983+0000] {processor.py:208} INFO - Processing /home/airflow/.local/lib/python3.12/site-packages/airflow/example_dags/tutorial_taskflow_api_virtualenv.py took 0.077 seconds
[2025-07-01T22:42:28.966+0000] {processor.py:186} INFO - Started process (PID=1234) to work on /home/airflow/.local/lib/python3.12/site-packages/airflow/example_dags/tutorial_taskflow_api_virtualenv.py
[2025-07-01T22:42:28.967+0000] {processor.py:914} INFO - Processing file /home/airflow/.local/lib/python3.12/site-packages/airflow/example_dags/tutorial_taskflow_api_virtualenv.py for tasks to queue
[2025-07-01T22:42:28.970+0000] {logging_mixin.py:190} INFO - [2025-07-01T22:42:28.970+0000] {dagbag.py:588} INFO - Filling up the DagBag from /home/airflow/.local/lib/python3.12/site-packages/airflow/example_dags/tutorial_taskflow_api_virtualenv.py
[2025-07-01T22:42:28.983+0000] {processor.py:925} INFO - DAG(s) 'tutorial_taskflow_api_virtualenv' retrieved from /home/airflow/.local/lib/python3.12/site-packages/airflow/example_dags/tutorial_taskflow_api_virtualenv.py
[2025-07-01T22:42:29.004+0000] {logging_mixin.py:190} INFO - [2025-07-01T22:42:29.004+0000] {dag.py:3239} INFO - Sync 1 DAGs
[2025-07-01T22:42:29.017+0000] {logging_mixin.py:190} INFO - [2025-07-01T22:42:29.017+0000] {dag.py:4180} INFO - Setting next_dagrun for tutorial_taskflow_api_virtualenv to None, run_after=None
[2025-07-01T22:42:29.039+0000] {processor.py:208} INFO - Processing /home/airflow/.local/lib/python3.12/site-packages/airflow/example_dags/tutorial_taskflow_api_virtualenv.py took 0.079 seconds
[2025-07-01T22:42:59.980+0000] {processor.py:186} INFO - Started process (PID=1298) to work on /home/airflow/.local/lib/python3.12/site-packages/airflow/example_dags/tutorial_taskflow_api_virtualenv.py
[2025-07-01T22:42:59.981+0000] {processor.py:914} INFO - Processing file /home/airflow/.local/lib/python3.12/site-packages/airflow/example_dags/tutorial_taskflow_api_virtualenv.py for tasks to queue
[2025-07-01T22:42:59.984+0000] {logging_mixin.py:190} INFO - [2025-07-01T22:42:59.983+0000] {dagbag.py:588} INFO - Filling up the DagBag from /home/airflow/.local/lib/python3.12/site-packages/airflow/example_dags/tutorial_taskflow_api_virtualenv.py
[2025-07-01T22:42:59.994+0000] {processor.py:925} INFO - DAG(s) 'tutorial_taskflow_api_virtualenv' retrieved from /home/airflow/.local/lib/python3.12/site-packages/airflow/example_dags/tutorial_taskflow_api_virtualenv.py
[2025-07-01T22:43:00.011+0000] {logging_mixin.py:190} INFO - [2025-07-01T22:43:00.010+0000] {dag.py:3239} INFO - Sync 1 DAGs
[2025-07-01T22:43:00.024+0000] {logging_mixin.py:190} INFO - [2025-07-01T22:43:00.024+0000] {dag.py:4180} INFO - Setting next_dagrun for tutorial_taskflow_api_virtualenv to None, run_after=None
[2025-07-01T22:43:00.043+0000] {processor.py:208} INFO - Processing /home/airflow/.local/lib/python3.12/site-packages/airflow/example_dags/tutorial_taskflow_api_virtualenv.py took 0.069 seconds
[2025-07-01T22:43:30.647+0000] {processor.py:186} INFO - Started process (PID=1362) to work on /home/airflow/.local/lib/python3.12/site-packages/airflow/example_dags/tutorial_taskflow_api_virtualenv.py
[2025-07-01T22:43:30.648+0000] {processor.py:914} INFO - Processing file /home/airflow/.local/lib/python3.12/site-packages/airflow/example_dags/tutorial_taskflow_api_virtualenv.py for tasks to queue
[2025-07-01T22:43:30.650+0000] {logging_mixin.py:190} INFO - [2025-07-01T22:43:30.650+0000] {dagbag.py:588} INFO - Filling up the DagBag from /home/airflow/.local/lib/python3.12/site-packages/airflow/example_dags/tutorial_taskflow_api_virtualenv.py
[2025-07-01T22:43:30.661+0000] {processor.py:925} INFO - DAG(s) 'tutorial_taskflow_api_virtualenv' retrieved from /home/airflow/.local/lib/python3.12/site-packages/airflow/example_dags/tutorial_taskflow_api_virtualenv.py
[2025-07-01T22:43:30.679+0000] {logging_mixin.py:190} INFO - [2025-07-01T22:43:30.679+0000] {dag.py:3239} INFO - Sync 1 DAGs
[2025-07-01T22:43:30.693+0000] {logging_mixin.py:190} INFO - [2025-07-01T22:43:30.693+0000] {dag.py:4180} INFO - Setting next_dagrun for tutorial_taskflow_api_virtualenv to None, run_after=None
[2025-07-01T22:43:30.713+0000] {processor.py:208} INFO - Processing /home/airflow/.local/lib/python3.12/site-packages/airflow/example_dags/tutorial_taskflow_api_virtualenv.py took 0.071 seconds
[2025-07-01T22:44:01.238+0000] {processor.py:186} INFO - Started process (PID=1426) to work on /home/airflow/.local/lib/python3.12/site-packages/airflow/example_dags/tutorial_taskflow_api_virtualenv.py
[2025-07-01T22:44:01.239+0000] {processor.py:914} INFO - Processing file /home/airflow/.local/lib/python3.12/site-packages/airflow/example_dags/tutorial_taskflow_api_virtualenv.py for tasks to queue
[2025-07-01T22:44:01.241+0000] {logging_mixin.py:190} INFO - [2025-07-01T22:44:01.241+0000] {dagbag.py:588} INFO - Filling up the DagBag from /home/airflow/.local/lib/python3.12/site-packages/airflow/example_dags/tutorial_taskflow_api_virtualenv.py
[2025-07-01T22:44:01.252+0000] {processor.py:925} INFO - DAG(s) 'tutorial_taskflow_api_virtualenv' retrieved from /home/airflow/.local/lib/python3.12/site-packages/airflow/example_dags/tutorial_taskflow_api_virtualenv.py
[2025-07-01T22:44:01.274+0000] {logging_mixin.py:190} INFO - [2025-07-01T22:44:01.274+0000] {dag.py:3239} INFO - Sync 1 DAGs
[2025-07-01T22:44:01.291+0000] {logging_mixin.py:190} INFO - [2025-07-01T22:44:01.291+0000] {dag.py:4180} INFO - Setting next_dagrun for tutorial_taskflow_api_virtualenv to None, run_after=None
[2025-07-01T22:44:01.324+0000] {processor.py:208} INFO - Processing /home/airflow/.local/lib/python3.12/site-packages/airflow/example_dags/tutorial_taskflow_api_virtualenv.py took 0.091 seconds
[2025-07-01T22:44:32.138+0000] {processor.py:186} INFO - Started process (PID=1490) to work on /home/airflow/.local/lib/python3.12/site-packages/airflow/example_dags/tutorial_taskflow_api_virtualenv.py
[2025-07-01T22:44:32.139+0000] {processor.py:914} INFO - Processing file /home/airflow/.local/lib/python3.12/site-packages/airflow/example_dags/tutorial_taskflow_api_virtualenv.py for tasks to queue
[2025-07-01T22:44:32.142+0000] {logging_mixin.py:190} INFO - [2025-07-01T22:44:32.141+0000] {dagbag.py:588} INFO - Filling up the DagBag from /home/airflow/.local/lib/python3.12/site-packages/airflow/example_dags/tutorial_taskflow_api_virtualenv.py
[2025-07-01T22:44:32.156+0000] {processor.py:925} INFO - DAG(s) 'tutorial_taskflow_api_virtualenv' retrieved from /home/airflow/.local/lib/python3.12/site-packages/airflow/example_dags/tutorial_taskflow_api_virtualenv.py
[2025-07-01T22:44:32.179+0000] {logging_mixin.py:190} INFO - [2025-07-01T22:44:32.179+0000] {dag.py:3239} INFO - Sync 1 DAGs
[2025-07-01T22:44:32.194+0000] {logging_mixin.py:190} INFO - [2025-07-01T22:44:32.193+0000] {dag.py:4180} INFO - Setting next_dagrun for tutorial_taskflow_api_virtualenv to None, run_after=None
[2025-07-01T22:44:32.215+0000] {processor.py:208} INFO - Processing /home/airflow/.local/lib/python3.12/site-packages/airflow/example_dags/tutorial_taskflow_api_virtualenv.py took 0.084 seconds
[2025-07-01T22:45:02.832+0000] {processor.py:186} INFO - Started process (PID=1554) to work on /home/airflow/.local/lib/python3.12/site-packages/airflow/example_dags/tutorial_taskflow_api_virtualenv.py
[2025-07-01T22:45:02.832+0000] {processor.py:914} INFO - Processing file /home/airflow/.local/lib/python3.12/site-packages/airflow/example_dags/tutorial_taskflow_api_virtualenv.py for tasks to queue
[2025-07-01T22:45:02.834+0000] {logging_mixin.py:190} INFO - [2025-07-01T22:45:02.834+0000] {dagbag.py:588} INFO - Filling up the DagBag from /home/airflow/.local/lib/python3.12/site-packages/airflow/example_dags/tutorial_taskflow_api_virtualenv.py
[2025-07-01T22:45:02.845+0000] {processor.py:925} INFO - DAG(s) 'tutorial_taskflow_api_virtualenv' retrieved from /home/airflow/.local/lib/python3.12/site-packages/airflow/example_dags/tutorial_taskflow_api_virtualenv.py
[2025-07-01T22:45:02.861+0000] {logging_mixin.py:190} INFO - [2025-07-01T22:45:02.861+0000] {dag.py:3239} INFO - Sync 1 DAGs
[2025-07-01T22:45:02.873+0000] {logging_mixin.py:190} INFO - [2025-07-01T22:45:02.872+0000] {dag.py:4180} INFO - Setting next_dagrun for tutorial_taskflow_api_virtualenv to None, run_after=None
[2025-07-01T22:45:02.891+0000] {processor.py:208} INFO - Processing /home/airflow/.local/lib/python3.12/site-packages/airflow/example_dags/tutorial_taskflow_api_virtualenv.py took 0.064 seconds
[2025-07-01T22:45:33.424+0000] {processor.py:186} INFO - Started process (PID=1618) to work on /home/airflow/.local/lib/python3.12/site-packages/airflow/example_dags/tutorial_taskflow_api_virtualenv.py
[2025-07-01T22:45:33.425+0000] {processor.py:914} INFO - Processing file /home/airflow/.local/lib/python3.12/site-packages/airflow/example_dags/tutorial_taskflow_api_virtualenv.py for tasks to queue
[2025-07-01T22:45:33.427+0000] {logging_mixin.py:190} INFO - [2025-07-01T22:45:33.427+0000] {dagbag.py:588} INFO - Filling up the DagBag from /home/airflow/.local/lib/python3.12/site-packages/airflow/example_dags/tutorial_taskflow_api_virtualenv.py
[2025-07-01T22:45:33.437+0000] {processor.py:925} INFO - DAG(s) 'tutorial_taskflow_api_virtualenv' retrieved from /home/airflow/.local/lib/python3.12/site-packages/airflow/example_dags/tutorial_taskflow_api_virtualenv.py
[2025-07-01T22:45:33.455+0000] {logging_mixin.py:190} INFO - [2025-07-01T22:45:33.455+0000] {dag.py:3239} INFO - Sync 1 DAGs
[2025-07-01T22:45:33.469+0000] {logging_mixin.py:190} INFO - [2025-07-01T22:45:33.469+0000] {dag.py:4180} INFO - Setting next_dagrun for tutorial_taskflow_api_virtualenv to None, run_after=None
[2025-07-01T22:45:33.487+0000] {processor.py:208} INFO - Processing /home/airflow/.local/lib/python3.12/site-packages/airflow/example_dags/tutorial_taskflow_api_virtualenv.py took 0.068 seconds
[2025-07-01T22:46:04.335+0000] {processor.py:186} INFO - Started process (PID=1682) to work on /home/airflow/.local/lib/python3.12/site-packages/airflow/example_dags/tutorial_taskflow_api_virtualenv.py
[2025-07-01T22:46:04.336+0000] {processor.py:914} INFO - Processing file /home/airflow/.local/lib/python3.12/site-packages/airflow/example_dags/tutorial_taskflow_api_virtualenv.py for tasks to queue
[2025-07-01T22:46:04.340+0000] {logging_mixin.py:190} INFO - [2025-07-01T22:46:04.339+0000] {dagbag.py:588} INFO - Filling up the DagBag from /home/airflow/.local/lib/python3.12/site-packages/airflow/example_dags/tutorial_taskflow_api_virtualenv.py
[2025-07-01T22:46:04.351+0000] {processor.py:925} INFO - DAG(s) 'tutorial_taskflow_api_virtualenv' retrieved from /home/airflow/.local/lib/python3.12/site-packages/airflow/example_dags/tutorial_taskflow_api_virtualenv.py
[2025-07-01T22:46:04.370+0000] {logging_mixin.py:190} INFO - [2025-07-01T22:46:04.369+0000] {dag.py:3239} INFO - Sync 1 DAGs
[2025-07-01T22:46:04.382+0000] {logging_mixin.py:190} INFO - [2025-07-01T22:46:04.382+0000] {dag.py:4180} INFO - Setting next_dagrun for tutorial_taskflow_api_virtualenv to None, run_after=None
[2025-07-01T22:46:04.401+0000] {processor.py:208} INFO - Processing /home/airflow/.local/lib/python3.12/site-packages/airflow/example_dags/tutorial_taskflow_api_virtualenv.py took 0.071 seconds
[2025-07-01T22:46:35.141+0000] {processor.py:186} INFO - Started process (PID=1746) to work on /home/airflow/.local/lib/python3.12/site-packages/airflow/example_dags/tutorial_taskflow_api_virtualenv.py
[2025-07-01T22:46:35.142+0000] {processor.py:914} INFO - Processing file /home/airflow/.local/lib/python3.12/site-packages/airflow/example_dags/tutorial_taskflow_api_virtualenv.py for tasks to queue
[2025-07-01T22:46:35.144+0000] {logging_mixin.py:190} INFO - [2025-07-01T22:46:35.144+0000] {dagbag.py:588} INFO - Filling up the DagBag from /home/airflow/.local/lib/python3.12/site-packages/airflow/example_dags/tutorial_taskflow_api_virtualenv.py
[2025-07-01T22:46:35.155+0000] {processor.py:925} INFO - DAG(s) 'tutorial_taskflow_api_virtualenv' retrieved from /home/airflow/.local/lib/python3.12/site-packages/airflow/example_dags/tutorial_taskflow_api_virtualenv.py
[2025-07-01T22:46:35.173+0000] {logging_mixin.py:190} INFO - [2025-07-01T22:46:35.173+0000] {dag.py:3239} INFO - Sync 1 DAGs
[2025-07-01T22:46:35.185+0000] {logging_mixin.py:190} INFO - [2025-07-01T22:46:35.185+0000] {dag.py:4180} INFO - Setting next_dagrun for tutorial_taskflow_api_virtualenv to None, run_after=None
[2025-07-01T22:46:35.214+0000] {processor.py:208} INFO - Processing /home/airflow/.local/lib/python3.12/site-packages/airflow/example_dags/tutorial_taskflow_api_virtualenv.py took 0.078 seconds
[2025-07-01T22:47:06.039+0000] {processor.py:186} INFO - Started process (PID=1810) to work on /home/airflow/.local/lib/python3.12/site-packages/airflow/example_dags/tutorial_taskflow_api_virtualenv.py
[2025-07-01T22:47:06.040+0000] {processor.py:914} INFO - Processing file /home/airflow/.local/lib/python3.12/site-packages/airflow/example_dags/tutorial_taskflow_api_virtualenv.py for tasks to queue
[2025-07-01T22:47:06.042+0000] {logging_mixin.py:190} INFO - [2025-07-01T22:47:06.042+0000] {dagbag.py:588} INFO - Filling up the DagBag from /home/airflow/.local/lib/python3.12/site-packages/airflow/example_dags/tutorial_taskflow_api_virtualenv.py
[2025-07-01T22:47:06.054+0000] {processor.py:925} INFO - DAG(s) 'tutorial_taskflow_api_virtualenv' retrieved from /home/airflow/.local/lib/python3.12/site-packages/airflow/example_dags/tutorial_taskflow_api_virtualenv.py
[2025-07-01T22:47:06.074+0000] {logging_mixin.py:190} INFO - [2025-07-01T22:47:06.074+0000] {dag.py:3239} INFO - Sync 1 DAGs
[2025-07-01T22:47:06.087+0000] {logging_mixin.py:190} INFO - [2025-07-01T22:47:06.087+0000] {dag.py:4180} INFO - Setting next_dagrun for tutorial_taskflow_api_virtualenv to None, run_after=None
[2025-07-01T22:47:06.109+0000] {processor.py:208} INFO - Processing /home/airflow/.local/lib/python3.12/site-packages/airflow/example_dags/tutorial_taskflow_api_virtualenv.py took 0.076 seconds
[2025-07-01T22:47:37.055+0000] {processor.py:186} INFO - Started process (PID=1874) to work on /home/airflow/.local/lib/python3.12/site-packages/airflow/example_dags/tutorial_taskflow_api_virtualenv.py
[2025-07-01T22:47:37.056+0000] {processor.py:914} INFO - Processing file /home/airflow/.local/lib/python3.12/site-packages/airflow/example_dags/tutorial_taskflow_api_virtualenv.py for tasks to queue
[2025-07-01T22:47:37.058+0000] {logging_mixin.py:190} INFO - [2025-07-01T22:47:37.058+0000] {dagbag.py:588} INFO - Filling up the DagBag from /home/airflow/.local/lib/python3.12/site-packages/airflow/example_dags/tutorial_taskflow_api_virtualenv.py
[2025-07-01T22:47:37.069+0000] {processor.py:925} INFO - DAG(s) 'tutorial_taskflow_api_virtualenv' retrieved from /home/airflow/.local/lib/python3.12/site-packages/airflow/example_dags/tutorial_taskflow_api_virtualenv.py
[2025-07-01T22:47:37.089+0000] {logging_mixin.py:190} INFO - [2025-07-01T22:47:37.088+0000] {dag.py:3239} INFO - Sync 1 DAGs
[2025-07-01T22:47:37.101+0000] {logging_mixin.py:190} INFO - [2025-07-01T22:47:37.101+0000] {dag.py:4180} INFO - Setting next_dagrun for tutorial_taskflow_api_virtualenv to None, run_after=None
[2025-07-01T22:47:37.119+0000] {processor.py:208} INFO - Processing /home/airflow/.local/lib/python3.12/site-packages/airflow/example_dags/tutorial_taskflow_api_virtualenv.py took 0.069 seconds
[2025-07-01T22:48:07.797+0000] {processor.py:186} INFO - Started process (PID=1938) to work on /home/airflow/.local/lib/python3.12/site-packages/airflow/example_dags/tutorial_taskflow_api_virtualenv.py
[2025-07-01T22:48:07.798+0000] {processor.py:914} INFO - Processing file /home/airflow/.local/lib/python3.12/site-packages/airflow/example_dags/tutorial_taskflow_api_virtualenv.py for tasks to queue
[2025-07-01T22:48:07.800+0000] {logging_mixin.py:190} INFO - [2025-07-01T22:48:07.800+0000] {dagbag.py:588} INFO - Filling up the DagBag from /home/airflow/.local/lib/python3.12/site-packages/airflow/example_dags/tutorial_taskflow_api_virtualenv.py
[2025-07-01T22:48:07.811+0000] {processor.py:925} INFO - DAG(s) 'tutorial_taskflow_api_virtualenv' retrieved from /home/airflow/.local/lib/python3.12/site-packages/airflow/example_dags/tutorial_taskflow_api_virtualenv.py
[2025-07-01T22:48:07.828+0000] {logging_mixin.py:190} INFO - [2025-07-01T22:48:07.828+0000] {dag.py:3239} INFO - Sync 1 DAGs
[2025-07-01T22:48:07.839+0000] {logging_mixin.py:190} INFO - [2025-07-01T22:48:07.839+0000] {dag.py:4180} INFO - Setting next_dagrun for tutorial_taskflow_api_virtualenv to None, run_after=None
[2025-07-01T22:48:07.855+0000] {processor.py:208} INFO - Processing /home/airflow/.local/lib/python3.12/site-packages/airflow/example_dags/tutorial_taskflow_api_virtualenv.py took 0.064 seconds
[2025-07-01T22:48:37.888+0000] {processor.py:186} INFO - Started process (PID=2005) to work on /home/airflow/.local/lib/python3.12/site-packages/airflow/example_dags/tutorial_taskflow_api_virtualenv.py
[2025-07-01T22:48:37.889+0000] {processor.py:914} INFO - Processing file /home/airflow/.local/lib/python3.12/site-packages/airflow/example_dags/tutorial_taskflow_api_virtualenv.py for tasks to queue
[2025-07-01T22:48:37.891+0000] {logging_mixin.py:190} INFO - [2025-07-01T22:48:37.891+0000] {dagbag.py:588} INFO - Filling up the DagBag from /home/airflow/.local/lib/python3.12/site-packages/airflow/example_dags/tutorial_taskflow_api_virtualenv.py
[2025-07-01T22:48:37.904+0000] {processor.py:925} INFO - DAG(s) 'tutorial_taskflow_api_virtualenv' retrieved from /home/airflow/.local/lib/python3.12/site-packages/airflow/example_dags/tutorial_taskflow_api_virtualenv.py
[2025-07-01T22:48:37.963+0000] {logging_mixin.py:190} INFO - [2025-07-01T22:48:37.963+0000] {dag.py:3239} INFO - Sync 1 DAGs
[2025-07-01T22:48:37.981+0000] {logging_mixin.py:190} INFO - [2025-07-01T22:48:37.981+0000] {dag.py:4180} INFO - Setting next_dagrun for tutorial_taskflow_api_virtualenv to None, run_after=None
[2025-07-01T22:48:38.008+0000] {processor.py:208} INFO - Processing /home/airflow/.local/lib/python3.12/site-packages/airflow/example_dags/tutorial_taskflow_api_virtualenv.py took 0.127 seconds
[2025-07-01T22:49:08.890+0000] {processor.py:186} INFO - Started process (PID=2071) to work on /home/airflow/.local/lib/python3.12/site-packages/airflow/example_dags/tutorial_taskflow_api_virtualenv.py
[2025-07-01T22:49:08.891+0000] {processor.py:914} INFO - Processing file /home/airflow/.local/lib/python3.12/site-packages/airflow/example_dags/tutorial_taskflow_api_virtualenv.py for tasks to queue
[2025-07-01T22:49:08.893+0000] {logging_mixin.py:190} INFO - [2025-07-01T22:49:08.893+0000] {dagbag.py:588} INFO - Filling up the DagBag from /home/airflow/.local/lib/python3.12/site-packages/airflow/example_dags/tutorial_taskflow_api_virtualenv.py
[2025-07-01T22:49:08.907+0000] {processor.py:925} INFO - DAG(s) 'tutorial_taskflow_api_virtualenv' retrieved from /home/airflow/.local/lib/python3.12/site-packages/airflow/example_dags/tutorial_taskflow_api_virtualenv.py
[2025-07-01T22:49:08.925+0000] {logging_mixin.py:190} INFO - [2025-07-01T22:49:08.924+0000] {dag.py:3239} INFO - Sync 1 DAGs
[2025-07-01T22:49:08.937+0000] {logging_mixin.py:190} INFO - [2025-07-01T22:49:08.937+0000] {dag.py:4180} INFO - Setting next_dagrun for tutorial_taskflow_api_virtualenv to None, run_after=None
[2025-07-01T22:49:08.955+0000] {processor.py:208} INFO - Processing /home/airflow/.local/lib/python3.12/site-packages/airflow/example_dags/tutorial_taskflow_api_virtualenv.py took 0.071 seconds
[2025-07-01T22:49:39.684+0000] {processor.py:186} INFO - Started process (PID=2135) to work on /home/airflow/.local/lib/python3.12/site-packages/airflow/example_dags/tutorial_taskflow_api_virtualenv.py
[2025-07-01T22:49:39.685+0000] {processor.py:914} INFO - Processing file /home/airflow/.local/lib/python3.12/site-packages/airflow/example_dags/tutorial_taskflow_api_virtualenv.py for tasks to queue
[2025-07-01T22:49:39.688+0000] {logging_mixin.py:190} INFO - [2025-07-01T22:49:39.687+0000] {dagbag.py:588} INFO - Filling up the DagBag from /home/airflow/.local/lib/python3.12/site-packages/airflow/example_dags/tutorial_taskflow_api_virtualenv.py
[2025-07-01T22:49:39.701+0000] {processor.py:925} INFO - DAG(s) 'tutorial_taskflow_api_virtualenv' retrieved from /home/airflow/.local/lib/python3.12/site-packages/airflow/example_dags/tutorial_taskflow_api_virtualenv.py
[2025-07-01T22:49:39.725+0000] {logging_mixin.py:190} INFO - [2025-07-01T22:49:39.724+0000] {dag.py:3239} INFO - Sync 1 DAGs
[2025-07-01T22:49:39.739+0000] {logging_mixin.py:190} INFO - [2025-07-01T22:49:39.738+0000] {dag.py:4180} INFO - Setting next_dagrun for tutorial_taskflow_api_virtualenv to None, run_after=None
[2025-07-01T22:49:39.758+0000] {processor.py:208} INFO - Processing /home/airflow/.local/lib/python3.12/site-packages/airflow/example_dags/tutorial_taskflow_api_virtualenv.py took 0.080 seconds
[2025-07-01T22:50:10.817+0000] {processor.py:186} INFO - Started process (PID=2199) to work on /home/airflow/.local/lib/python3.12/site-packages/airflow/example_dags/tutorial_taskflow_api_virtualenv.py
[2025-07-01T22:50:10.818+0000] {processor.py:914} INFO - Processing file /home/airflow/.local/lib/python3.12/site-packages/airflow/example_dags/tutorial_taskflow_api_virtualenv.py for tasks to queue
[2025-07-01T22:50:10.820+0000] {logging_mixin.py:190} INFO - [2025-07-01T22:50:10.820+0000] {dagbag.py:588} INFO - Filling up the DagBag from /home/airflow/.local/lib/python3.12/site-packages/airflow/example_dags/tutorial_taskflow_api_virtualenv.py
[2025-07-01T22:50:10.831+0000] {processor.py:925} INFO - DAG(s) 'tutorial_taskflow_api_virtualenv' retrieved from /home/airflow/.local/lib/python3.12/site-packages/airflow/example_dags/tutorial_taskflow_api_virtualenv.py
[2025-07-01T22:50:10.847+0000] {logging_mixin.py:190} INFO - [2025-07-01T22:50:10.847+0000] {dag.py:3239} INFO - Sync 1 DAGs
[2025-07-01T22:50:10.859+0000] {logging_mixin.py:190} INFO - [2025-07-01T22:50:10.859+0000] {dag.py:4180} INFO - Setting next_dagrun for tutorial_taskflow_api_virtualenv to None, run_after=None
[2025-07-01T22:50:10.876+0000] {processor.py:208} INFO - Processing /home/airflow/.local/lib/python3.12/site-packages/airflow/example_dags/tutorial_taskflow_api_virtualenv.py took 0.064 seconds
[2025-07-01T22:50:41.876+0000] {processor.py:186} INFO - Started process (PID=2263) to work on /home/airflow/.local/lib/python3.12/site-packages/airflow/example_dags/tutorial_taskflow_api_virtualenv.py
[2025-07-01T22:50:41.877+0000] {processor.py:914} INFO - Processing file /home/airflow/.local/lib/python3.12/site-packages/airflow/example_dags/tutorial_taskflow_api_virtualenv.py for tasks to queue
[2025-07-01T22:50:41.879+0000] {logging_mixin.py:190} INFO - [2025-07-01T22:50:41.879+0000] {dagbag.py:588} INFO - Filling up the DagBag from /home/airflow/.local/lib/python3.12/site-packages/airflow/example_dags/tutorial_taskflow_api_virtualenv.py
[2025-07-01T22:50:41.890+0000] {processor.py:925} INFO - DAG(s) 'tutorial_taskflow_api_virtualenv' retrieved from /home/airflow/.local/lib/python3.12/site-packages/airflow/example_dags/tutorial_taskflow_api_virtualenv.py
[2025-07-01T22:50:41.908+0000] {logging_mixin.py:190} INFO - [2025-07-01T22:50:41.908+0000] {dag.py:3239} INFO - Sync 1 DAGs
[2025-07-01T22:50:41.920+0000] {logging_mixin.py:190} INFO - [2025-07-01T22:50:41.920+0000] {dag.py:4180} INFO - Setting next_dagrun for tutorial_taskflow_api_virtualenv to None, run_after=None
[2025-07-01T22:50:41.942+0000] {processor.py:208} INFO - Processing /home/airflow/.local/lib/python3.12/site-packages/airflow/example_dags/tutorial_taskflow_api_virtualenv.py took 0.072 seconds
[2025-07-01T22:51:13.105+0000] {processor.py:186} INFO - Started process (PID=2326) to work on /home/airflow/.local/lib/python3.12/site-packages/airflow/example_dags/tutorial_taskflow_api_virtualenv.py
[2025-07-01T22:51:13.106+0000] {processor.py:914} INFO - Processing file /home/airflow/.local/lib/python3.12/site-packages/airflow/example_dags/tutorial_taskflow_api_virtualenv.py for tasks to queue
[2025-07-01T22:51:13.108+0000] {logging_mixin.py:190} INFO - [2025-07-01T22:51:13.108+0000] {dagbag.py:588} INFO - Filling up the DagBag from /home/airflow/.local/lib/python3.12/site-packages/airflow/example_dags/tutorial_taskflow_api_virtualenv.py
[2025-07-01T22:51:13.120+0000] {processor.py:925} INFO - DAG(s) 'tutorial_taskflow_api_virtualenv' retrieved from /home/airflow/.local/lib/python3.12/site-packages/airflow/example_dags/tutorial_taskflow_api_virtualenv.py
[2025-07-01T22:51:13.138+0000] {logging_mixin.py:190} INFO - [2025-07-01T22:51:13.138+0000] {dag.py:3239} INFO - Sync 1 DAGs
[2025-07-01T22:51:13.151+0000] {logging_mixin.py:190} INFO - [2025-07-01T22:51:13.150+0000] {dag.py:4180} INFO - Setting next_dagrun for tutorial_taskflow_api_virtualenv to None, run_after=None
[2025-07-01T22:51:13.171+0000] {processor.py:208} INFO - Processing /home/airflow/.local/lib/python3.12/site-packages/airflow/example_dags/tutorial_taskflow_api_virtualenv.py took 0.071 seconds
[2025-07-01T22:51:43.417+0000] {processor.py:186} INFO - Started process (PID=2390) to work on /home/airflow/.local/lib/python3.12/site-packages/airflow/example_dags/tutorial_taskflow_api_virtualenv.py
[2025-07-01T22:51:43.418+0000] {processor.py:914} INFO - Processing file /home/airflow/.local/lib/python3.12/site-packages/airflow/example_dags/tutorial_taskflow_api_virtualenv.py for tasks to queue
[2025-07-01T22:51:43.421+0000] {logging_mixin.py:190} INFO - [2025-07-01T22:51:43.420+0000] {dagbag.py:588} INFO - Filling up the DagBag from /home/airflow/.local/lib/python3.12/site-packages/airflow/example_dags/tutorial_taskflow_api_virtualenv.py
[2025-07-01T22:51:43.434+0000] {processor.py:925} INFO - DAG(s) 'tutorial_taskflow_api_virtualenv' retrieved from /home/airflow/.local/lib/python3.12/site-packages/airflow/example_dags/tutorial_taskflow_api_virtualenv.py
[2025-07-01T22:51:43.461+0000] {logging_mixin.py:190} INFO - [2025-07-01T22:51:43.460+0000] {dag.py:3239} INFO - Sync 1 DAGs
[2025-07-01T22:51:43.476+0000] {logging_mixin.py:190} INFO - [2025-07-01T22:51:43.475+0000] {dag.py:4180} INFO - Setting next_dagrun for tutorial_taskflow_api_virtualenv to None, run_after=None
[2025-07-01T22:51:43.498+0000] {processor.py:208} INFO - Processing /home/airflow/.local/lib/python3.12/site-packages/airflow/example_dags/tutorial_taskflow_api_virtualenv.py took 0.087 seconds
[2025-07-01T22:52:13.886+0000] {processor.py:186} INFO - Started process (PID=2454) to work on /home/airflow/.local/lib/python3.12/site-packages/airflow/example_dags/tutorial_taskflow_api_virtualenv.py
[2025-07-01T22:52:13.887+0000] {processor.py:914} INFO - Processing file /home/airflow/.local/lib/python3.12/site-packages/airflow/example_dags/tutorial_taskflow_api_virtualenv.py for tasks to queue
[2025-07-01T22:52:13.889+0000] {logging_mixin.py:190} INFO - [2025-07-01T22:52:13.889+0000] {dagbag.py:588} INFO - Filling up the DagBag from /home/airflow/.local/lib/python3.12/site-packages/airflow/example_dags/tutorial_taskflow_api_virtualenv.py
[2025-07-01T22:52:13.900+0000] {processor.py:925} INFO - DAG(s) 'tutorial_taskflow_api_virtualenv' retrieved from /home/airflow/.local/lib/python3.12/site-packages/airflow/example_dags/tutorial_taskflow_api_virtualenv.py
[2025-07-01T22:52:13.917+0000] {logging_mixin.py:190} INFO - [2025-07-01T22:52:13.917+0000] {dag.py:3239} INFO - Sync 1 DAGs
[2025-07-01T22:52:13.930+0000] {logging_mixin.py:190} INFO - [2025-07-01T22:52:13.929+0000] {dag.py:4180} INFO - Setting next_dagrun for tutorial_taskflow_api_virtualenv to None, run_after=None
[2025-07-01T22:52:13.948+0000] {processor.py:208} INFO - Processing /home/airflow/.local/lib/python3.12/site-packages/airflow/example_dags/tutorial_taskflow_api_virtualenv.py took 0.068 seconds
[2025-07-01T22:52:44.470+0000] {processor.py:186} INFO - Started process (PID=2518) to work on /home/airflow/.local/lib/python3.12/site-packages/airflow/example_dags/tutorial_taskflow_api_virtualenv.py
[2025-07-01T22:52:44.471+0000] {processor.py:914} INFO - Processing file /home/airflow/.local/lib/python3.12/site-packages/airflow/example_dags/tutorial_taskflow_api_virtualenv.py for tasks to queue
[2025-07-01T22:52:44.473+0000] {logging_mixin.py:190} INFO - [2025-07-01T22:52:44.473+0000] {dagbag.py:588} INFO - Filling up the DagBag from /home/airflow/.local/lib/python3.12/site-packages/airflow/example_dags/tutorial_taskflow_api_virtualenv.py
[2025-07-01T22:52:44.484+0000] {processor.py:925} INFO - DAG(s) 'tutorial_taskflow_api_virtualenv' retrieved from /home/airflow/.local/lib/python3.12/site-packages/airflow/example_dags/tutorial_taskflow_api_virtualenv.py
[2025-07-01T22:52:44.502+0000] {logging_mixin.py:190} INFO - [2025-07-01T22:52:44.501+0000] {dag.py:3239} INFO - Sync 1 DAGs
[2025-07-01T22:52:44.513+0000] {logging_mixin.py:190} INFO - [2025-07-01T22:52:44.513+0000] {dag.py:4180} INFO - Setting next_dagrun for tutorial_taskflow_api_virtualenv to None, run_after=None
[2025-07-01T22:52:44.532+0000] {processor.py:208} INFO - Processing /home/airflow/.local/lib/python3.12/site-packages/airflow/example_dags/tutorial_taskflow_api_virtualenv.py took 0.067 seconds
