[2025-07-01T21:16:46.891+0000] {processor.py:186} INFO - Started process (PID=93) to work on /home/airflow/.local/lib/python3.12/site-packages/airflow/example_dags/tutorial_dag.py
[2025-07-01T21:16:46.892+0000] {processor.py:914} INFO - Processing file /home/airflow/.local/lib/python3.12/site-packages/airflow/example_dags/tutorial_dag.py for tasks to queue
[2025-07-01T21:16:46.894+0000] {logging_mixin.py:190} INFO - [2025-07-01T21:16:46.893+0000] {dagbag.py:588} INFO - Filling up the DagBag from /home/airflow/.local/lib/python3.12/site-packages/airflow/example_dags/tutorial_dag.py
[2025-07-01T21:16:46.901+0000] {processor.py:925} INFO - DAG(s) 'tutorial_dag' retrieved from /home/airflow/.local/lib/python3.12/site-packages/airflow/example_dags/tutorial_dag.py
[2025-07-01T21:16:46.919+0000] {logging_mixin.py:190} INFO - [2025-07-01T21:16:46.919+0000] {dag.py:3239} INFO - Sync 1 DAGs
[2025-07-01T21:16:46.932+0000] {logging_mixin.py:190} INFO - [2025-07-01T21:16:46.932+0000] {dag.py:4180} INFO - Setting next_dagrun for tutorial_dag to None, run_after=None
[2025-07-01T21:16:46.951+0000] {processor.py:208} INFO - Processing /home/airflow/.local/lib/python3.12/site-packages/airflow/example_dags/tutorial_dag.py took 0.065 seconds
[2025-07-01T21:17:17.535+0000] {processor.py:186} INFO - Started process (PID=155) to work on /home/airflow/.local/lib/python3.12/site-packages/airflow/example_dags/tutorial_dag.py
[2025-07-01T21:17:17.536+0000] {processor.py:914} INFO - Processing file /home/airflow/.local/lib/python3.12/site-packages/airflow/example_dags/tutorial_dag.py for tasks to queue
[2025-07-01T21:17:17.538+0000] {logging_mixin.py:190} INFO - [2025-07-01T21:17:17.537+0000] {dagbag.py:588} INFO - Filling up the DagBag from /home/airflow/.local/lib/python3.12/site-packages/airflow/example_dags/tutorial_dag.py
[2025-07-01T21:17:17.544+0000] {processor.py:925} INFO - DAG(s) 'tutorial_dag' retrieved from /home/airflow/.local/lib/python3.12/site-packages/airflow/example_dags/tutorial_dag.py
[2025-07-01T21:17:17.561+0000] {logging_mixin.py:190} INFO - [2025-07-01T21:17:17.560+0000] {dag.py:3239} INFO - Sync 1 DAGs
[2025-07-01T21:17:17.573+0000] {logging_mixin.py:190} INFO - [2025-07-01T21:17:17.573+0000] {dag.py:4180} INFO - Setting next_dagrun for tutorial_dag to None, run_after=None
[2025-07-01T21:17:17.592+0000] {processor.py:208} INFO - Processing /home/airflow/.local/lib/python3.12/site-packages/airflow/example_dags/tutorial_dag.py took 0.062 seconds
[2025-07-01T21:17:48.262+0000] {processor.py:186} INFO - Started process (PID=224) to work on /home/airflow/.local/lib/python3.12/site-packages/airflow/example_dags/tutorial_dag.py
[2025-07-01T21:17:48.263+0000] {processor.py:914} INFO - Processing file /home/airflow/.local/lib/python3.12/site-packages/airflow/example_dags/tutorial_dag.py for tasks to queue
[2025-07-01T21:17:48.265+0000] {logging_mixin.py:190} INFO - [2025-07-01T21:17:48.265+0000] {dagbag.py:588} INFO - Filling up the DagBag from /home/airflow/.local/lib/python3.12/site-packages/airflow/example_dags/tutorial_dag.py
[2025-07-01T21:17:48.273+0000] {processor.py:925} INFO - DAG(s) 'tutorial_dag' retrieved from /home/airflow/.local/lib/python3.12/site-packages/airflow/example_dags/tutorial_dag.py
[2025-07-01T21:17:48.292+0000] {logging_mixin.py:190} INFO - [2025-07-01T21:17:48.291+0000] {dag.py:3239} INFO - Sync 1 DAGs
[2025-07-01T21:17:48.304+0000] {logging_mixin.py:190} INFO - [2025-07-01T21:17:48.304+0000] {dag.py:4180} INFO - Setting next_dagrun for tutorial_dag to None, run_after=None
[2025-07-01T21:17:48.322+0000] {processor.py:208} INFO - Processing /home/airflow/.local/lib/python3.12/site-packages/airflow/example_dags/tutorial_dag.py took 0.066 seconds
[2025-07-01T21:18:19.084+0000] {processor.py:186} INFO - Started process (PID=286) to work on /home/airflow/.local/lib/python3.12/site-packages/airflow/example_dags/tutorial_dag.py
[2025-07-01T21:18:19.085+0000] {processor.py:914} INFO - Processing file /home/airflow/.local/lib/python3.12/site-packages/airflow/example_dags/tutorial_dag.py for tasks to queue
[2025-07-01T21:18:19.087+0000] {logging_mixin.py:190} INFO - [2025-07-01T21:18:19.087+0000] {dagbag.py:588} INFO - Filling up the DagBag from /home/airflow/.local/lib/python3.12/site-packages/airflow/example_dags/tutorial_dag.py
[2025-07-01T21:18:19.095+0000] {processor.py:925} INFO - DAG(s) 'tutorial_dag' retrieved from /home/airflow/.local/lib/python3.12/site-packages/airflow/example_dags/tutorial_dag.py
[2025-07-01T21:18:19.112+0000] {logging_mixin.py:190} INFO - [2025-07-01T21:18:19.112+0000] {dag.py:3239} INFO - Sync 1 DAGs
[2025-07-01T21:18:19.125+0000] {logging_mixin.py:190} INFO - [2025-07-01T21:18:19.125+0000] {dag.py:4180} INFO - Setting next_dagrun for tutorial_dag to None, run_after=None
[2025-07-01T21:18:19.145+0000] {processor.py:208} INFO - Processing /home/airflow/.local/lib/python3.12/site-packages/airflow/example_dags/tutorial_dag.py took 0.066 seconds
[2025-07-01T21:18:49.706+0000] {processor.py:186} INFO - Started process (PID=348) to work on /home/airflow/.local/lib/python3.12/site-packages/airflow/example_dags/tutorial_dag.py
[2025-07-01T21:18:49.707+0000] {processor.py:914} INFO - Processing file /home/airflow/.local/lib/python3.12/site-packages/airflow/example_dags/tutorial_dag.py for tasks to queue
[2025-07-01T21:18:49.710+0000] {logging_mixin.py:190} INFO - [2025-07-01T21:18:49.709+0000] {dagbag.py:588} INFO - Filling up the DagBag from /home/airflow/.local/lib/python3.12/site-packages/airflow/example_dags/tutorial_dag.py
[2025-07-01T21:18:49.716+0000] {processor.py:925} INFO - DAG(s) 'tutorial_dag' retrieved from /home/airflow/.local/lib/python3.12/site-packages/airflow/example_dags/tutorial_dag.py
[2025-07-01T21:18:49.732+0000] {logging_mixin.py:190} INFO - [2025-07-01T21:18:49.732+0000] {dag.py:3239} INFO - Sync 1 DAGs
[2025-07-01T21:18:49.744+0000] {logging_mixin.py:190} INFO - [2025-07-01T21:18:49.744+0000] {dag.py:4180} INFO - Setting next_dagrun for tutorial_dag to None, run_after=None
[2025-07-01T21:18:49.763+0000] {processor.py:208} INFO - Processing /home/airflow/.local/lib/python3.12/site-packages/airflow/example_dags/tutorial_dag.py took 0.061 seconds
[2025-07-01T21:19:20.617+0000] {processor.py:186} INFO - Started process (PID=410) to work on /home/airflow/.local/lib/python3.12/site-packages/airflow/example_dags/tutorial_dag.py
[2025-07-01T21:19:20.618+0000] {processor.py:914} INFO - Processing file /home/airflow/.local/lib/python3.12/site-packages/airflow/example_dags/tutorial_dag.py for tasks to queue
[2025-07-01T21:19:20.621+0000] {logging_mixin.py:190} INFO - [2025-07-01T21:19:20.620+0000] {dagbag.py:588} INFO - Filling up the DagBag from /home/airflow/.local/lib/python3.12/site-packages/airflow/example_dags/tutorial_dag.py
[2025-07-01T21:19:20.627+0000] {processor.py:925} INFO - DAG(s) 'tutorial_dag' retrieved from /home/airflow/.local/lib/python3.12/site-packages/airflow/example_dags/tutorial_dag.py
[2025-07-01T21:19:20.643+0000] {logging_mixin.py:190} INFO - [2025-07-01T21:19:20.643+0000] {dag.py:3239} INFO - Sync 1 DAGs
[2025-07-01T21:19:20.655+0000] {logging_mixin.py:190} INFO - [2025-07-01T21:19:20.655+0000] {dag.py:4180} INFO - Setting next_dagrun for tutorial_dag to None, run_after=None
[2025-07-01T21:19:20.674+0000] {processor.py:208} INFO - Processing /home/airflow/.local/lib/python3.12/site-packages/airflow/example_dags/tutorial_dag.py took 0.062 seconds
[2025-07-01T21:19:51.364+0000] {processor.py:186} INFO - Started process (PID=472) to work on /home/airflow/.local/lib/python3.12/site-packages/airflow/example_dags/tutorial_dag.py
[2025-07-01T21:19:51.365+0000] {processor.py:914} INFO - Processing file /home/airflow/.local/lib/python3.12/site-packages/airflow/example_dags/tutorial_dag.py for tasks to queue
[2025-07-01T21:19:51.367+0000] {logging_mixin.py:190} INFO - [2025-07-01T21:19:51.366+0000] {dagbag.py:588} INFO - Filling up the DagBag from /home/airflow/.local/lib/python3.12/site-packages/airflow/example_dags/tutorial_dag.py
[2025-07-01T21:19:51.373+0000] {processor.py:925} INFO - DAG(s) 'tutorial_dag' retrieved from /home/airflow/.local/lib/python3.12/site-packages/airflow/example_dags/tutorial_dag.py
[2025-07-01T21:19:51.390+0000] {logging_mixin.py:190} INFO - [2025-07-01T21:19:51.390+0000] {dag.py:3239} INFO - Sync 1 DAGs
[2025-07-01T21:19:51.402+0000] {logging_mixin.py:190} INFO - [2025-07-01T21:19:51.401+0000] {dag.py:4180} INFO - Setting next_dagrun for tutorial_dag to None, run_after=None
[2025-07-01T21:19:51.420+0000] {processor.py:208} INFO - Processing /home/airflow/.local/lib/python3.12/site-packages/airflow/example_dags/tutorial_dag.py took 0.061 seconds
[2025-07-01T21:20:22.374+0000] {processor.py:186} INFO - Started process (PID=534) to work on /home/airflow/.local/lib/python3.12/site-packages/airflow/example_dags/tutorial_dag.py
[2025-07-01T21:20:22.375+0000] {processor.py:914} INFO - Processing file /home/airflow/.local/lib/python3.12/site-packages/airflow/example_dags/tutorial_dag.py for tasks to queue
[2025-07-01T21:20:22.377+0000] {logging_mixin.py:190} INFO - [2025-07-01T21:20:22.377+0000] {dagbag.py:588} INFO - Filling up the DagBag from /home/airflow/.local/lib/python3.12/site-packages/airflow/example_dags/tutorial_dag.py
[2025-07-01T21:20:22.384+0000] {processor.py:925} INFO - DAG(s) 'tutorial_dag' retrieved from /home/airflow/.local/lib/python3.12/site-packages/airflow/example_dags/tutorial_dag.py
[2025-07-01T21:20:22.401+0000] {logging_mixin.py:190} INFO - [2025-07-01T21:20:22.401+0000] {dag.py:3239} INFO - Sync 1 DAGs
[2025-07-01T21:20:22.412+0000] {logging_mixin.py:190} INFO - [2025-07-01T21:20:22.412+0000] {dag.py:4180} INFO - Setting next_dagrun for tutorial_dag to None, run_after=None
[2025-07-01T21:20:22.431+0000] {processor.py:208} INFO - Processing /home/airflow/.local/lib/python3.12/site-packages/airflow/example_dags/tutorial_dag.py took 0.061 seconds
[2025-07-01T21:20:53.199+0000] {processor.py:186} INFO - Started process (PID=596) to work on /home/airflow/.local/lib/python3.12/site-packages/airflow/example_dags/tutorial_dag.py
[2025-07-01T21:20:53.200+0000] {processor.py:914} INFO - Processing file /home/airflow/.local/lib/python3.12/site-packages/airflow/example_dags/tutorial_dag.py for tasks to queue
[2025-07-01T21:20:53.202+0000] {logging_mixin.py:190} INFO - [2025-07-01T21:20:53.201+0000] {dagbag.py:588} INFO - Filling up the DagBag from /home/airflow/.local/lib/python3.12/site-packages/airflow/example_dags/tutorial_dag.py
[2025-07-01T21:20:53.208+0000] {processor.py:925} INFO - DAG(s) 'tutorial_dag' retrieved from /home/airflow/.local/lib/python3.12/site-packages/airflow/example_dags/tutorial_dag.py
[2025-07-01T21:20:53.224+0000] {logging_mixin.py:190} INFO - [2025-07-01T21:20:53.223+0000] {dag.py:3239} INFO - Sync 1 DAGs
[2025-07-01T21:20:53.235+0000] {logging_mixin.py:190} INFO - [2025-07-01T21:20:53.234+0000] {dag.py:4180} INFO - Setting next_dagrun for tutorial_dag to None, run_after=None
[2025-07-01T21:20:53.253+0000] {processor.py:208} INFO - Processing /home/airflow/.local/lib/python3.12/site-packages/airflow/example_dags/tutorial_dag.py took 0.060 seconds
[2025-07-01T21:21:23.869+0000] {processor.py:186} INFO - Started process (PID=658) to work on /home/airflow/.local/lib/python3.12/site-packages/airflow/example_dags/tutorial_dag.py
[2025-07-01T21:21:23.870+0000] {processor.py:914} INFO - Processing file /home/airflow/.local/lib/python3.12/site-packages/airflow/example_dags/tutorial_dag.py for tasks to queue
[2025-07-01T21:21:23.874+0000] {logging_mixin.py:190} INFO - [2025-07-01T21:21:23.874+0000] {dagbag.py:588} INFO - Filling up the DagBag from /home/airflow/.local/lib/python3.12/site-packages/airflow/example_dags/tutorial_dag.py
[2025-07-01T21:21:23.881+0000] {processor.py:925} INFO - DAG(s) 'tutorial_dag' retrieved from /home/airflow/.local/lib/python3.12/site-packages/airflow/example_dags/tutorial_dag.py
[2025-07-01T21:21:23.899+0000] {logging_mixin.py:190} INFO - [2025-07-01T21:21:23.898+0000] {dag.py:3239} INFO - Sync 1 DAGs
[2025-07-01T21:21:23.911+0000] {logging_mixin.py:190} INFO - [2025-07-01T21:21:23.910+0000] {dag.py:4180} INFO - Setting next_dagrun for tutorial_dag to None, run_after=None
[2025-07-01T21:21:23.928+0000] {processor.py:208} INFO - Processing /home/airflow/.local/lib/python3.12/site-packages/airflow/example_dags/tutorial_dag.py took 0.064 seconds
[2025-07-01T21:21:54.352+0000] {processor.py:186} INFO - Started process (PID=720) to work on /home/airflow/.local/lib/python3.12/site-packages/airflow/example_dags/tutorial_dag.py
[2025-07-01T21:21:54.353+0000] {processor.py:914} INFO - Processing file /home/airflow/.local/lib/python3.12/site-packages/airflow/example_dags/tutorial_dag.py for tasks to queue
[2025-07-01T21:21:54.355+0000] {logging_mixin.py:190} INFO - [2025-07-01T21:21:54.355+0000] {dagbag.py:588} INFO - Filling up the DagBag from /home/airflow/.local/lib/python3.12/site-packages/airflow/example_dags/tutorial_dag.py
[2025-07-01T21:21:54.362+0000] {processor.py:925} INFO - DAG(s) 'tutorial_dag' retrieved from /home/airflow/.local/lib/python3.12/site-packages/airflow/example_dags/tutorial_dag.py
[2025-07-01T21:21:54.381+0000] {logging_mixin.py:190} INFO - [2025-07-01T21:21:54.381+0000] {dag.py:3239} INFO - Sync 1 DAGs
[2025-07-01T21:21:54.394+0000] {logging_mixin.py:190} INFO - [2025-07-01T21:21:54.393+0000] {dag.py:4180} INFO - Setting next_dagrun for tutorial_dag to None, run_after=None
[2025-07-01T21:21:54.412+0000] {processor.py:208} INFO - Processing /home/airflow/.local/lib/python3.12/site-packages/airflow/example_dags/tutorial_dag.py took 0.065 seconds
[2025-07-01T21:22:24.797+0000] {processor.py:186} INFO - Started process (PID=782) to work on /home/airflow/.local/lib/python3.12/site-packages/airflow/example_dags/tutorial_dag.py
[2025-07-01T21:22:24.798+0000] {processor.py:914} INFO - Processing file /home/airflow/.local/lib/python3.12/site-packages/airflow/example_dags/tutorial_dag.py for tasks to queue
[2025-07-01T21:22:24.800+0000] {logging_mixin.py:190} INFO - [2025-07-01T21:22:24.799+0000] {dagbag.py:588} INFO - Filling up the DagBag from /home/airflow/.local/lib/python3.12/site-packages/airflow/example_dags/tutorial_dag.py
[2025-07-01T21:22:24.805+0000] {processor.py:925} INFO - DAG(s) 'tutorial_dag' retrieved from /home/airflow/.local/lib/python3.12/site-packages/airflow/example_dags/tutorial_dag.py
[2025-07-01T21:22:24.822+0000] {logging_mixin.py:190} INFO - [2025-07-01T21:22:24.822+0000] {dag.py:3239} INFO - Sync 1 DAGs
[2025-07-01T21:22:24.833+0000] {logging_mixin.py:190} INFO - [2025-07-01T21:22:24.833+0000] {dag.py:4180} INFO - Setting next_dagrun for tutorial_dag to None, run_after=None
[2025-07-01T21:22:24.852+0000] {processor.py:208} INFO - Processing /home/airflow/.local/lib/python3.12/site-packages/airflow/example_dags/tutorial_dag.py took 0.060 seconds
[2025-07-01T21:22:55.133+0000] {processor.py:186} INFO - Started process (PID=844) to work on /home/airflow/.local/lib/python3.12/site-packages/airflow/example_dags/tutorial_dag.py
[2025-07-01T21:22:55.134+0000] {processor.py:914} INFO - Processing file /home/airflow/.local/lib/python3.12/site-packages/airflow/example_dags/tutorial_dag.py for tasks to queue
[2025-07-01T21:22:55.136+0000] {logging_mixin.py:190} INFO - [2025-07-01T21:22:55.136+0000] {dagbag.py:588} INFO - Filling up the DagBag from /home/airflow/.local/lib/python3.12/site-packages/airflow/example_dags/tutorial_dag.py
[2025-07-01T21:22:55.142+0000] {processor.py:925} INFO - DAG(s) 'tutorial_dag' retrieved from /home/airflow/.local/lib/python3.12/site-packages/airflow/example_dags/tutorial_dag.py
[2025-07-01T21:22:55.159+0000] {logging_mixin.py:190} INFO - [2025-07-01T21:22:55.159+0000] {dag.py:3239} INFO - Sync 1 DAGs
[2025-07-01T21:22:55.171+0000] {logging_mixin.py:190} INFO - [2025-07-01T21:22:55.170+0000] {dag.py:4180} INFO - Setting next_dagrun for tutorial_dag to None, run_after=None
[2025-07-01T21:22:55.190+0000] {processor.py:208} INFO - Processing /home/airflow/.local/lib/python3.12/site-packages/airflow/example_dags/tutorial_dag.py took 0.061 seconds
[2025-07-01T21:23:25.658+0000] {processor.py:186} INFO - Started process (PID=906) to work on /home/airflow/.local/lib/python3.12/site-packages/airflow/example_dags/tutorial_dag.py
[2025-07-01T21:23:25.659+0000] {processor.py:914} INFO - Processing file /home/airflow/.local/lib/python3.12/site-packages/airflow/example_dags/tutorial_dag.py for tasks to queue
[2025-07-01T21:23:25.661+0000] {logging_mixin.py:190} INFO - [2025-07-01T21:23:25.661+0000] {dagbag.py:588} INFO - Filling up the DagBag from /home/airflow/.local/lib/python3.12/site-packages/airflow/example_dags/tutorial_dag.py
[2025-07-01T21:23:25.667+0000] {processor.py:925} INFO - DAG(s) 'tutorial_dag' retrieved from /home/airflow/.local/lib/python3.12/site-packages/airflow/example_dags/tutorial_dag.py
[2025-07-01T21:23:25.684+0000] {logging_mixin.py:190} INFO - [2025-07-01T21:23:25.684+0000] {dag.py:3239} INFO - Sync 1 DAGs
[2025-07-01T21:23:25.695+0000] {logging_mixin.py:190} INFO - [2025-07-01T21:23:25.694+0000] {dag.py:4180} INFO - Setting next_dagrun for tutorial_dag to None, run_after=None
[2025-07-01T21:23:25.712+0000] {processor.py:208} INFO - Processing /home/airflow/.local/lib/python3.12/site-packages/airflow/example_dags/tutorial_dag.py took 0.059 seconds
[2025-07-01T21:23:55.909+0000] {processor.py:186} INFO - Started process (PID=968) to work on /home/airflow/.local/lib/python3.12/site-packages/airflow/example_dags/tutorial_dag.py
[2025-07-01T21:23:55.909+0000] {processor.py:914} INFO - Processing file /home/airflow/.local/lib/python3.12/site-packages/airflow/example_dags/tutorial_dag.py for tasks to queue
[2025-07-01T21:23:55.911+0000] {logging_mixin.py:190} INFO - [2025-07-01T21:23:55.911+0000] {dagbag.py:588} INFO - Filling up the DagBag from /home/airflow/.local/lib/python3.12/site-packages/airflow/example_dags/tutorial_dag.py
[2025-07-01T21:23:55.918+0000] {processor.py:925} INFO - DAG(s) 'tutorial_dag' retrieved from /home/airflow/.local/lib/python3.12/site-packages/airflow/example_dags/tutorial_dag.py
[2025-07-01T21:23:55.933+0000] {logging_mixin.py:190} INFO - [2025-07-01T21:23:55.933+0000] {dag.py:3239} INFO - Sync 1 DAGs
[2025-07-01T21:23:55.945+0000] {logging_mixin.py:190} INFO - [2025-07-01T21:23:55.944+0000] {dag.py:4180} INFO - Setting next_dagrun for tutorial_dag to None, run_after=None
[2025-07-01T21:23:55.962+0000] {processor.py:208} INFO - Processing /home/airflow/.local/lib/python3.12/site-packages/airflow/example_dags/tutorial_dag.py took 0.059 seconds
[2025-07-01T21:24:26.251+0000] {processor.py:186} INFO - Started process (PID=1030) to work on /home/airflow/.local/lib/python3.12/site-packages/airflow/example_dags/tutorial_dag.py
[2025-07-01T21:24:26.252+0000] {processor.py:914} INFO - Processing file /home/airflow/.local/lib/python3.12/site-packages/airflow/example_dags/tutorial_dag.py for tasks to queue
[2025-07-01T21:24:26.254+0000] {logging_mixin.py:190} INFO - [2025-07-01T21:24:26.254+0000] {dagbag.py:588} INFO - Filling up the DagBag from /home/airflow/.local/lib/python3.12/site-packages/airflow/example_dags/tutorial_dag.py
[2025-07-01T21:24:26.261+0000] {processor.py:925} INFO - DAG(s) 'tutorial_dag' retrieved from /home/airflow/.local/lib/python3.12/site-packages/airflow/example_dags/tutorial_dag.py
[2025-07-01T21:24:26.281+0000] {logging_mixin.py:190} INFO - [2025-07-01T21:24:26.281+0000] {dag.py:3239} INFO - Sync 1 DAGs
[2025-07-01T21:24:26.294+0000] {logging_mixin.py:190} INFO - [2025-07-01T21:24:26.293+0000] {dag.py:4180} INFO - Setting next_dagrun for tutorial_dag to None, run_after=None
[2025-07-01T21:24:26.313+0000] {processor.py:208} INFO - Processing /home/airflow/.local/lib/python3.12/site-packages/airflow/example_dags/tutorial_dag.py took 0.069 seconds
[2025-07-01T21:24:56.639+0000] {processor.py:186} INFO - Started process (PID=1092) to work on /home/airflow/.local/lib/python3.12/site-packages/airflow/example_dags/tutorial_dag.py
[2025-07-01T21:24:56.640+0000] {processor.py:914} INFO - Processing file /home/airflow/.local/lib/python3.12/site-packages/airflow/example_dags/tutorial_dag.py for tasks to queue
[2025-07-01T21:24:56.642+0000] {logging_mixin.py:190} INFO - [2025-07-01T21:24:56.641+0000] {dagbag.py:588} INFO - Filling up the DagBag from /home/airflow/.local/lib/python3.12/site-packages/airflow/example_dags/tutorial_dag.py
[2025-07-01T21:24:56.648+0000] {processor.py:925} INFO - DAG(s) 'tutorial_dag' retrieved from /home/airflow/.local/lib/python3.12/site-packages/airflow/example_dags/tutorial_dag.py
[2025-07-01T21:24:56.664+0000] {logging_mixin.py:190} INFO - [2025-07-01T21:24:56.664+0000] {dag.py:3239} INFO - Sync 1 DAGs
[2025-07-01T21:24:56.675+0000] {logging_mixin.py:190} INFO - [2025-07-01T21:24:56.675+0000] {dag.py:4180} INFO - Setting next_dagrun for tutorial_dag to None, run_after=None
[2025-07-01T21:24:56.694+0000] {processor.py:208} INFO - Processing /home/airflow/.local/lib/python3.12/site-packages/airflow/example_dags/tutorial_dag.py took 0.060 seconds
[2025-07-01T21:25:27.133+0000] {processor.py:186} INFO - Started process (PID=1154) to work on /home/airflow/.local/lib/python3.12/site-packages/airflow/example_dags/tutorial_dag.py
[2025-07-01T21:25:27.134+0000] {processor.py:914} INFO - Processing file /home/airflow/.local/lib/python3.12/site-packages/airflow/example_dags/tutorial_dag.py for tasks to queue
[2025-07-01T21:25:27.136+0000] {logging_mixin.py:190} INFO - [2025-07-01T21:25:27.136+0000] {dagbag.py:588} INFO - Filling up the DagBag from /home/airflow/.local/lib/python3.12/site-packages/airflow/example_dags/tutorial_dag.py
[2025-07-01T21:25:27.143+0000] {processor.py:925} INFO - DAG(s) 'tutorial_dag' retrieved from /home/airflow/.local/lib/python3.12/site-packages/airflow/example_dags/tutorial_dag.py
[2025-07-01T21:25:27.164+0000] {logging_mixin.py:190} INFO - [2025-07-01T21:25:27.164+0000] {dag.py:3239} INFO - Sync 1 DAGs
[2025-07-01T21:25:27.176+0000] {logging_mixin.py:190} INFO - [2025-07-01T21:25:27.176+0000] {dag.py:4180} INFO - Setting next_dagrun for tutorial_dag to None, run_after=None
[2025-07-01T21:25:27.195+0000] {processor.py:208} INFO - Processing /home/airflow/.local/lib/python3.12/site-packages/airflow/example_dags/tutorial_dag.py took 0.068 seconds
[2025-07-01T21:25:57.919+0000] {processor.py:186} INFO - Started process (PID=1217) to work on /home/airflow/.local/lib/python3.12/site-packages/airflow/example_dags/tutorial_dag.py
[2025-07-01T21:25:57.920+0000] {processor.py:914} INFO - Processing file /home/airflow/.local/lib/python3.12/site-packages/airflow/example_dags/tutorial_dag.py for tasks to queue
[2025-07-01T21:25:57.922+0000] {logging_mixin.py:190} INFO - [2025-07-01T21:25:57.922+0000] {dagbag.py:588} INFO - Filling up the DagBag from /home/airflow/.local/lib/python3.12/site-packages/airflow/example_dags/tutorial_dag.py
[2025-07-01T21:25:57.929+0000] {processor.py:925} INFO - DAG(s) 'tutorial_dag' retrieved from /home/airflow/.local/lib/python3.12/site-packages/airflow/example_dags/tutorial_dag.py
[2025-07-01T21:25:57.947+0000] {logging_mixin.py:190} INFO - [2025-07-01T21:25:57.947+0000] {dag.py:3239} INFO - Sync 1 DAGs
[2025-07-01T21:25:57.960+0000] {logging_mixin.py:190} INFO - [2025-07-01T21:25:57.960+0000] {dag.py:4180} INFO - Setting next_dagrun for tutorial_dag to None, run_after=None
[2025-07-01T21:25:57.979+0000] {processor.py:208} INFO - Processing /home/airflow/.local/lib/python3.12/site-packages/airflow/example_dags/tutorial_dag.py took 0.066 seconds
[2025-07-01T21:26:28.397+0000] {processor.py:186} INFO - Started process (PID=1279) to work on /home/airflow/.local/lib/python3.12/site-packages/airflow/example_dags/tutorial_dag.py
[2025-07-01T21:26:28.398+0000] {processor.py:914} INFO - Processing file /home/airflow/.local/lib/python3.12/site-packages/airflow/example_dags/tutorial_dag.py for tasks to queue
[2025-07-01T21:26:28.401+0000] {logging_mixin.py:190} INFO - [2025-07-01T21:26:28.400+0000] {dagbag.py:588} INFO - Filling up the DagBag from /home/airflow/.local/lib/python3.12/site-packages/airflow/example_dags/tutorial_dag.py
[2025-07-01T21:26:28.407+0000] {processor.py:925} INFO - DAG(s) 'tutorial_dag' retrieved from /home/airflow/.local/lib/python3.12/site-packages/airflow/example_dags/tutorial_dag.py
[2025-07-01T21:26:28.425+0000] {logging_mixin.py:190} INFO - [2025-07-01T21:26:28.425+0000] {dag.py:3239} INFO - Sync 1 DAGs
[2025-07-01T21:26:28.437+0000] {logging_mixin.py:190} INFO - [2025-07-01T21:26:28.437+0000] {dag.py:4180} INFO - Setting next_dagrun for tutorial_dag to None, run_after=None
[2025-07-01T21:26:28.459+0000] {processor.py:208} INFO - Processing /home/airflow/.local/lib/python3.12/site-packages/airflow/example_dags/tutorial_dag.py took 0.067 seconds
[2025-07-01T21:26:59.122+0000] {processor.py:186} INFO - Started process (PID=1341) to work on /home/airflow/.local/lib/python3.12/site-packages/airflow/example_dags/tutorial_dag.py
[2025-07-01T21:26:59.124+0000] {processor.py:914} INFO - Processing file /home/airflow/.local/lib/python3.12/site-packages/airflow/example_dags/tutorial_dag.py for tasks to queue
[2025-07-01T21:26:59.126+0000] {logging_mixin.py:190} INFO - [2025-07-01T21:26:59.125+0000] {dagbag.py:588} INFO - Filling up the DagBag from /home/airflow/.local/lib/python3.12/site-packages/airflow/example_dags/tutorial_dag.py
[2025-07-01T21:26:59.134+0000] {processor.py:925} INFO - DAG(s) 'tutorial_dag' retrieved from /home/airflow/.local/lib/python3.12/site-packages/airflow/example_dags/tutorial_dag.py
[2025-07-01T21:26:59.155+0000] {logging_mixin.py:190} INFO - [2025-07-01T21:26:59.155+0000] {dag.py:3239} INFO - Sync 1 DAGs
[2025-07-01T21:26:59.168+0000] {logging_mixin.py:190} INFO - [2025-07-01T21:26:59.168+0000] {dag.py:4180} INFO - Setting next_dagrun for tutorial_dag to None, run_after=None
[2025-07-01T21:26:59.193+0000] {processor.py:208} INFO - Processing /home/airflow/.local/lib/python3.12/site-packages/airflow/example_dags/tutorial_dag.py took 0.075 seconds
[2025-07-01T21:27:29.802+0000] {processor.py:186} INFO - Started process (PID=1403) to work on /home/airflow/.local/lib/python3.12/site-packages/airflow/example_dags/tutorial_dag.py
[2025-07-01T21:27:29.803+0000] {processor.py:914} INFO - Processing file /home/airflow/.local/lib/python3.12/site-packages/airflow/example_dags/tutorial_dag.py for tasks to queue
[2025-07-01T21:27:29.806+0000] {logging_mixin.py:190} INFO - [2025-07-01T21:27:29.805+0000] {dagbag.py:588} INFO - Filling up the DagBag from /home/airflow/.local/lib/python3.12/site-packages/airflow/example_dags/tutorial_dag.py
[2025-07-01T21:27:29.814+0000] {processor.py:925} INFO - DAG(s) 'tutorial_dag' retrieved from /home/airflow/.local/lib/python3.12/site-packages/airflow/example_dags/tutorial_dag.py
[2025-07-01T21:27:29.831+0000] {logging_mixin.py:190} INFO - [2025-07-01T21:27:29.831+0000] {dag.py:3239} INFO - Sync 1 DAGs
[2025-07-01T21:27:29.843+0000] {logging_mixin.py:190} INFO - [2025-07-01T21:27:29.843+0000] {dag.py:4180} INFO - Setting next_dagrun for tutorial_dag to None, run_after=None
[2025-07-01T21:27:29.862+0000] {processor.py:208} INFO - Processing /home/airflow/.local/lib/python3.12/site-packages/airflow/example_dags/tutorial_dag.py took 0.066 seconds
[2025-07-01T21:28:00.033+0000] {processor.py:186} INFO - Started process (PID=1466) to work on /home/airflow/.local/lib/python3.12/site-packages/airflow/example_dags/tutorial_dag.py
[2025-07-01T21:28:00.034+0000] {processor.py:914} INFO - Processing file /home/airflow/.local/lib/python3.12/site-packages/airflow/example_dags/tutorial_dag.py for tasks to queue
[2025-07-01T21:28:00.036+0000] {logging_mixin.py:190} INFO - [2025-07-01T21:28:00.035+0000] {dagbag.py:588} INFO - Filling up the DagBag from /home/airflow/.local/lib/python3.12/site-packages/airflow/example_dags/tutorial_dag.py
[2025-07-01T21:28:00.042+0000] {processor.py:925} INFO - DAG(s) 'tutorial_dag' retrieved from /home/airflow/.local/lib/python3.12/site-packages/airflow/example_dags/tutorial_dag.py
[2025-07-01T21:28:00.059+0000] {logging_mixin.py:190} INFO - [2025-07-01T21:28:00.058+0000] {dag.py:3239} INFO - Sync 1 DAGs
[2025-07-01T21:28:00.070+0000] {logging_mixin.py:190} INFO - [2025-07-01T21:28:00.070+0000] {dag.py:4180} INFO - Setting next_dagrun for tutorial_dag to None, run_after=None
[2025-07-01T21:28:00.088+0000] {processor.py:208} INFO - Processing /home/airflow/.local/lib/python3.12/site-packages/airflow/example_dags/tutorial_dag.py took 0.061 seconds
[2025-07-01T21:28:30.982+0000] {processor.py:186} INFO - Started process (PID=1528) to work on /home/airflow/.local/lib/python3.12/site-packages/airflow/example_dags/tutorial_dag.py
[2025-07-01T21:28:30.983+0000] {processor.py:914} INFO - Processing file /home/airflow/.local/lib/python3.12/site-packages/airflow/example_dags/tutorial_dag.py for tasks to queue
[2025-07-01T21:28:30.985+0000] {logging_mixin.py:190} INFO - [2025-07-01T21:28:30.985+0000] {dagbag.py:588} INFO - Filling up the DagBag from /home/airflow/.local/lib/python3.12/site-packages/airflow/example_dags/tutorial_dag.py
[2025-07-01T21:28:30.991+0000] {processor.py:925} INFO - DAG(s) 'tutorial_dag' retrieved from /home/airflow/.local/lib/python3.12/site-packages/airflow/example_dags/tutorial_dag.py
[2025-07-01T21:28:31.008+0000] {logging_mixin.py:190} INFO - [2025-07-01T21:28:31.007+0000] {dag.py:3239} INFO - Sync 1 DAGs
[2025-07-01T21:28:31.019+0000] {logging_mixin.py:190} INFO - [2025-07-01T21:28:31.019+0000] {dag.py:4180} INFO - Setting next_dagrun for tutorial_dag to None, run_after=None
[2025-07-01T21:28:31.037+0000] {processor.py:208} INFO - Processing /home/airflow/.local/lib/python3.12/site-packages/airflow/example_dags/tutorial_dag.py took 0.060 seconds
[2025-07-01T21:29:01.553+0000] {processor.py:186} INFO - Started process (PID=1590) to work on /home/airflow/.local/lib/python3.12/site-packages/airflow/example_dags/tutorial_dag.py
[2025-07-01T21:29:01.554+0000] {processor.py:914} INFO - Processing file /home/airflow/.local/lib/python3.12/site-packages/airflow/example_dags/tutorial_dag.py for tasks to queue
[2025-07-01T21:29:01.557+0000] {logging_mixin.py:190} INFO - [2025-07-01T21:29:01.556+0000] {dagbag.py:588} INFO - Filling up the DagBag from /home/airflow/.local/lib/python3.12/site-packages/airflow/example_dags/tutorial_dag.py
[2025-07-01T21:29:01.565+0000] {processor.py:925} INFO - DAG(s) 'tutorial_dag' retrieved from /home/airflow/.local/lib/python3.12/site-packages/airflow/example_dags/tutorial_dag.py
[2025-07-01T21:29:01.585+0000] {logging_mixin.py:190} INFO - [2025-07-01T21:29:01.585+0000] {dag.py:3239} INFO - Sync 1 DAGs
[2025-07-01T21:29:01.597+0000] {logging_mixin.py:190} INFO - [2025-07-01T21:29:01.597+0000] {dag.py:4180} INFO - Setting next_dagrun for tutorial_dag to None, run_after=None
[2025-07-01T21:29:01.617+0000] {processor.py:208} INFO - Processing /home/airflow/.local/lib/python3.12/site-packages/airflow/example_dags/tutorial_dag.py took 0.072 seconds
[2025-07-01T21:29:31.999+0000] {processor.py:186} INFO - Started process (PID=1652) to work on /home/airflow/.local/lib/python3.12/site-packages/airflow/example_dags/tutorial_dag.py
[2025-07-01T21:29:32.001+0000] {processor.py:914} INFO - Processing file /home/airflow/.local/lib/python3.12/site-packages/airflow/example_dags/tutorial_dag.py for tasks to queue
[2025-07-01T21:29:32.005+0000] {logging_mixin.py:190} INFO - [2025-07-01T21:29:32.005+0000] {dagbag.py:588} INFO - Filling up the DagBag from /home/airflow/.local/lib/python3.12/site-packages/airflow/example_dags/tutorial_dag.py
[2025-07-01T21:29:32.013+0000] {processor.py:925} INFO - DAG(s) 'tutorial_dag' retrieved from /home/airflow/.local/lib/python3.12/site-packages/airflow/example_dags/tutorial_dag.py
[2025-07-01T21:29:32.033+0000] {logging_mixin.py:190} INFO - [2025-07-01T21:29:32.032+0000] {dag.py:3239} INFO - Sync 1 DAGs
[2025-07-01T21:29:32.044+0000] {logging_mixin.py:190} INFO - [2025-07-01T21:29:32.044+0000] {dag.py:4180} INFO - Setting next_dagrun for tutorial_dag to None, run_after=None
[2025-07-01T21:29:32.062+0000] {processor.py:208} INFO - Processing /home/airflow/.local/lib/python3.12/site-packages/airflow/example_dags/tutorial_dag.py took 0.071 seconds
[2025-07-01T21:30:02.446+0000] {processor.py:186} INFO - Started process (PID=1714) to work on /home/airflow/.local/lib/python3.12/site-packages/airflow/example_dags/tutorial_dag.py
[2025-07-01T21:30:02.447+0000] {processor.py:914} INFO - Processing file /home/airflow/.local/lib/python3.12/site-packages/airflow/example_dags/tutorial_dag.py for tasks to queue
[2025-07-01T21:30:02.450+0000] {logging_mixin.py:190} INFO - [2025-07-01T21:30:02.449+0000] {dagbag.py:588} INFO - Filling up the DagBag from /home/airflow/.local/lib/python3.12/site-packages/airflow/example_dags/tutorial_dag.py
[2025-07-01T21:30:02.457+0000] {processor.py:925} INFO - DAG(s) 'tutorial_dag' retrieved from /home/airflow/.local/lib/python3.12/site-packages/airflow/example_dags/tutorial_dag.py
[2025-07-01T21:30:02.474+0000] {logging_mixin.py:190} INFO - [2025-07-01T21:30:02.474+0000] {dag.py:3239} INFO - Sync 1 DAGs
[2025-07-01T21:30:02.488+0000] {logging_mixin.py:190} INFO - [2025-07-01T21:30:02.488+0000] {dag.py:4180} INFO - Setting next_dagrun for tutorial_dag to None, run_after=None
[2025-07-01T21:30:02.508+0000] {processor.py:208} INFO - Processing /home/airflow/.local/lib/python3.12/site-packages/airflow/example_dags/tutorial_dag.py took 0.067 seconds
[2025-07-01T21:30:32.822+0000] {processor.py:186} INFO - Started process (PID=1776) to work on /home/airflow/.local/lib/python3.12/site-packages/airflow/example_dags/tutorial_dag.py
[2025-07-01T21:30:32.823+0000] {processor.py:914} INFO - Processing file /home/airflow/.local/lib/python3.12/site-packages/airflow/example_dags/tutorial_dag.py for tasks to queue
[2025-07-01T21:30:32.826+0000] {logging_mixin.py:190} INFO - [2025-07-01T21:30:32.825+0000] {dagbag.py:588} INFO - Filling up the DagBag from /home/airflow/.local/lib/python3.12/site-packages/airflow/example_dags/tutorial_dag.py
[2025-07-01T21:30:32.832+0000] {processor.py:925} INFO - DAG(s) 'tutorial_dag' retrieved from /home/airflow/.local/lib/python3.12/site-packages/airflow/example_dags/tutorial_dag.py
[2025-07-01T21:30:32.849+0000] {logging_mixin.py:190} INFO - [2025-07-01T21:30:32.849+0000] {dag.py:3239} INFO - Sync 1 DAGs
[2025-07-01T21:30:32.860+0000] {logging_mixin.py:190} INFO - [2025-07-01T21:30:32.860+0000] {dag.py:4180} INFO - Setting next_dagrun for tutorial_dag to None, run_after=None
[2025-07-01T21:30:32.880+0000] {processor.py:208} INFO - Processing /home/airflow/.local/lib/python3.12/site-packages/airflow/example_dags/tutorial_dag.py took 0.063 seconds
[2025-07-01T21:31:03.266+0000] {processor.py:186} INFO - Started process (PID=1838) to work on /home/airflow/.local/lib/python3.12/site-packages/airflow/example_dags/tutorial_dag.py
[2025-07-01T21:31:03.267+0000] {processor.py:914} INFO - Processing file /home/airflow/.local/lib/python3.12/site-packages/airflow/example_dags/tutorial_dag.py for tasks to queue
[2025-07-01T21:31:03.269+0000] {logging_mixin.py:190} INFO - [2025-07-01T21:31:03.269+0000] {dagbag.py:588} INFO - Filling up the DagBag from /home/airflow/.local/lib/python3.12/site-packages/airflow/example_dags/tutorial_dag.py
[2025-07-01T21:31:03.276+0000] {processor.py:925} INFO - DAG(s) 'tutorial_dag' retrieved from /home/airflow/.local/lib/python3.12/site-packages/airflow/example_dags/tutorial_dag.py
[2025-07-01T21:31:03.294+0000] {logging_mixin.py:190} INFO - [2025-07-01T21:31:03.294+0000] {dag.py:3239} INFO - Sync 1 DAGs
[2025-07-01T21:31:03.306+0000] {logging_mixin.py:190} INFO - [2025-07-01T21:31:03.306+0000] {dag.py:4180} INFO - Setting next_dagrun for tutorial_dag to None, run_after=None
[2025-07-01T21:31:03.324+0000] {processor.py:208} INFO - Processing /home/airflow/.local/lib/python3.12/site-packages/airflow/example_dags/tutorial_dag.py took 0.062 seconds
[2025-07-01T21:31:33.625+0000] {processor.py:186} INFO - Started process (PID=1900) to work on /home/airflow/.local/lib/python3.12/site-packages/airflow/example_dags/tutorial_dag.py
[2025-07-01T21:31:33.626+0000] {processor.py:914} INFO - Processing file /home/airflow/.local/lib/python3.12/site-packages/airflow/example_dags/tutorial_dag.py for tasks to queue
[2025-07-01T21:31:33.629+0000] {logging_mixin.py:190} INFO - [2025-07-01T21:31:33.628+0000] {dagbag.py:588} INFO - Filling up the DagBag from /home/airflow/.local/lib/python3.12/site-packages/airflow/example_dags/tutorial_dag.py
[2025-07-01T21:31:33.635+0000] {processor.py:925} INFO - DAG(s) 'tutorial_dag' retrieved from /home/airflow/.local/lib/python3.12/site-packages/airflow/example_dags/tutorial_dag.py
[2025-07-01T21:31:33.652+0000] {logging_mixin.py:190} INFO - [2025-07-01T21:31:33.651+0000] {dag.py:3239} INFO - Sync 1 DAGs
[2025-07-01T21:31:33.663+0000] {logging_mixin.py:190} INFO - [2025-07-01T21:31:33.663+0000] {dag.py:4180} INFO - Setting next_dagrun for tutorial_dag to None, run_after=None
[2025-07-01T21:31:33.681+0000] {processor.py:208} INFO - Processing /home/airflow/.local/lib/python3.12/site-packages/airflow/example_dags/tutorial_dag.py took 0.061 seconds
[2025-07-01T21:32:04.411+0000] {processor.py:186} INFO - Started process (PID=1963) to work on /home/airflow/.local/lib/python3.12/site-packages/airflow/example_dags/tutorial_dag.py
[2025-07-01T21:32:04.412+0000] {processor.py:914} INFO - Processing file /home/airflow/.local/lib/python3.12/site-packages/airflow/example_dags/tutorial_dag.py for tasks to queue
[2025-07-01T21:32:04.414+0000] {logging_mixin.py:190} INFO - [2025-07-01T21:32:04.413+0000] {dagbag.py:588} INFO - Filling up the DagBag from /home/airflow/.local/lib/python3.12/site-packages/airflow/example_dags/tutorial_dag.py
[2025-07-01T21:32:04.420+0000] {processor.py:925} INFO - DAG(s) 'tutorial_dag' retrieved from /home/airflow/.local/lib/python3.12/site-packages/airflow/example_dags/tutorial_dag.py
[2025-07-01T21:32:04.437+0000] {logging_mixin.py:190} INFO - [2025-07-01T21:32:04.436+0000] {dag.py:3239} INFO - Sync 1 DAGs
[2025-07-01T21:32:04.448+0000] {logging_mixin.py:190} INFO - [2025-07-01T21:32:04.448+0000] {dag.py:4180} INFO - Setting next_dagrun for tutorial_dag to None, run_after=None
[2025-07-01T21:32:04.466+0000] {processor.py:208} INFO - Processing /home/airflow/.local/lib/python3.12/site-packages/airflow/example_dags/tutorial_dag.py took 0.060 seconds
[2025-07-01T21:32:34.701+0000] {processor.py:186} INFO - Started process (PID=2026) to work on /home/airflow/.local/lib/python3.12/site-packages/airflow/example_dags/tutorial_dag.py
[2025-07-01T21:32:34.702+0000] {processor.py:914} INFO - Processing file /home/airflow/.local/lib/python3.12/site-packages/airflow/example_dags/tutorial_dag.py for tasks to queue
[2025-07-01T21:32:34.704+0000] {logging_mixin.py:190} INFO - [2025-07-01T21:32:34.704+0000] {dagbag.py:588} INFO - Filling up the DagBag from /home/airflow/.local/lib/python3.12/site-packages/airflow/example_dags/tutorial_dag.py
[2025-07-01T21:32:34.711+0000] {processor.py:925} INFO - DAG(s) 'tutorial_dag' retrieved from /home/airflow/.local/lib/python3.12/site-packages/airflow/example_dags/tutorial_dag.py
[2025-07-01T21:32:34.728+0000] {logging_mixin.py:190} INFO - [2025-07-01T21:32:34.727+0000] {dag.py:3239} INFO - Sync 1 DAGs
[2025-07-01T21:32:34.744+0000] {logging_mixin.py:190} INFO - [2025-07-01T21:32:34.744+0000] {dag.py:4180} INFO - Setting next_dagrun for tutorial_dag to None, run_after=None
[2025-07-01T21:32:34.763+0000] {processor.py:208} INFO - Processing /home/airflow/.local/lib/python3.12/site-packages/airflow/example_dags/tutorial_dag.py took 0.067 seconds
[2025-07-01T21:33:05.760+0000] {processor.py:186} INFO - Started process (PID=2089) to work on /home/airflow/.local/lib/python3.12/site-packages/airflow/example_dags/tutorial_dag.py
[2025-07-01T21:33:05.761+0000] {processor.py:914} INFO - Processing file /home/airflow/.local/lib/python3.12/site-packages/airflow/example_dags/tutorial_dag.py for tasks to queue
[2025-07-01T21:33:05.764+0000] {logging_mixin.py:190} INFO - [2025-07-01T21:33:05.764+0000] {dagbag.py:588} INFO - Filling up the DagBag from /home/airflow/.local/lib/python3.12/site-packages/airflow/example_dags/tutorial_dag.py
[2025-07-01T21:33:05.773+0000] {processor.py:925} INFO - DAG(s) 'tutorial_dag' retrieved from /home/airflow/.local/lib/python3.12/site-packages/airflow/example_dags/tutorial_dag.py
[2025-07-01T21:33:05.797+0000] {logging_mixin.py:190} INFO - [2025-07-01T21:33:05.797+0000] {dag.py:3239} INFO - Sync 1 DAGs
[2025-07-01T21:33:05.815+0000] {logging_mixin.py:190} INFO - [2025-07-01T21:33:05.815+0000] {dag.py:4180} INFO - Setting next_dagrun for tutorial_dag to None, run_after=None
[2025-07-01T21:33:05.838+0000] {processor.py:208} INFO - Processing /home/airflow/.local/lib/python3.12/site-packages/airflow/example_dags/tutorial_dag.py took 0.084 seconds
[2025-07-01T21:33:36.753+0000] {processor.py:186} INFO - Started process (PID=2152) to work on /home/airflow/.local/lib/python3.12/site-packages/airflow/example_dags/tutorial_dag.py
[2025-07-01T21:33:36.754+0000] {processor.py:914} INFO - Processing file /home/airflow/.local/lib/python3.12/site-packages/airflow/example_dags/tutorial_dag.py for tasks to queue
[2025-07-01T21:33:36.757+0000] {logging_mixin.py:190} INFO - [2025-07-01T21:33:36.756+0000] {dagbag.py:588} INFO - Filling up the DagBag from /home/airflow/.local/lib/python3.12/site-packages/airflow/example_dags/tutorial_dag.py
[2025-07-01T21:33:36.764+0000] {processor.py:925} INFO - DAG(s) 'tutorial_dag' retrieved from /home/airflow/.local/lib/python3.12/site-packages/airflow/example_dags/tutorial_dag.py
[2025-07-01T21:33:36.781+0000] {logging_mixin.py:190} INFO - [2025-07-01T21:33:36.781+0000] {dag.py:3239} INFO - Sync 1 DAGs
[2025-07-01T21:33:36.793+0000] {logging_mixin.py:190} INFO - [2025-07-01T21:33:36.793+0000] {dag.py:4180} INFO - Setting next_dagrun for tutorial_dag to None, run_after=None
[2025-07-01T21:33:36.812+0000] {processor.py:208} INFO - Processing /home/airflow/.local/lib/python3.12/site-packages/airflow/example_dags/tutorial_dag.py took 0.064 seconds
[2025-07-01T21:34:07.130+0000] {processor.py:186} INFO - Started process (PID=2215) to work on /home/airflow/.local/lib/python3.12/site-packages/airflow/example_dags/tutorial_dag.py
[2025-07-01T21:34:07.131+0000] {processor.py:914} INFO - Processing file /home/airflow/.local/lib/python3.12/site-packages/airflow/example_dags/tutorial_dag.py for tasks to queue
[2025-07-01T21:34:07.133+0000] {logging_mixin.py:190} INFO - [2025-07-01T21:34:07.133+0000] {dagbag.py:588} INFO - Filling up the DagBag from /home/airflow/.local/lib/python3.12/site-packages/airflow/example_dags/tutorial_dag.py
[2025-07-01T21:34:07.140+0000] {processor.py:925} INFO - DAG(s) 'tutorial_dag' retrieved from /home/airflow/.local/lib/python3.12/site-packages/airflow/example_dags/tutorial_dag.py
[2025-07-01T21:34:07.157+0000] {logging_mixin.py:190} INFO - [2025-07-01T21:34:07.157+0000] {dag.py:3239} INFO - Sync 1 DAGs
[2025-07-01T21:34:07.169+0000] {logging_mixin.py:190} INFO - [2025-07-01T21:34:07.169+0000] {dag.py:4180} INFO - Setting next_dagrun for tutorial_dag to None, run_after=None
[2025-07-01T21:34:07.188+0000] {processor.py:208} INFO - Processing /home/airflow/.local/lib/python3.12/site-packages/airflow/example_dags/tutorial_dag.py took 0.063 seconds
[2025-07-01T21:34:38.184+0000] {processor.py:186} INFO - Started process (PID=2278) to work on /home/airflow/.local/lib/python3.12/site-packages/airflow/example_dags/tutorial_dag.py
[2025-07-01T21:34:38.184+0000] {processor.py:914} INFO - Processing file /home/airflow/.local/lib/python3.12/site-packages/airflow/example_dags/tutorial_dag.py for tasks to queue
[2025-07-01T21:34:38.187+0000] {logging_mixin.py:190} INFO - [2025-07-01T21:34:38.186+0000] {dagbag.py:588} INFO - Filling up the DagBag from /home/airflow/.local/lib/python3.12/site-packages/airflow/example_dags/tutorial_dag.py
[2025-07-01T21:34:38.193+0000] {processor.py:925} INFO - DAG(s) 'tutorial_dag' retrieved from /home/airflow/.local/lib/python3.12/site-packages/airflow/example_dags/tutorial_dag.py
[2025-07-01T21:34:38.210+0000] {logging_mixin.py:190} INFO - [2025-07-01T21:34:38.210+0000] {dag.py:3239} INFO - Sync 1 DAGs
[2025-07-01T21:34:38.222+0000] {logging_mixin.py:190} INFO - [2025-07-01T21:34:38.222+0000] {dag.py:4180} INFO - Setting next_dagrun for tutorial_dag to None, run_after=None
[2025-07-01T21:34:38.240+0000] {processor.py:208} INFO - Processing /home/airflow/.local/lib/python3.12/site-packages/airflow/example_dags/tutorial_dag.py took 0.062 seconds
[2025-07-01T21:35:08.783+0000] {processor.py:186} INFO - Started process (PID=2341) to work on /home/airflow/.local/lib/python3.12/site-packages/airflow/example_dags/tutorial_dag.py
[2025-07-01T21:35:08.785+0000] {processor.py:914} INFO - Processing file /home/airflow/.local/lib/python3.12/site-packages/airflow/example_dags/tutorial_dag.py for tasks to queue
[2025-07-01T21:35:08.788+0000] {logging_mixin.py:190} INFO - [2025-07-01T21:35:08.787+0000] {dagbag.py:588} INFO - Filling up the DagBag from /home/airflow/.local/lib/python3.12/site-packages/airflow/example_dags/tutorial_dag.py
[2025-07-01T21:35:08.795+0000] {processor.py:925} INFO - DAG(s) 'tutorial_dag' retrieved from /home/airflow/.local/lib/python3.12/site-packages/airflow/example_dags/tutorial_dag.py
[2025-07-01T21:35:08.822+0000] {logging_mixin.py:190} INFO - [2025-07-01T21:35:08.821+0000] {dag.py:3239} INFO - Sync 1 DAGs
[2025-07-01T21:35:08.838+0000] {logging_mixin.py:190} INFO - [2025-07-01T21:35:08.838+0000] {dag.py:4180} INFO - Setting next_dagrun for tutorial_dag to None, run_after=None
[2025-07-01T21:35:08.863+0000] {processor.py:208} INFO - Processing /home/airflow/.local/lib/python3.12/site-packages/airflow/example_dags/tutorial_dag.py took 0.088 seconds
[2025-07-01T21:35:39.449+0000] {processor.py:186} INFO - Started process (PID=2404) to work on /home/airflow/.local/lib/python3.12/site-packages/airflow/example_dags/tutorial_dag.py
[2025-07-01T21:35:39.450+0000] {processor.py:914} INFO - Processing file /home/airflow/.local/lib/python3.12/site-packages/airflow/example_dags/tutorial_dag.py for tasks to queue
[2025-07-01T21:35:39.452+0000] {logging_mixin.py:190} INFO - [2025-07-01T21:35:39.452+0000] {dagbag.py:588} INFO - Filling up the DagBag from /home/airflow/.local/lib/python3.12/site-packages/airflow/example_dags/tutorial_dag.py
[2025-07-01T21:35:39.459+0000] {processor.py:925} INFO - DAG(s) 'tutorial_dag' retrieved from /home/airflow/.local/lib/python3.12/site-packages/airflow/example_dags/tutorial_dag.py
[2025-07-01T21:35:39.476+0000] {logging_mixin.py:190} INFO - [2025-07-01T21:35:39.476+0000] {dag.py:3239} INFO - Sync 1 DAGs
[2025-07-01T21:35:39.488+0000] {logging_mixin.py:190} INFO - [2025-07-01T21:35:39.488+0000] {dag.py:4180} INFO - Setting next_dagrun for tutorial_dag to None, run_after=None
[2025-07-01T21:35:39.515+0000] {processor.py:208} INFO - Processing /home/airflow/.local/lib/python3.12/site-packages/airflow/example_dags/tutorial_dag.py took 0.072 seconds
[2025-07-01T21:36:10.053+0000] {processor.py:186} INFO - Started process (PID=2467) to work on /home/airflow/.local/lib/python3.12/site-packages/airflow/example_dags/tutorial_dag.py
[2025-07-01T21:36:10.054+0000] {processor.py:914} INFO - Processing file /home/airflow/.local/lib/python3.12/site-packages/airflow/example_dags/tutorial_dag.py for tasks to queue
[2025-07-01T21:36:10.056+0000] {logging_mixin.py:190} INFO - [2025-07-01T21:36:10.056+0000] {dagbag.py:588} INFO - Filling up the DagBag from /home/airflow/.local/lib/python3.12/site-packages/airflow/example_dags/tutorial_dag.py
[2025-07-01T21:36:10.062+0000] {processor.py:925} INFO - DAG(s) 'tutorial_dag' retrieved from /home/airflow/.local/lib/python3.12/site-packages/airflow/example_dags/tutorial_dag.py
[2025-07-01T21:36:10.081+0000] {logging_mixin.py:190} INFO - [2025-07-01T21:36:10.081+0000] {dag.py:3239} INFO - Sync 1 DAGs
[2025-07-01T21:36:10.093+0000] {logging_mixin.py:190} INFO - [2025-07-01T21:36:10.093+0000] {dag.py:4180} INFO - Setting next_dagrun for tutorial_dag to None, run_after=None
[2025-07-01T21:36:10.111+0000] {processor.py:208} INFO - Processing /home/airflow/.local/lib/python3.12/site-packages/airflow/example_dags/tutorial_dag.py took 0.063 seconds
[2025-07-01T21:36:41.106+0000] {processor.py:186} INFO - Started process (PID=2530) to work on /home/airflow/.local/lib/python3.12/site-packages/airflow/example_dags/tutorial_dag.py
[2025-07-01T21:36:41.106+0000] {processor.py:914} INFO - Processing file /home/airflow/.local/lib/python3.12/site-packages/airflow/example_dags/tutorial_dag.py for tasks to queue
[2025-07-01T21:36:41.108+0000] {logging_mixin.py:190} INFO - [2025-07-01T21:36:41.108+0000] {dagbag.py:588} INFO - Filling up the DagBag from /home/airflow/.local/lib/python3.12/site-packages/airflow/example_dags/tutorial_dag.py
[2025-07-01T21:36:41.115+0000] {processor.py:925} INFO - DAG(s) 'tutorial_dag' retrieved from /home/airflow/.local/lib/python3.12/site-packages/airflow/example_dags/tutorial_dag.py
[2025-07-01T21:36:41.133+0000] {logging_mixin.py:190} INFO - [2025-07-01T21:36:41.133+0000] {dag.py:3239} INFO - Sync 1 DAGs
[2025-07-01T21:36:41.148+0000] {logging_mixin.py:190} INFO - [2025-07-01T21:36:41.148+0000] {dag.py:4180} INFO - Setting next_dagrun for tutorial_dag to None, run_after=None
[2025-07-01T21:36:41.169+0000] {processor.py:208} INFO - Processing /home/airflow/.local/lib/python3.12/site-packages/airflow/example_dags/tutorial_dag.py took 0.069 seconds
[2025-07-01T21:37:11.854+0000] {processor.py:186} INFO - Started process (PID=2593) to work on /home/airflow/.local/lib/python3.12/site-packages/airflow/example_dags/tutorial_dag.py
[2025-07-01T21:37:11.855+0000] {processor.py:914} INFO - Processing file /home/airflow/.local/lib/python3.12/site-packages/airflow/example_dags/tutorial_dag.py for tasks to queue
[2025-07-01T21:37:11.857+0000] {logging_mixin.py:190} INFO - [2025-07-01T21:37:11.857+0000] {dagbag.py:588} INFO - Filling up the DagBag from /home/airflow/.local/lib/python3.12/site-packages/airflow/example_dags/tutorial_dag.py
[2025-07-01T21:37:11.863+0000] {processor.py:925} INFO - DAG(s) 'tutorial_dag' retrieved from /home/airflow/.local/lib/python3.12/site-packages/airflow/example_dags/tutorial_dag.py
[2025-07-01T21:37:11.880+0000] {logging_mixin.py:190} INFO - [2025-07-01T21:37:11.880+0000] {dag.py:3239} INFO - Sync 1 DAGs
[2025-07-01T21:37:11.892+0000] {logging_mixin.py:190} INFO - [2025-07-01T21:37:11.892+0000] {dag.py:4180} INFO - Setting next_dagrun for tutorial_dag to None, run_after=None
[2025-07-01T21:37:11.909+0000] {processor.py:208} INFO - Processing /home/airflow/.local/lib/python3.12/site-packages/airflow/example_dags/tutorial_dag.py took 0.060 seconds
[2025-07-01T21:37:42.738+0000] {processor.py:186} INFO - Started process (PID=2656) to work on /home/airflow/.local/lib/python3.12/site-packages/airflow/example_dags/tutorial_dag.py
[2025-07-01T21:37:42.739+0000] {processor.py:914} INFO - Processing file /home/airflow/.local/lib/python3.12/site-packages/airflow/example_dags/tutorial_dag.py for tasks to queue
[2025-07-01T21:37:42.741+0000] {logging_mixin.py:190} INFO - [2025-07-01T21:37:42.741+0000] {dagbag.py:588} INFO - Filling up the DagBag from /home/airflow/.local/lib/python3.12/site-packages/airflow/example_dags/tutorial_dag.py
[2025-07-01T21:37:42.748+0000] {processor.py:925} INFO - DAG(s) 'tutorial_dag' retrieved from /home/airflow/.local/lib/python3.12/site-packages/airflow/example_dags/tutorial_dag.py
[2025-07-01T21:37:42.766+0000] {logging_mixin.py:190} INFO - [2025-07-01T21:37:42.766+0000] {dag.py:3239} INFO - Sync 1 DAGs
[2025-07-01T21:37:42.778+0000] {logging_mixin.py:190} INFO - [2025-07-01T21:37:42.777+0000] {dag.py:4180} INFO - Setting next_dagrun for tutorial_dag to None, run_after=None
[2025-07-01T21:37:42.797+0000] {processor.py:208} INFO - Processing /home/airflow/.local/lib/python3.12/site-packages/airflow/example_dags/tutorial_dag.py took 0.064 seconds
[2025-07-01T21:38:13.237+0000] {processor.py:186} INFO - Started process (PID=2719) to work on /home/airflow/.local/lib/python3.12/site-packages/airflow/example_dags/tutorial_dag.py
[2025-07-01T21:38:13.238+0000] {processor.py:914} INFO - Processing file /home/airflow/.local/lib/python3.12/site-packages/airflow/example_dags/tutorial_dag.py for tasks to queue
[2025-07-01T21:38:13.240+0000] {logging_mixin.py:190} INFO - [2025-07-01T21:38:13.240+0000] {dagbag.py:588} INFO - Filling up the DagBag from /home/airflow/.local/lib/python3.12/site-packages/airflow/example_dags/tutorial_dag.py
[2025-07-01T21:38:13.246+0000] {processor.py:925} INFO - DAG(s) 'tutorial_dag' retrieved from /home/airflow/.local/lib/python3.12/site-packages/airflow/example_dags/tutorial_dag.py
[2025-07-01T21:38:13.264+0000] {logging_mixin.py:190} INFO - [2025-07-01T21:38:13.263+0000] {dag.py:3239} INFO - Sync 1 DAGs
[2025-07-01T21:38:13.276+0000] {logging_mixin.py:190} INFO - [2025-07-01T21:38:13.276+0000] {dag.py:4180} INFO - Setting next_dagrun for tutorial_dag to None, run_after=None
[2025-07-01T21:38:13.297+0000] {processor.py:208} INFO - Processing /home/airflow/.local/lib/python3.12/site-packages/airflow/example_dags/tutorial_dag.py took 0.065 seconds
[2025-07-01T21:38:44.176+0000] {processor.py:186} INFO - Started process (PID=2782) to work on /home/airflow/.local/lib/python3.12/site-packages/airflow/example_dags/tutorial_dag.py
[2025-07-01T21:38:44.177+0000] {processor.py:914} INFO - Processing file /home/airflow/.local/lib/python3.12/site-packages/airflow/example_dags/tutorial_dag.py for tasks to queue
[2025-07-01T21:38:44.179+0000] {logging_mixin.py:190} INFO - [2025-07-01T21:38:44.179+0000] {dagbag.py:588} INFO - Filling up the DagBag from /home/airflow/.local/lib/python3.12/site-packages/airflow/example_dags/tutorial_dag.py
[2025-07-01T21:38:44.186+0000] {processor.py:925} INFO - DAG(s) 'tutorial_dag' retrieved from /home/airflow/.local/lib/python3.12/site-packages/airflow/example_dags/tutorial_dag.py
[2025-07-01T21:38:44.202+0000] {logging_mixin.py:190} INFO - [2025-07-01T21:38:44.202+0000] {dag.py:3239} INFO - Sync 1 DAGs
[2025-07-01T21:38:44.214+0000] {logging_mixin.py:190} INFO - [2025-07-01T21:38:44.213+0000] {dag.py:4180} INFO - Setting next_dagrun for tutorial_dag to None, run_after=None
[2025-07-01T21:38:44.231+0000] {processor.py:208} INFO - Processing /home/airflow/.local/lib/python3.12/site-packages/airflow/example_dags/tutorial_dag.py took 0.060 seconds
[2025-07-01T21:39:14.944+0000] {processor.py:186} INFO - Started process (PID=2845) to work on /home/airflow/.local/lib/python3.12/site-packages/airflow/example_dags/tutorial_dag.py
[2025-07-01T21:39:14.945+0000] {processor.py:914} INFO - Processing file /home/airflow/.local/lib/python3.12/site-packages/airflow/example_dags/tutorial_dag.py for tasks to queue
[2025-07-01T21:39:14.947+0000] {logging_mixin.py:190} INFO - [2025-07-01T21:39:14.947+0000] {dagbag.py:588} INFO - Filling up the DagBag from /home/airflow/.local/lib/python3.12/site-packages/airflow/example_dags/tutorial_dag.py
[2025-07-01T21:39:14.954+0000] {processor.py:925} INFO - DAG(s) 'tutorial_dag' retrieved from /home/airflow/.local/lib/python3.12/site-packages/airflow/example_dags/tutorial_dag.py
[2025-07-01T21:39:14.971+0000] {logging_mixin.py:190} INFO - [2025-07-01T21:39:14.971+0000] {dag.py:3239} INFO - Sync 1 DAGs
[2025-07-01T21:39:14.984+0000] {logging_mixin.py:190} INFO - [2025-07-01T21:39:14.984+0000] {dag.py:4180} INFO - Setting next_dagrun for tutorial_dag to None, run_after=None
[2025-07-01T21:39:15.002+0000] {processor.py:208} INFO - Processing /home/airflow/.local/lib/python3.12/site-packages/airflow/example_dags/tutorial_dag.py took 0.063 seconds
[2025-07-01T21:39:45.925+0000] {processor.py:186} INFO - Started process (PID=2908) to work on /home/airflow/.local/lib/python3.12/site-packages/airflow/example_dags/tutorial_dag.py
[2025-07-01T21:39:45.926+0000] {processor.py:914} INFO - Processing file /home/airflow/.local/lib/python3.12/site-packages/airflow/example_dags/tutorial_dag.py for tasks to queue
[2025-07-01T21:39:45.928+0000] {logging_mixin.py:190} INFO - [2025-07-01T21:39:45.928+0000] {dagbag.py:588} INFO - Filling up the DagBag from /home/airflow/.local/lib/python3.12/site-packages/airflow/example_dags/tutorial_dag.py
[2025-07-01T21:39:45.935+0000] {processor.py:925} INFO - DAG(s) 'tutorial_dag' retrieved from /home/airflow/.local/lib/python3.12/site-packages/airflow/example_dags/tutorial_dag.py
[2025-07-01T21:39:45.952+0000] {logging_mixin.py:190} INFO - [2025-07-01T21:39:45.952+0000] {dag.py:3239} INFO - Sync 1 DAGs
[2025-07-01T21:39:45.966+0000] {logging_mixin.py:190} INFO - [2025-07-01T21:39:45.965+0000] {dag.py:4180} INFO - Setting next_dagrun for tutorial_dag to None, run_after=None
[2025-07-01T21:39:45.986+0000] {processor.py:208} INFO - Processing /home/airflow/.local/lib/python3.12/site-packages/airflow/example_dags/tutorial_dag.py took 0.066 seconds
[2025-07-01T21:40:16.680+0000] {processor.py:186} INFO - Started process (PID=2972) to work on /home/airflow/.local/lib/python3.12/site-packages/airflow/example_dags/tutorial_dag.py
[2025-07-01T21:40:16.681+0000] {processor.py:914} INFO - Processing file /home/airflow/.local/lib/python3.12/site-packages/airflow/example_dags/tutorial_dag.py for tasks to queue
[2025-07-01T21:40:16.683+0000] {logging_mixin.py:190} INFO - [2025-07-01T21:40:16.682+0000] {dagbag.py:588} INFO - Filling up the DagBag from /home/airflow/.local/lib/python3.12/site-packages/airflow/example_dags/tutorial_dag.py
[2025-07-01T21:40:16.689+0000] {processor.py:925} INFO - DAG(s) 'tutorial_dag' retrieved from /home/airflow/.local/lib/python3.12/site-packages/airflow/example_dags/tutorial_dag.py
[2025-07-01T21:40:16.705+0000] {logging_mixin.py:190} INFO - [2025-07-01T21:40:16.705+0000] {dag.py:3239} INFO - Sync 1 DAGs
[2025-07-01T21:40:16.718+0000] {logging_mixin.py:190} INFO - [2025-07-01T21:40:16.718+0000] {dag.py:4180} INFO - Setting next_dagrun for tutorial_dag to None, run_after=None
[2025-07-01T21:40:16.737+0000] {processor.py:208} INFO - Processing /home/airflow/.local/lib/python3.12/site-packages/airflow/example_dags/tutorial_dag.py took 0.062 seconds
[2025-07-01T21:40:47.430+0000] {processor.py:186} INFO - Started process (PID=3035) to work on /home/airflow/.local/lib/python3.12/site-packages/airflow/example_dags/tutorial_dag.py
[2025-07-01T21:40:47.432+0000] {processor.py:914} INFO - Processing file /home/airflow/.local/lib/python3.12/site-packages/airflow/example_dags/tutorial_dag.py for tasks to queue
[2025-07-01T21:40:47.435+0000] {logging_mixin.py:190} INFO - [2025-07-01T21:40:47.434+0000] {dagbag.py:588} INFO - Filling up the DagBag from /home/airflow/.local/lib/python3.12/site-packages/airflow/example_dags/tutorial_dag.py
[2025-07-01T21:40:47.442+0000] {processor.py:925} INFO - DAG(s) 'tutorial_dag' retrieved from /home/airflow/.local/lib/python3.12/site-packages/airflow/example_dags/tutorial_dag.py
[2025-07-01T21:40:47.460+0000] {logging_mixin.py:190} INFO - [2025-07-01T21:40:47.460+0000] {dag.py:3239} INFO - Sync 1 DAGs
[2025-07-01T21:40:47.472+0000] {logging_mixin.py:190} INFO - [2025-07-01T21:40:47.472+0000] {dag.py:4180} INFO - Setting next_dagrun for tutorial_dag to None, run_after=None
[2025-07-01T21:40:47.489+0000] {processor.py:208} INFO - Processing /home/airflow/.local/lib/python3.12/site-packages/airflow/example_dags/tutorial_dag.py took 0.064 seconds
[2025-07-01T21:41:18.153+0000] {processor.py:186} INFO - Started process (PID=3098) to work on /home/airflow/.local/lib/python3.12/site-packages/airflow/example_dags/tutorial_dag.py
[2025-07-01T21:41:18.154+0000] {processor.py:914} INFO - Processing file /home/airflow/.local/lib/python3.12/site-packages/airflow/example_dags/tutorial_dag.py for tasks to queue
[2025-07-01T21:41:18.156+0000] {logging_mixin.py:190} INFO - [2025-07-01T21:41:18.156+0000] {dagbag.py:588} INFO - Filling up the DagBag from /home/airflow/.local/lib/python3.12/site-packages/airflow/example_dags/tutorial_dag.py
[2025-07-01T21:41:18.163+0000] {processor.py:925} INFO - DAG(s) 'tutorial_dag' retrieved from /home/airflow/.local/lib/python3.12/site-packages/airflow/example_dags/tutorial_dag.py
[2025-07-01T21:41:18.180+0000] {logging_mixin.py:190} INFO - [2025-07-01T21:41:18.180+0000] {dag.py:3239} INFO - Sync 1 DAGs
[2025-07-01T21:41:18.192+0000] {logging_mixin.py:190} INFO - [2025-07-01T21:41:18.192+0000] {dag.py:4180} INFO - Setting next_dagrun for tutorial_dag to None, run_after=None
[2025-07-01T21:41:18.211+0000] {processor.py:208} INFO - Processing /home/airflow/.local/lib/python3.12/site-packages/airflow/example_dags/tutorial_dag.py took 0.063 seconds
[2025-07-01T21:41:49.159+0000] {processor.py:186} INFO - Started process (PID=3161) to work on /home/airflow/.local/lib/python3.12/site-packages/airflow/example_dags/tutorial_dag.py
[2025-07-01T21:41:49.160+0000] {processor.py:914} INFO - Processing file /home/airflow/.local/lib/python3.12/site-packages/airflow/example_dags/tutorial_dag.py for tasks to queue
[2025-07-01T21:41:49.162+0000] {logging_mixin.py:190} INFO - [2025-07-01T21:41:49.162+0000] {dagbag.py:588} INFO - Filling up the DagBag from /home/airflow/.local/lib/python3.12/site-packages/airflow/example_dags/tutorial_dag.py
[2025-07-01T21:41:49.169+0000] {processor.py:925} INFO - DAG(s) 'tutorial_dag' retrieved from /home/airflow/.local/lib/python3.12/site-packages/airflow/example_dags/tutorial_dag.py
[2025-07-01T21:41:49.186+0000] {logging_mixin.py:190} INFO - [2025-07-01T21:41:49.186+0000] {dag.py:3239} INFO - Sync 1 DAGs
[2025-07-01T21:41:49.199+0000] {logging_mixin.py:190} INFO - [2025-07-01T21:41:49.199+0000] {dag.py:4180} INFO - Setting next_dagrun for tutorial_dag to None, run_after=None
[2025-07-01T21:41:49.216+0000] {processor.py:208} INFO - Processing /home/airflow/.local/lib/python3.12/site-packages/airflow/example_dags/tutorial_dag.py took 0.062 seconds
[2025-07-01T21:42:20.147+0000] {processor.py:186} INFO - Started process (PID=3224) to work on /home/airflow/.local/lib/python3.12/site-packages/airflow/example_dags/tutorial_dag.py
[2025-07-01T21:42:20.148+0000] {processor.py:914} INFO - Processing file /home/airflow/.local/lib/python3.12/site-packages/airflow/example_dags/tutorial_dag.py for tasks to queue
[2025-07-01T21:42:20.150+0000] {logging_mixin.py:190} INFO - [2025-07-01T21:42:20.150+0000] {dagbag.py:588} INFO - Filling up the DagBag from /home/airflow/.local/lib/python3.12/site-packages/airflow/example_dags/tutorial_dag.py
[2025-07-01T21:42:20.157+0000] {processor.py:925} INFO - DAG(s) 'tutorial_dag' retrieved from /home/airflow/.local/lib/python3.12/site-packages/airflow/example_dags/tutorial_dag.py
[2025-07-01T21:42:20.174+0000] {logging_mixin.py:190} INFO - [2025-07-01T21:42:20.173+0000] {dag.py:3239} INFO - Sync 1 DAGs
[2025-07-01T21:42:20.186+0000] {logging_mixin.py:190} INFO - [2025-07-01T21:42:20.185+0000] {dag.py:4180} INFO - Setting next_dagrun for tutorial_dag to None, run_after=None
[2025-07-01T21:42:20.204+0000] {processor.py:208} INFO - Processing /home/airflow/.local/lib/python3.12/site-packages/airflow/example_dags/tutorial_dag.py took 0.062 seconds
[2025-07-01T21:42:51.316+0000] {processor.py:186} INFO - Started process (PID=3294) to work on /home/airflow/.local/lib/python3.12/site-packages/airflow/example_dags/tutorial_dag.py
[2025-07-01T21:42:51.317+0000] {processor.py:914} INFO - Processing file /home/airflow/.local/lib/python3.12/site-packages/airflow/example_dags/tutorial_dag.py for tasks to queue
[2025-07-01T21:42:51.319+0000] {logging_mixin.py:190} INFO - [2025-07-01T21:42:51.319+0000] {dagbag.py:588} INFO - Filling up the DagBag from /home/airflow/.local/lib/python3.12/site-packages/airflow/example_dags/tutorial_dag.py
[2025-07-01T21:42:51.326+0000] {processor.py:925} INFO - DAG(s) 'tutorial_dag' retrieved from /home/airflow/.local/lib/python3.12/site-packages/airflow/example_dags/tutorial_dag.py
[2025-07-01T21:42:51.343+0000] {logging_mixin.py:190} INFO - [2025-07-01T21:42:51.343+0000] {dag.py:3239} INFO - Sync 1 DAGs
[2025-07-01T21:42:51.355+0000] {logging_mixin.py:190} INFO - [2025-07-01T21:42:51.355+0000] {dag.py:4180} INFO - Setting next_dagrun for tutorial_dag to None, run_after=None
[2025-07-01T21:42:51.373+0000] {processor.py:208} INFO - Processing /home/airflow/.local/lib/python3.12/site-packages/airflow/example_dags/tutorial_dag.py took 0.063 seconds
[2025-07-01T21:43:22.188+0000] {processor.py:186} INFO - Started process (PID=3357) to work on /home/airflow/.local/lib/python3.12/site-packages/airflow/example_dags/tutorial_dag.py
[2025-07-01T21:43:22.189+0000] {processor.py:914} INFO - Processing file /home/airflow/.local/lib/python3.12/site-packages/airflow/example_dags/tutorial_dag.py for tasks to queue
[2025-07-01T21:43:22.191+0000] {logging_mixin.py:190} INFO - [2025-07-01T21:43:22.191+0000] {dagbag.py:588} INFO - Filling up the DagBag from /home/airflow/.local/lib/python3.12/site-packages/airflow/example_dags/tutorial_dag.py
[2025-07-01T21:43:22.198+0000] {processor.py:925} INFO - DAG(s) 'tutorial_dag' retrieved from /home/airflow/.local/lib/python3.12/site-packages/airflow/example_dags/tutorial_dag.py
[2025-07-01T21:43:22.216+0000] {logging_mixin.py:190} INFO - [2025-07-01T21:43:22.215+0000] {dag.py:3239} INFO - Sync 1 DAGs
[2025-07-01T21:43:22.231+0000] {logging_mixin.py:190} INFO - [2025-07-01T21:43:22.230+0000] {dag.py:4180} INFO - Setting next_dagrun for tutorial_dag to None, run_after=None
[2025-07-01T21:43:22.249+0000] {processor.py:208} INFO - Processing /home/airflow/.local/lib/python3.12/site-packages/airflow/example_dags/tutorial_dag.py took 0.066 seconds
[2025-07-01T21:43:53.006+0000] {processor.py:186} INFO - Started process (PID=3420) to work on /home/airflow/.local/lib/python3.12/site-packages/airflow/example_dags/tutorial_dag.py
[2025-07-01T21:43:53.007+0000] {processor.py:914} INFO - Processing file /home/airflow/.local/lib/python3.12/site-packages/airflow/example_dags/tutorial_dag.py for tasks to queue
[2025-07-01T21:43:53.009+0000] {logging_mixin.py:190} INFO - [2025-07-01T21:43:53.009+0000] {dagbag.py:588} INFO - Filling up the DagBag from /home/airflow/.local/lib/python3.12/site-packages/airflow/example_dags/tutorial_dag.py
[2025-07-01T21:43:53.016+0000] {processor.py:925} INFO - DAG(s) 'tutorial_dag' retrieved from /home/airflow/.local/lib/python3.12/site-packages/airflow/example_dags/tutorial_dag.py
[2025-07-01T21:43:53.034+0000] {logging_mixin.py:190} INFO - [2025-07-01T21:43:53.033+0000] {dag.py:3239} INFO - Sync 1 DAGs
[2025-07-01T21:43:53.046+0000] {logging_mixin.py:190} INFO - [2025-07-01T21:43:53.046+0000] {dag.py:4180} INFO - Setting next_dagrun for tutorial_dag to None, run_after=None
[2025-07-01T21:43:53.065+0000] {processor.py:208} INFO - Processing /home/airflow/.local/lib/python3.12/site-packages/airflow/example_dags/tutorial_dag.py took 0.065 seconds
[2025-07-01T21:44:23.709+0000] {processor.py:186} INFO - Started process (PID=3483) to work on /home/airflow/.local/lib/python3.12/site-packages/airflow/example_dags/tutorial_dag.py
[2025-07-01T21:44:23.710+0000] {processor.py:914} INFO - Processing file /home/airflow/.local/lib/python3.12/site-packages/airflow/example_dags/tutorial_dag.py for tasks to queue
[2025-07-01T21:44:23.713+0000] {logging_mixin.py:190} INFO - [2025-07-01T21:44:23.712+0000] {dagbag.py:588} INFO - Filling up the DagBag from /home/airflow/.local/lib/python3.12/site-packages/airflow/example_dags/tutorial_dag.py
[2025-07-01T21:44:23.720+0000] {processor.py:925} INFO - DAG(s) 'tutorial_dag' retrieved from /home/airflow/.local/lib/python3.12/site-packages/airflow/example_dags/tutorial_dag.py
[2025-07-01T21:44:23.738+0000] {logging_mixin.py:190} INFO - [2025-07-01T21:44:23.738+0000] {dag.py:3239} INFO - Sync 1 DAGs
[2025-07-01T21:44:23.753+0000] {logging_mixin.py:190} INFO - [2025-07-01T21:44:23.753+0000] {dag.py:4180} INFO - Setting next_dagrun for tutorial_dag to None, run_after=None
[2025-07-01T21:44:23.773+0000] {processor.py:208} INFO - Processing /home/airflow/.local/lib/python3.12/site-packages/airflow/example_dags/tutorial_dag.py took 0.069 seconds
[2025-07-01T21:44:54.583+0000] {processor.py:186} INFO - Started process (PID=3546) to work on /home/airflow/.local/lib/python3.12/site-packages/airflow/example_dags/tutorial_dag.py
[2025-07-01T21:44:54.584+0000] {processor.py:914} INFO - Processing file /home/airflow/.local/lib/python3.12/site-packages/airflow/example_dags/tutorial_dag.py for tasks to queue
[2025-07-01T21:44:54.586+0000] {logging_mixin.py:190} INFO - [2025-07-01T21:44:54.586+0000] {dagbag.py:588} INFO - Filling up the DagBag from /home/airflow/.local/lib/python3.12/site-packages/airflow/example_dags/tutorial_dag.py
[2025-07-01T21:44:54.592+0000] {processor.py:925} INFO - DAG(s) 'tutorial_dag' retrieved from /home/airflow/.local/lib/python3.12/site-packages/airflow/example_dags/tutorial_dag.py
[2025-07-01T21:44:54.610+0000] {logging_mixin.py:190} INFO - [2025-07-01T21:44:54.610+0000] {dag.py:3239} INFO - Sync 1 DAGs
[2025-07-01T21:44:54.622+0000] {logging_mixin.py:190} INFO - [2025-07-01T21:44:54.622+0000] {dag.py:4180} INFO - Setting next_dagrun for tutorial_dag to None, run_after=None
[2025-07-01T21:44:54.641+0000] {processor.py:208} INFO - Processing /home/airflow/.local/lib/python3.12/site-packages/airflow/example_dags/tutorial_dag.py took 0.063 seconds
[2025-07-01T21:45:25.511+0000] {processor.py:186} INFO - Started process (PID=3609) to work on /home/airflow/.local/lib/python3.12/site-packages/airflow/example_dags/tutorial_dag.py
[2025-07-01T21:45:25.512+0000] {processor.py:914} INFO - Processing file /home/airflow/.local/lib/python3.12/site-packages/airflow/example_dags/tutorial_dag.py for tasks to queue
[2025-07-01T21:45:25.514+0000] {logging_mixin.py:190} INFO - [2025-07-01T21:45:25.514+0000] {dagbag.py:588} INFO - Filling up the DagBag from /home/airflow/.local/lib/python3.12/site-packages/airflow/example_dags/tutorial_dag.py
[2025-07-01T21:45:25.521+0000] {processor.py:925} INFO - DAG(s) 'tutorial_dag' retrieved from /home/airflow/.local/lib/python3.12/site-packages/airflow/example_dags/tutorial_dag.py
[2025-07-01T21:45:25.540+0000] {logging_mixin.py:190} INFO - [2025-07-01T21:45:25.540+0000] {dag.py:3239} INFO - Sync 1 DAGs
[2025-07-01T21:45:25.555+0000] {logging_mixin.py:190} INFO - [2025-07-01T21:45:25.554+0000] {dag.py:4180} INFO - Setting next_dagrun for tutorial_dag to None, run_after=None
[2025-07-01T21:45:25.574+0000] {processor.py:208} INFO - Processing /home/airflow/.local/lib/python3.12/site-packages/airflow/example_dags/tutorial_dag.py took 0.068 seconds
[2025-07-01T21:45:56.433+0000] {processor.py:186} INFO - Started process (PID=3672) to work on /home/airflow/.local/lib/python3.12/site-packages/airflow/example_dags/tutorial_dag.py
[2025-07-01T21:45:56.434+0000] {processor.py:914} INFO - Processing file /home/airflow/.local/lib/python3.12/site-packages/airflow/example_dags/tutorial_dag.py for tasks to queue
[2025-07-01T21:45:56.436+0000] {logging_mixin.py:190} INFO - [2025-07-01T21:45:56.436+0000] {dagbag.py:588} INFO - Filling up the DagBag from /home/airflow/.local/lib/python3.12/site-packages/airflow/example_dags/tutorial_dag.py
[2025-07-01T21:45:56.443+0000] {processor.py:925} INFO - DAG(s) 'tutorial_dag' retrieved from /home/airflow/.local/lib/python3.12/site-packages/airflow/example_dags/tutorial_dag.py
[2025-07-01T21:45:56.459+0000] {logging_mixin.py:190} INFO - [2025-07-01T21:45:56.458+0000] {dag.py:3239} INFO - Sync 1 DAGs
[2025-07-01T21:45:56.470+0000] {logging_mixin.py:190} INFO - [2025-07-01T21:45:56.469+0000] {dag.py:4180} INFO - Setting next_dagrun for tutorial_dag to None, run_after=None
[2025-07-01T21:45:56.489+0000] {processor.py:208} INFO - Processing /home/airflow/.local/lib/python3.12/site-packages/airflow/example_dags/tutorial_dag.py took 0.061 seconds
[2025-07-01T21:46:27.383+0000] {processor.py:186} INFO - Started process (PID=3735) to work on /home/airflow/.local/lib/python3.12/site-packages/airflow/example_dags/tutorial_dag.py
[2025-07-01T21:46:27.384+0000] {processor.py:914} INFO - Processing file /home/airflow/.local/lib/python3.12/site-packages/airflow/example_dags/tutorial_dag.py for tasks to queue
[2025-07-01T21:46:27.386+0000] {logging_mixin.py:190} INFO - [2025-07-01T21:46:27.385+0000] {dagbag.py:588} INFO - Filling up the DagBag from /home/airflow/.local/lib/python3.12/site-packages/airflow/example_dags/tutorial_dag.py
[2025-07-01T21:46:27.393+0000] {processor.py:925} INFO - DAG(s) 'tutorial_dag' retrieved from /home/airflow/.local/lib/python3.12/site-packages/airflow/example_dags/tutorial_dag.py
[2025-07-01T21:46:27.408+0000] {logging_mixin.py:190} INFO - [2025-07-01T21:46:27.408+0000] {dag.py:3239} INFO - Sync 1 DAGs
[2025-07-01T21:46:27.420+0000] {logging_mixin.py:190} INFO - [2025-07-01T21:46:27.419+0000] {dag.py:4180} INFO - Setting next_dagrun for tutorial_dag to None, run_after=None
[2025-07-01T21:46:27.438+0000] {processor.py:208} INFO - Processing /home/airflow/.local/lib/python3.12/site-packages/airflow/example_dags/tutorial_dag.py took 0.061 seconds
[2025-07-01T21:46:58.300+0000] {processor.py:186} INFO - Started process (PID=3798) to work on /home/airflow/.local/lib/python3.12/site-packages/airflow/example_dags/tutorial_dag.py
[2025-07-01T21:46:58.301+0000] {processor.py:914} INFO - Processing file /home/airflow/.local/lib/python3.12/site-packages/airflow/example_dags/tutorial_dag.py for tasks to queue
[2025-07-01T21:46:58.303+0000] {logging_mixin.py:190} INFO - [2025-07-01T21:46:58.302+0000] {dagbag.py:588} INFO - Filling up the DagBag from /home/airflow/.local/lib/python3.12/site-packages/airflow/example_dags/tutorial_dag.py
[2025-07-01T21:46:58.310+0000] {processor.py:925} INFO - DAG(s) 'tutorial_dag' retrieved from /home/airflow/.local/lib/python3.12/site-packages/airflow/example_dags/tutorial_dag.py
[2025-07-01T21:46:58.326+0000] {logging_mixin.py:190} INFO - [2025-07-01T21:46:58.326+0000] {dag.py:3239} INFO - Sync 1 DAGs
[2025-07-01T21:46:58.342+0000] {logging_mixin.py:190} INFO - [2025-07-01T21:46:58.342+0000] {dag.py:4180} INFO - Setting next_dagrun for tutorial_dag to None, run_after=None
[2025-07-01T21:46:58.360+0000] {processor.py:208} INFO - Processing /home/airflow/.local/lib/python3.12/site-packages/airflow/example_dags/tutorial_dag.py took 0.065 seconds
[2025-07-01T21:47:29.234+0000] {processor.py:186} INFO - Started process (PID=3861) to work on /home/airflow/.local/lib/python3.12/site-packages/airflow/example_dags/tutorial_dag.py
[2025-07-01T21:47:29.235+0000] {processor.py:914} INFO - Processing file /home/airflow/.local/lib/python3.12/site-packages/airflow/example_dags/tutorial_dag.py for tasks to queue
[2025-07-01T21:47:29.237+0000] {logging_mixin.py:190} INFO - [2025-07-01T21:47:29.237+0000] {dagbag.py:588} INFO - Filling up the DagBag from /home/airflow/.local/lib/python3.12/site-packages/airflow/example_dags/tutorial_dag.py
[2025-07-01T21:47:29.244+0000] {processor.py:925} INFO - DAG(s) 'tutorial_dag' retrieved from /home/airflow/.local/lib/python3.12/site-packages/airflow/example_dags/tutorial_dag.py
[2025-07-01T21:47:29.261+0000] {logging_mixin.py:190} INFO - [2025-07-01T21:47:29.261+0000] {dag.py:3239} INFO - Sync 1 DAGs
[2025-07-01T21:47:29.274+0000] {logging_mixin.py:190} INFO - [2025-07-01T21:47:29.274+0000] {dag.py:4180} INFO - Setting next_dagrun for tutorial_dag to None, run_after=None
[2025-07-01T21:47:29.293+0000] {processor.py:208} INFO - Processing /home/airflow/.local/lib/python3.12/site-packages/airflow/example_dags/tutorial_dag.py took 0.064 seconds
[2025-07-01T21:48:00.717+0000] {processor.py:186} INFO - Started process (PID=3924) to work on /home/airflow/.local/lib/python3.12/site-packages/airflow/example_dags/tutorial_dag.py
[2025-07-01T21:48:00.718+0000] {processor.py:914} INFO - Processing file /home/airflow/.local/lib/python3.12/site-packages/airflow/example_dags/tutorial_dag.py for tasks to queue
[2025-07-01T21:48:00.721+0000] {logging_mixin.py:190} INFO - [2025-07-01T21:48:00.720+0000] {dagbag.py:588} INFO - Filling up the DagBag from /home/airflow/.local/lib/python3.12/site-packages/airflow/example_dags/tutorial_dag.py
[2025-07-01T21:48:00.729+0000] {processor.py:925} INFO - DAG(s) 'tutorial_dag' retrieved from /home/airflow/.local/lib/python3.12/site-packages/airflow/example_dags/tutorial_dag.py
[2025-07-01T21:48:00.747+0000] {logging_mixin.py:190} INFO - [2025-07-01T21:48:00.747+0000] {dag.py:3239} INFO - Sync 1 DAGs
[2025-07-01T21:48:00.760+0000] {logging_mixin.py:190} INFO - [2025-07-01T21:48:00.759+0000] {dag.py:4180} INFO - Setting next_dagrun for tutorial_dag to None, run_after=None
[2025-07-01T21:48:00.780+0000] {processor.py:208} INFO - Processing /home/airflow/.local/lib/python3.12/site-packages/airflow/example_dags/tutorial_dag.py took 0.070 seconds
[2025-07-01T21:48:31.007+0000] {processor.py:186} INFO - Started process (PID=3986) to work on /home/airflow/.local/lib/python3.12/site-packages/airflow/example_dags/tutorial_dag.py
[2025-07-01T21:48:31.008+0000] {processor.py:914} INFO - Processing file /home/airflow/.local/lib/python3.12/site-packages/airflow/example_dags/tutorial_dag.py for tasks to queue
[2025-07-01T21:48:31.011+0000] {logging_mixin.py:190} INFO - [2025-07-01T21:48:31.010+0000] {dagbag.py:588} INFO - Filling up the DagBag from /home/airflow/.local/lib/python3.12/site-packages/airflow/example_dags/tutorial_dag.py
[2025-07-01T21:48:31.017+0000] {processor.py:925} INFO - DAG(s) 'tutorial_dag' retrieved from /home/airflow/.local/lib/python3.12/site-packages/airflow/example_dags/tutorial_dag.py
[2025-07-01T21:48:31.034+0000] {logging_mixin.py:190} INFO - [2025-07-01T21:48:31.034+0000] {dag.py:3239} INFO - Sync 1 DAGs
[2025-07-01T21:48:31.047+0000] {logging_mixin.py:190} INFO - [2025-07-01T21:48:31.046+0000] {dag.py:4180} INFO - Setting next_dagrun for tutorial_dag to None, run_after=None
[2025-07-01T21:48:31.064+0000] {processor.py:208} INFO - Processing /home/airflow/.local/lib/python3.12/site-packages/airflow/example_dags/tutorial_dag.py took 0.062 seconds
[2025-07-01T21:49:01.630+0000] {processor.py:186} INFO - Started process (PID=4051) to work on /home/airflow/.local/lib/python3.12/site-packages/airflow/example_dags/tutorial_dag.py
[2025-07-01T21:49:01.631+0000] {processor.py:914} INFO - Processing file /home/airflow/.local/lib/python3.12/site-packages/airflow/example_dags/tutorial_dag.py for tasks to queue
[2025-07-01T21:49:01.633+0000] {logging_mixin.py:190} INFO - [2025-07-01T21:49:01.633+0000] {dagbag.py:588} INFO - Filling up the DagBag from /home/airflow/.local/lib/python3.12/site-packages/airflow/example_dags/tutorial_dag.py
[2025-07-01T21:49:01.641+0000] {processor.py:925} INFO - DAG(s) 'tutorial_dag' retrieved from /home/airflow/.local/lib/python3.12/site-packages/airflow/example_dags/tutorial_dag.py
[2025-07-01T21:49:01.658+0000] {logging_mixin.py:190} INFO - [2025-07-01T21:49:01.658+0000] {dag.py:3239} INFO - Sync 1 DAGs
[2025-07-01T21:49:01.670+0000] {logging_mixin.py:190} INFO - [2025-07-01T21:49:01.670+0000] {dag.py:4180} INFO - Setting next_dagrun for tutorial_dag to None, run_after=None
[2025-07-01T21:49:01.689+0000] {processor.py:208} INFO - Processing /home/airflow/.local/lib/python3.12/site-packages/airflow/example_dags/tutorial_dag.py took 0.064 seconds
[2025-07-01T21:49:33.121+0000] {processor.py:186} INFO - Started process (PID=4114) to work on /home/airflow/.local/lib/python3.12/site-packages/airflow/example_dags/tutorial_dag.py
[2025-07-01T21:49:33.122+0000] {processor.py:914} INFO - Processing file /home/airflow/.local/lib/python3.12/site-packages/airflow/example_dags/tutorial_dag.py for tasks to queue
[2025-07-01T21:49:33.125+0000] {logging_mixin.py:190} INFO - [2025-07-01T21:49:33.125+0000] {dagbag.py:588} INFO - Filling up the DagBag from /home/airflow/.local/lib/python3.12/site-packages/airflow/example_dags/tutorial_dag.py
[2025-07-01T21:49:33.132+0000] {processor.py:925} INFO - DAG(s) 'tutorial_dag' retrieved from /home/airflow/.local/lib/python3.12/site-packages/airflow/example_dags/tutorial_dag.py
[2025-07-01T21:49:33.151+0000] {logging_mixin.py:190} INFO - [2025-07-01T21:49:33.150+0000] {dag.py:3239} INFO - Sync 1 DAGs
[2025-07-01T21:49:33.163+0000] {logging_mixin.py:190} INFO - [2025-07-01T21:49:33.163+0000] {dag.py:4180} INFO - Setting next_dagrun for tutorial_dag to None, run_after=None
[2025-07-01T21:49:33.346+0000] {processor.py:208} INFO - Processing /home/airflow/.local/lib/python3.12/site-packages/airflow/example_dags/tutorial_dag.py took 0.231 seconds
[2025-07-01T21:50:04.302+0000] {processor.py:186} INFO - Started process (PID=4178) to work on /home/airflow/.local/lib/python3.12/site-packages/airflow/example_dags/tutorial_dag.py
[2025-07-01T21:50:04.303+0000] {processor.py:914} INFO - Processing file /home/airflow/.local/lib/python3.12/site-packages/airflow/example_dags/tutorial_dag.py for tasks to queue
[2025-07-01T21:50:04.306+0000] {logging_mixin.py:190} INFO - [2025-07-01T21:50:04.305+0000] {dagbag.py:588} INFO - Filling up the DagBag from /home/airflow/.local/lib/python3.12/site-packages/airflow/example_dags/tutorial_dag.py
[2025-07-01T21:50:04.312+0000] {processor.py:925} INFO - DAG(s) 'tutorial_dag' retrieved from /home/airflow/.local/lib/python3.12/site-packages/airflow/example_dags/tutorial_dag.py
[2025-07-01T21:50:04.330+0000] {logging_mixin.py:190} INFO - [2025-07-01T21:50:04.329+0000] {dag.py:3239} INFO - Sync 1 DAGs
[2025-07-01T21:50:04.341+0000] {logging_mixin.py:190} INFO - [2025-07-01T21:50:04.341+0000] {dag.py:4180} INFO - Setting next_dagrun for tutorial_dag to None, run_after=None
[2025-07-01T21:50:04.359+0000] {processor.py:208} INFO - Processing /home/airflow/.local/lib/python3.12/site-packages/airflow/example_dags/tutorial_dag.py took 0.062 seconds
[2025-07-01T21:50:34.711+0000] {processor.py:186} INFO - Started process (PID=4241) to work on /home/airflow/.local/lib/python3.12/site-packages/airflow/example_dags/tutorial_dag.py
[2025-07-01T21:50:34.712+0000] {processor.py:914} INFO - Processing file /home/airflow/.local/lib/python3.12/site-packages/airflow/example_dags/tutorial_dag.py for tasks to queue
[2025-07-01T21:50:34.715+0000] {logging_mixin.py:190} INFO - [2025-07-01T21:50:34.714+0000] {dagbag.py:588} INFO - Filling up the DagBag from /home/airflow/.local/lib/python3.12/site-packages/airflow/example_dags/tutorial_dag.py
[2025-07-01T21:50:34.722+0000] {processor.py:925} INFO - DAG(s) 'tutorial_dag' retrieved from /home/airflow/.local/lib/python3.12/site-packages/airflow/example_dags/tutorial_dag.py
[2025-07-01T21:50:34.740+0000] {logging_mixin.py:190} INFO - [2025-07-01T21:50:34.739+0000] {dag.py:3239} INFO - Sync 1 DAGs
[2025-07-01T21:50:34.753+0000] {logging_mixin.py:190} INFO - [2025-07-01T21:50:34.753+0000] {dag.py:4180} INFO - Setting next_dagrun for tutorial_dag to None, run_after=None
[2025-07-01T21:50:34.770+0000] {processor.py:208} INFO - Processing /home/airflow/.local/lib/python3.12/site-packages/airflow/example_dags/tutorial_dag.py took 0.064 seconds
[2025-07-01T21:51:06.248+0000] {processor.py:186} INFO - Started process (PID=4304) to work on /home/airflow/.local/lib/python3.12/site-packages/airflow/example_dags/tutorial_dag.py
[2025-07-01T21:51:06.250+0000] {processor.py:914} INFO - Processing file /home/airflow/.local/lib/python3.12/site-packages/airflow/example_dags/tutorial_dag.py for tasks to queue
[2025-07-01T21:51:06.252+0000] {logging_mixin.py:190} INFO - [2025-07-01T21:51:06.252+0000] {dagbag.py:588} INFO - Filling up the DagBag from /home/airflow/.local/lib/python3.12/site-packages/airflow/example_dags/tutorial_dag.py
[2025-07-01T21:51:06.258+0000] {processor.py:925} INFO - DAG(s) 'tutorial_dag' retrieved from /home/airflow/.local/lib/python3.12/site-packages/airflow/example_dags/tutorial_dag.py
[2025-07-01T21:51:06.277+0000] {logging_mixin.py:190} INFO - [2025-07-01T21:51:06.276+0000] {dag.py:3239} INFO - Sync 1 DAGs
[2025-07-01T21:51:06.288+0000] {logging_mixin.py:190} INFO - [2025-07-01T21:51:06.288+0000] {dag.py:4180} INFO - Setting next_dagrun for tutorial_dag to None, run_after=None
[2025-07-01T21:51:06.454+0000] {processor.py:208} INFO - Processing /home/airflow/.local/lib/python3.12/site-packages/airflow/example_dags/tutorial_dag.py took 0.211 seconds
[2025-07-01T21:51:36.532+0000] {processor.py:186} INFO - Started process (PID=4367) to work on /home/airflow/.local/lib/python3.12/site-packages/airflow/example_dags/tutorial_dag.py
[2025-07-01T21:51:36.533+0000] {processor.py:914} INFO - Processing file /home/airflow/.local/lib/python3.12/site-packages/airflow/example_dags/tutorial_dag.py for tasks to queue
[2025-07-01T21:51:36.535+0000] {logging_mixin.py:190} INFO - [2025-07-01T21:51:36.535+0000] {dagbag.py:588} INFO - Filling up the DagBag from /home/airflow/.local/lib/python3.12/site-packages/airflow/example_dags/tutorial_dag.py
[2025-07-01T21:51:36.542+0000] {processor.py:925} INFO - DAG(s) 'tutorial_dag' retrieved from /home/airflow/.local/lib/python3.12/site-packages/airflow/example_dags/tutorial_dag.py
[2025-07-01T21:51:36.558+0000] {logging_mixin.py:190} INFO - [2025-07-01T21:51:36.558+0000] {dag.py:3239} INFO - Sync 1 DAGs
[2025-07-01T21:51:36.569+0000] {logging_mixin.py:190} INFO - [2025-07-01T21:51:36.569+0000] {dag.py:4180} INFO - Setting next_dagrun for tutorial_dag to None, run_after=None
[2025-07-01T21:51:36.587+0000] {processor.py:208} INFO - Processing /home/airflow/.local/lib/python3.12/site-packages/airflow/example_dags/tutorial_dag.py took 0.060 seconds
[2025-07-01T21:52:06.819+0000] {processor.py:186} INFO - Started process (PID=4430) to work on /home/airflow/.local/lib/python3.12/site-packages/airflow/example_dags/tutorial_dag.py
[2025-07-01T21:52:06.820+0000] {processor.py:914} INFO - Processing file /home/airflow/.local/lib/python3.12/site-packages/airflow/example_dags/tutorial_dag.py for tasks to queue
[2025-07-01T21:52:06.822+0000] {logging_mixin.py:190} INFO - [2025-07-01T21:52:06.822+0000] {dagbag.py:588} INFO - Filling up the DagBag from /home/airflow/.local/lib/python3.12/site-packages/airflow/example_dags/tutorial_dag.py
[2025-07-01T21:52:06.829+0000] {processor.py:925} INFO - DAG(s) 'tutorial_dag' retrieved from /home/airflow/.local/lib/python3.12/site-packages/airflow/example_dags/tutorial_dag.py
[2025-07-01T21:52:06.845+0000] {logging_mixin.py:190} INFO - [2025-07-01T21:52:06.845+0000] {dag.py:3239} INFO - Sync 1 DAGs
[2025-07-01T21:52:06.856+0000] {logging_mixin.py:190} INFO - [2025-07-01T21:52:06.856+0000] {dag.py:4180} INFO - Setting next_dagrun for tutorial_dag to None, run_after=None
[2025-07-01T21:52:06.874+0000] {processor.py:208} INFO - Processing /home/airflow/.local/lib/python3.12/site-packages/airflow/example_dags/tutorial_dag.py took 0.059 seconds
[2025-07-01T21:52:37.160+0000] {processor.py:186} INFO - Started process (PID=4493) to work on /home/airflow/.local/lib/python3.12/site-packages/airflow/example_dags/tutorial_dag.py
[2025-07-01T21:52:37.161+0000] {processor.py:914} INFO - Processing file /home/airflow/.local/lib/python3.12/site-packages/airflow/example_dags/tutorial_dag.py for tasks to queue
[2025-07-01T21:52:37.164+0000] {logging_mixin.py:190} INFO - [2025-07-01T21:52:37.164+0000] {dagbag.py:588} INFO - Filling up the DagBag from /home/airflow/.local/lib/python3.12/site-packages/airflow/example_dags/tutorial_dag.py
[2025-07-01T21:52:37.171+0000] {processor.py:925} INFO - DAG(s) 'tutorial_dag' retrieved from /home/airflow/.local/lib/python3.12/site-packages/airflow/example_dags/tutorial_dag.py
[2025-07-01T21:52:37.188+0000] {logging_mixin.py:190} INFO - [2025-07-01T21:52:37.188+0000] {dag.py:3239} INFO - Sync 1 DAGs
[2025-07-01T21:52:37.201+0000] {logging_mixin.py:190} INFO - [2025-07-01T21:52:37.200+0000] {dag.py:4180} INFO - Setting next_dagrun for tutorial_dag to None, run_after=None
[2025-07-01T21:52:37.218+0000] {processor.py:208} INFO - Processing /home/airflow/.local/lib/python3.12/site-packages/airflow/example_dags/tutorial_dag.py took 0.063 seconds
[2025-07-01T21:53:07.515+0000] {processor.py:186} INFO - Started process (PID=4556) to work on /home/airflow/.local/lib/python3.12/site-packages/airflow/example_dags/tutorial_dag.py
[2025-07-01T21:53:07.516+0000] {processor.py:914} INFO - Processing file /home/airflow/.local/lib/python3.12/site-packages/airflow/example_dags/tutorial_dag.py for tasks to queue
[2025-07-01T21:53:07.518+0000] {logging_mixin.py:190} INFO - [2025-07-01T21:53:07.517+0000] {dagbag.py:588} INFO - Filling up the DagBag from /home/airflow/.local/lib/python3.12/site-packages/airflow/example_dags/tutorial_dag.py
[2025-07-01T21:53:07.524+0000] {processor.py:925} INFO - DAG(s) 'tutorial_dag' retrieved from /home/airflow/.local/lib/python3.12/site-packages/airflow/example_dags/tutorial_dag.py
[2025-07-01T21:53:07.541+0000] {logging_mixin.py:190} INFO - [2025-07-01T21:53:07.541+0000] {dag.py:3239} INFO - Sync 1 DAGs
[2025-07-01T21:53:07.553+0000] {logging_mixin.py:190} INFO - [2025-07-01T21:53:07.553+0000] {dag.py:4180} INFO - Setting next_dagrun for tutorial_dag to None, run_after=None
[2025-07-01T21:53:07.572+0000] {processor.py:208} INFO - Processing /home/airflow/.local/lib/python3.12/site-packages/airflow/example_dags/tutorial_dag.py took 0.063 seconds
[2025-07-01T21:53:37.788+0000] {processor.py:186} INFO - Started process (PID=4619) to work on /home/airflow/.local/lib/python3.12/site-packages/airflow/example_dags/tutorial_dag.py
[2025-07-01T21:53:37.789+0000] {processor.py:914} INFO - Processing file /home/airflow/.local/lib/python3.12/site-packages/airflow/example_dags/tutorial_dag.py for tasks to queue
[2025-07-01T21:53:37.791+0000] {logging_mixin.py:190} INFO - [2025-07-01T21:53:37.791+0000] {dagbag.py:588} INFO - Filling up the DagBag from /home/airflow/.local/lib/python3.12/site-packages/airflow/example_dags/tutorial_dag.py
[2025-07-01T21:53:37.798+0000] {processor.py:925} INFO - DAG(s) 'tutorial_dag' retrieved from /home/airflow/.local/lib/python3.12/site-packages/airflow/example_dags/tutorial_dag.py
[2025-07-01T21:53:37.815+0000] {logging_mixin.py:190} INFO - [2025-07-01T21:53:37.814+0000] {dag.py:3239} INFO - Sync 1 DAGs
[2025-07-01T21:53:37.826+0000] {logging_mixin.py:190} INFO - [2025-07-01T21:53:37.826+0000] {dag.py:4180} INFO - Setting next_dagrun for tutorial_dag to None, run_after=None
[2025-07-01T21:53:37.844+0000] {processor.py:208} INFO - Processing /home/airflow/.local/lib/python3.12/site-packages/airflow/example_dags/tutorial_dag.py took 0.061 seconds
[2025-07-01T21:54:08.119+0000] {processor.py:186} INFO - Started process (PID=4682) to work on /home/airflow/.local/lib/python3.12/site-packages/airflow/example_dags/tutorial_dag.py
[2025-07-01T21:54:08.120+0000] {processor.py:914} INFO - Processing file /home/airflow/.local/lib/python3.12/site-packages/airflow/example_dags/tutorial_dag.py for tasks to queue
[2025-07-01T21:54:08.122+0000] {logging_mixin.py:190} INFO - [2025-07-01T21:54:08.122+0000] {dagbag.py:588} INFO - Filling up the DagBag from /home/airflow/.local/lib/python3.12/site-packages/airflow/example_dags/tutorial_dag.py
[2025-07-01T21:54:08.129+0000] {processor.py:925} INFO - DAG(s) 'tutorial_dag' retrieved from /home/airflow/.local/lib/python3.12/site-packages/airflow/example_dags/tutorial_dag.py
[2025-07-01T21:54:08.146+0000] {logging_mixin.py:190} INFO - [2025-07-01T21:54:08.146+0000] {dag.py:3239} INFO - Sync 1 DAGs
[2025-07-01T21:54:08.158+0000] {logging_mixin.py:190} INFO - [2025-07-01T21:54:08.157+0000] {dag.py:4180} INFO - Setting next_dagrun for tutorial_dag to None, run_after=None
[2025-07-01T21:54:08.177+0000] {processor.py:208} INFO - Processing /home/airflow/.local/lib/python3.12/site-packages/airflow/example_dags/tutorial_dag.py took 0.063 seconds
[2025-07-01T21:54:38.602+0000] {processor.py:186} INFO - Started process (PID=4744) to work on /home/airflow/.local/lib/python3.12/site-packages/airflow/example_dags/tutorial_dag.py
[2025-07-01T21:54:38.603+0000] {processor.py:914} INFO - Processing file /home/airflow/.local/lib/python3.12/site-packages/airflow/example_dags/tutorial_dag.py for tasks to queue
[2025-07-01T21:54:38.605+0000] {logging_mixin.py:190} INFO - [2025-07-01T21:54:38.605+0000] {dagbag.py:588} INFO - Filling up the DagBag from /home/airflow/.local/lib/python3.12/site-packages/airflow/example_dags/tutorial_dag.py
[2025-07-01T21:54:38.611+0000] {processor.py:925} INFO - DAG(s) 'tutorial_dag' retrieved from /home/airflow/.local/lib/python3.12/site-packages/airflow/example_dags/tutorial_dag.py
[2025-07-01T21:54:38.628+0000] {logging_mixin.py:190} INFO - [2025-07-01T21:54:38.627+0000] {dag.py:3239} INFO - Sync 1 DAGs
[2025-07-01T21:54:38.641+0000] {logging_mixin.py:190} INFO - [2025-07-01T21:54:38.640+0000] {dag.py:4180} INFO - Setting next_dagrun for tutorial_dag to None, run_after=None
[2025-07-01T21:54:38.657+0000] {processor.py:208} INFO - Processing /home/airflow/.local/lib/python3.12/site-packages/airflow/example_dags/tutorial_dag.py took 0.061 seconds
[2025-07-01T21:55:09.090+0000] {processor.py:186} INFO - Started process (PID=4807) to work on /home/airflow/.local/lib/python3.12/site-packages/airflow/example_dags/tutorial_dag.py
[2025-07-01T21:55:09.091+0000] {processor.py:914} INFO - Processing file /home/airflow/.local/lib/python3.12/site-packages/airflow/example_dags/tutorial_dag.py for tasks to queue
[2025-07-01T21:55:09.093+0000] {logging_mixin.py:190} INFO - [2025-07-01T21:55:09.093+0000] {dagbag.py:588} INFO - Filling up the DagBag from /home/airflow/.local/lib/python3.12/site-packages/airflow/example_dags/tutorial_dag.py
[2025-07-01T21:55:09.100+0000] {processor.py:925} INFO - DAG(s) 'tutorial_dag' retrieved from /home/airflow/.local/lib/python3.12/site-packages/airflow/example_dags/tutorial_dag.py
[2025-07-01T21:55:09.118+0000] {logging_mixin.py:190} INFO - [2025-07-01T21:55:09.117+0000] {dag.py:3239} INFO - Sync 1 DAGs
[2025-07-01T21:55:09.130+0000] {logging_mixin.py:190} INFO - [2025-07-01T21:55:09.130+0000] {dag.py:4180} INFO - Setting next_dagrun for tutorial_dag to None, run_after=None
[2025-07-01T21:55:09.150+0000] {processor.py:208} INFO - Processing /home/airflow/.local/lib/python3.12/site-packages/airflow/example_dags/tutorial_dag.py took 0.065 seconds
[2025-07-01T21:55:39.359+0000] {processor.py:186} INFO - Started process (PID=4871) to work on /home/airflow/.local/lib/python3.12/site-packages/airflow/example_dags/tutorial_dag.py
[2025-07-01T21:55:39.360+0000] {processor.py:914} INFO - Processing file /home/airflow/.local/lib/python3.12/site-packages/airflow/example_dags/tutorial_dag.py for tasks to queue
[2025-07-01T21:55:39.362+0000] {logging_mixin.py:190} INFO - [2025-07-01T21:55:39.362+0000] {dagbag.py:588} INFO - Filling up the DagBag from /home/airflow/.local/lib/python3.12/site-packages/airflow/example_dags/tutorial_dag.py
[2025-07-01T21:55:39.370+0000] {processor.py:925} INFO - DAG(s) 'tutorial_dag' retrieved from /home/airflow/.local/lib/python3.12/site-packages/airflow/example_dags/tutorial_dag.py
[2025-07-01T21:55:39.388+0000] {logging_mixin.py:190} INFO - [2025-07-01T21:55:39.387+0000] {dag.py:3239} INFO - Sync 1 DAGs
[2025-07-01T21:55:39.401+0000] {logging_mixin.py:190} INFO - [2025-07-01T21:55:39.401+0000] {dag.py:4180} INFO - Setting next_dagrun for tutorial_dag to None, run_after=None
[2025-07-01T21:55:39.422+0000] {processor.py:208} INFO - Processing /home/airflow/.local/lib/python3.12/site-packages/airflow/example_dags/tutorial_dag.py took 0.068 seconds
[2025-07-01T21:56:09.712+0000] {processor.py:186} INFO - Started process (PID=4934) to work on /home/airflow/.local/lib/python3.12/site-packages/airflow/example_dags/tutorial_dag.py
[2025-07-01T21:56:09.712+0000] {processor.py:914} INFO - Processing file /home/airflow/.local/lib/python3.12/site-packages/airflow/example_dags/tutorial_dag.py for tasks to queue
[2025-07-01T21:56:09.715+0000] {logging_mixin.py:190} INFO - [2025-07-01T21:56:09.714+0000] {dagbag.py:588} INFO - Filling up the DagBag from /home/airflow/.local/lib/python3.12/site-packages/airflow/example_dags/tutorial_dag.py
[2025-07-01T21:56:09.721+0000] {processor.py:925} INFO - DAG(s) 'tutorial_dag' retrieved from /home/airflow/.local/lib/python3.12/site-packages/airflow/example_dags/tutorial_dag.py
[2025-07-01T21:56:09.738+0000] {logging_mixin.py:190} INFO - [2025-07-01T21:56:09.738+0000] {dag.py:3239} INFO - Sync 1 DAGs
[2025-07-01T21:56:09.751+0000] {logging_mixin.py:190} INFO - [2025-07-01T21:56:09.751+0000] {dag.py:4180} INFO - Setting next_dagrun for tutorial_dag to None, run_after=None
[2025-07-01T21:56:09.769+0000] {processor.py:208} INFO - Processing /home/airflow/.local/lib/python3.12/site-packages/airflow/example_dags/tutorial_dag.py took 0.063 seconds
[2025-07-01T21:56:40.202+0000] {processor.py:186} INFO - Started process (PID=4998) to work on /home/airflow/.local/lib/python3.12/site-packages/airflow/example_dags/tutorial_dag.py
[2025-07-01T21:56:40.203+0000] {processor.py:914} INFO - Processing file /home/airflow/.local/lib/python3.12/site-packages/airflow/example_dags/tutorial_dag.py for tasks to queue
[2025-07-01T21:56:40.205+0000] {logging_mixin.py:190} INFO - [2025-07-01T21:56:40.204+0000] {dagbag.py:588} INFO - Filling up the DagBag from /home/airflow/.local/lib/python3.12/site-packages/airflow/example_dags/tutorial_dag.py
[2025-07-01T21:56:40.212+0000] {processor.py:925} INFO - DAG(s) 'tutorial_dag' retrieved from /home/airflow/.local/lib/python3.12/site-packages/airflow/example_dags/tutorial_dag.py
[2025-07-01T21:56:40.230+0000] {logging_mixin.py:190} INFO - [2025-07-01T21:56:40.229+0000] {dag.py:3239} INFO - Sync 1 DAGs
[2025-07-01T21:56:40.241+0000] {logging_mixin.py:190} INFO - [2025-07-01T21:56:40.241+0000] {dag.py:4180} INFO - Setting next_dagrun for tutorial_dag to None, run_after=None
[2025-07-01T21:56:40.260+0000] {processor.py:208} INFO - Processing /home/airflow/.local/lib/python3.12/site-packages/airflow/example_dags/tutorial_dag.py took 0.063 seconds
[2025-07-01T21:57:10.472+0000] {processor.py:186} INFO - Started process (PID=5061) to work on /home/airflow/.local/lib/python3.12/site-packages/airflow/example_dags/tutorial_dag.py
[2025-07-01T21:57:10.473+0000] {processor.py:914} INFO - Processing file /home/airflow/.local/lib/python3.12/site-packages/airflow/example_dags/tutorial_dag.py for tasks to queue
[2025-07-01T21:57:10.476+0000] {logging_mixin.py:190} INFO - [2025-07-01T21:57:10.475+0000] {dagbag.py:588} INFO - Filling up the DagBag from /home/airflow/.local/lib/python3.12/site-packages/airflow/example_dags/tutorial_dag.py
[2025-07-01T21:57:10.483+0000] {processor.py:925} INFO - DAG(s) 'tutorial_dag' retrieved from /home/airflow/.local/lib/python3.12/site-packages/airflow/example_dags/tutorial_dag.py
[2025-07-01T21:57:10.507+0000] {logging_mixin.py:190} INFO - [2025-07-01T21:57:10.506+0000] {dag.py:3239} INFO - Sync 1 DAGs
[2025-07-01T21:57:10.523+0000] {logging_mixin.py:190} INFO - [2025-07-01T21:57:10.523+0000] {dag.py:4180} INFO - Setting next_dagrun for tutorial_dag to None, run_after=None
[2025-07-01T21:57:10.550+0000] {processor.py:208} INFO - Processing /home/airflow/.local/lib/python3.12/site-packages/airflow/example_dags/tutorial_dag.py took 0.085 seconds
[2025-07-01T21:57:40.962+0000] {processor.py:186} INFO - Started process (PID=5124) to work on /home/airflow/.local/lib/python3.12/site-packages/airflow/example_dags/tutorial_dag.py
[2025-07-01T21:57:40.963+0000] {processor.py:914} INFO - Processing file /home/airflow/.local/lib/python3.12/site-packages/airflow/example_dags/tutorial_dag.py for tasks to queue
[2025-07-01T21:57:40.965+0000] {logging_mixin.py:190} INFO - [2025-07-01T21:57:40.965+0000] {dagbag.py:588} INFO - Filling up the DagBag from /home/airflow/.local/lib/python3.12/site-packages/airflow/example_dags/tutorial_dag.py
[2025-07-01T21:57:40.972+0000] {processor.py:925} INFO - DAG(s) 'tutorial_dag' retrieved from /home/airflow/.local/lib/python3.12/site-packages/airflow/example_dags/tutorial_dag.py
[2025-07-01T21:57:40.991+0000] {logging_mixin.py:190} INFO - [2025-07-01T21:57:40.991+0000] {dag.py:3239} INFO - Sync 1 DAGs
[2025-07-01T21:57:41.006+0000] {logging_mixin.py:190} INFO - [2025-07-01T21:57:41.005+0000] {dag.py:4180} INFO - Setting next_dagrun for tutorial_dag to None, run_after=None
[2025-07-01T21:57:41.029+0000] {processor.py:208} INFO - Processing /home/airflow/.local/lib/python3.12/site-packages/airflow/example_dags/tutorial_dag.py took 0.073 seconds
[2025-07-01T21:58:11.288+0000] {processor.py:186} INFO - Started process (PID=5187) to work on /home/airflow/.local/lib/python3.12/site-packages/airflow/example_dags/tutorial_dag.py
[2025-07-01T21:58:11.289+0000] {processor.py:914} INFO - Processing file /home/airflow/.local/lib/python3.12/site-packages/airflow/example_dags/tutorial_dag.py for tasks to queue
[2025-07-01T21:58:11.291+0000] {logging_mixin.py:190} INFO - [2025-07-01T21:58:11.291+0000] {dagbag.py:588} INFO - Filling up the DagBag from /home/airflow/.local/lib/python3.12/site-packages/airflow/example_dags/tutorial_dag.py
[2025-07-01T21:58:11.298+0000] {processor.py:925} INFO - DAG(s) 'tutorial_dag' retrieved from /home/airflow/.local/lib/python3.12/site-packages/airflow/example_dags/tutorial_dag.py
[2025-07-01T21:58:11.316+0000] {logging_mixin.py:190} INFO - [2025-07-01T21:58:11.315+0000] {dag.py:3239} INFO - Sync 1 DAGs
[2025-07-01T21:58:11.329+0000] {logging_mixin.py:190} INFO - [2025-07-01T21:58:11.328+0000] {dag.py:4180} INFO - Setting next_dagrun for tutorial_dag to None, run_after=None
[2025-07-01T21:58:11.350+0000] {processor.py:208} INFO - Processing /home/airflow/.local/lib/python3.12/site-packages/airflow/example_dags/tutorial_dag.py took 0.067 seconds
[2025-07-01T21:58:41.653+0000] {processor.py:186} INFO - Started process (PID=5250) to work on /home/airflow/.local/lib/python3.12/site-packages/airflow/example_dags/tutorial_dag.py
[2025-07-01T21:58:41.654+0000] {processor.py:914} INFO - Processing file /home/airflow/.local/lib/python3.12/site-packages/airflow/example_dags/tutorial_dag.py for tasks to queue
[2025-07-01T21:58:41.657+0000] {logging_mixin.py:190} INFO - [2025-07-01T21:58:41.656+0000] {dagbag.py:588} INFO - Filling up the DagBag from /home/airflow/.local/lib/python3.12/site-packages/airflow/example_dags/tutorial_dag.py
[2025-07-01T21:58:41.665+0000] {processor.py:925} INFO - DAG(s) 'tutorial_dag' retrieved from /home/airflow/.local/lib/python3.12/site-packages/airflow/example_dags/tutorial_dag.py
[2025-07-01T21:58:41.684+0000] {logging_mixin.py:190} INFO - [2025-07-01T21:58:41.684+0000] {dag.py:3239} INFO - Sync 1 DAGs
[2025-07-01T21:58:41.697+0000] {logging_mixin.py:190} INFO - [2025-07-01T21:58:41.697+0000] {dag.py:4180} INFO - Setting next_dagrun for tutorial_dag to None, run_after=None
[2025-07-01T21:58:41.721+0000] {processor.py:208} INFO - Processing /home/airflow/.local/lib/python3.12/site-packages/airflow/example_dags/tutorial_dag.py took 0.074 seconds
[2025-07-01T21:59:12.597+0000] {processor.py:186} INFO - Started process (PID=5314) to work on /home/airflow/.local/lib/python3.12/site-packages/airflow/example_dags/tutorial_dag.py
[2025-07-01T21:59:12.597+0000] {processor.py:914} INFO - Processing file /home/airflow/.local/lib/python3.12/site-packages/airflow/example_dags/tutorial_dag.py for tasks to queue
[2025-07-01T21:59:12.599+0000] {logging_mixin.py:190} INFO - [2025-07-01T21:59:12.599+0000] {dagbag.py:588} INFO - Filling up the DagBag from /home/airflow/.local/lib/python3.12/site-packages/airflow/example_dags/tutorial_dag.py
[2025-07-01T21:59:12.606+0000] {processor.py:925} INFO - DAG(s) 'tutorial_dag' retrieved from /home/airflow/.local/lib/python3.12/site-packages/airflow/example_dags/tutorial_dag.py
[2025-07-01T21:59:12.623+0000] {logging_mixin.py:190} INFO - [2025-07-01T21:59:12.623+0000] {dag.py:3239} INFO - Sync 1 DAGs
[2025-07-01T21:59:12.635+0000] {logging_mixin.py:190} INFO - [2025-07-01T21:59:12.635+0000] {dag.py:4180} INFO - Setting next_dagrun for tutorial_dag to None, run_after=None
[2025-07-01T21:59:12.653+0000] {processor.py:208} INFO - Processing /home/airflow/.local/lib/python3.12/site-packages/airflow/example_dags/tutorial_dag.py took 0.061 seconds
[2025-07-01T21:59:43.120+0000] {processor.py:186} INFO - Started process (PID=5377) to work on /home/airflow/.local/lib/python3.12/site-packages/airflow/example_dags/tutorial_dag.py
[2025-07-01T21:59:43.121+0000] {processor.py:914} INFO - Processing file /home/airflow/.local/lib/python3.12/site-packages/airflow/example_dags/tutorial_dag.py for tasks to queue
[2025-07-01T21:59:43.123+0000] {logging_mixin.py:190} INFO - [2025-07-01T21:59:43.123+0000] {dagbag.py:588} INFO - Filling up the DagBag from /home/airflow/.local/lib/python3.12/site-packages/airflow/example_dags/tutorial_dag.py
[2025-07-01T21:59:43.130+0000] {processor.py:925} INFO - DAG(s) 'tutorial_dag' retrieved from /home/airflow/.local/lib/python3.12/site-packages/airflow/example_dags/tutorial_dag.py
[2025-07-01T21:59:43.147+0000] {logging_mixin.py:190} INFO - [2025-07-01T21:59:43.146+0000] {dag.py:3239} INFO - Sync 1 DAGs
[2025-07-01T21:59:43.159+0000] {logging_mixin.py:190} INFO - [2025-07-01T21:59:43.159+0000] {dag.py:4180} INFO - Setting next_dagrun for tutorial_dag to None, run_after=None
[2025-07-01T21:59:43.177+0000] {processor.py:208} INFO - Processing /home/airflow/.local/lib/python3.12/site-packages/airflow/example_dags/tutorial_dag.py took 0.062 seconds
[2025-07-01T22:00:13.735+0000] {processor.py:186} INFO - Started process (PID=5441) to work on /home/airflow/.local/lib/python3.12/site-packages/airflow/example_dags/tutorial_dag.py
[2025-07-01T22:00:13.736+0000] {processor.py:914} INFO - Processing file /home/airflow/.local/lib/python3.12/site-packages/airflow/example_dags/tutorial_dag.py for tasks to queue
[2025-07-01T22:00:13.738+0000] {logging_mixin.py:190} INFO - [2025-07-01T22:00:13.738+0000] {dagbag.py:588} INFO - Filling up the DagBag from /home/airflow/.local/lib/python3.12/site-packages/airflow/example_dags/tutorial_dag.py
[2025-07-01T22:00:13.745+0000] {processor.py:925} INFO - DAG(s) 'tutorial_dag' retrieved from /home/airflow/.local/lib/python3.12/site-packages/airflow/example_dags/tutorial_dag.py
[2025-07-01T22:00:13.764+0000] {logging_mixin.py:190} INFO - [2025-07-01T22:00:13.764+0000] {dag.py:3239} INFO - Sync 1 DAGs
[2025-07-01T22:00:13.777+0000] {logging_mixin.py:190} INFO - [2025-07-01T22:00:13.777+0000] {dag.py:4180} INFO - Setting next_dagrun for tutorial_dag to None, run_after=None
[2025-07-01T22:00:13.796+0000] {processor.py:208} INFO - Processing /home/airflow/.local/lib/python3.12/site-packages/airflow/example_dags/tutorial_dag.py took 0.066 seconds
[2025-07-01T22:00:44.382+0000] {processor.py:186} INFO - Started process (PID=5504) to work on /home/airflow/.local/lib/python3.12/site-packages/airflow/example_dags/tutorial_dag.py
[2025-07-01T22:00:44.384+0000] {processor.py:914} INFO - Processing file /home/airflow/.local/lib/python3.12/site-packages/airflow/example_dags/tutorial_dag.py for tasks to queue
[2025-07-01T22:00:44.386+0000] {logging_mixin.py:190} INFO - [2025-07-01T22:00:44.386+0000] {dagbag.py:588} INFO - Filling up the DagBag from /home/airflow/.local/lib/python3.12/site-packages/airflow/example_dags/tutorial_dag.py
[2025-07-01T22:00:44.394+0000] {processor.py:925} INFO - DAG(s) 'tutorial_dag' retrieved from /home/airflow/.local/lib/python3.12/site-packages/airflow/example_dags/tutorial_dag.py
[2025-07-01T22:00:44.411+0000] {logging_mixin.py:190} INFO - [2025-07-01T22:00:44.411+0000] {dag.py:3239} INFO - Sync 1 DAGs
[2025-07-01T22:00:44.423+0000] {logging_mixin.py:190} INFO - [2025-07-01T22:00:44.423+0000] {dag.py:4180} INFO - Setting next_dagrun for tutorial_dag to None, run_after=None
[2025-07-01T22:00:44.443+0000] {processor.py:208} INFO - Processing /home/airflow/.local/lib/python3.12/site-packages/airflow/example_dags/tutorial_dag.py took 0.067 seconds
[2025-07-01T22:01:15.107+0000] {processor.py:186} INFO - Started process (PID=5568) to work on /home/airflow/.local/lib/python3.12/site-packages/airflow/example_dags/tutorial_dag.py
[2025-07-01T22:01:15.108+0000] {processor.py:914} INFO - Processing file /home/airflow/.local/lib/python3.12/site-packages/airflow/example_dags/tutorial_dag.py for tasks to queue
[2025-07-01T22:01:15.110+0000] {logging_mixin.py:190} INFO - [2025-07-01T22:01:15.110+0000] {dagbag.py:588} INFO - Filling up the DagBag from /home/airflow/.local/lib/python3.12/site-packages/airflow/example_dags/tutorial_dag.py
[2025-07-01T22:01:15.118+0000] {processor.py:925} INFO - DAG(s) 'tutorial_dag' retrieved from /home/airflow/.local/lib/python3.12/site-packages/airflow/example_dags/tutorial_dag.py
[2025-07-01T22:01:15.136+0000] {logging_mixin.py:190} INFO - [2025-07-01T22:01:15.136+0000] {dag.py:3239} INFO - Sync 1 DAGs
[2025-07-01T22:01:15.149+0000] {logging_mixin.py:190} INFO - [2025-07-01T22:01:15.149+0000] {dag.py:4180} INFO - Setting next_dagrun for tutorial_dag to None, run_after=None
[2025-07-01T22:01:15.166+0000] {processor.py:208} INFO - Processing /home/airflow/.local/lib/python3.12/site-packages/airflow/example_dags/tutorial_dag.py took 0.065 seconds
[2025-07-01T22:01:45.934+0000] {processor.py:186} INFO - Started process (PID=5631) to work on /home/airflow/.local/lib/python3.12/site-packages/airflow/example_dags/tutorial_dag.py
[2025-07-01T22:01:45.935+0000] {processor.py:914} INFO - Processing file /home/airflow/.local/lib/python3.12/site-packages/airflow/example_dags/tutorial_dag.py for tasks to queue
[2025-07-01T22:01:45.937+0000] {logging_mixin.py:190} INFO - [2025-07-01T22:01:45.937+0000] {dagbag.py:588} INFO - Filling up the DagBag from /home/airflow/.local/lib/python3.12/site-packages/airflow/example_dags/tutorial_dag.py
[2025-07-01T22:01:45.944+0000] {processor.py:925} INFO - DAG(s) 'tutorial_dag' retrieved from /home/airflow/.local/lib/python3.12/site-packages/airflow/example_dags/tutorial_dag.py
[2025-07-01T22:01:45.961+0000] {logging_mixin.py:190} INFO - [2025-07-01T22:01:45.961+0000] {dag.py:3239} INFO - Sync 1 DAGs
[2025-07-01T22:01:45.973+0000] {logging_mixin.py:190} INFO - [2025-07-01T22:01:45.973+0000] {dag.py:4180} INFO - Setting next_dagrun for tutorial_dag to None, run_after=None
[2025-07-01T22:01:45.990+0000] {processor.py:208} INFO - Processing /home/airflow/.local/lib/python3.12/site-packages/airflow/example_dags/tutorial_dag.py took 0.061 seconds
[2025-07-01T22:02:16.241+0000] {processor.py:186} INFO - Started process (PID=5694) to work on /home/airflow/.local/lib/python3.12/site-packages/airflow/example_dags/tutorial_dag.py
[2025-07-01T22:02:16.242+0000] {processor.py:914} INFO - Processing file /home/airflow/.local/lib/python3.12/site-packages/airflow/example_dags/tutorial_dag.py for tasks to queue
[2025-07-01T22:02:16.245+0000] {logging_mixin.py:190} INFO - [2025-07-01T22:02:16.244+0000] {dagbag.py:588} INFO - Filling up the DagBag from /home/airflow/.local/lib/python3.12/site-packages/airflow/example_dags/tutorial_dag.py
[2025-07-01T22:02:16.252+0000] {processor.py:925} INFO - DAG(s) 'tutorial_dag' retrieved from /home/airflow/.local/lib/python3.12/site-packages/airflow/example_dags/tutorial_dag.py
[2025-07-01T22:02:16.271+0000] {logging_mixin.py:190} INFO - [2025-07-01T22:02:16.271+0000] {dag.py:3239} INFO - Sync 1 DAGs
[2025-07-01T22:02:16.285+0000] {logging_mixin.py:190} INFO - [2025-07-01T22:02:16.285+0000] {dag.py:4180} INFO - Setting next_dagrun for tutorial_dag to None, run_after=None
[2025-07-01T22:02:16.303+0000] {processor.py:208} INFO - Processing /home/airflow/.local/lib/python3.12/site-packages/airflow/example_dags/tutorial_dag.py took 0.067 seconds
[2025-07-01T22:02:47.228+0000] {processor.py:186} INFO - Started process (PID=5757) to work on /home/airflow/.local/lib/python3.12/site-packages/airflow/example_dags/tutorial_dag.py
[2025-07-01T22:02:47.230+0000] {processor.py:914} INFO - Processing file /home/airflow/.local/lib/python3.12/site-packages/airflow/example_dags/tutorial_dag.py for tasks to queue
[2025-07-01T22:02:47.233+0000] {logging_mixin.py:190} INFO - [2025-07-01T22:02:47.232+0000] {dagbag.py:588} INFO - Filling up the DagBag from /home/airflow/.local/lib/python3.12/site-packages/airflow/example_dags/tutorial_dag.py
[2025-07-01T22:02:47.241+0000] {processor.py:925} INFO - DAG(s) 'tutorial_dag' retrieved from /home/airflow/.local/lib/python3.12/site-packages/airflow/example_dags/tutorial_dag.py
[2025-07-01T22:02:47.260+0000] {logging_mixin.py:190} INFO - [2025-07-01T22:02:47.260+0000] {dag.py:3239} INFO - Sync 1 DAGs
[2025-07-01T22:02:47.277+0000] {logging_mixin.py:190} INFO - [2025-07-01T22:02:47.277+0000] {dag.py:4180} INFO - Setting next_dagrun for tutorial_dag to None, run_after=None
[2025-07-01T22:02:47.307+0000] {processor.py:208} INFO - Processing /home/airflow/.local/lib/python3.12/site-packages/airflow/example_dags/tutorial_dag.py took 0.086 seconds
[2025-07-01T22:03:18.053+0000] {processor.py:186} INFO - Started process (PID=5820) to work on /home/airflow/.local/lib/python3.12/site-packages/airflow/example_dags/tutorial_dag.py
[2025-07-01T22:03:18.054+0000] {processor.py:914} INFO - Processing file /home/airflow/.local/lib/python3.12/site-packages/airflow/example_dags/tutorial_dag.py for tasks to queue
[2025-07-01T22:03:18.056+0000] {logging_mixin.py:190} INFO - [2025-07-01T22:03:18.056+0000] {dagbag.py:588} INFO - Filling up the DagBag from /home/airflow/.local/lib/python3.12/site-packages/airflow/example_dags/tutorial_dag.py
[2025-07-01T22:03:18.063+0000] {processor.py:925} INFO - DAG(s) 'tutorial_dag' retrieved from /home/airflow/.local/lib/python3.12/site-packages/airflow/example_dags/tutorial_dag.py
[2025-07-01T22:03:18.080+0000] {logging_mixin.py:190} INFO - [2025-07-01T22:03:18.080+0000] {dag.py:3239} INFO - Sync 1 DAGs
[2025-07-01T22:03:18.092+0000] {logging_mixin.py:190} INFO - [2025-07-01T22:03:18.091+0000] {dag.py:4180} INFO - Setting next_dagrun for tutorial_dag to None, run_after=None
[2025-07-01T22:03:18.110+0000] {processor.py:208} INFO - Processing /home/airflow/.local/lib/python3.12/site-packages/airflow/example_dags/tutorial_dag.py took 0.063 seconds
[2025-07-01T22:03:50.173+0000] {processor.py:186} INFO - Started process (PID=5883) to work on /home/airflow/.local/lib/python3.12/site-packages/airflow/example_dags/tutorial_dag.py
[2025-07-01T22:03:50.174+0000] {processor.py:914} INFO - Processing file /home/airflow/.local/lib/python3.12/site-packages/airflow/example_dags/tutorial_dag.py for tasks to queue
[2025-07-01T22:03:50.178+0000] {logging_mixin.py:190} INFO - [2025-07-01T22:03:50.177+0000] {dagbag.py:588} INFO - Filling up the DagBag from /home/airflow/.local/lib/python3.12/site-packages/airflow/example_dags/tutorial_dag.py
[2025-07-01T22:03:50.188+0000] {processor.py:925} INFO - DAG(s) 'tutorial_dag' retrieved from /home/airflow/.local/lib/python3.12/site-packages/airflow/example_dags/tutorial_dag.py
[2025-07-01T22:03:50.215+0000] {logging_mixin.py:190} INFO - [2025-07-01T22:03:50.215+0000] {dag.py:3239} INFO - Sync 1 DAGs
[2025-07-01T22:03:50.233+0000] {logging_mixin.py:190} INFO - [2025-07-01T22:03:50.233+0000] {dag.py:4180} INFO - Setting next_dagrun for tutorial_dag to None, run_after=None
[2025-07-01T22:03:50.262+0000] {processor.py:208} INFO - Processing /home/airflow/.local/lib/python3.12/site-packages/airflow/example_dags/tutorial_dag.py took 0.095 seconds
[2025-07-01T22:04:20.717+0000] {processor.py:186} INFO - Started process (PID=5946) to work on /home/airflow/.local/lib/python3.12/site-packages/airflow/example_dags/tutorial_dag.py
[2025-07-01T22:04:20.718+0000] {processor.py:914} INFO - Processing file /home/airflow/.local/lib/python3.12/site-packages/airflow/example_dags/tutorial_dag.py for tasks to queue
[2025-07-01T22:04:20.720+0000] {logging_mixin.py:190} INFO - [2025-07-01T22:04:20.719+0000] {dagbag.py:588} INFO - Filling up the DagBag from /home/airflow/.local/lib/python3.12/site-packages/airflow/example_dags/tutorial_dag.py
[2025-07-01T22:04:20.726+0000] {processor.py:925} INFO - DAG(s) 'tutorial_dag' retrieved from /home/airflow/.local/lib/python3.12/site-packages/airflow/example_dags/tutorial_dag.py
[2025-07-01T22:04:20.745+0000] {logging_mixin.py:190} INFO - [2025-07-01T22:04:20.745+0000] {dag.py:3239} INFO - Sync 1 DAGs
[2025-07-01T22:04:20.758+0000] {logging_mixin.py:190} INFO - [2025-07-01T22:04:20.758+0000] {dag.py:4180} INFO - Setting next_dagrun for tutorial_dag to None, run_after=None
[2025-07-01T22:04:20.776+0000] {processor.py:208} INFO - Processing /home/airflow/.local/lib/python3.12/site-packages/airflow/example_dags/tutorial_dag.py took 0.065 seconds
[2025-07-01T22:04:51.992+0000] {processor.py:186} INFO - Started process (PID=6009) to work on /home/airflow/.local/lib/python3.12/site-packages/airflow/example_dags/tutorial_dag.py
[2025-07-01T22:04:51.994+0000] {processor.py:914} INFO - Processing file /home/airflow/.local/lib/python3.12/site-packages/airflow/example_dags/tutorial_dag.py for tasks to queue
[2025-07-01T22:04:51.996+0000] {logging_mixin.py:190} INFO - [2025-07-01T22:04:51.996+0000] {dagbag.py:588} INFO - Filling up the DagBag from /home/airflow/.local/lib/python3.12/site-packages/airflow/example_dags/tutorial_dag.py
[2025-07-01T22:04:52.009+0000] {processor.py:925} INFO - DAG(s) 'tutorial_dag' retrieved from /home/airflow/.local/lib/python3.12/site-packages/airflow/example_dags/tutorial_dag.py
[2025-07-01T22:04:52.038+0000] {logging_mixin.py:190} INFO - [2025-07-01T22:04:52.038+0000] {dag.py:3239} INFO - Sync 1 DAGs
[2025-07-01T22:04:52.059+0000] {logging_mixin.py:190} INFO - [2025-07-01T22:04:52.059+0000] {dag.py:4180} INFO - Setting next_dagrun for tutorial_dag to None, run_after=None
[2025-07-01T22:04:52.088+0000] {processor.py:208} INFO - Processing /home/airflow/.local/lib/python3.12/site-packages/airflow/example_dags/tutorial_dag.py took 0.103 seconds
[2025-07-01T22:05:22.497+0000] {processor.py:186} INFO - Started process (PID=6072) to work on /home/airflow/.local/lib/python3.12/site-packages/airflow/example_dags/tutorial_dag.py
[2025-07-01T22:05:22.498+0000] {processor.py:914} INFO - Processing file /home/airflow/.local/lib/python3.12/site-packages/airflow/example_dags/tutorial_dag.py for tasks to queue
[2025-07-01T22:05:22.501+0000] {logging_mixin.py:190} INFO - [2025-07-01T22:05:22.500+0000] {dagbag.py:588} INFO - Filling up the DagBag from /home/airflow/.local/lib/python3.12/site-packages/airflow/example_dags/tutorial_dag.py
[2025-07-01T22:05:22.507+0000] {processor.py:925} INFO - DAG(s) 'tutorial_dag' retrieved from /home/airflow/.local/lib/python3.12/site-packages/airflow/example_dags/tutorial_dag.py
[2025-07-01T22:05:22.525+0000] {logging_mixin.py:190} INFO - [2025-07-01T22:05:22.525+0000] {dag.py:3239} INFO - Sync 1 DAGs
[2025-07-01T22:05:22.537+0000] {logging_mixin.py:190} INFO - [2025-07-01T22:05:22.537+0000] {dag.py:4180} INFO - Setting next_dagrun for tutorial_dag to None, run_after=None
[2025-07-01T22:05:22.556+0000] {processor.py:208} INFO - Processing /home/airflow/.local/lib/python3.12/site-packages/airflow/example_dags/tutorial_dag.py took 0.064 seconds
[2025-07-01T22:05:52.807+0000] {processor.py:186} INFO - Started process (PID=6135) to work on /home/airflow/.local/lib/python3.12/site-packages/airflow/example_dags/tutorial_dag.py
[2025-07-01T22:05:52.809+0000] {processor.py:914} INFO - Processing file /home/airflow/.local/lib/python3.12/site-packages/airflow/example_dags/tutorial_dag.py for tasks to queue
[2025-07-01T22:05:52.811+0000] {logging_mixin.py:190} INFO - [2025-07-01T22:05:52.811+0000] {dagbag.py:588} INFO - Filling up the DagBag from /home/airflow/.local/lib/python3.12/site-packages/airflow/example_dags/tutorial_dag.py
[2025-07-01T22:05:52.819+0000] {processor.py:925} INFO - DAG(s) 'tutorial_dag' retrieved from /home/airflow/.local/lib/python3.12/site-packages/airflow/example_dags/tutorial_dag.py
[2025-07-01T22:05:52.837+0000] {logging_mixin.py:190} INFO - [2025-07-01T22:05:52.836+0000] {dag.py:3239} INFO - Sync 1 DAGs
[2025-07-01T22:05:52.850+0000] {logging_mixin.py:190} INFO - [2025-07-01T22:05:52.850+0000] {dag.py:4180} INFO - Setting next_dagrun for tutorial_dag to None, run_after=None
[2025-07-01T22:05:52.872+0000] {processor.py:208} INFO - Processing /home/airflow/.local/lib/python3.12/site-packages/airflow/example_dags/tutorial_dag.py took 0.070 seconds
[2025-07-01T22:06:23.556+0000] {processor.py:186} INFO - Started process (PID=6198) to work on /home/airflow/.local/lib/python3.12/site-packages/airflow/example_dags/tutorial_dag.py
[2025-07-01T22:06:23.557+0000] {processor.py:914} INFO - Processing file /home/airflow/.local/lib/python3.12/site-packages/airflow/example_dags/tutorial_dag.py for tasks to queue
[2025-07-01T22:06:23.560+0000] {logging_mixin.py:190} INFO - [2025-07-01T22:06:23.560+0000] {dagbag.py:588} INFO - Filling up the DagBag from /home/airflow/.local/lib/python3.12/site-packages/airflow/example_dags/tutorial_dag.py
[2025-07-01T22:06:23.567+0000] {processor.py:925} INFO - DAG(s) 'tutorial_dag' retrieved from /home/airflow/.local/lib/python3.12/site-packages/airflow/example_dags/tutorial_dag.py
[2025-07-01T22:06:23.593+0000] {logging_mixin.py:190} INFO - [2025-07-01T22:06:23.593+0000] {dag.py:3239} INFO - Sync 1 DAGs
[2025-07-01T22:06:23.610+0000] {logging_mixin.py:190} INFO - [2025-07-01T22:06:23.610+0000] {dag.py:4180} INFO - Setting next_dagrun for tutorial_dag to None, run_after=None
[2025-07-01T22:06:23.633+0000] {processor.py:208} INFO - Processing /home/airflow/.local/lib/python3.12/site-packages/airflow/example_dags/tutorial_dag.py took 0.083 seconds
[2025-07-01T22:06:54.344+0000] {processor.py:186} INFO - Started process (PID=6267) to work on /home/airflow/.local/lib/python3.12/site-packages/airflow/example_dags/tutorial_dag.py
[2025-07-01T22:06:54.345+0000] {processor.py:914} INFO - Processing file /home/airflow/.local/lib/python3.12/site-packages/airflow/example_dags/tutorial_dag.py for tasks to queue
[2025-07-01T22:06:54.348+0000] {logging_mixin.py:190} INFO - [2025-07-01T22:06:54.347+0000] {dagbag.py:588} INFO - Filling up the DagBag from /home/airflow/.local/lib/python3.12/site-packages/airflow/example_dags/tutorial_dag.py
[2025-07-01T22:06:54.354+0000] {processor.py:925} INFO - DAG(s) 'tutorial_dag' retrieved from /home/airflow/.local/lib/python3.12/site-packages/airflow/example_dags/tutorial_dag.py
[2025-07-01T22:06:54.373+0000] {logging_mixin.py:190} INFO - [2025-07-01T22:06:54.372+0000] {dag.py:3239} INFO - Sync 1 DAGs
[2025-07-01T22:06:54.385+0000] {logging_mixin.py:190} INFO - [2025-07-01T22:06:54.385+0000] {dag.py:4180} INFO - Setting next_dagrun for tutorial_dag to None, run_after=None
[2025-07-01T22:06:54.406+0000] {processor.py:208} INFO - Processing /home/airflow/.local/lib/python3.12/site-packages/airflow/example_dags/tutorial_dag.py took 0.067 seconds
[2025-07-01T22:07:24.917+0000] {processor.py:186} INFO - Started process (PID=6330) to work on /home/airflow/.local/lib/python3.12/site-packages/airflow/example_dags/tutorial_dag.py
[2025-07-01T22:07:24.918+0000] {processor.py:914} INFO - Processing file /home/airflow/.local/lib/python3.12/site-packages/airflow/example_dags/tutorial_dag.py for tasks to queue
[2025-07-01T22:07:24.920+0000] {logging_mixin.py:190} INFO - [2025-07-01T22:07:24.920+0000] {dagbag.py:588} INFO - Filling up the DagBag from /home/airflow/.local/lib/python3.12/site-packages/airflow/example_dags/tutorial_dag.py
[2025-07-01T22:07:24.928+0000] {processor.py:925} INFO - DAG(s) 'tutorial_dag' retrieved from /home/airflow/.local/lib/python3.12/site-packages/airflow/example_dags/tutorial_dag.py
[2025-07-01T22:07:24.948+0000] {logging_mixin.py:190} INFO - [2025-07-01T22:07:24.947+0000] {dag.py:3239} INFO - Sync 1 DAGs
[2025-07-01T22:07:24.962+0000] {logging_mixin.py:190} INFO - [2025-07-01T22:07:24.962+0000] {dag.py:4180} INFO - Setting next_dagrun for tutorial_dag to None, run_after=None
[2025-07-01T22:07:24.987+0000] {processor.py:208} INFO - Processing /home/airflow/.local/lib/python3.12/site-packages/airflow/example_dags/tutorial_dag.py took 0.076 seconds
[2025-07-01T22:07:55.800+0000] {processor.py:186} INFO - Started process (PID=6393) to work on /home/airflow/.local/lib/python3.12/site-packages/airflow/example_dags/tutorial_dag.py
[2025-07-01T22:07:55.801+0000] {processor.py:914} INFO - Processing file /home/airflow/.local/lib/python3.12/site-packages/airflow/example_dags/tutorial_dag.py for tasks to queue
[2025-07-01T22:07:55.803+0000] {logging_mixin.py:190} INFO - [2025-07-01T22:07:55.803+0000] {dagbag.py:588} INFO - Filling up the DagBag from /home/airflow/.local/lib/python3.12/site-packages/airflow/example_dags/tutorial_dag.py
[2025-07-01T22:07:55.810+0000] {processor.py:925} INFO - DAG(s) 'tutorial_dag' retrieved from /home/airflow/.local/lib/python3.12/site-packages/airflow/example_dags/tutorial_dag.py
[2025-07-01T22:07:55.832+0000] {logging_mixin.py:190} INFO - [2025-07-01T22:07:55.832+0000] {dag.py:3239} INFO - Sync 1 DAGs
[2025-07-01T22:07:55.846+0000] {logging_mixin.py:190} INFO - [2025-07-01T22:07:55.846+0000] {dag.py:4180} INFO - Setting next_dagrun for tutorial_dag to None, run_after=None
[2025-07-01T22:07:55.865+0000] {processor.py:208} INFO - Processing /home/airflow/.local/lib/python3.12/site-packages/airflow/example_dags/tutorial_dag.py took 0.070 seconds
[2025-07-01T22:08:26.555+0000] {processor.py:186} INFO - Started process (PID=6456) to work on /home/airflow/.local/lib/python3.12/site-packages/airflow/example_dags/tutorial_dag.py
[2025-07-01T22:08:26.555+0000] {processor.py:914} INFO - Processing file /home/airflow/.local/lib/python3.12/site-packages/airflow/example_dags/tutorial_dag.py for tasks to queue
[2025-07-01T22:08:26.558+0000] {logging_mixin.py:190} INFO - [2025-07-01T22:08:26.558+0000] {dagbag.py:588} INFO - Filling up the DagBag from /home/airflow/.local/lib/python3.12/site-packages/airflow/example_dags/tutorial_dag.py
[2025-07-01T22:08:26.565+0000] {processor.py:925} INFO - DAG(s) 'tutorial_dag' retrieved from /home/airflow/.local/lib/python3.12/site-packages/airflow/example_dags/tutorial_dag.py
[2025-07-01T22:08:26.585+0000] {logging_mixin.py:190} INFO - [2025-07-01T22:08:26.585+0000] {dag.py:3239} INFO - Sync 1 DAGs
[2025-07-01T22:08:26.598+0000] {logging_mixin.py:190} INFO - [2025-07-01T22:08:26.598+0000] {dag.py:4180} INFO - Setting next_dagrun for tutorial_dag to None, run_after=None
[2025-07-01T22:08:26.617+0000] {processor.py:208} INFO - Processing /home/airflow/.local/lib/python3.12/site-packages/airflow/example_dags/tutorial_dag.py took 0.068 seconds
[2025-07-01T22:08:57.179+0000] {processor.py:186} INFO - Started process (PID=6519) to work on /home/airflow/.local/lib/python3.12/site-packages/airflow/example_dags/tutorial_dag.py
[2025-07-01T22:08:57.180+0000] {processor.py:914} INFO - Processing file /home/airflow/.local/lib/python3.12/site-packages/airflow/example_dags/tutorial_dag.py for tasks to queue
[2025-07-01T22:08:57.183+0000] {logging_mixin.py:190} INFO - [2025-07-01T22:08:57.183+0000] {dagbag.py:588} INFO - Filling up the DagBag from /home/airflow/.local/lib/python3.12/site-packages/airflow/example_dags/tutorial_dag.py
[2025-07-01T22:08:57.193+0000] {processor.py:925} INFO - DAG(s) 'tutorial_dag' retrieved from /home/airflow/.local/lib/python3.12/site-packages/airflow/example_dags/tutorial_dag.py
[2025-07-01T22:08:57.213+0000] {logging_mixin.py:190} INFO - [2025-07-01T22:08:57.212+0000] {dag.py:3239} INFO - Sync 1 DAGs
[2025-07-01T22:08:57.226+0000] {logging_mixin.py:190} INFO - [2025-07-01T22:08:57.226+0000] {dag.py:4180} INFO - Setting next_dagrun for tutorial_dag to None, run_after=None
[2025-07-01T22:08:57.246+0000] {processor.py:208} INFO - Processing /home/airflow/.local/lib/python3.12/site-packages/airflow/example_dags/tutorial_dag.py took 0.074 seconds
[2025-07-01T22:09:27.762+0000] {processor.py:186} INFO - Started process (PID=6582) to work on /home/airflow/.local/lib/python3.12/site-packages/airflow/example_dags/tutorial_dag.py
[2025-07-01T22:09:27.763+0000] {processor.py:914} INFO - Processing file /home/airflow/.local/lib/python3.12/site-packages/airflow/example_dags/tutorial_dag.py for tasks to queue
[2025-07-01T22:09:27.765+0000] {logging_mixin.py:190} INFO - [2025-07-01T22:09:27.764+0000] {dagbag.py:588} INFO - Filling up the DagBag from /home/airflow/.local/lib/python3.12/site-packages/airflow/example_dags/tutorial_dag.py
[2025-07-01T22:09:27.771+0000] {processor.py:925} INFO - DAG(s) 'tutorial_dag' retrieved from /home/airflow/.local/lib/python3.12/site-packages/airflow/example_dags/tutorial_dag.py
[2025-07-01T22:09:27.789+0000] {logging_mixin.py:190} INFO - [2025-07-01T22:09:27.789+0000] {dag.py:3239} INFO - Sync 1 DAGs
[2025-07-01T22:09:27.802+0000] {logging_mixin.py:190} INFO - [2025-07-01T22:09:27.801+0000] {dag.py:4180} INFO - Setting next_dagrun for tutorial_dag to None, run_after=None
[2025-07-01T22:09:27.818+0000] {processor.py:208} INFO - Processing /home/airflow/.local/lib/python3.12/site-packages/airflow/example_dags/tutorial_dag.py took 0.062 seconds
[2025-07-01T22:09:58.349+0000] {processor.py:186} INFO - Started process (PID=6645) to work on /home/airflow/.local/lib/python3.12/site-packages/airflow/example_dags/tutorial_dag.py
[2025-07-01T22:09:58.352+0000] {processor.py:914} INFO - Processing file /home/airflow/.local/lib/python3.12/site-packages/airflow/example_dags/tutorial_dag.py for tasks to queue
[2025-07-01T22:09:58.355+0000] {logging_mixin.py:190} INFO - [2025-07-01T22:09:58.355+0000] {dagbag.py:588} INFO - Filling up the DagBag from /home/airflow/.local/lib/python3.12/site-packages/airflow/example_dags/tutorial_dag.py
[2025-07-01T22:09:58.367+0000] {processor.py:925} INFO - DAG(s) 'tutorial_dag' retrieved from /home/airflow/.local/lib/python3.12/site-packages/airflow/example_dags/tutorial_dag.py
[2025-07-01T22:09:58.398+0000] {logging_mixin.py:190} INFO - [2025-07-01T22:09:58.397+0000] {dag.py:3239} INFO - Sync 1 DAGs
[2025-07-01T22:09:58.431+0000] {logging_mixin.py:190} INFO - [2025-07-01T22:09:58.431+0000] {dag.py:4180} INFO - Setting next_dagrun for tutorial_dag to None, run_after=None
[2025-07-01T22:09:58.477+0000] {processor.py:208} INFO - Processing /home/airflow/.local/lib/python3.12/site-packages/airflow/example_dags/tutorial_dag.py took 0.140 seconds
[2025-07-01T22:10:28.634+0000] {processor.py:186} INFO - Started process (PID=6708) to work on /home/airflow/.local/lib/python3.12/site-packages/airflow/example_dags/tutorial_dag.py
[2025-07-01T22:10:28.636+0000] {processor.py:914} INFO - Processing file /home/airflow/.local/lib/python3.12/site-packages/airflow/example_dags/tutorial_dag.py for tasks to queue
[2025-07-01T22:10:28.638+0000] {logging_mixin.py:190} INFO - [2025-07-01T22:10:28.638+0000] {dagbag.py:588} INFO - Filling up the DagBag from /home/airflow/.local/lib/python3.12/site-packages/airflow/example_dags/tutorial_dag.py
[2025-07-01T22:10:28.645+0000] {processor.py:925} INFO - DAG(s) 'tutorial_dag' retrieved from /home/airflow/.local/lib/python3.12/site-packages/airflow/example_dags/tutorial_dag.py
[2025-07-01T22:10:28.664+0000] {logging_mixin.py:190} INFO - [2025-07-01T22:10:28.664+0000] {dag.py:3239} INFO - Sync 1 DAGs
[2025-07-01T22:10:28.680+0000] {logging_mixin.py:190} INFO - [2025-07-01T22:10:28.680+0000] {dag.py:4180} INFO - Setting next_dagrun for tutorial_dag to None, run_after=None
[2025-07-01T22:10:28.704+0000] {processor.py:208} INFO - Processing /home/airflow/.local/lib/python3.12/site-packages/airflow/example_dags/tutorial_dag.py took 0.075 seconds
[2025-07-01T22:10:59.270+0000] {processor.py:186} INFO - Started process (PID=6771) to work on /home/airflow/.local/lib/python3.12/site-packages/airflow/example_dags/tutorial_dag.py
[2025-07-01T22:10:59.271+0000] {processor.py:914} INFO - Processing file /home/airflow/.local/lib/python3.12/site-packages/airflow/example_dags/tutorial_dag.py for tasks to queue
[2025-07-01T22:10:59.274+0000] {logging_mixin.py:190} INFO - [2025-07-01T22:10:59.273+0000] {dagbag.py:588} INFO - Filling up the DagBag from /home/airflow/.local/lib/python3.12/site-packages/airflow/example_dags/tutorial_dag.py
[2025-07-01T22:10:59.281+0000] {processor.py:925} INFO - DAG(s) 'tutorial_dag' retrieved from /home/airflow/.local/lib/python3.12/site-packages/airflow/example_dags/tutorial_dag.py
[2025-07-01T22:10:59.301+0000] {logging_mixin.py:190} INFO - [2025-07-01T22:10:59.300+0000] {dag.py:3239} INFO - Sync 1 DAGs
[2025-07-01T22:10:59.317+0000] {logging_mixin.py:190} INFO - [2025-07-01T22:10:59.316+0000] {dag.py:4180} INFO - Setting next_dagrun for tutorial_dag to None, run_after=None
[2025-07-01T22:10:59.337+0000] {processor.py:208} INFO - Processing /home/airflow/.local/lib/python3.12/site-packages/airflow/example_dags/tutorial_dag.py took 0.073 seconds
[2025-07-01T22:11:29.843+0000] {processor.py:186} INFO - Started process (PID=6834) to work on /home/airflow/.local/lib/python3.12/site-packages/airflow/example_dags/tutorial_dag.py
[2025-07-01T22:11:29.844+0000] {processor.py:914} INFO - Processing file /home/airflow/.local/lib/python3.12/site-packages/airflow/example_dags/tutorial_dag.py for tasks to queue
[2025-07-01T22:11:29.846+0000] {logging_mixin.py:190} INFO - [2025-07-01T22:11:29.846+0000] {dagbag.py:588} INFO - Filling up the DagBag from /home/airflow/.local/lib/python3.12/site-packages/airflow/example_dags/tutorial_dag.py
[2025-07-01T22:11:29.854+0000] {processor.py:925} INFO - DAG(s) 'tutorial_dag' retrieved from /home/airflow/.local/lib/python3.12/site-packages/airflow/example_dags/tutorial_dag.py
[2025-07-01T22:11:29.872+0000] {logging_mixin.py:190} INFO - [2025-07-01T22:11:29.872+0000] {dag.py:3239} INFO - Sync 1 DAGs
[2025-07-01T22:11:29.885+0000] {logging_mixin.py:190} INFO - [2025-07-01T22:11:29.885+0000] {dag.py:4180} INFO - Setting next_dagrun for tutorial_dag to None, run_after=None
[2025-07-01T22:11:29.904+0000] {processor.py:208} INFO - Processing /home/airflow/.local/lib/python3.12/site-packages/airflow/example_dags/tutorial_dag.py took 0.066 seconds
[2025-07-01T22:12:00.716+0000] {processor.py:186} INFO - Started process (PID=6897) to work on /home/airflow/.local/lib/python3.12/site-packages/airflow/example_dags/tutorial_dag.py
[2025-07-01T22:12:00.717+0000] {processor.py:914} INFO - Processing file /home/airflow/.local/lib/python3.12/site-packages/airflow/example_dags/tutorial_dag.py for tasks to queue
[2025-07-01T22:12:00.720+0000] {logging_mixin.py:190} INFO - [2025-07-01T22:12:00.720+0000] {dagbag.py:588} INFO - Filling up the DagBag from /home/airflow/.local/lib/python3.12/site-packages/airflow/example_dags/tutorial_dag.py
[2025-07-01T22:12:00.728+0000] {processor.py:925} INFO - DAG(s) 'tutorial_dag' retrieved from /home/airflow/.local/lib/python3.12/site-packages/airflow/example_dags/tutorial_dag.py
[2025-07-01T22:12:00.747+0000] {logging_mixin.py:190} INFO - [2025-07-01T22:12:00.747+0000] {dag.py:3239} INFO - Sync 1 DAGs
[2025-07-01T22:12:00.762+0000] {logging_mixin.py:190} INFO - [2025-07-01T22:12:00.761+0000] {dag.py:4180} INFO - Setting next_dagrun for tutorial_dag to None, run_after=None
[2025-07-01T22:12:00.783+0000] {processor.py:208} INFO - Processing /home/airflow/.local/lib/python3.12/site-packages/airflow/example_dags/tutorial_dag.py took 0.074 seconds
[2025-07-01T22:12:31.475+0000] {processor.py:186} INFO - Started process (PID=6960) to work on /home/airflow/.local/lib/python3.12/site-packages/airflow/example_dags/tutorial_dag.py
[2025-07-01T22:12:31.476+0000] {processor.py:914} INFO - Processing file /home/airflow/.local/lib/python3.12/site-packages/airflow/example_dags/tutorial_dag.py for tasks to queue
[2025-07-01T22:12:31.478+0000] {logging_mixin.py:190} INFO - [2025-07-01T22:12:31.478+0000] {dagbag.py:588} INFO - Filling up the DagBag from /home/airflow/.local/lib/python3.12/site-packages/airflow/example_dags/tutorial_dag.py
[2025-07-01T22:12:31.485+0000] {processor.py:925} INFO - DAG(s) 'tutorial_dag' retrieved from /home/airflow/.local/lib/python3.12/site-packages/airflow/example_dags/tutorial_dag.py
[2025-07-01T22:12:31.504+0000] {logging_mixin.py:190} INFO - [2025-07-01T22:12:31.504+0000] {dag.py:3239} INFO - Sync 1 DAGs
[2025-07-01T22:12:31.518+0000] {logging_mixin.py:190} INFO - [2025-07-01T22:12:31.517+0000] {dag.py:4180} INFO - Setting next_dagrun for tutorial_dag to None, run_after=None
[2025-07-01T22:12:31.537+0000] {processor.py:208} INFO - Processing /home/airflow/.local/lib/python3.12/site-packages/airflow/example_dags/tutorial_dag.py took 0.068 seconds
[2025-07-01T22:13:02.181+0000] {processor.py:186} INFO - Started process (PID=7024) to work on /home/airflow/.local/lib/python3.12/site-packages/airflow/example_dags/tutorial_dag.py
[2025-07-01T22:13:02.182+0000] {processor.py:914} INFO - Processing file /home/airflow/.local/lib/python3.12/site-packages/airflow/example_dags/tutorial_dag.py for tasks to queue
[2025-07-01T22:13:02.184+0000] {logging_mixin.py:190} INFO - [2025-07-01T22:13:02.184+0000] {dagbag.py:588} INFO - Filling up the DagBag from /home/airflow/.local/lib/python3.12/site-packages/airflow/example_dags/tutorial_dag.py
[2025-07-01T22:13:02.192+0000] {processor.py:925} INFO - DAG(s) 'tutorial_dag' retrieved from /home/airflow/.local/lib/python3.12/site-packages/airflow/example_dags/tutorial_dag.py
[2025-07-01T22:13:02.212+0000] {logging_mixin.py:190} INFO - [2025-07-01T22:13:02.212+0000] {dag.py:3239} INFO - Sync 1 DAGs
[2025-07-01T22:13:02.231+0000] {logging_mixin.py:190} INFO - [2025-07-01T22:13:02.231+0000] {dag.py:4180} INFO - Setting next_dagrun for tutorial_dag to None, run_after=None
[2025-07-01T22:13:02.255+0000] {processor.py:208} INFO - Processing /home/airflow/.local/lib/python3.12/site-packages/airflow/example_dags/tutorial_dag.py took 0.080 seconds
[2025-07-01T22:13:33.181+0000] {processor.py:186} INFO - Started process (PID=7087) to work on /home/airflow/.local/lib/python3.12/site-packages/airflow/example_dags/tutorial_dag.py
[2025-07-01T22:13:33.182+0000] {processor.py:914} INFO - Processing file /home/airflow/.local/lib/python3.12/site-packages/airflow/example_dags/tutorial_dag.py for tasks to queue
[2025-07-01T22:13:33.185+0000] {logging_mixin.py:190} INFO - [2025-07-01T22:13:33.185+0000] {dagbag.py:588} INFO - Filling up the DagBag from /home/airflow/.local/lib/python3.12/site-packages/airflow/example_dags/tutorial_dag.py
[2025-07-01T22:13:33.192+0000] {processor.py:925} INFO - DAG(s) 'tutorial_dag' retrieved from /home/airflow/.local/lib/python3.12/site-packages/airflow/example_dags/tutorial_dag.py
[2025-07-01T22:13:33.210+0000] {logging_mixin.py:190} INFO - [2025-07-01T22:13:33.210+0000] {dag.py:3239} INFO - Sync 1 DAGs
[2025-07-01T22:13:33.224+0000] {logging_mixin.py:190} INFO - [2025-07-01T22:13:33.224+0000] {dag.py:4180} INFO - Setting next_dagrun for tutorial_dag to None, run_after=None
[2025-07-01T22:13:33.244+0000] {processor.py:208} INFO - Processing /home/airflow/.local/lib/python3.12/site-packages/airflow/example_dags/tutorial_dag.py took 0.070 seconds
[2025-07-01T22:14:03.972+0000] {processor.py:186} INFO - Started process (PID=7150) to work on /home/airflow/.local/lib/python3.12/site-packages/airflow/example_dags/tutorial_dag.py
[2025-07-01T22:14:03.973+0000] {processor.py:914} INFO - Processing file /home/airflow/.local/lib/python3.12/site-packages/airflow/example_dags/tutorial_dag.py for tasks to queue
[2025-07-01T22:14:03.976+0000] {logging_mixin.py:190} INFO - [2025-07-01T22:14:03.976+0000] {dagbag.py:588} INFO - Filling up the DagBag from /home/airflow/.local/lib/python3.12/site-packages/airflow/example_dags/tutorial_dag.py
[2025-07-01T22:14:03.988+0000] {processor.py:925} INFO - DAG(s) 'tutorial_dag' retrieved from /home/airflow/.local/lib/python3.12/site-packages/airflow/example_dags/tutorial_dag.py
[2025-07-01T22:14:04.011+0000] {logging_mixin.py:190} INFO - [2025-07-01T22:14:04.010+0000] {dag.py:3239} INFO - Sync 1 DAGs
[2025-07-01T22:14:04.025+0000] {logging_mixin.py:190} INFO - [2025-07-01T22:14:04.025+0000] {dag.py:4180} INFO - Setting next_dagrun for tutorial_dag to None, run_after=None
[2025-07-01T22:14:04.047+0000] {processor.py:208} INFO - Processing /home/airflow/.local/lib/python3.12/site-packages/airflow/example_dags/tutorial_dag.py took 0.083 seconds
[2025-07-01T22:14:34.362+0000] {processor.py:186} INFO - Started process (PID=7213) to work on /home/airflow/.local/lib/python3.12/site-packages/airflow/example_dags/tutorial_dag.py
[2025-07-01T22:14:34.363+0000] {processor.py:914} INFO - Processing file /home/airflow/.local/lib/python3.12/site-packages/airflow/example_dags/tutorial_dag.py for tasks to queue
[2025-07-01T22:14:34.365+0000] {logging_mixin.py:190} INFO - [2025-07-01T22:14:34.365+0000] {dagbag.py:588} INFO - Filling up the DagBag from /home/airflow/.local/lib/python3.12/site-packages/airflow/example_dags/tutorial_dag.py
[2025-07-01T22:14:34.372+0000] {processor.py:925} INFO - DAG(s) 'tutorial_dag' retrieved from /home/airflow/.local/lib/python3.12/site-packages/airflow/example_dags/tutorial_dag.py
[2025-07-01T22:14:34.390+0000] {logging_mixin.py:190} INFO - [2025-07-01T22:14:34.390+0000] {dag.py:3239} INFO - Sync 1 DAGs
[2025-07-01T22:14:34.407+0000] {logging_mixin.py:190} INFO - [2025-07-01T22:14:34.407+0000] {dag.py:4180} INFO - Setting next_dagrun for tutorial_dag to None, run_after=None
[2025-07-01T22:14:34.426+0000] {processor.py:208} INFO - Processing /home/airflow/.local/lib/python3.12/site-packages/airflow/example_dags/tutorial_dag.py took 0.070 seconds
[2025-07-01T22:15:04.707+0000] {processor.py:186} INFO - Started process (PID=7276) to work on /home/airflow/.local/lib/python3.12/site-packages/airflow/example_dags/tutorial_dag.py
[2025-07-01T22:15:04.708+0000] {processor.py:914} INFO - Processing file /home/airflow/.local/lib/python3.12/site-packages/airflow/example_dags/tutorial_dag.py for tasks to queue
[2025-07-01T22:15:04.710+0000] {logging_mixin.py:190} INFO - [2025-07-01T22:15:04.710+0000] {dagbag.py:588} INFO - Filling up the DagBag from /home/airflow/.local/lib/python3.12/site-packages/airflow/example_dags/tutorial_dag.py
[2025-07-01T22:15:04.718+0000] {processor.py:925} INFO - DAG(s) 'tutorial_dag' retrieved from /home/airflow/.local/lib/python3.12/site-packages/airflow/example_dags/tutorial_dag.py
[2025-07-01T22:15:04.736+0000] {logging_mixin.py:190} INFO - [2025-07-01T22:15:04.736+0000] {dag.py:3239} INFO - Sync 1 DAGs
[2025-07-01T22:15:04.748+0000] {logging_mixin.py:190} INFO - [2025-07-01T22:15:04.747+0000] {dag.py:4180} INFO - Setting next_dagrun for tutorial_dag to None, run_after=None
[2025-07-01T22:15:04.770+0000] {processor.py:208} INFO - Processing /home/airflow/.local/lib/python3.12/site-packages/airflow/example_dags/tutorial_dag.py took 0.069 seconds
[2025-07-01T22:15:35.332+0000] {processor.py:186} INFO - Started process (PID=7339) to work on /home/airflow/.local/lib/python3.12/site-packages/airflow/example_dags/tutorial_dag.py
[2025-07-01T22:15:35.334+0000] {processor.py:914} INFO - Processing file /home/airflow/.local/lib/python3.12/site-packages/airflow/example_dags/tutorial_dag.py for tasks to queue
[2025-07-01T22:15:35.337+0000] {logging_mixin.py:190} INFO - [2025-07-01T22:15:35.336+0000] {dagbag.py:588} INFO - Filling up the DagBag from /home/airflow/.local/lib/python3.12/site-packages/airflow/example_dags/tutorial_dag.py
[2025-07-01T22:15:35.345+0000] {processor.py:925} INFO - DAG(s) 'tutorial_dag' retrieved from /home/airflow/.local/lib/python3.12/site-packages/airflow/example_dags/tutorial_dag.py
[2025-07-01T22:15:35.365+0000] {logging_mixin.py:190} INFO - [2025-07-01T22:15:35.364+0000] {dag.py:3239} INFO - Sync 1 DAGs
[2025-07-01T22:15:35.378+0000] {logging_mixin.py:190} INFO - [2025-07-01T22:15:35.378+0000] {dag.py:4180} INFO - Setting next_dagrun for tutorial_dag to None, run_after=None
[2025-07-01T22:15:35.400+0000] {processor.py:208} INFO - Processing /home/airflow/.local/lib/python3.12/site-packages/airflow/example_dags/tutorial_dag.py took 0.075 seconds
[2025-07-01T22:16:06.038+0000] {processor.py:186} INFO - Started process (PID=7402) to work on /home/airflow/.local/lib/python3.12/site-packages/airflow/example_dags/tutorial_dag.py
[2025-07-01T22:16:06.039+0000] {processor.py:914} INFO - Processing file /home/airflow/.local/lib/python3.12/site-packages/airflow/example_dags/tutorial_dag.py for tasks to queue
[2025-07-01T22:16:06.042+0000] {logging_mixin.py:190} INFO - [2025-07-01T22:16:06.042+0000] {dagbag.py:588} INFO - Filling up the DagBag from /home/airflow/.local/lib/python3.12/site-packages/airflow/example_dags/tutorial_dag.py
[2025-07-01T22:16:06.049+0000] {processor.py:925} INFO - DAG(s) 'tutorial_dag' retrieved from /home/airflow/.local/lib/python3.12/site-packages/airflow/example_dags/tutorial_dag.py
[2025-07-01T22:16:06.070+0000] {logging_mixin.py:190} INFO - [2025-07-01T22:16:06.070+0000] {dag.py:3239} INFO - Sync 1 DAGs
[2025-07-01T22:16:06.084+0000] {logging_mixin.py:190} INFO - [2025-07-01T22:16:06.084+0000] {dag.py:4180} INFO - Setting next_dagrun for tutorial_dag to None, run_after=None
[2025-07-01T22:16:06.104+0000] {processor.py:208} INFO - Processing /home/airflow/.local/lib/python3.12/site-packages/airflow/example_dags/tutorial_dag.py took 0.072 seconds
[2025-07-01T22:16:36.566+0000] {processor.py:186} INFO - Started process (PID=7465) to work on /home/airflow/.local/lib/python3.12/site-packages/airflow/example_dags/tutorial_dag.py
[2025-07-01T22:16:36.567+0000] {processor.py:914} INFO - Processing file /home/airflow/.local/lib/python3.12/site-packages/airflow/example_dags/tutorial_dag.py for tasks to queue
[2025-07-01T22:16:36.570+0000] {logging_mixin.py:190} INFO - [2025-07-01T22:16:36.570+0000] {dagbag.py:588} INFO - Filling up the DagBag from /home/airflow/.local/lib/python3.12/site-packages/airflow/example_dags/tutorial_dag.py
[2025-07-01T22:16:36.580+0000] {processor.py:925} INFO - DAG(s) 'tutorial_dag' retrieved from /home/airflow/.local/lib/python3.12/site-packages/airflow/example_dags/tutorial_dag.py
[2025-07-01T22:16:36.599+0000] {logging_mixin.py:190} INFO - [2025-07-01T22:16:36.599+0000] {dag.py:3239} INFO - Sync 1 DAGs
[2025-07-01T22:16:36.612+0000] {logging_mixin.py:190} INFO - [2025-07-01T22:16:36.612+0000] {dag.py:4180} INFO - Setting next_dagrun for tutorial_dag to None, run_after=None
[2025-07-01T22:16:36.632+0000] {processor.py:208} INFO - Processing /home/airflow/.local/lib/python3.12/site-packages/airflow/example_dags/tutorial_dag.py took 0.073 seconds
[2025-07-01T22:17:07.169+0000] {processor.py:186} INFO - Started process (PID=7528) to work on /home/airflow/.local/lib/python3.12/site-packages/airflow/example_dags/tutorial_dag.py
[2025-07-01T22:17:07.171+0000] {processor.py:914} INFO - Processing file /home/airflow/.local/lib/python3.12/site-packages/airflow/example_dags/tutorial_dag.py for tasks to queue
[2025-07-01T22:17:07.174+0000] {logging_mixin.py:190} INFO - [2025-07-01T22:17:07.173+0000] {dagbag.py:588} INFO - Filling up the DagBag from /home/airflow/.local/lib/python3.12/site-packages/airflow/example_dags/tutorial_dag.py
[2025-07-01T22:17:07.182+0000] {processor.py:925} INFO - DAG(s) 'tutorial_dag' retrieved from /home/airflow/.local/lib/python3.12/site-packages/airflow/example_dags/tutorial_dag.py
[2025-07-01T22:17:07.202+0000] {logging_mixin.py:190} INFO - [2025-07-01T22:17:07.201+0000] {dag.py:3239} INFO - Sync 1 DAGs
[2025-07-01T22:17:07.215+0000] {logging_mixin.py:190} INFO - [2025-07-01T22:17:07.215+0000] {dag.py:4180} INFO - Setting next_dagrun for tutorial_dag to None, run_after=None
[2025-07-01T22:17:07.235+0000] {processor.py:208} INFO - Processing /home/airflow/.local/lib/python3.12/site-packages/airflow/example_dags/tutorial_dag.py took 0.073 seconds
[2025-07-01T22:17:38.014+0000] {processor.py:186} INFO - Started process (PID=7591) to work on /home/airflow/.local/lib/python3.12/site-packages/airflow/example_dags/tutorial_dag.py
[2025-07-01T22:17:38.016+0000] {processor.py:914} INFO - Processing file /home/airflow/.local/lib/python3.12/site-packages/airflow/example_dags/tutorial_dag.py for tasks to queue
[2025-07-01T22:17:38.020+0000] {logging_mixin.py:190} INFO - [2025-07-01T22:17:38.019+0000] {dagbag.py:588} INFO - Filling up the DagBag from /home/airflow/.local/lib/python3.12/site-packages/airflow/example_dags/tutorial_dag.py
[2025-07-01T22:17:38.030+0000] {processor.py:925} INFO - DAG(s) 'tutorial_dag' retrieved from /home/airflow/.local/lib/python3.12/site-packages/airflow/example_dags/tutorial_dag.py
[2025-07-01T22:17:38.048+0000] {logging_mixin.py:190} INFO - [2025-07-01T22:17:38.048+0000] {dag.py:3239} INFO - Sync 1 DAGs
[2025-07-01T22:17:38.061+0000] {logging_mixin.py:190} INFO - [2025-07-01T22:17:38.060+0000] {dag.py:4180} INFO - Setting next_dagrun for tutorial_dag to None, run_after=None
[2025-07-01T22:17:38.079+0000] {processor.py:208} INFO - Processing /home/airflow/.local/lib/python3.12/site-packages/airflow/example_dags/tutorial_dag.py took 0.072 seconds
[2025-07-01T22:18:09.011+0000] {processor.py:186} INFO - Started process (PID=7654) to work on /home/airflow/.local/lib/python3.12/site-packages/airflow/example_dags/tutorial_dag.py
[2025-07-01T22:18:09.012+0000] {processor.py:914} INFO - Processing file /home/airflow/.local/lib/python3.12/site-packages/airflow/example_dags/tutorial_dag.py for tasks to queue
[2025-07-01T22:18:09.016+0000] {logging_mixin.py:190} INFO - [2025-07-01T22:18:09.015+0000] {dagbag.py:588} INFO - Filling up the DagBag from /home/airflow/.local/lib/python3.12/site-packages/airflow/example_dags/tutorial_dag.py
[2025-07-01T22:18:09.027+0000] {processor.py:925} INFO - DAG(s) 'tutorial_dag' retrieved from /home/airflow/.local/lib/python3.12/site-packages/airflow/example_dags/tutorial_dag.py
[2025-07-01T22:18:09.062+0000] {logging_mixin.py:190} INFO - [2025-07-01T22:18:09.061+0000] {dag.py:3239} INFO - Sync 1 DAGs
[2025-07-01T22:18:09.080+0000] {logging_mixin.py:190} INFO - [2025-07-01T22:18:09.079+0000] {dag.py:4180} INFO - Setting next_dagrun for tutorial_dag to None, run_after=None
[2025-07-01T22:18:09.110+0000] {processor.py:208} INFO - Processing /home/airflow/.local/lib/python3.12/site-packages/airflow/example_dags/tutorial_dag.py took 0.111 seconds
[2025-07-01T22:18:39.774+0000] {processor.py:186} INFO - Started process (PID=7723) to work on /home/airflow/.local/lib/python3.12/site-packages/airflow/example_dags/tutorial_dag.py
[2025-07-01T22:18:39.776+0000] {processor.py:914} INFO - Processing file /home/airflow/.local/lib/python3.12/site-packages/airflow/example_dags/tutorial_dag.py for tasks to queue
[2025-07-01T22:18:39.779+0000] {logging_mixin.py:190} INFO - [2025-07-01T22:18:39.779+0000] {dagbag.py:588} INFO - Filling up the DagBag from /home/airflow/.local/lib/python3.12/site-packages/airflow/example_dags/tutorial_dag.py
[2025-07-01T22:18:39.787+0000] {processor.py:925} INFO - DAG(s) 'tutorial_dag' retrieved from /home/airflow/.local/lib/python3.12/site-packages/airflow/example_dags/tutorial_dag.py
[2025-07-01T22:18:39.807+0000] {logging_mixin.py:190} INFO - [2025-07-01T22:18:39.806+0000] {dag.py:3239} INFO - Sync 1 DAGs
[2025-07-01T22:18:39.820+0000] {logging_mixin.py:190} INFO - [2025-07-01T22:18:39.819+0000] {dag.py:4180} INFO - Setting next_dagrun for tutorial_dag to None, run_after=None
[2025-07-01T22:18:39.841+0000] {processor.py:208} INFO - Processing /home/airflow/.local/lib/python3.12/site-packages/airflow/example_dags/tutorial_dag.py took 0.073 seconds
[2025-07-01T22:19:10.441+0000] {processor.py:186} INFO - Started process (PID=7787) to work on /home/airflow/.local/lib/python3.12/site-packages/airflow/example_dags/tutorial_dag.py
[2025-07-01T22:19:10.443+0000] {processor.py:914} INFO - Processing file /home/airflow/.local/lib/python3.12/site-packages/airflow/example_dags/tutorial_dag.py for tasks to queue
[2025-07-01T22:19:10.445+0000] {logging_mixin.py:190} INFO - [2025-07-01T22:19:10.445+0000] {dagbag.py:588} INFO - Filling up the DagBag from /home/airflow/.local/lib/python3.12/site-packages/airflow/example_dags/tutorial_dag.py
[2025-07-01T22:19:10.452+0000] {processor.py:925} INFO - DAG(s) 'tutorial_dag' retrieved from /home/airflow/.local/lib/python3.12/site-packages/airflow/example_dags/tutorial_dag.py
[2025-07-01T22:19:10.468+0000] {logging_mixin.py:190} INFO - [2025-07-01T22:19:10.468+0000] {dag.py:3239} INFO - Sync 1 DAGs
[2025-07-01T22:19:10.482+0000] {logging_mixin.py:190} INFO - [2025-07-01T22:19:10.481+0000] {dag.py:4180} INFO - Setting next_dagrun for tutorial_dag to None, run_after=None
[2025-07-01T22:19:10.499+0000] {processor.py:208} INFO - Processing /home/airflow/.local/lib/python3.12/site-packages/airflow/example_dags/tutorial_dag.py took 0.063 seconds
[2025-07-01T22:19:41.116+0000] {processor.py:186} INFO - Started process (PID=7850) to work on /home/airflow/.local/lib/python3.12/site-packages/airflow/example_dags/tutorial_dag.py
[2025-07-01T22:19:41.117+0000] {processor.py:914} INFO - Processing file /home/airflow/.local/lib/python3.12/site-packages/airflow/example_dags/tutorial_dag.py for tasks to queue
[2025-07-01T22:19:41.120+0000] {logging_mixin.py:190} INFO - [2025-07-01T22:19:41.120+0000] {dagbag.py:588} INFO - Filling up the DagBag from /home/airflow/.local/lib/python3.12/site-packages/airflow/example_dags/tutorial_dag.py
[2025-07-01T22:19:41.127+0000] {processor.py:925} INFO - DAG(s) 'tutorial_dag' retrieved from /home/airflow/.local/lib/python3.12/site-packages/airflow/example_dags/tutorial_dag.py
[2025-07-01T22:19:41.144+0000] {logging_mixin.py:190} INFO - [2025-07-01T22:19:41.144+0000] {dag.py:3239} INFO - Sync 1 DAGs
[2025-07-01T22:19:41.158+0000] {logging_mixin.py:190} INFO - [2025-07-01T22:19:41.158+0000] {dag.py:4180} INFO - Setting next_dagrun for tutorial_dag to None, run_after=None
[2025-07-01T22:19:41.184+0000] {processor.py:208} INFO - Processing /home/airflow/.local/lib/python3.12/site-packages/airflow/example_dags/tutorial_dag.py took 0.074 seconds
[2025-07-01T22:20:11.619+0000] {processor.py:186} INFO - Started process (PID=7913) to work on /home/airflow/.local/lib/python3.12/site-packages/airflow/example_dags/tutorial_dag.py
[2025-07-01T22:20:11.620+0000] {processor.py:914} INFO - Processing file /home/airflow/.local/lib/python3.12/site-packages/airflow/example_dags/tutorial_dag.py for tasks to queue
[2025-07-01T22:20:11.623+0000] {logging_mixin.py:190} INFO - [2025-07-01T22:20:11.622+0000] {dagbag.py:588} INFO - Filling up the DagBag from /home/airflow/.local/lib/python3.12/site-packages/airflow/example_dags/tutorial_dag.py
[2025-07-01T22:20:11.630+0000] {processor.py:925} INFO - DAG(s) 'tutorial_dag' retrieved from /home/airflow/.local/lib/python3.12/site-packages/airflow/example_dags/tutorial_dag.py
[2025-07-01T22:20:11.650+0000] {logging_mixin.py:190} INFO - [2025-07-01T22:20:11.650+0000] {dag.py:3239} INFO - Sync 1 DAGs
[2025-07-01T22:20:11.665+0000] {logging_mixin.py:190} INFO - [2025-07-01T22:20:11.665+0000] {dag.py:4180} INFO - Setting next_dagrun for tutorial_dag to None, run_after=None
[2025-07-01T22:20:11.684+0000] {processor.py:208} INFO - Processing /home/airflow/.local/lib/python3.12/site-packages/airflow/example_dags/tutorial_dag.py took 0.072 seconds
[2025-07-01T22:20:42.229+0000] {processor.py:186} INFO - Started process (PID=7976) to work on /home/airflow/.local/lib/python3.12/site-packages/airflow/example_dags/tutorial_dag.py
[2025-07-01T22:20:42.230+0000] {processor.py:914} INFO - Processing file /home/airflow/.local/lib/python3.12/site-packages/airflow/example_dags/tutorial_dag.py for tasks to queue
[2025-07-01T22:20:42.232+0000] {logging_mixin.py:190} INFO - [2025-07-01T22:20:42.232+0000] {dagbag.py:588} INFO - Filling up the DagBag from /home/airflow/.local/lib/python3.12/site-packages/airflow/example_dags/tutorial_dag.py
[2025-07-01T22:20:42.239+0000] {processor.py:925} INFO - DAG(s) 'tutorial_dag' retrieved from /home/airflow/.local/lib/python3.12/site-packages/airflow/example_dags/tutorial_dag.py
[2025-07-01T22:20:42.260+0000] {logging_mixin.py:190} INFO - [2025-07-01T22:20:42.260+0000] {dag.py:3239} INFO - Sync 1 DAGs
[2025-07-01T22:20:42.277+0000] {logging_mixin.py:190} INFO - [2025-07-01T22:20:42.277+0000] {dag.py:4180} INFO - Setting next_dagrun for tutorial_dag to None, run_after=None
[2025-07-01T22:20:42.301+0000] {processor.py:208} INFO - Processing /home/airflow/.local/lib/python3.12/site-packages/airflow/example_dags/tutorial_dag.py took 0.078 seconds
[2025-07-01T22:21:13.103+0000] {processor.py:186} INFO - Started process (PID=8039) to work on /home/airflow/.local/lib/python3.12/site-packages/airflow/example_dags/tutorial_dag.py
[2025-07-01T22:21:13.104+0000] {processor.py:914} INFO - Processing file /home/airflow/.local/lib/python3.12/site-packages/airflow/example_dags/tutorial_dag.py for tasks to queue
[2025-07-01T22:21:13.108+0000] {logging_mixin.py:190} INFO - [2025-07-01T22:21:13.107+0000] {dagbag.py:588} INFO - Filling up the DagBag from /home/airflow/.local/lib/python3.12/site-packages/airflow/example_dags/tutorial_dag.py
[2025-07-01T22:21:13.116+0000] {processor.py:925} INFO - DAG(s) 'tutorial_dag' retrieved from /home/airflow/.local/lib/python3.12/site-packages/airflow/example_dags/tutorial_dag.py
[2025-07-01T22:21:13.137+0000] {logging_mixin.py:190} INFO - [2025-07-01T22:21:13.137+0000] {dag.py:3239} INFO - Sync 1 DAGs
[2025-07-01T22:21:13.150+0000] {logging_mixin.py:190} INFO - [2025-07-01T22:21:13.150+0000] {dag.py:4180} INFO - Setting next_dagrun for tutorial_dag to None, run_after=None
[2025-07-01T22:21:13.170+0000] {processor.py:208} INFO - Processing /home/airflow/.local/lib/python3.12/site-packages/airflow/example_dags/tutorial_dag.py took 0.074 seconds
[2025-07-01T22:21:43.551+0000] {processor.py:186} INFO - Started process (PID=8102) to work on /home/airflow/.local/lib/python3.12/site-packages/airflow/example_dags/tutorial_dag.py
[2025-07-01T22:21:43.552+0000] {processor.py:914} INFO - Processing file /home/airflow/.local/lib/python3.12/site-packages/airflow/example_dags/tutorial_dag.py for tasks to queue
[2025-07-01T22:21:43.554+0000] {logging_mixin.py:190} INFO - [2025-07-01T22:21:43.553+0000] {dagbag.py:588} INFO - Filling up the DagBag from /home/airflow/.local/lib/python3.12/site-packages/airflow/example_dags/tutorial_dag.py
[2025-07-01T22:21:43.561+0000] {processor.py:925} INFO - DAG(s) 'tutorial_dag' retrieved from /home/airflow/.local/lib/python3.12/site-packages/airflow/example_dags/tutorial_dag.py
[2025-07-01T22:21:43.579+0000] {logging_mixin.py:190} INFO - [2025-07-01T22:21:43.579+0000] {dag.py:3239} INFO - Sync 1 DAGs
[2025-07-01T22:21:43.594+0000] {logging_mixin.py:190} INFO - [2025-07-01T22:21:43.594+0000] {dag.py:4180} INFO - Setting next_dagrun for tutorial_dag to None, run_after=None
[2025-07-01T22:21:43.615+0000] {processor.py:208} INFO - Processing /home/airflow/.local/lib/python3.12/site-packages/airflow/example_dags/tutorial_dag.py took 0.070 seconds
[2025-07-01T22:22:14.186+0000] {processor.py:186} INFO - Started process (PID=8165) to work on /home/airflow/.local/lib/python3.12/site-packages/airflow/example_dags/tutorial_dag.py
[2025-07-01T22:22:14.187+0000] {processor.py:914} INFO - Processing file /home/airflow/.local/lib/python3.12/site-packages/airflow/example_dags/tutorial_dag.py for tasks to queue
[2025-07-01T22:22:14.189+0000] {logging_mixin.py:190} INFO - [2025-07-01T22:22:14.189+0000] {dagbag.py:588} INFO - Filling up the DagBag from /home/airflow/.local/lib/python3.12/site-packages/airflow/example_dags/tutorial_dag.py
[2025-07-01T22:22:14.197+0000] {processor.py:925} INFO - DAG(s) 'tutorial_dag' retrieved from /home/airflow/.local/lib/python3.12/site-packages/airflow/example_dags/tutorial_dag.py
[2025-07-01T22:22:14.217+0000] {logging_mixin.py:190} INFO - [2025-07-01T22:22:14.217+0000] {dag.py:3239} INFO - Sync 1 DAGs
[2025-07-01T22:22:14.234+0000] {logging_mixin.py:190} INFO - [2025-07-01T22:22:14.234+0000] {dag.py:4180} INFO - Setting next_dagrun for tutorial_dag to None, run_after=None
[2025-07-01T22:22:14.256+0000] {processor.py:208} INFO - Processing /home/airflow/.local/lib/python3.12/site-packages/airflow/example_dags/tutorial_dag.py took 0.076 seconds
[2025-07-01T22:22:44.715+0000] {processor.py:186} INFO - Started process (PID=8228) to work on /home/airflow/.local/lib/python3.12/site-packages/airflow/example_dags/tutorial_dag.py
[2025-07-01T22:22:44.716+0000] {processor.py:914} INFO - Processing file /home/airflow/.local/lib/python3.12/site-packages/airflow/example_dags/tutorial_dag.py for tasks to queue
[2025-07-01T22:22:44.719+0000] {logging_mixin.py:190} INFO - [2025-07-01T22:22:44.718+0000] {dagbag.py:588} INFO - Filling up the DagBag from /home/airflow/.local/lib/python3.12/site-packages/airflow/example_dags/tutorial_dag.py
[2025-07-01T22:22:44.725+0000] {processor.py:925} INFO - DAG(s) 'tutorial_dag' retrieved from /home/airflow/.local/lib/python3.12/site-packages/airflow/example_dags/tutorial_dag.py
[2025-07-01T22:22:44.742+0000] {logging_mixin.py:190} INFO - [2025-07-01T22:22:44.742+0000] {dag.py:3239} INFO - Sync 1 DAGs
[2025-07-01T22:22:44.754+0000] {logging_mixin.py:190} INFO - [2025-07-01T22:22:44.754+0000] {dag.py:4180} INFO - Setting next_dagrun for tutorial_dag to None, run_after=None
[2025-07-01T22:22:44.772+0000] {processor.py:208} INFO - Processing /home/airflow/.local/lib/python3.12/site-packages/airflow/example_dags/tutorial_dag.py took 0.062 seconds
[2025-07-01T22:23:15.656+0000] {processor.py:186} INFO - Started process (PID=8291) to work on /home/airflow/.local/lib/python3.12/site-packages/airflow/example_dags/tutorial_dag.py
[2025-07-01T22:23:15.657+0000] {processor.py:914} INFO - Processing file /home/airflow/.local/lib/python3.12/site-packages/airflow/example_dags/tutorial_dag.py for tasks to queue
[2025-07-01T22:23:15.660+0000] {logging_mixin.py:190} INFO - [2025-07-01T22:23:15.659+0000] {dagbag.py:588} INFO - Filling up the DagBag from /home/airflow/.local/lib/python3.12/site-packages/airflow/example_dags/tutorial_dag.py
[2025-07-01T22:23:15.666+0000] {processor.py:925} INFO - DAG(s) 'tutorial_dag' retrieved from /home/airflow/.local/lib/python3.12/site-packages/airflow/example_dags/tutorial_dag.py
[2025-07-01T22:23:15.684+0000] {logging_mixin.py:190} INFO - [2025-07-01T22:23:15.684+0000] {dag.py:3239} INFO - Sync 1 DAGs
[2025-07-01T22:23:15.698+0000] {logging_mixin.py:190} INFO - [2025-07-01T22:23:15.697+0000] {dag.py:4180} INFO - Setting next_dagrun for tutorial_dag to None, run_after=None
[2025-07-01T22:23:15.719+0000] {processor.py:208} INFO - Processing /home/airflow/.local/lib/python3.12/site-packages/airflow/example_dags/tutorial_dag.py took 0.068 seconds
[2025-07-01T22:23:46.274+0000] {processor.py:186} INFO - Started process (PID=8354) to work on /home/airflow/.local/lib/python3.12/site-packages/airflow/example_dags/tutorial_dag.py
[2025-07-01T22:23:46.275+0000] {processor.py:914} INFO - Processing file /home/airflow/.local/lib/python3.12/site-packages/airflow/example_dags/tutorial_dag.py for tasks to queue
[2025-07-01T22:23:46.277+0000] {logging_mixin.py:190} INFO - [2025-07-01T22:23:46.277+0000] {dagbag.py:588} INFO - Filling up the DagBag from /home/airflow/.local/lib/python3.12/site-packages/airflow/example_dags/tutorial_dag.py
[2025-07-01T22:23:46.284+0000] {processor.py:925} INFO - DAG(s) 'tutorial_dag' retrieved from /home/airflow/.local/lib/python3.12/site-packages/airflow/example_dags/tutorial_dag.py
[2025-07-01T22:23:46.301+0000] {logging_mixin.py:190} INFO - [2025-07-01T22:23:46.301+0000] {dag.py:3239} INFO - Sync 1 DAGs
[2025-07-01T22:23:46.314+0000] {logging_mixin.py:190} INFO - [2025-07-01T22:23:46.314+0000] {dag.py:4180} INFO - Setting next_dagrun for tutorial_dag to None, run_after=None
[2025-07-01T22:23:46.335+0000] {processor.py:208} INFO - Processing /home/airflow/.local/lib/python3.12/site-packages/airflow/example_dags/tutorial_dag.py took 0.066 seconds
[2025-07-01T22:24:16.872+0000] {processor.py:186} INFO - Started process (PID=8417) to work on /home/airflow/.local/lib/python3.12/site-packages/airflow/example_dags/tutorial_dag.py
[2025-07-01T22:24:16.873+0000] {processor.py:914} INFO - Processing file /home/airflow/.local/lib/python3.12/site-packages/airflow/example_dags/tutorial_dag.py for tasks to queue
[2025-07-01T22:24:16.876+0000] {logging_mixin.py:190} INFO - [2025-07-01T22:24:16.876+0000] {dagbag.py:588} INFO - Filling up the DagBag from /home/airflow/.local/lib/python3.12/site-packages/airflow/example_dags/tutorial_dag.py
[2025-07-01T22:24:16.884+0000] {processor.py:925} INFO - DAG(s) 'tutorial_dag' retrieved from /home/airflow/.local/lib/python3.12/site-packages/airflow/example_dags/tutorial_dag.py
[2025-07-01T22:24:16.902+0000] {logging_mixin.py:190} INFO - [2025-07-01T22:24:16.901+0000] {dag.py:3239} INFO - Sync 1 DAGs
[2025-07-01T22:24:16.916+0000] {logging_mixin.py:190} INFO - [2025-07-01T22:24:16.916+0000] {dag.py:4180} INFO - Setting next_dagrun for tutorial_dag to None, run_after=None
[2025-07-01T22:24:16.939+0000] {processor.py:208} INFO - Processing /home/airflow/.local/lib/python3.12/site-packages/airflow/example_dags/tutorial_dag.py took 0.073 seconds
[2025-07-01T22:24:47.509+0000] {processor.py:186} INFO - Started process (PID=8486) to work on /home/airflow/.local/lib/python3.12/site-packages/airflow/example_dags/tutorial_dag.py
[2025-07-01T22:24:47.510+0000] {processor.py:914} INFO - Processing file /home/airflow/.local/lib/python3.12/site-packages/airflow/example_dags/tutorial_dag.py for tasks to queue
[2025-07-01T22:24:47.513+0000] {logging_mixin.py:190} INFO - [2025-07-01T22:24:47.512+0000] {dagbag.py:588} INFO - Filling up the DagBag from /home/airflow/.local/lib/python3.12/site-packages/airflow/example_dags/tutorial_dag.py
[2025-07-01T22:24:47.520+0000] {processor.py:925} INFO - DAG(s) 'tutorial_dag' retrieved from /home/airflow/.local/lib/python3.12/site-packages/airflow/example_dags/tutorial_dag.py
[2025-07-01T22:24:47.539+0000] {logging_mixin.py:190} INFO - [2025-07-01T22:24:47.538+0000] {dag.py:3239} INFO - Sync 1 DAGs
[2025-07-01T22:24:47.552+0000] {logging_mixin.py:190} INFO - [2025-07-01T22:24:47.552+0000] {dag.py:4180} INFO - Setting next_dagrun for tutorial_dag to None, run_after=None
[2025-07-01T22:24:47.577+0000] {processor.py:208} INFO - Processing /home/airflow/.local/lib/python3.12/site-packages/airflow/example_dags/tutorial_dag.py took 0.074 seconds
[2025-07-01T22:25:18.216+0000] {processor.py:186} INFO - Started process (PID=8555) to work on /home/airflow/.local/lib/python3.12/site-packages/airflow/example_dags/tutorial_dag.py
[2025-07-01T22:25:18.217+0000] {processor.py:914} INFO - Processing file /home/airflow/.local/lib/python3.12/site-packages/airflow/example_dags/tutorial_dag.py for tasks to queue
[2025-07-01T22:25:18.219+0000] {logging_mixin.py:190} INFO - [2025-07-01T22:25:18.218+0000] {dagbag.py:588} INFO - Filling up the DagBag from /home/airflow/.local/lib/python3.12/site-packages/airflow/example_dags/tutorial_dag.py
[2025-07-01T22:25:18.226+0000] {processor.py:925} INFO - DAG(s) 'tutorial_dag' retrieved from /home/airflow/.local/lib/python3.12/site-packages/airflow/example_dags/tutorial_dag.py
[2025-07-01T22:25:18.244+0000] {logging_mixin.py:190} INFO - [2025-07-01T22:25:18.244+0000] {dag.py:3239} INFO - Sync 1 DAGs
[2025-07-01T22:25:18.256+0000] {logging_mixin.py:190} INFO - [2025-07-01T22:25:18.255+0000] {dag.py:4180} INFO - Setting next_dagrun for tutorial_dag to None, run_after=None
[2025-07-01T22:25:18.276+0000] {processor.py:208} INFO - Processing /home/airflow/.local/lib/python3.12/site-packages/airflow/example_dags/tutorial_dag.py took 0.066 seconds
[2025-07-01T22:25:49.038+0000] {processor.py:186} INFO - Started process (PID=8654) to work on /home/airflow/.local/lib/python3.12/site-packages/airflow/example_dags/tutorial_dag.py
[2025-07-01T22:25:49.039+0000] {processor.py:914} INFO - Processing file /home/airflow/.local/lib/python3.12/site-packages/airflow/example_dags/tutorial_dag.py for tasks to queue
[2025-07-01T22:25:49.042+0000] {logging_mixin.py:190} INFO - [2025-07-01T22:25:49.042+0000] {dagbag.py:588} INFO - Filling up the DagBag from /home/airflow/.local/lib/python3.12/site-packages/airflow/example_dags/tutorial_dag.py
[2025-07-01T22:25:49.049+0000] {processor.py:925} INFO - DAG(s) 'tutorial_dag' retrieved from /home/airflow/.local/lib/python3.12/site-packages/airflow/example_dags/tutorial_dag.py
[2025-07-01T22:25:49.067+0000] {logging_mixin.py:190} INFO - [2025-07-01T22:25:49.067+0000] {dag.py:3239} INFO - Sync 1 DAGs
[2025-07-01T22:25:49.082+0000] {logging_mixin.py:190} INFO - [2025-07-01T22:25:49.082+0000] {dag.py:4180} INFO - Setting next_dagrun for tutorial_dag to None, run_after=None
[2025-07-01T22:25:49.104+0000] {processor.py:208} INFO - Processing /home/airflow/.local/lib/python3.12/site-packages/airflow/example_dags/tutorial_dag.py took 0.073 seconds
[2025-07-01T22:26:19.365+0000] {processor.py:186} INFO - Started process (PID=8720) to work on /home/airflow/.local/lib/python3.12/site-packages/airflow/example_dags/tutorial_dag.py
[2025-07-01T22:26:19.367+0000] {processor.py:914} INFO - Processing file /home/airflow/.local/lib/python3.12/site-packages/airflow/example_dags/tutorial_dag.py for tasks to queue
[2025-07-01T22:26:19.370+0000] {logging_mixin.py:190} INFO - [2025-07-01T22:26:19.369+0000] {dagbag.py:588} INFO - Filling up the DagBag from /home/airflow/.local/lib/python3.12/site-packages/airflow/example_dags/tutorial_dag.py
[2025-07-01T22:26:19.382+0000] {processor.py:925} INFO - DAG(s) 'tutorial_dag' retrieved from /home/airflow/.local/lib/python3.12/site-packages/airflow/example_dags/tutorial_dag.py
[2025-07-01T22:26:19.414+0000] {logging_mixin.py:190} INFO - [2025-07-01T22:26:19.414+0000] {dag.py:3239} INFO - Sync 1 DAGs
[2025-07-01T22:26:19.436+0000] {logging_mixin.py:190} INFO - [2025-07-01T22:26:19.436+0000] {dag.py:4180} INFO - Setting next_dagrun for tutorial_dag to None, run_after=None
[2025-07-01T22:26:19.469+0000] {processor.py:208} INFO - Processing /home/airflow/.local/lib/python3.12/site-packages/airflow/example_dags/tutorial_dag.py took 0.114 seconds
[2025-07-01T22:26:50.498+0000] {processor.py:186} INFO - Started process (PID=8784) to work on /home/airflow/.local/lib/python3.12/site-packages/airflow/example_dags/tutorial_dag.py
[2025-07-01T22:26:50.499+0000] {processor.py:914} INFO - Processing file /home/airflow/.local/lib/python3.12/site-packages/airflow/example_dags/tutorial_dag.py for tasks to queue
[2025-07-01T22:26:50.502+0000] {logging_mixin.py:190} INFO - [2025-07-01T22:26:50.501+0000] {dagbag.py:588} INFO - Filling up the DagBag from /home/airflow/.local/lib/python3.12/site-packages/airflow/example_dags/tutorial_dag.py
[2025-07-01T22:26:50.509+0000] {processor.py:925} INFO - DAG(s) 'tutorial_dag' retrieved from /home/airflow/.local/lib/python3.12/site-packages/airflow/example_dags/tutorial_dag.py
[2025-07-01T22:26:50.527+0000] {logging_mixin.py:190} INFO - [2025-07-01T22:26:50.527+0000] {dag.py:3239} INFO - Sync 1 DAGs
[2025-07-01T22:26:50.540+0000] {logging_mixin.py:190} INFO - [2025-07-01T22:26:50.540+0000] {dag.py:4180} INFO - Setting next_dagrun for tutorial_dag to None, run_after=None
[2025-07-01T22:26:50.560+0000] {processor.py:208} INFO - Processing /home/airflow/.local/lib/python3.12/site-packages/airflow/example_dags/tutorial_dag.py took 0.069 seconds
[2025-07-01T22:27:21.448+0000] {processor.py:186} INFO - Started process (PID=8848) to work on /home/airflow/.local/lib/python3.12/site-packages/airflow/example_dags/tutorial_dag.py
[2025-07-01T22:27:21.449+0000] {processor.py:914} INFO - Processing file /home/airflow/.local/lib/python3.12/site-packages/airflow/example_dags/tutorial_dag.py for tasks to queue
[2025-07-01T22:27:21.452+0000] {logging_mixin.py:190} INFO - [2025-07-01T22:27:21.452+0000] {dagbag.py:588} INFO - Filling up the DagBag from /home/airflow/.local/lib/python3.12/site-packages/airflow/example_dags/tutorial_dag.py
[2025-07-01T22:27:21.460+0000] {processor.py:925} INFO - DAG(s) 'tutorial_dag' retrieved from /home/airflow/.local/lib/python3.12/site-packages/airflow/example_dags/tutorial_dag.py
[2025-07-01T22:27:21.481+0000] {logging_mixin.py:190} INFO - [2025-07-01T22:27:21.480+0000] {dag.py:3239} INFO - Sync 1 DAGs
[2025-07-01T22:27:21.497+0000] {logging_mixin.py:190} INFO - [2025-07-01T22:27:21.497+0000] {dag.py:4180} INFO - Setting next_dagrun for tutorial_dag to None, run_after=None
[2025-07-01T22:27:21.523+0000] {processor.py:208} INFO - Processing /home/airflow/.local/lib/python3.12/site-packages/airflow/example_dags/tutorial_dag.py took 0.084 seconds
[2025-07-01T22:27:52.264+0000] {processor.py:186} INFO - Started process (PID=8913) to work on /home/airflow/.local/lib/python3.12/site-packages/airflow/example_dags/tutorial_dag.py
[2025-07-01T22:27:52.265+0000] {processor.py:914} INFO - Processing file /home/airflow/.local/lib/python3.12/site-packages/airflow/example_dags/tutorial_dag.py for tasks to queue
[2025-07-01T22:27:52.268+0000] {logging_mixin.py:190} INFO - [2025-07-01T22:27:52.267+0000] {dagbag.py:588} INFO - Filling up the DagBag from /home/airflow/.local/lib/python3.12/site-packages/airflow/example_dags/tutorial_dag.py
[2025-07-01T22:27:52.274+0000] {processor.py:925} INFO - DAG(s) 'tutorial_dag' retrieved from /home/airflow/.local/lib/python3.12/site-packages/airflow/example_dags/tutorial_dag.py
[2025-07-01T22:27:52.291+0000] {logging_mixin.py:190} INFO - [2025-07-01T22:27:52.291+0000] {dag.py:3239} INFO - Sync 1 DAGs
[2025-07-01T22:27:52.304+0000] {logging_mixin.py:190} INFO - [2025-07-01T22:27:52.304+0000] {dag.py:4180} INFO - Setting next_dagrun for tutorial_dag to None, run_after=None
[2025-07-01T22:27:52.322+0000] {processor.py:208} INFO - Processing /home/airflow/.local/lib/python3.12/site-packages/airflow/example_dags/tutorial_dag.py took 0.065 seconds
[2025-07-01T22:28:22.985+0000] {processor.py:186} INFO - Started process (PID=8977) to work on /home/airflow/.local/lib/python3.12/site-packages/airflow/example_dags/tutorial_dag.py
[2025-07-01T22:28:22.986+0000] {processor.py:914} INFO - Processing file /home/airflow/.local/lib/python3.12/site-packages/airflow/example_dags/tutorial_dag.py for tasks to queue
[2025-07-01T22:28:22.989+0000] {logging_mixin.py:190} INFO - [2025-07-01T22:28:22.988+0000] {dagbag.py:588} INFO - Filling up the DagBag from /home/airflow/.local/lib/python3.12/site-packages/airflow/example_dags/tutorial_dag.py
[2025-07-01T22:28:22.995+0000] {processor.py:925} INFO - DAG(s) 'tutorial_dag' retrieved from /home/airflow/.local/lib/python3.12/site-packages/airflow/example_dags/tutorial_dag.py
[2025-07-01T22:28:23.012+0000] {logging_mixin.py:190} INFO - [2025-07-01T22:28:23.012+0000] {dag.py:3239} INFO - Sync 1 DAGs
[2025-07-01T22:28:23.026+0000] {logging_mixin.py:190} INFO - [2025-07-01T22:28:23.025+0000] {dag.py:4180} INFO - Setting next_dagrun for tutorial_dag to None, run_after=None
[2025-07-01T22:28:23.046+0000] {processor.py:208} INFO - Processing /home/airflow/.local/lib/python3.12/site-packages/airflow/example_dags/tutorial_dag.py took 0.069 seconds
[2025-07-01T22:28:53.415+0000] {processor.py:186} INFO - Started process (PID=9041) to work on /home/airflow/.local/lib/python3.12/site-packages/airflow/example_dags/tutorial_dag.py
[2025-07-01T22:28:53.416+0000] {processor.py:914} INFO - Processing file /home/airflow/.local/lib/python3.12/site-packages/airflow/example_dags/tutorial_dag.py for tasks to queue
[2025-07-01T22:28:53.418+0000] {logging_mixin.py:190} INFO - [2025-07-01T22:28:53.418+0000] {dagbag.py:588} INFO - Filling up the DagBag from /home/airflow/.local/lib/python3.12/site-packages/airflow/example_dags/tutorial_dag.py
[2025-07-01T22:28:53.425+0000] {processor.py:925} INFO - DAG(s) 'tutorial_dag' retrieved from /home/airflow/.local/lib/python3.12/site-packages/airflow/example_dags/tutorial_dag.py
[2025-07-01T22:28:53.442+0000] {logging_mixin.py:190} INFO - [2025-07-01T22:28:53.441+0000] {dag.py:3239} INFO - Sync 1 DAGs
[2025-07-01T22:28:53.454+0000] {logging_mixin.py:190} INFO - [2025-07-01T22:28:53.454+0000] {dag.py:4180} INFO - Setting next_dagrun for tutorial_dag to None, run_after=None
[2025-07-01T22:28:53.471+0000] {processor.py:208} INFO - Processing /home/airflow/.local/lib/python3.12/site-packages/airflow/example_dags/tutorial_dag.py took 0.064 seconds
[2025-07-01T22:29:24.234+0000] {processor.py:186} INFO - Started process (PID=9105) to work on /home/airflow/.local/lib/python3.12/site-packages/airflow/example_dags/tutorial_dag.py
[2025-07-01T22:29:24.235+0000] {processor.py:914} INFO - Processing file /home/airflow/.local/lib/python3.12/site-packages/airflow/example_dags/tutorial_dag.py for tasks to queue
[2025-07-01T22:29:24.238+0000] {logging_mixin.py:190} INFO - [2025-07-01T22:29:24.238+0000] {dagbag.py:588} INFO - Filling up the DagBag from /home/airflow/.local/lib/python3.12/site-packages/airflow/example_dags/tutorial_dag.py
[2025-07-01T22:29:24.246+0000] {processor.py:925} INFO - DAG(s) 'tutorial_dag' retrieved from /home/airflow/.local/lib/python3.12/site-packages/airflow/example_dags/tutorial_dag.py
[2025-07-01T22:29:24.264+0000] {logging_mixin.py:190} INFO - [2025-07-01T22:29:24.264+0000] {dag.py:3239} INFO - Sync 1 DAGs
[2025-07-01T22:29:24.277+0000] {logging_mixin.py:190} INFO - [2025-07-01T22:29:24.276+0000] {dag.py:4180} INFO - Setting next_dagrun for tutorial_dag to None, run_after=None
[2025-07-01T22:29:24.295+0000] {processor.py:208} INFO - Processing /home/airflow/.local/lib/python3.12/site-packages/airflow/example_dags/tutorial_dag.py took 0.069 seconds
[2025-07-01T22:29:54.981+0000] {processor.py:186} INFO - Started process (PID=9169) to work on /home/airflow/.local/lib/python3.12/site-packages/airflow/example_dags/tutorial_dag.py
[2025-07-01T22:29:54.982+0000] {processor.py:914} INFO - Processing file /home/airflow/.local/lib/python3.12/site-packages/airflow/example_dags/tutorial_dag.py for tasks to queue
[2025-07-01T22:29:54.985+0000] {logging_mixin.py:190} INFO - [2025-07-01T22:29:54.984+0000] {dagbag.py:588} INFO - Filling up the DagBag from /home/airflow/.local/lib/python3.12/site-packages/airflow/example_dags/tutorial_dag.py
[2025-07-01T22:29:54.992+0000] {processor.py:925} INFO - DAG(s) 'tutorial_dag' retrieved from /home/airflow/.local/lib/python3.12/site-packages/airflow/example_dags/tutorial_dag.py
[2025-07-01T22:29:55.014+0000] {logging_mixin.py:190} INFO - [2025-07-01T22:29:55.013+0000] {dag.py:3239} INFO - Sync 1 DAGs
[2025-07-01T22:29:55.029+0000] {logging_mixin.py:190} INFO - [2025-07-01T22:29:55.028+0000] {dag.py:4180} INFO - Setting next_dagrun for tutorial_dag to None, run_after=None
[2025-07-01T22:29:55.051+0000] {processor.py:208} INFO - Processing /home/airflow/.local/lib/python3.12/site-packages/airflow/example_dags/tutorial_dag.py took 0.079 seconds
[2025-07-01T22:30:25.685+0000] {processor.py:186} INFO - Started process (PID=9233) to work on /home/airflow/.local/lib/python3.12/site-packages/airflow/example_dags/tutorial_dag.py
[2025-07-01T22:30:25.686+0000] {processor.py:914} INFO - Processing file /home/airflow/.local/lib/python3.12/site-packages/airflow/example_dags/tutorial_dag.py for tasks to queue
[2025-07-01T22:30:25.688+0000] {logging_mixin.py:190} INFO - [2025-07-01T22:30:25.688+0000] {dagbag.py:588} INFO - Filling up the DagBag from /home/airflow/.local/lib/python3.12/site-packages/airflow/example_dags/tutorial_dag.py
[2025-07-01T22:30:25.695+0000] {processor.py:925} INFO - DAG(s) 'tutorial_dag' retrieved from /home/airflow/.local/lib/python3.12/site-packages/airflow/example_dags/tutorial_dag.py
[2025-07-01T22:30:25.714+0000] {logging_mixin.py:190} INFO - [2025-07-01T22:30:25.714+0000] {dag.py:3239} INFO - Sync 1 DAGs
[2025-07-01T22:30:25.727+0000] {logging_mixin.py:190} INFO - [2025-07-01T22:30:25.727+0000] {dag.py:4180} INFO - Setting next_dagrun for tutorial_dag to None, run_after=None
[2025-07-01T22:30:25.745+0000] {processor.py:208} INFO - Processing /home/airflow/.local/lib/python3.12/site-packages/airflow/example_dags/tutorial_dag.py took 0.069 seconds
[2025-07-01T22:30:56.335+0000] {processor.py:186} INFO - Started process (PID=9297) to work on /home/airflow/.local/lib/python3.12/site-packages/airflow/example_dags/tutorial_dag.py
[2025-07-01T22:30:56.336+0000] {processor.py:914} INFO - Processing file /home/airflow/.local/lib/python3.12/site-packages/airflow/example_dags/tutorial_dag.py for tasks to queue
[2025-07-01T22:30:56.339+0000] {logging_mixin.py:190} INFO - [2025-07-01T22:30:56.338+0000] {dagbag.py:588} INFO - Filling up the DagBag from /home/airflow/.local/lib/python3.12/site-packages/airflow/example_dags/tutorial_dag.py
[2025-07-01T22:30:56.346+0000] {processor.py:925} INFO - DAG(s) 'tutorial_dag' retrieved from /home/airflow/.local/lib/python3.12/site-packages/airflow/example_dags/tutorial_dag.py
[2025-07-01T22:30:56.365+0000] {logging_mixin.py:190} INFO - [2025-07-01T22:30:56.365+0000] {dag.py:3239} INFO - Sync 1 DAGs
[2025-07-01T22:30:56.378+0000] {logging_mixin.py:190} INFO - [2025-07-01T22:30:56.377+0000] {dag.py:4180} INFO - Setting next_dagrun for tutorial_dag to None, run_after=None
[2025-07-01T22:30:56.399+0000] {processor.py:208} INFO - Processing /home/airflow/.local/lib/python3.12/site-packages/airflow/example_dags/tutorial_dag.py took 0.074 seconds
[2025-07-01T22:31:27.232+0000] {processor.py:186} INFO - Started process (PID=9367) to work on /home/airflow/.local/lib/python3.12/site-packages/airflow/example_dags/tutorial_dag.py
[2025-07-01T22:31:27.233+0000] {processor.py:914} INFO - Processing file /home/airflow/.local/lib/python3.12/site-packages/airflow/example_dags/tutorial_dag.py for tasks to queue
[2025-07-01T22:31:27.235+0000] {logging_mixin.py:190} INFO - [2025-07-01T22:31:27.235+0000] {dagbag.py:588} INFO - Filling up the DagBag from /home/airflow/.local/lib/python3.12/site-packages/airflow/example_dags/tutorial_dag.py
[2025-07-01T22:31:27.244+0000] {processor.py:925} INFO - DAG(s) 'tutorial_dag' retrieved from /home/airflow/.local/lib/python3.12/site-packages/airflow/example_dags/tutorial_dag.py
[2025-07-01T22:31:27.260+0000] {logging_mixin.py:190} INFO - [2025-07-01T22:31:27.260+0000] {dag.py:3239} INFO - Sync 1 DAGs
[2025-07-01T22:31:27.274+0000] {logging_mixin.py:190} INFO - [2025-07-01T22:31:27.274+0000] {dag.py:4180} INFO - Setting next_dagrun for tutorial_dag to None, run_after=None
[2025-07-01T22:31:27.292+0000] {processor.py:208} INFO - Processing /home/airflow/.local/lib/python3.12/site-packages/airflow/example_dags/tutorial_dag.py took 0.068 seconds
[2025-07-01T22:31:58.441+0000] {processor.py:186} INFO - Started process (PID=9431) to work on /home/airflow/.local/lib/python3.12/site-packages/airflow/example_dags/tutorial_dag.py
[2025-07-01T22:31:58.442+0000] {processor.py:914} INFO - Processing file /home/airflow/.local/lib/python3.12/site-packages/airflow/example_dags/tutorial_dag.py for tasks to queue
[2025-07-01T22:31:58.445+0000] {logging_mixin.py:190} INFO - [2025-07-01T22:31:58.445+0000] {dagbag.py:588} INFO - Filling up the DagBag from /home/airflow/.local/lib/python3.12/site-packages/airflow/example_dags/tutorial_dag.py
[2025-07-01T22:31:58.452+0000] {processor.py:925} INFO - DAG(s) 'tutorial_dag' retrieved from /home/airflow/.local/lib/python3.12/site-packages/airflow/example_dags/tutorial_dag.py
[2025-07-01T22:31:58.470+0000] {logging_mixin.py:190} INFO - [2025-07-01T22:31:58.470+0000] {dag.py:3239} INFO - Sync 1 DAGs
[2025-07-01T22:31:58.483+0000] {logging_mixin.py:190} INFO - [2025-07-01T22:31:58.483+0000] {dag.py:4180} INFO - Setting next_dagrun for tutorial_dag to None, run_after=None
[2025-07-01T22:31:58.503+0000] {processor.py:208} INFO - Processing /home/airflow/.local/lib/python3.12/site-packages/airflow/example_dags/tutorial_dag.py took 0.070 seconds
[2025-07-01T22:32:28.916+0000] {processor.py:186} INFO - Started process (PID=9513) to work on /home/airflow/.local/lib/python3.12/site-packages/airflow/example_dags/tutorial_dag.py
[2025-07-01T22:32:28.917+0000] {processor.py:914} INFO - Processing file /home/airflow/.local/lib/python3.12/site-packages/airflow/example_dags/tutorial_dag.py for tasks to queue
[2025-07-01T22:32:28.919+0000] {logging_mixin.py:190} INFO - [2025-07-01T22:32:28.919+0000] {dagbag.py:588} INFO - Filling up the DagBag from /home/airflow/.local/lib/python3.12/site-packages/airflow/example_dags/tutorial_dag.py
[2025-07-01T22:32:28.927+0000] {processor.py:925} INFO - DAG(s) 'tutorial_dag' retrieved from /home/airflow/.local/lib/python3.12/site-packages/airflow/example_dags/tutorial_dag.py
[2025-07-01T22:32:28.944+0000] {logging_mixin.py:190} INFO - [2025-07-01T22:32:28.944+0000] {dag.py:3239} INFO - Sync 1 DAGs
[2025-07-01T22:32:28.956+0000] {logging_mixin.py:190} INFO - [2025-07-01T22:32:28.956+0000] {dag.py:4180} INFO - Setting next_dagrun for tutorial_dag to None, run_after=None
[2025-07-01T22:32:28.976+0000] {processor.py:208} INFO - Processing /home/airflow/.local/lib/python3.12/site-packages/airflow/example_dags/tutorial_dag.py took 0.069 seconds
[2025-07-01T22:33:18.592+0000] {processor.py:186} INFO - Started process (PID=95) to work on /home/airflow/.local/lib/python3.12/site-packages/airflow/example_dags/tutorial_dag.py
[2025-07-01T22:33:18.593+0000] {processor.py:914} INFO - Processing file /home/airflow/.local/lib/python3.12/site-packages/airflow/example_dags/tutorial_dag.py for tasks to queue
[2025-07-01T22:33:18.596+0000] {logging_mixin.py:190} INFO - [2025-07-01T22:33:18.595+0000] {dagbag.py:588} INFO - Filling up the DagBag from /home/airflow/.local/lib/python3.12/site-packages/airflow/example_dags/tutorial_dag.py
[2025-07-01T22:33:18.604+0000] {processor.py:925} INFO - DAG(s) 'tutorial_dag' retrieved from /home/airflow/.local/lib/python3.12/site-packages/airflow/example_dags/tutorial_dag.py
[2025-07-01T22:33:18.623+0000] {logging_mixin.py:190} INFO - [2025-07-01T22:33:18.623+0000] {dag.py:3239} INFO - Sync 1 DAGs
[2025-07-01T22:33:18.637+0000] {logging_mixin.py:190} INFO - [2025-07-01T22:33:18.637+0000] {dag.py:4180} INFO - Setting next_dagrun for tutorial_dag to None, run_after=None
[2025-07-01T22:33:18.660+0000] {processor.py:208} INFO - Processing /home/airflow/.local/lib/python3.12/site-packages/airflow/example_dags/tutorial_dag.py took 0.073 seconds
[2025-07-01T22:33:49.181+0000] {processor.py:186} INFO - Started process (PID=159) to work on /home/airflow/.local/lib/python3.12/site-packages/airflow/example_dags/tutorial_dag.py
[2025-07-01T22:33:49.182+0000] {processor.py:914} INFO - Processing file /home/airflow/.local/lib/python3.12/site-packages/airflow/example_dags/tutorial_dag.py for tasks to queue
[2025-07-01T22:33:49.185+0000] {logging_mixin.py:190} INFO - [2025-07-01T22:33:49.184+0000] {dagbag.py:588} INFO - Filling up the DagBag from /home/airflow/.local/lib/python3.12/site-packages/airflow/example_dags/tutorial_dag.py
[2025-07-01T22:33:49.191+0000] {processor.py:925} INFO - DAG(s) 'tutorial_dag' retrieved from /home/airflow/.local/lib/python3.12/site-packages/airflow/example_dags/tutorial_dag.py
[2025-07-01T22:33:49.208+0000] {logging_mixin.py:190} INFO - [2025-07-01T22:33:49.208+0000] {dag.py:3239} INFO - Sync 1 DAGs
[2025-07-01T22:33:49.222+0000] {logging_mixin.py:190} INFO - [2025-07-01T22:33:49.222+0000] {dag.py:4180} INFO - Setting next_dagrun for tutorial_dag to None, run_after=None
[2025-07-01T22:33:49.246+0000] {processor.py:208} INFO - Processing /home/airflow/.local/lib/python3.12/site-packages/airflow/example_dags/tutorial_dag.py took 0.069 seconds
[2025-07-01T22:34:19.427+0000] {processor.py:186} INFO - Started process (PID=231) to work on /home/airflow/.local/lib/python3.12/site-packages/airflow/example_dags/tutorial_dag.py
[2025-07-01T22:34:19.428+0000] {processor.py:914} INFO - Processing file /home/airflow/.local/lib/python3.12/site-packages/airflow/example_dags/tutorial_dag.py for tasks to queue
[2025-07-01T22:34:19.430+0000] {logging_mixin.py:190} INFO - [2025-07-01T22:34:19.430+0000] {dagbag.py:588} INFO - Filling up the DagBag from /home/airflow/.local/lib/python3.12/site-packages/airflow/example_dags/tutorial_dag.py
[2025-07-01T22:34:19.437+0000] {processor.py:925} INFO - DAG(s) 'tutorial_dag' retrieved from /home/airflow/.local/lib/python3.12/site-packages/airflow/example_dags/tutorial_dag.py
[2025-07-01T22:34:19.454+0000] {logging_mixin.py:190} INFO - [2025-07-01T22:34:19.454+0000] {dag.py:3239} INFO - Sync 1 DAGs
[2025-07-01T22:34:19.467+0000] {logging_mixin.py:190} INFO - [2025-07-01T22:34:19.467+0000] {dag.py:4180} INFO - Setting next_dagrun for tutorial_dag to None, run_after=None
[2025-07-01T22:34:19.486+0000] {processor.py:208} INFO - Processing /home/airflow/.local/lib/python3.12/site-packages/airflow/example_dags/tutorial_dag.py took 0.064 seconds
[2025-07-01T22:34:50.211+0000] {processor.py:186} INFO - Started process (PID=295) to work on /home/airflow/.local/lib/python3.12/site-packages/airflow/example_dags/tutorial_dag.py
[2025-07-01T22:34:50.212+0000] {processor.py:914} INFO - Processing file /home/airflow/.local/lib/python3.12/site-packages/airflow/example_dags/tutorial_dag.py for tasks to queue
[2025-07-01T22:34:50.215+0000] {logging_mixin.py:190} INFO - [2025-07-01T22:34:50.214+0000] {dagbag.py:588} INFO - Filling up the DagBag from /home/airflow/.local/lib/python3.12/site-packages/airflow/example_dags/tutorial_dag.py
[2025-07-01T22:34:50.221+0000] {processor.py:925} INFO - DAG(s) 'tutorial_dag' retrieved from /home/airflow/.local/lib/python3.12/site-packages/airflow/example_dags/tutorial_dag.py
[2025-07-01T22:34:50.238+0000] {logging_mixin.py:190} INFO - [2025-07-01T22:34:50.237+0000] {dag.py:3239} INFO - Sync 1 DAGs
[2025-07-01T22:34:50.249+0000] {logging_mixin.py:190} INFO - [2025-07-01T22:34:50.248+0000] {dag.py:4180} INFO - Setting next_dagrun for tutorial_dag to None, run_after=None
[2025-07-01T22:34:50.267+0000] {processor.py:208} INFO - Processing /home/airflow/.local/lib/python3.12/site-packages/airflow/example_dags/tutorial_dag.py took 0.060 seconds
[2025-07-01T22:35:21.220+0000] {processor.py:186} INFO - Started process (PID=359) to work on /home/airflow/.local/lib/python3.12/site-packages/airflow/example_dags/tutorial_dag.py
[2025-07-01T22:35:21.221+0000] {processor.py:914} INFO - Processing file /home/airflow/.local/lib/python3.12/site-packages/airflow/example_dags/tutorial_dag.py for tasks to queue
[2025-07-01T22:35:21.224+0000] {logging_mixin.py:190} INFO - [2025-07-01T22:35:21.224+0000] {dagbag.py:588} INFO - Filling up the DagBag from /home/airflow/.local/lib/python3.12/site-packages/airflow/example_dags/tutorial_dag.py
[2025-07-01T22:35:21.232+0000] {processor.py:925} INFO - DAG(s) 'tutorial_dag' retrieved from /home/airflow/.local/lib/python3.12/site-packages/airflow/example_dags/tutorial_dag.py
[2025-07-01T22:35:21.252+0000] {logging_mixin.py:190} INFO - [2025-07-01T22:35:21.252+0000] {dag.py:3239} INFO - Sync 1 DAGs
[2025-07-01T22:35:21.273+0000] {logging_mixin.py:190} INFO - [2025-07-01T22:35:21.273+0000] {dag.py:4180} INFO - Setting next_dagrun for tutorial_dag to None, run_after=None
[2025-07-01T22:35:21.296+0000] {processor.py:208} INFO - Processing /home/airflow/.local/lib/python3.12/site-packages/airflow/example_dags/tutorial_dag.py took 0.084 seconds
[2025-07-01T22:35:52.192+0000] {processor.py:186} INFO - Started process (PID=431) to work on /home/airflow/.local/lib/python3.12/site-packages/airflow/example_dags/tutorial_dag.py
[2025-07-01T22:35:52.194+0000] {processor.py:914} INFO - Processing file /home/airflow/.local/lib/python3.12/site-packages/airflow/example_dags/tutorial_dag.py for tasks to queue
[2025-07-01T22:35:52.196+0000] {logging_mixin.py:190} INFO - [2025-07-01T22:35:52.196+0000] {dagbag.py:588} INFO - Filling up the DagBag from /home/airflow/.local/lib/python3.12/site-packages/airflow/example_dags/tutorial_dag.py
[2025-07-01T22:35:52.204+0000] {processor.py:925} INFO - DAG(s) 'tutorial_dag' retrieved from /home/airflow/.local/lib/python3.12/site-packages/airflow/example_dags/tutorial_dag.py
[2025-07-01T22:35:52.223+0000] {logging_mixin.py:190} INFO - [2025-07-01T22:35:52.222+0000] {dag.py:3239} INFO - Sync 1 DAGs
[2025-07-01T22:35:52.236+0000] {logging_mixin.py:190} INFO - [2025-07-01T22:35:52.236+0000] {dag.py:4180} INFO - Setting next_dagrun for tutorial_dag to None, run_after=None
[2025-07-01T22:35:52.258+0000] {processor.py:208} INFO - Processing /home/airflow/.local/lib/python3.12/site-packages/airflow/example_dags/tutorial_dag.py took 0.070 seconds
[2025-07-01T22:36:23.025+0000] {processor.py:186} INFO - Started process (PID=495) to work on /home/airflow/.local/lib/python3.12/site-packages/airflow/example_dags/tutorial_dag.py
[2025-07-01T22:36:23.026+0000] {processor.py:914} INFO - Processing file /home/airflow/.local/lib/python3.12/site-packages/airflow/example_dags/tutorial_dag.py for tasks to queue
[2025-07-01T22:36:23.029+0000] {logging_mixin.py:190} INFO - [2025-07-01T22:36:23.028+0000] {dagbag.py:588} INFO - Filling up the DagBag from /home/airflow/.local/lib/python3.12/site-packages/airflow/example_dags/tutorial_dag.py
[2025-07-01T22:36:23.037+0000] {processor.py:925} INFO - DAG(s) 'tutorial_dag' retrieved from /home/airflow/.local/lib/python3.12/site-packages/airflow/example_dags/tutorial_dag.py
[2025-07-01T22:36:23.058+0000] {logging_mixin.py:190} INFO - [2025-07-01T22:36:23.058+0000] {dag.py:3239} INFO - Sync 1 DAGs
[2025-07-01T22:36:23.071+0000] {logging_mixin.py:190} INFO - [2025-07-01T22:36:23.070+0000] {dag.py:4180} INFO - Setting next_dagrun for tutorial_dag to None, run_after=None
[2025-07-01T22:36:23.090+0000] {processor.py:208} INFO - Processing /home/airflow/.local/lib/python3.12/site-packages/airflow/example_dags/tutorial_dag.py took 0.071 seconds
[2025-07-01T22:36:54.020+0000] {processor.py:186} INFO - Started process (PID=559) to work on /home/airflow/.local/lib/python3.12/site-packages/airflow/example_dags/tutorial_dag.py
[2025-07-01T22:36:54.021+0000] {processor.py:914} INFO - Processing file /home/airflow/.local/lib/python3.12/site-packages/airflow/example_dags/tutorial_dag.py for tasks to queue
[2025-07-01T22:36:54.023+0000] {logging_mixin.py:190} INFO - [2025-07-01T22:36:54.023+0000] {dagbag.py:588} INFO - Filling up the DagBag from /home/airflow/.local/lib/python3.12/site-packages/airflow/example_dags/tutorial_dag.py
[2025-07-01T22:36:54.030+0000] {processor.py:925} INFO - DAG(s) 'tutorial_dag' retrieved from /home/airflow/.local/lib/python3.12/site-packages/airflow/example_dags/tutorial_dag.py
[2025-07-01T22:36:54.047+0000] {logging_mixin.py:190} INFO - [2025-07-01T22:36:54.047+0000] {dag.py:3239} INFO - Sync 1 DAGs
[2025-07-01T22:36:54.060+0000] {logging_mixin.py:190} INFO - [2025-07-01T22:36:54.059+0000] {dag.py:4180} INFO - Setting next_dagrun for tutorial_dag to None, run_after=None
[2025-07-01T22:36:54.079+0000] {processor.py:208} INFO - Processing /home/airflow/.local/lib/python3.12/site-packages/airflow/example_dags/tutorial_dag.py took 0.065 seconds
[2025-07-01T22:37:24.810+0000] {processor.py:186} INFO - Started process (PID=623) to work on /home/airflow/.local/lib/python3.12/site-packages/airflow/example_dags/tutorial_dag.py
[2025-07-01T22:37:24.811+0000] {processor.py:914} INFO - Processing file /home/airflow/.local/lib/python3.12/site-packages/airflow/example_dags/tutorial_dag.py for tasks to queue
[2025-07-01T22:37:24.814+0000] {logging_mixin.py:190} INFO - [2025-07-01T22:37:24.813+0000] {dagbag.py:588} INFO - Filling up the DagBag from /home/airflow/.local/lib/python3.12/site-packages/airflow/example_dags/tutorial_dag.py
[2025-07-01T22:37:24.821+0000] {processor.py:925} INFO - DAG(s) 'tutorial_dag' retrieved from /home/airflow/.local/lib/python3.12/site-packages/airflow/example_dags/tutorial_dag.py
[2025-07-01T22:37:24.841+0000] {logging_mixin.py:190} INFO - [2025-07-01T22:37:24.840+0000] {dag.py:3239} INFO - Sync 1 DAGs
[2025-07-01T22:37:24.854+0000] {logging_mixin.py:190} INFO - [2025-07-01T22:37:24.854+0000] {dag.py:4180} INFO - Setting next_dagrun for tutorial_dag to None, run_after=None
[2025-07-01T22:37:24.874+0000] {processor.py:208} INFO - Processing /home/airflow/.local/lib/python3.12/site-packages/airflow/example_dags/tutorial_dag.py took 0.070 seconds
[2025-07-01T22:37:55.944+0000] {processor.py:186} INFO - Started process (PID=687) to work on /home/airflow/.local/lib/python3.12/site-packages/airflow/example_dags/tutorial_dag.py
[2025-07-01T22:37:55.945+0000] {processor.py:914} INFO - Processing file /home/airflow/.local/lib/python3.12/site-packages/airflow/example_dags/tutorial_dag.py for tasks to queue
[2025-07-01T22:37:55.949+0000] {logging_mixin.py:190} INFO - [2025-07-01T22:37:55.948+0000] {dagbag.py:588} INFO - Filling up the DagBag from /home/airflow/.local/lib/python3.12/site-packages/airflow/example_dags/tutorial_dag.py
[2025-07-01T22:37:55.958+0000] {processor.py:925} INFO - DAG(s) 'tutorial_dag' retrieved from /home/airflow/.local/lib/python3.12/site-packages/airflow/example_dags/tutorial_dag.py
[2025-07-01T22:37:55.982+0000] {logging_mixin.py:190} INFO - [2025-07-01T22:37:55.981+0000] {dag.py:3239} INFO - Sync 1 DAGs
[2025-07-01T22:37:56.002+0000] {logging_mixin.py:190} INFO - [2025-07-01T22:37:56.002+0000] {dag.py:4180} INFO - Setting next_dagrun for tutorial_dag to None, run_after=None
[2025-07-01T22:37:56.028+0000] {processor.py:208} INFO - Processing /home/airflow/.local/lib/python3.12/site-packages/airflow/example_dags/tutorial_dag.py took 0.092 seconds
[2025-07-01T22:38:26.457+0000] {processor.py:186} INFO - Started process (PID=751) to work on /home/airflow/.local/lib/python3.12/site-packages/airflow/example_dags/tutorial_dag.py
[2025-07-01T22:38:26.458+0000] {processor.py:914} INFO - Processing file /home/airflow/.local/lib/python3.12/site-packages/airflow/example_dags/tutorial_dag.py for tasks to queue
[2025-07-01T22:38:26.460+0000] {logging_mixin.py:190} INFO - [2025-07-01T22:38:26.460+0000] {dagbag.py:588} INFO - Filling up the DagBag from /home/airflow/.local/lib/python3.12/site-packages/airflow/example_dags/tutorial_dag.py
[2025-07-01T22:38:26.467+0000] {processor.py:925} INFO - DAG(s) 'tutorial_dag' retrieved from /home/airflow/.local/lib/python3.12/site-packages/airflow/example_dags/tutorial_dag.py
[2025-07-01T22:38:26.487+0000] {logging_mixin.py:190} INFO - [2025-07-01T22:38:26.487+0000] {dag.py:3239} INFO - Sync 1 DAGs
[2025-07-01T22:38:26.500+0000] {logging_mixin.py:190} INFO - [2025-07-01T22:38:26.500+0000] {dag.py:4180} INFO - Setting next_dagrun for tutorial_dag to None, run_after=None
[2025-07-01T22:38:26.520+0000] {processor.py:208} INFO - Processing /home/airflow/.local/lib/python3.12/site-packages/airflow/example_dags/tutorial_dag.py took 0.068 seconds
[2025-07-01T22:38:57.241+0000] {processor.py:186} INFO - Started process (PID=815) to work on /home/airflow/.local/lib/python3.12/site-packages/airflow/example_dags/tutorial_dag.py
[2025-07-01T22:38:57.242+0000] {processor.py:914} INFO - Processing file /home/airflow/.local/lib/python3.12/site-packages/airflow/example_dags/tutorial_dag.py for tasks to queue
[2025-07-01T22:38:57.244+0000] {logging_mixin.py:190} INFO - [2025-07-01T22:38:57.244+0000] {dagbag.py:588} INFO - Filling up the DagBag from /home/airflow/.local/lib/python3.12/site-packages/airflow/example_dags/tutorial_dag.py
[2025-07-01T22:38:57.251+0000] {processor.py:925} INFO - DAG(s) 'tutorial_dag' retrieved from /home/airflow/.local/lib/python3.12/site-packages/airflow/example_dags/tutorial_dag.py
[2025-07-01T22:38:57.268+0000] {logging_mixin.py:190} INFO - [2025-07-01T22:38:57.267+0000] {dag.py:3239} INFO - Sync 1 DAGs
[2025-07-01T22:38:57.280+0000] {logging_mixin.py:190} INFO - [2025-07-01T22:38:57.279+0000] {dag.py:4180} INFO - Setting next_dagrun for tutorial_dag to None, run_after=None
[2025-07-01T22:38:57.297+0000] {processor.py:208} INFO - Processing /home/airflow/.local/lib/python3.12/site-packages/airflow/example_dags/tutorial_dag.py took 0.060 seconds
[2025-07-01T22:39:27.569+0000] {processor.py:186} INFO - Started process (PID=879) to work on /home/airflow/.local/lib/python3.12/site-packages/airflow/example_dags/tutorial_dag.py
[2025-07-01T22:39:27.570+0000] {processor.py:914} INFO - Processing file /home/airflow/.local/lib/python3.12/site-packages/airflow/example_dags/tutorial_dag.py for tasks to queue
[2025-07-01T22:39:27.572+0000] {logging_mixin.py:190} INFO - [2025-07-01T22:39:27.572+0000] {dagbag.py:588} INFO - Filling up the DagBag from /home/airflow/.local/lib/python3.12/site-packages/airflow/example_dags/tutorial_dag.py
[2025-07-01T22:39:27.579+0000] {processor.py:925} INFO - DAG(s) 'tutorial_dag' retrieved from /home/airflow/.local/lib/python3.12/site-packages/airflow/example_dags/tutorial_dag.py
[2025-07-01T22:39:27.595+0000] {logging_mixin.py:190} INFO - [2025-07-01T22:39:27.595+0000] {dag.py:3239} INFO - Sync 1 DAGs
[2025-07-01T22:39:27.606+0000] {logging_mixin.py:190} INFO - [2025-07-01T22:39:27.606+0000] {dag.py:4180} INFO - Setting next_dagrun for tutorial_dag to None, run_after=None
[2025-07-01T22:39:27.625+0000] {processor.py:208} INFO - Processing /home/airflow/.local/lib/python3.12/site-packages/airflow/example_dags/tutorial_dag.py took 0.061 seconds
[2025-07-01T22:39:58.768+0000] {processor.py:186} INFO - Started process (PID=943) to work on /home/airflow/.local/lib/python3.12/site-packages/airflow/example_dags/tutorial_dag.py
[2025-07-01T22:39:58.770+0000] {processor.py:914} INFO - Processing file /home/airflow/.local/lib/python3.12/site-packages/airflow/example_dags/tutorial_dag.py for tasks to queue
[2025-07-01T22:39:58.774+0000] {logging_mixin.py:190} INFO - [2025-07-01T22:39:58.773+0000] {dagbag.py:588} INFO - Filling up the DagBag from /home/airflow/.local/lib/python3.12/site-packages/airflow/example_dags/tutorial_dag.py
[2025-07-01T22:39:58.785+0000] {processor.py:925} INFO - DAG(s) 'tutorial_dag' retrieved from /home/airflow/.local/lib/python3.12/site-packages/airflow/example_dags/tutorial_dag.py
[2025-07-01T22:39:58.812+0000] {logging_mixin.py:190} INFO - [2025-07-01T22:39:58.811+0000] {dag.py:3239} INFO - Sync 1 DAGs
[2025-07-01T22:39:58.832+0000] {logging_mixin.py:190} INFO - [2025-07-01T22:39:58.831+0000] {dag.py:4180} INFO - Setting next_dagrun for tutorial_dag to None, run_after=None
[2025-07-01T22:39:58.866+0000] {processor.py:208} INFO - Processing /home/airflow/.local/lib/python3.12/site-packages/airflow/example_dags/tutorial_dag.py took 0.105 seconds
[2025-07-01T22:40:28.988+0000] {processor.py:186} INFO - Started process (PID=1007) to work on /home/airflow/.local/lib/python3.12/site-packages/airflow/example_dags/tutorial_dag.py
[2025-07-01T22:40:28.989+0000] {processor.py:914} INFO - Processing file /home/airflow/.local/lib/python3.12/site-packages/airflow/example_dags/tutorial_dag.py for tasks to queue
[2025-07-01T22:40:28.992+0000] {logging_mixin.py:190} INFO - [2025-07-01T22:40:28.991+0000] {dagbag.py:588} INFO - Filling up the DagBag from /home/airflow/.local/lib/python3.12/site-packages/airflow/example_dags/tutorial_dag.py
[2025-07-01T22:40:28.998+0000] {processor.py:925} INFO - DAG(s) 'tutorial_dag' retrieved from /home/airflow/.local/lib/python3.12/site-packages/airflow/example_dags/tutorial_dag.py
[2025-07-01T22:40:29.015+0000] {logging_mixin.py:190} INFO - [2025-07-01T22:40:29.015+0000] {dag.py:3239} INFO - Sync 1 DAGs
[2025-07-01T22:40:29.028+0000] {logging_mixin.py:190} INFO - [2025-07-01T22:40:29.028+0000] {dag.py:4180} INFO - Setting next_dagrun for tutorial_dag to None, run_after=None
[2025-07-01T22:40:29.047+0000] {processor.py:208} INFO - Processing /home/airflow/.local/lib/python3.12/site-packages/airflow/example_dags/tutorial_dag.py took 0.066 seconds
[2025-07-01T22:40:59.441+0000] {processor.py:186} INFO - Started process (PID=1071) to work on /home/airflow/.local/lib/python3.12/site-packages/airflow/example_dags/tutorial_dag.py
[2025-07-01T22:40:59.442+0000] {processor.py:914} INFO - Processing file /home/airflow/.local/lib/python3.12/site-packages/airflow/example_dags/tutorial_dag.py for tasks to queue
[2025-07-01T22:40:59.444+0000] {logging_mixin.py:190} INFO - [2025-07-01T22:40:59.444+0000] {dagbag.py:588} INFO - Filling up the DagBag from /home/airflow/.local/lib/python3.12/site-packages/airflow/example_dags/tutorial_dag.py
[2025-07-01T22:40:59.451+0000] {processor.py:925} INFO - DAG(s) 'tutorial_dag' retrieved from /home/airflow/.local/lib/python3.12/site-packages/airflow/example_dags/tutorial_dag.py
[2025-07-01T22:40:59.469+0000] {logging_mixin.py:190} INFO - [2025-07-01T22:40:59.469+0000] {dag.py:3239} INFO - Sync 1 DAGs
[2025-07-01T22:40:59.493+0000] {logging_mixin.py:190} INFO - [2025-07-01T22:40:59.493+0000] {dag.py:4180} INFO - Setting next_dagrun for tutorial_dag to None, run_after=None
[2025-07-01T22:40:59.524+0000] {processor.py:208} INFO - Processing /home/airflow/.local/lib/python3.12/site-packages/airflow/example_dags/tutorial_dag.py took 0.088 seconds
[2025-07-01T22:41:30.141+0000] {processor.py:186} INFO - Started process (PID=1135) to work on /home/airflow/.local/lib/python3.12/site-packages/airflow/example_dags/tutorial_dag.py
[2025-07-01T22:41:30.142+0000] {processor.py:914} INFO - Processing file /home/airflow/.local/lib/python3.12/site-packages/airflow/example_dags/tutorial_dag.py for tasks to queue
[2025-07-01T22:41:30.144+0000] {logging_mixin.py:190} INFO - [2025-07-01T22:41:30.144+0000] {dagbag.py:588} INFO - Filling up the DagBag from /home/airflow/.local/lib/python3.12/site-packages/airflow/example_dags/tutorial_dag.py
[2025-07-01T22:41:30.150+0000] {processor.py:925} INFO - DAG(s) 'tutorial_dag' retrieved from /home/airflow/.local/lib/python3.12/site-packages/airflow/example_dags/tutorial_dag.py
[2025-07-01T22:41:30.168+0000] {logging_mixin.py:190} INFO - [2025-07-01T22:41:30.168+0000] {dag.py:3239} INFO - Sync 1 DAGs
[2025-07-01T22:41:30.180+0000] {logging_mixin.py:190} INFO - [2025-07-01T22:41:30.180+0000] {dag.py:4180} INFO - Setting next_dagrun for tutorial_dag to None, run_after=None
[2025-07-01T22:41:30.198+0000] {processor.py:208} INFO - Processing /home/airflow/.local/lib/python3.12/site-packages/airflow/example_dags/tutorial_dag.py took 0.062 seconds
[2025-07-01T22:42:01.027+0000] {processor.py:186} INFO - Started process (PID=1199) to work on /home/airflow/.local/lib/python3.12/site-packages/airflow/example_dags/tutorial_dag.py
[2025-07-01T22:42:01.028+0000] {processor.py:914} INFO - Processing file /home/airflow/.local/lib/python3.12/site-packages/airflow/example_dags/tutorial_dag.py for tasks to queue
[2025-07-01T22:42:01.030+0000] {logging_mixin.py:190} INFO - [2025-07-01T22:42:01.030+0000] {dagbag.py:588} INFO - Filling up the DagBag from /home/airflow/.local/lib/python3.12/site-packages/airflow/example_dags/tutorial_dag.py
[2025-07-01T22:42:01.037+0000] {processor.py:925} INFO - DAG(s) 'tutorial_dag' retrieved from /home/airflow/.local/lib/python3.12/site-packages/airflow/example_dags/tutorial_dag.py
[2025-07-01T22:42:01.061+0000] {logging_mixin.py:190} INFO - [2025-07-01T22:42:01.061+0000] {dag.py:3239} INFO - Sync 1 DAGs
[2025-07-01T22:42:01.076+0000] {logging_mixin.py:190} INFO - [2025-07-01T22:42:01.075+0000] {dag.py:4180} INFO - Setting next_dagrun for tutorial_dag to None, run_after=None
[2025-07-01T22:42:01.096+0000] {processor.py:208} INFO - Processing /home/airflow/.local/lib/python3.12/site-packages/airflow/example_dags/tutorial_dag.py took 0.076 seconds
[2025-07-01T22:42:31.757+0000] {processor.py:186} INFO - Started process (PID=1263) to work on /home/airflow/.local/lib/python3.12/site-packages/airflow/example_dags/tutorial_dag.py
[2025-07-01T22:42:31.758+0000] {processor.py:914} INFO - Processing file /home/airflow/.local/lib/python3.12/site-packages/airflow/example_dags/tutorial_dag.py for tasks to queue
[2025-07-01T22:42:31.760+0000] {logging_mixin.py:190} INFO - [2025-07-01T22:42:31.760+0000] {dagbag.py:588} INFO - Filling up the DagBag from /home/airflow/.local/lib/python3.12/site-packages/airflow/example_dags/tutorial_dag.py
[2025-07-01T22:42:31.767+0000] {processor.py:925} INFO - DAG(s) 'tutorial_dag' retrieved from /home/airflow/.local/lib/python3.12/site-packages/airflow/example_dags/tutorial_dag.py
[2025-07-01T22:42:31.786+0000] {logging_mixin.py:190} INFO - [2025-07-01T22:42:31.786+0000] {dag.py:3239} INFO - Sync 1 DAGs
[2025-07-01T22:42:31.804+0000] {logging_mixin.py:190} INFO - [2025-07-01T22:42:31.804+0000] {dag.py:4180} INFO - Setting next_dagrun for tutorial_dag to None, run_after=None
[2025-07-01T22:42:31.827+0000] {processor.py:208} INFO - Processing /home/airflow/.local/lib/python3.12/site-packages/airflow/example_dags/tutorial_dag.py took 0.076 seconds
[2025-07-01T22:43:02.888+0000] {processor.py:186} INFO - Started process (PID=1327) to work on /home/airflow/.local/lib/python3.12/site-packages/airflow/example_dags/tutorial_dag.py
[2025-07-01T22:43:02.889+0000] {processor.py:914} INFO - Processing file /home/airflow/.local/lib/python3.12/site-packages/airflow/example_dags/tutorial_dag.py for tasks to queue
[2025-07-01T22:43:02.891+0000] {logging_mixin.py:190} INFO - [2025-07-01T22:43:02.891+0000] {dagbag.py:588} INFO - Filling up the DagBag from /home/airflow/.local/lib/python3.12/site-packages/airflow/example_dags/tutorial_dag.py
[2025-07-01T22:43:02.898+0000] {processor.py:925} INFO - DAG(s) 'tutorial_dag' retrieved from /home/airflow/.local/lib/python3.12/site-packages/airflow/example_dags/tutorial_dag.py
[2025-07-01T22:43:02.915+0000] {logging_mixin.py:190} INFO - [2025-07-01T22:43:02.915+0000] {dag.py:3239} INFO - Sync 1 DAGs
[2025-07-01T22:43:02.928+0000] {logging_mixin.py:190} INFO - [2025-07-01T22:43:02.927+0000] {dag.py:4180} INFO - Setting next_dagrun for tutorial_dag to None, run_after=None
[2025-07-01T22:43:02.946+0000] {processor.py:208} INFO - Processing /home/airflow/.local/lib/python3.12/site-packages/airflow/example_dags/tutorial_dag.py took 0.064 seconds
[2025-07-01T22:43:33.419+0000] {processor.py:186} INFO - Started process (PID=1391) to work on /home/airflow/.local/lib/python3.12/site-packages/airflow/example_dags/tutorial_dag.py
[2025-07-01T22:43:33.420+0000] {processor.py:914} INFO - Processing file /home/airflow/.local/lib/python3.12/site-packages/airflow/example_dags/tutorial_dag.py for tasks to queue
[2025-07-01T22:43:33.422+0000] {logging_mixin.py:190} INFO - [2025-07-01T22:43:33.422+0000] {dagbag.py:588} INFO - Filling up the DagBag from /home/airflow/.local/lib/python3.12/site-packages/airflow/example_dags/tutorial_dag.py
[2025-07-01T22:43:33.428+0000] {processor.py:925} INFO - DAG(s) 'tutorial_dag' retrieved from /home/airflow/.local/lib/python3.12/site-packages/airflow/example_dags/tutorial_dag.py
[2025-07-01T22:43:33.447+0000] {logging_mixin.py:190} INFO - [2025-07-01T22:43:33.447+0000] {dag.py:3239} INFO - Sync 1 DAGs
[2025-07-01T22:43:33.460+0000] {logging_mixin.py:190} INFO - [2025-07-01T22:43:33.459+0000] {dag.py:4180} INFO - Setting next_dagrun for tutorial_dag to None, run_after=None
[2025-07-01T22:43:33.479+0000] {processor.py:208} INFO - Processing /home/airflow/.local/lib/python3.12/site-packages/airflow/example_dags/tutorial_dag.py took 0.065 seconds
[2025-07-01T22:44:04.227+0000] {processor.py:186} INFO - Started process (PID=1455) to work on /home/airflow/.local/lib/python3.12/site-packages/airflow/example_dags/tutorial_dag.py
[2025-07-01T22:44:04.228+0000] {processor.py:914} INFO - Processing file /home/airflow/.local/lib/python3.12/site-packages/airflow/example_dags/tutorial_dag.py for tasks to queue
[2025-07-01T22:44:04.230+0000] {logging_mixin.py:190} INFO - [2025-07-01T22:44:04.230+0000] {dagbag.py:588} INFO - Filling up the DagBag from /home/airflow/.local/lib/python3.12/site-packages/airflow/example_dags/tutorial_dag.py
[2025-07-01T22:44:04.237+0000] {processor.py:925} INFO - DAG(s) 'tutorial_dag' retrieved from /home/airflow/.local/lib/python3.12/site-packages/airflow/example_dags/tutorial_dag.py
[2025-07-01T22:44:04.254+0000] {logging_mixin.py:190} INFO - [2025-07-01T22:44:04.254+0000] {dag.py:3239} INFO - Sync 1 DAGs
[2025-07-01T22:44:04.268+0000] {logging_mixin.py:190} INFO - [2025-07-01T22:44:04.268+0000] {dag.py:4180} INFO - Setting next_dagrun for tutorial_dag to None, run_after=None
[2025-07-01T22:44:04.287+0000] {processor.py:208} INFO - Processing /home/airflow/.local/lib/python3.12/site-packages/airflow/example_dags/tutorial_dag.py took 0.065 seconds
[2025-07-01T22:44:34.884+0000] {processor.py:186} INFO - Started process (PID=1519) to work on /home/airflow/.local/lib/python3.12/site-packages/airflow/example_dags/tutorial_dag.py
[2025-07-01T22:44:34.885+0000] {processor.py:914} INFO - Processing file /home/airflow/.local/lib/python3.12/site-packages/airflow/example_dags/tutorial_dag.py for tasks to queue
[2025-07-01T22:44:34.888+0000] {logging_mixin.py:190} INFO - [2025-07-01T22:44:34.887+0000] {dagbag.py:588} INFO - Filling up the DagBag from /home/airflow/.local/lib/python3.12/site-packages/airflow/example_dags/tutorial_dag.py
[2025-07-01T22:44:34.895+0000] {processor.py:925} INFO - DAG(s) 'tutorial_dag' retrieved from /home/airflow/.local/lib/python3.12/site-packages/airflow/example_dags/tutorial_dag.py
[2025-07-01T22:44:34.914+0000] {logging_mixin.py:190} INFO - [2025-07-01T22:44:34.914+0000] {dag.py:3239} INFO - Sync 1 DAGs
[2025-07-01T22:44:34.926+0000] {logging_mixin.py:190} INFO - [2025-07-01T22:44:34.926+0000] {dag.py:4180} INFO - Setting next_dagrun for tutorial_dag to None, run_after=None
[2025-07-01T22:44:34.944+0000] {processor.py:208} INFO - Processing /home/airflow/.local/lib/python3.12/site-packages/airflow/example_dags/tutorial_dag.py took 0.065 seconds
[2025-07-01T22:45:05.465+0000] {processor.py:186} INFO - Started process (PID=1583) to work on /home/airflow/.local/lib/python3.12/site-packages/airflow/example_dags/tutorial_dag.py
[2025-07-01T22:45:05.466+0000] {processor.py:914} INFO - Processing file /home/airflow/.local/lib/python3.12/site-packages/airflow/example_dags/tutorial_dag.py for tasks to queue
[2025-07-01T22:45:05.468+0000] {logging_mixin.py:190} INFO - [2025-07-01T22:45:05.468+0000] {dagbag.py:588} INFO - Filling up the DagBag from /home/airflow/.local/lib/python3.12/site-packages/airflow/example_dags/tutorial_dag.py
[2025-07-01T22:45:05.475+0000] {processor.py:925} INFO - DAG(s) 'tutorial_dag' retrieved from /home/airflow/.local/lib/python3.12/site-packages/airflow/example_dags/tutorial_dag.py
[2025-07-01T22:45:05.492+0000] {logging_mixin.py:190} INFO - [2025-07-01T22:45:05.492+0000] {dag.py:3239} INFO - Sync 1 DAGs
[2025-07-01T22:45:05.504+0000] {logging_mixin.py:190} INFO - [2025-07-01T22:45:05.504+0000] {dag.py:4180} INFO - Setting next_dagrun for tutorial_dag to None, run_after=None
[2025-07-01T22:45:05.523+0000] {processor.py:208} INFO - Processing /home/airflow/.local/lib/python3.12/site-packages/airflow/example_dags/tutorial_dag.py took 0.063 seconds
[2025-07-01T22:45:36.445+0000] {processor.py:186} INFO - Started process (PID=1647) to work on /home/airflow/.local/lib/python3.12/site-packages/airflow/example_dags/tutorial_dag.py
[2025-07-01T22:45:36.447+0000] {processor.py:914} INFO - Processing file /home/airflow/.local/lib/python3.12/site-packages/airflow/example_dags/tutorial_dag.py for tasks to queue
[2025-07-01T22:45:36.450+0000] {logging_mixin.py:190} INFO - [2025-07-01T22:45:36.450+0000] {dagbag.py:588} INFO - Filling up the DagBag from /home/airflow/.local/lib/python3.12/site-packages/airflow/example_dags/tutorial_dag.py
[2025-07-01T22:45:36.457+0000] {processor.py:925} INFO - DAG(s) 'tutorial_dag' retrieved from /home/airflow/.local/lib/python3.12/site-packages/airflow/example_dags/tutorial_dag.py
[2025-07-01T22:45:36.475+0000] {logging_mixin.py:190} INFO - [2025-07-01T22:45:36.475+0000] {dag.py:3239} INFO - Sync 1 DAGs
[2025-07-01T22:45:36.488+0000] {logging_mixin.py:190} INFO - [2025-07-01T22:45:36.488+0000] {dag.py:4180} INFO - Setting next_dagrun for tutorial_dag to None, run_after=None
[2025-07-01T22:45:36.506+0000] {processor.py:208} INFO - Processing /home/airflow/.local/lib/python3.12/site-packages/airflow/example_dags/tutorial_dag.py took 0.067 seconds
[2025-07-01T22:46:07.136+0000] {processor.py:186} INFO - Started process (PID=1711) to work on /home/airflow/.local/lib/python3.12/site-packages/airflow/example_dags/tutorial_dag.py
[2025-07-01T22:46:07.137+0000] {processor.py:914} INFO - Processing file /home/airflow/.local/lib/python3.12/site-packages/airflow/example_dags/tutorial_dag.py for tasks to queue
[2025-07-01T22:46:07.139+0000] {logging_mixin.py:190} INFO - [2025-07-01T22:46:07.139+0000] {dagbag.py:588} INFO - Filling up the DagBag from /home/airflow/.local/lib/python3.12/site-packages/airflow/example_dags/tutorial_dag.py
[2025-07-01T22:46:07.146+0000] {processor.py:925} INFO - DAG(s) 'tutorial_dag' retrieved from /home/airflow/.local/lib/python3.12/site-packages/airflow/example_dags/tutorial_dag.py
[2025-07-01T22:46:07.164+0000] {logging_mixin.py:190} INFO - [2025-07-01T22:46:07.163+0000] {dag.py:3239} INFO - Sync 1 DAGs
[2025-07-01T22:46:07.177+0000] {logging_mixin.py:190} INFO - [2025-07-01T22:46:07.177+0000] {dag.py:4180} INFO - Setting next_dagrun for tutorial_dag to None, run_after=None
[2025-07-01T22:46:07.197+0000] {processor.py:208} INFO - Processing /home/airflow/.local/lib/python3.12/site-packages/airflow/example_dags/tutorial_dag.py took 0.066 seconds
[2025-07-01T22:46:38.020+0000] {processor.py:186} INFO - Started process (PID=1775) to work on /home/airflow/.local/lib/python3.12/site-packages/airflow/example_dags/tutorial_dag.py
[2025-07-01T22:46:38.021+0000] {processor.py:914} INFO - Processing file /home/airflow/.local/lib/python3.12/site-packages/airflow/example_dags/tutorial_dag.py for tasks to queue
[2025-07-01T22:46:38.023+0000] {logging_mixin.py:190} INFO - [2025-07-01T22:46:38.023+0000] {dagbag.py:588} INFO - Filling up the DagBag from /home/airflow/.local/lib/python3.12/site-packages/airflow/example_dags/tutorial_dag.py
[2025-07-01T22:46:38.031+0000] {processor.py:925} INFO - DAG(s) 'tutorial_dag' retrieved from /home/airflow/.local/lib/python3.12/site-packages/airflow/example_dags/tutorial_dag.py
[2025-07-01T22:46:38.050+0000] {logging_mixin.py:190} INFO - [2025-07-01T22:46:38.050+0000] {dag.py:3239} INFO - Sync 1 DAGs
[2025-07-01T22:46:38.062+0000] {logging_mixin.py:190} INFO - [2025-07-01T22:46:38.062+0000] {dag.py:4180} INFO - Setting next_dagrun for tutorial_dag to None, run_after=None
[2025-07-01T22:46:38.079+0000] {processor.py:208} INFO - Processing /home/airflow/.local/lib/python3.12/site-packages/airflow/example_dags/tutorial_dag.py took 0.065 seconds
[2025-07-01T22:47:09.093+0000] {processor.py:186} INFO - Started process (PID=1839) to work on /home/airflow/.local/lib/python3.12/site-packages/airflow/example_dags/tutorial_dag.py
[2025-07-01T22:47:09.093+0000] {processor.py:914} INFO - Processing file /home/airflow/.local/lib/python3.12/site-packages/airflow/example_dags/tutorial_dag.py for tasks to queue
[2025-07-01T22:47:09.096+0000] {logging_mixin.py:190} INFO - [2025-07-01T22:47:09.095+0000] {dagbag.py:588} INFO - Filling up the DagBag from /home/airflow/.local/lib/python3.12/site-packages/airflow/example_dags/tutorial_dag.py
[2025-07-01T22:47:09.102+0000] {processor.py:925} INFO - DAG(s) 'tutorial_dag' retrieved from /home/airflow/.local/lib/python3.12/site-packages/airflow/example_dags/tutorial_dag.py
[2025-07-01T22:47:09.119+0000] {logging_mixin.py:190} INFO - [2025-07-01T22:47:09.119+0000] {dag.py:3239} INFO - Sync 1 DAGs
[2025-07-01T22:47:09.131+0000] {logging_mixin.py:190} INFO - [2025-07-01T22:47:09.131+0000] {dag.py:4180} INFO - Setting next_dagrun for tutorial_dag to None, run_after=None
[2025-07-01T22:47:09.152+0000] {processor.py:208} INFO - Processing /home/airflow/.local/lib/python3.12/site-packages/airflow/example_dags/tutorial_dag.py took 0.065 seconds
[2025-07-01T22:47:39.921+0000] {processor.py:186} INFO - Started process (PID=1903) to work on /home/airflow/.local/lib/python3.12/site-packages/airflow/example_dags/tutorial_dag.py
[2025-07-01T22:47:39.922+0000] {processor.py:914} INFO - Processing file /home/airflow/.local/lib/python3.12/site-packages/airflow/example_dags/tutorial_dag.py for tasks to queue
[2025-07-01T22:47:39.925+0000] {logging_mixin.py:190} INFO - [2025-07-01T22:47:39.925+0000] {dagbag.py:588} INFO - Filling up the DagBag from /home/airflow/.local/lib/python3.12/site-packages/airflow/example_dags/tutorial_dag.py
[2025-07-01T22:47:39.932+0000] {processor.py:925} INFO - DAG(s) 'tutorial_dag' retrieved from /home/airflow/.local/lib/python3.12/site-packages/airflow/example_dags/tutorial_dag.py
[2025-07-01T22:47:39.953+0000] {logging_mixin.py:190} INFO - [2025-07-01T22:47:39.952+0000] {dag.py:3239} INFO - Sync 1 DAGs
[2025-07-01T22:47:39.967+0000] {logging_mixin.py:190} INFO - [2025-07-01T22:47:39.967+0000] {dag.py:4180} INFO - Setting next_dagrun for tutorial_dag to None, run_after=None
[2025-07-01T22:47:39.987+0000] {processor.py:208} INFO - Processing /home/airflow/.local/lib/python3.12/site-packages/airflow/example_dags/tutorial_dag.py took 0.073 seconds
[2025-07-01T22:48:10.903+0000] {processor.py:186} INFO - Started process (PID=1967) to work on /home/airflow/.local/lib/python3.12/site-packages/airflow/example_dags/tutorial_dag.py
[2025-07-01T22:48:10.904+0000] {processor.py:914} INFO - Processing file /home/airflow/.local/lib/python3.12/site-packages/airflow/example_dags/tutorial_dag.py for tasks to queue
[2025-07-01T22:48:10.907+0000] {logging_mixin.py:190} INFO - [2025-07-01T22:48:10.907+0000] {dagbag.py:588} INFO - Filling up the DagBag from /home/airflow/.local/lib/python3.12/site-packages/airflow/example_dags/tutorial_dag.py
[2025-07-01T22:48:10.917+0000] {processor.py:925} INFO - DAG(s) 'tutorial_dag' retrieved from /home/airflow/.local/lib/python3.12/site-packages/airflow/example_dags/tutorial_dag.py
[2025-07-01T22:48:10.939+0000] {logging_mixin.py:190} INFO - [2025-07-01T22:48:10.939+0000] {dag.py:3239} INFO - Sync 1 DAGs
[2025-07-01T22:48:10.953+0000] {logging_mixin.py:190} INFO - [2025-07-01T22:48:10.953+0000] {dag.py:4180} INFO - Setting next_dagrun for tutorial_dag to None, run_after=None
[2025-07-01T22:48:10.977+0000] {processor.py:208} INFO - Processing /home/airflow/.local/lib/python3.12/site-packages/airflow/example_dags/tutorial_dag.py took 0.082 seconds
[2025-07-01T22:48:41.693+0000] {processor.py:186} INFO - Started process (PID=2035) to work on /home/airflow/.local/lib/python3.12/site-packages/airflow/example_dags/tutorial_dag.py
[2025-07-01T22:48:41.694+0000] {processor.py:914} INFO - Processing file /home/airflow/.local/lib/python3.12/site-packages/airflow/example_dags/tutorial_dag.py for tasks to queue
[2025-07-01T22:48:41.696+0000] {logging_mixin.py:190} INFO - [2025-07-01T22:48:41.696+0000] {dagbag.py:588} INFO - Filling up the DagBag from /home/airflow/.local/lib/python3.12/site-packages/airflow/example_dags/tutorial_dag.py
[2025-07-01T22:48:41.703+0000] {processor.py:925} INFO - DAG(s) 'tutorial_dag' retrieved from /home/airflow/.local/lib/python3.12/site-packages/airflow/example_dags/tutorial_dag.py
[2025-07-01T22:48:41.721+0000] {logging_mixin.py:190} INFO - [2025-07-01T22:48:41.721+0000] {dag.py:3239} INFO - Sync 1 DAGs
[2025-07-01T22:48:41.737+0000] {logging_mixin.py:190} INFO - [2025-07-01T22:48:41.737+0000] {dag.py:4180} INFO - Setting next_dagrun for tutorial_dag to None, run_after=None
[2025-07-01T22:48:41.758+0000] {processor.py:208} INFO - Processing /home/airflow/.local/lib/python3.12/site-packages/airflow/example_dags/tutorial_dag.py took 0.070 seconds
[2025-07-01T22:49:12.763+0000] {processor.py:186} INFO - Started process (PID=2100) to work on /home/airflow/.local/lib/python3.12/site-packages/airflow/example_dags/tutorial_dag.py
[2025-07-01T22:49:12.764+0000] {processor.py:914} INFO - Processing file /home/airflow/.local/lib/python3.12/site-packages/airflow/example_dags/tutorial_dag.py for tasks to queue
[2025-07-01T22:49:12.767+0000] {logging_mixin.py:190} INFO - [2025-07-01T22:49:12.767+0000] {dagbag.py:588} INFO - Filling up the DagBag from /home/airflow/.local/lib/python3.12/site-packages/airflow/example_dags/tutorial_dag.py
[2025-07-01T22:49:12.775+0000] {processor.py:925} INFO - DAG(s) 'tutorial_dag' retrieved from /home/airflow/.local/lib/python3.12/site-packages/airflow/example_dags/tutorial_dag.py
[2025-07-01T22:49:12.795+0000] {logging_mixin.py:190} INFO - [2025-07-01T22:49:12.794+0000] {dag.py:3239} INFO - Sync 1 DAGs
[2025-07-01T22:49:12.808+0000] {logging_mixin.py:190} INFO - [2025-07-01T22:49:12.808+0000] {dag.py:4180} INFO - Setting next_dagrun for tutorial_dag to None, run_after=None
[2025-07-01T22:49:12.831+0000] {processor.py:208} INFO - Processing /home/airflow/.local/lib/python3.12/site-packages/airflow/example_dags/tutorial_dag.py took 0.073 seconds
[2025-07-01T22:49:43.419+0000] {processor.py:186} INFO - Started process (PID=2164) to work on /home/airflow/.local/lib/python3.12/site-packages/airflow/example_dags/tutorial_dag.py
[2025-07-01T22:49:43.421+0000] {processor.py:914} INFO - Processing file /home/airflow/.local/lib/python3.12/site-packages/airflow/example_dags/tutorial_dag.py for tasks to queue
[2025-07-01T22:49:43.423+0000] {logging_mixin.py:190} INFO - [2025-07-01T22:49:43.423+0000] {dagbag.py:588} INFO - Filling up the DagBag from /home/airflow/.local/lib/python3.12/site-packages/airflow/example_dags/tutorial_dag.py
[2025-07-01T22:49:43.430+0000] {processor.py:925} INFO - DAG(s) 'tutorial_dag' retrieved from /home/airflow/.local/lib/python3.12/site-packages/airflow/example_dags/tutorial_dag.py
[2025-07-01T22:49:43.448+0000] {logging_mixin.py:190} INFO - [2025-07-01T22:49:43.448+0000] {dag.py:3239} INFO - Sync 1 DAGs
[2025-07-01T22:49:43.459+0000] {logging_mixin.py:190} INFO - [2025-07-01T22:49:43.459+0000] {dag.py:4180} INFO - Setting next_dagrun for tutorial_dag to None, run_after=None
[2025-07-01T22:49:43.477+0000] {processor.py:208} INFO - Processing /home/airflow/.local/lib/python3.12/site-packages/airflow/example_dags/tutorial_dag.py took 0.062 seconds
[2025-07-01T22:50:14.683+0000] {processor.py:186} INFO - Started process (PID=2228) to work on /home/airflow/.local/lib/python3.12/site-packages/airflow/example_dags/tutorial_dag.py
[2025-07-01T22:50:14.684+0000] {processor.py:914} INFO - Processing file /home/airflow/.local/lib/python3.12/site-packages/airflow/example_dags/tutorial_dag.py for tasks to queue
[2025-07-01T22:50:14.686+0000] {logging_mixin.py:190} INFO - [2025-07-01T22:50:14.686+0000] {dagbag.py:588} INFO - Filling up the DagBag from /home/airflow/.local/lib/python3.12/site-packages/airflow/example_dags/tutorial_dag.py
[2025-07-01T22:50:14.693+0000] {processor.py:925} INFO - DAG(s) 'tutorial_dag' retrieved from /home/airflow/.local/lib/python3.12/site-packages/airflow/example_dags/tutorial_dag.py
[2025-07-01T22:50:14.712+0000] {logging_mixin.py:190} INFO - [2025-07-01T22:50:14.712+0000] {dag.py:3239} INFO - Sync 1 DAGs
[2025-07-01T22:50:14.726+0000] {logging_mixin.py:190} INFO - [2025-07-01T22:50:14.726+0000] {dag.py:4180} INFO - Setting next_dagrun for tutorial_dag to None, run_after=None
[2025-07-01T22:50:14.745+0000] {processor.py:208} INFO - Processing /home/airflow/.local/lib/python3.12/site-packages/airflow/example_dags/tutorial_dag.py took 0.067 seconds
[2025-07-01T22:50:45.056+0000] {processor.py:186} INFO - Started process (PID=2292) to work on /home/airflow/.local/lib/python3.12/site-packages/airflow/example_dags/tutorial_dag.py
[2025-07-01T22:50:45.057+0000] {processor.py:914} INFO - Processing file /home/airflow/.local/lib/python3.12/site-packages/airflow/example_dags/tutorial_dag.py for tasks to queue
[2025-07-01T22:50:45.060+0000] {logging_mixin.py:190} INFO - [2025-07-01T22:50:45.059+0000] {dagbag.py:588} INFO - Filling up the DagBag from /home/airflow/.local/lib/python3.12/site-packages/airflow/example_dags/tutorial_dag.py
[2025-07-01T22:50:45.068+0000] {processor.py:925} INFO - DAG(s) 'tutorial_dag' retrieved from /home/airflow/.local/lib/python3.12/site-packages/airflow/example_dags/tutorial_dag.py
[2025-07-01T22:50:45.088+0000] {logging_mixin.py:190} INFO - [2025-07-01T22:50:45.087+0000] {dag.py:3239} INFO - Sync 1 DAGs
[2025-07-01T22:50:45.105+0000] {logging_mixin.py:190} INFO - [2025-07-01T22:50:45.105+0000] {dag.py:4180} INFO - Setting next_dagrun for tutorial_dag to None, run_after=None
[2025-07-01T22:50:45.128+0000] {processor.py:208} INFO - Processing /home/airflow/.local/lib/python3.12/site-packages/airflow/example_dags/tutorial_dag.py took 0.078 seconds
[2025-07-01T22:51:16.437+0000] {processor.py:186} INFO - Started process (PID=2356) to work on /home/airflow/.local/lib/python3.12/site-packages/airflow/example_dags/tutorial_dag.py
[2025-07-01T22:51:16.438+0000] {processor.py:914} INFO - Processing file /home/airflow/.local/lib/python3.12/site-packages/airflow/example_dags/tutorial_dag.py for tasks to queue
[2025-07-01T22:51:16.441+0000] {logging_mixin.py:190} INFO - [2025-07-01T22:51:16.440+0000] {dagbag.py:588} INFO - Filling up the DagBag from /home/airflow/.local/lib/python3.12/site-packages/airflow/example_dags/tutorial_dag.py
[2025-07-01T22:51:16.448+0000] {processor.py:925} INFO - DAG(s) 'tutorial_dag' retrieved from /home/airflow/.local/lib/python3.12/site-packages/airflow/example_dags/tutorial_dag.py
[2025-07-01T22:51:16.467+0000] {logging_mixin.py:190} INFO - [2025-07-01T22:51:16.467+0000] {dag.py:3239} INFO - Sync 1 DAGs
[2025-07-01T22:51:16.481+0000] {logging_mixin.py:190} INFO - [2025-07-01T22:51:16.481+0000] {dag.py:4180} INFO - Setting next_dagrun for tutorial_dag to None, run_after=None
[2025-07-01T22:51:16.503+0000] {processor.py:208} INFO - Processing /home/airflow/.local/lib/python3.12/site-packages/airflow/example_dags/tutorial_dag.py took 0.071 seconds
[2025-07-01T22:51:46.906+0000] {processor.py:186} INFO - Started process (PID=2420) to work on /home/airflow/.local/lib/python3.12/site-packages/airflow/example_dags/tutorial_dag.py
[2025-07-01T22:51:46.907+0000] {processor.py:914} INFO - Processing file /home/airflow/.local/lib/python3.12/site-packages/airflow/example_dags/tutorial_dag.py for tasks to queue
[2025-07-01T22:51:46.909+0000] {logging_mixin.py:190} INFO - [2025-07-01T22:51:46.909+0000] {dagbag.py:588} INFO - Filling up the DagBag from /home/airflow/.local/lib/python3.12/site-packages/airflow/example_dags/tutorial_dag.py
[2025-07-01T22:51:46.916+0000] {processor.py:925} INFO - DAG(s) 'tutorial_dag' retrieved from /home/airflow/.local/lib/python3.12/site-packages/airflow/example_dags/tutorial_dag.py
[2025-07-01T22:51:46.935+0000] {logging_mixin.py:190} INFO - [2025-07-01T22:51:46.934+0000] {dag.py:3239} INFO - Sync 1 DAGs
[2025-07-01T22:51:46.949+0000] {logging_mixin.py:190} INFO - [2025-07-01T22:51:46.949+0000] {dag.py:4180} INFO - Setting next_dagrun for tutorial_dag to None, run_after=None
[2025-07-01T22:51:46.970+0000] {processor.py:208} INFO - Processing /home/airflow/.local/lib/python3.12/site-packages/airflow/example_dags/tutorial_dag.py took 0.069 seconds
[2025-07-01T22:52:17.471+0000] {processor.py:186} INFO - Started process (PID=2484) to work on /home/airflow/.local/lib/python3.12/site-packages/airflow/example_dags/tutorial_dag.py
[2025-07-01T22:52:17.472+0000] {processor.py:914} INFO - Processing file /home/airflow/.local/lib/python3.12/site-packages/airflow/example_dags/tutorial_dag.py for tasks to queue
[2025-07-01T22:52:17.480+0000] {logging_mixin.py:190} INFO - [2025-07-01T22:52:17.480+0000] {dagbag.py:588} INFO - Filling up the DagBag from /home/airflow/.local/lib/python3.12/site-packages/airflow/example_dags/tutorial_dag.py
[2025-07-01T22:52:17.491+0000] {processor.py:925} INFO - DAG(s) 'tutorial_dag' retrieved from /home/airflow/.local/lib/python3.12/site-packages/airflow/example_dags/tutorial_dag.py
[2025-07-01T22:52:17.512+0000] {logging_mixin.py:190} INFO - [2025-07-01T22:52:17.512+0000] {dag.py:3239} INFO - Sync 1 DAGs
[2025-07-01T22:52:17.527+0000] {logging_mixin.py:190} INFO - [2025-07-01T22:52:17.527+0000] {dag.py:4180} INFO - Setting next_dagrun for tutorial_dag to None, run_after=None
[2025-07-01T22:52:17.554+0000] {processor.py:208} INFO - Processing /home/airflow/.local/lib/python3.12/site-packages/airflow/example_dags/tutorial_dag.py took 0.089 seconds
[2025-07-01T22:52:47.939+0000] {processor.py:186} INFO - Started process (PID=2548) to work on /home/airflow/.local/lib/python3.12/site-packages/airflow/example_dags/tutorial_dag.py
[2025-07-01T22:52:47.940+0000] {processor.py:914} INFO - Processing file /home/airflow/.local/lib/python3.12/site-packages/airflow/example_dags/tutorial_dag.py for tasks to queue
[2025-07-01T22:52:47.942+0000] {logging_mixin.py:190} INFO - [2025-07-01T22:52:47.942+0000] {dagbag.py:588} INFO - Filling up the DagBag from /home/airflow/.local/lib/python3.12/site-packages/airflow/example_dags/tutorial_dag.py
[2025-07-01T22:52:47.949+0000] {processor.py:925} INFO - DAG(s) 'tutorial_dag' retrieved from /home/airflow/.local/lib/python3.12/site-packages/airflow/example_dags/tutorial_dag.py
[2025-07-01T22:52:47.966+0000] {logging_mixin.py:190} INFO - [2025-07-01T22:52:47.966+0000] {dag.py:3239} INFO - Sync 1 DAGs
[2025-07-01T22:52:47.979+0000] {logging_mixin.py:190} INFO - [2025-07-01T22:52:47.979+0000] {dag.py:4180} INFO - Setting next_dagrun for tutorial_dag to None, run_after=None
[2025-07-01T22:52:47.998+0000] {processor.py:208} INFO - Processing /home/airflow/.local/lib/python3.12/site-packages/airflow/example_dags/tutorial_dag.py took 0.064 seconds
