[2025-06-26T22:43:34.485+0000] {processor.py:186} INFO - Started process (PID=97) to work on /home/airflow/.local/lib/python3.12/site-packages/airflow/example_dags/example_datasets.py
[2025-06-26T22:43:34.486+0000] {processor.py:914} INFO - Processing file /home/airflow/.local/lib/python3.12/site-packages/airflow/example_dags/example_datasets.py for tasks to queue
[2025-06-26T22:43:34.488+0000] {logging_mixin.py:190} INFO - [2025-06-26T22:43:34.488+0000] {dagbag.py:588} INFO - Filling up the DagBag from /home/airflow/.local/lib/python3.12/site-packages/airflow/example_dags/example_datasets.py
[2025-06-26T22:43:34.633+0000] {processor.py:925} INFO - DAG(s) 'consume_1_and_2_with_dataset_expressions', 'dataset_consumes_unknown_never_scheduled', 'consume_1_or_2_with_dataset_expressions', 'dataset_consumes_1', 'dataset_produces_1', 'consume_1_or_both_2_and_3_with_dataset_expressions', 'conditional_dataset_and_time_based_timetable', 'dataset_consumes_1_never_scheduled', 'dataset_consumes_1_and_2', 'dataset_produces_2' retrieved from /home/airflow/.local/lib/python3.12/site-packages/airflow/example_dags/example_datasets.py
[2025-06-26T22:43:34.728+0000] {logging_mixin.py:190} INFO - [2025-06-26T22:43:34.727+0000] {override.py:1900} INFO - Created Permission View: can read on DAG:consume_1_and_2_with_dataset_expressions
[2025-06-26T22:43:34.739+0000] {logging_mixin.py:190} INFO - [2025-06-26T22:43:34.739+0000] {override.py:1900} INFO - Created Permission View: can edit on DAG:consume_1_and_2_with_dataset_expressions
[2025-06-26T22:43:34.748+0000] {logging_mixin.py:190} INFO - [2025-06-26T22:43:34.748+0000] {override.py:1900} INFO - Created Permission View: can delete on DAG:consume_1_and_2_with_dataset_expressions
[2025-06-26T22:43:34.760+0000] {logging_mixin.py:190} INFO - [2025-06-26T22:43:34.760+0000] {override.py:1900} INFO - Created Permission View: can read on DAG Run:consume_1_and_2_with_dataset_expressions
[2025-06-26T22:43:34.770+0000] {logging_mixin.py:190} INFO - [2025-06-26T22:43:34.769+0000] {override.py:1900} INFO - Created Permission View: can delete on DAG Run:consume_1_and_2_with_dataset_expressions
[2025-06-26T22:43:34.778+0000] {logging_mixin.py:190} INFO - [2025-06-26T22:43:34.778+0000] {override.py:1900} INFO - Created Permission View: menu access on DAG Run:consume_1_and_2_with_dataset_expressions
[2025-06-26T22:43:34.789+0000] {logging_mixin.py:190} INFO - [2025-06-26T22:43:34.789+0000] {override.py:1900} INFO - Created Permission View: can create on DAG Run:consume_1_and_2_with_dataset_expressions
[2025-06-26T22:43:34.809+0000] {logging_mixin.py:190} INFO - [2025-06-26T22:43:34.809+0000] {override.py:1900} INFO - Created Permission View: can read on DAG:dataset_consumes_unknown_never_scheduled
[2025-06-26T22:43:34.819+0000] {logging_mixin.py:190} INFO - [2025-06-26T22:43:34.819+0000] {override.py:1900} INFO - Created Permission View: can edit on DAG:dataset_consumes_unknown_never_scheduled
[2025-06-26T22:43:34.829+0000] {logging_mixin.py:190} INFO - [2025-06-26T22:43:34.829+0000] {override.py:1900} INFO - Created Permission View: can delete on DAG:dataset_consumes_unknown_never_scheduled
[2025-06-26T22:43:34.845+0000] {logging_mixin.py:190} INFO - [2025-06-26T22:43:34.845+0000] {override.py:1900} INFO - Created Permission View: can read on DAG Run:dataset_consumes_unknown_never_scheduled
[2025-06-26T22:43:34.857+0000] {logging_mixin.py:190} INFO - [2025-06-26T22:43:34.856+0000] {override.py:1900} INFO - Created Permission View: can delete on DAG Run:dataset_consumes_unknown_never_scheduled
[2025-06-26T22:43:34.868+0000] {logging_mixin.py:190} INFO - [2025-06-26T22:43:34.867+0000] {override.py:1900} INFO - Created Permission View: menu access on DAG Run:dataset_consumes_unknown_never_scheduled
[2025-06-26T22:43:34.876+0000] {logging_mixin.py:190} INFO - [2025-06-26T22:43:34.876+0000] {override.py:1900} INFO - Created Permission View: can create on DAG Run:dataset_consumes_unknown_never_scheduled
[2025-06-26T22:43:34.896+0000] {logging_mixin.py:190} INFO - [2025-06-26T22:43:34.895+0000] {override.py:1900} INFO - Created Permission View: can read on DAG:consume_1_or_2_with_dataset_expressions
[2025-06-26T22:43:34.905+0000] {logging_mixin.py:190} INFO - [2025-06-26T22:43:34.904+0000] {override.py:1900} INFO - Created Permission View: can edit on DAG:consume_1_or_2_with_dataset_expressions
[2025-06-26T22:43:34.914+0000] {logging_mixin.py:190} INFO - [2025-06-26T22:43:34.914+0000] {override.py:1900} INFO - Created Permission View: can delete on DAG:consume_1_or_2_with_dataset_expressions
[2025-06-26T22:43:34.927+0000] {logging_mixin.py:190} INFO - [2025-06-26T22:43:34.927+0000] {override.py:1900} INFO - Created Permission View: can read on DAG Run:consume_1_or_2_with_dataset_expressions
[2025-06-26T22:43:34.936+0000] {logging_mixin.py:190} INFO - [2025-06-26T22:43:34.936+0000] {override.py:1900} INFO - Created Permission View: can delete on DAG Run:consume_1_or_2_with_dataset_expressions
[2025-06-26T22:43:34.947+0000] {logging_mixin.py:190} INFO - [2025-06-26T22:43:34.947+0000] {override.py:1900} INFO - Created Permission View: menu access on DAG Run:consume_1_or_2_with_dataset_expressions
[2025-06-26T22:43:34.957+0000] {logging_mixin.py:190} INFO - [2025-06-26T22:43:34.956+0000] {override.py:1900} INFO - Created Permission View: can create on DAG Run:consume_1_or_2_with_dataset_expressions
[2025-06-26T22:43:34.973+0000] {logging_mixin.py:190} INFO - [2025-06-26T22:43:34.973+0000] {override.py:1900} INFO - Created Permission View: can read on DAG:dataset_consumes_1
[2025-06-26T22:43:34.982+0000] {logging_mixin.py:190} INFO - [2025-06-26T22:43:34.981+0000] {override.py:1900} INFO - Created Permission View: can edit on DAG:dataset_consumes_1
[2025-06-26T22:43:34.991+0000] {logging_mixin.py:190} INFO - [2025-06-26T22:43:34.990+0000] {override.py:1900} INFO - Created Permission View: can delete on DAG:dataset_consumes_1
[2025-06-26T22:43:35.004+0000] {logging_mixin.py:190} INFO - [2025-06-26T22:43:35.004+0000] {override.py:1900} INFO - Created Permission View: can read on DAG Run:dataset_consumes_1
[2025-06-26T22:43:35.013+0000] {logging_mixin.py:190} INFO - [2025-06-26T22:43:35.013+0000] {override.py:1900} INFO - Created Permission View: can delete on DAG Run:dataset_consumes_1
[2025-06-26T22:43:35.022+0000] {logging_mixin.py:190} INFO - [2025-06-26T22:43:35.022+0000] {override.py:1900} INFO - Created Permission View: menu access on DAG Run:dataset_consumes_1
[2025-06-26T22:43:35.031+0000] {logging_mixin.py:190} INFO - [2025-06-26T22:43:35.031+0000] {override.py:1900} INFO - Created Permission View: can create on DAG Run:dataset_consumes_1
[2025-06-26T22:43:35.049+0000] {logging_mixin.py:190} INFO - [2025-06-26T22:43:35.048+0000] {override.py:1900} INFO - Created Permission View: can read on DAG:dataset_produces_1
[2025-06-26T22:43:35.057+0000] {logging_mixin.py:190} INFO - [2025-06-26T22:43:35.057+0000] {override.py:1900} INFO - Created Permission View: can edit on DAG:dataset_produces_1
[2025-06-26T22:43:35.065+0000] {logging_mixin.py:190} INFO - [2025-06-26T22:43:35.065+0000] {override.py:1900} INFO - Created Permission View: can delete on DAG:dataset_produces_1
[2025-06-26T22:43:35.081+0000] {logging_mixin.py:190} INFO - [2025-06-26T22:43:35.080+0000] {override.py:1900} INFO - Created Permission View: can read on DAG Run:dataset_produces_1
[2025-06-26T22:43:35.089+0000] {logging_mixin.py:190} INFO - [2025-06-26T22:43:35.089+0000] {override.py:1900} INFO - Created Permission View: can delete on DAG Run:dataset_produces_1
[2025-06-26T22:43:35.097+0000] {logging_mixin.py:190} INFO - [2025-06-26T22:43:35.096+0000] {override.py:1900} INFO - Created Permission View: menu access on DAG Run:dataset_produces_1
[2025-06-26T22:43:35.105+0000] {logging_mixin.py:190} INFO - [2025-06-26T22:43:35.105+0000] {override.py:1900} INFO - Created Permission View: can create on DAG Run:dataset_produces_1
[2025-06-26T22:43:35.121+0000] {logging_mixin.py:190} INFO - [2025-06-26T22:43:35.121+0000] {override.py:1900} INFO - Created Permission View: can read on DAG:consume_1_or_both_2_and_3_with_dataset_expressions
[2025-06-26T22:43:35.129+0000] {logging_mixin.py:190} INFO - [2025-06-26T22:43:35.129+0000] {override.py:1900} INFO - Created Permission View: can edit on DAG:consume_1_or_both_2_and_3_with_dataset_expressions
[2025-06-26T22:43:35.140+0000] {logging_mixin.py:190} INFO - [2025-06-26T22:43:35.139+0000] {override.py:1900} INFO - Created Permission View: can delete on DAG:consume_1_or_both_2_and_3_with_dataset_expressions
[2025-06-26T22:43:35.155+0000] {logging_mixin.py:190} INFO - [2025-06-26T22:43:35.154+0000] {override.py:1900} INFO - Created Permission View: can read on DAG Run:consume_1_or_both_2_and_3_with_dataset_expressions
[2025-06-26T22:43:35.162+0000] {logging_mixin.py:190} INFO - [2025-06-26T22:43:35.162+0000] {override.py:1900} INFO - Created Permission View: can delete on DAG Run:consume_1_or_both_2_and_3_with_dataset_expressions
[2025-06-26T22:43:35.171+0000] {logging_mixin.py:190} INFO - [2025-06-26T22:43:35.171+0000] {override.py:1900} INFO - Created Permission View: menu access on DAG Run:consume_1_or_both_2_and_3_with_dataset_expressions
[2025-06-26T22:43:35.180+0000] {logging_mixin.py:190} INFO - [2025-06-26T22:43:35.180+0000] {override.py:1900} INFO - Created Permission View: can create on DAG Run:consume_1_or_both_2_and_3_with_dataset_expressions
[2025-06-26T22:43:35.196+0000] {logging_mixin.py:190} INFO - [2025-06-26T22:43:35.196+0000] {override.py:1900} INFO - Created Permission View: can read on DAG:conditional_dataset_and_time_based_timetable
[2025-06-26T22:43:35.205+0000] {logging_mixin.py:190} INFO - [2025-06-26T22:43:35.205+0000] {override.py:1900} INFO - Created Permission View: can edit on DAG:conditional_dataset_and_time_based_timetable
[2025-06-26T22:43:35.213+0000] {logging_mixin.py:190} INFO - [2025-06-26T22:43:35.213+0000] {override.py:1900} INFO - Created Permission View: can delete on DAG:conditional_dataset_and_time_based_timetable
[2025-06-26T22:43:35.225+0000] {logging_mixin.py:190} INFO - [2025-06-26T22:43:35.224+0000] {override.py:1900} INFO - Created Permission View: can read on DAG Run:conditional_dataset_and_time_based_timetable
[2025-06-26T22:43:35.235+0000] {logging_mixin.py:190} INFO - [2025-06-26T22:43:35.235+0000] {override.py:1900} INFO - Created Permission View: can delete on DAG Run:conditional_dataset_and_time_based_timetable
[2025-06-26T22:43:35.246+0000] {logging_mixin.py:190} INFO - [2025-06-26T22:43:35.246+0000] {override.py:1900} INFO - Created Permission View: menu access on DAG Run:conditional_dataset_and_time_based_timetable
[2025-06-26T22:43:35.255+0000] {logging_mixin.py:190} INFO - [2025-06-26T22:43:35.255+0000] {override.py:1900} INFO - Created Permission View: can create on DAG Run:conditional_dataset_and_time_based_timetable
[2025-06-26T22:43:35.273+0000] {logging_mixin.py:190} INFO - [2025-06-26T22:43:35.273+0000] {override.py:1900} INFO - Created Permission View: can read on DAG:dataset_consumes_1_never_scheduled
[2025-06-26T22:43:35.282+0000] {logging_mixin.py:190} INFO - [2025-06-26T22:43:35.281+0000] {override.py:1900} INFO - Created Permission View: can edit on DAG:dataset_consumes_1_never_scheduled
[2025-06-26T22:43:35.290+0000] {logging_mixin.py:190} INFO - [2025-06-26T22:43:35.290+0000] {override.py:1900} INFO - Created Permission View: can delete on DAG:dataset_consumes_1_never_scheduled
[2025-06-26T22:43:35.303+0000] {logging_mixin.py:190} INFO - [2025-06-26T22:43:35.303+0000] {override.py:1900} INFO - Created Permission View: can read on DAG Run:dataset_consumes_1_never_scheduled
[2025-06-26T22:43:35.314+0000] {logging_mixin.py:190} INFO - [2025-06-26T22:43:35.314+0000] {override.py:1900} INFO - Created Permission View: can delete on DAG Run:dataset_consumes_1_never_scheduled
[2025-06-26T22:43:35.324+0000] {logging_mixin.py:190} INFO - [2025-06-26T22:43:35.323+0000] {override.py:1900} INFO - Created Permission View: menu access on DAG Run:dataset_consumes_1_never_scheduled
[2025-06-26T22:43:35.332+0000] {logging_mixin.py:190} INFO - [2025-06-26T22:43:35.332+0000] {override.py:1900} INFO - Created Permission View: can create on DAG Run:dataset_consumes_1_never_scheduled
[2025-06-26T22:43:35.348+0000] {logging_mixin.py:190} INFO - [2025-06-26T22:43:35.347+0000] {override.py:1900} INFO - Created Permission View: can read on DAG:dataset_consumes_1_and_2
[2025-06-26T22:43:35.356+0000] {logging_mixin.py:190} INFO - [2025-06-26T22:43:35.355+0000] {override.py:1900} INFO - Created Permission View: can edit on DAG:dataset_consumes_1_and_2
[2025-06-26T22:43:35.363+0000] {logging_mixin.py:190} INFO - [2025-06-26T22:43:35.363+0000] {override.py:1900} INFO - Created Permission View: can delete on DAG:dataset_consumes_1_and_2
[2025-06-26T22:43:35.377+0000] {logging_mixin.py:190} INFO - [2025-06-26T22:43:35.376+0000] {override.py:1900} INFO - Created Permission View: can read on DAG Run:dataset_consumes_1_and_2
[2025-06-26T22:43:35.386+0000] {logging_mixin.py:190} INFO - [2025-06-26T22:43:35.385+0000] {override.py:1900} INFO - Created Permission View: can delete on DAG Run:dataset_consumes_1_and_2
[2025-06-26T22:43:35.394+0000] {logging_mixin.py:190} INFO - [2025-06-26T22:43:35.394+0000] {override.py:1900} INFO - Created Permission View: menu access on DAG Run:dataset_consumes_1_and_2
[2025-06-26T22:43:35.402+0000] {logging_mixin.py:190} INFO - [2025-06-26T22:43:35.401+0000] {override.py:1900} INFO - Created Permission View: can create on DAG Run:dataset_consumes_1_and_2
[2025-06-26T22:43:35.418+0000] {logging_mixin.py:190} INFO - [2025-06-26T22:43:35.418+0000] {override.py:1900} INFO - Created Permission View: can read on DAG:dataset_produces_2
[2025-06-26T22:43:35.426+0000] {logging_mixin.py:190} INFO - [2025-06-26T22:43:35.425+0000] {override.py:1900} INFO - Created Permission View: can edit on DAG:dataset_produces_2
[2025-06-26T22:43:35.435+0000] {logging_mixin.py:190} INFO - [2025-06-26T22:43:35.435+0000] {override.py:1900} INFO - Created Permission View: can delete on DAG:dataset_produces_2
[2025-06-26T22:43:35.450+0000] {logging_mixin.py:190} INFO - [2025-06-26T22:43:35.450+0000] {override.py:1900} INFO - Created Permission View: can read on DAG Run:dataset_produces_2
[2025-06-26T22:43:35.458+0000] {logging_mixin.py:190} INFO - [2025-06-26T22:43:35.457+0000] {override.py:1900} INFO - Created Permission View: can delete on DAG Run:dataset_produces_2
[2025-06-26T22:43:35.467+0000] {logging_mixin.py:190} INFO - [2025-06-26T22:43:35.467+0000] {override.py:1900} INFO - Created Permission View: menu access on DAG Run:dataset_produces_2
[2025-06-26T22:43:35.476+0000] {logging_mixin.py:190} INFO - [2025-06-26T22:43:35.475+0000] {override.py:1900} INFO - Created Permission View: can create on DAG Run:dataset_produces_2
[2025-06-26T22:43:35.476+0000] {logging_mixin.py:190} INFO - [2025-06-26T22:43:35.476+0000] {dag.py:3239} INFO - Sync 10 DAGs
[2025-06-26T22:43:35.491+0000] {logging_mixin.py:190} INFO - [2025-06-26T22:43:35.491+0000] {dag.py:3262} INFO - Creating ORM DAG for dataset_consumes_1_and_2
[2025-06-26T22:43:35.492+0000] {logging_mixin.py:190} INFO - [2025-06-26T22:43:35.492+0000] {dag.py:3262} INFO - Creating ORM DAG for consume_1_and_2_with_dataset_expressions
[2025-06-26T22:43:35.494+0000] {logging_mixin.py:190} INFO - [2025-06-26T22:43:35.493+0000] {dag.py:3262} INFO - Creating ORM DAG for consume_1_or_2_with_dataset_expressions
[2025-06-26T22:43:35.495+0000] {logging_mixin.py:190} INFO - [2025-06-26T22:43:35.494+0000] {dag.py:3262} INFO - Creating ORM DAG for dataset_consumes_unknown_never_scheduled
[2025-06-26T22:43:35.496+0000] {logging_mixin.py:190} INFO - [2025-06-26T22:43:35.495+0000] {dag.py:3262} INFO - Creating ORM DAG for dataset_consumes_1
[2025-06-26T22:43:35.497+0000] {logging_mixin.py:190} INFO - [2025-06-26T22:43:35.496+0000] {dag.py:3262} INFO - Creating ORM DAG for conditional_dataset_and_time_based_timetable
[2025-06-26T22:43:35.498+0000] {logging_mixin.py:190} INFO - [2025-06-26T22:43:35.497+0000] {dag.py:3262} INFO - Creating ORM DAG for dataset_consumes_1_never_scheduled
[2025-06-26T22:43:35.498+0000] {logging_mixin.py:190} INFO - [2025-06-26T22:43:35.498+0000] {dag.py:3262} INFO - Creating ORM DAG for consume_1_or_both_2_and_3_with_dataset_expressions
[2025-06-26T22:43:35.499+0000] {logging_mixin.py:190} INFO - [2025-06-26T22:43:35.499+0000] {dag.py:3262} INFO - Creating ORM DAG for dataset_produces_2
[2025-06-26T22:43:35.499+0000] {logging_mixin.py:190} INFO - [2025-06-26T22:43:35.499+0000] {dag.py:3262} INFO - Creating ORM DAG for dataset_produces_1
[2025-06-26T22:43:35.510+0000] {logging_mixin.py:190} INFO - [2025-06-26T22:43:35.510+0000] {dag.py:4180} INFO - Setting next_dagrun for conditional_dataset_and_time_based_timetable to 2025-06-25 01:00:00+00:00, run_after=2025-06-25 01:00:00+00:00
[2025-06-26T22:43:35.511+0000] {logging_mixin.py:190} INFO - [2025-06-26T22:43:35.511+0000] {dag.py:4180} INFO - Setting next_dagrun for consume_1_and_2_with_dataset_expressions to None, run_after=None
[2025-06-26T22:43:35.511+0000] {logging_mixin.py:190} INFO - [2025-06-26T22:43:35.511+0000] {dag.py:4180} INFO - Setting next_dagrun for consume_1_or_2_with_dataset_expressions to None, run_after=None
[2025-06-26T22:43:35.512+0000] {logging_mixin.py:190} INFO - [2025-06-26T22:43:35.512+0000] {dag.py:4180} INFO - Setting next_dagrun for consume_1_or_both_2_and_3_with_dataset_expressions to None, run_after=None
[2025-06-26T22:43:35.512+0000] {logging_mixin.py:190} INFO - [2025-06-26T22:43:35.512+0000] {dag.py:4180} INFO - Setting next_dagrun for dataset_consumes_1 to None, run_after=None
[2025-06-26T22:43:35.513+0000] {logging_mixin.py:190} INFO - [2025-06-26T22:43:35.513+0000] {dag.py:4180} INFO - Setting next_dagrun for dataset_consumes_1_and_2 to None, run_after=None
[2025-06-26T22:43:35.513+0000] {logging_mixin.py:190} INFO - [2025-06-26T22:43:35.513+0000] {dag.py:4180} INFO - Setting next_dagrun for dataset_consumes_1_never_scheduled to None, run_after=None
[2025-06-26T22:43:35.514+0000] {logging_mixin.py:190} INFO - [2025-06-26T22:43:35.514+0000] {dag.py:4180} INFO - Setting next_dagrun for dataset_consumes_unknown_never_scheduled to None, run_after=None
[2025-06-26T22:43:35.515+0000] {logging_mixin.py:190} INFO - [2025-06-26T22:43:35.515+0000] {dag.py:4180} INFO - Setting next_dagrun for dataset_produces_1 to 2025-06-25 00:00:00+00:00, run_after=2025-06-26 00:00:00+00:00
[2025-06-26T22:43:35.516+0000] {logging_mixin.py:190} INFO - [2025-06-26T22:43:35.516+0000] {dag.py:4180} INFO - Setting next_dagrun for dataset_produces_2 to None, run_after=None
[2025-06-26T22:43:35.558+0000] {processor.py:208} INFO - Processing /home/airflow/.local/lib/python3.12/site-packages/airflow/example_dags/example_datasets.py took 1.079 seconds
[2025-06-26T22:44:05.812+0000] {processor.py:186} INFO - Started process (PID=159) to work on /home/airflow/.local/lib/python3.12/site-packages/airflow/example_dags/example_datasets.py
[2025-06-26T22:44:05.813+0000] {processor.py:914} INFO - Processing file /home/airflow/.local/lib/python3.12/site-packages/airflow/example_dags/example_datasets.py for tasks to queue
[2025-06-26T22:44:05.816+0000] {logging_mixin.py:190} INFO - [2025-06-26T22:44:05.815+0000] {dagbag.py:588} INFO - Filling up the DagBag from /home/airflow/.local/lib/python3.12/site-packages/airflow/example_dags/example_datasets.py
[2025-06-26T22:44:05.956+0000] {processor.py:925} INFO - DAG(s) 'consume_1_or_both_2_and_3_with_dataset_expressions', 'dataset_consumes_unknown_never_scheduled', 'dataset_produces_1', 'conditional_dataset_and_time_based_timetable', 'consume_1_and_2_with_dataset_expressions', 'dataset_consumes_1_never_scheduled', 'consume_1_or_2_with_dataset_expressions', 'dataset_consumes_1', 'dataset_consumes_1_and_2', 'dataset_produces_2' retrieved from /home/airflow/.local/lib/python3.12/site-packages/airflow/example_dags/example_datasets.py
[2025-06-26T22:44:05.997+0000] {logging_mixin.py:190} INFO - [2025-06-26T22:44:05.997+0000] {dag.py:3239} INFO - Sync 10 DAGs
[2025-06-26T22:44:06.019+0000] {logging_mixin.py:190} INFO - [2025-06-26T22:44:06.019+0000] {dag.py:4180} INFO - Setting next_dagrun for conditional_dataset_and_time_based_timetable to 2025-06-25 01:00:00+00:00, run_after=2025-06-25 01:00:00+00:00
[2025-06-26T22:44:06.023+0000] {logging_mixin.py:190} INFO - [2025-06-26T22:44:06.023+0000] {dag.py:4180} INFO - Setting next_dagrun for consume_1_and_2_with_dataset_expressions to None, run_after=None
[2025-06-26T22:44:06.028+0000] {logging_mixin.py:190} INFO - [2025-06-26T22:44:06.028+0000] {dag.py:4180} INFO - Setting next_dagrun for consume_1_or_2_with_dataset_expressions to None, run_after=None
[2025-06-26T22:44:06.029+0000] {logging_mixin.py:190} INFO - [2025-06-26T22:44:06.029+0000] {dag.py:4180} INFO - Setting next_dagrun for consume_1_or_both_2_and_3_with_dataset_expressions to None, run_after=None
[2025-06-26T22:44:06.031+0000] {logging_mixin.py:190} INFO - [2025-06-26T22:44:06.031+0000] {dag.py:4180} INFO - Setting next_dagrun for dataset_consumes_1 to None, run_after=None
[2025-06-26T22:44:06.032+0000] {logging_mixin.py:190} INFO - [2025-06-26T22:44:06.032+0000] {dag.py:4180} INFO - Setting next_dagrun for dataset_consumes_1_and_2 to None, run_after=None
[2025-06-26T22:44:06.033+0000] {logging_mixin.py:190} INFO - [2025-06-26T22:44:06.033+0000] {dag.py:4180} INFO - Setting next_dagrun for dataset_consumes_1_never_scheduled to None, run_after=None
[2025-06-26T22:44:06.034+0000] {logging_mixin.py:190} INFO - [2025-06-26T22:44:06.034+0000] {dag.py:4180} INFO - Setting next_dagrun for dataset_consumes_unknown_never_scheduled to None, run_after=None
[2025-06-26T22:44:06.036+0000] {logging_mixin.py:190} INFO - [2025-06-26T22:44:06.036+0000] {dag.py:4180} INFO - Setting next_dagrun for dataset_produces_1 to 2025-06-25 00:00:00+00:00, run_after=2025-06-26 00:00:00+00:00
[2025-06-26T22:44:06.037+0000] {logging_mixin.py:190} INFO - [2025-06-26T22:44:06.037+0000] {dag.py:4180} INFO - Setting next_dagrun for dataset_produces_2 to None, run_after=None
[2025-06-26T22:44:06.069+0000] {processor.py:208} INFO - Processing /home/airflow/.local/lib/python3.12/site-packages/airflow/example_dags/example_datasets.py took 0.264 seconds
[2025-06-26T22:44:36.349+0000] {processor.py:186} INFO - Started process (PID=221) to work on /home/airflow/.local/lib/python3.12/site-packages/airflow/example_dags/example_datasets.py
[2025-06-26T22:44:36.349+0000] {processor.py:914} INFO - Processing file /home/airflow/.local/lib/python3.12/site-packages/airflow/example_dags/example_datasets.py for tasks to queue
[2025-06-26T22:44:36.352+0000] {logging_mixin.py:190} INFO - [2025-06-26T22:44:36.351+0000] {dagbag.py:588} INFO - Filling up the DagBag from /home/airflow/.local/lib/python3.12/site-packages/airflow/example_dags/example_datasets.py
[2025-06-26T22:44:36.479+0000] {processor.py:925} INFO - DAG(s) 'consume_1_or_both_2_and_3_with_dataset_expressions', 'dataset_consumes_1_never_scheduled', 'dataset_produces_2', 'dataset_produces_1', 'dataset_consumes_1_and_2', 'dataset_consumes_unknown_never_scheduled', 'consume_1_and_2_with_dataset_expressions', 'consume_1_or_2_with_dataset_expressions', 'dataset_consumes_1', 'conditional_dataset_and_time_based_timetable' retrieved from /home/airflow/.local/lib/python3.12/site-packages/airflow/example_dags/example_datasets.py
[2025-06-26T22:44:36.529+0000] {logging_mixin.py:190} INFO - [2025-06-26T22:44:36.529+0000] {dag.py:3239} INFO - Sync 10 DAGs
[2025-06-26T22:44:36.551+0000] {logging_mixin.py:190} INFO - [2025-06-26T22:44:36.551+0000] {dag.py:4180} INFO - Setting next_dagrun for conditional_dataset_and_time_based_timetable to 2025-06-25 01:00:00+00:00, run_after=2025-06-25 01:00:00+00:00
[2025-06-26T22:44:36.554+0000] {logging_mixin.py:190} INFO - [2025-06-26T22:44:36.554+0000] {dag.py:4180} INFO - Setting next_dagrun for consume_1_and_2_with_dataset_expressions to None, run_after=None
[2025-06-26T22:44:36.556+0000] {logging_mixin.py:190} INFO - [2025-06-26T22:44:36.556+0000] {dag.py:4180} INFO - Setting next_dagrun for consume_1_or_2_with_dataset_expressions to None, run_after=None
[2025-06-26T22:44:36.557+0000] {logging_mixin.py:190} INFO - [2025-06-26T22:44:36.557+0000] {dag.py:4180} INFO - Setting next_dagrun for consume_1_or_both_2_and_3_with_dataset_expressions to None, run_after=None
[2025-06-26T22:44:36.558+0000] {logging_mixin.py:190} INFO - [2025-06-26T22:44:36.558+0000] {dag.py:4180} INFO - Setting next_dagrun for dataset_consumes_1 to None, run_after=None
[2025-06-26T22:44:36.560+0000] {logging_mixin.py:190} INFO - [2025-06-26T22:44:36.559+0000] {dag.py:4180} INFO - Setting next_dagrun for dataset_consumes_1_and_2 to None, run_after=None
[2025-06-26T22:44:36.561+0000] {logging_mixin.py:190} INFO - [2025-06-26T22:44:36.561+0000] {dag.py:4180} INFO - Setting next_dagrun for dataset_consumes_1_never_scheduled to None, run_after=None
[2025-06-26T22:44:36.562+0000] {logging_mixin.py:190} INFO - [2025-06-26T22:44:36.562+0000] {dag.py:4180} INFO - Setting next_dagrun for dataset_consumes_unknown_never_scheduled to None, run_after=None
[2025-06-26T22:44:36.564+0000] {logging_mixin.py:190} INFO - [2025-06-26T22:44:36.564+0000] {dag.py:4180} INFO - Setting next_dagrun for dataset_produces_1 to 2025-06-25 00:00:00+00:00, run_after=2025-06-26 00:00:00+00:00
[2025-06-26T22:44:36.565+0000] {logging_mixin.py:190} INFO - [2025-06-26T22:44:36.565+0000] {dag.py:4180} INFO - Setting next_dagrun for dataset_produces_2 to None, run_after=None
[2025-06-26T22:44:36.597+0000] {processor.py:208} INFO - Processing /home/airflow/.local/lib/python3.12/site-packages/airflow/example_dags/example_datasets.py took 0.254 seconds
[2025-06-26T22:45:06.729+0000] {processor.py:186} INFO - Started process (PID=283) to work on /home/airflow/.local/lib/python3.12/site-packages/airflow/example_dags/example_datasets.py
[2025-06-26T22:45:06.730+0000] {processor.py:914} INFO - Processing file /home/airflow/.local/lib/python3.12/site-packages/airflow/example_dags/example_datasets.py for tasks to queue
[2025-06-26T22:45:06.732+0000] {logging_mixin.py:190} INFO - [2025-06-26T22:45:06.732+0000] {dagbag.py:588} INFO - Filling up the DagBag from /home/airflow/.local/lib/python3.12/site-packages/airflow/example_dags/example_datasets.py
[2025-06-26T22:45:06.871+0000] {processor.py:925} INFO - DAG(s) 'dataset_produces_2', 'dataset_consumes_unknown_never_scheduled', 'dataset_consumes_1_and_2', 'dataset_produces_1', 'dataset_consumes_1', 'consume_1_or_both_2_and_3_with_dataset_expressions', 'consume_1_and_2_with_dataset_expressions', 'conditional_dataset_and_time_based_timetable', 'consume_1_or_2_with_dataset_expressions', 'dataset_consumes_1_never_scheduled' retrieved from /home/airflow/.local/lib/python3.12/site-packages/airflow/example_dags/example_datasets.py
[2025-06-26T22:45:06.910+0000] {logging_mixin.py:190} INFO - [2025-06-26T22:45:06.910+0000] {dag.py:3239} INFO - Sync 10 DAGs
[2025-06-26T22:45:06.934+0000] {logging_mixin.py:190} INFO - [2025-06-26T22:45:06.933+0000] {dag.py:4180} INFO - Setting next_dagrun for conditional_dataset_and_time_based_timetable to 2025-06-25 01:00:00+00:00, run_after=2025-06-25 01:00:00+00:00
[2025-06-26T22:45:06.937+0000] {logging_mixin.py:190} INFO - [2025-06-26T22:45:06.937+0000] {dag.py:4180} INFO - Setting next_dagrun for consume_1_and_2_with_dataset_expressions to None, run_after=None
[2025-06-26T22:45:06.939+0000] {logging_mixin.py:190} INFO - [2025-06-26T22:45:06.938+0000] {dag.py:4180} INFO - Setting next_dagrun for consume_1_or_2_with_dataset_expressions to None, run_after=None
[2025-06-26T22:45:06.940+0000] {logging_mixin.py:190} INFO - [2025-06-26T22:45:06.940+0000] {dag.py:4180} INFO - Setting next_dagrun for consume_1_or_both_2_and_3_with_dataset_expressions to None, run_after=None
[2025-06-26T22:45:06.941+0000] {logging_mixin.py:190} INFO - [2025-06-26T22:45:06.941+0000] {dag.py:4180} INFO - Setting next_dagrun for dataset_consumes_1 to None, run_after=None
[2025-06-26T22:45:06.942+0000] {logging_mixin.py:190} INFO - [2025-06-26T22:45:06.942+0000] {dag.py:4180} INFO - Setting next_dagrun for dataset_consumes_1_and_2 to None, run_after=None
[2025-06-26T22:45:06.943+0000] {logging_mixin.py:190} INFO - [2025-06-26T22:45:06.943+0000] {dag.py:4180} INFO - Setting next_dagrun for dataset_consumes_1_never_scheduled to None, run_after=None
[2025-06-26T22:45:06.945+0000] {logging_mixin.py:190} INFO - [2025-06-26T22:45:06.944+0000] {dag.py:4180} INFO - Setting next_dagrun for dataset_consumes_unknown_never_scheduled to None, run_after=None
[2025-06-26T22:45:06.946+0000] {logging_mixin.py:190} INFO - [2025-06-26T22:45:06.946+0000] {dag.py:4180} INFO - Setting next_dagrun for dataset_produces_1 to 2025-06-25 00:00:00+00:00, run_after=2025-06-26 00:00:00+00:00
[2025-06-26T22:45:06.947+0000] {logging_mixin.py:190} INFO - [2025-06-26T22:45:06.947+0000] {dag.py:4180} INFO - Setting next_dagrun for dataset_produces_2 to None, run_after=None
[2025-06-26T22:45:06.973+0000] {processor.py:208} INFO - Processing /home/airflow/.local/lib/python3.12/site-packages/airflow/example_dags/example_datasets.py took 0.251 seconds
[2025-06-26T22:45:37.062+0000] {processor.py:186} INFO - Started process (PID=345) to work on /home/airflow/.local/lib/python3.12/site-packages/airflow/example_dags/example_datasets.py
[2025-06-26T22:45:37.063+0000] {processor.py:914} INFO - Processing file /home/airflow/.local/lib/python3.12/site-packages/airflow/example_dags/example_datasets.py for tasks to queue
[2025-06-26T22:45:37.065+0000] {logging_mixin.py:190} INFO - [2025-06-26T22:45:37.065+0000] {dagbag.py:588} INFO - Filling up the DagBag from /home/airflow/.local/lib/python3.12/site-packages/airflow/example_dags/example_datasets.py
[2025-06-26T22:45:37.195+0000] {processor.py:925} INFO - DAG(s) 'dataset_produces_1', 'conditional_dataset_and_time_based_timetable', 'consume_1_or_both_2_and_3_with_dataset_expressions', 'consume_1_or_2_with_dataset_expressions', 'dataset_produces_2', 'consume_1_and_2_with_dataset_expressions', 'dataset_consumes_1_and_2', 'dataset_consumes_unknown_never_scheduled', 'dataset_consumes_1', 'dataset_consumes_1_never_scheduled' retrieved from /home/airflow/.local/lib/python3.12/site-packages/airflow/example_dags/example_datasets.py
[2025-06-26T22:45:37.235+0000] {logging_mixin.py:190} INFO - [2025-06-26T22:45:37.235+0000] {dag.py:3239} INFO - Sync 10 DAGs
[2025-06-26T22:45:37.258+0000] {logging_mixin.py:190} INFO - [2025-06-26T22:45:37.258+0000] {dag.py:4180} INFO - Setting next_dagrun for conditional_dataset_and_time_based_timetable to 2025-06-25 01:00:00+00:00, run_after=2025-06-25 01:00:00+00:00
[2025-06-26T22:45:37.262+0000] {logging_mixin.py:190} INFO - [2025-06-26T22:45:37.261+0000] {dag.py:4180} INFO - Setting next_dagrun for consume_1_and_2_with_dataset_expressions to None, run_after=None
[2025-06-26T22:45:37.263+0000] {logging_mixin.py:190} INFO - [2025-06-26T22:45:37.263+0000] {dag.py:4180} INFO - Setting next_dagrun for consume_1_or_2_with_dataset_expressions to None, run_after=None
[2025-06-26T22:45:37.264+0000] {logging_mixin.py:190} INFO - [2025-06-26T22:45:37.264+0000] {dag.py:4180} INFO - Setting next_dagrun for consume_1_or_both_2_and_3_with_dataset_expressions to None, run_after=None
[2025-06-26T22:45:37.265+0000] {logging_mixin.py:190} INFO - [2025-06-26T22:45:37.265+0000] {dag.py:4180} INFO - Setting next_dagrun for dataset_consumes_1 to None, run_after=None
[2025-06-26T22:45:37.266+0000] {logging_mixin.py:190} INFO - [2025-06-26T22:45:37.266+0000] {dag.py:4180} INFO - Setting next_dagrun for dataset_consumes_1_and_2 to None, run_after=None
[2025-06-26T22:45:37.267+0000] {logging_mixin.py:190} INFO - [2025-06-26T22:45:37.267+0000] {dag.py:4180} INFO - Setting next_dagrun for dataset_consumes_1_never_scheduled to None, run_after=None
[2025-06-26T22:45:37.268+0000] {logging_mixin.py:190} INFO - [2025-06-26T22:45:37.268+0000] {dag.py:4180} INFO - Setting next_dagrun for dataset_consumes_unknown_never_scheduled to None, run_after=None
[2025-06-26T22:45:37.269+0000] {logging_mixin.py:190} INFO - [2025-06-26T22:45:37.269+0000] {dag.py:4180} INFO - Setting next_dagrun for dataset_produces_1 to 2025-06-25 00:00:00+00:00, run_after=2025-06-26 00:00:00+00:00
[2025-06-26T22:45:37.270+0000] {logging_mixin.py:190} INFO - [2025-06-26T22:45:37.270+0000] {dag.py:4180} INFO - Setting next_dagrun for dataset_produces_2 to None, run_after=None
[2025-06-26T22:45:37.299+0000] {processor.py:208} INFO - Processing /home/airflow/.local/lib/python3.12/site-packages/airflow/example_dags/example_datasets.py took 0.242 seconds
[2025-06-26T22:46:07.467+0000] {processor.py:186} INFO - Started process (PID=407) to work on /home/airflow/.local/lib/python3.12/site-packages/airflow/example_dags/example_datasets.py
[2025-06-26T22:46:07.468+0000] {processor.py:914} INFO - Processing file /home/airflow/.local/lib/python3.12/site-packages/airflow/example_dags/example_datasets.py for tasks to queue
[2025-06-26T22:46:07.470+0000] {logging_mixin.py:190} INFO - [2025-06-26T22:46:07.470+0000] {dagbag.py:588} INFO - Filling up the DagBag from /home/airflow/.local/lib/python3.12/site-packages/airflow/example_dags/example_datasets.py
[2025-06-26T22:46:07.602+0000] {processor.py:925} INFO - DAG(s) 'dataset_consumes_1_never_scheduled', 'conditional_dataset_and_time_based_timetable', 'consume_1_and_2_with_dataset_expressions', 'dataset_consumes_1', 'dataset_produces_2', 'dataset_produces_1', 'consume_1_or_both_2_and_3_with_dataset_expressions', 'dataset_consumes_1_and_2', 'dataset_consumes_unknown_never_scheduled', 'consume_1_or_2_with_dataset_expressions' retrieved from /home/airflow/.local/lib/python3.12/site-packages/airflow/example_dags/example_datasets.py
[2025-06-26T22:46:07.640+0000] {logging_mixin.py:190} INFO - [2025-06-26T22:46:07.640+0000] {dag.py:3239} INFO - Sync 10 DAGs
[2025-06-26T22:46:07.664+0000] {logging_mixin.py:190} INFO - [2025-06-26T22:46:07.664+0000] {dag.py:4180} INFO - Setting next_dagrun for conditional_dataset_and_time_based_timetable to 2025-06-25 01:00:00+00:00, run_after=2025-06-25 01:00:00+00:00
[2025-06-26T22:46:07.668+0000] {logging_mixin.py:190} INFO - [2025-06-26T22:46:07.668+0000] {dag.py:4180} INFO - Setting next_dagrun for consume_1_and_2_with_dataset_expressions to None, run_after=None
[2025-06-26T22:46:07.670+0000] {logging_mixin.py:190} INFO - [2025-06-26T22:46:07.670+0000] {dag.py:4180} INFO - Setting next_dagrun for consume_1_or_2_with_dataset_expressions to None, run_after=None
[2025-06-26T22:46:07.671+0000] {logging_mixin.py:190} INFO - [2025-06-26T22:46:07.671+0000] {dag.py:4180} INFO - Setting next_dagrun for consume_1_or_both_2_and_3_with_dataset_expressions to None, run_after=None
[2025-06-26T22:46:07.673+0000] {logging_mixin.py:190} INFO - [2025-06-26T22:46:07.673+0000] {dag.py:4180} INFO - Setting next_dagrun for dataset_consumes_1 to None, run_after=None
[2025-06-26T22:46:07.674+0000] {logging_mixin.py:190} INFO - [2025-06-26T22:46:07.674+0000] {dag.py:4180} INFO - Setting next_dagrun for dataset_consumes_1_and_2 to None, run_after=None
[2025-06-26T22:46:07.675+0000] {logging_mixin.py:190} INFO - [2025-06-26T22:46:07.675+0000] {dag.py:4180} INFO - Setting next_dagrun for dataset_consumes_1_never_scheduled to None, run_after=None
[2025-06-26T22:46:07.676+0000] {logging_mixin.py:190} INFO - [2025-06-26T22:46:07.676+0000] {dag.py:4180} INFO - Setting next_dagrun for dataset_consumes_unknown_never_scheduled to None, run_after=None
[2025-06-26T22:46:07.678+0000] {logging_mixin.py:190} INFO - [2025-06-26T22:46:07.678+0000] {dag.py:4180} INFO - Setting next_dagrun for dataset_produces_1 to 2025-06-25 00:00:00+00:00, run_after=2025-06-26 00:00:00+00:00
[2025-06-26T22:46:07.679+0000] {logging_mixin.py:190} INFO - [2025-06-26T22:46:07.679+0000] {dag.py:4180} INFO - Setting next_dagrun for dataset_produces_2 to None, run_after=None
[2025-06-26T22:46:07.712+0000] {processor.py:208} INFO - Processing /home/airflow/.local/lib/python3.12/site-packages/airflow/example_dags/example_datasets.py took 0.250 seconds
[2025-06-26T22:46:38.089+0000] {processor.py:186} INFO - Started process (PID=469) to work on /home/airflow/.local/lib/python3.12/site-packages/airflow/example_dags/example_datasets.py
[2025-06-26T22:46:38.091+0000] {processor.py:914} INFO - Processing file /home/airflow/.local/lib/python3.12/site-packages/airflow/example_dags/example_datasets.py for tasks to queue
[2025-06-26T22:46:38.093+0000] {logging_mixin.py:190} INFO - [2025-06-26T22:46:38.093+0000] {dagbag.py:588} INFO - Filling up the DagBag from /home/airflow/.local/lib/python3.12/site-packages/airflow/example_dags/example_datasets.py
[2025-06-26T22:46:38.246+0000] {processor.py:925} INFO - DAG(s) 'dataset_produces_1', 'dataset_consumes_unknown_never_scheduled', 'consume_1_and_2_with_dataset_expressions', 'dataset_consumes_1', 'dataset_consumes_1_and_2', 'dataset_produces_2', 'consume_1_or_2_with_dataset_expressions', 'dataset_consumes_1_never_scheduled', 'consume_1_or_both_2_and_3_with_dataset_expressions', 'conditional_dataset_and_time_based_timetable' retrieved from /home/airflow/.local/lib/python3.12/site-packages/airflow/example_dags/example_datasets.py
[2025-06-26T22:46:38.308+0000] {logging_mixin.py:190} INFO - [2025-06-26T22:46:38.308+0000] {dag.py:3239} INFO - Sync 10 DAGs
[2025-06-26T22:46:38.334+0000] {logging_mixin.py:190} INFO - [2025-06-26T22:46:38.334+0000] {dag.py:4180} INFO - Setting next_dagrun for conditional_dataset_and_time_based_timetable to 2025-06-25 01:00:00+00:00, run_after=2025-06-25 01:00:00+00:00
[2025-06-26T22:46:38.339+0000] {logging_mixin.py:190} INFO - [2025-06-26T22:46:38.339+0000] {dag.py:4180} INFO - Setting next_dagrun for consume_1_and_2_with_dataset_expressions to None, run_after=None
[2025-06-26T22:46:38.341+0000] {logging_mixin.py:190} INFO - [2025-06-26T22:46:38.341+0000] {dag.py:4180} INFO - Setting next_dagrun for consume_1_or_2_with_dataset_expressions to None, run_after=None
[2025-06-26T22:46:38.343+0000] {logging_mixin.py:190} INFO - [2025-06-26T22:46:38.342+0000] {dag.py:4180} INFO - Setting next_dagrun for consume_1_or_both_2_and_3_with_dataset_expressions to None, run_after=None
[2025-06-26T22:46:38.344+0000] {logging_mixin.py:190} INFO - [2025-06-26T22:46:38.344+0000] {dag.py:4180} INFO - Setting next_dagrun for dataset_consumes_1 to None, run_after=None
[2025-06-26T22:46:38.347+0000] {logging_mixin.py:190} INFO - [2025-06-26T22:46:38.346+0000] {dag.py:4180} INFO - Setting next_dagrun for dataset_consumes_1_and_2 to None, run_after=None
[2025-06-26T22:46:38.349+0000] {logging_mixin.py:190} INFO - [2025-06-26T22:46:38.348+0000] {dag.py:4180} INFO - Setting next_dagrun for dataset_consumes_1_never_scheduled to None, run_after=None
[2025-06-26T22:46:38.351+0000] {logging_mixin.py:190} INFO - [2025-06-26T22:46:38.350+0000] {dag.py:4180} INFO - Setting next_dagrun for dataset_consumes_unknown_never_scheduled to None, run_after=None
[2025-06-26T22:46:38.353+0000] {logging_mixin.py:190} INFO - [2025-06-26T22:46:38.353+0000] {dag.py:4180} INFO - Setting next_dagrun for dataset_produces_1 to 2025-06-25 00:00:00+00:00, run_after=2025-06-26 00:00:00+00:00
[2025-06-26T22:46:38.355+0000] {logging_mixin.py:190} INFO - [2025-06-26T22:46:38.355+0000] {dag.py:4180} INFO - Setting next_dagrun for dataset_produces_2 to None, run_after=None
[2025-06-26T22:46:38.396+0000] {processor.py:208} INFO - Processing /home/airflow/.local/lib/python3.12/site-packages/airflow/example_dags/example_datasets.py took 0.313 seconds
[2025-06-26T22:47:08.486+0000] {processor.py:186} INFO - Started process (PID=531) to work on /home/airflow/.local/lib/python3.12/site-packages/airflow/example_dags/example_datasets.py
[2025-06-26T22:47:08.487+0000] {processor.py:914} INFO - Processing file /home/airflow/.local/lib/python3.12/site-packages/airflow/example_dags/example_datasets.py for tasks to queue
[2025-06-26T22:47:08.489+0000] {logging_mixin.py:190} INFO - [2025-06-26T22:47:08.489+0000] {dagbag.py:588} INFO - Filling up the DagBag from /home/airflow/.local/lib/python3.12/site-packages/airflow/example_dags/example_datasets.py
[2025-06-26T22:47:08.630+0000] {processor.py:925} INFO - DAG(s) 'consume_1_and_2_with_dataset_expressions', 'conditional_dataset_and_time_based_timetable', 'dataset_consumes_unknown_never_scheduled', 'dataset_consumes_1', 'dataset_produces_2', 'consume_1_or_2_with_dataset_expressions', 'consume_1_or_both_2_and_3_with_dataset_expressions', 'dataset_consumes_1_never_scheduled', 'dataset_produces_1', 'dataset_consumes_1_and_2' retrieved from /home/airflow/.local/lib/python3.12/site-packages/airflow/example_dags/example_datasets.py
[2025-06-26T22:47:08.673+0000] {logging_mixin.py:190} INFO - [2025-06-26T22:47:08.673+0000] {dag.py:3239} INFO - Sync 10 DAGs
[2025-06-26T22:47:08.696+0000] {logging_mixin.py:190} INFO - [2025-06-26T22:47:08.696+0000] {dag.py:4180} INFO - Setting next_dagrun for conditional_dataset_and_time_based_timetable to 2025-06-25 01:00:00+00:00, run_after=2025-06-25 01:00:00+00:00
[2025-06-26T22:47:08.699+0000] {logging_mixin.py:190} INFO - [2025-06-26T22:47:08.699+0000] {dag.py:4180} INFO - Setting next_dagrun for consume_1_and_2_with_dataset_expressions to None, run_after=None
[2025-06-26T22:47:08.707+0000] {logging_mixin.py:190} INFO - [2025-06-26T22:47:08.706+0000] {dag.py:4180} INFO - Setting next_dagrun for consume_1_or_2_with_dataset_expressions to None, run_after=None
[2025-06-26T22:47:08.708+0000] {logging_mixin.py:190} INFO - [2025-06-26T22:47:08.708+0000] {dag.py:4180} INFO - Setting next_dagrun for consume_1_or_both_2_and_3_with_dataset_expressions to None, run_after=None
[2025-06-26T22:47:08.709+0000] {logging_mixin.py:190} INFO - [2025-06-26T22:47:08.709+0000] {dag.py:4180} INFO - Setting next_dagrun for dataset_consumes_1 to None, run_after=None
[2025-06-26T22:47:08.711+0000] {logging_mixin.py:190} INFO - [2025-06-26T22:47:08.711+0000] {dag.py:4180} INFO - Setting next_dagrun for dataset_consumes_1_and_2 to None, run_after=None
[2025-06-26T22:47:08.712+0000] {logging_mixin.py:190} INFO - [2025-06-26T22:47:08.712+0000] {dag.py:4180} INFO - Setting next_dagrun for dataset_consumes_1_never_scheduled to None, run_after=None
[2025-06-26T22:47:08.713+0000] {logging_mixin.py:190} INFO - [2025-06-26T22:47:08.713+0000] {dag.py:4180} INFO - Setting next_dagrun for dataset_consumes_unknown_never_scheduled to None, run_after=None
[2025-06-26T22:47:08.715+0000] {logging_mixin.py:190} INFO - [2025-06-26T22:47:08.715+0000] {dag.py:4180} INFO - Setting next_dagrun for dataset_produces_1 to 2025-06-25 00:00:00+00:00, run_after=2025-06-26 00:00:00+00:00
[2025-06-26T22:47:08.717+0000] {logging_mixin.py:190} INFO - [2025-06-26T22:47:08.716+0000] {dag.py:4180} INFO - Setting next_dagrun for dataset_produces_2 to None, run_after=None
[2025-06-26T22:47:08.753+0000] {processor.py:208} INFO - Processing /home/airflow/.local/lib/python3.12/site-packages/airflow/example_dags/example_datasets.py took 0.274 seconds
[2025-06-26T22:47:38.952+0000] {processor.py:186} INFO - Started process (PID=593) to work on /home/airflow/.local/lib/python3.12/site-packages/airflow/example_dags/example_datasets.py
[2025-06-26T22:47:38.954+0000] {processor.py:914} INFO - Processing file /home/airflow/.local/lib/python3.12/site-packages/airflow/example_dags/example_datasets.py for tasks to queue
[2025-06-26T22:47:38.956+0000] {logging_mixin.py:190} INFO - [2025-06-26T22:47:38.956+0000] {dagbag.py:588} INFO - Filling up the DagBag from /home/airflow/.local/lib/python3.12/site-packages/airflow/example_dags/example_datasets.py
[2025-06-26T22:47:39.091+0000] {processor.py:925} INFO - DAG(s) 'dataset_consumes_1', 'dataset_consumes_unknown_never_scheduled', 'dataset_produces_2', 'dataset_produces_1', 'consume_1_or_both_2_and_3_with_dataset_expressions', 'consume_1_and_2_with_dataset_expressions', 'consume_1_or_2_with_dataset_expressions', 'dataset_consumes_1_never_scheduled', 'conditional_dataset_and_time_based_timetable', 'dataset_consumes_1_and_2' retrieved from /home/airflow/.local/lib/python3.12/site-packages/airflow/example_dags/example_datasets.py
[2025-06-26T22:47:39.133+0000] {logging_mixin.py:190} INFO - [2025-06-26T22:47:39.133+0000] {dag.py:3239} INFO - Sync 10 DAGs
[2025-06-26T22:47:39.155+0000] {logging_mixin.py:190} INFO - [2025-06-26T22:47:39.155+0000] {dag.py:4180} INFO - Setting next_dagrun for conditional_dataset_and_time_based_timetable to 2025-06-25 01:00:00+00:00, run_after=2025-06-25 01:00:00+00:00
[2025-06-26T22:47:39.158+0000] {logging_mixin.py:190} INFO - [2025-06-26T22:47:39.158+0000] {dag.py:4180} INFO - Setting next_dagrun for consume_1_and_2_with_dataset_expressions to None, run_after=None
[2025-06-26T22:47:39.160+0000] {logging_mixin.py:190} INFO - [2025-06-26T22:47:39.160+0000] {dag.py:4180} INFO - Setting next_dagrun for consume_1_or_2_with_dataset_expressions to None, run_after=None
[2025-06-26T22:47:39.161+0000] {logging_mixin.py:190} INFO - [2025-06-26T22:47:39.161+0000] {dag.py:4180} INFO - Setting next_dagrun for consume_1_or_both_2_and_3_with_dataset_expressions to None, run_after=None
[2025-06-26T22:47:39.162+0000] {logging_mixin.py:190} INFO - [2025-06-26T22:47:39.162+0000] {dag.py:4180} INFO - Setting next_dagrun for dataset_consumes_1 to None, run_after=None
[2025-06-26T22:47:39.164+0000] {logging_mixin.py:190} INFO - [2025-06-26T22:47:39.163+0000] {dag.py:4180} INFO - Setting next_dagrun for dataset_consumes_1_and_2 to None, run_after=None
[2025-06-26T22:47:39.165+0000] {logging_mixin.py:190} INFO - [2025-06-26T22:47:39.165+0000] {dag.py:4180} INFO - Setting next_dagrun for dataset_consumes_1_never_scheduled to None, run_after=None
[2025-06-26T22:47:39.166+0000] {logging_mixin.py:190} INFO - [2025-06-26T22:47:39.166+0000] {dag.py:4180} INFO - Setting next_dagrun for dataset_consumes_unknown_never_scheduled to None, run_after=None
[2025-06-26T22:47:39.167+0000] {logging_mixin.py:190} INFO - [2025-06-26T22:47:39.167+0000] {dag.py:4180} INFO - Setting next_dagrun for dataset_produces_1 to 2025-06-25 00:00:00+00:00, run_after=2025-06-26 00:00:00+00:00
[2025-06-26T22:47:39.168+0000] {logging_mixin.py:190} INFO - [2025-06-26T22:47:39.168+0000] {dag.py:4180} INFO - Setting next_dagrun for dataset_produces_2 to None, run_after=None
[2025-06-26T22:47:39.201+0000] {processor.py:208} INFO - Processing /home/airflow/.local/lib/python3.12/site-packages/airflow/example_dags/example_datasets.py took 0.254 seconds
[2025-06-26T22:48:09.261+0000] {processor.py:186} INFO - Started process (PID=655) to work on /home/airflow/.local/lib/python3.12/site-packages/airflow/example_dags/example_datasets.py
[2025-06-26T22:48:09.262+0000] {processor.py:914} INFO - Processing file /home/airflow/.local/lib/python3.12/site-packages/airflow/example_dags/example_datasets.py for tasks to queue
[2025-06-26T22:48:09.265+0000] {logging_mixin.py:190} INFO - [2025-06-26T22:48:09.265+0000] {dagbag.py:588} INFO - Filling up the DagBag from /home/airflow/.local/lib/python3.12/site-packages/airflow/example_dags/example_datasets.py
[2025-06-26T22:48:09.407+0000] {processor.py:925} INFO - DAG(s) 'dataset_consumes_1', 'consume_1_or_both_2_and_3_with_dataset_expressions', 'consume_1_and_2_with_dataset_expressions', 'dataset_consumes_unknown_never_scheduled', 'conditional_dataset_and_time_based_timetable', 'dataset_produces_2', 'dataset_consumes_1_never_scheduled', 'dataset_consumes_1_and_2', 'consume_1_or_2_with_dataset_expressions', 'dataset_produces_1' retrieved from /home/airflow/.local/lib/python3.12/site-packages/airflow/example_dags/example_datasets.py
[2025-06-26T22:48:09.451+0000] {logging_mixin.py:190} INFO - [2025-06-26T22:48:09.451+0000] {dag.py:3239} INFO - Sync 10 DAGs
[2025-06-26T22:48:09.474+0000] {logging_mixin.py:190} INFO - [2025-06-26T22:48:09.474+0000] {dag.py:4180} INFO - Setting next_dagrun for conditional_dataset_and_time_based_timetable to 2025-06-25 01:00:00+00:00, run_after=2025-06-25 01:00:00+00:00
[2025-06-26T22:48:09.477+0000] {logging_mixin.py:190} INFO - [2025-06-26T22:48:09.477+0000] {dag.py:4180} INFO - Setting next_dagrun for consume_1_and_2_with_dataset_expressions to None, run_after=None
[2025-06-26T22:48:09.479+0000] {logging_mixin.py:190} INFO - [2025-06-26T22:48:09.478+0000] {dag.py:4180} INFO - Setting next_dagrun for consume_1_or_2_with_dataset_expressions to None, run_after=None
[2025-06-26T22:48:09.480+0000] {logging_mixin.py:190} INFO - [2025-06-26T22:48:09.479+0000] {dag.py:4180} INFO - Setting next_dagrun for consume_1_or_both_2_and_3_with_dataset_expressions to None, run_after=None
[2025-06-26T22:48:09.481+0000] {logging_mixin.py:190} INFO - [2025-06-26T22:48:09.481+0000] {dag.py:4180} INFO - Setting next_dagrun for dataset_consumes_1 to None, run_after=None
[2025-06-26T22:48:09.482+0000] {logging_mixin.py:190} INFO - [2025-06-26T22:48:09.482+0000] {dag.py:4180} INFO - Setting next_dagrun for dataset_consumes_1_and_2 to None, run_after=None
[2025-06-26T22:48:09.483+0000] {logging_mixin.py:190} INFO - [2025-06-26T22:48:09.483+0000] {dag.py:4180} INFO - Setting next_dagrun for dataset_consumes_1_never_scheduled to None, run_after=None
[2025-06-26T22:48:09.485+0000] {logging_mixin.py:190} INFO - [2025-06-26T22:48:09.485+0000] {dag.py:4180} INFO - Setting next_dagrun for dataset_consumes_unknown_never_scheduled to None, run_after=None
[2025-06-26T22:48:09.487+0000] {logging_mixin.py:190} INFO - [2025-06-26T22:48:09.487+0000] {dag.py:4180} INFO - Setting next_dagrun for dataset_produces_1 to 2025-06-25 00:00:00+00:00, run_after=2025-06-26 00:00:00+00:00
[2025-06-26T22:48:09.488+0000] {logging_mixin.py:190} INFO - [2025-06-26T22:48:09.488+0000] {dag.py:4180} INFO - Setting next_dagrun for dataset_produces_2 to None, run_after=None
[2025-06-26T22:48:09.521+0000] {processor.py:208} INFO - Processing /home/airflow/.local/lib/python3.12/site-packages/airflow/example_dags/example_datasets.py took 0.265 seconds
[2025-06-26T22:48:39.591+0000] {processor.py:186} INFO - Started process (PID=717) to work on /home/airflow/.local/lib/python3.12/site-packages/airflow/example_dags/example_datasets.py
[2025-06-26T22:48:39.592+0000] {processor.py:914} INFO - Processing file /home/airflow/.local/lib/python3.12/site-packages/airflow/example_dags/example_datasets.py for tasks to queue
[2025-06-26T22:48:39.594+0000] {logging_mixin.py:190} INFO - [2025-06-26T22:48:39.594+0000] {dagbag.py:588} INFO - Filling up the DagBag from /home/airflow/.local/lib/python3.12/site-packages/airflow/example_dags/example_datasets.py
[2025-06-26T22:48:39.721+0000] {processor.py:925} INFO - DAG(s) 'dataset_consumes_1_never_scheduled', 'dataset_consumes_1_and_2', 'dataset_produces_1', 'consume_1_or_both_2_and_3_with_dataset_expressions', 'dataset_consumes_unknown_never_scheduled', 'consume_1_and_2_with_dataset_expressions', 'dataset_consumes_1', 'conditional_dataset_and_time_based_timetable', 'dataset_produces_2', 'consume_1_or_2_with_dataset_expressions' retrieved from /home/airflow/.local/lib/python3.12/site-packages/airflow/example_dags/example_datasets.py
[2025-06-26T22:48:39.758+0000] {logging_mixin.py:190} INFO - [2025-06-26T22:48:39.758+0000] {dag.py:3239} INFO - Sync 10 DAGs
[2025-06-26T22:48:39.780+0000] {logging_mixin.py:190} INFO - [2025-06-26T22:48:39.779+0000] {dag.py:4180} INFO - Setting next_dagrun for conditional_dataset_and_time_based_timetable to 2025-06-25 01:00:00+00:00, run_after=2025-06-25 01:00:00+00:00
[2025-06-26T22:48:39.783+0000] {logging_mixin.py:190} INFO - [2025-06-26T22:48:39.783+0000] {dag.py:4180} INFO - Setting next_dagrun for consume_1_and_2_with_dataset_expressions to None, run_after=None
[2025-06-26T22:48:39.784+0000] {logging_mixin.py:190} INFO - [2025-06-26T22:48:39.784+0000] {dag.py:4180} INFO - Setting next_dagrun for consume_1_or_2_with_dataset_expressions to None, run_after=None
[2025-06-26T22:48:39.785+0000] {logging_mixin.py:190} INFO - [2025-06-26T22:48:39.785+0000] {dag.py:4180} INFO - Setting next_dagrun for consume_1_or_both_2_and_3_with_dataset_expressions to None, run_after=None
[2025-06-26T22:48:39.786+0000] {logging_mixin.py:190} INFO - [2025-06-26T22:48:39.786+0000] {dag.py:4180} INFO - Setting next_dagrun for dataset_consumes_1 to None, run_after=None
[2025-06-26T22:48:39.788+0000] {logging_mixin.py:190} INFO - [2025-06-26T22:48:39.788+0000] {dag.py:4180} INFO - Setting next_dagrun for dataset_consumes_1_and_2 to None, run_after=None
[2025-06-26T22:48:39.789+0000] {logging_mixin.py:190} INFO - [2025-06-26T22:48:39.789+0000] {dag.py:4180} INFO - Setting next_dagrun for dataset_consumes_1_never_scheduled to None, run_after=None
[2025-06-26T22:48:39.790+0000] {logging_mixin.py:190} INFO - [2025-06-26T22:48:39.790+0000] {dag.py:4180} INFO - Setting next_dagrun for dataset_consumes_unknown_never_scheduled to None, run_after=None
[2025-06-26T22:48:39.792+0000] {logging_mixin.py:190} INFO - [2025-06-26T22:48:39.792+0000] {dag.py:4180} INFO - Setting next_dagrun for dataset_produces_1 to 2025-06-25 00:00:00+00:00, run_after=2025-06-26 00:00:00+00:00
[2025-06-26T22:48:39.793+0000] {logging_mixin.py:190} INFO - [2025-06-26T22:48:39.793+0000] {dag.py:4180} INFO - Setting next_dagrun for dataset_produces_2 to None, run_after=None
[2025-06-26T22:48:39.827+0000] {processor.py:208} INFO - Processing /home/airflow/.local/lib/python3.12/site-packages/airflow/example_dags/example_datasets.py took 0.242 seconds
[2025-06-26T22:49:09.884+0000] {processor.py:186} INFO - Started process (PID=779) to work on /home/airflow/.local/lib/python3.12/site-packages/airflow/example_dags/example_datasets.py
[2025-06-26T22:49:09.885+0000] {processor.py:914} INFO - Processing file /home/airflow/.local/lib/python3.12/site-packages/airflow/example_dags/example_datasets.py for tasks to queue
[2025-06-26T22:49:09.887+0000] {logging_mixin.py:190} INFO - [2025-06-26T22:49:09.887+0000] {dagbag.py:588} INFO - Filling up the DagBag from /home/airflow/.local/lib/python3.12/site-packages/airflow/example_dags/example_datasets.py
[2025-06-26T22:49:10.038+0000] {processor.py:925} INFO - DAG(s) 'dataset_produces_1', 'consume_1_or_both_2_and_3_with_dataset_expressions', 'consume_1_or_2_with_dataset_expressions', 'dataset_consumes_unknown_never_scheduled', 'conditional_dataset_and_time_based_timetable', 'dataset_consumes_1_never_scheduled', 'consume_1_and_2_with_dataset_expressions', 'dataset_produces_2', 'dataset_consumes_1', 'dataset_consumes_1_and_2' retrieved from /home/airflow/.local/lib/python3.12/site-packages/airflow/example_dags/example_datasets.py
[2025-06-26T22:49:10.087+0000] {logging_mixin.py:190} INFO - [2025-06-26T22:49:10.087+0000] {dag.py:3239} INFO - Sync 10 DAGs
[2025-06-26T22:49:10.115+0000] {logging_mixin.py:190} INFO - [2025-06-26T22:49:10.115+0000] {dag.py:4180} INFO - Setting next_dagrun for conditional_dataset_and_time_based_timetable to 2025-06-25 01:00:00+00:00, run_after=2025-06-25 01:00:00+00:00
[2025-06-26T22:49:10.119+0000] {logging_mixin.py:190} INFO - [2025-06-26T22:49:10.119+0000] {dag.py:4180} INFO - Setting next_dagrun for consume_1_and_2_with_dataset_expressions to None, run_after=None
[2025-06-26T22:49:10.121+0000] {logging_mixin.py:190} INFO - [2025-06-26T22:49:10.121+0000] {dag.py:4180} INFO - Setting next_dagrun for consume_1_or_2_with_dataset_expressions to None, run_after=None
[2025-06-26T22:49:10.123+0000] {logging_mixin.py:190} INFO - [2025-06-26T22:49:10.122+0000] {dag.py:4180} INFO - Setting next_dagrun for consume_1_or_both_2_and_3_with_dataset_expressions to None, run_after=None
[2025-06-26T22:49:10.124+0000] {logging_mixin.py:190} INFO - [2025-06-26T22:49:10.124+0000] {dag.py:4180} INFO - Setting next_dagrun for dataset_consumes_1 to None, run_after=None
[2025-06-26T22:49:10.127+0000] {logging_mixin.py:190} INFO - [2025-06-26T22:49:10.127+0000] {dag.py:4180} INFO - Setting next_dagrun for dataset_consumes_1_and_2 to None, run_after=None
[2025-06-26T22:49:10.128+0000] {logging_mixin.py:190} INFO - [2025-06-26T22:49:10.128+0000] {dag.py:4180} INFO - Setting next_dagrun for dataset_consumes_1_never_scheduled to None, run_after=None
[2025-06-26T22:49:10.129+0000] {logging_mixin.py:190} INFO - [2025-06-26T22:49:10.129+0000] {dag.py:4180} INFO - Setting next_dagrun for dataset_consumes_unknown_never_scheduled to None, run_after=None
[2025-06-26T22:49:10.131+0000] {logging_mixin.py:190} INFO - [2025-06-26T22:49:10.131+0000] {dag.py:4180} INFO - Setting next_dagrun for dataset_produces_1 to 2025-06-25 00:00:00+00:00, run_after=2025-06-26 00:00:00+00:00
[2025-06-26T22:49:10.133+0000] {logging_mixin.py:190} INFO - [2025-06-26T22:49:10.133+0000] {dag.py:4180} INFO - Setting next_dagrun for dataset_produces_2 to None, run_after=None
[2025-06-26T22:49:10.167+0000] {processor.py:208} INFO - Processing /home/airflow/.local/lib/python3.12/site-packages/airflow/example_dags/example_datasets.py took 0.288 seconds
[2025-06-26T22:49:40.247+0000] {processor.py:186} INFO - Started process (PID=841) to work on /home/airflow/.local/lib/python3.12/site-packages/airflow/example_dags/example_datasets.py
[2025-06-26T22:49:40.248+0000] {processor.py:914} INFO - Processing file /home/airflow/.local/lib/python3.12/site-packages/airflow/example_dags/example_datasets.py for tasks to queue
[2025-06-26T22:49:40.250+0000] {logging_mixin.py:190} INFO - [2025-06-26T22:49:40.250+0000] {dagbag.py:588} INFO - Filling up the DagBag from /home/airflow/.local/lib/python3.12/site-packages/airflow/example_dags/example_datasets.py
[2025-06-26T22:49:40.396+0000] {processor.py:925} INFO - DAG(s) 'dataset_consumes_1', 'dataset_produces_2', 'consume_1_or_2_with_dataset_expressions', 'consume_1_or_both_2_and_3_with_dataset_expressions', 'dataset_consumes_1_never_scheduled', 'dataset_consumes_unknown_never_scheduled', 'consume_1_and_2_with_dataset_expressions', 'conditional_dataset_and_time_based_timetable', 'dataset_produces_1', 'dataset_consumes_1_and_2' retrieved from /home/airflow/.local/lib/python3.12/site-packages/airflow/example_dags/example_datasets.py
[2025-06-26T22:49:40.442+0000] {logging_mixin.py:190} INFO - [2025-06-26T22:49:40.442+0000] {dag.py:3239} INFO - Sync 10 DAGs
[2025-06-26T22:49:40.465+0000] {logging_mixin.py:190} INFO - [2025-06-26T22:49:40.465+0000] {dag.py:4180} INFO - Setting next_dagrun for conditional_dataset_and_time_based_timetable to 2025-06-25 01:00:00+00:00, run_after=2025-06-25 01:00:00+00:00
[2025-06-26T22:49:40.469+0000] {logging_mixin.py:190} INFO - [2025-06-26T22:49:40.468+0000] {dag.py:4180} INFO - Setting next_dagrun for consume_1_and_2_with_dataset_expressions to None, run_after=None
[2025-06-26T22:49:40.470+0000] {logging_mixin.py:190} INFO - [2025-06-26T22:49:40.470+0000] {dag.py:4180} INFO - Setting next_dagrun for consume_1_or_2_with_dataset_expressions to None, run_after=None
[2025-06-26T22:49:40.471+0000] {logging_mixin.py:190} INFO - [2025-06-26T22:49:40.471+0000] {dag.py:4180} INFO - Setting next_dagrun for consume_1_or_both_2_and_3_with_dataset_expressions to None, run_after=None
[2025-06-26T22:49:40.473+0000] {logging_mixin.py:190} INFO - [2025-06-26T22:49:40.473+0000] {dag.py:4180} INFO - Setting next_dagrun for dataset_consumes_1 to None, run_after=None
[2025-06-26T22:49:40.474+0000] {logging_mixin.py:190} INFO - [2025-06-26T22:49:40.474+0000] {dag.py:4180} INFO - Setting next_dagrun for dataset_consumes_1_and_2 to None, run_after=None
[2025-06-26T22:49:40.475+0000] {logging_mixin.py:190} INFO - [2025-06-26T22:49:40.475+0000] {dag.py:4180} INFO - Setting next_dagrun for dataset_consumes_1_never_scheduled to None, run_after=None
[2025-06-26T22:49:40.476+0000] {logging_mixin.py:190} INFO - [2025-06-26T22:49:40.476+0000] {dag.py:4180} INFO - Setting next_dagrun for dataset_consumes_unknown_never_scheduled to None, run_after=None
[2025-06-26T22:49:40.478+0000] {logging_mixin.py:190} INFO - [2025-06-26T22:49:40.478+0000] {dag.py:4180} INFO - Setting next_dagrun for dataset_produces_1 to 2025-06-25 00:00:00+00:00, run_after=2025-06-26 00:00:00+00:00
[2025-06-26T22:49:40.480+0000] {logging_mixin.py:190} INFO - [2025-06-26T22:49:40.480+0000] {dag.py:4180} INFO - Setting next_dagrun for dataset_produces_2 to None, run_after=None
[2025-06-26T22:49:40.515+0000] {processor.py:208} INFO - Processing /home/airflow/.local/lib/python3.12/site-packages/airflow/example_dags/example_datasets.py took 0.274 seconds
[2025-06-26T22:50:10.726+0000] {processor.py:186} INFO - Started process (PID=903) to work on /home/airflow/.local/lib/python3.12/site-packages/airflow/example_dags/example_datasets.py
[2025-06-26T22:50:10.727+0000] {processor.py:914} INFO - Processing file /home/airflow/.local/lib/python3.12/site-packages/airflow/example_dags/example_datasets.py for tasks to queue
[2025-06-26T22:50:10.731+0000] {logging_mixin.py:190} INFO - [2025-06-26T22:50:10.731+0000] {dagbag.py:588} INFO - Filling up the DagBag from /home/airflow/.local/lib/python3.12/site-packages/airflow/example_dags/example_datasets.py
[2025-06-26T22:50:10.857+0000] {processor.py:925} INFO - DAG(s) 'dataset_produces_2', 'consume_1_or_both_2_and_3_with_dataset_expressions', 'conditional_dataset_and_time_based_timetable', 'dataset_consumes_1_and_2', 'dataset_consumes_1', 'dataset_consumes_unknown_never_scheduled', 'dataset_consumes_1_never_scheduled', 'consume_1_or_2_with_dataset_expressions', 'dataset_produces_1', 'consume_1_and_2_with_dataset_expressions' retrieved from /home/airflow/.local/lib/python3.12/site-packages/airflow/example_dags/example_datasets.py
[2025-06-26T22:50:10.898+0000] {logging_mixin.py:190} INFO - [2025-06-26T22:50:10.897+0000] {dag.py:3239} INFO - Sync 10 DAGs
[2025-06-26T22:50:10.920+0000] {logging_mixin.py:190} INFO - [2025-06-26T22:50:10.920+0000] {dag.py:4180} INFO - Setting next_dagrun for conditional_dataset_and_time_based_timetable to 2025-06-25 01:00:00+00:00, run_after=2025-06-25 01:00:00+00:00
[2025-06-26T22:50:10.923+0000] {logging_mixin.py:190} INFO - [2025-06-26T22:50:10.923+0000] {dag.py:4180} INFO - Setting next_dagrun for consume_1_and_2_with_dataset_expressions to None, run_after=None
[2025-06-26T22:50:10.925+0000] {logging_mixin.py:190} INFO - [2025-06-26T22:50:10.925+0000] {dag.py:4180} INFO - Setting next_dagrun for consume_1_or_2_with_dataset_expressions to None, run_after=None
[2025-06-26T22:50:10.926+0000] {logging_mixin.py:190} INFO - [2025-06-26T22:50:10.926+0000] {dag.py:4180} INFO - Setting next_dagrun for consume_1_or_both_2_and_3_with_dataset_expressions to None, run_after=None
[2025-06-26T22:50:10.927+0000] {logging_mixin.py:190} INFO - [2025-06-26T22:50:10.927+0000] {dag.py:4180} INFO - Setting next_dagrun for dataset_consumes_1 to None, run_after=None
[2025-06-26T22:50:10.928+0000] {logging_mixin.py:190} INFO - [2025-06-26T22:50:10.928+0000] {dag.py:4180} INFO - Setting next_dagrun for dataset_consumes_1_and_2 to None, run_after=None
[2025-06-26T22:50:10.929+0000] {logging_mixin.py:190} INFO - [2025-06-26T22:50:10.929+0000] {dag.py:4180} INFO - Setting next_dagrun for dataset_consumes_1_never_scheduled to None, run_after=None
[2025-06-26T22:50:10.930+0000] {logging_mixin.py:190} INFO - [2025-06-26T22:50:10.930+0000] {dag.py:4180} INFO - Setting next_dagrun for dataset_consumes_unknown_never_scheduled to None, run_after=None
[2025-06-26T22:50:10.932+0000] {logging_mixin.py:190} INFO - [2025-06-26T22:50:10.932+0000] {dag.py:4180} INFO - Setting next_dagrun for dataset_produces_1 to 2025-06-25 00:00:00+00:00, run_after=2025-06-26 00:00:00+00:00
[2025-06-26T22:50:10.933+0000] {logging_mixin.py:190} INFO - [2025-06-26T22:50:10.933+0000] {dag.py:4180} INFO - Setting next_dagrun for dataset_produces_2 to None, run_after=None
[2025-06-26T22:50:10.962+0000] {processor.py:208} INFO - Processing /home/airflow/.local/lib/python3.12/site-packages/airflow/example_dags/example_datasets.py took 0.241 seconds
[2025-06-26T22:50:41.049+0000] {processor.py:186} INFO - Started process (PID=964) to work on /home/airflow/.local/lib/python3.12/site-packages/airflow/example_dags/example_datasets.py
[2025-06-26T22:50:41.050+0000] {processor.py:914} INFO - Processing file /home/airflow/.local/lib/python3.12/site-packages/airflow/example_dags/example_datasets.py for tasks to queue
[2025-06-26T22:50:41.052+0000] {logging_mixin.py:190} INFO - [2025-06-26T22:50:41.052+0000] {dagbag.py:588} INFO - Filling up the DagBag from /home/airflow/.local/lib/python3.12/site-packages/airflow/example_dags/example_datasets.py
[2025-06-26T22:50:41.199+0000] {processor.py:925} INFO - DAG(s) 'dataset_produces_2', 'dataset_consumes_1', 'dataset_consumes_1_never_scheduled', 'dataset_consumes_unknown_never_scheduled', 'consume_1_or_both_2_and_3_with_dataset_expressions', 'conditional_dataset_and_time_based_timetable', 'dataset_produces_1', 'consume_1_and_2_with_dataset_expressions', 'consume_1_or_2_with_dataset_expressions', 'dataset_consumes_1_and_2' retrieved from /home/airflow/.local/lib/python3.12/site-packages/airflow/example_dags/example_datasets.py
[2025-06-26T22:50:41.246+0000] {logging_mixin.py:190} INFO - [2025-06-26T22:50:41.246+0000] {dag.py:3239} INFO - Sync 10 DAGs
[2025-06-26T22:50:41.270+0000] {logging_mixin.py:190} INFO - [2025-06-26T22:50:41.270+0000] {dag.py:4180} INFO - Setting next_dagrun for conditional_dataset_and_time_based_timetable to 2025-06-25 01:00:00+00:00, run_after=2025-06-25 01:00:00+00:00
[2025-06-26T22:50:41.274+0000] {logging_mixin.py:190} INFO - [2025-06-26T22:50:41.274+0000] {dag.py:4180} INFO - Setting next_dagrun for consume_1_and_2_with_dataset_expressions to None, run_after=None
[2025-06-26T22:50:41.276+0000] {logging_mixin.py:190} INFO - [2025-06-26T22:50:41.276+0000] {dag.py:4180} INFO - Setting next_dagrun for consume_1_or_2_with_dataset_expressions to None, run_after=None
[2025-06-26T22:50:41.278+0000] {logging_mixin.py:190} INFO - [2025-06-26T22:50:41.278+0000] {dag.py:4180} INFO - Setting next_dagrun for consume_1_or_both_2_and_3_with_dataset_expressions to None, run_after=None
[2025-06-26T22:50:41.280+0000] {logging_mixin.py:190} INFO - [2025-06-26T22:50:41.280+0000] {dag.py:4180} INFO - Setting next_dagrun for dataset_consumes_1 to None, run_after=None
[2025-06-26T22:50:41.282+0000] {logging_mixin.py:190} INFO - [2025-06-26T22:50:41.282+0000] {dag.py:4180} INFO - Setting next_dagrun for dataset_consumes_1_and_2 to None, run_after=None
[2025-06-26T22:50:41.284+0000] {logging_mixin.py:190} INFO - [2025-06-26T22:50:41.284+0000] {dag.py:4180} INFO - Setting next_dagrun for dataset_consumes_1_never_scheduled to None, run_after=None
[2025-06-26T22:50:41.285+0000] {logging_mixin.py:190} INFO - [2025-06-26T22:50:41.285+0000] {dag.py:4180} INFO - Setting next_dagrun for dataset_consumes_unknown_never_scheduled to None, run_after=None
[2025-06-26T22:50:41.288+0000] {logging_mixin.py:190} INFO - [2025-06-26T22:50:41.287+0000] {dag.py:4180} INFO - Setting next_dagrun for dataset_produces_1 to 2025-06-25 00:00:00+00:00, run_after=2025-06-26 00:00:00+00:00
[2025-06-26T22:50:41.289+0000] {logging_mixin.py:190} INFO - [2025-06-26T22:50:41.289+0000] {dag.py:4180} INFO - Setting next_dagrun for dataset_produces_2 to None, run_after=None
[2025-06-26T22:50:41.324+0000] {processor.py:208} INFO - Processing /home/airflow/.local/lib/python3.12/site-packages/airflow/example_dags/example_datasets.py took 0.281 seconds
[2025-06-26T22:51:11.637+0000] {processor.py:186} INFO - Started process (PID=1026) to work on /home/airflow/.local/lib/python3.12/site-packages/airflow/example_dags/example_datasets.py
[2025-06-26T22:51:11.638+0000] {processor.py:914} INFO - Processing file /home/airflow/.local/lib/python3.12/site-packages/airflow/example_dags/example_datasets.py for tasks to queue
[2025-06-26T22:51:11.640+0000] {logging_mixin.py:190} INFO - [2025-06-26T22:51:11.640+0000] {dagbag.py:588} INFO - Filling up the DagBag from /home/airflow/.local/lib/python3.12/site-packages/airflow/example_dags/example_datasets.py
[2025-06-26T22:51:11.789+0000] {processor.py:925} INFO - DAG(s) 'dataset_consumes_1_and_2', 'dataset_consumes_1_never_scheduled', 'consume_1_or_2_with_dataset_expressions', 'dataset_produces_1', 'consume_1_and_2_with_dataset_expressions', 'dataset_consumes_1', 'dataset_produces_2', 'conditional_dataset_and_time_based_timetable', 'consume_1_or_both_2_and_3_with_dataset_expressions', 'dataset_consumes_unknown_never_scheduled' retrieved from /home/airflow/.local/lib/python3.12/site-packages/airflow/example_dags/example_datasets.py
[2025-06-26T22:51:11.828+0000] {logging_mixin.py:190} INFO - [2025-06-26T22:51:11.828+0000] {dag.py:3239} INFO - Sync 10 DAGs
[2025-06-26T22:51:11.848+0000] {logging_mixin.py:190} INFO - [2025-06-26T22:51:11.848+0000] {dag.py:4180} INFO - Setting next_dagrun for conditional_dataset_and_time_based_timetable to 2025-06-25 01:00:00+00:00, run_after=2025-06-25 01:00:00+00:00
[2025-06-26T22:51:11.851+0000] {logging_mixin.py:190} INFO - [2025-06-26T22:51:11.851+0000] {dag.py:4180} INFO - Setting next_dagrun for consume_1_and_2_with_dataset_expressions to None, run_after=None
[2025-06-26T22:51:11.852+0000] {logging_mixin.py:190} INFO - [2025-06-26T22:51:11.852+0000] {dag.py:4180} INFO - Setting next_dagrun for consume_1_or_2_with_dataset_expressions to None, run_after=None
[2025-06-26T22:51:11.853+0000] {logging_mixin.py:190} INFO - [2025-06-26T22:51:11.853+0000] {dag.py:4180} INFO - Setting next_dagrun for consume_1_or_both_2_and_3_with_dataset_expressions to None, run_after=None
[2025-06-26T22:51:11.854+0000] {logging_mixin.py:190} INFO - [2025-06-26T22:51:11.854+0000] {dag.py:4180} INFO - Setting next_dagrun for dataset_consumes_1 to None, run_after=None
[2025-06-26T22:51:11.855+0000] {logging_mixin.py:190} INFO - [2025-06-26T22:51:11.855+0000] {dag.py:4180} INFO - Setting next_dagrun for dataset_consumes_1_and_2 to None, run_after=None
[2025-06-26T22:51:11.856+0000] {logging_mixin.py:190} INFO - [2025-06-26T22:51:11.856+0000] {dag.py:4180} INFO - Setting next_dagrun for dataset_consumes_1_never_scheduled to None, run_after=None
[2025-06-26T22:51:11.857+0000] {logging_mixin.py:190} INFO - [2025-06-26T22:51:11.857+0000] {dag.py:4180} INFO - Setting next_dagrun for dataset_consumes_unknown_never_scheduled to None, run_after=None
[2025-06-26T22:51:11.859+0000] {logging_mixin.py:190} INFO - [2025-06-26T22:51:11.859+0000] {dag.py:4180} INFO - Setting next_dagrun for dataset_produces_1 to 2025-06-25 00:00:00+00:00, run_after=2025-06-26 00:00:00+00:00
[2025-06-26T22:51:11.860+0000] {logging_mixin.py:190} INFO - [2025-06-26T22:51:11.860+0000] {dag.py:4180} INFO - Setting next_dagrun for dataset_produces_2 to None, run_after=None
[2025-06-26T22:51:11.890+0000] {processor.py:208} INFO - Processing /home/airflow/.local/lib/python3.12/site-packages/airflow/example_dags/example_datasets.py took 0.259 seconds
[2025-06-26T22:51:41.958+0000] {processor.py:186} INFO - Started process (PID=1090) to work on /home/airflow/.local/lib/python3.12/site-packages/airflow/example_dags/example_datasets.py
[2025-06-26T22:51:41.959+0000] {processor.py:914} INFO - Processing file /home/airflow/.local/lib/python3.12/site-packages/airflow/example_dags/example_datasets.py for tasks to queue
[2025-06-26T22:51:41.961+0000] {logging_mixin.py:190} INFO - [2025-06-26T22:51:41.961+0000] {dagbag.py:588} INFO - Filling up the DagBag from /home/airflow/.local/lib/python3.12/site-packages/airflow/example_dags/example_datasets.py
[2025-06-26T22:51:42.081+0000] {processor.py:925} INFO - DAG(s) 'dataset_consumes_unknown_never_scheduled', 'dataset_consumes_1_never_scheduled', 'conditional_dataset_and_time_based_timetable', 'consume_1_and_2_with_dataset_expressions', 'dataset_produces_1', 'dataset_produces_2', 'consume_1_or_2_with_dataset_expressions', 'consume_1_or_both_2_and_3_with_dataset_expressions', 'dataset_consumes_1_and_2', 'dataset_consumes_1' retrieved from /home/airflow/.local/lib/python3.12/site-packages/airflow/example_dags/example_datasets.py
[2025-06-26T22:51:42.120+0000] {logging_mixin.py:190} INFO - [2025-06-26T22:51:42.120+0000] {dag.py:3239} INFO - Sync 10 DAGs
[2025-06-26T22:51:42.140+0000] {logging_mixin.py:190} INFO - [2025-06-26T22:51:42.140+0000] {dag.py:4180} INFO - Setting next_dagrun for conditional_dataset_and_time_based_timetable to 2025-06-25 01:00:00+00:00, run_after=2025-06-25 01:00:00+00:00
[2025-06-26T22:51:42.143+0000] {logging_mixin.py:190} INFO - [2025-06-26T22:51:42.143+0000] {dag.py:4180} INFO - Setting next_dagrun for consume_1_and_2_with_dataset_expressions to None, run_after=None
[2025-06-26T22:51:42.144+0000] {logging_mixin.py:190} INFO - [2025-06-26T22:51:42.144+0000] {dag.py:4180} INFO - Setting next_dagrun for consume_1_or_2_with_dataset_expressions to None, run_after=None
[2025-06-26T22:51:42.145+0000] {logging_mixin.py:190} INFO - [2025-06-26T22:51:42.145+0000] {dag.py:4180} INFO - Setting next_dagrun for consume_1_or_both_2_and_3_with_dataset_expressions to None, run_after=None
[2025-06-26T22:51:42.146+0000] {logging_mixin.py:190} INFO - [2025-06-26T22:51:42.146+0000] {dag.py:4180} INFO - Setting next_dagrun for dataset_consumes_1 to None, run_after=None
[2025-06-26T22:51:42.148+0000] {logging_mixin.py:190} INFO - [2025-06-26T22:51:42.148+0000] {dag.py:4180} INFO - Setting next_dagrun for dataset_consumes_1_and_2 to None, run_after=None
[2025-06-26T22:51:42.149+0000] {logging_mixin.py:190} INFO - [2025-06-26T22:51:42.149+0000] {dag.py:4180} INFO - Setting next_dagrun for dataset_consumes_1_never_scheduled to None, run_after=None
[2025-06-26T22:51:42.150+0000] {logging_mixin.py:190} INFO - [2025-06-26T22:51:42.150+0000] {dag.py:4180} INFO - Setting next_dagrun for dataset_consumes_unknown_never_scheduled to None, run_after=None
[2025-06-26T22:51:42.152+0000] {logging_mixin.py:190} INFO - [2025-06-26T22:51:42.151+0000] {dag.py:4180} INFO - Setting next_dagrun for dataset_produces_1 to 2025-06-25 00:00:00+00:00, run_after=2025-06-26 00:00:00+00:00
[2025-06-26T22:51:42.153+0000] {logging_mixin.py:190} INFO - [2025-06-26T22:51:42.152+0000] {dag.py:4180} INFO - Setting next_dagrun for dataset_produces_2 to None, run_after=None
[2025-06-26T22:51:42.181+0000] {processor.py:208} INFO - Processing /home/airflow/.local/lib/python3.12/site-packages/airflow/example_dags/example_datasets.py took 0.229 seconds
[2025-06-26T22:52:12.285+0000] {processor.py:186} INFO - Started process (PID=1152) to work on /home/airflow/.local/lib/python3.12/site-packages/airflow/example_dags/example_datasets.py
[2025-06-26T22:52:12.286+0000] {processor.py:914} INFO - Processing file /home/airflow/.local/lib/python3.12/site-packages/airflow/example_dags/example_datasets.py for tasks to queue
[2025-06-26T22:52:12.288+0000] {logging_mixin.py:190} INFO - [2025-06-26T22:52:12.288+0000] {dagbag.py:588} INFO - Filling up the DagBag from /home/airflow/.local/lib/python3.12/site-packages/airflow/example_dags/example_datasets.py
[2025-06-26T22:52:12.405+0000] {processor.py:925} INFO - DAG(s) 'consume_1_and_2_with_dataset_expressions', 'dataset_consumes_unknown_never_scheduled', 'dataset_consumes_1_never_scheduled', 'dataset_consumes_1', 'consume_1_or_2_with_dataset_expressions', 'conditional_dataset_and_time_based_timetable', 'dataset_produces_1', 'dataset_consumes_1_and_2', 'dataset_produces_2', 'consume_1_or_both_2_and_3_with_dataset_expressions' retrieved from /home/airflow/.local/lib/python3.12/site-packages/airflow/example_dags/example_datasets.py
[2025-06-26T22:52:12.439+0000] {logging_mixin.py:190} INFO - [2025-06-26T22:52:12.439+0000] {dag.py:3239} INFO - Sync 10 DAGs
[2025-06-26T22:52:12.461+0000] {logging_mixin.py:190} INFO - [2025-06-26T22:52:12.461+0000] {dag.py:4180} INFO - Setting next_dagrun for conditional_dataset_and_time_based_timetable to 2025-06-25 01:00:00+00:00, run_after=2025-06-25 01:00:00+00:00
[2025-06-26T22:52:12.464+0000] {logging_mixin.py:190} INFO - [2025-06-26T22:52:12.463+0000] {dag.py:4180} INFO - Setting next_dagrun for consume_1_and_2_with_dataset_expressions to None, run_after=None
[2025-06-26T22:52:12.465+0000] {logging_mixin.py:190} INFO - [2025-06-26T22:52:12.465+0000] {dag.py:4180} INFO - Setting next_dagrun for consume_1_or_2_with_dataset_expressions to None, run_after=None
[2025-06-26T22:52:12.466+0000] {logging_mixin.py:190} INFO - [2025-06-26T22:52:12.466+0000] {dag.py:4180} INFO - Setting next_dagrun for consume_1_or_both_2_and_3_with_dataset_expressions to None, run_after=None
[2025-06-26T22:52:12.467+0000] {logging_mixin.py:190} INFO - [2025-06-26T22:52:12.467+0000] {dag.py:4180} INFO - Setting next_dagrun for dataset_consumes_1 to None, run_after=None
[2025-06-26T22:52:12.468+0000] {logging_mixin.py:190} INFO - [2025-06-26T22:52:12.468+0000] {dag.py:4180} INFO - Setting next_dagrun for dataset_consumes_1_and_2 to None, run_after=None
[2025-06-26T22:52:12.469+0000] {logging_mixin.py:190} INFO - [2025-06-26T22:52:12.469+0000] {dag.py:4180} INFO - Setting next_dagrun for dataset_consumes_1_never_scheduled to None, run_after=None
[2025-06-26T22:52:12.470+0000] {logging_mixin.py:190} INFO - [2025-06-26T22:52:12.470+0000] {dag.py:4180} INFO - Setting next_dagrun for dataset_consumes_unknown_never_scheduled to None, run_after=None
[2025-06-26T22:52:12.472+0000] {logging_mixin.py:190} INFO - [2025-06-26T22:52:12.472+0000] {dag.py:4180} INFO - Setting next_dagrun for dataset_produces_1 to 2025-06-25 00:00:00+00:00, run_after=2025-06-26 00:00:00+00:00
[2025-06-26T22:52:12.473+0000] {logging_mixin.py:190} INFO - [2025-06-26T22:52:12.473+0000] {dag.py:4180} INFO - Setting next_dagrun for dataset_produces_2 to None, run_after=None
[2025-06-26T22:52:12.498+0000] {processor.py:208} INFO - Processing /home/airflow/.local/lib/python3.12/site-packages/airflow/example_dags/example_datasets.py took 0.219 seconds
[2025-06-26T22:52:43.405+0000] {processor.py:186} INFO - Started process (PID=1214) to work on /home/airflow/.local/lib/python3.12/site-packages/airflow/example_dags/example_datasets.py
[2025-06-26T22:52:43.406+0000] {processor.py:914} INFO - Processing file /home/airflow/.local/lib/python3.12/site-packages/airflow/example_dags/example_datasets.py for tasks to queue
[2025-06-26T22:52:43.409+0000] {logging_mixin.py:190} INFO - [2025-06-26T22:52:43.408+0000] {dagbag.py:588} INFO - Filling up the DagBag from /home/airflow/.local/lib/python3.12/site-packages/airflow/example_dags/example_datasets.py
[2025-06-26T22:52:43.544+0000] {processor.py:925} INFO - DAG(s) 'consume_1_or_2_with_dataset_expressions', 'dataset_consumes_1_never_scheduled', 'consume_1_and_2_with_dataset_expressions', 'dataset_consumes_unknown_never_scheduled', 'dataset_produces_2', 'consume_1_or_both_2_and_3_with_dataset_expressions', 'dataset_consumes_1', 'conditional_dataset_and_time_based_timetable', 'dataset_consumes_1_and_2', 'dataset_produces_1' retrieved from /home/airflow/.local/lib/python3.12/site-packages/airflow/example_dags/example_datasets.py
[2025-06-26T22:52:43.585+0000] {logging_mixin.py:190} INFO - [2025-06-26T22:52:43.585+0000] {dag.py:3239} INFO - Sync 10 DAGs
[2025-06-26T22:52:43.607+0000] {logging_mixin.py:190} INFO - [2025-06-26T22:52:43.607+0000] {dag.py:4180} INFO - Setting next_dagrun for conditional_dataset_and_time_based_timetable to 2025-06-25 01:00:00+00:00, run_after=2025-06-25 01:00:00+00:00
[2025-06-26T22:52:43.610+0000] {logging_mixin.py:190} INFO - [2025-06-26T22:52:43.610+0000] {dag.py:4180} INFO - Setting next_dagrun for consume_1_and_2_with_dataset_expressions to None, run_after=None
[2025-06-26T22:52:43.612+0000] {logging_mixin.py:190} INFO - [2025-06-26T22:52:43.611+0000] {dag.py:4180} INFO - Setting next_dagrun for consume_1_or_2_with_dataset_expressions to None, run_after=None
[2025-06-26T22:52:43.613+0000] {logging_mixin.py:190} INFO - [2025-06-26T22:52:43.612+0000] {dag.py:4180} INFO - Setting next_dagrun for consume_1_or_both_2_and_3_with_dataset_expressions to None, run_after=None
[2025-06-26T22:52:43.614+0000] {logging_mixin.py:190} INFO - [2025-06-26T22:52:43.613+0000] {dag.py:4180} INFO - Setting next_dagrun for dataset_consumes_1 to None, run_after=None
[2025-06-26T22:52:43.615+0000] {logging_mixin.py:190} INFO - [2025-06-26T22:52:43.614+0000] {dag.py:4180} INFO - Setting next_dagrun for dataset_consumes_1_and_2 to None, run_after=None
[2025-06-26T22:52:43.616+0000] {logging_mixin.py:190} INFO - [2025-06-26T22:52:43.616+0000] {dag.py:4180} INFO - Setting next_dagrun for dataset_consumes_1_never_scheduled to None, run_after=None
[2025-06-26T22:52:43.617+0000] {logging_mixin.py:190} INFO - [2025-06-26T22:52:43.617+0000] {dag.py:4180} INFO - Setting next_dagrun for dataset_consumes_unknown_never_scheduled to None, run_after=None
[2025-06-26T22:52:43.619+0000] {logging_mixin.py:190} INFO - [2025-06-26T22:52:43.619+0000] {dag.py:4180} INFO - Setting next_dagrun for dataset_produces_1 to 2025-06-25 00:00:00+00:00, run_after=2025-06-26 00:00:00+00:00
[2025-06-26T22:52:43.620+0000] {logging_mixin.py:190} INFO - [2025-06-26T22:52:43.620+0000] {dag.py:4180} INFO - Setting next_dagrun for dataset_produces_2 to None, run_after=None
[2025-06-26T22:52:43.648+0000] {processor.py:208} INFO - Processing /home/airflow/.local/lib/python3.12/site-packages/airflow/example_dags/example_datasets.py took 0.250 seconds
[2025-06-26T22:53:13.868+0000] {processor.py:186} INFO - Started process (PID=1276) to work on /home/airflow/.local/lib/python3.12/site-packages/airflow/example_dags/example_datasets.py
[2025-06-26T22:53:13.869+0000] {processor.py:914} INFO - Processing file /home/airflow/.local/lib/python3.12/site-packages/airflow/example_dags/example_datasets.py for tasks to queue
[2025-06-26T22:53:13.872+0000] {logging_mixin.py:190} INFO - [2025-06-26T22:53:13.872+0000] {dagbag.py:588} INFO - Filling up the DagBag from /home/airflow/.local/lib/python3.12/site-packages/airflow/example_dags/example_datasets.py
[2025-06-26T22:53:14.028+0000] {processor.py:925} INFO - DAG(s) 'dataset_produces_2', 'dataset_consumes_1', 'dataset_produces_1', 'consume_1_or_2_with_dataset_expressions', 'dataset_consumes_1_never_scheduled', 'consume_1_and_2_with_dataset_expressions', 'consume_1_or_both_2_and_3_with_dataset_expressions', 'dataset_consumes_1_and_2', 'dataset_consumes_unknown_never_scheduled', 'conditional_dataset_and_time_based_timetable' retrieved from /home/airflow/.local/lib/python3.12/site-packages/airflow/example_dags/example_datasets.py
[2025-06-26T22:53:14.077+0000] {logging_mixin.py:190} INFO - [2025-06-26T22:53:14.077+0000] {dag.py:3239} INFO - Sync 10 DAGs
[2025-06-26T22:53:14.105+0000] {logging_mixin.py:190} INFO - [2025-06-26T22:53:14.105+0000] {dag.py:4180} INFO - Setting next_dagrun for conditional_dataset_and_time_based_timetable to 2025-06-25 01:00:00+00:00, run_after=2025-06-25 01:00:00+00:00
[2025-06-26T22:53:14.109+0000] {logging_mixin.py:190} INFO - [2025-06-26T22:53:14.108+0000] {dag.py:4180} INFO - Setting next_dagrun for consume_1_and_2_with_dataset_expressions to None, run_after=None
[2025-06-26T22:53:14.110+0000] {logging_mixin.py:190} INFO - [2025-06-26T22:53:14.110+0000] {dag.py:4180} INFO - Setting next_dagrun for consume_1_or_2_with_dataset_expressions to None, run_after=None
[2025-06-26T22:53:14.112+0000] {logging_mixin.py:190} INFO - [2025-06-26T22:53:14.112+0000] {dag.py:4180} INFO - Setting next_dagrun for consume_1_or_both_2_and_3_with_dataset_expressions to None, run_after=None
[2025-06-26T22:53:14.113+0000] {logging_mixin.py:190} INFO - [2025-06-26T22:53:14.113+0000] {dag.py:4180} INFO - Setting next_dagrun for dataset_consumes_1 to None, run_after=None
[2025-06-26T22:53:14.115+0000] {logging_mixin.py:190} INFO - [2025-06-26T22:53:14.114+0000] {dag.py:4180} INFO - Setting next_dagrun for dataset_consumes_1_and_2 to None, run_after=None
[2025-06-26T22:53:14.116+0000] {logging_mixin.py:190} INFO - [2025-06-26T22:53:14.116+0000] {dag.py:4180} INFO - Setting next_dagrun for dataset_consumes_1_never_scheduled to None, run_after=None
[2025-06-26T22:53:14.117+0000] {logging_mixin.py:190} INFO - [2025-06-26T22:53:14.117+0000] {dag.py:4180} INFO - Setting next_dagrun for dataset_consumes_unknown_never_scheduled to None, run_after=None
[2025-06-26T22:53:14.119+0000] {logging_mixin.py:190} INFO - [2025-06-26T22:53:14.119+0000] {dag.py:4180} INFO - Setting next_dagrun for dataset_produces_1 to 2025-06-25 00:00:00+00:00, run_after=2025-06-26 00:00:00+00:00
[2025-06-26T22:53:14.121+0000] {logging_mixin.py:190} INFO - [2025-06-26T22:53:14.120+0000] {dag.py:4180} INFO - Setting next_dagrun for dataset_produces_2 to None, run_after=None
[2025-06-26T22:53:14.155+0000] {processor.py:208} INFO - Processing /home/airflow/.local/lib/python3.12/site-packages/airflow/example_dags/example_datasets.py took 0.293 seconds
[2025-06-26T22:53:44.194+0000] {processor.py:186} INFO - Started process (PID=1338) to work on /home/airflow/.local/lib/python3.12/site-packages/airflow/example_dags/example_datasets.py
[2025-06-26T22:53:44.195+0000] {processor.py:914} INFO - Processing file /home/airflow/.local/lib/python3.12/site-packages/airflow/example_dags/example_datasets.py for tasks to queue
[2025-06-26T22:53:44.197+0000] {logging_mixin.py:190} INFO - [2025-06-26T22:53:44.197+0000] {dagbag.py:588} INFO - Filling up the DagBag from /home/airflow/.local/lib/python3.12/site-packages/airflow/example_dags/example_datasets.py
[2025-06-26T22:53:44.331+0000] {processor.py:925} INFO - DAG(s) 'consume_1_and_2_with_dataset_expressions', 'dataset_consumes_unknown_never_scheduled', 'dataset_consumes_1_and_2', 'consume_1_or_2_with_dataset_expressions', 'dataset_consumes_1', 'dataset_produces_2', 'dataset_produces_1', 'conditional_dataset_and_time_based_timetable', 'consume_1_or_both_2_and_3_with_dataset_expressions', 'dataset_consumes_1_never_scheduled' retrieved from /home/airflow/.local/lib/python3.12/site-packages/airflow/example_dags/example_datasets.py
[2025-06-26T22:53:44.364+0000] {logging_mixin.py:190} INFO - [2025-06-26T22:53:44.364+0000] {dag.py:3239} INFO - Sync 10 DAGs
[2025-06-26T22:53:44.385+0000] {logging_mixin.py:190} INFO - [2025-06-26T22:53:44.385+0000] {dag.py:4180} INFO - Setting next_dagrun for conditional_dataset_and_time_based_timetable to 2025-06-25 01:00:00+00:00, run_after=2025-06-25 01:00:00+00:00
[2025-06-26T22:53:44.388+0000] {logging_mixin.py:190} INFO - [2025-06-26T22:53:44.388+0000] {dag.py:4180} INFO - Setting next_dagrun for consume_1_and_2_with_dataset_expressions to None, run_after=None
[2025-06-26T22:53:44.390+0000] {logging_mixin.py:190} INFO - [2025-06-26T22:53:44.389+0000] {dag.py:4180} INFO - Setting next_dagrun for consume_1_or_2_with_dataset_expressions to None, run_after=None
[2025-06-26T22:53:44.391+0000] {logging_mixin.py:190} INFO - [2025-06-26T22:53:44.391+0000] {dag.py:4180} INFO - Setting next_dagrun for consume_1_or_both_2_and_3_with_dataset_expressions to None, run_after=None
[2025-06-26T22:53:44.392+0000] {logging_mixin.py:190} INFO - [2025-06-26T22:53:44.392+0000] {dag.py:4180} INFO - Setting next_dagrun for dataset_consumes_1 to None, run_after=None
[2025-06-26T22:53:44.395+0000] {logging_mixin.py:190} INFO - [2025-06-26T22:53:44.394+0000] {dag.py:4180} INFO - Setting next_dagrun for dataset_consumes_1_and_2 to None, run_after=None
[2025-06-26T22:53:44.396+0000] {logging_mixin.py:190} INFO - [2025-06-26T22:53:44.396+0000] {dag.py:4180} INFO - Setting next_dagrun for dataset_consumes_1_never_scheduled to None, run_after=None
[2025-06-26T22:53:44.397+0000] {logging_mixin.py:190} INFO - [2025-06-26T22:53:44.397+0000] {dag.py:4180} INFO - Setting next_dagrun for dataset_consumes_unknown_never_scheduled to None, run_after=None
[2025-06-26T22:53:44.399+0000] {logging_mixin.py:190} INFO - [2025-06-26T22:53:44.399+0000] {dag.py:4180} INFO - Setting next_dagrun for dataset_produces_1 to 2025-06-25 00:00:00+00:00, run_after=2025-06-26 00:00:00+00:00
[2025-06-26T22:53:44.400+0000] {logging_mixin.py:190} INFO - [2025-06-26T22:53:44.400+0000] {dag.py:4180} INFO - Setting next_dagrun for dataset_produces_2 to None, run_after=None
[2025-06-26T22:53:44.430+0000] {processor.py:208} INFO - Processing /home/airflow/.local/lib/python3.12/site-packages/airflow/example_dags/example_datasets.py took 0.242 seconds
[2025-06-26T22:54:14.600+0000] {processor.py:186} INFO - Started process (PID=1400) to work on /home/airflow/.local/lib/python3.12/site-packages/airflow/example_dags/example_datasets.py
[2025-06-26T22:54:14.601+0000] {processor.py:914} INFO - Processing file /home/airflow/.local/lib/python3.12/site-packages/airflow/example_dags/example_datasets.py for tasks to queue
[2025-06-26T22:54:14.604+0000] {logging_mixin.py:190} INFO - [2025-06-26T22:54:14.603+0000] {dagbag.py:588} INFO - Filling up the DagBag from /home/airflow/.local/lib/python3.12/site-packages/airflow/example_dags/example_datasets.py
[2025-06-26T22:54:14.761+0000] {processor.py:925} INFO - DAG(s) 'consume_1_or_both_2_and_3_with_dataset_expressions', 'dataset_consumes_1_never_scheduled', 'dataset_consumes_unknown_never_scheduled', 'dataset_consumes_1_and_2', 'dataset_produces_2', 'consume_1_and_2_with_dataset_expressions', 'consume_1_or_2_with_dataset_expressions', 'dataset_produces_1', 'conditional_dataset_and_time_based_timetable', 'dataset_consumes_1' retrieved from /home/airflow/.local/lib/python3.12/site-packages/airflow/example_dags/example_datasets.py
[2025-06-26T22:54:14.802+0000] {logging_mixin.py:190} INFO - [2025-06-26T22:54:14.801+0000] {dag.py:3239} INFO - Sync 10 DAGs
[2025-06-26T22:54:14.823+0000] {logging_mixin.py:190} INFO - [2025-06-26T22:54:14.823+0000] {dag.py:4180} INFO - Setting next_dagrun for conditional_dataset_and_time_based_timetable to 2025-06-25 01:00:00+00:00, run_after=2025-06-25 01:00:00+00:00
[2025-06-26T22:54:14.826+0000] {logging_mixin.py:190} INFO - [2025-06-26T22:54:14.826+0000] {dag.py:4180} INFO - Setting next_dagrun for consume_1_and_2_with_dataset_expressions to None, run_after=None
[2025-06-26T22:54:14.828+0000] {logging_mixin.py:190} INFO - [2025-06-26T22:54:14.828+0000] {dag.py:4180} INFO - Setting next_dagrun for consume_1_or_2_with_dataset_expressions to None, run_after=None
[2025-06-26T22:54:14.829+0000] {logging_mixin.py:190} INFO - [2025-06-26T22:54:14.829+0000] {dag.py:4180} INFO - Setting next_dagrun for consume_1_or_both_2_and_3_with_dataset_expressions to None, run_after=None
[2025-06-26T22:54:14.831+0000] {logging_mixin.py:190} INFO - [2025-06-26T22:54:14.831+0000] {dag.py:4180} INFO - Setting next_dagrun for dataset_consumes_1 to None, run_after=None
[2025-06-26T22:54:14.833+0000] {logging_mixin.py:190} INFO - [2025-06-26T22:54:14.833+0000] {dag.py:4180} INFO - Setting next_dagrun for dataset_consumes_1_and_2 to None, run_after=None
[2025-06-26T22:54:14.834+0000] {logging_mixin.py:190} INFO - [2025-06-26T22:54:14.834+0000] {dag.py:4180} INFO - Setting next_dagrun for dataset_consumes_1_never_scheduled to None, run_after=None
[2025-06-26T22:54:14.835+0000] {logging_mixin.py:190} INFO - [2025-06-26T22:54:14.835+0000] {dag.py:4180} INFO - Setting next_dagrun for dataset_consumes_unknown_never_scheduled to None, run_after=None
[2025-06-26T22:54:14.838+0000] {logging_mixin.py:190} INFO - [2025-06-26T22:54:14.838+0000] {dag.py:4180} INFO - Setting next_dagrun for dataset_produces_1 to 2025-06-25 00:00:00+00:00, run_after=2025-06-26 00:00:00+00:00
[2025-06-26T22:54:14.840+0000] {logging_mixin.py:190} INFO - [2025-06-26T22:54:14.840+0000] {dag.py:4180} INFO - Setting next_dagrun for dataset_produces_2 to None, run_after=None
[2025-06-26T22:54:14.876+0000] {processor.py:208} INFO - Processing /home/airflow/.local/lib/python3.12/site-packages/airflow/example_dags/example_datasets.py took 0.281 seconds
[2025-06-26T22:54:45.058+0000] {processor.py:186} INFO - Started process (PID=1462) to work on /home/airflow/.local/lib/python3.12/site-packages/airflow/example_dags/example_datasets.py
[2025-06-26T22:54:45.059+0000] {processor.py:914} INFO - Processing file /home/airflow/.local/lib/python3.12/site-packages/airflow/example_dags/example_datasets.py for tasks to queue
[2025-06-26T22:54:45.062+0000] {logging_mixin.py:190} INFO - [2025-06-26T22:54:45.062+0000] {dagbag.py:588} INFO - Filling up the DagBag from /home/airflow/.local/lib/python3.12/site-packages/airflow/example_dags/example_datasets.py
[2025-06-26T22:54:45.234+0000] {processor.py:925} INFO - DAG(s) 'dataset_produces_2', 'consume_1_or_2_with_dataset_expressions', 'conditional_dataset_and_time_based_timetable', 'dataset_consumes_1', 'dataset_produces_1', 'consume_1_or_both_2_and_3_with_dataset_expressions', 'dataset_consumes_unknown_never_scheduled', 'dataset_consumes_1_never_scheduled', 'dataset_consumes_1_and_2', 'consume_1_and_2_with_dataset_expressions' retrieved from /home/airflow/.local/lib/python3.12/site-packages/airflow/example_dags/example_datasets.py
[2025-06-26T22:54:45.294+0000] {logging_mixin.py:190} INFO - [2025-06-26T22:54:45.294+0000] {dag.py:3239} INFO - Sync 10 DAGs
[2025-06-26T22:54:45.330+0000] {logging_mixin.py:190} INFO - [2025-06-26T22:54:45.330+0000] {dag.py:4180} INFO - Setting next_dagrun for conditional_dataset_and_time_based_timetable to 2025-06-25 01:00:00+00:00, run_after=2025-06-25 01:00:00+00:00
[2025-06-26T22:54:45.335+0000] {logging_mixin.py:190} INFO - [2025-06-26T22:54:45.335+0000] {dag.py:4180} INFO - Setting next_dagrun for consume_1_and_2_with_dataset_expressions to None, run_after=None
[2025-06-26T22:54:45.338+0000] {logging_mixin.py:190} INFO - [2025-06-26T22:54:45.338+0000] {dag.py:4180} INFO - Setting next_dagrun for consume_1_or_2_with_dataset_expressions to None, run_after=None
[2025-06-26T22:54:45.340+0000] {logging_mixin.py:190} INFO - [2025-06-26T22:54:45.340+0000] {dag.py:4180} INFO - Setting next_dagrun for consume_1_or_both_2_and_3_with_dataset_expressions to None, run_after=None
[2025-06-26T22:54:45.342+0000] {logging_mixin.py:190} INFO - [2025-06-26T22:54:45.341+0000] {dag.py:4180} INFO - Setting next_dagrun for dataset_consumes_1 to None, run_after=None
[2025-06-26T22:54:45.344+0000] {logging_mixin.py:190} INFO - [2025-06-26T22:54:45.344+0000] {dag.py:4180} INFO - Setting next_dagrun for dataset_consumes_1_and_2 to None, run_after=None
[2025-06-26T22:54:45.346+0000] {logging_mixin.py:190} INFO - [2025-06-26T22:54:45.346+0000] {dag.py:4180} INFO - Setting next_dagrun for dataset_consumes_1_never_scheduled to None, run_after=None
[2025-06-26T22:54:45.348+0000] {logging_mixin.py:190} INFO - [2025-06-26T22:54:45.347+0000] {dag.py:4180} INFO - Setting next_dagrun for dataset_consumes_unknown_never_scheduled to None, run_after=None
[2025-06-26T22:54:45.353+0000] {logging_mixin.py:190} INFO - [2025-06-26T22:54:45.352+0000] {dag.py:4180} INFO - Setting next_dagrun for dataset_produces_1 to 2025-06-25 00:00:00+00:00, run_after=2025-06-26 00:00:00+00:00
[2025-06-26T22:54:45.355+0000] {logging_mixin.py:190} INFO - [2025-06-26T22:54:45.355+0000] {dag.py:4180} INFO - Setting next_dagrun for dataset_produces_2 to None, run_after=None
[2025-06-26T22:54:45.397+0000] {processor.py:208} INFO - Processing /home/airflow/.local/lib/python3.12/site-packages/airflow/example_dags/example_datasets.py took 0.346 seconds
[2025-06-26T22:55:15.564+0000] {processor.py:186} INFO - Started process (PID=1524) to work on /home/airflow/.local/lib/python3.12/site-packages/airflow/example_dags/example_datasets.py
[2025-06-26T22:55:15.565+0000] {processor.py:914} INFO - Processing file /home/airflow/.local/lib/python3.12/site-packages/airflow/example_dags/example_datasets.py for tasks to queue
[2025-06-26T22:55:15.567+0000] {logging_mixin.py:190} INFO - [2025-06-26T22:55:15.567+0000] {dagbag.py:588} INFO - Filling up the DagBag from /home/airflow/.local/lib/python3.12/site-packages/airflow/example_dags/example_datasets.py
[2025-06-26T22:55:15.723+0000] {processor.py:925} INFO - DAG(s) 'dataset_consumes_1_never_scheduled', 'consume_1_or_2_with_dataset_expressions', 'dataset_produces_2', 'dataset_consumes_1_and_2', 'dataset_consumes_unknown_never_scheduled', 'conditional_dataset_and_time_based_timetable', 'consume_1_and_2_with_dataset_expressions', 'consume_1_or_both_2_and_3_with_dataset_expressions', 'dataset_produces_1', 'dataset_consumes_1' retrieved from /home/airflow/.local/lib/python3.12/site-packages/airflow/example_dags/example_datasets.py
[2025-06-26T22:55:15.771+0000] {logging_mixin.py:190} INFO - [2025-06-26T22:55:15.771+0000] {dag.py:3239} INFO - Sync 10 DAGs
[2025-06-26T22:55:15.800+0000] {logging_mixin.py:190} INFO - [2025-06-26T22:55:15.799+0000] {dag.py:4180} INFO - Setting next_dagrun for conditional_dataset_and_time_based_timetable to 2025-06-25 01:00:00+00:00, run_after=2025-06-25 01:00:00+00:00
[2025-06-26T22:55:15.803+0000] {logging_mixin.py:190} INFO - [2025-06-26T22:55:15.802+0000] {dag.py:4180} INFO - Setting next_dagrun for consume_1_and_2_with_dataset_expressions to None, run_after=None
[2025-06-26T22:55:15.804+0000] {logging_mixin.py:190} INFO - [2025-06-26T22:55:15.804+0000] {dag.py:4180} INFO - Setting next_dagrun for consume_1_or_2_with_dataset_expressions to None, run_after=None
[2025-06-26T22:55:15.805+0000] {logging_mixin.py:190} INFO - [2025-06-26T22:55:15.805+0000] {dag.py:4180} INFO - Setting next_dagrun for consume_1_or_both_2_and_3_with_dataset_expressions to None, run_after=None
[2025-06-26T22:55:15.806+0000] {logging_mixin.py:190} INFO - [2025-06-26T22:55:15.806+0000] {dag.py:4180} INFO - Setting next_dagrun for dataset_consumes_1 to None, run_after=None
[2025-06-26T22:55:15.808+0000] {logging_mixin.py:190} INFO - [2025-06-26T22:55:15.807+0000] {dag.py:4180} INFO - Setting next_dagrun for dataset_consumes_1_and_2 to None, run_after=None
[2025-06-26T22:55:15.809+0000] {logging_mixin.py:190} INFO - [2025-06-26T22:55:15.809+0000] {dag.py:4180} INFO - Setting next_dagrun for dataset_consumes_1_never_scheduled to None, run_after=None
[2025-06-26T22:55:15.810+0000] {logging_mixin.py:190} INFO - [2025-06-26T22:55:15.810+0000] {dag.py:4180} INFO - Setting next_dagrun for dataset_consumes_unknown_never_scheduled to None, run_after=None
[2025-06-26T22:55:15.812+0000] {logging_mixin.py:190} INFO - [2025-06-26T22:55:15.812+0000] {dag.py:4180} INFO - Setting next_dagrun for dataset_produces_1 to 2025-06-25 00:00:00+00:00, run_after=2025-06-26 00:00:00+00:00
[2025-06-26T22:55:15.813+0000] {logging_mixin.py:190} INFO - [2025-06-26T22:55:15.813+0000] {dag.py:4180} INFO - Setting next_dagrun for dataset_produces_2 to None, run_after=None
[2025-06-26T22:55:15.842+0000] {processor.py:208} INFO - Processing /home/airflow/.local/lib/python3.12/site-packages/airflow/example_dags/example_datasets.py took 0.284 seconds
[2025-06-26T22:55:45.927+0000] {processor.py:186} INFO - Started process (PID=1586) to work on /home/airflow/.local/lib/python3.12/site-packages/airflow/example_dags/example_datasets.py
[2025-06-26T22:55:45.928+0000] {processor.py:914} INFO - Processing file /home/airflow/.local/lib/python3.12/site-packages/airflow/example_dags/example_datasets.py for tasks to queue
[2025-06-26T22:55:45.930+0000] {logging_mixin.py:190} INFO - [2025-06-26T22:55:45.929+0000] {dagbag.py:588} INFO - Filling up the DagBag from /home/airflow/.local/lib/python3.12/site-packages/airflow/example_dags/example_datasets.py
[2025-06-26T22:55:46.058+0000] {processor.py:925} INFO - DAG(s) 'conditional_dataset_and_time_based_timetable', 'dataset_consumes_unknown_never_scheduled', 'dataset_consumes_1_never_scheduled', 'dataset_consumes_1_and_2', 'dataset_produces_1', 'consume_1_or_both_2_and_3_with_dataset_expressions', 'dataset_produces_2', 'dataset_consumes_1', 'consume_1_and_2_with_dataset_expressions', 'consume_1_or_2_with_dataset_expressions' retrieved from /home/airflow/.local/lib/python3.12/site-packages/airflow/example_dags/example_datasets.py
[2025-06-26T22:55:46.091+0000] {logging_mixin.py:190} INFO - [2025-06-26T22:55:46.091+0000] {dag.py:3239} INFO - Sync 10 DAGs
[2025-06-26T22:55:46.113+0000] {logging_mixin.py:190} INFO - [2025-06-26T22:55:46.113+0000] {dag.py:4180} INFO - Setting next_dagrun for conditional_dataset_and_time_based_timetable to 2025-06-25 01:00:00+00:00, run_after=2025-06-25 01:00:00+00:00
[2025-06-26T22:55:46.117+0000] {logging_mixin.py:190} INFO - [2025-06-26T22:55:46.117+0000] {dag.py:4180} INFO - Setting next_dagrun for consume_1_and_2_with_dataset_expressions to None, run_after=None
[2025-06-26T22:55:46.118+0000] {logging_mixin.py:190} INFO - [2025-06-26T22:55:46.118+0000] {dag.py:4180} INFO - Setting next_dagrun for consume_1_or_2_with_dataset_expressions to None, run_after=None
[2025-06-26T22:55:46.119+0000] {logging_mixin.py:190} INFO - [2025-06-26T22:55:46.119+0000] {dag.py:4180} INFO - Setting next_dagrun for consume_1_or_both_2_and_3_with_dataset_expressions to None, run_after=None
[2025-06-26T22:55:46.121+0000] {logging_mixin.py:190} INFO - [2025-06-26T22:55:46.121+0000] {dag.py:4180} INFO - Setting next_dagrun for dataset_consumes_1 to None, run_after=None
[2025-06-26T22:55:46.122+0000] {logging_mixin.py:190} INFO - [2025-06-26T22:55:46.122+0000] {dag.py:4180} INFO - Setting next_dagrun for dataset_consumes_1_and_2 to None, run_after=None
[2025-06-26T22:55:46.123+0000] {logging_mixin.py:190} INFO - [2025-06-26T22:55:46.123+0000] {dag.py:4180} INFO - Setting next_dagrun for dataset_consumes_1_never_scheduled to None, run_after=None
[2025-06-26T22:55:46.124+0000] {logging_mixin.py:190} INFO - [2025-06-26T22:55:46.124+0000] {dag.py:4180} INFO - Setting next_dagrun for dataset_consumes_unknown_never_scheduled to None, run_after=None
[2025-06-26T22:55:46.126+0000] {logging_mixin.py:190} INFO - [2025-06-26T22:55:46.126+0000] {dag.py:4180} INFO - Setting next_dagrun for dataset_produces_1 to 2025-06-25 00:00:00+00:00, run_after=2025-06-26 00:00:00+00:00
[2025-06-26T22:55:46.128+0000] {logging_mixin.py:190} INFO - [2025-06-26T22:55:46.127+0000] {dag.py:4180} INFO - Setting next_dagrun for dataset_produces_2 to None, run_after=None
[2025-06-26T22:55:46.157+0000] {processor.py:208} INFO - Processing /home/airflow/.local/lib/python3.12/site-packages/airflow/example_dags/example_datasets.py took 0.235 seconds
[2025-06-26T22:56:16.259+0000] {processor.py:186} INFO - Started process (PID=1649) to work on /home/airflow/.local/lib/python3.12/site-packages/airflow/example_dags/example_datasets.py
[2025-06-26T22:56:16.260+0000] {processor.py:914} INFO - Processing file /home/airflow/.local/lib/python3.12/site-packages/airflow/example_dags/example_datasets.py for tasks to queue
[2025-06-26T22:56:16.262+0000] {logging_mixin.py:190} INFO - [2025-06-26T22:56:16.262+0000] {dagbag.py:588} INFO - Filling up the DagBag from /home/airflow/.local/lib/python3.12/site-packages/airflow/example_dags/example_datasets.py
[2025-06-26T22:56:16.407+0000] {processor.py:925} INFO - DAG(s) 'dataset_consumes_1', 'consume_1_or_both_2_and_3_with_dataset_expressions', 'dataset_consumes_unknown_never_scheduled', 'dataset_produces_2', 'dataset_consumes_1_never_scheduled', 'consume_1_and_2_with_dataset_expressions', 'dataset_consumes_1_and_2', 'consume_1_or_2_with_dataset_expressions', 'conditional_dataset_and_time_based_timetable', 'dataset_produces_1' retrieved from /home/airflow/.local/lib/python3.12/site-packages/airflow/example_dags/example_datasets.py
[2025-06-26T22:56:16.445+0000] {logging_mixin.py:190} INFO - [2025-06-26T22:56:16.445+0000] {dag.py:3239} INFO - Sync 10 DAGs
[2025-06-26T22:56:16.465+0000] {logging_mixin.py:190} INFO - [2025-06-26T22:56:16.465+0000] {dag.py:4180} INFO - Setting next_dagrun for conditional_dataset_and_time_based_timetable to 2025-06-25 01:00:00+00:00, run_after=2025-06-25 01:00:00+00:00
[2025-06-26T22:56:16.468+0000] {logging_mixin.py:190} INFO - [2025-06-26T22:56:16.468+0000] {dag.py:4180} INFO - Setting next_dagrun for consume_1_and_2_with_dataset_expressions to None, run_after=None
[2025-06-26T22:56:16.470+0000] {logging_mixin.py:190} INFO - [2025-06-26T22:56:16.470+0000] {dag.py:4180} INFO - Setting next_dagrun for consume_1_or_2_with_dataset_expressions to None, run_after=None
[2025-06-26T22:56:16.471+0000] {logging_mixin.py:190} INFO - [2025-06-26T22:56:16.471+0000] {dag.py:4180} INFO - Setting next_dagrun for consume_1_or_both_2_and_3_with_dataset_expressions to None, run_after=None
[2025-06-26T22:56:16.472+0000] {logging_mixin.py:190} INFO - [2025-06-26T22:56:16.472+0000] {dag.py:4180} INFO - Setting next_dagrun for dataset_consumes_1 to None, run_after=None
[2025-06-26T22:56:16.473+0000] {logging_mixin.py:190} INFO - [2025-06-26T22:56:16.473+0000] {dag.py:4180} INFO - Setting next_dagrun for dataset_consumes_1_and_2 to None, run_after=None
[2025-06-26T22:56:16.474+0000] {logging_mixin.py:190} INFO - [2025-06-26T22:56:16.474+0000] {dag.py:4180} INFO - Setting next_dagrun for dataset_consumes_1_never_scheduled to None, run_after=None
[2025-06-26T22:56:16.475+0000] {logging_mixin.py:190} INFO - [2025-06-26T22:56:16.475+0000] {dag.py:4180} INFO - Setting next_dagrun for dataset_consumes_unknown_never_scheduled to None, run_after=None
[2025-06-26T22:56:16.477+0000] {logging_mixin.py:190} INFO - [2025-06-26T22:56:16.477+0000] {dag.py:4180} INFO - Setting next_dagrun for dataset_produces_1 to 2025-06-25 00:00:00+00:00, run_after=2025-06-26 00:00:00+00:00
[2025-06-26T22:56:16.478+0000] {logging_mixin.py:190} INFO - [2025-06-26T22:56:16.478+0000] {dag.py:4180} INFO - Setting next_dagrun for dataset_produces_2 to None, run_after=None
[2025-06-26T22:56:16.511+0000] {processor.py:208} INFO - Processing /home/airflow/.local/lib/python3.12/site-packages/airflow/example_dags/example_datasets.py took 0.257 seconds
[2025-06-26T22:56:47.090+0000] {processor.py:186} INFO - Started process (PID=1710) to work on /home/airflow/.local/lib/python3.12/site-packages/airflow/example_dags/example_datasets.py
[2025-06-26T22:56:47.092+0000] {processor.py:914} INFO - Processing file /home/airflow/.local/lib/python3.12/site-packages/airflow/example_dags/example_datasets.py for tasks to queue
[2025-06-26T22:56:47.094+0000] {logging_mixin.py:190} INFO - [2025-06-26T22:56:47.094+0000] {dagbag.py:588} INFO - Filling up the DagBag from /home/airflow/.local/lib/python3.12/site-packages/airflow/example_dags/example_datasets.py
[2025-06-26T22:56:47.230+0000] {processor.py:925} INFO - DAG(s) 'consume_1_or_both_2_and_3_with_dataset_expressions', 'consume_1_or_2_with_dataset_expressions', 'consume_1_and_2_with_dataset_expressions', 'dataset_consumes_1_never_scheduled', 'dataset_consumes_1_and_2', 'conditional_dataset_and_time_based_timetable', 'dataset_consumes_unknown_never_scheduled', 'dataset_produces_2', 'dataset_consumes_1', 'dataset_produces_1' retrieved from /home/airflow/.local/lib/python3.12/site-packages/airflow/example_dags/example_datasets.py
[2025-06-26T22:56:47.269+0000] {logging_mixin.py:190} INFO - [2025-06-26T22:56:47.268+0000] {dag.py:3239} INFO - Sync 10 DAGs
[2025-06-26T22:56:47.295+0000] {logging_mixin.py:190} INFO - [2025-06-26T22:56:47.295+0000] {dag.py:4180} INFO - Setting next_dagrun for conditional_dataset_and_time_based_timetable to 2025-06-25 01:00:00+00:00, run_after=2025-06-25 01:00:00+00:00
[2025-06-26T22:56:47.299+0000] {logging_mixin.py:190} INFO - [2025-06-26T22:56:47.298+0000] {dag.py:4180} INFO - Setting next_dagrun for consume_1_and_2_with_dataset_expressions to None, run_after=None
[2025-06-26T22:56:47.300+0000] {logging_mixin.py:190} INFO - [2025-06-26T22:56:47.300+0000] {dag.py:4180} INFO - Setting next_dagrun for consume_1_or_2_with_dataset_expressions to None, run_after=None
[2025-06-26T22:56:47.301+0000] {logging_mixin.py:190} INFO - [2025-06-26T22:56:47.301+0000] {dag.py:4180} INFO - Setting next_dagrun for consume_1_or_both_2_and_3_with_dataset_expressions to None, run_after=None
[2025-06-26T22:56:47.303+0000] {logging_mixin.py:190} INFO - [2025-06-26T22:56:47.302+0000] {dag.py:4180} INFO - Setting next_dagrun for dataset_consumes_1 to None, run_after=None
[2025-06-26T22:56:47.305+0000] {logging_mixin.py:190} INFO - [2025-06-26T22:56:47.304+0000] {dag.py:4180} INFO - Setting next_dagrun for dataset_consumes_1_and_2 to None, run_after=None
[2025-06-26T22:56:47.306+0000] {logging_mixin.py:190} INFO - [2025-06-26T22:56:47.306+0000] {dag.py:4180} INFO - Setting next_dagrun for dataset_consumes_1_never_scheduled to None, run_after=None
[2025-06-26T22:56:47.307+0000] {logging_mixin.py:190} INFO - [2025-06-26T22:56:47.307+0000] {dag.py:4180} INFO - Setting next_dagrun for dataset_consumes_unknown_never_scheduled to None, run_after=None
[2025-06-26T22:56:47.309+0000] {logging_mixin.py:190} INFO - [2025-06-26T22:56:47.309+0000] {dag.py:4180} INFO - Setting next_dagrun for dataset_produces_1 to 2025-06-25 00:00:00+00:00, run_after=2025-06-26 00:00:00+00:00
[2025-06-26T22:56:47.310+0000] {logging_mixin.py:190} INFO - [2025-06-26T22:56:47.310+0000] {dag.py:4180} INFO - Setting next_dagrun for dataset_produces_2 to None, run_after=None
[2025-06-26T22:56:47.341+0000] {processor.py:208} INFO - Processing /home/airflow/.local/lib/python3.12/site-packages/airflow/example_dags/example_datasets.py took 0.256 seconds
[2025-06-26T22:57:17.382+0000] {processor.py:186} INFO - Started process (PID=1772) to work on /home/airflow/.local/lib/python3.12/site-packages/airflow/example_dags/example_datasets.py
[2025-06-26T22:57:17.383+0000] {processor.py:914} INFO - Processing file /home/airflow/.local/lib/python3.12/site-packages/airflow/example_dags/example_datasets.py for tasks to queue
[2025-06-26T22:57:17.385+0000] {logging_mixin.py:190} INFO - [2025-06-26T22:57:17.385+0000] {dagbag.py:588} INFO - Filling up the DagBag from /home/airflow/.local/lib/python3.12/site-packages/airflow/example_dags/example_datasets.py
[2025-06-26T22:57:17.540+0000] {processor.py:925} INFO - DAG(s) 'consume_1_and_2_with_dataset_expressions', 'consume_1_or_2_with_dataset_expressions', 'dataset_consumes_unknown_never_scheduled', 'conditional_dataset_and_time_based_timetable', 'dataset_consumes_1', 'dataset_produces_1', 'dataset_consumes_1_and_2', 'dataset_produces_2', 'dataset_consumes_1_never_scheduled', 'consume_1_or_both_2_and_3_with_dataset_expressions' retrieved from /home/airflow/.local/lib/python3.12/site-packages/airflow/example_dags/example_datasets.py
[2025-06-26T22:57:17.600+0000] {logging_mixin.py:190} INFO - [2025-06-26T22:57:17.600+0000] {dag.py:3239} INFO - Sync 10 DAGs
[2025-06-26T22:57:17.627+0000] {logging_mixin.py:190} INFO - [2025-06-26T22:57:17.627+0000] {dag.py:4180} INFO - Setting next_dagrun for conditional_dataset_and_time_based_timetable to 2025-06-25 01:00:00+00:00, run_after=2025-06-25 01:00:00+00:00
[2025-06-26T22:57:17.631+0000] {logging_mixin.py:190} INFO - [2025-06-26T22:57:17.631+0000] {dag.py:4180} INFO - Setting next_dagrun for consume_1_and_2_with_dataset_expressions to None, run_after=None
[2025-06-26T22:57:17.632+0000] {logging_mixin.py:190} INFO - [2025-06-26T22:57:17.632+0000] {dag.py:4180} INFO - Setting next_dagrun for consume_1_or_2_with_dataset_expressions to None, run_after=None
[2025-06-26T22:57:17.633+0000] {logging_mixin.py:190} INFO - [2025-06-26T22:57:17.633+0000] {dag.py:4180} INFO - Setting next_dagrun for consume_1_or_both_2_and_3_with_dataset_expressions to None, run_after=None
[2025-06-26T22:57:17.634+0000] {logging_mixin.py:190} INFO - [2025-06-26T22:57:17.634+0000] {dag.py:4180} INFO - Setting next_dagrun for dataset_consumes_1 to None, run_after=None
[2025-06-26T22:57:17.635+0000] {logging_mixin.py:190} INFO - [2025-06-26T22:57:17.635+0000] {dag.py:4180} INFO - Setting next_dagrun for dataset_consumes_1_and_2 to None, run_after=None
[2025-06-26T22:57:17.636+0000] {logging_mixin.py:190} INFO - [2025-06-26T22:57:17.636+0000] {dag.py:4180} INFO - Setting next_dagrun for dataset_consumes_1_never_scheduled to None, run_after=None
[2025-06-26T22:57:17.637+0000] {logging_mixin.py:190} INFO - [2025-06-26T22:57:17.637+0000] {dag.py:4180} INFO - Setting next_dagrun for dataset_consumes_unknown_never_scheduled to None, run_after=None
[2025-06-26T22:57:17.639+0000] {logging_mixin.py:190} INFO - [2025-06-26T22:57:17.639+0000] {dag.py:4180} INFO - Setting next_dagrun for dataset_produces_1 to 2025-06-25 00:00:00+00:00, run_after=2025-06-26 00:00:00+00:00
[2025-06-26T22:57:17.640+0000] {logging_mixin.py:190} INFO - [2025-06-26T22:57:17.640+0000] {dag.py:4180} INFO - Setting next_dagrun for dataset_produces_2 to None, run_after=None
[2025-06-26T22:57:17.669+0000] {processor.py:208} INFO - Processing /home/airflow/.local/lib/python3.12/site-packages/airflow/example_dags/example_datasets.py took 0.292 seconds
[2025-06-26T22:57:47.932+0000] {processor.py:186} INFO - Started process (PID=1834) to work on /home/airflow/.local/lib/python3.12/site-packages/airflow/example_dags/example_datasets.py
[2025-06-26T22:57:47.933+0000] {processor.py:914} INFO - Processing file /home/airflow/.local/lib/python3.12/site-packages/airflow/example_dags/example_datasets.py for tasks to queue
[2025-06-26T22:57:47.935+0000] {logging_mixin.py:190} INFO - [2025-06-26T22:57:47.935+0000] {dagbag.py:588} INFO - Filling up the DagBag from /home/airflow/.local/lib/python3.12/site-packages/airflow/example_dags/example_datasets.py
[2025-06-26T22:57:48.065+0000] {processor.py:925} INFO - DAG(s) 'dataset_produces_2', 'dataset_produces_1', 'dataset_consumes_1', 'consume_1_or_both_2_and_3_with_dataset_expressions', 'dataset_consumes_unknown_never_scheduled', 'consume_1_and_2_with_dataset_expressions', 'consume_1_or_2_with_dataset_expressions', 'conditional_dataset_and_time_based_timetable', 'dataset_consumes_1_never_scheduled', 'dataset_consumes_1_and_2' retrieved from /home/airflow/.local/lib/python3.12/site-packages/airflow/example_dags/example_datasets.py
[2025-06-26T22:57:48.102+0000] {logging_mixin.py:190} INFO - [2025-06-26T22:57:48.102+0000] {dag.py:3239} INFO - Sync 10 DAGs
[2025-06-26T22:57:48.128+0000] {logging_mixin.py:190} INFO - [2025-06-26T22:57:48.128+0000] {dag.py:4180} INFO - Setting next_dagrun for conditional_dataset_and_time_based_timetable to 2025-06-25 01:00:00+00:00, run_after=2025-06-25 01:00:00+00:00
[2025-06-26T22:57:48.131+0000] {logging_mixin.py:190} INFO - [2025-06-26T22:57:48.131+0000] {dag.py:4180} INFO - Setting next_dagrun for consume_1_and_2_with_dataset_expressions to None, run_after=None
[2025-06-26T22:57:48.132+0000] {logging_mixin.py:190} INFO - [2025-06-26T22:57:48.132+0000] {dag.py:4180} INFO - Setting next_dagrun for consume_1_or_2_with_dataset_expressions to None, run_after=None
[2025-06-26T22:57:48.133+0000] {logging_mixin.py:190} INFO - [2025-06-26T22:57:48.133+0000] {dag.py:4180} INFO - Setting next_dagrun for consume_1_or_both_2_and_3_with_dataset_expressions to None, run_after=None
[2025-06-26T22:57:48.134+0000] {logging_mixin.py:190} INFO - [2025-06-26T22:57:48.134+0000] {dag.py:4180} INFO - Setting next_dagrun for dataset_consumes_1 to None, run_after=None
[2025-06-26T22:57:48.331+0000] {logging_mixin.py:190} INFO - [2025-06-26T22:57:48.331+0000] {dag.py:4180} INFO - Setting next_dagrun for dataset_consumes_1_and_2 to None, run_after=None
[2025-06-26T22:57:48.333+0000] {logging_mixin.py:190} INFO - [2025-06-26T22:57:48.332+0000] {dag.py:4180} INFO - Setting next_dagrun for dataset_consumes_1_never_scheduled to None, run_after=None
[2025-06-26T22:57:48.334+0000] {logging_mixin.py:190} INFO - [2025-06-26T22:57:48.334+0000] {dag.py:4180} INFO - Setting next_dagrun for dataset_consumes_unknown_never_scheduled to None, run_after=None
[2025-06-26T22:57:48.337+0000] {logging_mixin.py:190} INFO - [2025-06-26T22:57:48.337+0000] {dag.py:4180} INFO - Setting next_dagrun for dataset_produces_1 to 2025-06-25 00:00:00+00:00, run_after=2025-06-26 00:00:00+00:00
[2025-06-26T22:57:48.338+0000] {logging_mixin.py:190} INFO - [2025-06-26T22:57:48.338+0000] {dag.py:4180} INFO - Setting next_dagrun for dataset_produces_2 to None, run_after=None
[2025-06-26T22:57:48.370+0000] {processor.py:208} INFO - Processing /home/airflow/.local/lib/python3.12/site-packages/airflow/example_dags/example_datasets.py took 0.443 seconds
[2025-06-26T22:58:18.418+0000] {processor.py:186} INFO - Started process (PID=1896) to work on /home/airflow/.local/lib/python3.12/site-packages/airflow/example_dags/example_datasets.py
[2025-06-26T22:58:18.419+0000] {processor.py:914} INFO - Processing file /home/airflow/.local/lib/python3.12/site-packages/airflow/example_dags/example_datasets.py for tasks to queue
[2025-06-26T22:58:18.421+0000] {logging_mixin.py:190} INFO - [2025-06-26T22:58:18.421+0000] {dagbag.py:588} INFO - Filling up the DagBag from /home/airflow/.local/lib/python3.12/site-packages/airflow/example_dags/example_datasets.py
[2025-06-26T22:58:18.563+0000] {processor.py:925} INFO - DAG(s) 'dataset_consumes_1_and_2', 'dataset_produces_2', 'dataset_consumes_unknown_never_scheduled', 'consume_1_or_2_with_dataset_expressions', 'dataset_consumes_1', 'conditional_dataset_and_time_based_timetable', 'dataset_consumes_1_never_scheduled', 'consume_1_and_2_with_dataset_expressions', 'consume_1_or_both_2_and_3_with_dataset_expressions', 'dataset_produces_1' retrieved from /home/airflow/.local/lib/python3.12/site-packages/airflow/example_dags/example_datasets.py
[2025-06-26T22:58:18.599+0000] {logging_mixin.py:190} INFO - [2025-06-26T22:58:18.599+0000] {dag.py:3239} INFO - Sync 10 DAGs
[2025-06-26T22:58:18.623+0000] {logging_mixin.py:190} INFO - [2025-06-26T22:58:18.623+0000] {dag.py:4180} INFO - Setting next_dagrun for conditional_dataset_and_time_based_timetable to 2025-06-25 01:00:00+00:00, run_after=2025-06-25 01:00:00+00:00
[2025-06-26T22:58:18.626+0000] {logging_mixin.py:190} INFO - [2025-06-26T22:58:18.626+0000] {dag.py:4180} INFO - Setting next_dagrun for consume_1_and_2_with_dataset_expressions to None, run_after=None
[2025-06-26T22:58:18.628+0000] {logging_mixin.py:190} INFO - [2025-06-26T22:58:18.627+0000] {dag.py:4180} INFO - Setting next_dagrun for consume_1_or_2_with_dataset_expressions to None, run_after=None
[2025-06-26T22:58:18.629+0000] {logging_mixin.py:190} INFO - [2025-06-26T22:58:18.629+0000] {dag.py:4180} INFO - Setting next_dagrun for consume_1_or_both_2_and_3_with_dataset_expressions to None, run_after=None
[2025-06-26T22:58:18.630+0000] {logging_mixin.py:190} INFO - [2025-06-26T22:58:18.630+0000] {dag.py:4180} INFO - Setting next_dagrun for dataset_consumes_1 to None, run_after=None
[2025-06-26T22:58:18.631+0000] {logging_mixin.py:190} INFO - [2025-06-26T22:58:18.631+0000] {dag.py:4180} INFO - Setting next_dagrun for dataset_consumes_1_and_2 to None, run_after=None
[2025-06-26T22:58:18.632+0000] {logging_mixin.py:190} INFO - [2025-06-26T22:58:18.632+0000] {dag.py:4180} INFO - Setting next_dagrun for dataset_consumes_1_never_scheduled to None, run_after=None
[2025-06-26T22:58:18.633+0000] {logging_mixin.py:190} INFO - [2025-06-26T22:58:18.633+0000] {dag.py:4180} INFO - Setting next_dagrun for dataset_consumes_unknown_never_scheduled to None, run_after=None
[2025-06-26T22:58:18.635+0000] {logging_mixin.py:190} INFO - [2025-06-26T22:58:18.635+0000] {dag.py:4180} INFO - Setting next_dagrun for dataset_produces_1 to 2025-06-25 00:00:00+00:00, run_after=2025-06-26 00:00:00+00:00
[2025-06-26T22:58:18.636+0000] {logging_mixin.py:190} INFO - [2025-06-26T22:58:18.636+0000] {dag.py:4180} INFO - Setting next_dagrun for dataset_produces_2 to None, run_after=None
[2025-06-26T22:58:18.666+0000] {processor.py:208} INFO - Processing /home/airflow/.local/lib/python3.12/site-packages/airflow/example_dags/example_datasets.py took 0.253 seconds
[2025-06-26T22:58:48.812+0000] {processor.py:186} INFO - Started process (PID=1958) to work on /home/airflow/.local/lib/python3.12/site-packages/airflow/example_dags/example_datasets.py
[2025-06-26T22:58:48.813+0000] {processor.py:914} INFO - Processing file /home/airflow/.local/lib/python3.12/site-packages/airflow/example_dags/example_datasets.py for tasks to queue
[2025-06-26T22:58:48.816+0000] {logging_mixin.py:190} INFO - [2025-06-26T22:58:48.816+0000] {dagbag.py:588} INFO - Filling up the DagBag from /home/airflow/.local/lib/python3.12/site-packages/airflow/example_dags/example_datasets.py
[2025-06-26T22:58:48.944+0000] {processor.py:925} INFO - DAG(s) 'dataset_produces_2', 'dataset_produces_1', 'dataset_consumes_unknown_never_scheduled', 'consume_1_or_2_with_dataset_expressions', 'consume_1_or_both_2_and_3_with_dataset_expressions', 'conditional_dataset_and_time_based_timetable', 'dataset_consumes_1', 'dataset_consumes_1_never_scheduled', 'dataset_consumes_1_and_2', 'consume_1_and_2_with_dataset_expressions' retrieved from /home/airflow/.local/lib/python3.12/site-packages/airflow/example_dags/example_datasets.py
[2025-06-26T22:58:48.986+0000] {logging_mixin.py:190} INFO - [2025-06-26T22:58:48.986+0000] {dag.py:3239} INFO - Sync 10 DAGs
[2025-06-26T22:58:49.015+0000] {logging_mixin.py:190} INFO - [2025-06-26T22:58:49.015+0000] {dag.py:4180} INFO - Setting next_dagrun for conditional_dataset_and_time_based_timetable to 2025-06-25 01:00:00+00:00, run_after=2025-06-25 01:00:00+00:00
[2025-06-26T22:58:49.020+0000] {logging_mixin.py:190} INFO - [2025-06-26T22:58:49.020+0000] {dag.py:4180} INFO - Setting next_dagrun for consume_1_and_2_with_dataset_expressions to None, run_after=None
[2025-06-26T22:58:49.023+0000] {logging_mixin.py:190} INFO - [2025-06-26T22:58:49.022+0000] {dag.py:4180} INFO - Setting next_dagrun for consume_1_or_2_with_dataset_expressions to None, run_after=None
[2025-06-26T22:58:49.024+0000] {logging_mixin.py:190} INFO - [2025-06-26T22:58:49.024+0000] {dag.py:4180} INFO - Setting next_dagrun for consume_1_or_both_2_and_3_with_dataset_expressions to None, run_after=None
[2025-06-26T22:58:49.025+0000] {logging_mixin.py:190} INFO - [2025-06-26T22:58:49.025+0000] {dag.py:4180} INFO - Setting next_dagrun for dataset_consumes_1 to None, run_after=None
[2025-06-26T22:58:49.027+0000] {logging_mixin.py:190} INFO - [2025-06-26T22:58:49.027+0000] {dag.py:4180} INFO - Setting next_dagrun for dataset_consumes_1_and_2 to None, run_after=None
[2025-06-26T22:58:49.028+0000] {logging_mixin.py:190} INFO - [2025-06-26T22:58:49.028+0000] {dag.py:4180} INFO - Setting next_dagrun for dataset_consumes_1_never_scheduled to None, run_after=None
[2025-06-26T22:58:49.030+0000] {logging_mixin.py:190} INFO - [2025-06-26T22:58:49.030+0000] {dag.py:4180} INFO - Setting next_dagrun for dataset_consumes_unknown_never_scheduled to None, run_after=None
[2025-06-26T22:58:49.032+0000] {logging_mixin.py:190} INFO - [2025-06-26T22:58:49.031+0000] {dag.py:4180} INFO - Setting next_dagrun for dataset_produces_1 to 2025-06-25 00:00:00+00:00, run_after=2025-06-26 00:00:00+00:00
[2025-06-26T22:58:49.034+0000] {logging_mixin.py:190} INFO - [2025-06-26T22:58:49.034+0000] {dag.py:4180} INFO - Setting next_dagrun for dataset_produces_2 to None, run_after=None
[2025-06-26T22:58:49.073+0000] {processor.py:208} INFO - Processing /home/airflow/.local/lib/python3.12/site-packages/airflow/example_dags/example_datasets.py took 0.268 seconds
[2025-06-26T22:59:19.112+0000] {processor.py:186} INFO - Started process (PID=2020) to work on /home/airflow/.local/lib/python3.12/site-packages/airflow/example_dags/example_datasets.py
[2025-06-26T22:59:19.113+0000] {processor.py:914} INFO - Processing file /home/airflow/.local/lib/python3.12/site-packages/airflow/example_dags/example_datasets.py for tasks to queue
[2025-06-26T22:59:19.115+0000] {logging_mixin.py:190} INFO - [2025-06-26T22:59:19.115+0000] {dagbag.py:588} INFO - Filling up the DagBag from /home/airflow/.local/lib/python3.12/site-packages/airflow/example_dags/example_datasets.py
[2025-06-26T22:59:19.244+0000] {processor.py:925} INFO - DAG(s) 'dataset_consumes_1', 'dataset_consumes_1_and_2', 'conditional_dataset_and_time_based_timetable', 'dataset_consumes_1_never_scheduled', 'consume_1_or_2_with_dataset_expressions', 'dataset_produces_1', 'dataset_consumes_unknown_never_scheduled', 'consume_1_and_2_with_dataset_expressions', 'dataset_produces_2', 'consume_1_or_both_2_and_3_with_dataset_expressions' retrieved from /home/airflow/.local/lib/python3.12/site-packages/airflow/example_dags/example_datasets.py
[2025-06-26T22:59:19.284+0000] {logging_mixin.py:190} INFO - [2025-06-26T22:59:19.284+0000] {dag.py:3239} INFO - Sync 10 DAGs
[2025-06-26T22:59:19.507+0000] {logging_mixin.py:190} INFO - [2025-06-26T22:59:19.507+0000] {dag.py:4180} INFO - Setting next_dagrun for conditional_dataset_and_time_based_timetable to 2025-06-25 01:00:00+00:00, run_after=2025-06-25 01:00:00+00:00
[2025-06-26T22:59:19.511+0000] {logging_mixin.py:190} INFO - [2025-06-26T22:59:19.511+0000] {dag.py:4180} INFO - Setting next_dagrun for consume_1_and_2_with_dataset_expressions to None, run_after=None
[2025-06-26T22:59:19.513+0000] {logging_mixin.py:190} INFO - [2025-06-26T22:59:19.513+0000] {dag.py:4180} INFO - Setting next_dagrun for consume_1_or_2_with_dataset_expressions to None, run_after=None
[2025-06-26T22:59:19.515+0000] {logging_mixin.py:190} INFO - [2025-06-26T22:59:19.515+0000] {dag.py:4180} INFO - Setting next_dagrun for consume_1_or_both_2_and_3_with_dataset_expressions to None, run_after=None
[2025-06-26T22:59:19.516+0000] {logging_mixin.py:190} INFO - [2025-06-26T22:59:19.516+0000] {dag.py:4180} INFO - Setting next_dagrun for dataset_consumes_1 to None, run_after=None
[2025-06-26T22:59:19.518+0000] {logging_mixin.py:190} INFO - [2025-06-26T22:59:19.517+0000] {dag.py:4180} INFO - Setting next_dagrun for dataset_consumes_1_and_2 to None, run_after=None
[2025-06-26T22:59:19.520+0000] {logging_mixin.py:190} INFO - [2025-06-26T22:59:19.519+0000] {dag.py:4180} INFO - Setting next_dagrun for dataset_consumes_1_never_scheduled to None, run_after=None
[2025-06-26T22:59:19.521+0000] {logging_mixin.py:190} INFO - [2025-06-26T22:59:19.521+0000] {dag.py:4180} INFO - Setting next_dagrun for dataset_consumes_unknown_never_scheduled to None, run_after=None
[2025-06-26T22:59:19.523+0000] {logging_mixin.py:190} INFO - [2025-06-26T22:59:19.523+0000] {dag.py:4180} INFO - Setting next_dagrun for dataset_produces_1 to 2025-06-25 00:00:00+00:00, run_after=2025-06-26 00:00:00+00:00
[2025-06-26T22:59:19.525+0000] {logging_mixin.py:190} INFO - [2025-06-26T22:59:19.524+0000] {dag.py:4180} INFO - Setting next_dagrun for dataset_produces_2 to None, run_after=None
[2025-06-26T22:59:19.569+0000] {processor.py:208} INFO - Processing /home/airflow/.local/lib/python3.12/site-packages/airflow/example_dags/example_datasets.py took 0.462 seconds
[2025-06-26T22:59:49.696+0000] {processor.py:186} INFO - Started process (PID=2082) to work on /home/airflow/.local/lib/python3.12/site-packages/airflow/example_dags/example_datasets.py
[2025-06-26T22:59:49.697+0000] {processor.py:914} INFO - Processing file /home/airflow/.local/lib/python3.12/site-packages/airflow/example_dags/example_datasets.py for tasks to queue
[2025-06-26T22:59:49.700+0000] {logging_mixin.py:190} INFO - [2025-06-26T22:59:49.699+0000] {dagbag.py:588} INFO - Filling up the DagBag from /home/airflow/.local/lib/python3.12/site-packages/airflow/example_dags/example_datasets.py
[2025-06-26T22:59:49.828+0000] {processor.py:925} INFO - DAG(s) 'dataset_consumes_1', 'conditional_dataset_and_time_based_timetable', 'dataset_consumes_1_and_2', 'dataset_consumes_1_never_scheduled', 'dataset_produces_1', 'consume_1_or_both_2_and_3_with_dataset_expressions', 'dataset_consumes_unknown_never_scheduled', 'consume_1_or_2_with_dataset_expressions', 'dataset_produces_2', 'consume_1_and_2_with_dataset_expressions' retrieved from /home/airflow/.local/lib/python3.12/site-packages/airflow/example_dags/example_datasets.py
[2025-06-26T22:59:49.868+0000] {logging_mixin.py:190} INFO - [2025-06-26T22:59:49.867+0000] {dag.py:3239} INFO - Sync 10 DAGs
[2025-06-26T22:59:49.894+0000] {logging_mixin.py:190} INFO - [2025-06-26T22:59:49.893+0000] {dag.py:4180} INFO - Setting next_dagrun for conditional_dataset_and_time_based_timetable to 2025-06-25 01:00:00+00:00, run_after=2025-06-25 01:00:00+00:00
[2025-06-26T22:59:49.898+0000] {logging_mixin.py:190} INFO - [2025-06-26T22:59:49.898+0000] {dag.py:4180} INFO - Setting next_dagrun for consume_1_and_2_with_dataset_expressions to None, run_after=None
[2025-06-26T22:59:49.899+0000] {logging_mixin.py:190} INFO - [2025-06-26T22:59:49.899+0000] {dag.py:4180} INFO - Setting next_dagrun for consume_1_or_2_with_dataset_expressions to None, run_after=None
[2025-06-26T22:59:49.901+0000] {logging_mixin.py:190} INFO - [2025-06-26T22:59:49.900+0000] {dag.py:4180} INFO - Setting next_dagrun for consume_1_or_both_2_and_3_with_dataset_expressions to None, run_after=None
[2025-06-26T22:59:49.902+0000] {logging_mixin.py:190} INFO - [2025-06-26T22:59:49.902+0000] {dag.py:4180} INFO - Setting next_dagrun for dataset_consumes_1 to None, run_after=None
[2025-06-26T22:59:50.090+0000] {logging_mixin.py:190} INFO - [2025-06-26T22:59:50.090+0000] {dag.py:4180} INFO - Setting next_dagrun for dataset_consumes_1_and_2 to None, run_after=None
[2025-06-26T22:59:50.092+0000] {logging_mixin.py:190} INFO - [2025-06-26T22:59:50.092+0000] {dag.py:4180} INFO - Setting next_dagrun for dataset_consumes_1_never_scheduled to None, run_after=None
[2025-06-26T22:59:50.094+0000] {logging_mixin.py:190} INFO - [2025-06-26T22:59:50.094+0000] {dag.py:4180} INFO - Setting next_dagrun for dataset_consumes_unknown_never_scheduled to None, run_after=None
[2025-06-26T22:59:50.096+0000] {logging_mixin.py:190} INFO - [2025-06-26T22:59:50.095+0000] {dag.py:4180} INFO - Setting next_dagrun for dataset_produces_1 to 2025-06-25 00:00:00+00:00, run_after=2025-06-26 00:00:00+00:00
[2025-06-26T22:59:50.097+0000] {logging_mixin.py:190} INFO - [2025-06-26T22:59:50.097+0000] {dag.py:4180} INFO - Setting next_dagrun for dataset_produces_2 to None, run_after=None
[2025-06-26T22:59:50.127+0000] {processor.py:208} INFO - Processing /home/airflow/.local/lib/python3.12/site-packages/airflow/example_dags/example_datasets.py took 0.436 seconds
[2025-06-26T23:00:20.230+0000] {processor.py:186} INFO - Started process (PID=2145) to work on /home/airflow/.local/lib/python3.12/site-packages/airflow/example_dags/example_datasets.py
[2025-06-26T23:00:20.231+0000] {processor.py:914} INFO - Processing file /home/airflow/.local/lib/python3.12/site-packages/airflow/example_dags/example_datasets.py for tasks to queue
[2025-06-26T23:00:20.234+0000] {logging_mixin.py:190} INFO - [2025-06-26T23:00:20.234+0000] {dagbag.py:588} INFO - Filling up the DagBag from /home/airflow/.local/lib/python3.12/site-packages/airflow/example_dags/example_datasets.py
[2025-06-26T23:00:20.361+0000] {processor.py:925} INFO - DAG(s) 'consume_1_or_both_2_and_3_with_dataset_expressions', 'dataset_consumes_unknown_never_scheduled', 'consume_1_and_2_with_dataset_expressions', 'consume_1_or_2_with_dataset_expressions', 'conditional_dataset_and_time_based_timetable', 'dataset_consumes_1', 'dataset_consumes_1_and_2', 'dataset_produces_1', 'dataset_produces_2', 'dataset_consumes_1_never_scheduled' retrieved from /home/airflow/.local/lib/python3.12/site-packages/airflow/example_dags/example_datasets.py
[2025-06-26T23:00:20.395+0000] {logging_mixin.py:190} INFO - [2025-06-26T23:00:20.395+0000] {dag.py:3239} INFO - Sync 10 DAGs
[2025-06-26T23:00:20.418+0000] {logging_mixin.py:190} INFO - [2025-06-26T23:00:20.418+0000] {dag.py:4180} INFO - Setting next_dagrun for conditional_dataset_and_time_based_timetable to 2025-06-25 01:00:00+00:00, run_after=2025-06-25 01:00:00+00:00
[2025-06-26T23:00:20.422+0000] {logging_mixin.py:190} INFO - [2025-06-26T23:00:20.422+0000] {dag.py:4180} INFO - Setting next_dagrun for consume_1_and_2_with_dataset_expressions to None, run_after=None
[2025-06-26T23:00:20.424+0000] {logging_mixin.py:190} INFO - [2025-06-26T23:00:20.423+0000] {dag.py:4180} INFO - Setting next_dagrun for consume_1_or_2_with_dataset_expressions to None, run_after=None
[2025-06-26T23:00:20.425+0000] {logging_mixin.py:190} INFO - [2025-06-26T23:00:20.425+0000] {dag.py:4180} INFO - Setting next_dagrun for consume_1_or_both_2_and_3_with_dataset_expressions to None, run_after=None
[2025-06-26T23:00:20.427+0000] {logging_mixin.py:190} INFO - [2025-06-26T23:00:20.426+0000] {dag.py:4180} INFO - Setting next_dagrun for dataset_consumes_1 to None, run_after=None
[2025-06-26T23:00:20.429+0000] {logging_mixin.py:190} INFO - [2025-06-26T23:00:20.428+0000] {dag.py:4180} INFO - Setting next_dagrun for dataset_consumes_1_and_2 to None, run_after=None
[2025-06-26T23:00:20.430+0000] {logging_mixin.py:190} INFO - [2025-06-26T23:00:20.430+0000] {dag.py:4180} INFO - Setting next_dagrun for dataset_consumes_1_never_scheduled to None, run_after=None
[2025-06-26T23:00:20.432+0000] {logging_mixin.py:190} INFO - [2025-06-26T23:00:20.432+0000] {dag.py:4180} INFO - Setting next_dagrun for dataset_consumes_unknown_never_scheduled to None, run_after=None
[2025-06-26T23:00:20.435+0000] {logging_mixin.py:190} INFO - [2025-06-26T23:00:20.435+0000] {dag.py:4180} INFO - Setting next_dagrun for dataset_produces_1 to 2025-06-25 00:00:00+00:00, run_after=2025-06-26 00:00:00+00:00
[2025-06-26T23:00:20.436+0000] {logging_mixin.py:190} INFO - [2025-06-26T23:00:20.436+0000] {dag.py:4180} INFO - Setting next_dagrun for dataset_produces_2 to None, run_after=None
[2025-06-26T23:00:20.629+0000] {processor.py:208} INFO - Processing /home/airflow/.local/lib/python3.12/site-packages/airflow/example_dags/example_datasets.py took 0.405 seconds
[2025-06-26T23:00:50.871+0000] {processor.py:186} INFO - Started process (PID=2207) to work on /home/airflow/.local/lib/python3.12/site-packages/airflow/example_dags/example_datasets.py
[2025-06-26T23:00:50.872+0000] {processor.py:914} INFO - Processing file /home/airflow/.local/lib/python3.12/site-packages/airflow/example_dags/example_datasets.py for tasks to queue
[2025-06-26T23:00:50.874+0000] {logging_mixin.py:190} INFO - [2025-06-26T23:00:50.874+0000] {dagbag.py:588} INFO - Filling up the DagBag from /home/airflow/.local/lib/python3.12/site-packages/airflow/example_dags/example_datasets.py
[2025-06-26T23:00:50.997+0000] {processor.py:925} INFO - DAG(s) 'consume_1_or_both_2_and_3_with_dataset_expressions', 'dataset_produces_2', 'consume_1_or_2_with_dataset_expressions', 'dataset_consumes_1_never_scheduled', 'consume_1_and_2_with_dataset_expressions', 'dataset_consumes_unknown_never_scheduled', 'dataset_consumes_1', 'conditional_dataset_and_time_based_timetable', 'dataset_produces_1', 'dataset_consumes_1_and_2' retrieved from /home/airflow/.local/lib/python3.12/site-packages/airflow/example_dags/example_datasets.py
[2025-06-26T23:00:51.229+0000] {logging_mixin.py:190} INFO - [2025-06-26T23:00:51.229+0000] {dag.py:3239} INFO - Sync 10 DAGs
[2025-06-26T23:00:51.252+0000] {logging_mixin.py:190} INFO - [2025-06-26T23:00:51.252+0000] {dag.py:4180} INFO - Setting next_dagrun for conditional_dataset_and_time_based_timetable to 2025-06-25 01:00:00+00:00, run_after=2025-06-25 01:00:00+00:00
[2025-06-26T23:00:51.256+0000] {logging_mixin.py:190} INFO - [2025-06-26T23:00:51.255+0000] {dag.py:4180} INFO - Setting next_dagrun for consume_1_and_2_with_dataset_expressions to None, run_after=None
[2025-06-26T23:00:51.257+0000] {logging_mixin.py:190} INFO - [2025-06-26T23:00:51.257+0000] {dag.py:4180} INFO - Setting next_dagrun for consume_1_or_2_with_dataset_expressions to None, run_after=None
[2025-06-26T23:00:51.258+0000] {logging_mixin.py:190} INFO - [2025-06-26T23:00:51.258+0000] {dag.py:4180} INFO - Setting next_dagrun for consume_1_or_both_2_and_3_with_dataset_expressions to None, run_after=None
[2025-06-26T23:00:51.259+0000] {logging_mixin.py:190} INFO - [2025-06-26T23:00:51.259+0000] {dag.py:4180} INFO - Setting next_dagrun for dataset_consumes_1 to None, run_after=None
[2025-06-26T23:00:51.260+0000] {logging_mixin.py:190} INFO - [2025-06-26T23:00:51.260+0000] {dag.py:4180} INFO - Setting next_dagrun for dataset_consumes_1_and_2 to None, run_after=None
[2025-06-26T23:00:51.261+0000] {logging_mixin.py:190} INFO - [2025-06-26T23:00:51.261+0000] {dag.py:4180} INFO - Setting next_dagrun for dataset_consumes_1_never_scheduled to None, run_after=None
[2025-06-26T23:00:51.262+0000] {logging_mixin.py:190} INFO - [2025-06-26T23:00:51.262+0000] {dag.py:4180} INFO - Setting next_dagrun for dataset_consumes_unknown_never_scheduled to None, run_after=None
[2025-06-26T23:00:51.264+0000] {logging_mixin.py:190} INFO - [2025-06-26T23:00:51.264+0000] {dag.py:4180} INFO - Setting next_dagrun for dataset_produces_1 to 2025-06-25 00:00:00+00:00, run_after=2025-06-26 00:00:00+00:00
[2025-06-26T23:00:51.265+0000] {logging_mixin.py:190} INFO - [2025-06-26T23:00:51.265+0000] {dag.py:4180} INFO - Setting next_dagrun for dataset_produces_2 to None, run_after=None
[2025-06-26T23:00:51.293+0000] {processor.py:208} INFO - Processing /home/airflow/.local/lib/python3.12/site-packages/airflow/example_dags/example_datasets.py took 0.428 seconds
[2025-06-26T23:01:21.687+0000] {processor.py:186} INFO - Started process (PID=2270) to work on /home/airflow/.local/lib/python3.12/site-packages/airflow/example_dags/example_datasets.py
[2025-06-26T23:01:21.688+0000] {processor.py:914} INFO - Processing file /home/airflow/.local/lib/python3.12/site-packages/airflow/example_dags/example_datasets.py for tasks to queue
[2025-06-26T23:01:21.690+0000] {logging_mixin.py:190} INFO - [2025-06-26T23:01:21.690+0000] {dagbag.py:588} INFO - Filling up the DagBag from /home/airflow/.local/lib/python3.12/site-packages/airflow/example_dags/example_datasets.py
[2025-06-26T23:01:21.842+0000] {processor.py:925} INFO - DAG(s) 'consume_1_or_both_2_and_3_with_dataset_expressions', 'dataset_consumes_1_and_2', 'dataset_consumes_1', 'dataset_consumes_unknown_never_scheduled', 'dataset_produces_1', 'conditional_dataset_and_time_based_timetable', 'dataset_produces_2', 'consume_1_or_2_with_dataset_expressions', 'dataset_consumes_1_never_scheduled', 'consume_1_and_2_with_dataset_expressions' retrieved from /home/airflow/.local/lib/python3.12/site-packages/airflow/example_dags/example_datasets.py
[2025-06-26T23:01:21.894+0000] {logging_mixin.py:190} INFO - [2025-06-26T23:01:21.894+0000] {dag.py:3239} INFO - Sync 10 DAGs
[2025-06-26T23:01:22.132+0000] {logging_mixin.py:190} INFO - [2025-06-26T23:01:22.132+0000] {dag.py:4180} INFO - Setting next_dagrun for conditional_dataset_and_time_based_timetable to 2025-06-25 01:00:00+00:00, run_after=2025-06-25 01:00:00+00:00
[2025-06-26T23:01:22.137+0000] {logging_mixin.py:190} INFO - [2025-06-26T23:01:22.137+0000] {dag.py:4180} INFO - Setting next_dagrun for consume_1_and_2_with_dataset_expressions to None, run_after=None
[2025-06-26T23:01:22.139+0000] {logging_mixin.py:190} INFO - [2025-06-26T23:01:22.139+0000] {dag.py:4180} INFO - Setting next_dagrun for consume_1_or_2_with_dataset_expressions to None, run_after=None
[2025-06-26T23:01:22.145+0000] {logging_mixin.py:190} INFO - [2025-06-26T23:01:22.144+0000] {dag.py:4180} INFO - Setting next_dagrun for consume_1_or_both_2_and_3_with_dataset_expressions to None, run_after=None
[2025-06-26T23:01:22.146+0000] {logging_mixin.py:190} INFO - [2025-06-26T23:01:22.146+0000] {dag.py:4180} INFO - Setting next_dagrun for dataset_consumes_1 to None, run_after=None
[2025-06-26T23:01:22.147+0000] {logging_mixin.py:190} INFO - [2025-06-26T23:01:22.147+0000] {dag.py:4180} INFO - Setting next_dagrun for dataset_consumes_1_and_2 to None, run_after=None
[2025-06-26T23:01:22.149+0000] {logging_mixin.py:190} INFO - [2025-06-26T23:01:22.149+0000] {dag.py:4180} INFO - Setting next_dagrun for dataset_consumes_1_never_scheduled to None, run_after=None
[2025-06-26T23:01:22.151+0000] {logging_mixin.py:190} INFO - [2025-06-26T23:01:22.150+0000] {dag.py:4180} INFO - Setting next_dagrun for dataset_consumes_unknown_never_scheduled to None, run_after=None
[2025-06-26T23:01:22.153+0000] {logging_mixin.py:190} INFO - [2025-06-26T23:01:22.153+0000] {dag.py:4180} INFO - Setting next_dagrun for dataset_produces_1 to 2025-06-25 00:00:00+00:00, run_after=2025-06-26 00:00:00+00:00
[2025-06-26T23:01:22.155+0000] {logging_mixin.py:190} INFO - [2025-06-26T23:01:22.155+0000] {dag.py:4180} INFO - Setting next_dagrun for dataset_produces_2 to None, run_after=None
[2025-06-26T23:01:22.195+0000] {processor.py:208} INFO - Processing /home/airflow/.local/lib/python3.12/site-packages/airflow/example_dags/example_datasets.py took 0.514 seconds
[2025-06-26T23:01:52.526+0000] {processor.py:186} INFO - Started process (PID=2331) to work on /home/airflow/.local/lib/python3.12/site-packages/airflow/example_dags/example_datasets.py
[2025-06-26T23:01:52.527+0000] {processor.py:914} INFO - Processing file /home/airflow/.local/lib/python3.12/site-packages/airflow/example_dags/example_datasets.py for tasks to queue
[2025-06-26T23:01:52.532+0000] {logging_mixin.py:190} INFO - [2025-06-26T23:01:52.531+0000] {dagbag.py:588} INFO - Filling up the DagBag from /home/airflow/.local/lib/python3.12/site-packages/airflow/example_dags/example_datasets.py
[2025-06-26T23:01:52.704+0000] {processor.py:925} INFO - DAG(s) 'consume_1_and_2_with_dataset_expressions', 'consume_1_or_both_2_and_3_with_dataset_expressions', 'dataset_consumes_unknown_never_scheduled', 'dataset_consumes_1', 'dataset_consumes_1_never_scheduled', 'conditional_dataset_and_time_based_timetable', 'dataset_produces_2', 'dataset_consumes_1_and_2', 'dataset_produces_1', 'consume_1_or_2_with_dataset_expressions' retrieved from /home/airflow/.local/lib/python3.12/site-packages/airflow/example_dags/example_datasets.py
[2025-06-26T23:01:52.744+0000] {logging_mixin.py:190} INFO - [2025-06-26T23:01:52.744+0000] {dag.py:3239} INFO - Sync 10 DAGs
[2025-06-26T23:01:52.961+0000] {logging_mixin.py:190} INFO - [2025-06-26T23:01:52.961+0000] {dag.py:4180} INFO - Setting next_dagrun for conditional_dataset_and_time_based_timetable to 2025-06-25 01:00:00+00:00, run_after=2025-06-25 01:00:00+00:00
[2025-06-26T23:01:52.965+0000] {logging_mixin.py:190} INFO - [2025-06-26T23:01:52.965+0000] {dag.py:4180} INFO - Setting next_dagrun for consume_1_and_2_with_dataset_expressions to None, run_after=None
[2025-06-26T23:01:52.966+0000] {logging_mixin.py:190} INFO - [2025-06-26T23:01:52.966+0000] {dag.py:4180} INFO - Setting next_dagrun for consume_1_or_2_with_dataset_expressions to None, run_after=None
[2025-06-26T23:01:52.968+0000] {logging_mixin.py:190} INFO - [2025-06-26T23:01:52.968+0000] {dag.py:4180} INFO - Setting next_dagrun for consume_1_or_both_2_and_3_with_dataset_expressions to None, run_after=None
[2025-06-26T23:01:52.969+0000] {logging_mixin.py:190} INFO - [2025-06-26T23:01:52.969+0000] {dag.py:4180} INFO - Setting next_dagrun for dataset_consumes_1 to None, run_after=None
[2025-06-26T23:01:52.970+0000] {logging_mixin.py:190} INFO - [2025-06-26T23:01:52.970+0000] {dag.py:4180} INFO - Setting next_dagrun for dataset_consumes_1_and_2 to None, run_after=None
[2025-06-26T23:01:52.971+0000] {logging_mixin.py:190} INFO - [2025-06-26T23:01:52.971+0000] {dag.py:4180} INFO - Setting next_dagrun for dataset_consumes_1_never_scheduled to None, run_after=None
[2025-06-26T23:01:52.972+0000] {logging_mixin.py:190} INFO - [2025-06-26T23:01:52.972+0000] {dag.py:4180} INFO - Setting next_dagrun for dataset_consumes_unknown_never_scheduled to None, run_after=None
[2025-06-26T23:01:52.974+0000] {logging_mixin.py:190} INFO - [2025-06-26T23:01:52.974+0000] {dag.py:4180} INFO - Setting next_dagrun for dataset_produces_1 to 2025-06-25 00:00:00+00:00, run_after=2025-06-26 00:00:00+00:00
[2025-06-26T23:01:52.976+0000] {logging_mixin.py:190} INFO - [2025-06-26T23:01:52.975+0000] {dag.py:4180} INFO - Setting next_dagrun for dataset_produces_2 to None, run_after=None
[2025-06-26T23:01:53.002+0000] {processor.py:208} INFO - Processing /home/airflow/.local/lib/python3.12/site-packages/airflow/example_dags/example_datasets.py took 0.490 seconds
[2025-06-26T23:02:23.133+0000] {processor.py:186} INFO - Started process (PID=2393) to work on /home/airflow/.local/lib/python3.12/site-packages/airflow/example_dags/example_datasets.py
[2025-06-26T23:02:23.134+0000] {processor.py:914} INFO - Processing file /home/airflow/.local/lib/python3.12/site-packages/airflow/example_dags/example_datasets.py for tasks to queue
[2025-06-26T23:02:23.137+0000] {logging_mixin.py:190} INFO - [2025-06-26T23:02:23.137+0000] {dagbag.py:588} INFO - Filling up the DagBag from /home/airflow/.local/lib/python3.12/site-packages/airflow/example_dags/example_datasets.py
[2025-06-26T23:02:23.535+0000] {processor.py:925} INFO - DAG(s) 'dataset_produces_2', 'dataset_consumes_unknown_never_scheduled', 'dataset_consumes_1', 'conditional_dataset_and_time_based_timetable', 'consume_1_or_both_2_and_3_with_dataset_expressions', 'dataset_consumes_1_and_2', 'dataset_produces_1', 'consume_1_or_2_with_dataset_expressions', 'consume_1_and_2_with_dataset_expressions', 'dataset_consumes_1_never_scheduled' retrieved from /home/airflow/.local/lib/python3.12/site-packages/airflow/example_dags/example_datasets.py
[2025-06-26T23:02:23.575+0000] {logging_mixin.py:190} INFO - [2025-06-26T23:02:23.575+0000] {dag.py:3239} INFO - Sync 10 DAGs
[2025-06-26T23:02:23.597+0000] {logging_mixin.py:190} INFO - [2025-06-26T23:02:23.596+0000] {dag.py:4180} INFO - Setting next_dagrun for conditional_dataset_and_time_based_timetable to 2025-06-25 01:00:00+00:00, run_after=2025-06-25 01:00:00+00:00
[2025-06-26T23:02:23.600+0000] {logging_mixin.py:190} INFO - [2025-06-26T23:02:23.600+0000] {dag.py:4180} INFO - Setting next_dagrun for consume_1_and_2_with_dataset_expressions to None, run_after=None
[2025-06-26T23:02:23.603+0000] {logging_mixin.py:190} INFO - [2025-06-26T23:02:23.602+0000] {dag.py:4180} INFO - Setting next_dagrun for consume_1_or_2_with_dataset_expressions to None, run_after=None
[2025-06-26T23:02:23.605+0000] {logging_mixin.py:190} INFO - [2025-06-26T23:02:23.604+0000] {dag.py:4180} INFO - Setting next_dagrun for consume_1_or_both_2_and_3_with_dataset_expressions to None, run_after=None
[2025-06-26T23:02:23.606+0000] {logging_mixin.py:190} INFO - [2025-06-26T23:02:23.606+0000] {dag.py:4180} INFO - Setting next_dagrun for dataset_consumes_1 to None, run_after=None
[2025-06-26T23:02:23.607+0000] {logging_mixin.py:190} INFO - [2025-06-26T23:02:23.607+0000] {dag.py:4180} INFO - Setting next_dagrun for dataset_consumes_1_and_2 to None, run_after=None
[2025-06-26T23:02:23.608+0000] {logging_mixin.py:190} INFO - [2025-06-26T23:02:23.608+0000] {dag.py:4180} INFO - Setting next_dagrun for dataset_consumes_1_never_scheduled to None, run_after=None
[2025-06-26T23:02:23.610+0000] {logging_mixin.py:190} INFO - [2025-06-26T23:02:23.610+0000] {dag.py:4180} INFO - Setting next_dagrun for dataset_consumes_unknown_never_scheduled to None, run_after=None
[2025-06-26T23:02:23.615+0000] {logging_mixin.py:190} INFO - [2025-06-26T23:02:23.615+0000] {dag.py:4180} INFO - Setting next_dagrun for dataset_produces_1 to 2025-06-25 00:00:00+00:00, run_after=2025-06-26 00:00:00+00:00
[2025-06-26T23:02:23.618+0000] {logging_mixin.py:190} INFO - [2025-06-26T23:02:23.617+0000] {dag.py:4180} INFO - Setting next_dagrun for dataset_produces_2 to None, run_after=None
[2025-06-26T23:02:23.657+0000] {processor.py:208} INFO - Processing /home/airflow/.local/lib/python3.12/site-packages/airflow/example_dags/example_datasets.py took 0.532 seconds
[2025-06-26T23:02:54.125+0000] {processor.py:186} INFO - Started process (PID=2455) to work on /home/airflow/.local/lib/python3.12/site-packages/airflow/example_dags/example_datasets.py
[2025-06-26T23:02:54.126+0000] {processor.py:914} INFO - Processing file /home/airflow/.local/lib/python3.12/site-packages/airflow/example_dags/example_datasets.py for tasks to queue
[2025-06-26T23:02:54.129+0000] {logging_mixin.py:190} INFO - [2025-06-26T23:02:54.128+0000] {dagbag.py:588} INFO - Filling up the DagBag from /home/airflow/.local/lib/python3.12/site-packages/airflow/example_dags/example_datasets.py
[2025-06-26T23:02:54.264+0000] {processor.py:925} INFO - DAG(s) 'dataset_produces_1', 'dataset_produces_2', 'consume_1_or_2_with_dataset_expressions', 'dataset_consumes_1', 'dataset_consumes_1_never_scheduled', 'dataset_consumes_unknown_never_scheduled', 'dataset_consumes_1_and_2', 'conditional_dataset_and_time_based_timetable', 'consume_1_and_2_with_dataset_expressions', 'consume_1_or_both_2_and_3_with_dataset_expressions' retrieved from /home/airflow/.local/lib/python3.12/site-packages/airflow/example_dags/example_datasets.py
[2025-06-26T23:02:54.562+0000] {logging_mixin.py:190} INFO - [2025-06-26T23:02:54.561+0000] {dag.py:3239} INFO - Sync 10 DAGs
[2025-06-26T23:02:54.583+0000] {logging_mixin.py:190} INFO - [2025-06-26T23:02:54.583+0000] {dag.py:4180} INFO - Setting next_dagrun for conditional_dataset_and_time_based_timetable to 2025-06-25 01:00:00+00:00, run_after=2025-06-25 01:00:00+00:00
[2025-06-26T23:02:54.587+0000] {logging_mixin.py:190} INFO - [2025-06-26T23:02:54.587+0000] {dag.py:4180} INFO - Setting next_dagrun for consume_1_and_2_with_dataset_expressions to None, run_after=None
[2025-06-26T23:02:54.589+0000] {logging_mixin.py:190} INFO - [2025-06-26T23:02:54.588+0000] {dag.py:4180} INFO - Setting next_dagrun for consume_1_or_2_with_dataset_expressions to None, run_after=None
[2025-06-26T23:02:54.590+0000] {logging_mixin.py:190} INFO - [2025-06-26T23:02:54.590+0000] {dag.py:4180} INFO - Setting next_dagrun for consume_1_or_both_2_and_3_with_dataset_expressions to None, run_after=None
[2025-06-26T23:02:54.592+0000] {logging_mixin.py:190} INFO - [2025-06-26T23:02:54.591+0000] {dag.py:4180} INFO - Setting next_dagrun for dataset_consumes_1 to None, run_after=None
[2025-06-26T23:02:54.593+0000] {logging_mixin.py:190} INFO - [2025-06-26T23:02:54.593+0000] {dag.py:4180} INFO - Setting next_dagrun for dataset_consumes_1_and_2 to None, run_after=None
[2025-06-26T23:02:54.594+0000] {logging_mixin.py:190} INFO - [2025-06-26T23:02:54.594+0000] {dag.py:4180} INFO - Setting next_dagrun for dataset_consumes_1_never_scheduled to None, run_after=None
[2025-06-26T23:02:54.595+0000] {logging_mixin.py:190} INFO - [2025-06-26T23:02:54.595+0000] {dag.py:4180} INFO - Setting next_dagrun for dataset_consumes_unknown_never_scheduled to None, run_after=None
[2025-06-26T23:02:54.597+0000] {logging_mixin.py:190} INFO - [2025-06-26T23:02:54.596+0000] {dag.py:4180} INFO - Setting next_dagrun for dataset_produces_1 to 2025-06-25 00:00:00+00:00, run_after=2025-06-26 00:00:00+00:00
[2025-06-26T23:02:54.598+0000] {logging_mixin.py:190} INFO - [2025-06-26T23:02:54.598+0000] {dag.py:4180} INFO - Setting next_dagrun for dataset_produces_2 to None, run_after=None
[2025-06-26T23:02:54.626+0000] {processor.py:208} INFO - Processing /home/airflow/.local/lib/python3.12/site-packages/airflow/example_dags/example_datasets.py took 0.508 seconds
[2025-06-26T23:03:24.952+0000] {processor.py:186} INFO - Started process (PID=2517) to work on /home/airflow/.local/lib/python3.12/site-packages/airflow/example_dags/example_datasets.py
[2025-06-26T23:03:24.954+0000] {processor.py:914} INFO - Processing file /home/airflow/.local/lib/python3.12/site-packages/airflow/example_dags/example_datasets.py for tasks to queue
[2025-06-26T23:03:24.957+0000] {logging_mixin.py:190} INFO - [2025-06-26T23:03:24.957+0000] {dagbag.py:588} INFO - Filling up the DagBag from /home/airflow/.local/lib/python3.12/site-packages/airflow/example_dags/example_datasets.py
[2025-06-26T23:03:25.109+0000] {processor.py:925} INFO - DAG(s) 'dataset_consumes_1', 'conditional_dataset_and_time_based_timetable', 'dataset_consumes_unknown_never_scheduled', 'consume_1_and_2_with_dataset_expressions', 'dataset_consumes_1_and_2', 'dataset_consumes_1_never_scheduled', 'dataset_produces_2', 'dataset_produces_1', 'consume_1_or_2_with_dataset_expressions', 'consume_1_or_both_2_and_3_with_dataset_expressions' retrieved from /home/airflow/.local/lib/python3.12/site-packages/airflow/example_dags/example_datasets.py
[2025-06-26T23:03:25.162+0000] {logging_mixin.py:190} INFO - [2025-06-26T23:03:25.162+0000] {dag.py:3239} INFO - Sync 10 DAGs
[2025-06-26T23:03:25.394+0000] {logging_mixin.py:190} INFO - [2025-06-26T23:03:25.393+0000] {dag.py:4180} INFO - Setting next_dagrun for conditional_dataset_and_time_based_timetable to 2025-06-25 01:00:00+00:00, run_after=2025-06-25 01:00:00+00:00
[2025-06-26T23:03:25.397+0000] {logging_mixin.py:190} INFO - [2025-06-26T23:03:25.397+0000] {dag.py:4180} INFO - Setting next_dagrun for consume_1_and_2_with_dataset_expressions to None, run_after=None
[2025-06-26T23:03:25.399+0000] {logging_mixin.py:190} INFO - [2025-06-26T23:03:25.399+0000] {dag.py:4180} INFO - Setting next_dagrun for consume_1_or_2_with_dataset_expressions to None, run_after=None
[2025-06-26T23:03:25.400+0000] {logging_mixin.py:190} INFO - [2025-06-26T23:03:25.400+0000] {dag.py:4180} INFO - Setting next_dagrun for consume_1_or_both_2_and_3_with_dataset_expressions to None, run_after=None
[2025-06-26T23:03:25.402+0000] {logging_mixin.py:190} INFO - [2025-06-26T23:03:25.402+0000] {dag.py:4180} INFO - Setting next_dagrun for dataset_consumes_1 to None, run_after=None
[2025-06-26T23:03:25.406+0000] {logging_mixin.py:190} INFO - [2025-06-26T23:03:25.405+0000] {dag.py:4180} INFO - Setting next_dagrun for dataset_consumes_1_and_2 to None, run_after=None
[2025-06-26T23:03:25.407+0000] {logging_mixin.py:190} INFO - [2025-06-26T23:03:25.407+0000] {dag.py:4180} INFO - Setting next_dagrun for dataset_consumes_1_never_scheduled to None, run_after=None
[2025-06-26T23:03:25.409+0000] {logging_mixin.py:190} INFO - [2025-06-26T23:03:25.408+0000] {dag.py:4180} INFO - Setting next_dagrun for dataset_consumes_unknown_never_scheduled to None, run_after=None
[2025-06-26T23:03:25.411+0000] {logging_mixin.py:190} INFO - [2025-06-26T23:03:25.410+0000] {dag.py:4180} INFO - Setting next_dagrun for dataset_produces_1 to 2025-06-25 00:00:00+00:00, run_after=2025-06-26 00:00:00+00:00
[2025-06-26T23:03:25.413+0000] {logging_mixin.py:190} INFO - [2025-06-26T23:03:25.413+0000] {dag.py:4180} INFO - Setting next_dagrun for dataset_produces_2 to None, run_after=None
[2025-06-26T23:03:25.445+0000] {processor.py:208} INFO - Processing /home/airflow/.local/lib/python3.12/site-packages/airflow/example_dags/example_datasets.py took 0.499 seconds
[2025-06-26T23:03:56.184+0000] {processor.py:186} INFO - Started process (PID=2579) to work on /home/airflow/.local/lib/python3.12/site-packages/airflow/example_dags/example_datasets.py
[2025-06-26T23:03:56.185+0000] {processor.py:914} INFO - Processing file /home/airflow/.local/lib/python3.12/site-packages/airflow/example_dags/example_datasets.py for tasks to queue
[2025-06-26T23:03:56.189+0000] {logging_mixin.py:190} INFO - [2025-06-26T23:03:56.188+0000] {dagbag.py:588} INFO - Filling up the DagBag from /home/airflow/.local/lib/python3.12/site-packages/airflow/example_dags/example_datasets.py
[2025-06-26T23:03:56.660+0000] {processor.py:925} INFO - DAG(s) 'dataset_consumes_1', 'dataset_consumes_1_and_2', 'consume_1_or_2_with_dataset_expressions', 'conditional_dataset_and_time_based_timetable', 'dataset_produces_2', 'dataset_produces_1', 'consume_1_and_2_with_dataset_expressions', 'dataset_consumes_1_never_scheduled', 'dataset_consumes_unknown_never_scheduled', 'consume_1_or_both_2_and_3_with_dataset_expressions' retrieved from /home/airflow/.local/lib/python3.12/site-packages/airflow/example_dags/example_datasets.py
[2025-06-26T23:03:56.711+0000] {logging_mixin.py:190} INFO - [2025-06-26T23:03:56.711+0000] {dag.py:3239} INFO - Sync 10 DAGs
[2025-06-26T23:03:56.741+0000] {logging_mixin.py:190} INFO - [2025-06-26T23:03:56.740+0000] {dag.py:4180} INFO - Setting next_dagrun for conditional_dataset_and_time_based_timetable to 2025-06-25 01:00:00+00:00, run_after=2025-06-25 01:00:00+00:00
[2025-06-26T23:03:56.745+0000] {logging_mixin.py:190} INFO - [2025-06-26T23:03:56.745+0000] {dag.py:4180} INFO - Setting next_dagrun for consume_1_and_2_with_dataset_expressions to None, run_after=None
[2025-06-26T23:03:56.748+0000] {logging_mixin.py:190} INFO - [2025-06-26T23:03:56.747+0000] {dag.py:4180} INFO - Setting next_dagrun for consume_1_or_2_with_dataset_expressions to None, run_after=None
[2025-06-26T23:03:56.750+0000] {logging_mixin.py:190} INFO - [2025-06-26T23:03:56.750+0000] {dag.py:4180} INFO - Setting next_dagrun for consume_1_or_both_2_and_3_with_dataset_expressions to None, run_after=None
[2025-06-26T23:03:56.752+0000] {logging_mixin.py:190} INFO - [2025-06-26T23:03:56.752+0000] {dag.py:4180} INFO - Setting next_dagrun for dataset_consumes_1 to None, run_after=None
[2025-06-26T23:03:56.754+0000] {logging_mixin.py:190} INFO - [2025-06-26T23:03:56.754+0000] {dag.py:4180} INFO - Setting next_dagrun for dataset_consumes_1_and_2 to None, run_after=None
[2025-06-26T23:03:56.756+0000] {logging_mixin.py:190} INFO - [2025-06-26T23:03:56.756+0000] {dag.py:4180} INFO - Setting next_dagrun for dataset_consumes_1_never_scheduled to None, run_after=None
[2025-06-26T23:03:56.758+0000] {logging_mixin.py:190} INFO - [2025-06-26T23:03:56.758+0000] {dag.py:4180} INFO - Setting next_dagrun for dataset_consumes_unknown_never_scheduled to None, run_after=None
[2025-06-26T23:03:56.761+0000] {logging_mixin.py:190} INFO - [2025-06-26T23:03:56.760+0000] {dag.py:4180} INFO - Setting next_dagrun for dataset_produces_1 to 2025-06-25 00:00:00+00:00, run_after=2025-06-26 00:00:00+00:00
[2025-06-26T23:03:56.763+0000] {logging_mixin.py:190} INFO - [2025-06-26T23:03:56.762+0000] {dag.py:4180} INFO - Setting next_dagrun for dataset_produces_2 to None, run_after=None
[2025-06-26T23:03:56.805+0000] {processor.py:208} INFO - Processing /home/airflow/.local/lib/python3.12/site-packages/airflow/example_dags/example_datasets.py took 0.630 seconds
[2025-06-26T23:04:27.366+0000] {processor.py:186} INFO - Started process (PID=2641) to work on /home/airflow/.local/lib/python3.12/site-packages/airflow/example_dags/example_datasets.py
[2025-06-26T23:04:27.367+0000] {processor.py:914} INFO - Processing file /home/airflow/.local/lib/python3.12/site-packages/airflow/example_dags/example_datasets.py for tasks to queue
[2025-06-26T23:04:27.369+0000] {logging_mixin.py:190} INFO - [2025-06-26T23:04:27.368+0000] {dagbag.py:588} INFO - Filling up the DagBag from /home/airflow/.local/lib/python3.12/site-packages/airflow/example_dags/example_datasets.py
[2025-06-26T23:04:27.694+0000] {processor.py:925} INFO - DAG(s) 'consume_1_and_2_with_dataset_expressions', 'consume_1_or_both_2_and_3_with_dataset_expressions', 'dataset_consumes_unknown_never_scheduled', 'dataset_consumes_1_never_scheduled', 'dataset_consumes_1_and_2', 'consume_1_or_2_with_dataset_expressions', 'conditional_dataset_and_time_based_timetable', 'dataset_produces_2', 'dataset_produces_1', 'dataset_consumes_1' retrieved from /home/airflow/.local/lib/python3.12/site-packages/airflow/example_dags/example_datasets.py
[2025-06-26T23:04:27.731+0000] {logging_mixin.py:190} INFO - [2025-06-26T23:04:27.731+0000] {dag.py:3239} INFO - Sync 10 DAGs
[2025-06-26T23:04:27.750+0000] {logging_mixin.py:190} INFO - [2025-06-26T23:04:27.750+0000] {dag.py:4180} INFO - Setting next_dagrun for conditional_dataset_and_time_based_timetable to 2025-06-25 01:00:00+00:00, run_after=2025-06-25 01:00:00+00:00
[2025-06-26T23:04:27.754+0000] {logging_mixin.py:190} INFO - [2025-06-26T23:04:27.753+0000] {dag.py:4180} INFO - Setting next_dagrun for consume_1_and_2_with_dataset_expressions to None, run_after=None
[2025-06-26T23:04:27.755+0000] {logging_mixin.py:190} INFO - [2025-06-26T23:04:27.755+0000] {dag.py:4180} INFO - Setting next_dagrun for consume_1_or_2_with_dataset_expressions to None, run_after=None
[2025-06-26T23:04:27.756+0000] {logging_mixin.py:190} INFO - [2025-06-26T23:04:27.756+0000] {dag.py:4180} INFO - Setting next_dagrun for consume_1_or_both_2_and_3_with_dataset_expressions to None, run_after=None
[2025-06-26T23:04:27.757+0000] {logging_mixin.py:190} INFO - [2025-06-26T23:04:27.757+0000] {dag.py:4180} INFO - Setting next_dagrun for dataset_consumes_1 to None, run_after=None
[2025-06-26T23:04:27.759+0000] {logging_mixin.py:190} INFO - [2025-06-26T23:04:27.759+0000] {dag.py:4180} INFO - Setting next_dagrun for dataset_consumes_1_and_2 to None, run_after=None
[2025-06-26T23:04:27.760+0000] {logging_mixin.py:190} INFO - [2025-06-26T23:04:27.760+0000] {dag.py:4180} INFO - Setting next_dagrun for dataset_consumes_1_never_scheduled to None, run_after=None
[2025-06-26T23:04:27.761+0000] {logging_mixin.py:190} INFO - [2025-06-26T23:04:27.761+0000] {dag.py:4180} INFO - Setting next_dagrun for dataset_consumes_unknown_never_scheduled to None, run_after=None
[2025-06-26T23:04:27.763+0000] {logging_mixin.py:190} INFO - [2025-06-26T23:04:27.763+0000] {dag.py:4180} INFO - Setting next_dagrun for dataset_produces_1 to 2025-06-25 00:00:00+00:00, run_after=2025-06-26 00:00:00+00:00
[2025-06-26T23:04:27.764+0000] {logging_mixin.py:190} INFO - [2025-06-26T23:04:27.764+0000] {dag.py:4180} INFO - Setting next_dagrun for dataset_produces_2 to None, run_after=None
[2025-06-26T23:04:27.805+0000] {processor.py:208} INFO - Processing /home/airflow/.local/lib/python3.12/site-packages/airflow/example_dags/example_datasets.py took 0.446 seconds
[2025-06-26T23:04:57.858+0000] {processor.py:186} INFO - Started process (PID=2703) to work on /home/airflow/.local/lib/python3.12/site-packages/airflow/example_dags/example_datasets.py
[2025-06-26T23:04:57.859+0000] {processor.py:914} INFO - Processing file /home/airflow/.local/lib/python3.12/site-packages/airflow/example_dags/example_datasets.py for tasks to queue
[2025-06-26T23:04:57.861+0000] {logging_mixin.py:190} INFO - [2025-06-26T23:04:57.861+0000] {dagbag.py:588} INFO - Filling up the DagBag from /home/airflow/.local/lib/python3.12/site-packages/airflow/example_dags/example_datasets.py
[2025-06-26T23:04:57.993+0000] {processor.py:925} INFO - DAG(s) 'consume_1_and_2_with_dataset_expressions', 'conditional_dataset_and_time_based_timetable', 'dataset_consumes_unknown_never_scheduled', 'dataset_produces_2', 'dataset_consumes_1', 'dataset_produces_1', 'consume_1_or_2_with_dataset_expressions', 'dataset_consumes_1_never_scheduled', 'consume_1_or_both_2_and_3_with_dataset_expressions', 'dataset_consumes_1_and_2' retrieved from /home/airflow/.local/lib/python3.12/site-packages/airflow/example_dags/example_datasets.py
[2025-06-26T23:04:58.215+0000] {logging_mixin.py:190} INFO - [2025-06-26T23:04:58.215+0000] {dag.py:3239} INFO - Sync 10 DAGs
[2025-06-26T23:04:58.239+0000] {logging_mixin.py:190} INFO - [2025-06-26T23:04:58.238+0000] {dag.py:4180} INFO - Setting next_dagrun for conditional_dataset_and_time_based_timetable to 2025-06-25 01:00:00+00:00, run_after=2025-06-25 01:00:00+00:00
[2025-06-26T23:04:58.243+0000] {logging_mixin.py:190} INFO - [2025-06-26T23:04:58.242+0000] {dag.py:4180} INFO - Setting next_dagrun for consume_1_and_2_with_dataset_expressions to None, run_after=None
[2025-06-26T23:04:58.244+0000] {logging_mixin.py:190} INFO - [2025-06-26T23:04:58.244+0000] {dag.py:4180} INFO - Setting next_dagrun for consume_1_or_2_with_dataset_expressions to None, run_after=None
[2025-06-26T23:04:58.246+0000] {logging_mixin.py:190} INFO - [2025-06-26T23:04:58.245+0000] {dag.py:4180} INFO - Setting next_dagrun for consume_1_or_both_2_and_3_with_dataset_expressions to None, run_after=None
[2025-06-26T23:04:58.247+0000] {logging_mixin.py:190} INFO - [2025-06-26T23:04:58.247+0000] {dag.py:4180} INFO - Setting next_dagrun for dataset_consumes_1 to None, run_after=None
[2025-06-26T23:04:58.248+0000] {logging_mixin.py:190} INFO - [2025-06-26T23:04:58.248+0000] {dag.py:4180} INFO - Setting next_dagrun for dataset_consumes_1_and_2 to None, run_after=None
[2025-06-26T23:04:58.249+0000] {logging_mixin.py:190} INFO - [2025-06-26T23:04:58.249+0000] {dag.py:4180} INFO - Setting next_dagrun for dataset_consumes_1_never_scheduled to None, run_after=None
[2025-06-26T23:04:58.251+0000] {logging_mixin.py:190} INFO - [2025-06-26T23:04:58.250+0000] {dag.py:4180} INFO - Setting next_dagrun for dataset_consumes_unknown_never_scheduled to None, run_after=None
[2025-06-26T23:04:58.252+0000] {logging_mixin.py:190} INFO - [2025-06-26T23:04:58.252+0000] {dag.py:4180} INFO - Setting next_dagrun for dataset_produces_1 to 2025-06-25 00:00:00+00:00, run_after=2025-06-26 00:00:00+00:00
[2025-06-26T23:04:58.254+0000] {logging_mixin.py:190} INFO - [2025-06-26T23:04:58.253+0000] {dag.py:4180} INFO - Setting next_dagrun for dataset_produces_2 to None, run_after=None
[2025-06-26T23:04:58.283+0000] {processor.py:208} INFO - Processing /home/airflow/.local/lib/python3.12/site-packages/airflow/example_dags/example_datasets.py took 0.430 seconds
[2025-06-26T23:05:29.118+0000] {processor.py:186} INFO - Started process (PID=2765) to work on /home/airflow/.local/lib/python3.12/site-packages/airflow/example_dags/example_datasets.py
[2025-06-26T23:05:29.119+0000] {processor.py:914} INFO - Processing file /home/airflow/.local/lib/python3.12/site-packages/airflow/example_dags/example_datasets.py for tasks to queue
[2025-06-26T23:05:29.121+0000] {logging_mixin.py:190} INFO - [2025-06-26T23:05:29.121+0000] {dagbag.py:588} INFO - Filling up the DagBag from /home/airflow/.local/lib/python3.12/site-packages/airflow/example_dags/example_datasets.py
[2025-06-26T23:05:29.505+0000] {processor.py:925} INFO - DAG(s) 'dataset_consumes_1_never_scheduled', 'conditional_dataset_and_time_based_timetable', 'consume_1_or_2_with_dataset_expressions', 'dataset_consumes_unknown_never_scheduled', 'dataset_consumes_1_and_2', 'dataset_produces_2', 'consume_1_and_2_with_dataset_expressions', 'consume_1_or_both_2_and_3_with_dataset_expressions', 'dataset_consumes_1', 'dataset_produces_1' retrieved from /home/airflow/.local/lib/python3.12/site-packages/airflow/example_dags/example_datasets.py
[2025-06-26T23:05:29.546+0000] {logging_mixin.py:190} INFO - [2025-06-26T23:05:29.546+0000] {dag.py:3239} INFO - Sync 10 DAGs
[2025-06-26T23:05:29.576+0000] {logging_mixin.py:190} INFO - [2025-06-26T23:05:29.576+0000] {dag.py:4180} INFO - Setting next_dagrun for conditional_dataset_and_time_based_timetable to 2025-06-25 01:00:00+00:00, run_after=2025-06-25 01:00:00+00:00
[2025-06-26T23:05:29.580+0000] {logging_mixin.py:190} INFO - [2025-06-26T23:05:29.579+0000] {dag.py:4180} INFO - Setting next_dagrun for consume_1_and_2_with_dataset_expressions to None, run_after=None
[2025-06-26T23:05:29.581+0000] {logging_mixin.py:190} INFO - [2025-06-26T23:05:29.581+0000] {dag.py:4180} INFO - Setting next_dagrun for consume_1_or_2_with_dataset_expressions to None, run_after=None
[2025-06-26T23:05:29.582+0000] {logging_mixin.py:190} INFO - [2025-06-26T23:05:29.582+0000] {dag.py:4180} INFO - Setting next_dagrun for consume_1_or_both_2_and_3_with_dataset_expressions to None, run_after=None
[2025-06-26T23:05:29.584+0000] {logging_mixin.py:190} INFO - [2025-06-26T23:05:29.584+0000] {dag.py:4180} INFO - Setting next_dagrun for dataset_consumes_1 to None, run_after=None
[2025-06-26T23:05:29.585+0000] {logging_mixin.py:190} INFO - [2025-06-26T23:05:29.585+0000] {dag.py:4180} INFO - Setting next_dagrun for dataset_consumes_1_and_2 to None, run_after=None
[2025-06-26T23:05:29.586+0000] {logging_mixin.py:190} INFO - [2025-06-26T23:05:29.586+0000] {dag.py:4180} INFO - Setting next_dagrun for dataset_consumes_1_never_scheduled to None, run_after=None
[2025-06-26T23:05:29.588+0000] {logging_mixin.py:190} INFO - [2025-06-26T23:05:29.588+0000] {dag.py:4180} INFO - Setting next_dagrun for dataset_consumes_unknown_never_scheduled to None, run_after=None
[2025-06-26T23:05:29.590+0000] {logging_mixin.py:190} INFO - [2025-06-26T23:05:29.590+0000] {dag.py:4180} INFO - Setting next_dagrun for dataset_produces_1 to 2025-06-25 00:00:00+00:00, run_after=2025-06-26 00:00:00+00:00
[2025-06-26T23:05:29.591+0000] {logging_mixin.py:190} INFO - [2025-06-26T23:05:29.591+0000] {dag.py:4180} INFO - Setting next_dagrun for dataset_produces_2 to None, run_after=None
[2025-06-26T23:05:29.621+0000] {processor.py:208} INFO - Processing /home/airflow/.local/lib/python3.12/site-packages/airflow/example_dags/example_datasets.py took 0.508 seconds
[2025-06-26T23:06:00.177+0000] {processor.py:186} INFO - Started process (PID=2827) to work on /home/airflow/.local/lib/python3.12/site-packages/airflow/example_dags/example_datasets.py
[2025-06-26T23:06:00.178+0000] {processor.py:914} INFO - Processing file /home/airflow/.local/lib/python3.12/site-packages/airflow/example_dags/example_datasets.py for tasks to queue
[2025-06-26T23:06:00.180+0000] {logging_mixin.py:190} INFO - [2025-06-26T23:06:00.180+0000] {dagbag.py:588} INFO - Filling up the DagBag from /home/airflow/.local/lib/python3.12/site-packages/airflow/example_dags/example_datasets.py
[2025-06-26T23:06:00.521+0000] {processor.py:925} INFO - DAG(s) 'dataset_produces_2', 'consume_1_or_both_2_and_3_with_dataset_expressions', 'dataset_consumes_1_never_scheduled', 'dataset_consumes_1', 'dataset_consumes_unknown_never_scheduled', 'consume_1_or_2_with_dataset_expressions', 'consume_1_and_2_with_dataset_expressions', 'dataset_consumes_1_and_2', 'dataset_produces_1', 'conditional_dataset_and_time_based_timetable' retrieved from /home/airflow/.local/lib/python3.12/site-packages/airflow/example_dags/example_datasets.py
[2025-06-26T23:06:00.555+0000] {logging_mixin.py:190} INFO - [2025-06-26T23:06:00.554+0000] {dag.py:3239} INFO - Sync 10 DAGs
[2025-06-26T23:06:00.575+0000] {logging_mixin.py:190} INFO - [2025-06-26T23:06:00.575+0000] {dag.py:4180} INFO - Setting next_dagrun for conditional_dataset_and_time_based_timetable to 2025-06-25 01:00:00+00:00, run_after=2025-06-25 01:00:00+00:00
[2025-06-26T23:06:00.578+0000] {logging_mixin.py:190} INFO - [2025-06-26T23:06:00.578+0000] {dag.py:4180} INFO - Setting next_dagrun for consume_1_and_2_with_dataset_expressions to None, run_after=None
[2025-06-26T23:06:00.580+0000] {logging_mixin.py:190} INFO - [2025-06-26T23:06:00.579+0000] {dag.py:4180} INFO - Setting next_dagrun for consume_1_or_2_with_dataset_expressions to None, run_after=None
[2025-06-26T23:06:00.581+0000] {logging_mixin.py:190} INFO - [2025-06-26T23:06:00.581+0000] {dag.py:4180} INFO - Setting next_dagrun for consume_1_or_both_2_and_3_with_dataset_expressions to None, run_after=None
[2025-06-26T23:06:00.582+0000] {logging_mixin.py:190} INFO - [2025-06-26T23:06:00.582+0000] {dag.py:4180} INFO - Setting next_dagrun for dataset_consumes_1 to None, run_after=None
[2025-06-26T23:06:00.583+0000] {logging_mixin.py:190} INFO - [2025-06-26T23:06:00.583+0000] {dag.py:4180} INFO - Setting next_dagrun for dataset_consumes_1_and_2 to None, run_after=None
[2025-06-26T23:06:00.584+0000] {logging_mixin.py:190} INFO - [2025-06-26T23:06:00.584+0000] {dag.py:4180} INFO - Setting next_dagrun for dataset_consumes_1_never_scheduled to None, run_after=None
[2025-06-26T23:06:00.585+0000] {logging_mixin.py:190} INFO - [2025-06-26T23:06:00.585+0000] {dag.py:4180} INFO - Setting next_dagrun for dataset_consumes_unknown_never_scheduled to None, run_after=None
[2025-06-26T23:06:00.588+0000] {logging_mixin.py:190} INFO - [2025-06-26T23:06:00.587+0000] {dag.py:4180} INFO - Setting next_dagrun for dataset_produces_1 to 2025-06-25 00:00:00+00:00, run_after=2025-06-26 00:00:00+00:00
[2025-06-26T23:06:00.589+0000] {logging_mixin.py:190} INFO - [2025-06-26T23:06:00.589+0000] {dag.py:4180} INFO - Setting next_dagrun for dataset_produces_2 to None, run_after=None
[2025-06-26T23:06:00.625+0000] {processor.py:208} INFO - Processing /home/airflow/.local/lib/python3.12/site-packages/airflow/example_dags/example_datasets.py took 0.453 seconds
[2025-06-26T23:06:30.994+0000] {processor.py:186} INFO - Started process (PID=2889) to work on /home/airflow/.local/lib/python3.12/site-packages/airflow/example_dags/example_datasets.py
[2025-06-26T23:06:30.995+0000] {processor.py:914} INFO - Processing file /home/airflow/.local/lib/python3.12/site-packages/airflow/example_dags/example_datasets.py for tasks to queue
[2025-06-26T23:06:30.997+0000] {logging_mixin.py:190} INFO - [2025-06-26T23:06:30.997+0000] {dagbag.py:588} INFO - Filling up the DagBag from /home/airflow/.local/lib/python3.12/site-packages/airflow/example_dags/example_datasets.py
[2025-06-26T23:06:31.329+0000] {processor.py:925} INFO - DAG(s) 'dataset_consumes_1_never_scheduled', 'conditional_dataset_and_time_based_timetable', 'consume_1_and_2_with_dataset_expressions', 'consume_1_or_both_2_and_3_with_dataset_expressions', 'dataset_consumes_1_and_2', 'dataset_consumes_unknown_never_scheduled', 'dataset_produces_1', 'dataset_produces_2', 'dataset_consumes_1', 'consume_1_or_2_with_dataset_expressions' retrieved from /home/airflow/.local/lib/python3.12/site-packages/airflow/example_dags/example_datasets.py
[2025-06-26T23:06:31.361+0000] {logging_mixin.py:190} INFO - [2025-06-26T23:06:31.361+0000] {dag.py:3239} INFO - Sync 10 DAGs
[2025-06-26T23:06:31.379+0000] {logging_mixin.py:190} INFO - [2025-06-26T23:06:31.379+0000] {dag.py:4180} INFO - Setting next_dagrun for conditional_dataset_and_time_based_timetable to 2025-06-25 01:00:00+00:00, run_after=2025-06-25 01:00:00+00:00
[2025-06-26T23:06:31.383+0000] {logging_mixin.py:190} INFO - [2025-06-26T23:06:31.383+0000] {dag.py:4180} INFO - Setting next_dagrun for consume_1_and_2_with_dataset_expressions to None, run_after=None
[2025-06-26T23:06:31.384+0000] {logging_mixin.py:190} INFO - [2025-06-26T23:06:31.384+0000] {dag.py:4180} INFO - Setting next_dagrun for consume_1_or_2_with_dataset_expressions to None, run_after=None
[2025-06-26T23:06:31.385+0000] {logging_mixin.py:190} INFO - [2025-06-26T23:06:31.385+0000] {dag.py:4180} INFO - Setting next_dagrun for consume_1_or_both_2_and_3_with_dataset_expressions to None, run_after=None
[2025-06-26T23:06:31.386+0000] {logging_mixin.py:190} INFO - [2025-06-26T23:06:31.386+0000] {dag.py:4180} INFO - Setting next_dagrun for dataset_consumes_1 to None, run_after=None
[2025-06-26T23:06:31.387+0000] {logging_mixin.py:190} INFO - [2025-06-26T23:06:31.387+0000] {dag.py:4180} INFO - Setting next_dagrun for dataset_consumes_1_and_2 to None, run_after=None
[2025-06-26T23:06:31.389+0000] {logging_mixin.py:190} INFO - [2025-06-26T23:06:31.389+0000] {dag.py:4180} INFO - Setting next_dagrun for dataset_consumes_1_never_scheduled to None, run_after=None
[2025-06-26T23:06:31.390+0000] {logging_mixin.py:190} INFO - [2025-06-26T23:06:31.390+0000] {dag.py:4180} INFO - Setting next_dagrun for dataset_consumes_unknown_never_scheduled to None, run_after=None
[2025-06-26T23:06:31.392+0000] {logging_mixin.py:190} INFO - [2025-06-26T23:06:31.392+0000] {dag.py:4180} INFO - Setting next_dagrun for dataset_produces_1 to 2025-06-25 00:00:00+00:00, run_after=2025-06-26 00:00:00+00:00
[2025-06-26T23:06:31.393+0000] {logging_mixin.py:190} INFO - [2025-06-26T23:06:31.393+0000] {dag.py:4180} INFO - Setting next_dagrun for dataset_produces_2 to None, run_after=None
[2025-06-26T23:06:31.421+0000] {processor.py:208} INFO - Processing /home/airflow/.local/lib/python3.12/site-packages/airflow/example_dags/example_datasets.py took 0.432 seconds
[2025-06-26T23:07:01.843+0000] {processor.py:186} INFO - Started process (PID=2951) to work on /home/airflow/.local/lib/python3.12/site-packages/airflow/example_dags/example_datasets.py
[2025-06-26T23:07:01.844+0000] {processor.py:914} INFO - Processing file /home/airflow/.local/lib/python3.12/site-packages/airflow/example_dags/example_datasets.py for tasks to queue
[2025-06-26T23:07:01.846+0000] {logging_mixin.py:190} INFO - [2025-06-26T23:07:01.846+0000] {dagbag.py:588} INFO - Filling up the DagBag from /home/airflow/.local/lib/python3.12/site-packages/airflow/example_dags/example_datasets.py
[2025-06-26T23:07:02.197+0000] {processor.py:925} INFO - DAG(s) 'conditional_dataset_and_time_based_timetable', 'dataset_consumes_1_and_2', 'dataset_consumes_1_never_scheduled', 'dataset_consumes_1', 'consume_1_or_both_2_and_3_with_dataset_expressions', 'dataset_consumes_unknown_never_scheduled', 'consume_1_or_2_with_dataset_expressions', 'dataset_produces_1', 'consume_1_and_2_with_dataset_expressions', 'dataset_produces_2' retrieved from /home/airflow/.local/lib/python3.12/site-packages/airflow/example_dags/example_datasets.py
[2025-06-26T23:07:02.245+0000] {logging_mixin.py:190} INFO - [2025-06-26T23:07:02.245+0000] {dag.py:3239} INFO - Sync 10 DAGs
[2025-06-26T23:07:02.276+0000] {logging_mixin.py:190} INFO - [2025-06-26T23:07:02.275+0000] {dag.py:4180} INFO - Setting next_dagrun for conditional_dataset_and_time_based_timetable to 2025-06-25 01:00:00+00:00, run_after=2025-06-25 01:00:00+00:00
[2025-06-26T23:07:02.281+0000] {logging_mixin.py:190} INFO - [2025-06-26T23:07:02.281+0000] {dag.py:4180} INFO - Setting next_dagrun for consume_1_and_2_with_dataset_expressions to None, run_after=None
[2025-06-26T23:07:02.283+0000] {logging_mixin.py:190} INFO - [2025-06-26T23:07:02.283+0000] {dag.py:4180} INFO - Setting next_dagrun for consume_1_or_2_with_dataset_expressions to None, run_after=None
[2025-06-26T23:07:02.285+0000] {logging_mixin.py:190} INFO - [2025-06-26T23:07:02.285+0000] {dag.py:4180} INFO - Setting next_dagrun for consume_1_or_both_2_and_3_with_dataset_expressions to None, run_after=None
[2025-06-26T23:07:02.288+0000] {logging_mixin.py:190} INFO - [2025-06-26T23:07:02.287+0000] {dag.py:4180} INFO - Setting next_dagrun for dataset_consumes_1 to None, run_after=None
[2025-06-26T23:07:02.290+0000] {logging_mixin.py:190} INFO - [2025-06-26T23:07:02.290+0000] {dag.py:4180} INFO - Setting next_dagrun for dataset_consumes_1_and_2 to None, run_after=None
[2025-06-26T23:07:02.292+0000] {logging_mixin.py:190} INFO - [2025-06-26T23:07:02.292+0000] {dag.py:4180} INFO - Setting next_dagrun for dataset_consumes_1_never_scheduled to None, run_after=None
[2025-06-26T23:07:02.295+0000] {logging_mixin.py:190} INFO - [2025-06-26T23:07:02.294+0000] {dag.py:4180} INFO - Setting next_dagrun for dataset_consumes_unknown_never_scheduled to None, run_after=None
[2025-06-26T23:07:02.298+0000] {logging_mixin.py:190} INFO - [2025-06-26T23:07:02.298+0000] {dag.py:4180} INFO - Setting next_dagrun for dataset_produces_1 to 2025-06-25 00:00:00+00:00, run_after=2025-06-26 00:00:00+00:00
[2025-06-26T23:07:02.301+0000] {logging_mixin.py:190} INFO - [2025-06-26T23:07:02.300+0000] {dag.py:4180} INFO - Setting next_dagrun for dataset_produces_2 to None, run_after=None
[2025-06-26T23:07:02.340+0000] {processor.py:208} INFO - Processing /home/airflow/.local/lib/python3.12/site-packages/airflow/example_dags/example_datasets.py took 0.501 seconds
[2025-06-26T23:07:32.686+0000] {processor.py:186} INFO - Started process (PID=3013) to work on /home/airflow/.local/lib/python3.12/site-packages/airflow/example_dags/example_datasets.py
[2025-06-26T23:07:32.687+0000] {processor.py:914} INFO - Processing file /home/airflow/.local/lib/python3.12/site-packages/airflow/example_dags/example_datasets.py for tasks to queue
[2025-06-26T23:07:32.689+0000] {logging_mixin.py:190} INFO - [2025-06-26T23:07:32.689+0000] {dagbag.py:588} INFO - Filling up the DagBag from /home/airflow/.local/lib/python3.12/site-packages/airflow/example_dags/example_datasets.py
[2025-06-26T23:07:33.005+0000] {processor.py:925} INFO - DAG(s) 'consume_1_and_2_with_dataset_expressions', 'consume_1_or_both_2_and_3_with_dataset_expressions', 'conditional_dataset_and_time_based_timetable', 'dataset_consumes_1', 'consume_1_or_2_with_dataset_expressions', 'dataset_consumes_unknown_never_scheduled', 'dataset_produces_2', 'dataset_consumes_1_never_scheduled', 'dataset_produces_1', 'dataset_consumes_1_and_2' retrieved from /home/airflow/.local/lib/python3.12/site-packages/airflow/example_dags/example_datasets.py
[2025-06-26T23:07:33.039+0000] {logging_mixin.py:190} INFO - [2025-06-26T23:07:33.039+0000] {dag.py:3239} INFO - Sync 10 DAGs
[2025-06-26T23:07:33.064+0000] {logging_mixin.py:190} INFO - [2025-06-26T23:07:33.064+0000] {dag.py:4180} INFO - Setting next_dagrun for conditional_dataset_and_time_based_timetable to 2025-06-25 01:00:00+00:00, run_after=2025-06-25 01:00:00+00:00
[2025-06-26T23:07:33.069+0000] {logging_mixin.py:190} INFO - [2025-06-26T23:07:33.069+0000] {dag.py:4180} INFO - Setting next_dagrun for consume_1_and_2_with_dataset_expressions to None, run_after=None
[2025-06-26T23:07:33.071+0000] {logging_mixin.py:190} INFO - [2025-06-26T23:07:33.070+0000] {dag.py:4180} INFO - Setting next_dagrun for consume_1_or_2_with_dataset_expressions to None, run_after=None
[2025-06-26T23:07:33.072+0000] {logging_mixin.py:190} INFO - [2025-06-26T23:07:33.072+0000] {dag.py:4180} INFO - Setting next_dagrun for consume_1_or_both_2_and_3_with_dataset_expressions to None, run_after=None
[2025-06-26T23:07:33.073+0000] {logging_mixin.py:190} INFO - [2025-06-26T23:07:33.073+0000] {dag.py:4180} INFO - Setting next_dagrun for dataset_consumes_1 to None, run_after=None
[2025-06-26T23:07:33.074+0000] {logging_mixin.py:190} INFO - [2025-06-26T23:07:33.074+0000] {dag.py:4180} INFO - Setting next_dagrun for dataset_consumes_1_and_2 to None, run_after=None
[2025-06-26T23:07:33.075+0000] {logging_mixin.py:190} INFO - [2025-06-26T23:07:33.075+0000] {dag.py:4180} INFO - Setting next_dagrun for dataset_consumes_1_never_scheduled to None, run_after=None
[2025-06-26T23:07:33.077+0000] {logging_mixin.py:190} INFO - [2025-06-26T23:07:33.077+0000] {dag.py:4180} INFO - Setting next_dagrun for dataset_consumes_unknown_never_scheduled to None, run_after=None
[2025-06-26T23:07:33.079+0000] {logging_mixin.py:190} INFO - [2025-06-26T23:07:33.079+0000] {dag.py:4180} INFO - Setting next_dagrun for dataset_produces_1 to 2025-06-25 00:00:00+00:00, run_after=2025-06-26 00:00:00+00:00
[2025-06-26T23:07:33.081+0000] {logging_mixin.py:190} INFO - [2025-06-26T23:07:33.081+0000] {dag.py:4180} INFO - Setting next_dagrun for dataset_produces_2 to None, run_after=None
[2025-06-26T23:07:33.111+0000] {processor.py:208} INFO - Processing /home/airflow/.local/lib/python3.12/site-packages/airflow/example_dags/example_datasets.py took 0.430 seconds
[2025-06-26T23:08:03.849+0000] {processor.py:186} INFO - Started process (PID=3075) to work on /home/airflow/.local/lib/python3.12/site-packages/airflow/example_dags/example_datasets.py
[2025-06-26T23:08:03.851+0000] {processor.py:914} INFO - Processing file /home/airflow/.local/lib/python3.12/site-packages/airflow/example_dags/example_datasets.py for tasks to queue
[2025-06-26T23:08:03.853+0000] {logging_mixin.py:190} INFO - [2025-06-26T23:08:03.853+0000] {dagbag.py:588} INFO - Filling up the DagBag from /home/airflow/.local/lib/python3.12/site-packages/airflow/example_dags/example_datasets.py
[2025-06-26T23:08:04.184+0000] {processor.py:925} INFO - DAG(s) 'dataset_consumes_1_never_scheduled', 'consume_1_or_2_with_dataset_expressions', 'consume_1_and_2_with_dataset_expressions', 'dataset_consumes_unknown_never_scheduled', 'dataset_consumes_1', 'dataset_consumes_1_and_2', 'conditional_dataset_and_time_based_timetable', 'consume_1_or_both_2_and_3_with_dataset_expressions', 'dataset_produces_2', 'dataset_produces_1' retrieved from /home/airflow/.local/lib/python3.12/site-packages/airflow/example_dags/example_datasets.py
[2025-06-26T23:08:04.220+0000] {logging_mixin.py:190} INFO - [2025-06-26T23:08:04.220+0000] {dag.py:3239} INFO - Sync 10 DAGs
[2025-06-26T23:08:04.242+0000] {logging_mixin.py:190} INFO - [2025-06-26T23:08:04.242+0000] {dag.py:4180} INFO - Setting next_dagrun for conditional_dataset_and_time_based_timetable to 2025-06-25 01:00:00+00:00, run_after=2025-06-25 01:00:00+00:00
[2025-06-26T23:08:04.246+0000] {logging_mixin.py:190} INFO - [2025-06-26T23:08:04.246+0000] {dag.py:4180} INFO - Setting next_dagrun for consume_1_and_2_with_dataset_expressions to None, run_after=None
[2025-06-26T23:08:04.248+0000] {logging_mixin.py:190} INFO - [2025-06-26T23:08:04.248+0000] {dag.py:4180} INFO - Setting next_dagrun for consume_1_or_2_with_dataset_expressions to None, run_after=None
[2025-06-26T23:08:04.250+0000] {logging_mixin.py:190} INFO - [2025-06-26T23:08:04.250+0000] {dag.py:4180} INFO - Setting next_dagrun for consume_1_or_both_2_and_3_with_dataset_expressions to None, run_after=None
[2025-06-26T23:08:04.252+0000] {logging_mixin.py:190} INFO - [2025-06-26T23:08:04.252+0000] {dag.py:4180} INFO - Setting next_dagrun for dataset_consumes_1 to None, run_after=None
[2025-06-26T23:08:04.254+0000] {logging_mixin.py:190} INFO - [2025-06-26T23:08:04.253+0000] {dag.py:4180} INFO - Setting next_dagrun for dataset_consumes_1_and_2 to None, run_after=None
[2025-06-26T23:08:04.255+0000] {logging_mixin.py:190} INFO - [2025-06-26T23:08:04.255+0000] {dag.py:4180} INFO - Setting next_dagrun for dataset_consumes_1_never_scheduled to None, run_after=None
[2025-06-26T23:08:04.257+0000] {logging_mixin.py:190} INFO - [2025-06-26T23:08:04.257+0000] {dag.py:4180} INFO - Setting next_dagrun for dataset_consumes_unknown_never_scheduled to None, run_after=None
[2025-06-26T23:08:04.260+0000] {logging_mixin.py:190} INFO - [2025-06-26T23:08:04.260+0000] {dag.py:4180} INFO - Setting next_dagrun for dataset_produces_1 to 2025-06-25 00:00:00+00:00, run_after=2025-06-26 00:00:00+00:00
[2025-06-26T23:08:04.263+0000] {logging_mixin.py:190} INFO - [2025-06-26T23:08:04.262+0000] {dag.py:4180} INFO - Setting next_dagrun for dataset_produces_2 to None, run_after=None
[2025-06-26T23:08:04.304+0000] {processor.py:208} INFO - Processing /home/airflow/.local/lib/python3.12/site-packages/airflow/example_dags/example_datasets.py took 0.461 seconds
[2025-06-26T23:08:34.630+0000] {processor.py:186} INFO - Started process (PID=3137) to work on /home/airflow/.local/lib/python3.12/site-packages/airflow/example_dags/example_datasets.py
[2025-06-26T23:08:34.631+0000] {processor.py:914} INFO - Processing file /home/airflow/.local/lib/python3.12/site-packages/airflow/example_dags/example_datasets.py for tasks to queue
[2025-06-26T23:08:34.633+0000] {logging_mixin.py:190} INFO - [2025-06-26T23:08:34.633+0000] {dagbag.py:588} INFO - Filling up the DagBag from /home/airflow/.local/lib/python3.12/site-packages/airflow/example_dags/example_datasets.py
[2025-06-26T23:08:34.992+0000] {processor.py:925} INFO - DAG(s) 'dataset_produces_1', 'dataset_consumes_1_and_2', 'dataset_consumes_1_never_scheduled', 'conditional_dataset_and_time_based_timetable', 'consume_1_or_both_2_and_3_with_dataset_expressions', 'dataset_produces_2', 'consume_1_and_2_with_dataset_expressions', 'dataset_consumes_unknown_never_scheduled', 'dataset_consumes_1', 'consume_1_or_2_with_dataset_expressions' retrieved from /home/airflow/.local/lib/python3.12/site-packages/airflow/example_dags/example_datasets.py
[2025-06-26T23:08:35.035+0000] {logging_mixin.py:190} INFO - [2025-06-26T23:08:35.035+0000] {dag.py:3239} INFO - Sync 10 DAGs
[2025-06-26T23:08:35.056+0000] {logging_mixin.py:190} INFO - [2025-06-26T23:08:35.056+0000] {dag.py:4180} INFO - Setting next_dagrun for conditional_dataset_and_time_based_timetable to 2025-06-25 01:00:00+00:00, run_after=2025-06-25 01:00:00+00:00
[2025-06-26T23:08:35.060+0000] {logging_mixin.py:190} INFO - [2025-06-26T23:08:35.059+0000] {dag.py:4180} INFO - Setting next_dagrun for consume_1_and_2_with_dataset_expressions to None, run_after=None
[2025-06-26T23:08:35.061+0000] {logging_mixin.py:190} INFO - [2025-06-26T23:08:35.061+0000] {dag.py:4180} INFO - Setting next_dagrun for consume_1_or_2_with_dataset_expressions to None, run_after=None
[2025-06-26T23:08:35.063+0000] {logging_mixin.py:190} INFO - [2025-06-26T23:08:35.062+0000] {dag.py:4180} INFO - Setting next_dagrun for consume_1_or_both_2_and_3_with_dataset_expressions to None, run_after=None
[2025-06-26T23:08:35.064+0000] {logging_mixin.py:190} INFO - [2025-06-26T23:08:35.064+0000] {dag.py:4180} INFO - Setting next_dagrun for dataset_consumes_1 to None, run_after=None
[2025-06-26T23:08:35.065+0000] {logging_mixin.py:190} INFO - [2025-06-26T23:08:35.065+0000] {dag.py:4180} INFO - Setting next_dagrun for dataset_consumes_1_and_2 to None, run_after=None
[2025-06-26T23:08:35.067+0000] {logging_mixin.py:190} INFO - [2025-06-26T23:08:35.066+0000] {dag.py:4180} INFO - Setting next_dagrun for dataset_consumes_1_never_scheduled to None, run_after=None
[2025-06-26T23:08:35.068+0000] {logging_mixin.py:190} INFO - [2025-06-26T23:08:35.068+0000] {dag.py:4180} INFO - Setting next_dagrun for dataset_consumes_unknown_never_scheduled to None, run_after=None
[2025-06-26T23:08:35.071+0000] {logging_mixin.py:190} INFO - [2025-06-26T23:08:35.071+0000] {dag.py:4180} INFO - Setting next_dagrun for dataset_produces_1 to 2025-06-25 00:00:00+00:00, run_after=2025-06-26 00:00:00+00:00
[2025-06-26T23:08:35.073+0000] {logging_mixin.py:190} INFO - [2025-06-26T23:08:35.072+0000] {dag.py:4180} INFO - Setting next_dagrun for dataset_produces_2 to None, run_after=None
[2025-06-26T23:08:35.104+0000] {processor.py:208} INFO - Processing /home/airflow/.local/lib/python3.12/site-packages/airflow/example_dags/example_datasets.py took 0.480 seconds
[2025-06-26T23:09:05.602+0000] {processor.py:186} INFO - Started process (PID=3205) to work on /home/airflow/.local/lib/python3.12/site-packages/airflow/example_dags/example_datasets.py
[2025-06-26T23:09:05.603+0000] {processor.py:914} INFO - Processing file /home/airflow/.local/lib/python3.12/site-packages/airflow/example_dags/example_datasets.py for tasks to queue
[2025-06-26T23:09:05.606+0000] {logging_mixin.py:190} INFO - [2025-06-26T23:09:05.605+0000] {dagbag.py:588} INFO - Filling up the DagBag from /home/airflow/.local/lib/python3.12/site-packages/airflow/example_dags/example_datasets.py
[2025-06-26T23:09:05.912+0000] {processor.py:925} INFO - DAG(s) 'consume_1_or_both_2_and_3_with_dataset_expressions', 'conditional_dataset_and_time_based_timetable', 'dataset_consumes_1_and_2', 'consume_1_or_2_with_dataset_expressions', 'dataset_produces_2', 'dataset_consumes_unknown_never_scheduled', 'dataset_consumes_1', 'dataset_produces_1', 'consume_1_and_2_with_dataset_expressions', 'dataset_consumes_1_never_scheduled' retrieved from /home/airflow/.local/lib/python3.12/site-packages/airflow/example_dags/example_datasets.py
[2025-06-26T23:09:05.946+0000] {logging_mixin.py:190} INFO - [2025-06-26T23:09:05.945+0000] {dag.py:3239} INFO - Sync 10 DAGs
[2025-06-26T23:09:05.964+0000] {logging_mixin.py:190} INFO - [2025-06-26T23:09:05.964+0000] {dag.py:4180} INFO - Setting next_dagrun for conditional_dataset_and_time_based_timetable to 2025-06-25 01:00:00+00:00, run_after=2025-06-25 01:00:00+00:00
[2025-06-26T23:09:05.967+0000] {logging_mixin.py:190} INFO - [2025-06-26T23:09:05.967+0000] {dag.py:4180} INFO - Setting next_dagrun for consume_1_and_2_with_dataset_expressions to None, run_after=None
[2025-06-26T23:09:05.969+0000] {logging_mixin.py:190} INFO - [2025-06-26T23:09:05.969+0000] {dag.py:4180} INFO - Setting next_dagrun for consume_1_or_2_with_dataset_expressions to None, run_after=None
[2025-06-26T23:09:05.970+0000] {logging_mixin.py:190} INFO - [2025-06-26T23:09:05.970+0000] {dag.py:4180} INFO - Setting next_dagrun for consume_1_or_both_2_and_3_with_dataset_expressions to None, run_after=None
[2025-06-26T23:09:05.972+0000] {logging_mixin.py:190} INFO - [2025-06-26T23:09:05.972+0000] {dag.py:4180} INFO - Setting next_dagrun for dataset_consumes_1 to None, run_after=None
[2025-06-26T23:09:05.973+0000] {logging_mixin.py:190} INFO - [2025-06-26T23:09:05.973+0000] {dag.py:4180} INFO - Setting next_dagrun for dataset_consumes_1_and_2 to None, run_after=None
[2025-06-26T23:09:05.974+0000] {logging_mixin.py:190} INFO - [2025-06-26T23:09:05.974+0000] {dag.py:4180} INFO - Setting next_dagrun for dataset_consumes_1_never_scheduled to None, run_after=None
[2025-06-26T23:09:05.976+0000] {logging_mixin.py:190} INFO - [2025-06-26T23:09:05.975+0000] {dag.py:4180} INFO - Setting next_dagrun for dataset_consumes_unknown_never_scheduled to None, run_after=None
[2025-06-26T23:09:05.978+0000] {logging_mixin.py:190} INFO - [2025-06-26T23:09:05.977+0000] {dag.py:4180} INFO - Setting next_dagrun for dataset_produces_1 to 2025-06-25 00:00:00+00:00, run_after=2025-06-26 00:00:00+00:00
[2025-06-26T23:09:05.979+0000] {logging_mixin.py:190} INFO - [2025-06-26T23:09:05.979+0000] {dag.py:4180} INFO - Setting next_dagrun for dataset_produces_2 to None, run_after=None
[2025-06-26T23:09:06.005+0000] {processor.py:208} INFO - Processing /home/airflow/.local/lib/python3.12/site-packages/airflow/example_dags/example_datasets.py took 0.409 seconds
[2025-06-26T23:09:36.710+0000] {processor.py:186} INFO - Started process (PID=3267) to work on /home/airflow/.local/lib/python3.12/site-packages/airflow/example_dags/example_datasets.py
[2025-06-26T23:09:36.711+0000] {processor.py:914} INFO - Processing file /home/airflow/.local/lib/python3.12/site-packages/airflow/example_dags/example_datasets.py for tasks to queue
[2025-06-26T23:09:36.713+0000] {logging_mixin.py:190} INFO - [2025-06-26T23:09:36.713+0000] {dagbag.py:588} INFO - Filling up the DagBag from /home/airflow/.local/lib/python3.12/site-packages/airflow/example_dags/example_datasets.py
[2025-06-26T23:09:37.030+0000] {processor.py:925} INFO - DAG(s) 'consume_1_and_2_with_dataset_expressions', 'dataset_consumes_1_and_2', 'dataset_produces_1', 'dataset_consumes_1', 'conditional_dataset_and_time_based_timetable', 'consume_1_or_both_2_and_3_with_dataset_expressions', 'dataset_produces_2', 'dataset_consumes_unknown_never_scheduled', 'consume_1_or_2_with_dataset_expressions', 'dataset_consumes_1_never_scheduled' retrieved from /home/airflow/.local/lib/python3.12/site-packages/airflow/example_dags/example_datasets.py
[2025-06-26T23:09:37.063+0000] {logging_mixin.py:190} INFO - [2025-06-26T23:09:37.063+0000] {dag.py:3239} INFO - Sync 10 DAGs
[2025-06-26T23:09:37.083+0000] {logging_mixin.py:190} INFO - [2025-06-26T23:09:37.083+0000] {dag.py:4180} INFO - Setting next_dagrun for conditional_dataset_and_time_based_timetable to 2025-06-25 01:00:00+00:00, run_after=2025-06-25 01:00:00+00:00
[2025-06-26T23:09:37.086+0000] {logging_mixin.py:190} INFO - [2025-06-26T23:09:37.086+0000] {dag.py:4180} INFO - Setting next_dagrun for consume_1_and_2_with_dataset_expressions to None, run_after=None
[2025-06-26T23:09:37.087+0000] {logging_mixin.py:190} INFO - [2025-06-26T23:09:37.087+0000] {dag.py:4180} INFO - Setting next_dagrun for consume_1_or_2_with_dataset_expressions to None, run_after=None
[2025-06-26T23:09:37.088+0000] {logging_mixin.py:190} INFO - [2025-06-26T23:09:37.088+0000] {dag.py:4180} INFO - Setting next_dagrun for consume_1_or_both_2_and_3_with_dataset_expressions to None, run_after=None
[2025-06-26T23:09:37.090+0000] {logging_mixin.py:190} INFO - [2025-06-26T23:09:37.089+0000] {dag.py:4180} INFO - Setting next_dagrun for dataset_consumes_1 to None, run_after=None
[2025-06-26T23:09:37.091+0000] {logging_mixin.py:190} INFO - [2025-06-26T23:09:37.091+0000] {dag.py:4180} INFO - Setting next_dagrun for dataset_consumes_1_and_2 to None, run_after=None
[2025-06-26T23:09:37.092+0000] {logging_mixin.py:190} INFO - [2025-06-26T23:09:37.092+0000] {dag.py:4180} INFO - Setting next_dagrun for dataset_consumes_1_never_scheduled to None, run_after=None
[2025-06-26T23:09:37.093+0000] {logging_mixin.py:190} INFO - [2025-06-26T23:09:37.093+0000] {dag.py:4180} INFO - Setting next_dagrun for dataset_consumes_unknown_never_scheduled to None, run_after=None
[2025-06-26T23:09:37.094+0000] {logging_mixin.py:190} INFO - [2025-06-26T23:09:37.094+0000] {dag.py:4180} INFO - Setting next_dagrun for dataset_produces_1 to 2025-06-25 00:00:00+00:00, run_after=2025-06-26 00:00:00+00:00
[2025-06-26T23:09:37.095+0000] {logging_mixin.py:190} INFO - [2025-06-26T23:09:37.095+0000] {dag.py:4180} INFO - Setting next_dagrun for dataset_produces_2 to None, run_after=None
[2025-06-26T23:09:37.122+0000] {processor.py:208} INFO - Processing /home/airflow/.local/lib/python3.12/site-packages/airflow/example_dags/example_datasets.py took 0.417 seconds
[2025-06-26T23:10:07.714+0000] {processor.py:186} INFO - Started process (PID=3329) to work on /home/airflow/.local/lib/python3.12/site-packages/airflow/example_dags/example_datasets.py
[2025-06-26T23:10:07.715+0000] {processor.py:914} INFO - Processing file /home/airflow/.local/lib/python3.12/site-packages/airflow/example_dags/example_datasets.py for tasks to queue
[2025-06-26T23:10:07.718+0000] {logging_mixin.py:190} INFO - [2025-06-26T23:10:07.717+0000] {dagbag.py:588} INFO - Filling up the DagBag from /home/airflow/.local/lib/python3.12/site-packages/airflow/example_dags/example_datasets.py
[2025-06-26T23:10:08.053+0000] {processor.py:925} INFO - DAG(s) 'conditional_dataset_and_time_based_timetable', 'dataset_consumes_1_and_2', 'dataset_consumes_1', 'consume_1_and_2_with_dataset_expressions', 'dataset_produces_2', 'consume_1_or_both_2_and_3_with_dataset_expressions', 'consume_1_or_2_with_dataset_expressions', 'dataset_consumes_unknown_never_scheduled', 'dataset_produces_1', 'dataset_consumes_1_never_scheduled' retrieved from /home/airflow/.local/lib/python3.12/site-packages/airflow/example_dags/example_datasets.py
[2025-06-26T23:10:08.095+0000] {logging_mixin.py:190} INFO - [2025-06-26T23:10:08.094+0000] {dag.py:3239} INFO - Sync 10 DAGs
[2025-06-26T23:10:08.133+0000] {logging_mixin.py:190} INFO - [2025-06-26T23:10:08.133+0000] {dag.py:4180} INFO - Setting next_dagrun for conditional_dataset_and_time_based_timetable to 2025-06-25 01:00:00+00:00, run_after=2025-06-25 01:00:00+00:00
[2025-06-26T23:10:08.140+0000] {logging_mixin.py:190} INFO - [2025-06-26T23:10:08.140+0000] {dag.py:4180} INFO - Setting next_dagrun for consume_1_and_2_with_dataset_expressions to None, run_after=None
[2025-06-26T23:10:08.142+0000] {logging_mixin.py:190} INFO - [2025-06-26T23:10:08.141+0000] {dag.py:4180} INFO - Setting next_dagrun for consume_1_or_2_with_dataset_expressions to None, run_after=None
[2025-06-26T23:10:08.143+0000] {logging_mixin.py:190} INFO - [2025-06-26T23:10:08.143+0000] {dag.py:4180} INFO - Setting next_dagrun for consume_1_or_both_2_and_3_with_dataset_expressions to None, run_after=None
[2025-06-26T23:10:08.144+0000] {logging_mixin.py:190} INFO - [2025-06-26T23:10:08.144+0000] {dag.py:4180} INFO - Setting next_dagrun for dataset_consumes_1 to None, run_after=None
[2025-06-26T23:10:08.146+0000] {logging_mixin.py:190} INFO - [2025-06-26T23:10:08.146+0000] {dag.py:4180} INFO - Setting next_dagrun for dataset_consumes_1_and_2 to None, run_after=None
[2025-06-26T23:10:08.148+0000] {logging_mixin.py:190} INFO - [2025-06-26T23:10:08.147+0000] {dag.py:4180} INFO - Setting next_dagrun for dataset_consumes_1_never_scheduled to None, run_after=None
[2025-06-26T23:10:08.149+0000] {logging_mixin.py:190} INFO - [2025-06-26T23:10:08.149+0000] {dag.py:4180} INFO - Setting next_dagrun for dataset_consumes_unknown_never_scheduled to None, run_after=None
[2025-06-26T23:10:08.151+0000] {logging_mixin.py:190} INFO - [2025-06-26T23:10:08.151+0000] {dag.py:4180} INFO - Setting next_dagrun for dataset_produces_1 to 2025-06-25 00:00:00+00:00, run_after=2025-06-26 00:00:00+00:00
[2025-06-26T23:10:08.153+0000] {logging_mixin.py:190} INFO - [2025-06-26T23:10:08.153+0000] {dag.py:4180} INFO - Setting next_dagrun for dataset_produces_2 to None, run_after=None
[2025-06-26T23:10:08.192+0000] {processor.py:208} INFO - Processing /home/airflow/.local/lib/python3.12/site-packages/airflow/example_dags/example_datasets.py took 0.483 seconds
