[2025-06-26T22:43:33.233+0000] {processor.py:186} INFO - Started process (PID=88) to work on /home/airflow/.local/lib/python3.12/site-packages/airflow/example_dags/example_subdag_operator.py
[2025-06-26T22:43:33.234+0000] {processor.py:914} INFO - Processing file /home/airflow/.local/lib/python3.12/site-packages/airflow/example_dags/example_subdag_operator.py for tasks to queue
[2025-06-26T22:43:33.236+0000] {logging_mixin.py:190} INFO - [2025-06-26T22:43:33.236+0000] {dagbag.py:588} INFO - Filling up the DagBag from /home/airflow/.local/lib/python3.12/site-packages/airflow/example_dags/example_subdag_operator.py
[2025-06-26T22:43:33.263+0000] {processor.py:925} INFO - DAG(s) 'example_subdag_operator.section-1', 'example_subdag_operator.section-2', 'example_subdag_operator' retrieved from /home/airflow/.local/lib/python3.12/site-packages/airflow/example_dags/example_subdag_operator.py
[2025-06-26T22:43:33.357+0000] {logging_mixin.py:190} INFO - [2025-06-26T22:43:33.356+0000] {override.py:1900} INFO - Created Permission View: can read on DAG:example_subdag_operator
[2025-06-26T22:43:33.369+0000] {logging_mixin.py:190} INFO - [2025-06-26T22:43:33.368+0000] {override.py:1900} INFO - Created Permission View: can edit on DAG:example_subdag_operator
[2025-06-26T22:43:33.377+0000] {logging_mixin.py:190} INFO - [2025-06-26T22:43:33.377+0000] {override.py:1900} INFO - Created Permission View: can delete on DAG:example_subdag_operator
[2025-06-26T22:43:33.390+0000] {logging_mixin.py:190} INFO - [2025-06-26T22:43:33.390+0000] {override.py:1900} INFO - Created Permission View: can read on DAG Run:example_subdag_operator
[2025-06-26T22:43:33.401+0000] {logging_mixin.py:190} INFO - [2025-06-26T22:43:33.401+0000] {override.py:1900} INFO - Created Permission View: can delete on DAG Run:example_subdag_operator
[2025-06-26T22:43:33.412+0000] {logging_mixin.py:190} INFO - [2025-06-26T22:43:33.412+0000] {override.py:1900} INFO - Created Permission View: menu access on DAG Run:example_subdag_operator
[2025-06-26T22:43:33.422+0000] {logging_mixin.py:190} INFO - [2025-06-26T22:43:33.422+0000] {override.py:1900} INFO - Created Permission View: can create on DAG Run:example_subdag_operator
[2025-06-26T22:43:33.423+0000] {logging_mixin.py:190} INFO - [2025-06-26T22:43:33.423+0000] {dag.py:3239} INFO - Sync 3 DAGs
[2025-06-26T22:43:33.440+0000] {logging_mixin.py:190} INFO - [2025-06-26T22:43:33.440+0000] {dag.py:3262} INFO - Creating ORM DAG for example_subdag_operator.section-2
[2025-06-26T22:43:33.441+0000] {logging_mixin.py:190} INFO - [2025-06-26T22:43:33.441+0000] {dag.py:3262} INFO - Creating ORM DAG for example_subdag_operator.section-1
[2025-06-26T22:43:33.442+0000] {logging_mixin.py:190} INFO - [2025-06-26T22:43:33.442+0000] {dag.py:3262} INFO - Creating ORM DAG for example_subdag_operator
[2025-06-26T22:43:33.453+0000] {logging_mixin.py:190} INFO - [2025-06-26T22:43:33.452+0000] {dag.py:4180} INFO - Setting next_dagrun for example_subdag_operator to 2022-01-01 00:00:00+00:00, run_after=2022-01-01 00:00:00+00:00
[2025-06-26T22:43:33.454+0000] {logging_mixin.py:190} INFO - [2025-06-26T22:43:33.454+0000] {dag.py:4180} INFO - Setting next_dagrun for example_subdag_operator.section-1 to None, run_after=None
[2025-06-26T22:43:33.455+0000] {logging_mixin.py:190} INFO - [2025-06-26T22:43:33.454+0000] {dag.py:4180} INFO - Setting next_dagrun for example_subdag_operator.section-2 to None, run_after=None
[2025-06-26T22:43:33.464+0000] {logging_mixin.py:190} INFO - [2025-06-26T22:43:33.464+0000] {dag.py:3239} INFO - Sync 2 DAGs
[2025-06-26T22:43:33.471+0000] {logging_mixin.py:190} INFO - [2025-06-26T22:43:33.471+0000] {dag.py:4180} INFO - Setting next_dagrun for example_subdag_operator.section-1 to None, run_after=None
[2025-06-26T22:43:33.474+0000] {logging_mixin.py:190} INFO - [2025-06-26T22:43:33.474+0000] {dag.py:4180} INFO - Setting next_dagrun for example_subdag_operator.section-2 to None, run_after=None
[2025-06-26T22:43:33.490+0000] {processor.py:208} INFO - Processing /home/airflow/.local/lib/python3.12/site-packages/airflow/example_dags/example_subdag_operator.py took 0.263 seconds
[2025-06-26T22:44:04.261+0000] {processor.py:186} INFO - Started process (PID=150) to work on /home/airflow/.local/lib/python3.12/site-packages/airflow/example_dags/example_subdag_operator.py
[2025-06-26T22:44:04.262+0000] {processor.py:914} INFO - Processing file /home/airflow/.local/lib/python3.12/site-packages/airflow/example_dags/example_subdag_operator.py for tasks to queue
[2025-06-26T22:44:04.265+0000] {logging_mixin.py:190} INFO - [2025-06-26T22:44:04.264+0000] {dagbag.py:588} INFO - Filling up the DagBag from /home/airflow/.local/lib/python3.12/site-packages/airflow/example_dags/example_subdag_operator.py
[2025-06-26T22:44:04.289+0000] {processor.py:925} INFO - DAG(s) 'example_subdag_operator.section-1', 'example_subdag_operator.section-2', 'example_subdag_operator' retrieved from /home/airflow/.local/lib/python3.12/site-packages/airflow/example_dags/example_subdag_operator.py
[2025-06-26T22:44:04.303+0000] {logging_mixin.py:190} INFO - [2025-06-26T22:44:04.302+0000] {dag.py:3239} INFO - Sync 3 DAGs
[2025-06-26T22:44:04.325+0000] {logging_mixin.py:190} INFO - [2025-06-26T22:44:04.325+0000] {dag.py:4180} INFO - Setting next_dagrun for example_subdag_operator to 2022-01-01 00:00:00+00:00, run_after=2022-01-01 00:00:00+00:00
[2025-06-26T22:44:04.329+0000] {logging_mixin.py:190} INFO - [2025-06-26T22:44:04.328+0000] {dag.py:4180} INFO - Setting next_dagrun for example_subdag_operator.section-1 to None, run_after=None
[2025-06-26T22:44:04.330+0000] {logging_mixin.py:190} INFO - [2025-06-26T22:44:04.330+0000] {dag.py:4180} INFO - Setting next_dagrun for example_subdag_operator.section-2 to None, run_after=None
[2025-06-26T22:44:04.337+0000] {logging_mixin.py:190} INFO - [2025-06-26T22:44:04.337+0000] {dag.py:3239} INFO - Sync 2 DAGs
[2025-06-26T22:44:04.342+0000] {logging_mixin.py:190} INFO - [2025-06-26T22:44:04.342+0000] {dag.py:4180} INFO - Setting next_dagrun for example_subdag_operator.section-1 to None, run_after=None
[2025-06-26T22:44:04.343+0000] {logging_mixin.py:190} INFO - [2025-06-26T22:44:04.343+0000] {dag.py:4180} INFO - Setting next_dagrun for example_subdag_operator.section-2 to None, run_after=None
[2025-06-26T22:44:04.356+0000] {processor.py:208} INFO - Processing /home/airflow/.local/lib/python3.12/site-packages/airflow/example_dags/example_subdag_operator.py took 0.101 seconds
[2025-06-26T22:44:34.667+0000] {processor.py:186} INFO - Started process (PID=212) to work on /home/airflow/.local/lib/python3.12/site-packages/airflow/example_dags/example_subdag_operator.py
[2025-06-26T22:44:34.668+0000] {processor.py:914} INFO - Processing file /home/airflow/.local/lib/python3.12/site-packages/airflow/example_dags/example_subdag_operator.py for tasks to queue
[2025-06-26T22:44:34.671+0000] {logging_mixin.py:190} INFO - [2025-06-26T22:44:34.670+0000] {dagbag.py:588} INFO - Filling up the DagBag from /home/airflow/.local/lib/python3.12/site-packages/airflow/example_dags/example_subdag_operator.py
[2025-06-26T22:44:34.693+0000] {processor.py:925} INFO - DAG(s) 'example_subdag_operator.section-1', 'example_subdag_operator.section-2', 'example_subdag_operator' retrieved from /home/airflow/.local/lib/python3.12/site-packages/airflow/example_dags/example_subdag_operator.py
[2025-06-26T22:44:34.705+0000] {logging_mixin.py:190} INFO - [2025-06-26T22:44:34.705+0000] {dag.py:3239} INFO - Sync 3 DAGs
[2025-06-26T22:44:34.725+0000] {logging_mixin.py:190} INFO - [2025-06-26T22:44:34.724+0000] {dag.py:4180} INFO - Setting next_dagrun for example_subdag_operator to 2022-01-01 00:00:00+00:00, run_after=2022-01-01 00:00:00+00:00
[2025-06-26T22:44:34.728+0000] {logging_mixin.py:190} INFO - [2025-06-26T22:44:34.728+0000] {dag.py:4180} INFO - Setting next_dagrun for example_subdag_operator.section-1 to None, run_after=None
[2025-06-26T22:44:34.730+0000] {logging_mixin.py:190} INFO - [2025-06-26T22:44:34.730+0000] {dag.py:4180} INFO - Setting next_dagrun for example_subdag_operator.section-2 to None, run_after=None
[2025-06-26T22:44:34.739+0000] {logging_mixin.py:190} INFO - [2025-06-26T22:44:34.738+0000] {dag.py:3239} INFO - Sync 2 DAGs
[2025-06-26T22:44:34.747+0000] {logging_mixin.py:190} INFO - [2025-06-26T22:44:34.746+0000] {dag.py:4180} INFO - Setting next_dagrun for example_subdag_operator.section-1 to None, run_after=None
[2025-06-26T22:44:34.747+0000] {logging_mixin.py:190} INFO - [2025-06-26T22:44:34.747+0000] {dag.py:4180} INFO - Setting next_dagrun for example_subdag_operator.section-2 to None, run_after=None
[2025-06-26T22:44:34.768+0000] {processor.py:208} INFO - Processing /home/airflow/.local/lib/python3.12/site-packages/airflow/example_dags/example_subdag_operator.py took 0.106 seconds
[2025-06-26T22:45:05.058+0000] {processor.py:186} INFO - Started process (PID=274) to work on /home/airflow/.local/lib/python3.12/site-packages/airflow/example_dags/example_subdag_operator.py
[2025-06-26T22:45:05.058+0000] {processor.py:914} INFO - Processing file /home/airflow/.local/lib/python3.12/site-packages/airflow/example_dags/example_subdag_operator.py for tasks to queue
[2025-06-26T22:45:05.061+0000] {logging_mixin.py:190} INFO - [2025-06-26T22:45:05.060+0000] {dagbag.py:588} INFO - Filling up the DagBag from /home/airflow/.local/lib/python3.12/site-packages/airflow/example_dags/example_subdag_operator.py
[2025-06-26T22:45:05.084+0000] {processor.py:925} INFO - DAG(s) 'example_subdag_operator.section-1', 'example_subdag_operator.section-2', 'example_subdag_operator' retrieved from /home/airflow/.local/lib/python3.12/site-packages/airflow/example_dags/example_subdag_operator.py
[2025-06-26T22:45:05.096+0000] {logging_mixin.py:190} INFO - [2025-06-26T22:45:05.095+0000] {dag.py:3239} INFO - Sync 3 DAGs
[2025-06-26T22:45:05.116+0000] {logging_mixin.py:190} INFO - [2025-06-26T22:45:05.116+0000] {dag.py:4180} INFO - Setting next_dagrun for example_subdag_operator to 2022-01-01 00:00:00+00:00, run_after=2022-01-01 00:00:00+00:00
[2025-06-26T22:45:05.119+0000] {logging_mixin.py:190} INFO - [2025-06-26T22:45:05.119+0000] {dag.py:4180} INFO - Setting next_dagrun for example_subdag_operator.section-1 to None, run_after=None
[2025-06-26T22:45:05.121+0000] {logging_mixin.py:190} INFO - [2025-06-26T22:45:05.121+0000] {dag.py:4180} INFO - Setting next_dagrun for example_subdag_operator.section-2 to None, run_after=None
[2025-06-26T22:45:05.129+0000] {logging_mixin.py:190} INFO - [2025-06-26T22:45:05.129+0000] {dag.py:3239} INFO - Sync 2 DAGs
[2025-06-26T22:45:05.134+0000] {logging_mixin.py:190} INFO - [2025-06-26T22:45:05.134+0000] {dag.py:4180} INFO - Setting next_dagrun for example_subdag_operator.section-1 to None, run_after=None
[2025-06-26T22:45:05.135+0000] {logging_mixin.py:190} INFO - [2025-06-26T22:45:05.135+0000] {dag.py:4180} INFO - Setting next_dagrun for example_subdag_operator.section-2 to None, run_after=None
[2025-06-26T22:45:05.149+0000] {processor.py:208} INFO - Processing /home/airflow/.local/lib/python3.12/site-packages/airflow/example_dags/example_subdag_operator.py took 0.097 seconds
[2025-06-26T22:45:35.503+0000] {processor.py:186} INFO - Started process (PID=336) to work on /home/airflow/.local/lib/python3.12/site-packages/airflow/example_dags/example_subdag_operator.py
[2025-06-26T22:45:35.503+0000] {processor.py:914} INFO - Processing file /home/airflow/.local/lib/python3.12/site-packages/airflow/example_dags/example_subdag_operator.py for tasks to queue
[2025-06-26T22:45:35.506+0000] {logging_mixin.py:190} INFO - [2025-06-26T22:45:35.506+0000] {dagbag.py:588} INFO - Filling up the DagBag from /home/airflow/.local/lib/python3.12/site-packages/airflow/example_dags/example_subdag_operator.py
[2025-06-26T22:45:35.530+0000] {processor.py:925} INFO - DAG(s) 'example_subdag_operator.section-1', 'example_subdag_operator.section-2', 'example_subdag_operator' retrieved from /home/airflow/.local/lib/python3.12/site-packages/airflow/example_dags/example_subdag_operator.py
[2025-06-26T22:45:35.543+0000] {logging_mixin.py:190} INFO - [2025-06-26T22:45:35.543+0000] {dag.py:3239} INFO - Sync 3 DAGs
[2025-06-26T22:45:35.563+0000] {logging_mixin.py:190} INFO - [2025-06-26T22:45:35.563+0000] {dag.py:4180} INFO - Setting next_dagrun for example_subdag_operator to 2022-01-01 00:00:00+00:00, run_after=2022-01-01 00:00:00+00:00
[2025-06-26T22:45:35.567+0000] {logging_mixin.py:190} INFO - [2025-06-26T22:45:35.567+0000] {dag.py:4180} INFO - Setting next_dagrun for example_subdag_operator.section-1 to None, run_after=None
[2025-06-26T22:45:35.569+0000] {logging_mixin.py:190} INFO - [2025-06-26T22:45:35.569+0000] {dag.py:4180} INFO - Setting next_dagrun for example_subdag_operator.section-2 to None, run_after=None
[2025-06-26T22:45:35.576+0000] {logging_mixin.py:190} INFO - [2025-06-26T22:45:35.576+0000] {dag.py:3239} INFO - Sync 2 DAGs
[2025-06-26T22:45:35.583+0000] {logging_mixin.py:190} INFO - [2025-06-26T22:45:35.583+0000] {dag.py:4180} INFO - Setting next_dagrun for example_subdag_operator.section-1 to None, run_after=None
[2025-06-26T22:45:35.584+0000] {logging_mixin.py:190} INFO - [2025-06-26T22:45:35.584+0000] {dag.py:4180} INFO - Setting next_dagrun for example_subdag_operator.section-2 to None, run_after=None
[2025-06-26T22:45:35.598+0000] {processor.py:208} INFO - Processing /home/airflow/.local/lib/python3.12/site-packages/airflow/example_dags/example_subdag_operator.py took 0.101 seconds
[2025-06-26T22:46:05.799+0000] {processor.py:186} INFO - Started process (PID=398) to work on /home/airflow/.local/lib/python3.12/site-packages/airflow/example_dags/example_subdag_operator.py
[2025-06-26T22:46:05.800+0000] {processor.py:914} INFO - Processing file /home/airflow/.local/lib/python3.12/site-packages/airflow/example_dags/example_subdag_operator.py for tasks to queue
[2025-06-26T22:46:05.803+0000] {logging_mixin.py:190} INFO - [2025-06-26T22:46:05.802+0000] {dagbag.py:588} INFO - Filling up the DagBag from /home/airflow/.local/lib/python3.12/site-packages/airflow/example_dags/example_subdag_operator.py
[2025-06-26T22:46:05.831+0000] {processor.py:925} INFO - DAG(s) 'example_subdag_operator.section-1', 'example_subdag_operator.section-2', 'example_subdag_operator' retrieved from /home/airflow/.local/lib/python3.12/site-packages/airflow/example_dags/example_subdag_operator.py
[2025-06-26T22:46:05.846+0000] {logging_mixin.py:190} INFO - [2025-06-26T22:46:05.846+0000] {dag.py:3239} INFO - Sync 3 DAGs
[2025-06-26T22:46:05.870+0000] {logging_mixin.py:190} INFO - [2025-06-26T22:46:05.870+0000] {dag.py:4180} INFO - Setting next_dagrun for example_subdag_operator to 2022-01-01 00:00:00+00:00, run_after=2022-01-01 00:00:00+00:00
[2025-06-26T22:46:05.874+0000] {logging_mixin.py:190} INFO - [2025-06-26T22:46:05.874+0000] {dag.py:4180} INFO - Setting next_dagrun for example_subdag_operator.section-1 to None, run_after=None
[2025-06-26T22:46:05.877+0000] {logging_mixin.py:190} INFO - [2025-06-26T22:46:05.877+0000] {dag.py:4180} INFO - Setting next_dagrun for example_subdag_operator.section-2 to None, run_after=None
[2025-06-26T22:46:05.884+0000] {logging_mixin.py:190} INFO - [2025-06-26T22:46:05.883+0000] {dag.py:3239} INFO - Sync 2 DAGs
[2025-06-26T22:46:05.890+0000] {logging_mixin.py:190} INFO - [2025-06-26T22:46:05.890+0000] {dag.py:4180} INFO - Setting next_dagrun for example_subdag_operator.section-1 to None, run_after=None
[2025-06-26T22:46:05.891+0000] {logging_mixin.py:190} INFO - [2025-06-26T22:46:05.891+0000] {dag.py:4180} INFO - Setting next_dagrun for example_subdag_operator.section-2 to None, run_after=None
[2025-06-26T22:46:05.904+0000] {processor.py:208} INFO - Processing /home/airflow/.local/lib/python3.12/site-packages/airflow/example_dags/example_subdag_operator.py took 0.113 seconds
[2025-06-26T22:46:36.414+0000] {processor.py:186} INFO - Started process (PID=460) to work on /home/airflow/.local/lib/python3.12/site-packages/airflow/example_dags/example_subdag_operator.py
[2025-06-26T22:46:36.415+0000] {processor.py:914} INFO - Processing file /home/airflow/.local/lib/python3.12/site-packages/airflow/example_dags/example_subdag_operator.py for tasks to queue
[2025-06-26T22:46:36.417+0000] {logging_mixin.py:190} INFO - [2025-06-26T22:46:36.417+0000] {dagbag.py:588} INFO - Filling up the DagBag from /home/airflow/.local/lib/python3.12/site-packages/airflow/example_dags/example_subdag_operator.py
[2025-06-26T22:46:36.442+0000] {processor.py:925} INFO - DAG(s) 'example_subdag_operator.section-1', 'example_subdag_operator.section-2', 'example_subdag_operator' retrieved from /home/airflow/.local/lib/python3.12/site-packages/airflow/example_dags/example_subdag_operator.py
[2025-06-26T22:46:36.456+0000] {logging_mixin.py:190} INFO - [2025-06-26T22:46:36.456+0000] {dag.py:3239} INFO - Sync 3 DAGs
[2025-06-26T22:46:36.477+0000] {logging_mixin.py:190} INFO - [2025-06-26T22:46:36.477+0000] {dag.py:4180} INFO - Setting next_dagrun for example_subdag_operator to 2022-01-01 00:00:00+00:00, run_after=2022-01-01 00:00:00+00:00
[2025-06-26T22:46:36.481+0000] {logging_mixin.py:190} INFO - [2025-06-26T22:46:36.480+0000] {dag.py:4180} INFO - Setting next_dagrun for example_subdag_operator.section-1 to None, run_after=None
[2025-06-26T22:46:36.482+0000] {logging_mixin.py:190} INFO - [2025-06-26T22:46:36.482+0000] {dag.py:4180} INFO - Setting next_dagrun for example_subdag_operator.section-2 to None, run_after=None
[2025-06-26T22:46:36.489+0000] {logging_mixin.py:190} INFO - [2025-06-26T22:46:36.489+0000] {dag.py:3239} INFO - Sync 2 DAGs
[2025-06-26T22:46:36.495+0000] {logging_mixin.py:190} INFO - [2025-06-26T22:46:36.495+0000] {dag.py:4180} INFO - Setting next_dagrun for example_subdag_operator.section-1 to None, run_after=None
[2025-06-26T22:46:36.496+0000] {logging_mixin.py:190} INFO - [2025-06-26T22:46:36.496+0000] {dag.py:4180} INFO - Setting next_dagrun for example_subdag_operator.section-2 to None, run_after=None
[2025-06-26T22:46:36.509+0000] {processor.py:208} INFO - Processing /home/airflow/.local/lib/python3.12/site-packages/airflow/example_dags/example_subdag_operator.py took 0.101 seconds
[2025-06-26T22:47:06.855+0000] {processor.py:186} INFO - Started process (PID=522) to work on /home/airflow/.local/lib/python3.12/site-packages/airflow/example_dags/example_subdag_operator.py
[2025-06-26T22:47:06.856+0000] {processor.py:914} INFO - Processing file /home/airflow/.local/lib/python3.12/site-packages/airflow/example_dags/example_subdag_operator.py for tasks to queue
[2025-06-26T22:47:06.858+0000] {logging_mixin.py:190} INFO - [2025-06-26T22:47:06.858+0000] {dagbag.py:588} INFO - Filling up the DagBag from /home/airflow/.local/lib/python3.12/site-packages/airflow/example_dags/example_subdag_operator.py
[2025-06-26T22:47:06.882+0000] {processor.py:925} INFO - DAG(s) 'example_subdag_operator.section-1', 'example_subdag_operator.section-2', 'example_subdag_operator' retrieved from /home/airflow/.local/lib/python3.12/site-packages/airflow/example_dags/example_subdag_operator.py
[2025-06-26T22:47:06.894+0000] {logging_mixin.py:190} INFO - [2025-06-26T22:47:06.894+0000] {dag.py:3239} INFO - Sync 3 DAGs
[2025-06-26T22:47:06.916+0000] {logging_mixin.py:190} INFO - [2025-06-26T22:47:06.916+0000] {dag.py:4180} INFO - Setting next_dagrun for example_subdag_operator to 2022-01-01 00:00:00+00:00, run_after=2022-01-01 00:00:00+00:00
[2025-06-26T22:47:06.921+0000] {logging_mixin.py:190} INFO - [2025-06-26T22:47:06.921+0000] {dag.py:4180} INFO - Setting next_dagrun for example_subdag_operator.section-1 to None, run_after=None
[2025-06-26T22:47:06.923+0000] {logging_mixin.py:190} INFO - [2025-06-26T22:47:06.922+0000] {dag.py:4180} INFO - Setting next_dagrun for example_subdag_operator.section-2 to None, run_after=None
[2025-06-26T22:47:06.929+0000] {logging_mixin.py:190} INFO - [2025-06-26T22:47:06.929+0000] {dag.py:3239} INFO - Sync 2 DAGs
[2025-06-26T22:47:06.934+0000] {logging_mixin.py:190} INFO - [2025-06-26T22:47:06.934+0000] {dag.py:4180} INFO - Setting next_dagrun for example_subdag_operator.section-1 to None, run_after=None
[2025-06-26T22:47:06.935+0000] {logging_mixin.py:190} INFO - [2025-06-26T22:47:06.935+0000] {dag.py:4180} INFO - Setting next_dagrun for example_subdag_operator.section-2 to None, run_after=None
[2025-06-26T22:47:06.948+0000] {processor.py:208} INFO - Processing /home/airflow/.local/lib/python3.12/site-packages/airflow/example_dags/example_subdag_operator.py took 0.097 seconds
[2025-06-26T22:47:37.298+0000] {processor.py:186} INFO - Started process (PID=584) to work on /home/airflow/.local/lib/python3.12/site-packages/airflow/example_dags/example_subdag_operator.py
[2025-06-26T22:47:37.299+0000] {processor.py:914} INFO - Processing file /home/airflow/.local/lib/python3.12/site-packages/airflow/example_dags/example_subdag_operator.py for tasks to queue
[2025-06-26T22:47:37.301+0000] {logging_mixin.py:190} INFO - [2025-06-26T22:47:37.301+0000] {dagbag.py:588} INFO - Filling up the DagBag from /home/airflow/.local/lib/python3.12/site-packages/airflow/example_dags/example_subdag_operator.py
[2025-06-26T22:47:37.325+0000] {processor.py:925} INFO - DAG(s) 'example_subdag_operator.section-1', 'example_subdag_operator.section-2', 'example_subdag_operator' retrieved from /home/airflow/.local/lib/python3.12/site-packages/airflow/example_dags/example_subdag_operator.py
[2025-06-26T22:47:37.337+0000] {logging_mixin.py:190} INFO - [2025-06-26T22:47:37.337+0000] {dag.py:3239} INFO - Sync 3 DAGs
[2025-06-26T22:47:37.356+0000] {logging_mixin.py:190} INFO - [2025-06-26T22:47:37.356+0000] {dag.py:4180} INFO - Setting next_dagrun for example_subdag_operator to 2022-01-01 00:00:00+00:00, run_after=2022-01-01 00:00:00+00:00
[2025-06-26T22:47:37.360+0000] {logging_mixin.py:190} INFO - [2025-06-26T22:47:37.360+0000] {dag.py:4180} INFO - Setting next_dagrun for example_subdag_operator.section-1 to None, run_after=None
[2025-06-26T22:47:37.361+0000] {logging_mixin.py:190} INFO - [2025-06-26T22:47:37.361+0000] {dag.py:4180} INFO - Setting next_dagrun for example_subdag_operator.section-2 to None, run_after=None
[2025-06-26T22:47:37.367+0000] {logging_mixin.py:190} INFO - [2025-06-26T22:47:37.367+0000] {dag.py:3239} INFO - Sync 2 DAGs
[2025-06-26T22:47:37.373+0000] {logging_mixin.py:190} INFO - [2025-06-26T22:47:37.372+0000] {dag.py:4180} INFO - Setting next_dagrun for example_subdag_operator.section-1 to None, run_after=None
[2025-06-26T22:47:37.373+0000] {logging_mixin.py:190} INFO - [2025-06-26T22:47:37.373+0000] {dag.py:4180} INFO - Setting next_dagrun for example_subdag_operator.section-2 to None, run_after=None
[2025-06-26T22:47:37.386+0000] {processor.py:208} INFO - Processing /home/airflow/.local/lib/python3.12/site-packages/airflow/example_dags/example_subdag_operator.py took 0.093 seconds
[2025-06-26T22:48:07.711+0000] {processor.py:186} INFO - Started process (PID=646) to work on /home/airflow/.local/lib/python3.12/site-packages/airflow/example_dags/example_subdag_operator.py
[2025-06-26T22:48:07.712+0000] {processor.py:914} INFO - Processing file /home/airflow/.local/lib/python3.12/site-packages/airflow/example_dags/example_subdag_operator.py for tasks to queue
[2025-06-26T22:48:07.714+0000] {logging_mixin.py:190} INFO - [2025-06-26T22:48:07.714+0000] {dagbag.py:588} INFO - Filling up the DagBag from /home/airflow/.local/lib/python3.12/site-packages/airflow/example_dags/example_subdag_operator.py
[2025-06-26T22:48:07.739+0000] {processor.py:925} INFO - DAG(s) 'example_subdag_operator.section-1', 'example_subdag_operator.section-2', 'example_subdag_operator' retrieved from /home/airflow/.local/lib/python3.12/site-packages/airflow/example_dags/example_subdag_operator.py
[2025-06-26T22:48:07.753+0000] {logging_mixin.py:190} INFO - [2025-06-26T22:48:07.752+0000] {dag.py:3239} INFO - Sync 3 DAGs
[2025-06-26T22:48:07.774+0000] {logging_mixin.py:190} INFO - [2025-06-26T22:48:07.773+0000] {dag.py:4180} INFO - Setting next_dagrun for example_subdag_operator to 2022-01-01 00:00:00+00:00, run_after=2022-01-01 00:00:00+00:00
[2025-06-26T22:48:07.777+0000] {logging_mixin.py:190} INFO - [2025-06-26T22:48:07.777+0000] {dag.py:4180} INFO - Setting next_dagrun for example_subdag_operator.section-1 to None, run_after=None
[2025-06-26T22:48:07.779+0000] {logging_mixin.py:190} INFO - [2025-06-26T22:48:07.778+0000] {dag.py:4180} INFO - Setting next_dagrun for example_subdag_operator.section-2 to None, run_after=None
[2025-06-26T22:48:07.786+0000] {logging_mixin.py:190} INFO - [2025-06-26T22:48:07.786+0000] {dag.py:3239} INFO - Sync 2 DAGs
[2025-06-26T22:48:07.792+0000] {logging_mixin.py:190} INFO - [2025-06-26T22:48:07.792+0000] {dag.py:4180} INFO - Setting next_dagrun for example_subdag_operator.section-1 to None, run_after=None
[2025-06-26T22:48:07.793+0000] {logging_mixin.py:190} INFO - [2025-06-26T22:48:07.792+0000] {dag.py:4180} INFO - Setting next_dagrun for example_subdag_operator.section-2 to None, run_after=None
[2025-06-26T22:48:07.806+0000] {processor.py:208} INFO - Processing /home/airflow/.local/lib/python3.12/site-packages/airflow/example_dags/example_subdag_operator.py took 0.101 seconds
[2025-06-26T22:48:38.078+0000] {processor.py:186} INFO - Started process (PID=708) to work on /home/airflow/.local/lib/python3.12/site-packages/airflow/example_dags/example_subdag_operator.py
[2025-06-26T22:48:38.079+0000] {processor.py:914} INFO - Processing file /home/airflow/.local/lib/python3.12/site-packages/airflow/example_dags/example_subdag_operator.py for tasks to queue
[2025-06-26T22:48:38.082+0000] {logging_mixin.py:190} INFO - [2025-06-26T22:48:38.081+0000] {dagbag.py:588} INFO - Filling up the DagBag from /home/airflow/.local/lib/python3.12/site-packages/airflow/example_dags/example_subdag_operator.py
[2025-06-26T22:48:38.108+0000] {processor.py:925} INFO - DAG(s) 'example_subdag_operator.section-1', 'example_subdag_operator.section-2', 'example_subdag_operator' retrieved from /home/airflow/.local/lib/python3.12/site-packages/airflow/example_dags/example_subdag_operator.py
[2025-06-26T22:48:38.123+0000] {logging_mixin.py:190} INFO - [2025-06-26T22:48:38.122+0000] {dag.py:3239} INFO - Sync 3 DAGs
[2025-06-26T22:48:38.142+0000] {logging_mixin.py:190} INFO - [2025-06-26T22:48:38.142+0000] {dag.py:4180} INFO - Setting next_dagrun for example_subdag_operator to 2022-01-01 00:00:00+00:00, run_after=2022-01-01 00:00:00+00:00
[2025-06-26T22:48:38.145+0000] {logging_mixin.py:190} INFO - [2025-06-26T22:48:38.145+0000] {dag.py:4180} INFO - Setting next_dagrun for example_subdag_operator.section-1 to None, run_after=None
[2025-06-26T22:48:38.147+0000] {logging_mixin.py:190} INFO - [2025-06-26T22:48:38.147+0000] {dag.py:4180} INFO - Setting next_dagrun for example_subdag_operator.section-2 to None, run_after=None
[2025-06-26T22:48:38.154+0000] {logging_mixin.py:190} INFO - [2025-06-26T22:48:38.154+0000] {dag.py:3239} INFO - Sync 2 DAGs
[2025-06-26T22:48:38.159+0000] {logging_mixin.py:190} INFO - [2025-06-26T22:48:38.159+0000] {dag.py:4180} INFO - Setting next_dagrun for example_subdag_operator.section-1 to None, run_after=None
[2025-06-26T22:48:38.159+0000] {logging_mixin.py:190} INFO - [2025-06-26T22:48:38.159+0000] {dag.py:4180} INFO - Setting next_dagrun for example_subdag_operator.section-2 to None, run_after=None
[2025-06-26T22:48:38.171+0000] {processor.py:208} INFO - Processing /home/airflow/.local/lib/python3.12/site-packages/airflow/example_dags/example_subdag_operator.py took 0.099 seconds
[2025-06-26T22:49:08.341+0000] {processor.py:186} INFO - Started process (PID=770) to work on /home/airflow/.local/lib/python3.12/site-packages/airflow/example_dags/example_subdag_operator.py
[2025-06-26T22:49:08.342+0000] {processor.py:914} INFO - Processing file /home/airflow/.local/lib/python3.12/site-packages/airflow/example_dags/example_subdag_operator.py for tasks to queue
[2025-06-26T22:49:08.344+0000] {logging_mixin.py:190} INFO - [2025-06-26T22:49:08.343+0000] {dagbag.py:588} INFO - Filling up the DagBag from /home/airflow/.local/lib/python3.12/site-packages/airflow/example_dags/example_subdag_operator.py
[2025-06-26T22:49:08.366+0000] {processor.py:925} INFO - DAG(s) 'example_subdag_operator.section-1', 'example_subdag_operator.section-2', 'example_subdag_operator' retrieved from /home/airflow/.local/lib/python3.12/site-packages/airflow/example_dags/example_subdag_operator.py
[2025-06-26T22:49:08.377+0000] {logging_mixin.py:190} INFO - [2025-06-26T22:49:08.377+0000] {dag.py:3239} INFO - Sync 3 DAGs
[2025-06-26T22:49:08.399+0000] {logging_mixin.py:190} INFO - [2025-06-26T22:49:08.398+0000] {dag.py:4180} INFO - Setting next_dagrun for example_subdag_operator to 2022-01-01 00:00:00+00:00, run_after=2022-01-01 00:00:00+00:00
[2025-06-26T22:49:08.402+0000] {logging_mixin.py:190} INFO - [2025-06-26T22:49:08.402+0000] {dag.py:4180} INFO - Setting next_dagrun for example_subdag_operator.section-1 to None, run_after=None
[2025-06-26T22:49:08.403+0000] {logging_mixin.py:190} INFO - [2025-06-26T22:49:08.403+0000] {dag.py:4180} INFO - Setting next_dagrun for example_subdag_operator.section-2 to None, run_after=None
[2025-06-26T22:49:08.410+0000] {logging_mixin.py:190} INFO - [2025-06-26T22:49:08.410+0000] {dag.py:3239} INFO - Sync 2 DAGs
[2025-06-26T22:49:08.415+0000] {logging_mixin.py:190} INFO - [2025-06-26T22:49:08.415+0000] {dag.py:4180} INFO - Setting next_dagrun for example_subdag_operator.section-1 to None, run_after=None
[2025-06-26T22:49:08.416+0000] {logging_mixin.py:190} INFO - [2025-06-26T22:49:08.416+0000] {dag.py:4180} INFO - Setting next_dagrun for example_subdag_operator.section-2 to None, run_after=None
[2025-06-26T22:49:08.428+0000] {processor.py:208} INFO - Processing /home/airflow/.local/lib/python3.12/site-packages/airflow/example_dags/example_subdag_operator.py took 0.092 seconds
[2025-06-26T22:49:38.700+0000] {processor.py:186} INFO - Started process (PID=832) to work on /home/airflow/.local/lib/python3.12/site-packages/airflow/example_dags/example_subdag_operator.py
[2025-06-26T22:49:38.702+0000] {processor.py:914} INFO - Processing file /home/airflow/.local/lib/python3.12/site-packages/airflow/example_dags/example_subdag_operator.py for tasks to queue
[2025-06-26T22:49:38.705+0000] {logging_mixin.py:190} INFO - [2025-06-26T22:49:38.704+0000] {dagbag.py:588} INFO - Filling up the DagBag from /home/airflow/.local/lib/python3.12/site-packages/airflow/example_dags/example_subdag_operator.py
[2025-06-26T22:49:38.734+0000] {processor.py:925} INFO - DAG(s) 'example_subdag_operator.section-1', 'example_subdag_operator.section-2', 'example_subdag_operator' retrieved from /home/airflow/.local/lib/python3.12/site-packages/airflow/example_dags/example_subdag_operator.py
[2025-06-26T22:49:38.748+0000] {logging_mixin.py:190} INFO - [2025-06-26T22:49:38.747+0000] {dag.py:3239} INFO - Sync 3 DAGs
[2025-06-26T22:49:38.769+0000] {logging_mixin.py:190} INFO - [2025-06-26T22:49:38.769+0000] {dag.py:4180} INFO - Setting next_dagrun for example_subdag_operator to 2022-01-01 00:00:00+00:00, run_after=2022-01-01 00:00:00+00:00
[2025-06-26T22:49:38.773+0000] {logging_mixin.py:190} INFO - [2025-06-26T22:49:38.773+0000] {dag.py:4180} INFO - Setting next_dagrun for example_subdag_operator.section-1 to None, run_after=None
[2025-06-26T22:49:38.775+0000] {logging_mixin.py:190} INFO - [2025-06-26T22:49:38.775+0000] {dag.py:4180} INFO - Setting next_dagrun for example_subdag_operator.section-2 to None, run_after=None
[2025-06-26T22:49:38.783+0000] {logging_mixin.py:190} INFO - [2025-06-26T22:49:38.783+0000] {dag.py:3239} INFO - Sync 2 DAGs
[2025-06-26T22:49:38.789+0000] {logging_mixin.py:190} INFO - [2025-06-26T22:49:38.788+0000] {dag.py:4180} INFO - Setting next_dagrun for example_subdag_operator.section-1 to None, run_after=None
[2025-06-26T22:49:38.789+0000] {logging_mixin.py:190} INFO - [2025-06-26T22:49:38.789+0000] {dag.py:4180} INFO - Setting next_dagrun for example_subdag_operator.section-2 to None, run_after=None
[2025-06-26T22:49:38.802+0000] {processor.py:208} INFO - Processing /home/airflow/.local/lib/python3.12/site-packages/airflow/example_dags/example_subdag_operator.py took 0.107 seconds
[2025-06-26T22:50:09.118+0000] {processor.py:186} INFO - Started process (PID=894) to work on /home/airflow/.local/lib/python3.12/site-packages/airflow/example_dags/example_subdag_operator.py
[2025-06-26T22:50:09.119+0000] {processor.py:914} INFO - Processing file /home/airflow/.local/lib/python3.12/site-packages/airflow/example_dags/example_subdag_operator.py for tasks to queue
[2025-06-26T22:50:09.121+0000] {logging_mixin.py:190} INFO - [2025-06-26T22:50:09.120+0000] {dagbag.py:588} INFO - Filling up the DagBag from /home/airflow/.local/lib/python3.12/site-packages/airflow/example_dags/example_subdag_operator.py
[2025-06-26T22:50:09.143+0000] {processor.py:925} INFO - DAG(s) 'example_subdag_operator.section-1', 'example_subdag_operator.section-2', 'example_subdag_operator' retrieved from /home/airflow/.local/lib/python3.12/site-packages/airflow/example_dags/example_subdag_operator.py
[2025-06-26T22:50:09.155+0000] {logging_mixin.py:190} INFO - [2025-06-26T22:50:09.155+0000] {dag.py:3239} INFO - Sync 3 DAGs
[2025-06-26T22:50:09.174+0000] {logging_mixin.py:190} INFO - [2025-06-26T22:50:09.174+0000] {dag.py:4180} INFO - Setting next_dagrun for example_subdag_operator to 2022-01-01 00:00:00+00:00, run_after=2022-01-01 00:00:00+00:00
[2025-06-26T22:50:09.178+0000] {logging_mixin.py:190} INFO - [2025-06-26T22:50:09.177+0000] {dag.py:4180} INFO - Setting next_dagrun for example_subdag_operator.section-1 to None, run_after=None
[2025-06-26T22:50:09.179+0000] {logging_mixin.py:190} INFO - [2025-06-26T22:50:09.179+0000] {dag.py:4180} INFO - Setting next_dagrun for example_subdag_operator.section-2 to None, run_after=None
[2025-06-26T22:50:09.186+0000] {logging_mixin.py:190} INFO - [2025-06-26T22:50:09.186+0000] {dag.py:3239} INFO - Sync 2 DAGs
[2025-06-26T22:50:09.194+0000] {logging_mixin.py:190} INFO - [2025-06-26T22:50:09.193+0000] {dag.py:4180} INFO - Setting next_dagrun for example_subdag_operator.section-1 to None, run_after=None
[2025-06-26T22:50:09.194+0000] {logging_mixin.py:190} INFO - [2025-06-26T22:50:09.194+0000] {dag.py:4180} INFO - Setting next_dagrun for example_subdag_operator.section-2 to None, run_after=None
[2025-06-26T22:50:09.208+0000] {processor.py:208} INFO - Processing /home/airflow/.local/lib/python3.12/site-packages/airflow/example_dags/example_subdag_operator.py took 0.095 seconds
[2025-06-26T22:50:39.341+0000] {processor.py:186} INFO - Started process (PID=955) to work on /home/airflow/.local/lib/python3.12/site-packages/airflow/example_dags/example_subdag_operator.py
[2025-06-26T22:50:39.342+0000] {processor.py:914} INFO - Processing file /home/airflow/.local/lib/python3.12/site-packages/airflow/example_dags/example_subdag_operator.py for tasks to queue
[2025-06-26T22:50:39.345+0000] {logging_mixin.py:190} INFO - [2025-06-26T22:50:39.344+0000] {dagbag.py:588} INFO - Filling up the DagBag from /home/airflow/.local/lib/python3.12/site-packages/airflow/example_dags/example_subdag_operator.py
[2025-06-26T22:50:39.371+0000] {processor.py:925} INFO - DAG(s) 'example_subdag_operator.section-1', 'example_subdag_operator.section-2', 'example_subdag_operator' retrieved from /home/airflow/.local/lib/python3.12/site-packages/airflow/example_dags/example_subdag_operator.py
[2025-06-26T22:50:39.385+0000] {logging_mixin.py:190} INFO - [2025-06-26T22:50:39.385+0000] {dag.py:3239} INFO - Sync 3 DAGs
[2025-06-26T22:50:39.406+0000] {logging_mixin.py:190} INFO - [2025-06-26T22:50:39.406+0000] {dag.py:4180} INFO - Setting next_dagrun for example_subdag_operator to 2022-01-01 00:00:00+00:00, run_after=2022-01-01 00:00:00+00:00
[2025-06-26T22:50:39.409+0000] {logging_mixin.py:190} INFO - [2025-06-26T22:50:39.409+0000] {dag.py:4180} INFO - Setting next_dagrun for example_subdag_operator.section-1 to None, run_after=None
[2025-06-26T22:50:39.411+0000] {logging_mixin.py:190} INFO - [2025-06-26T22:50:39.411+0000] {dag.py:4180} INFO - Setting next_dagrun for example_subdag_operator.section-2 to None, run_after=None
[2025-06-26T22:50:39.418+0000] {logging_mixin.py:190} INFO - [2025-06-26T22:50:39.418+0000] {dag.py:3239} INFO - Sync 2 DAGs
[2025-06-26T22:50:39.424+0000] {logging_mixin.py:190} INFO - [2025-06-26T22:50:39.424+0000] {dag.py:4180} INFO - Setting next_dagrun for example_subdag_operator.section-1 to None, run_after=None
[2025-06-26T22:50:39.425+0000] {logging_mixin.py:190} INFO - [2025-06-26T22:50:39.425+0000] {dag.py:4180} INFO - Setting next_dagrun for example_subdag_operator.section-2 to None, run_after=None
[2025-06-26T22:50:39.438+0000] {processor.py:208} INFO - Processing /home/airflow/.local/lib/python3.12/site-packages/airflow/example_dags/example_subdag_operator.py took 0.102 seconds
[2025-06-26T22:51:09.958+0000] {processor.py:186} INFO - Started process (PID=1017) to work on /home/airflow/.local/lib/python3.12/site-packages/airflow/example_dags/example_subdag_operator.py
[2025-06-26T22:51:09.959+0000] {processor.py:914} INFO - Processing file /home/airflow/.local/lib/python3.12/site-packages/airflow/example_dags/example_subdag_operator.py for tasks to queue
[2025-06-26T22:51:09.961+0000] {logging_mixin.py:190} INFO - [2025-06-26T22:51:09.961+0000] {dagbag.py:588} INFO - Filling up the DagBag from /home/airflow/.local/lib/python3.12/site-packages/airflow/example_dags/example_subdag_operator.py
[2025-06-26T22:51:09.987+0000] {processor.py:925} INFO - DAG(s) 'example_subdag_operator.section-1', 'example_subdag_operator.section-2', 'example_subdag_operator' retrieved from /home/airflow/.local/lib/python3.12/site-packages/airflow/example_dags/example_subdag_operator.py
[2025-06-26T22:51:10.000+0000] {logging_mixin.py:190} INFO - [2025-06-26T22:51:10.000+0000] {dag.py:3239} INFO - Sync 3 DAGs
[2025-06-26T22:51:10.021+0000] {logging_mixin.py:190} INFO - [2025-06-26T22:51:10.020+0000] {dag.py:4180} INFO - Setting next_dagrun for example_subdag_operator to 2022-01-01 00:00:00+00:00, run_after=2022-01-01 00:00:00+00:00
[2025-06-26T22:51:10.024+0000] {logging_mixin.py:190} INFO - [2025-06-26T22:51:10.023+0000] {dag.py:4180} INFO - Setting next_dagrun for example_subdag_operator.section-1 to None, run_after=None
[2025-06-26T22:51:10.025+0000] {logging_mixin.py:190} INFO - [2025-06-26T22:51:10.025+0000] {dag.py:4180} INFO - Setting next_dagrun for example_subdag_operator.section-2 to None, run_after=None
[2025-06-26T22:51:10.031+0000] {logging_mixin.py:190} INFO - [2025-06-26T22:51:10.031+0000] {dag.py:3239} INFO - Sync 2 DAGs
[2025-06-26T22:51:10.036+0000] {logging_mixin.py:190} INFO - [2025-06-26T22:51:10.035+0000] {dag.py:4180} INFO - Setting next_dagrun for example_subdag_operator.section-1 to None, run_after=None
[2025-06-26T22:51:10.036+0000] {logging_mixin.py:190} INFO - [2025-06-26T22:51:10.036+0000] {dag.py:4180} INFO - Setting next_dagrun for example_subdag_operator.section-2 to None, run_after=None
[2025-06-26T22:51:10.050+0000] {processor.py:208} INFO - Processing /home/airflow/.local/lib/python3.12/site-packages/airflow/example_dags/example_subdag_operator.py took 0.096 seconds
[2025-06-26T22:51:40.280+0000] {processor.py:186} INFO - Started process (PID=1079) to work on /home/airflow/.local/lib/python3.12/site-packages/airflow/example_dags/example_subdag_operator.py
[2025-06-26T22:51:40.281+0000] {processor.py:914} INFO - Processing file /home/airflow/.local/lib/python3.12/site-packages/airflow/example_dags/example_subdag_operator.py for tasks to queue
[2025-06-26T22:51:40.283+0000] {logging_mixin.py:190} INFO - [2025-06-26T22:51:40.283+0000] {dagbag.py:588} INFO - Filling up the DagBag from /home/airflow/.local/lib/python3.12/site-packages/airflow/example_dags/example_subdag_operator.py
[2025-06-26T22:51:40.311+0000] {processor.py:925} INFO - DAG(s) 'example_subdag_operator.section-1', 'example_subdag_operator.section-2', 'example_subdag_operator' retrieved from /home/airflow/.local/lib/python3.12/site-packages/airflow/example_dags/example_subdag_operator.py
[2025-06-26T22:51:40.325+0000] {logging_mixin.py:190} INFO - [2025-06-26T22:51:40.325+0000] {dag.py:3239} INFO - Sync 3 DAGs
[2025-06-26T22:51:40.348+0000] {logging_mixin.py:190} INFO - [2025-06-26T22:51:40.348+0000] {dag.py:4180} INFO - Setting next_dagrun for example_subdag_operator to 2022-01-01 00:00:00+00:00, run_after=2022-01-01 00:00:00+00:00
[2025-06-26T22:51:40.351+0000] {logging_mixin.py:190} INFO - [2025-06-26T22:51:40.351+0000] {dag.py:4180} INFO - Setting next_dagrun for example_subdag_operator.section-1 to None, run_after=None
[2025-06-26T22:51:40.352+0000] {logging_mixin.py:190} INFO - [2025-06-26T22:51:40.352+0000] {dag.py:4180} INFO - Setting next_dagrun for example_subdag_operator.section-2 to None, run_after=None
[2025-06-26T22:51:40.359+0000] {logging_mixin.py:190} INFO - [2025-06-26T22:51:40.359+0000] {dag.py:3239} INFO - Sync 2 DAGs
[2025-06-26T22:51:40.366+0000] {logging_mixin.py:190} INFO - [2025-06-26T22:51:40.365+0000] {dag.py:4180} INFO - Setting next_dagrun for example_subdag_operator.section-1 to None, run_after=None
[2025-06-26T22:51:40.366+0000] {logging_mixin.py:190} INFO - [2025-06-26T22:51:40.366+0000] {dag.py:4180} INFO - Setting next_dagrun for example_subdag_operator.section-2 to None, run_after=None
[2025-06-26T22:51:40.383+0000] {processor.py:208} INFO - Processing /home/airflow/.local/lib/python3.12/site-packages/airflow/example_dags/example_subdag_operator.py took 0.108 seconds
[2025-06-26T22:52:10.629+0000] {processor.py:186} INFO - Started process (PID=1141) to work on /home/airflow/.local/lib/python3.12/site-packages/airflow/example_dags/example_subdag_operator.py
[2025-06-26T22:52:10.630+0000] {processor.py:914} INFO - Processing file /home/airflow/.local/lib/python3.12/site-packages/airflow/example_dags/example_subdag_operator.py for tasks to queue
[2025-06-26T22:52:10.634+0000] {logging_mixin.py:190} INFO - [2025-06-26T22:52:10.633+0000] {dagbag.py:588} INFO - Filling up the DagBag from /home/airflow/.local/lib/python3.12/site-packages/airflow/example_dags/example_subdag_operator.py
[2025-06-26T22:52:10.665+0000] {processor.py:925} INFO - DAG(s) 'example_subdag_operator.section-1', 'example_subdag_operator.section-2', 'example_subdag_operator' retrieved from /home/airflow/.local/lib/python3.12/site-packages/airflow/example_dags/example_subdag_operator.py
[2025-06-26T22:52:10.683+0000] {logging_mixin.py:190} INFO - [2025-06-26T22:52:10.683+0000] {dag.py:3239} INFO - Sync 3 DAGs
[2025-06-26T22:52:10.707+0000] {logging_mixin.py:190} INFO - [2025-06-26T22:52:10.707+0000] {dag.py:4180} INFO - Setting next_dagrun for example_subdag_operator to 2022-01-01 00:00:00+00:00, run_after=2022-01-01 00:00:00+00:00
[2025-06-26T22:52:10.711+0000] {logging_mixin.py:190} INFO - [2025-06-26T22:52:10.710+0000] {dag.py:4180} INFO - Setting next_dagrun for example_subdag_operator.section-1 to None, run_after=None
[2025-06-26T22:52:10.712+0000] {logging_mixin.py:190} INFO - [2025-06-26T22:52:10.712+0000] {dag.py:4180} INFO - Setting next_dagrun for example_subdag_operator.section-2 to None, run_after=None
[2025-06-26T22:52:10.720+0000] {logging_mixin.py:190} INFO - [2025-06-26T22:52:10.719+0000] {dag.py:3239} INFO - Sync 2 DAGs
[2025-06-26T22:52:10.725+0000] {logging_mixin.py:190} INFO - [2025-06-26T22:52:10.725+0000] {dag.py:4180} INFO - Setting next_dagrun for example_subdag_operator.section-1 to None, run_after=None
[2025-06-26T22:52:10.726+0000] {logging_mixin.py:190} INFO - [2025-06-26T22:52:10.726+0000] {dag.py:4180} INFO - Setting next_dagrun for example_subdag_operator.section-2 to None, run_after=None
[2025-06-26T22:52:10.740+0000] {processor.py:208} INFO - Processing /home/airflow/.local/lib/python3.12/site-packages/airflow/example_dags/example_subdag_operator.py took 0.119 seconds
[2025-06-26T22:52:40.813+0000] {processor.py:186} INFO - Started process (PID=1203) to work on /home/airflow/.local/lib/python3.12/site-packages/airflow/example_dags/example_subdag_operator.py
[2025-06-26T22:52:40.814+0000] {processor.py:914} INFO - Processing file /home/airflow/.local/lib/python3.12/site-packages/airflow/example_dags/example_subdag_operator.py for tasks to queue
[2025-06-26T22:52:40.817+0000] {logging_mixin.py:190} INFO - [2025-06-26T22:52:40.816+0000] {dagbag.py:588} INFO - Filling up the DagBag from /home/airflow/.local/lib/python3.12/site-packages/airflow/example_dags/example_subdag_operator.py
[2025-06-26T22:52:40.841+0000] {processor.py:925} INFO - DAG(s) 'example_subdag_operator.section-1', 'example_subdag_operator.section-2', 'example_subdag_operator' retrieved from /home/airflow/.local/lib/python3.12/site-packages/airflow/example_dags/example_subdag_operator.py
[2025-06-26T22:52:40.855+0000] {logging_mixin.py:190} INFO - [2025-06-26T22:52:40.855+0000] {dag.py:3239} INFO - Sync 3 DAGs
[2025-06-26T22:52:40.877+0000] {logging_mixin.py:190} INFO - [2025-06-26T22:52:40.876+0000] {dag.py:4180} INFO - Setting next_dagrun for example_subdag_operator to 2022-01-01 00:00:00+00:00, run_after=2022-01-01 00:00:00+00:00
[2025-06-26T22:52:40.880+0000] {logging_mixin.py:190} INFO - [2025-06-26T22:52:40.880+0000] {dag.py:4180} INFO - Setting next_dagrun for example_subdag_operator.section-1 to None, run_after=None
[2025-06-26T22:52:40.882+0000] {logging_mixin.py:190} INFO - [2025-06-26T22:52:40.882+0000] {dag.py:4180} INFO - Setting next_dagrun for example_subdag_operator.section-2 to None, run_after=None
[2025-06-26T22:52:40.889+0000] {logging_mixin.py:190} INFO - [2025-06-26T22:52:40.889+0000] {dag.py:3239} INFO - Sync 2 DAGs
[2025-06-26T22:52:40.895+0000] {logging_mixin.py:190} INFO - [2025-06-26T22:52:40.894+0000] {dag.py:4180} INFO - Setting next_dagrun for example_subdag_operator.section-1 to None, run_after=None
[2025-06-26T22:52:40.896+0000] {logging_mixin.py:190} INFO - [2025-06-26T22:52:40.895+0000] {dag.py:4180} INFO - Setting next_dagrun for example_subdag_operator.section-2 to None, run_after=None
[2025-06-26T22:52:40.909+0000] {processor.py:208} INFO - Processing /home/airflow/.local/lib/python3.12/site-packages/airflow/example_dags/example_subdag_operator.py took 0.103 seconds
[2025-06-26T22:53:11.256+0000] {processor.py:186} INFO - Started process (PID=1265) to work on /home/airflow/.local/lib/python3.12/site-packages/airflow/example_dags/example_subdag_operator.py
[2025-06-26T22:53:11.257+0000] {processor.py:914} INFO - Processing file /home/airflow/.local/lib/python3.12/site-packages/airflow/example_dags/example_subdag_operator.py for tasks to queue
[2025-06-26T22:53:11.259+0000] {logging_mixin.py:190} INFO - [2025-06-26T22:53:11.259+0000] {dagbag.py:588} INFO - Filling up the DagBag from /home/airflow/.local/lib/python3.12/site-packages/airflow/example_dags/example_subdag_operator.py
[2025-06-26T22:53:11.282+0000] {processor.py:925} INFO - DAG(s) 'example_subdag_operator.section-1', 'example_subdag_operator.section-2', 'example_subdag_operator' retrieved from /home/airflow/.local/lib/python3.12/site-packages/airflow/example_dags/example_subdag_operator.py
[2025-06-26T22:53:11.294+0000] {logging_mixin.py:190} INFO - [2025-06-26T22:53:11.294+0000] {dag.py:3239} INFO - Sync 3 DAGs
[2025-06-26T22:53:11.319+0000] {logging_mixin.py:190} INFO - [2025-06-26T22:53:11.319+0000] {dag.py:4180} INFO - Setting next_dagrun for example_subdag_operator to 2022-01-01 00:00:00+00:00, run_after=2022-01-01 00:00:00+00:00
[2025-06-26T22:53:11.323+0000] {logging_mixin.py:190} INFO - [2025-06-26T22:53:11.322+0000] {dag.py:4180} INFO - Setting next_dagrun for example_subdag_operator.section-1 to None, run_after=None
[2025-06-26T22:53:11.324+0000] {logging_mixin.py:190} INFO - [2025-06-26T22:53:11.324+0000] {dag.py:4180} INFO - Setting next_dagrun for example_subdag_operator.section-2 to None, run_after=None
[2025-06-26T22:53:11.330+0000] {logging_mixin.py:190} INFO - [2025-06-26T22:53:11.330+0000] {dag.py:3239} INFO - Sync 2 DAGs
[2025-06-26T22:53:11.336+0000] {logging_mixin.py:190} INFO - [2025-06-26T22:53:11.336+0000] {dag.py:4180} INFO - Setting next_dagrun for example_subdag_operator.section-1 to None, run_after=None
[2025-06-26T22:53:11.337+0000] {logging_mixin.py:190} INFO - [2025-06-26T22:53:11.336+0000] {dag.py:4180} INFO - Setting next_dagrun for example_subdag_operator.section-2 to None, run_after=None
[2025-06-26T22:53:11.349+0000] {processor.py:208} INFO - Processing /home/airflow/.local/lib/python3.12/site-packages/airflow/example_dags/example_subdag_operator.py took 0.099 seconds
[2025-06-26T22:53:41.631+0000] {processor.py:186} INFO - Started process (PID=1327) to work on /home/airflow/.local/lib/python3.12/site-packages/airflow/example_dags/example_subdag_operator.py
[2025-06-26T22:53:41.632+0000] {processor.py:914} INFO - Processing file /home/airflow/.local/lib/python3.12/site-packages/airflow/example_dags/example_subdag_operator.py for tasks to queue
[2025-06-26T22:53:41.634+0000] {logging_mixin.py:190} INFO - [2025-06-26T22:53:41.634+0000] {dagbag.py:588} INFO - Filling up the DagBag from /home/airflow/.local/lib/python3.12/site-packages/airflow/example_dags/example_subdag_operator.py
[2025-06-26T22:53:41.656+0000] {processor.py:925} INFO - DAG(s) 'example_subdag_operator.section-1', 'example_subdag_operator.section-2', 'example_subdag_operator' retrieved from /home/airflow/.local/lib/python3.12/site-packages/airflow/example_dags/example_subdag_operator.py
[2025-06-26T22:53:41.668+0000] {logging_mixin.py:190} INFO - [2025-06-26T22:53:41.667+0000] {dag.py:3239} INFO - Sync 3 DAGs
[2025-06-26T22:53:41.689+0000] {logging_mixin.py:190} INFO - [2025-06-26T22:53:41.689+0000] {dag.py:4180} INFO - Setting next_dagrun for example_subdag_operator to 2022-01-01 00:00:00+00:00, run_after=2022-01-01 00:00:00+00:00
[2025-06-26T22:53:41.692+0000] {logging_mixin.py:190} INFO - [2025-06-26T22:53:41.692+0000] {dag.py:4180} INFO - Setting next_dagrun for example_subdag_operator.section-1 to None, run_after=None
[2025-06-26T22:53:41.694+0000] {logging_mixin.py:190} INFO - [2025-06-26T22:53:41.694+0000] {dag.py:4180} INFO - Setting next_dagrun for example_subdag_operator.section-2 to None, run_after=None
[2025-06-26T22:53:41.700+0000] {logging_mixin.py:190} INFO - [2025-06-26T22:53:41.700+0000] {dag.py:3239} INFO - Sync 2 DAGs
[2025-06-26T22:53:41.707+0000] {logging_mixin.py:190} INFO - [2025-06-26T22:53:41.707+0000] {dag.py:4180} INFO - Setting next_dagrun for example_subdag_operator.section-1 to None, run_after=None
[2025-06-26T22:53:41.708+0000] {logging_mixin.py:190} INFO - [2025-06-26T22:53:41.707+0000] {dag.py:4180} INFO - Setting next_dagrun for example_subdag_operator.section-2 to None, run_after=None
[2025-06-26T22:53:41.722+0000] {processor.py:208} INFO - Processing /home/airflow/.local/lib/python3.12/site-packages/airflow/example_dags/example_subdag_operator.py took 0.097 seconds
[2025-06-26T22:54:11.929+0000] {processor.py:186} INFO - Started process (PID=1389) to work on /home/airflow/.local/lib/python3.12/site-packages/airflow/example_dags/example_subdag_operator.py
[2025-06-26T22:54:11.931+0000] {processor.py:914} INFO - Processing file /home/airflow/.local/lib/python3.12/site-packages/airflow/example_dags/example_subdag_operator.py for tasks to queue
[2025-06-26T22:54:11.934+0000] {logging_mixin.py:190} INFO - [2025-06-26T22:54:11.934+0000] {dagbag.py:588} INFO - Filling up the DagBag from /home/airflow/.local/lib/python3.12/site-packages/airflow/example_dags/example_subdag_operator.py
[2025-06-26T22:54:11.964+0000] {processor.py:925} INFO - DAG(s) 'example_subdag_operator.section-1', 'example_subdag_operator.section-2', 'example_subdag_operator' retrieved from /home/airflow/.local/lib/python3.12/site-packages/airflow/example_dags/example_subdag_operator.py
[2025-06-26T22:54:11.978+0000] {logging_mixin.py:190} INFO - [2025-06-26T22:54:11.978+0000] {dag.py:3239} INFO - Sync 3 DAGs
[2025-06-26T22:54:12.003+0000] {logging_mixin.py:190} INFO - [2025-06-26T22:54:12.003+0000] {dag.py:4180} INFO - Setting next_dagrun for example_subdag_operator to 2022-01-01 00:00:00+00:00, run_after=2022-01-01 00:00:00+00:00
[2025-06-26T22:54:12.007+0000] {logging_mixin.py:190} INFO - [2025-06-26T22:54:12.007+0000] {dag.py:4180} INFO - Setting next_dagrun for example_subdag_operator.section-1 to None, run_after=None
[2025-06-26T22:54:12.009+0000] {logging_mixin.py:190} INFO - [2025-06-26T22:54:12.008+0000] {dag.py:4180} INFO - Setting next_dagrun for example_subdag_operator.section-2 to None, run_after=None
[2025-06-26T22:54:12.017+0000] {logging_mixin.py:190} INFO - [2025-06-26T22:54:12.017+0000] {dag.py:3239} INFO - Sync 2 DAGs
[2025-06-26T22:54:12.024+0000] {logging_mixin.py:190} INFO - [2025-06-26T22:54:12.024+0000] {dag.py:4180} INFO - Setting next_dagrun for example_subdag_operator.section-1 to None, run_after=None
[2025-06-26T22:54:12.025+0000] {logging_mixin.py:190} INFO - [2025-06-26T22:54:12.025+0000] {dag.py:4180} INFO - Setting next_dagrun for example_subdag_operator.section-2 to None, run_after=None
[2025-06-26T22:54:12.039+0000] {processor.py:208} INFO - Processing /home/airflow/.local/lib/python3.12/site-packages/airflow/example_dags/example_subdag_operator.py took 0.118 seconds
[2025-06-26T22:54:42.423+0000] {processor.py:186} INFO - Started process (PID=1451) to work on /home/airflow/.local/lib/python3.12/site-packages/airflow/example_dags/example_subdag_operator.py
[2025-06-26T22:54:42.424+0000] {processor.py:914} INFO - Processing file /home/airflow/.local/lib/python3.12/site-packages/airflow/example_dags/example_subdag_operator.py for tasks to queue
[2025-06-26T22:54:42.426+0000] {logging_mixin.py:190} INFO - [2025-06-26T22:54:42.426+0000] {dagbag.py:588} INFO - Filling up the DagBag from /home/airflow/.local/lib/python3.12/site-packages/airflow/example_dags/example_subdag_operator.py
[2025-06-26T22:54:42.457+0000] {processor.py:925} INFO - DAG(s) 'example_subdag_operator.section-1', 'example_subdag_operator.section-2', 'example_subdag_operator' retrieved from /home/airflow/.local/lib/python3.12/site-packages/airflow/example_dags/example_subdag_operator.py
[2025-06-26T22:54:42.474+0000] {logging_mixin.py:190} INFO - [2025-06-26T22:54:42.474+0000] {dag.py:3239} INFO - Sync 3 DAGs
[2025-06-26T22:54:42.499+0000] {logging_mixin.py:190} INFO - [2025-06-26T22:54:42.499+0000] {dag.py:4180} INFO - Setting next_dagrun for example_subdag_operator to 2022-01-01 00:00:00+00:00, run_after=2022-01-01 00:00:00+00:00
[2025-06-26T22:54:42.503+0000] {logging_mixin.py:190} INFO - [2025-06-26T22:54:42.503+0000] {dag.py:4180} INFO - Setting next_dagrun for example_subdag_operator.section-1 to None, run_after=None
[2025-06-26T22:54:42.505+0000] {logging_mixin.py:190} INFO - [2025-06-26T22:54:42.505+0000] {dag.py:4180} INFO - Setting next_dagrun for example_subdag_operator.section-2 to None, run_after=None
[2025-06-26T22:54:42.514+0000] {logging_mixin.py:190} INFO - [2025-06-26T22:54:42.514+0000] {dag.py:3239} INFO - Sync 2 DAGs
[2025-06-26T22:54:42.521+0000] {logging_mixin.py:190} INFO - [2025-06-26T22:54:42.521+0000] {dag.py:4180} INFO - Setting next_dagrun for example_subdag_operator.section-1 to None, run_after=None
[2025-06-26T22:54:42.522+0000] {logging_mixin.py:190} INFO - [2025-06-26T22:54:42.521+0000] {dag.py:4180} INFO - Setting next_dagrun for example_subdag_operator.section-2 to None, run_after=None
[2025-06-26T22:54:42.539+0000] {processor.py:208} INFO - Processing /home/airflow/.local/lib/python3.12/site-packages/airflow/example_dags/example_subdag_operator.py took 0.123 seconds
[2025-06-26T22:55:12.820+0000] {processor.py:186} INFO - Started process (PID=1513) to work on /home/airflow/.local/lib/python3.12/site-packages/airflow/example_dags/example_subdag_operator.py
[2025-06-26T22:55:12.821+0000] {processor.py:914} INFO - Processing file /home/airflow/.local/lib/python3.12/site-packages/airflow/example_dags/example_subdag_operator.py for tasks to queue
[2025-06-26T22:55:12.823+0000] {logging_mixin.py:190} INFO - [2025-06-26T22:55:12.823+0000] {dagbag.py:588} INFO - Filling up the DagBag from /home/airflow/.local/lib/python3.12/site-packages/airflow/example_dags/example_subdag_operator.py
[2025-06-26T22:55:12.848+0000] {processor.py:925} INFO - DAG(s) 'example_subdag_operator.section-1', 'example_subdag_operator.section-2', 'example_subdag_operator' retrieved from /home/airflow/.local/lib/python3.12/site-packages/airflow/example_dags/example_subdag_operator.py
[2025-06-26T22:55:12.863+0000] {logging_mixin.py:190} INFO - [2025-06-26T22:55:12.862+0000] {dag.py:3239} INFO - Sync 3 DAGs
[2025-06-26T22:55:12.884+0000] {logging_mixin.py:190} INFO - [2025-06-26T22:55:12.884+0000] {dag.py:4180} INFO - Setting next_dagrun for example_subdag_operator to 2022-01-01 00:00:00+00:00, run_after=2022-01-01 00:00:00+00:00
[2025-06-26T22:55:12.888+0000] {logging_mixin.py:190} INFO - [2025-06-26T22:55:12.888+0000] {dag.py:4180} INFO - Setting next_dagrun for example_subdag_operator.section-1 to None, run_after=None
[2025-06-26T22:55:12.889+0000] {logging_mixin.py:190} INFO - [2025-06-26T22:55:12.889+0000] {dag.py:4180} INFO - Setting next_dagrun for example_subdag_operator.section-2 to None, run_after=None
[2025-06-26T22:55:12.896+0000] {logging_mixin.py:190} INFO - [2025-06-26T22:55:12.896+0000] {dag.py:3239} INFO - Sync 2 DAGs
[2025-06-26T22:55:12.901+0000] {logging_mixin.py:190} INFO - [2025-06-26T22:55:12.901+0000] {dag.py:4180} INFO - Setting next_dagrun for example_subdag_operator.section-1 to None, run_after=None
[2025-06-26T22:55:12.902+0000] {logging_mixin.py:190} INFO - [2025-06-26T22:55:12.902+0000] {dag.py:4180} INFO - Setting next_dagrun for example_subdag_operator.section-2 to None, run_after=None
[2025-06-26T22:55:12.916+0000] {processor.py:208} INFO - Processing /home/airflow/.local/lib/python3.12/site-packages/airflow/example_dags/example_subdag_operator.py took 0.101 seconds
[2025-06-26T22:55:43.259+0000] {processor.py:186} INFO - Started process (PID=1575) to work on /home/airflow/.local/lib/python3.12/site-packages/airflow/example_dags/example_subdag_operator.py
[2025-06-26T22:55:43.260+0000] {processor.py:914} INFO - Processing file /home/airflow/.local/lib/python3.12/site-packages/airflow/example_dags/example_subdag_operator.py for tasks to queue
[2025-06-26T22:55:43.262+0000] {logging_mixin.py:190} INFO - [2025-06-26T22:55:43.262+0000] {dagbag.py:588} INFO - Filling up the DagBag from /home/airflow/.local/lib/python3.12/site-packages/airflow/example_dags/example_subdag_operator.py
[2025-06-26T22:55:43.285+0000] {processor.py:925} INFO - DAG(s) 'example_subdag_operator.section-1', 'example_subdag_operator.section-2', 'example_subdag_operator' retrieved from /home/airflow/.local/lib/python3.12/site-packages/airflow/example_dags/example_subdag_operator.py
[2025-06-26T22:55:43.297+0000] {logging_mixin.py:190} INFO - [2025-06-26T22:55:43.297+0000] {dag.py:3239} INFO - Sync 3 DAGs
[2025-06-26T22:55:43.318+0000] {logging_mixin.py:190} INFO - [2025-06-26T22:55:43.318+0000] {dag.py:4180} INFO - Setting next_dagrun for example_subdag_operator to 2022-01-01 00:00:00+00:00, run_after=2022-01-01 00:00:00+00:00
[2025-06-26T22:55:43.322+0000] {logging_mixin.py:190} INFO - [2025-06-26T22:55:43.322+0000] {dag.py:4180} INFO - Setting next_dagrun for example_subdag_operator.section-1 to None, run_after=None
[2025-06-26T22:55:43.324+0000] {logging_mixin.py:190} INFO - [2025-06-26T22:55:43.323+0000] {dag.py:4180} INFO - Setting next_dagrun for example_subdag_operator.section-2 to None, run_after=None
[2025-06-26T22:55:43.330+0000] {logging_mixin.py:190} INFO - [2025-06-26T22:55:43.330+0000] {dag.py:3239} INFO - Sync 2 DAGs
[2025-06-26T22:55:43.335+0000] {logging_mixin.py:190} INFO - [2025-06-26T22:55:43.335+0000] {dag.py:4180} INFO - Setting next_dagrun for example_subdag_operator.section-1 to None, run_after=None
[2025-06-26T22:55:43.336+0000] {logging_mixin.py:190} INFO - [2025-06-26T22:55:43.336+0000] {dag.py:4180} INFO - Setting next_dagrun for example_subdag_operator.section-2 to None, run_after=None
[2025-06-26T22:55:43.348+0000] {processor.py:208} INFO - Processing /home/airflow/.local/lib/python3.12/site-packages/airflow/example_dags/example_subdag_operator.py took 0.094 seconds
[2025-06-26T22:56:13.508+0000] {processor.py:186} INFO - Started process (PID=1637) to work on /home/airflow/.local/lib/python3.12/site-packages/airflow/example_dags/example_subdag_operator.py
[2025-06-26T22:56:13.509+0000] {processor.py:914} INFO - Processing file /home/airflow/.local/lib/python3.12/site-packages/airflow/example_dags/example_subdag_operator.py for tasks to queue
[2025-06-26T22:56:13.512+0000] {logging_mixin.py:190} INFO - [2025-06-26T22:56:13.512+0000] {dagbag.py:588} INFO - Filling up the DagBag from /home/airflow/.local/lib/python3.12/site-packages/airflow/example_dags/example_subdag_operator.py
[2025-06-26T22:56:13.541+0000] {processor.py:925} INFO - DAG(s) 'example_subdag_operator.section-1', 'example_subdag_operator.section-2', 'example_subdag_operator' retrieved from /home/airflow/.local/lib/python3.12/site-packages/airflow/example_dags/example_subdag_operator.py
[2025-06-26T22:56:13.553+0000] {logging_mixin.py:190} INFO - [2025-06-26T22:56:13.553+0000] {dag.py:3239} INFO - Sync 3 DAGs
[2025-06-26T22:56:13.574+0000] {logging_mixin.py:190} INFO - [2025-06-26T22:56:13.573+0000] {dag.py:4180} INFO - Setting next_dagrun for example_subdag_operator to 2022-01-01 00:00:00+00:00, run_after=2022-01-01 00:00:00+00:00
[2025-06-26T22:56:13.577+0000] {logging_mixin.py:190} INFO - [2025-06-26T22:56:13.577+0000] {dag.py:4180} INFO - Setting next_dagrun for example_subdag_operator.section-1 to None, run_after=None
[2025-06-26T22:56:13.579+0000] {logging_mixin.py:190} INFO - [2025-06-26T22:56:13.579+0000] {dag.py:4180} INFO - Setting next_dagrun for example_subdag_operator.section-2 to None, run_after=None
[2025-06-26T22:56:13.590+0000] {logging_mixin.py:190} INFO - [2025-06-26T22:56:13.590+0000] {dag.py:3239} INFO - Sync 2 DAGs
[2025-06-26T22:56:13.597+0000] {logging_mixin.py:190} INFO - [2025-06-26T22:56:13.597+0000] {dag.py:4180} INFO - Setting next_dagrun for example_subdag_operator.section-1 to None, run_after=None
[2025-06-26T22:56:13.598+0000] {logging_mixin.py:190} INFO - [2025-06-26T22:56:13.598+0000] {dag.py:4180} INFO - Setting next_dagrun for example_subdag_operator.section-2 to None, run_after=None
[2025-06-26T22:56:13.611+0000] {processor.py:208} INFO - Processing /home/airflow/.local/lib/python3.12/site-packages/airflow/example_dags/example_subdag_operator.py took 0.109 seconds
[2025-06-26T22:56:44.466+0000] {processor.py:186} INFO - Started process (PID=1699) to work on /home/airflow/.local/lib/python3.12/site-packages/airflow/example_dags/example_subdag_operator.py
[2025-06-26T22:56:44.467+0000] {processor.py:914} INFO - Processing file /home/airflow/.local/lib/python3.12/site-packages/airflow/example_dags/example_subdag_operator.py for tasks to queue
[2025-06-26T22:56:44.469+0000] {logging_mixin.py:190} INFO - [2025-06-26T22:56:44.469+0000] {dagbag.py:588} INFO - Filling up the DagBag from /home/airflow/.local/lib/python3.12/site-packages/airflow/example_dags/example_subdag_operator.py
[2025-06-26T22:56:44.492+0000] {processor.py:925} INFO - DAG(s) 'example_subdag_operator.section-1', 'example_subdag_operator.section-2', 'example_subdag_operator' retrieved from /home/airflow/.local/lib/python3.12/site-packages/airflow/example_dags/example_subdag_operator.py
[2025-06-26T22:56:44.505+0000] {logging_mixin.py:190} INFO - [2025-06-26T22:56:44.504+0000] {dag.py:3239} INFO - Sync 3 DAGs
[2025-06-26T22:56:44.524+0000] {logging_mixin.py:190} INFO - [2025-06-26T22:56:44.524+0000] {dag.py:4180} INFO - Setting next_dagrun for example_subdag_operator to 2022-01-01 00:00:00+00:00, run_after=2022-01-01 00:00:00+00:00
[2025-06-26T22:56:44.528+0000] {logging_mixin.py:190} INFO - [2025-06-26T22:56:44.527+0000] {dag.py:4180} INFO - Setting next_dagrun for example_subdag_operator.section-1 to None, run_after=None
[2025-06-26T22:56:44.529+0000] {logging_mixin.py:190} INFO - [2025-06-26T22:56:44.529+0000] {dag.py:4180} INFO - Setting next_dagrun for example_subdag_operator.section-2 to None, run_after=None
[2025-06-26T22:56:44.535+0000] {logging_mixin.py:190} INFO - [2025-06-26T22:56:44.535+0000] {dag.py:3239} INFO - Sync 2 DAGs
[2025-06-26T22:56:44.541+0000] {logging_mixin.py:190} INFO - [2025-06-26T22:56:44.540+0000] {dag.py:4180} INFO - Setting next_dagrun for example_subdag_operator.section-1 to None, run_after=None
[2025-06-26T22:56:44.541+0000] {logging_mixin.py:190} INFO - [2025-06-26T22:56:44.541+0000] {dag.py:4180} INFO - Setting next_dagrun for example_subdag_operator.section-2 to None, run_after=None
[2025-06-26T22:56:44.556+0000] {processor.py:208} INFO - Processing /home/airflow/.local/lib/python3.12/site-packages/airflow/example_dags/example_subdag_operator.py took 0.095 seconds
[2025-06-26T22:57:14.788+0000] {processor.py:186} INFO - Started process (PID=1761) to work on /home/airflow/.local/lib/python3.12/site-packages/airflow/example_dags/example_subdag_operator.py
[2025-06-26T22:57:14.790+0000] {processor.py:914} INFO - Processing file /home/airflow/.local/lib/python3.12/site-packages/airflow/example_dags/example_subdag_operator.py for tasks to queue
[2025-06-26T22:57:14.792+0000] {logging_mixin.py:190} INFO - [2025-06-26T22:57:14.792+0000] {dagbag.py:588} INFO - Filling up the DagBag from /home/airflow/.local/lib/python3.12/site-packages/airflow/example_dags/example_subdag_operator.py
[2025-06-26T22:57:14.818+0000] {processor.py:925} INFO - DAG(s) 'example_subdag_operator.section-1', 'example_subdag_operator.section-2', 'example_subdag_operator' retrieved from /home/airflow/.local/lib/python3.12/site-packages/airflow/example_dags/example_subdag_operator.py
[2025-06-26T22:57:14.835+0000] {logging_mixin.py:190} INFO - [2025-06-26T22:57:14.834+0000] {dag.py:3239} INFO - Sync 3 DAGs
[2025-06-26T22:57:14.857+0000] {logging_mixin.py:190} INFO - [2025-06-26T22:57:14.857+0000] {dag.py:4180} INFO - Setting next_dagrun for example_subdag_operator to 2022-01-01 00:00:00+00:00, run_after=2022-01-01 00:00:00+00:00
[2025-06-26T22:57:14.863+0000] {logging_mixin.py:190} INFO - [2025-06-26T22:57:14.862+0000] {dag.py:4180} INFO - Setting next_dagrun for example_subdag_operator.section-1 to None, run_after=None
[2025-06-26T22:57:14.865+0000] {logging_mixin.py:190} INFO - [2025-06-26T22:57:14.865+0000] {dag.py:4180} INFO - Setting next_dagrun for example_subdag_operator.section-2 to None, run_after=None
[2025-06-26T22:57:14.875+0000] {logging_mixin.py:190} INFO - [2025-06-26T22:57:14.875+0000] {dag.py:3239} INFO - Sync 2 DAGs
[2025-06-26T22:57:14.882+0000] {logging_mixin.py:190} INFO - [2025-06-26T22:57:14.882+0000] {dag.py:4180} INFO - Setting next_dagrun for example_subdag_operator.section-1 to None, run_after=None
[2025-06-26T22:57:14.883+0000] {logging_mixin.py:190} INFO - [2025-06-26T22:57:14.883+0000] {dag.py:4180} INFO - Setting next_dagrun for example_subdag_operator.section-2 to None, run_after=None
[2025-06-26T22:57:14.898+0000] {processor.py:208} INFO - Processing /home/airflow/.local/lib/python3.12/site-packages/airflow/example_dags/example_subdag_operator.py took 0.115 seconds
[2025-06-26T22:57:45.224+0000] {processor.py:186} INFO - Started process (PID=1823) to work on /home/airflow/.local/lib/python3.12/site-packages/airflow/example_dags/example_subdag_operator.py
[2025-06-26T22:57:45.226+0000] {processor.py:914} INFO - Processing file /home/airflow/.local/lib/python3.12/site-packages/airflow/example_dags/example_subdag_operator.py for tasks to queue
[2025-06-26T22:57:45.228+0000] {logging_mixin.py:190} INFO - [2025-06-26T22:57:45.228+0000] {dagbag.py:588} INFO - Filling up the DagBag from /home/airflow/.local/lib/python3.12/site-packages/airflow/example_dags/example_subdag_operator.py
[2025-06-26T22:57:45.255+0000] {processor.py:925} INFO - DAG(s) 'example_subdag_operator.section-1', 'example_subdag_operator.section-2', 'example_subdag_operator' retrieved from /home/airflow/.local/lib/python3.12/site-packages/airflow/example_dags/example_subdag_operator.py
[2025-06-26T22:57:45.269+0000] {logging_mixin.py:190} INFO - [2025-06-26T22:57:45.268+0000] {dag.py:3239} INFO - Sync 3 DAGs
[2025-06-26T22:57:45.294+0000] {logging_mixin.py:190} INFO - [2025-06-26T22:57:45.294+0000] {dag.py:4180} INFO - Setting next_dagrun for example_subdag_operator to 2022-01-01 00:00:00+00:00, run_after=2022-01-01 00:00:00+00:00
[2025-06-26T22:57:45.297+0000] {logging_mixin.py:190} INFO - [2025-06-26T22:57:45.297+0000] {dag.py:4180} INFO - Setting next_dagrun for example_subdag_operator.section-1 to None, run_after=None
[2025-06-26T22:57:45.298+0000] {logging_mixin.py:190} INFO - [2025-06-26T22:57:45.298+0000] {dag.py:4180} INFO - Setting next_dagrun for example_subdag_operator.section-2 to None, run_after=None
[2025-06-26T22:57:45.305+0000] {logging_mixin.py:190} INFO - [2025-06-26T22:57:45.305+0000] {dag.py:3239} INFO - Sync 2 DAGs
[2025-06-26T22:57:45.310+0000] {logging_mixin.py:190} INFO - [2025-06-26T22:57:45.310+0000] {dag.py:4180} INFO - Setting next_dagrun for example_subdag_operator.section-1 to None, run_after=None
[2025-06-26T22:57:45.311+0000] {logging_mixin.py:190} INFO - [2025-06-26T22:57:45.311+0000] {dag.py:4180} INFO - Setting next_dagrun for example_subdag_operator.section-2 to None, run_after=None
[2025-06-26T22:57:45.323+0000] {processor.py:208} INFO - Processing /home/airflow/.local/lib/python3.12/site-packages/airflow/example_dags/example_subdag_operator.py took 0.105 seconds
[2025-06-26T22:58:15.648+0000] {processor.py:186} INFO - Started process (PID=1885) to work on /home/airflow/.local/lib/python3.12/site-packages/airflow/example_dags/example_subdag_operator.py
[2025-06-26T22:58:15.648+0000] {processor.py:914} INFO - Processing file /home/airflow/.local/lib/python3.12/site-packages/airflow/example_dags/example_subdag_operator.py for tasks to queue
[2025-06-26T22:58:15.651+0000] {logging_mixin.py:190} INFO - [2025-06-26T22:58:15.650+0000] {dagbag.py:588} INFO - Filling up the DagBag from /home/airflow/.local/lib/python3.12/site-packages/airflow/example_dags/example_subdag_operator.py
[2025-06-26T22:58:15.674+0000] {processor.py:925} INFO - DAG(s) 'example_subdag_operator.section-1', 'example_subdag_operator.section-2', 'example_subdag_operator' retrieved from /home/airflow/.local/lib/python3.12/site-packages/airflow/example_dags/example_subdag_operator.py
[2025-06-26T22:58:15.686+0000] {logging_mixin.py:190} INFO - [2025-06-26T22:58:15.686+0000] {dag.py:3239} INFO - Sync 3 DAGs
[2025-06-26T22:58:15.706+0000] {logging_mixin.py:190} INFO - [2025-06-26T22:58:15.705+0000] {dag.py:4180} INFO - Setting next_dagrun for example_subdag_operator to 2022-01-01 00:00:00+00:00, run_after=2022-01-01 00:00:00+00:00
[2025-06-26T22:58:15.709+0000] {logging_mixin.py:190} INFO - [2025-06-26T22:58:15.709+0000] {dag.py:4180} INFO - Setting next_dagrun for example_subdag_operator.section-1 to None, run_after=None
[2025-06-26T22:58:15.711+0000] {logging_mixin.py:190} INFO - [2025-06-26T22:58:15.711+0000] {dag.py:4180} INFO - Setting next_dagrun for example_subdag_operator.section-2 to None, run_after=None
[2025-06-26T22:58:15.717+0000] {logging_mixin.py:190} INFO - [2025-06-26T22:58:15.717+0000] {dag.py:3239} INFO - Sync 2 DAGs
[2025-06-26T22:58:15.723+0000] {logging_mixin.py:190} INFO - [2025-06-26T22:58:15.723+0000] {dag.py:4180} INFO - Setting next_dagrun for example_subdag_operator.section-1 to None, run_after=None
[2025-06-26T22:58:15.724+0000] {logging_mixin.py:190} INFO - [2025-06-26T22:58:15.724+0000] {dag.py:4180} INFO - Setting next_dagrun for example_subdag_operator.section-2 to None, run_after=None
[2025-06-26T22:58:15.737+0000] {processor.py:208} INFO - Processing /home/airflow/.local/lib/python3.12/site-packages/airflow/example_dags/example_subdag_operator.py took 0.095 seconds
[2025-06-26T22:58:46.134+0000] {processor.py:186} INFO - Started process (PID=1947) to work on /home/airflow/.local/lib/python3.12/site-packages/airflow/example_dags/example_subdag_operator.py
[2025-06-26T22:58:46.135+0000] {processor.py:914} INFO - Processing file /home/airflow/.local/lib/python3.12/site-packages/airflow/example_dags/example_subdag_operator.py for tasks to queue
[2025-06-26T22:58:46.137+0000] {logging_mixin.py:190} INFO - [2025-06-26T22:58:46.137+0000] {dagbag.py:588} INFO - Filling up the DagBag from /home/airflow/.local/lib/python3.12/site-packages/airflow/example_dags/example_subdag_operator.py
[2025-06-26T22:58:46.160+0000] {processor.py:925} INFO - DAG(s) 'example_subdag_operator.section-1', 'example_subdag_operator.section-2', 'example_subdag_operator' retrieved from /home/airflow/.local/lib/python3.12/site-packages/airflow/example_dags/example_subdag_operator.py
[2025-06-26T22:58:46.172+0000] {logging_mixin.py:190} INFO - [2025-06-26T22:58:46.172+0000] {dag.py:3239} INFO - Sync 3 DAGs
[2025-06-26T22:58:46.191+0000] {logging_mixin.py:190} INFO - [2025-06-26T22:58:46.191+0000] {dag.py:4180} INFO - Setting next_dagrun for example_subdag_operator to 2022-01-01 00:00:00+00:00, run_after=2022-01-01 00:00:00+00:00
[2025-06-26T22:58:46.194+0000] {logging_mixin.py:190} INFO - [2025-06-26T22:58:46.194+0000] {dag.py:4180} INFO - Setting next_dagrun for example_subdag_operator.section-1 to None, run_after=None
[2025-06-26T22:58:46.195+0000] {logging_mixin.py:190} INFO - [2025-06-26T22:58:46.195+0000] {dag.py:4180} INFO - Setting next_dagrun for example_subdag_operator.section-2 to None, run_after=None
[2025-06-26T22:58:46.202+0000] {logging_mixin.py:190} INFO - [2025-06-26T22:58:46.202+0000] {dag.py:3239} INFO - Sync 2 DAGs
[2025-06-26T22:58:46.207+0000] {logging_mixin.py:190} INFO - [2025-06-26T22:58:46.207+0000] {dag.py:4180} INFO - Setting next_dagrun for example_subdag_operator.section-1 to None, run_after=None
[2025-06-26T22:58:46.208+0000] {logging_mixin.py:190} INFO - [2025-06-26T22:58:46.208+0000] {dag.py:4180} INFO - Setting next_dagrun for example_subdag_operator.section-2 to None, run_after=None
[2025-06-26T22:58:46.221+0000] {processor.py:208} INFO - Processing /home/airflow/.local/lib/python3.12/site-packages/airflow/example_dags/example_subdag_operator.py took 0.092 seconds
[2025-06-26T22:59:16.465+0000] {processor.py:186} INFO - Started process (PID=2009) to work on /home/airflow/.local/lib/python3.12/site-packages/airflow/example_dags/example_subdag_operator.py
[2025-06-26T22:59:16.467+0000] {processor.py:914} INFO - Processing file /home/airflow/.local/lib/python3.12/site-packages/airflow/example_dags/example_subdag_operator.py for tasks to queue
[2025-06-26T22:59:16.469+0000] {logging_mixin.py:190} INFO - [2025-06-26T22:59:16.469+0000] {dagbag.py:588} INFO - Filling up the DagBag from /home/airflow/.local/lib/python3.12/site-packages/airflow/example_dags/example_subdag_operator.py
[2025-06-26T22:59:16.494+0000] {processor.py:925} INFO - DAG(s) 'example_subdag_operator.section-1', 'example_subdag_operator.section-2', 'example_subdag_operator' retrieved from /home/airflow/.local/lib/python3.12/site-packages/airflow/example_dags/example_subdag_operator.py
[2025-06-26T22:59:16.506+0000] {logging_mixin.py:190} INFO - [2025-06-26T22:59:16.506+0000] {dag.py:3239} INFO - Sync 3 DAGs
[2025-06-26T22:59:16.526+0000] {logging_mixin.py:190} INFO - [2025-06-26T22:59:16.526+0000] {dag.py:4180} INFO - Setting next_dagrun for example_subdag_operator to 2022-01-01 00:00:00+00:00, run_after=2022-01-01 00:00:00+00:00
[2025-06-26T22:59:16.529+0000] {logging_mixin.py:190} INFO - [2025-06-26T22:59:16.529+0000] {dag.py:4180} INFO - Setting next_dagrun for example_subdag_operator.section-1 to None, run_after=None
[2025-06-26T22:59:16.530+0000] {logging_mixin.py:190} INFO - [2025-06-26T22:59:16.530+0000] {dag.py:4180} INFO - Setting next_dagrun for example_subdag_operator.section-2 to None, run_after=None
[2025-06-26T22:59:16.537+0000] {logging_mixin.py:190} INFO - [2025-06-26T22:59:16.536+0000] {dag.py:3239} INFO - Sync 2 DAGs
[2025-06-26T22:59:16.542+0000] {logging_mixin.py:190} INFO - [2025-06-26T22:59:16.542+0000] {dag.py:4180} INFO - Setting next_dagrun for example_subdag_operator.section-1 to None, run_after=None
[2025-06-26T22:59:16.543+0000] {logging_mixin.py:190} INFO - [2025-06-26T22:59:16.543+0000] {dag.py:4180} INFO - Setting next_dagrun for example_subdag_operator.section-2 to None, run_after=None
[2025-06-26T22:59:16.557+0000] {processor.py:208} INFO - Processing /home/airflow/.local/lib/python3.12/site-packages/airflow/example_dags/example_subdag_operator.py took 0.097 seconds
[2025-06-26T22:59:47.052+0000] {processor.py:186} INFO - Started process (PID=2071) to work on /home/airflow/.local/lib/python3.12/site-packages/airflow/example_dags/example_subdag_operator.py
[2025-06-26T22:59:47.053+0000] {processor.py:914} INFO - Processing file /home/airflow/.local/lib/python3.12/site-packages/airflow/example_dags/example_subdag_operator.py for tasks to queue
[2025-06-26T22:59:47.055+0000] {logging_mixin.py:190} INFO - [2025-06-26T22:59:47.055+0000] {dagbag.py:588} INFO - Filling up the DagBag from /home/airflow/.local/lib/python3.12/site-packages/airflow/example_dags/example_subdag_operator.py
[2025-06-26T22:59:47.081+0000] {processor.py:925} INFO - DAG(s) 'example_subdag_operator.section-1', 'example_subdag_operator.section-2', 'example_subdag_operator' retrieved from /home/airflow/.local/lib/python3.12/site-packages/airflow/example_dags/example_subdag_operator.py
[2025-06-26T22:59:47.092+0000] {logging_mixin.py:190} INFO - [2025-06-26T22:59:47.092+0000] {dag.py:3239} INFO - Sync 3 DAGs
[2025-06-26T22:59:47.112+0000] {logging_mixin.py:190} INFO - [2025-06-26T22:59:47.112+0000] {dag.py:4180} INFO - Setting next_dagrun for example_subdag_operator to 2022-01-01 00:00:00+00:00, run_after=2022-01-01 00:00:00+00:00
[2025-06-26T22:59:47.116+0000] {logging_mixin.py:190} INFO - [2025-06-26T22:59:47.115+0000] {dag.py:4180} INFO - Setting next_dagrun for example_subdag_operator.section-1 to None, run_after=None
[2025-06-26T22:59:47.117+0000] {logging_mixin.py:190} INFO - [2025-06-26T22:59:47.117+0000] {dag.py:4180} INFO - Setting next_dagrun for example_subdag_operator.section-2 to None, run_after=None
[2025-06-26T22:59:47.123+0000] {logging_mixin.py:190} INFO - [2025-06-26T22:59:47.123+0000] {dag.py:3239} INFO - Sync 2 DAGs
[2025-06-26T22:59:47.129+0000] {logging_mixin.py:190} INFO - [2025-06-26T22:59:47.128+0000] {dag.py:4180} INFO - Setting next_dagrun for example_subdag_operator.section-1 to None, run_after=None
[2025-06-26T22:59:47.129+0000] {logging_mixin.py:190} INFO - [2025-06-26T22:59:47.129+0000] {dag.py:4180} INFO - Setting next_dagrun for example_subdag_operator.section-2 to None, run_after=None
[2025-06-26T22:59:47.142+0000] {processor.py:208} INFO - Processing /home/airflow/.local/lib/python3.12/site-packages/airflow/example_dags/example_subdag_operator.py took 0.095 seconds
[2025-06-26T23:00:17.606+0000] {processor.py:186} INFO - Started process (PID=2134) to work on /home/airflow/.local/lib/python3.12/site-packages/airflow/example_dags/example_subdag_operator.py
[2025-06-26T23:00:17.607+0000] {processor.py:914} INFO - Processing file /home/airflow/.local/lib/python3.12/site-packages/airflow/example_dags/example_subdag_operator.py for tasks to queue
[2025-06-26T23:00:17.609+0000] {logging_mixin.py:190} INFO - [2025-06-26T23:00:17.609+0000] {dagbag.py:588} INFO - Filling up the DagBag from /home/airflow/.local/lib/python3.12/site-packages/airflow/example_dags/example_subdag_operator.py
[2025-06-26T23:00:17.636+0000] {processor.py:925} INFO - DAG(s) 'example_subdag_operator.section-1', 'example_subdag_operator.section-2', 'example_subdag_operator' retrieved from /home/airflow/.local/lib/python3.12/site-packages/airflow/example_dags/example_subdag_operator.py
[2025-06-26T23:00:17.649+0000] {logging_mixin.py:190} INFO - [2025-06-26T23:00:17.649+0000] {dag.py:3239} INFO - Sync 3 DAGs
[2025-06-26T23:00:17.672+0000] {logging_mixin.py:190} INFO - [2025-06-26T23:00:17.671+0000] {dag.py:4180} INFO - Setting next_dagrun for example_subdag_operator to 2022-01-01 00:00:00+00:00, run_after=2022-01-01 00:00:00+00:00
[2025-06-26T23:00:17.677+0000] {logging_mixin.py:190} INFO - [2025-06-26T23:00:17.677+0000] {dag.py:4180} INFO - Setting next_dagrun for example_subdag_operator.section-1 to None, run_after=None
[2025-06-26T23:00:17.680+0000] {logging_mixin.py:190} INFO - [2025-06-26T23:00:17.679+0000] {dag.py:4180} INFO - Setting next_dagrun for example_subdag_operator.section-2 to None, run_after=None
[2025-06-26T23:00:17.690+0000] {logging_mixin.py:190} INFO - [2025-06-26T23:00:17.690+0000] {dag.py:3239} INFO - Sync 2 DAGs
[2025-06-26T23:00:17.696+0000] {logging_mixin.py:190} INFO - [2025-06-26T23:00:17.696+0000] {dag.py:4180} INFO - Setting next_dagrun for example_subdag_operator.section-1 to None, run_after=None
[2025-06-26T23:00:17.697+0000] {logging_mixin.py:190} INFO - [2025-06-26T23:00:17.697+0000] {dag.py:4180} INFO - Setting next_dagrun for example_subdag_operator.section-2 to None, run_after=None
[2025-06-26T23:00:17.711+0000] {processor.py:208} INFO - Processing /home/airflow/.local/lib/python3.12/site-packages/airflow/example_dags/example_subdag_operator.py took 0.111 seconds
[2025-06-26T23:00:48.203+0000] {processor.py:186} INFO - Started process (PID=2196) to work on /home/airflow/.local/lib/python3.12/site-packages/airflow/example_dags/example_subdag_operator.py
[2025-06-26T23:00:48.203+0000] {processor.py:914} INFO - Processing file /home/airflow/.local/lib/python3.12/site-packages/airflow/example_dags/example_subdag_operator.py for tasks to queue
[2025-06-26T23:00:48.205+0000] {logging_mixin.py:190} INFO - [2025-06-26T23:00:48.205+0000] {dagbag.py:588} INFO - Filling up the DagBag from /home/airflow/.local/lib/python3.12/site-packages/airflow/example_dags/example_subdag_operator.py
[2025-06-26T23:00:48.229+0000] {processor.py:925} INFO - DAG(s) 'example_subdag_operator.section-1', 'example_subdag_operator.section-2', 'example_subdag_operator' retrieved from /home/airflow/.local/lib/python3.12/site-packages/airflow/example_dags/example_subdag_operator.py
[2025-06-26T23:00:48.241+0000] {logging_mixin.py:190} INFO - [2025-06-26T23:00:48.241+0000] {dag.py:3239} INFO - Sync 3 DAGs
[2025-06-26T23:00:48.260+0000] {logging_mixin.py:190} INFO - [2025-06-26T23:00:48.260+0000] {dag.py:4180} INFO - Setting next_dagrun for example_subdag_operator to 2022-01-01 00:00:00+00:00, run_after=2022-01-01 00:00:00+00:00
[2025-06-26T23:00:48.264+0000] {logging_mixin.py:190} INFO - [2025-06-26T23:00:48.264+0000] {dag.py:4180} INFO - Setting next_dagrun for example_subdag_operator.section-1 to None, run_after=None
[2025-06-26T23:00:48.265+0000] {logging_mixin.py:190} INFO - [2025-06-26T23:00:48.265+0000] {dag.py:4180} INFO - Setting next_dagrun for example_subdag_operator.section-2 to None, run_after=None
[2025-06-26T23:00:48.272+0000] {logging_mixin.py:190} INFO - [2025-06-26T23:00:48.272+0000] {dag.py:3239} INFO - Sync 2 DAGs
[2025-06-26T23:00:48.278+0000] {logging_mixin.py:190} INFO - [2025-06-26T23:00:48.277+0000] {dag.py:4180} INFO - Setting next_dagrun for example_subdag_operator.section-1 to None, run_after=None
[2025-06-26T23:00:48.278+0000] {logging_mixin.py:190} INFO - [2025-06-26T23:00:48.278+0000] {dag.py:4180} INFO - Setting next_dagrun for example_subdag_operator.section-2 to None, run_after=None
[2025-06-26T23:00:48.294+0000] {processor.py:208} INFO - Processing /home/airflow/.local/lib/python3.12/site-packages/airflow/example_dags/example_subdag_operator.py took 0.097 seconds
[2025-06-26T23:01:18.633+0000] {processor.py:186} INFO - Started process (PID=2258) to work on /home/airflow/.local/lib/python3.12/site-packages/airflow/example_dags/example_subdag_operator.py
[2025-06-26T23:01:18.634+0000] {processor.py:914} INFO - Processing file /home/airflow/.local/lib/python3.12/site-packages/airflow/example_dags/example_subdag_operator.py for tasks to queue
[2025-06-26T23:01:18.636+0000] {logging_mixin.py:190} INFO - [2025-06-26T23:01:18.636+0000] {dagbag.py:588} INFO - Filling up the DagBag from /home/airflow/.local/lib/python3.12/site-packages/airflow/example_dags/example_subdag_operator.py
[2025-06-26T23:01:18.662+0000] {processor.py:925} INFO - DAG(s) 'example_subdag_operator.section-1', 'example_subdag_operator.section-2', 'example_subdag_operator' retrieved from /home/airflow/.local/lib/python3.12/site-packages/airflow/example_dags/example_subdag_operator.py
[2025-06-26T23:01:18.678+0000] {logging_mixin.py:190} INFO - [2025-06-26T23:01:18.677+0000] {dag.py:3239} INFO - Sync 3 DAGs
[2025-06-26T23:01:18.699+0000] {logging_mixin.py:190} INFO - [2025-06-26T23:01:18.699+0000] {dag.py:4180} INFO - Setting next_dagrun for example_subdag_operator to 2022-01-01 00:00:00+00:00, run_after=2022-01-01 00:00:00+00:00
[2025-06-26T23:01:18.703+0000] {logging_mixin.py:190} INFO - [2025-06-26T23:01:18.702+0000] {dag.py:4180} INFO - Setting next_dagrun for example_subdag_operator.section-1 to None, run_after=None
[2025-06-26T23:01:18.704+0000] {logging_mixin.py:190} INFO - [2025-06-26T23:01:18.704+0000] {dag.py:4180} INFO - Setting next_dagrun for example_subdag_operator.section-2 to None, run_after=None
[2025-06-26T23:01:18.711+0000] {logging_mixin.py:190} INFO - [2025-06-26T23:01:18.711+0000] {dag.py:3239} INFO - Sync 2 DAGs
[2025-06-26T23:01:18.716+0000] {logging_mixin.py:190} INFO - [2025-06-26T23:01:18.716+0000] {dag.py:4180} INFO - Setting next_dagrun for example_subdag_operator.section-1 to None, run_after=None
[2025-06-26T23:01:18.717+0000] {logging_mixin.py:190} INFO - [2025-06-26T23:01:18.717+0000] {dag.py:4180} INFO - Setting next_dagrun for example_subdag_operator.section-2 to None, run_after=None
[2025-06-26T23:01:18.736+0000] {processor.py:208} INFO - Processing /home/airflow/.local/lib/python3.12/site-packages/airflow/example_dags/example_subdag_operator.py took 0.108 seconds
[2025-06-26T23:01:49.644+0000] {processor.py:186} INFO - Started process (PID=2320) to work on /home/airflow/.local/lib/python3.12/site-packages/airflow/example_dags/example_subdag_operator.py
[2025-06-26T23:01:49.645+0000] {processor.py:914} INFO - Processing file /home/airflow/.local/lib/python3.12/site-packages/airflow/example_dags/example_subdag_operator.py for tasks to queue
[2025-06-26T23:01:49.647+0000] {logging_mixin.py:190} INFO - [2025-06-26T23:01:49.647+0000] {dagbag.py:588} INFO - Filling up the DagBag from /home/airflow/.local/lib/python3.12/site-packages/airflow/example_dags/example_subdag_operator.py
[2025-06-26T23:01:49.671+0000] {processor.py:925} INFO - DAG(s) 'example_subdag_operator.section-1', 'example_subdag_operator.section-2', 'example_subdag_operator' retrieved from /home/airflow/.local/lib/python3.12/site-packages/airflow/example_dags/example_subdag_operator.py
[2025-06-26T23:01:49.684+0000] {logging_mixin.py:190} INFO - [2025-06-26T23:01:49.683+0000] {dag.py:3239} INFO - Sync 3 DAGs
[2025-06-26T23:01:49.708+0000] {logging_mixin.py:190} INFO - [2025-06-26T23:01:49.707+0000] {dag.py:4180} INFO - Setting next_dagrun for example_subdag_operator to 2022-01-01 00:00:00+00:00, run_after=2022-01-01 00:00:00+00:00
[2025-06-26T23:01:49.712+0000] {logging_mixin.py:190} INFO - [2025-06-26T23:01:49.712+0000] {dag.py:4180} INFO - Setting next_dagrun for example_subdag_operator.section-1 to None, run_after=None
[2025-06-26T23:01:49.713+0000] {logging_mixin.py:190} INFO - [2025-06-26T23:01:49.713+0000] {dag.py:4180} INFO - Setting next_dagrun for example_subdag_operator.section-2 to None, run_after=None
[2025-06-26T23:01:49.720+0000] {logging_mixin.py:190} INFO - [2025-06-26T23:01:49.720+0000] {dag.py:3239} INFO - Sync 2 DAGs
[2025-06-26T23:01:49.726+0000] {logging_mixin.py:190} INFO - [2025-06-26T23:01:49.726+0000] {dag.py:4180} INFO - Setting next_dagrun for example_subdag_operator.section-1 to None, run_after=None
[2025-06-26T23:01:49.727+0000] {logging_mixin.py:190} INFO - [2025-06-26T23:01:49.727+0000] {dag.py:4180} INFO - Setting next_dagrun for example_subdag_operator.section-2 to None, run_after=None
[2025-06-26T23:01:49.743+0000] {processor.py:208} INFO - Processing /home/airflow/.local/lib/python3.12/site-packages/airflow/example_dags/example_subdag_operator.py took 0.104 seconds
[2025-06-26T23:02:20.173+0000] {processor.py:186} INFO - Started process (PID=2382) to work on /home/airflow/.local/lib/python3.12/site-packages/airflow/example_dags/example_subdag_operator.py
[2025-06-26T23:02:20.174+0000] {processor.py:914} INFO - Processing file /home/airflow/.local/lib/python3.12/site-packages/airflow/example_dags/example_subdag_operator.py for tasks to queue
[2025-06-26T23:02:20.178+0000] {logging_mixin.py:190} INFO - [2025-06-26T23:02:20.177+0000] {dagbag.py:588} INFO - Filling up the DagBag from /home/airflow/.local/lib/python3.12/site-packages/airflow/example_dags/example_subdag_operator.py
[2025-06-26T23:02:20.216+0000] {processor.py:925} INFO - DAG(s) 'example_subdag_operator.section-1', 'example_subdag_operator.section-2', 'example_subdag_operator' retrieved from /home/airflow/.local/lib/python3.12/site-packages/airflow/example_dags/example_subdag_operator.py
[2025-06-26T23:02:20.235+0000] {logging_mixin.py:190} INFO - [2025-06-26T23:02:20.234+0000] {dag.py:3239} INFO - Sync 3 DAGs
[2025-06-26T23:02:20.267+0000] {logging_mixin.py:190} INFO - [2025-06-26T23:02:20.266+0000] {dag.py:4180} INFO - Setting next_dagrun for example_subdag_operator to 2022-01-01 00:00:00+00:00, run_after=2022-01-01 00:00:00+00:00
[2025-06-26T23:02:20.272+0000] {logging_mixin.py:190} INFO - [2025-06-26T23:02:20.272+0000] {dag.py:4180} INFO - Setting next_dagrun for example_subdag_operator.section-1 to None, run_after=None
[2025-06-26T23:02:20.274+0000] {logging_mixin.py:190} INFO - [2025-06-26T23:02:20.274+0000] {dag.py:4180} INFO - Setting next_dagrun for example_subdag_operator.section-2 to None, run_after=None
[2025-06-26T23:02:20.283+0000] {logging_mixin.py:190} INFO - [2025-06-26T23:02:20.282+0000] {dag.py:3239} INFO - Sync 2 DAGs
[2025-06-26T23:02:20.289+0000] {logging_mixin.py:190} INFO - [2025-06-26T23:02:20.289+0000] {dag.py:4180} INFO - Setting next_dagrun for example_subdag_operator.section-1 to None, run_after=None
[2025-06-26T23:02:20.290+0000] {logging_mixin.py:190} INFO - [2025-06-26T23:02:20.290+0000] {dag.py:4180} INFO - Setting next_dagrun for example_subdag_operator.section-2 to None, run_after=None
[2025-06-26T23:02:20.304+0000] {processor.py:208} INFO - Processing /home/airflow/.local/lib/python3.12/site-packages/airflow/example_dags/example_subdag_operator.py took 0.139 seconds
[2025-06-26T23:02:50.492+0000] {processor.py:186} INFO - Started process (PID=2444) to work on /home/airflow/.local/lib/python3.12/site-packages/airflow/example_dags/example_subdag_operator.py
[2025-06-26T23:02:50.493+0000] {processor.py:914} INFO - Processing file /home/airflow/.local/lib/python3.12/site-packages/airflow/example_dags/example_subdag_operator.py for tasks to queue
[2025-06-26T23:02:50.496+0000] {logging_mixin.py:190} INFO - [2025-06-26T23:02:50.495+0000] {dagbag.py:588} INFO - Filling up the DagBag from /home/airflow/.local/lib/python3.12/site-packages/airflow/example_dags/example_subdag_operator.py
[2025-06-26T23:02:50.523+0000] {processor.py:925} INFO - DAG(s) 'example_subdag_operator.section-1', 'example_subdag_operator.section-2', 'example_subdag_operator' retrieved from /home/airflow/.local/lib/python3.12/site-packages/airflow/example_dags/example_subdag_operator.py
[2025-06-26T23:02:50.537+0000] {logging_mixin.py:190} INFO - [2025-06-26T23:02:50.537+0000] {dag.py:3239} INFO - Sync 3 DAGs
[2025-06-26T23:02:50.565+0000] {logging_mixin.py:190} INFO - [2025-06-26T23:02:50.564+0000] {dag.py:4180} INFO - Setting next_dagrun for example_subdag_operator to 2022-01-01 00:00:00+00:00, run_after=2022-01-01 00:00:00+00:00
[2025-06-26T23:02:50.568+0000] {logging_mixin.py:190} INFO - [2025-06-26T23:02:50.568+0000] {dag.py:4180} INFO - Setting next_dagrun for example_subdag_operator.section-1 to None, run_after=None
[2025-06-26T23:02:50.570+0000] {logging_mixin.py:190} INFO - [2025-06-26T23:02:50.569+0000] {dag.py:4180} INFO - Setting next_dagrun for example_subdag_operator.section-2 to None, run_after=None
[2025-06-26T23:02:50.579+0000] {logging_mixin.py:190} INFO - [2025-06-26T23:02:50.579+0000] {dag.py:3239} INFO - Sync 2 DAGs
[2025-06-26T23:02:50.586+0000] {logging_mixin.py:190} INFO - [2025-06-26T23:02:50.586+0000] {dag.py:4180} INFO - Setting next_dagrun for example_subdag_operator.section-1 to None, run_after=None
[2025-06-26T23:02:50.587+0000] {logging_mixin.py:190} INFO - [2025-06-26T23:02:50.587+0000] {dag.py:4180} INFO - Setting next_dagrun for example_subdag_operator.section-2 to None, run_after=None
[2025-06-26T23:02:50.606+0000] {processor.py:208} INFO - Processing /home/airflow/.local/lib/python3.12/site-packages/airflow/example_dags/example_subdag_operator.py took 0.121 seconds
[2025-06-26T23:03:21.248+0000] {processor.py:186} INFO - Started process (PID=2506) to work on /home/airflow/.local/lib/python3.12/site-packages/airflow/example_dags/example_subdag_operator.py
[2025-06-26T23:03:21.249+0000] {processor.py:914} INFO - Processing file /home/airflow/.local/lib/python3.12/site-packages/airflow/example_dags/example_subdag_operator.py for tasks to queue
[2025-06-26T23:03:21.252+0000] {logging_mixin.py:190} INFO - [2025-06-26T23:03:21.251+0000] {dagbag.py:588} INFO - Filling up the DagBag from /home/airflow/.local/lib/python3.12/site-packages/airflow/example_dags/example_subdag_operator.py
[2025-06-26T23:03:21.275+0000] {processor.py:925} INFO - DAG(s) 'example_subdag_operator.section-1', 'example_subdag_operator.section-2', 'example_subdag_operator' retrieved from /home/airflow/.local/lib/python3.12/site-packages/airflow/example_dags/example_subdag_operator.py
[2025-06-26T23:03:21.287+0000] {logging_mixin.py:190} INFO - [2025-06-26T23:03:21.287+0000] {dag.py:3239} INFO - Sync 3 DAGs
[2025-06-26T23:03:21.307+0000] {logging_mixin.py:190} INFO - [2025-06-26T23:03:21.307+0000] {dag.py:4180} INFO - Setting next_dagrun for example_subdag_operator to 2022-01-01 00:00:00+00:00, run_after=2022-01-01 00:00:00+00:00
[2025-06-26T23:03:21.310+0000] {logging_mixin.py:190} INFO - [2025-06-26T23:03:21.310+0000] {dag.py:4180} INFO - Setting next_dagrun for example_subdag_operator.section-1 to None, run_after=None
[2025-06-26T23:03:21.312+0000] {logging_mixin.py:190} INFO - [2025-06-26T23:03:21.312+0000] {dag.py:4180} INFO - Setting next_dagrun for example_subdag_operator.section-2 to None, run_after=None
[2025-06-26T23:03:21.319+0000] {logging_mixin.py:190} INFO - [2025-06-26T23:03:21.318+0000] {dag.py:3239} INFO - Sync 2 DAGs
[2025-06-26T23:03:21.324+0000] {logging_mixin.py:190} INFO - [2025-06-26T23:03:21.324+0000] {dag.py:4180} INFO - Setting next_dagrun for example_subdag_operator.section-1 to None, run_after=None
[2025-06-26T23:03:21.325+0000] {logging_mixin.py:190} INFO - [2025-06-26T23:03:21.325+0000] {dag.py:4180} INFO - Setting next_dagrun for example_subdag_operator.section-2 to None, run_after=None
[2025-06-26T23:03:21.337+0000] {processor.py:208} INFO - Processing /home/airflow/.local/lib/python3.12/site-packages/airflow/example_dags/example_subdag_operator.py took 0.095 seconds
[2025-06-26T23:03:51.414+0000] {processor.py:186} INFO - Started process (PID=2568) to work on /home/airflow/.local/lib/python3.12/site-packages/airflow/example_dags/example_subdag_operator.py
[2025-06-26T23:03:51.415+0000] {processor.py:914} INFO - Processing file /home/airflow/.local/lib/python3.12/site-packages/airflow/example_dags/example_subdag_operator.py for tasks to queue
[2025-06-26T23:03:51.417+0000] {logging_mixin.py:190} INFO - [2025-06-26T23:03:51.417+0000] {dagbag.py:588} INFO - Filling up the DagBag from /home/airflow/.local/lib/python3.12/site-packages/airflow/example_dags/example_subdag_operator.py
[2025-06-26T23:03:51.443+0000] {processor.py:925} INFO - DAG(s) 'example_subdag_operator.section-1', 'example_subdag_operator.section-2', 'example_subdag_operator' retrieved from /home/airflow/.local/lib/python3.12/site-packages/airflow/example_dags/example_subdag_operator.py
[2025-06-26T23:03:51.457+0000] {logging_mixin.py:190} INFO - [2025-06-26T23:03:51.456+0000] {dag.py:3239} INFO - Sync 3 DAGs
[2025-06-26T23:03:51.478+0000] {logging_mixin.py:190} INFO - [2025-06-26T23:03:51.478+0000] {dag.py:4180} INFO - Setting next_dagrun for example_subdag_operator to 2022-01-01 00:00:00+00:00, run_after=2022-01-01 00:00:00+00:00
[2025-06-26T23:03:51.482+0000] {logging_mixin.py:190} INFO - [2025-06-26T23:03:51.482+0000] {dag.py:4180} INFO - Setting next_dagrun for example_subdag_operator.section-1 to None, run_after=None
[2025-06-26T23:03:51.484+0000] {logging_mixin.py:190} INFO - [2025-06-26T23:03:51.483+0000] {dag.py:4180} INFO - Setting next_dagrun for example_subdag_operator.section-2 to None, run_after=None
[2025-06-26T23:03:51.490+0000] {logging_mixin.py:190} INFO - [2025-06-26T23:03:51.490+0000] {dag.py:3239} INFO - Sync 2 DAGs
[2025-06-26T23:03:51.495+0000] {logging_mixin.py:190} INFO - [2025-06-26T23:03:51.495+0000] {dag.py:4180} INFO - Setting next_dagrun for example_subdag_operator.section-1 to None, run_after=None
[2025-06-26T23:03:51.496+0000] {logging_mixin.py:190} INFO - [2025-06-26T23:03:51.496+0000] {dag.py:4180} INFO - Setting next_dagrun for example_subdag_operator.section-2 to None, run_after=None
[2025-06-26T23:03:51.510+0000] {processor.py:208} INFO - Processing /home/airflow/.local/lib/python3.12/site-packages/airflow/example_dags/example_subdag_operator.py took 0.101 seconds
[2025-06-26T23:04:21.720+0000] {processor.py:186} INFO - Started process (PID=2630) to work on /home/airflow/.local/lib/python3.12/site-packages/airflow/example_dags/example_subdag_operator.py
[2025-06-26T23:04:21.721+0000] {processor.py:914} INFO - Processing file /home/airflow/.local/lib/python3.12/site-packages/airflow/example_dags/example_subdag_operator.py for tasks to queue
[2025-06-26T23:04:21.723+0000] {logging_mixin.py:190} INFO - [2025-06-26T23:04:21.723+0000] {dagbag.py:588} INFO - Filling up the DagBag from /home/airflow/.local/lib/python3.12/site-packages/airflow/example_dags/example_subdag_operator.py
[2025-06-26T23:04:21.747+0000] {processor.py:925} INFO - DAG(s) 'example_subdag_operator.section-1', 'example_subdag_operator.section-2', 'example_subdag_operator' retrieved from /home/airflow/.local/lib/python3.12/site-packages/airflow/example_dags/example_subdag_operator.py
[2025-06-26T23:04:21.759+0000] {logging_mixin.py:190} INFO - [2025-06-26T23:04:21.759+0000] {dag.py:3239} INFO - Sync 3 DAGs
[2025-06-26T23:04:21.778+0000] {logging_mixin.py:190} INFO - [2025-06-26T23:04:21.778+0000] {dag.py:4180} INFO - Setting next_dagrun for example_subdag_operator to 2022-01-01 00:00:00+00:00, run_after=2022-01-01 00:00:00+00:00
[2025-06-26T23:04:21.782+0000] {logging_mixin.py:190} INFO - [2025-06-26T23:04:21.782+0000] {dag.py:4180} INFO - Setting next_dagrun for example_subdag_operator.section-1 to None, run_after=None
[2025-06-26T23:04:21.783+0000] {logging_mixin.py:190} INFO - [2025-06-26T23:04:21.783+0000] {dag.py:4180} INFO - Setting next_dagrun for example_subdag_operator.section-2 to None, run_after=None
[2025-06-26T23:04:21.792+0000] {logging_mixin.py:190} INFO - [2025-06-26T23:04:21.791+0000] {dag.py:3239} INFO - Sync 2 DAGs
[2025-06-26T23:04:21.797+0000] {logging_mixin.py:190} INFO - [2025-06-26T23:04:21.796+0000] {dag.py:4180} INFO - Setting next_dagrun for example_subdag_operator.section-1 to None, run_after=None
[2025-06-26T23:04:21.797+0000] {logging_mixin.py:190} INFO - [2025-06-26T23:04:21.797+0000] {dag.py:4180} INFO - Setting next_dagrun for example_subdag_operator.section-2 to None, run_after=None
[2025-06-26T23:04:21.810+0000] {processor.py:208} INFO - Processing /home/airflow/.local/lib/python3.12/site-packages/airflow/example_dags/example_subdag_operator.py took 0.096 seconds
[2025-06-26T23:04:52.162+0000] {processor.py:186} INFO - Started process (PID=2692) to work on /home/airflow/.local/lib/python3.12/site-packages/airflow/example_dags/example_subdag_operator.py
[2025-06-26T23:04:52.163+0000] {processor.py:914} INFO - Processing file /home/airflow/.local/lib/python3.12/site-packages/airflow/example_dags/example_subdag_operator.py for tasks to queue
[2025-06-26T23:04:52.165+0000] {logging_mixin.py:190} INFO - [2025-06-26T23:04:52.165+0000] {dagbag.py:588} INFO - Filling up the DagBag from /home/airflow/.local/lib/python3.12/site-packages/airflow/example_dags/example_subdag_operator.py
[2025-06-26T23:04:52.191+0000] {processor.py:925} INFO - DAG(s) 'example_subdag_operator.section-1', 'example_subdag_operator.section-2', 'example_subdag_operator' retrieved from /home/airflow/.local/lib/python3.12/site-packages/airflow/example_dags/example_subdag_operator.py
[2025-06-26T23:04:52.203+0000] {logging_mixin.py:190} INFO - [2025-06-26T23:04:52.203+0000] {dag.py:3239} INFO - Sync 3 DAGs
[2025-06-26T23:04:52.223+0000] {logging_mixin.py:190} INFO - [2025-06-26T23:04:52.223+0000] {dag.py:4180} INFO - Setting next_dagrun for example_subdag_operator to 2022-01-01 00:00:00+00:00, run_after=2022-01-01 00:00:00+00:00
[2025-06-26T23:04:52.227+0000] {logging_mixin.py:190} INFO - [2025-06-26T23:04:52.227+0000] {dag.py:4180} INFO - Setting next_dagrun for example_subdag_operator.section-1 to None, run_after=None
[2025-06-26T23:04:52.229+0000] {logging_mixin.py:190} INFO - [2025-06-26T23:04:52.228+0000] {dag.py:4180} INFO - Setting next_dagrun for example_subdag_operator.section-2 to None, run_after=None
[2025-06-26T23:04:52.235+0000] {logging_mixin.py:190} INFO - [2025-06-26T23:04:52.235+0000] {dag.py:3239} INFO - Sync 2 DAGs
[2025-06-26T23:04:52.240+0000] {logging_mixin.py:190} INFO - [2025-06-26T23:04:52.239+0000] {dag.py:4180} INFO - Setting next_dagrun for example_subdag_operator.section-1 to None, run_after=None
[2025-06-26T23:04:52.241+0000] {logging_mixin.py:190} INFO - [2025-06-26T23:04:52.240+0000] {dag.py:4180} INFO - Setting next_dagrun for example_subdag_operator.section-2 to None, run_after=None
[2025-06-26T23:04:52.256+0000] {processor.py:208} INFO - Processing /home/airflow/.local/lib/python3.12/site-packages/airflow/example_dags/example_subdag_operator.py took 0.100 seconds
[2025-06-26T23:05:22.354+0000] {processor.py:186} INFO - Started process (PID=2754) to work on /home/airflow/.local/lib/python3.12/site-packages/airflow/example_dags/example_subdag_operator.py
[2025-06-26T23:05:22.355+0000] {processor.py:914} INFO - Processing file /home/airflow/.local/lib/python3.12/site-packages/airflow/example_dags/example_subdag_operator.py for tasks to queue
[2025-06-26T23:05:22.358+0000] {logging_mixin.py:190} INFO - [2025-06-26T23:05:22.357+0000] {dagbag.py:588} INFO - Filling up the DagBag from /home/airflow/.local/lib/python3.12/site-packages/airflow/example_dags/example_subdag_operator.py
[2025-06-26T23:05:22.383+0000] {processor.py:925} INFO - DAG(s) 'example_subdag_operator.section-1', 'example_subdag_operator.section-2', 'example_subdag_operator' retrieved from /home/airflow/.local/lib/python3.12/site-packages/airflow/example_dags/example_subdag_operator.py
[2025-06-26T23:05:22.396+0000] {logging_mixin.py:190} INFO - [2025-06-26T23:05:22.395+0000] {dag.py:3239} INFO - Sync 3 DAGs
[2025-06-26T23:05:22.415+0000] {logging_mixin.py:190} INFO - [2025-06-26T23:05:22.414+0000] {dag.py:4180} INFO - Setting next_dagrun for example_subdag_operator to 2022-01-01 00:00:00+00:00, run_after=2022-01-01 00:00:00+00:00
[2025-06-26T23:05:22.418+0000] {logging_mixin.py:190} INFO - [2025-06-26T23:05:22.417+0000] {dag.py:4180} INFO - Setting next_dagrun for example_subdag_operator.section-1 to None, run_after=None
[2025-06-26T23:05:22.419+0000] {logging_mixin.py:190} INFO - [2025-06-26T23:05:22.419+0000] {dag.py:4180} INFO - Setting next_dagrun for example_subdag_operator.section-2 to None, run_after=None
[2025-06-26T23:05:22.426+0000] {logging_mixin.py:190} INFO - [2025-06-26T23:05:22.425+0000] {dag.py:3239} INFO - Sync 2 DAGs
[2025-06-26T23:05:22.430+0000] {logging_mixin.py:190} INFO - [2025-06-26T23:05:22.430+0000] {dag.py:4180} INFO - Setting next_dagrun for example_subdag_operator.section-1 to None, run_after=None
[2025-06-26T23:05:22.431+0000] {logging_mixin.py:190} INFO - [2025-06-26T23:05:22.431+0000] {dag.py:4180} INFO - Setting next_dagrun for example_subdag_operator.section-2 to None, run_after=None
[2025-06-26T23:05:22.442+0000] {processor.py:208} INFO - Processing /home/airflow/.local/lib/python3.12/site-packages/airflow/example_dags/example_subdag_operator.py took 0.093 seconds
[2025-06-26T23:05:52.566+0000] {processor.py:186} INFO - Started process (PID=2816) to work on /home/airflow/.local/lib/python3.12/site-packages/airflow/example_dags/example_subdag_operator.py
[2025-06-26T23:05:52.567+0000] {processor.py:914} INFO - Processing file /home/airflow/.local/lib/python3.12/site-packages/airflow/example_dags/example_subdag_operator.py for tasks to queue
[2025-06-26T23:05:52.569+0000] {logging_mixin.py:190} INFO - [2025-06-26T23:05:52.569+0000] {dagbag.py:588} INFO - Filling up the DagBag from /home/airflow/.local/lib/python3.12/site-packages/airflow/example_dags/example_subdag_operator.py
[2025-06-26T23:05:52.592+0000] {processor.py:925} INFO - DAG(s) 'example_subdag_operator.section-1', 'example_subdag_operator.section-2', 'example_subdag_operator' retrieved from /home/airflow/.local/lib/python3.12/site-packages/airflow/example_dags/example_subdag_operator.py
[2025-06-26T23:05:52.605+0000] {logging_mixin.py:190} INFO - [2025-06-26T23:05:52.605+0000] {dag.py:3239} INFO - Sync 3 DAGs
[2025-06-26T23:05:52.626+0000] {logging_mixin.py:190} INFO - [2025-06-26T23:05:52.626+0000] {dag.py:4180} INFO - Setting next_dagrun for example_subdag_operator to 2022-01-01 00:00:00+00:00, run_after=2022-01-01 00:00:00+00:00
[2025-06-26T23:05:52.629+0000] {logging_mixin.py:190} INFO - [2025-06-26T23:05:52.629+0000] {dag.py:4180} INFO - Setting next_dagrun for example_subdag_operator.section-1 to None, run_after=None
[2025-06-26T23:05:52.630+0000] {logging_mixin.py:190} INFO - [2025-06-26T23:05:52.630+0000] {dag.py:4180} INFO - Setting next_dagrun for example_subdag_operator.section-2 to None, run_after=None
[2025-06-26T23:05:52.636+0000] {logging_mixin.py:190} INFO - [2025-06-26T23:05:52.636+0000] {dag.py:3239} INFO - Sync 2 DAGs
[2025-06-26T23:05:52.640+0000] {logging_mixin.py:190} INFO - [2025-06-26T23:05:52.640+0000] {dag.py:4180} INFO - Setting next_dagrun for example_subdag_operator.section-1 to None, run_after=None
[2025-06-26T23:05:52.641+0000] {logging_mixin.py:190} INFO - [2025-06-26T23:05:52.641+0000] {dag.py:4180} INFO - Setting next_dagrun for example_subdag_operator.section-2 to None, run_after=None
[2025-06-26T23:05:52.652+0000] {processor.py:208} INFO - Processing /home/airflow/.local/lib/python3.12/site-packages/airflow/example_dags/example_subdag_operator.py took 0.090 seconds
[2025-06-26T23:06:23.404+0000] {processor.py:186} INFO - Started process (PID=2878) to work on /home/airflow/.local/lib/python3.12/site-packages/airflow/example_dags/example_subdag_operator.py
[2025-06-26T23:06:23.405+0000] {processor.py:914} INFO - Processing file /home/airflow/.local/lib/python3.12/site-packages/airflow/example_dags/example_subdag_operator.py for tasks to queue
[2025-06-26T23:06:23.407+0000] {logging_mixin.py:190} INFO - [2025-06-26T23:06:23.407+0000] {dagbag.py:588} INFO - Filling up the DagBag from /home/airflow/.local/lib/python3.12/site-packages/airflow/example_dags/example_subdag_operator.py
[2025-06-26T23:06:23.430+0000] {processor.py:925} INFO - DAG(s) 'example_subdag_operator.section-1', 'example_subdag_operator.section-2', 'example_subdag_operator' retrieved from /home/airflow/.local/lib/python3.12/site-packages/airflow/example_dags/example_subdag_operator.py
[2025-06-26T23:06:23.442+0000] {logging_mixin.py:190} INFO - [2025-06-26T23:06:23.442+0000] {dag.py:3239} INFO - Sync 3 DAGs
[2025-06-26T23:06:23.460+0000] {logging_mixin.py:190} INFO - [2025-06-26T23:06:23.460+0000] {dag.py:4180} INFO - Setting next_dagrun for example_subdag_operator to 2022-01-01 00:00:00+00:00, run_after=2022-01-01 00:00:00+00:00
[2025-06-26T23:06:23.463+0000] {logging_mixin.py:190} INFO - [2025-06-26T23:06:23.463+0000] {dag.py:4180} INFO - Setting next_dagrun for example_subdag_operator.section-1 to None, run_after=None
[2025-06-26T23:06:23.464+0000] {logging_mixin.py:190} INFO - [2025-06-26T23:06:23.464+0000] {dag.py:4180} INFO - Setting next_dagrun for example_subdag_operator.section-2 to None, run_after=None
[2025-06-26T23:06:23.471+0000] {logging_mixin.py:190} INFO - [2025-06-26T23:06:23.470+0000] {dag.py:3239} INFO - Sync 2 DAGs
[2025-06-26T23:06:23.475+0000] {logging_mixin.py:190} INFO - [2025-06-26T23:06:23.475+0000] {dag.py:4180} INFO - Setting next_dagrun for example_subdag_operator.section-1 to None, run_after=None
[2025-06-26T23:06:23.476+0000] {logging_mixin.py:190} INFO - [2025-06-26T23:06:23.476+0000] {dag.py:4180} INFO - Setting next_dagrun for example_subdag_operator.section-2 to None, run_after=None
[2025-06-26T23:06:23.488+0000] {processor.py:208} INFO - Processing /home/airflow/.local/lib/python3.12/site-packages/airflow/example_dags/example_subdag_operator.py took 0.089 seconds
[2025-06-26T23:06:54.281+0000] {processor.py:186} INFO - Started process (PID=2940) to work on /home/airflow/.local/lib/python3.12/site-packages/airflow/example_dags/example_subdag_operator.py
[2025-06-26T23:06:54.282+0000] {processor.py:914} INFO - Processing file /home/airflow/.local/lib/python3.12/site-packages/airflow/example_dags/example_subdag_operator.py for tasks to queue
[2025-06-26T23:06:54.284+0000] {logging_mixin.py:190} INFO - [2025-06-26T23:06:54.284+0000] {dagbag.py:588} INFO - Filling up the DagBag from /home/airflow/.local/lib/python3.12/site-packages/airflow/example_dags/example_subdag_operator.py
[2025-06-26T23:06:54.308+0000] {processor.py:925} INFO - DAG(s) 'example_subdag_operator.section-1', 'example_subdag_operator.section-2', 'example_subdag_operator' retrieved from /home/airflow/.local/lib/python3.12/site-packages/airflow/example_dags/example_subdag_operator.py
[2025-06-26T23:06:54.321+0000] {logging_mixin.py:190} INFO - [2025-06-26T23:06:54.321+0000] {dag.py:3239} INFO - Sync 3 DAGs
[2025-06-26T23:06:54.342+0000] {logging_mixin.py:190} INFO - [2025-06-26T23:06:54.341+0000] {dag.py:4180} INFO - Setting next_dagrun for example_subdag_operator to 2022-01-01 00:00:00+00:00, run_after=2022-01-01 00:00:00+00:00
[2025-06-26T23:06:54.346+0000] {logging_mixin.py:190} INFO - [2025-06-26T23:06:54.346+0000] {dag.py:4180} INFO - Setting next_dagrun for example_subdag_operator.section-1 to None, run_after=None
[2025-06-26T23:06:54.348+0000] {logging_mixin.py:190} INFO - [2025-06-26T23:06:54.347+0000] {dag.py:4180} INFO - Setting next_dagrun for example_subdag_operator.section-2 to None, run_after=None
[2025-06-26T23:06:54.355+0000] {logging_mixin.py:190} INFO - [2025-06-26T23:06:54.354+0000] {dag.py:3239} INFO - Sync 2 DAGs
[2025-06-26T23:06:54.359+0000] {logging_mixin.py:190} INFO - [2025-06-26T23:06:54.359+0000] {dag.py:4180} INFO - Setting next_dagrun for example_subdag_operator.section-1 to None, run_after=None
[2025-06-26T23:06:54.360+0000] {logging_mixin.py:190} INFO - [2025-06-26T23:06:54.360+0000] {dag.py:4180} INFO - Setting next_dagrun for example_subdag_operator.section-2 to None, run_after=None
[2025-06-26T23:06:54.373+0000] {processor.py:208} INFO - Processing /home/airflow/.local/lib/python3.12/site-packages/airflow/example_dags/example_subdag_operator.py took 0.097 seconds
[2025-06-26T23:07:25.057+0000] {processor.py:186} INFO - Started process (PID=3002) to work on /home/airflow/.local/lib/python3.12/site-packages/airflow/example_dags/example_subdag_operator.py
[2025-06-26T23:07:25.058+0000] {processor.py:914} INFO - Processing file /home/airflow/.local/lib/python3.12/site-packages/airflow/example_dags/example_subdag_operator.py for tasks to queue
[2025-06-26T23:07:25.061+0000] {logging_mixin.py:190} INFO - [2025-06-26T23:07:25.060+0000] {dagbag.py:588} INFO - Filling up the DagBag from /home/airflow/.local/lib/python3.12/site-packages/airflow/example_dags/example_subdag_operator.py
[2025-06-26T23:07:25.092+0000] {processor.py:925} INFO - DAG(s) 'example_subdag_operator.section-1', 'example_subdag_operator.section-2', 'example_subdag_operator' retrieved from /home/airflow/.local/lib/python3.12/site-packages/airflow/example_dags/example_subdag_operator.py
[2025-06-26T23:07:25.109+0000] {logging_mixin.py:190} INFO - [2025-06-26T23:07:25.109+0000] {dag.py:3239} INFO - Sync 3 DAGs
[2025-06-26T23:07:25.135+0000] {logging_mixin.py:190} INFO - [2025-06-26T23:07:25.134+0000] {dag.py:4180} INFO - Setting next_dagrun for example_subdag_operator to 2022-01-01 00:00:00+00:00, run_after=2022-01-01 00:00:00+00:00
[2025-06-26T23:07:25.139+0000] {logging_mixin.py:190} INFO - [2025-06-26T23:07:25.138+0000] {dag.py:4180} INFO - Setting next_dagrun for example_subdag_operator.section-1 to None, run_after=None
[2025-06-26T23:07:25.141+0000] {logging_mixin.py:190} INFO - [2025-06-26T23:07:25.141+0000] {dag.py:4180} INFO - Setting next_dagrun for example_subdag_operator.section-2 to None, run_after=None
[2025-06-26T23:07:25.149+0000] {logging_mixin.py:190} INFO - [2025-06-26T23:07:25.148+0000] {dag.py:3239} INFO - Sync 2 DAGs
[2025-06-26T23:07:25.154+0000] {logging_mixin.py:190} INFO - [2025-06-26T23:07:25.154+0000] {dag.py:4180} INFO - Setting next_dagrun for example_subdag_operator.section-1 to None, run_after=None
[2025-06-26T23:07:25.155+0000] {logging_mixin.py:190} INFO - [2025-06-26T23:07:25.155+0000] {dag.py:4180} INFO - Setting next_dagrun for example_subdag_operator.section-2 to None, run_after=None
[2025-06-26T23:07:25.170+0000] {processor.py:208} INFO - Processing /home/airflow/.local/lib/python3.12/site-packages/airflow/example_dags/example_subdag_operator.py took 0.119 seconds
[2025-06-26T23:07:56.119+0000] {processor.py:186} INFO - Started process (PID=3064) to work on /home/airflow/.local/lib/python3.12/site-packages/airflow/example_dags/example_subdag_operator.py
[2025-06-26T23:07:56.120+0000] {processor.py:914} INFO - Processing file /home/airflow/.local/lib/python3.12/site-packages/airflow/example_dags/example_subdag_operator.py for tasks to queue
[2025-06-26T23:07:56.123+0000] {logging_mixin.py:190} INFO - [2025-06-26T23:07:56.123+0000] {dagbag.py:588} INFO - Filling up the DagBag from /home/airflow/.local/lib/python3.12/site-packages/airflow/example_dags/example_subdag_operator.py
[2025-06-26T23:07:56.148+0000] {processor.py:925} INFO - DAG(s) 'example_subdag_operator.section-1', 'example_subdag_operator.section-2', 'example_subdag_operator' retrieved from /home/airflow/.local/lib/python3.12/site-packages/airflow/example_dags/example_subdag_operator.py
[2025-06-26T23:07:56.161+0000] {logging_mixin.py:190} INFO - [2025-06-26T23:07:56.160+0000] {dag.py:3239} INFO - Sync 3 DAGs
[2025-06-26T23:07:56.179+0000] {logging_mixin.py:190} INFO - [2025-06-26T23:07:56.179+0000] {dag.py:4180} INFO - Setting next_dagrun for example_subdag_operator to 2022-01-01 00:00:00+00:00, run_after=2022-01-01 00:00:00+00:00
[2025-06-26T23:07:56.183+0000] {logging_mixin.py:190} INFO - [2025-06-26T23:07:56.183+0000] {dag.py:4180} INFO - Setting next_dagrun for example_subdag_operator.section-1 to None, run_after=None
[2025-06-26T23:07:56.185+0000] {logging_mixin.py:190} INFO - [2025-06-26T23:07:56.184+0000] {dag.py:4180} INFO - Setting next_dagrun for example_subdag_operator.section-2 to None, run_after=None
[2025-06-26T23:07:56.191+0000] {logging_mixin.py:190} INFO - [2025-06-26T23:07:56.191+0000] {dag.py:3239} INFO - Sync 2 DAGs
[2025-06-26T23:07:56.196+0000] {logging_mixin.py:190} INFO - [2025-06-26T23:07:56.196+0000] {dag.py:4180} INFO - Setting next_dagrun for example_subdag_operator.section-1 to None, run_after=None
[2025-06-26T23:07:56.197+0000] {logging_mixin.py:190} INFO - [2025-06-26T23:07:56.197+0000] {dag.py:4180} INFO - Setting next_dagrun for example_subdag_operator.section-2 to None, run_after=None
[2025-06-26T23:07:56.211+0000] {processor.py:208} INFO - Processing /home/airflow/.local/lib/python3.12/site-packages/airflow/example_dags/example_subdag_operator.py took 0.098 seconds
[2025-06-26T23:08:26.998+0000] {processor.py:186} INFO - Started process (PID=3126) to work on /home/airflow/.local/lib/python3.12/site-packages/airflow/example_dags/example_subdag_operator.py
[2025-06-26T23:08:26.999+0000] {processor.py:914} INFO - Processing file /home/airflow/.local/lib/python3.12/site-packages/airflow/example_dags/example_subdag_operator.py for tasks to queue
[2025-06-26T23:08:27.001+0000] {logging_mixin.py:190} INFO - [2025-06-26T23:08:27.001+0000] {dagbag.py:588} INFO - Filling up the DagBag from /home/airflow/.local/lib/python3.12/site-packages/airflow/example_dags/example_subdag_operator.py
[2025-06-26T23:08:27.028+0000] {processor.py:925} INFO - DAG(s) 'example_subdag_operator.section-1', 'example_subdag_operator.section-2', 'example_subdag_operator' retrieved from /home/airflow/.local/lib/python3.12/site-packages/airflow/example_dags/example_subdag_operator.py
[2025-06-26T23:08:27.042+0000] {logging_mixin.py:190} INFO - [2025-06-26T23:08:27.041+0000] {dag.py:3239} INFO - Sync 3 DAGs
[2025-06-26T23:08:27.062+0000] {logging_mixin.py:190} INFO - [2025-06-26T23:08:27.061+0000] {dag.py:4180} INFO - Setting next_dagrun for example_subdag_operator to 2022-01-01 00:00:00+00:00, run_after=2022-01-01 00:00:00+00:00
[2025-06-26T23:08:27.065+0000] {logging_mixin.py:190} INFO - [2025-06-26T23:08:27.065+0000] {dag.py:4180} INFO - Setting next_dagrun for example_subdag_operator.section-1 to None, run_after=None
[2025-06-26T23:08:27.066+0000] {logging_mixin.py:190} INFO - [2025-06-26T23:08:27.066+0000] {dag.py:4180} INFO - Setting next_dagrun for example_subdag_operator.section-2 to None, run_after=None
[2025-06-26T23:08:27.073+0000] {logging_mixin.py:190} INFO - [2025-06-26T23:08:27.073+0000] {dag.py:3239} INFO - Sync 2 DAGs
[2025-06-26T23:08:27.078+0000] {logging_mixin.py:190} INFO - [2025-06-26T23:08:27.078+0000] {dag.py:4180} INFO - Setting next_dagrun for example_subdag_operator.section-1 to None, run_after=None
[2025-06-26T23:08:27.079+0000] {logging_mixin.py:190} INFO - [2025-06-26T23:08:27.079+0000] {dag.py:4180} INFO - Setting next_dagrun for example_subdag_operator.section-2 to None, run_after=None
[2025-06-26T23:08:27.093+0000] {processor.py:208} INFO - Processing /home/airflow/.local/lib/python3.12/site-packages/airflow/example_dags/example_subdag_operator.py took 0.100 seconds
[2025-06-26T23:08:57.876+0000] {processor.py:186} INFO - Started process (PID=3188) to work on /home/airflow/.local/lib/python3.12/site-packages/airflow/example_dags/example_subdag_operator.py
[2025-06-26T23:08:57.877+0000] {processor.py:914} INFO - Processing file /home/airflow/.local/lib/python3.12/site-packages/airflow/example_dags/example_subdag_operator.py for tasks to queue
[2025-06-26T23:08:57.879+0000] {logging_mixin.py:190} INFO - [2025-06-26T23:08:57.879+0000] {dagbag.py:588} INFO - Filling up the DagBag from /home/airflow/.local/lib/python3.12/site-packages/airflow/example_dags/example_subdag_operator.py
[2025-06-26T23:08:57.905+0000] {processor.py:925} INFO - DAG(s) 'example_subdag_operator.section-1', 'example_subdag_operator.section-2', 'example_subdag_operator' retrieved from /home/airflow/.local/lib/python3.12/site-packages/airflow/example_dags/example_subdag_operator.py
[2025-06-26T23:08:57.920+0000] {logging_mixin.py:190} INFO - [2025-06-26T23:08:57.920+0000] {dag.py:3239} INFO - Sync 3 DAGs
[2025-06-26T23:08:57.945+0000] {logging_mixin.py:190} INFO - [2025-06-26T23:08:57.945+0000] {dag.py:4180} INFO - Setting next_dagrun for example_subdag_operator to 2022-01-01 00:00:00+00:00, run_after=2022-01-01 00:00:00+00:00
[2025-06-26T23:08:57.950+0000] {logging_mixin.py:190} INFO - [2025-06-26T23:08:57.949+0000] {dag.py:4180} INFO - Setting next_dagrun for example_subdag_operator.section-1 to None, run_after=None
[2025-06-26T23:08:57.952+0000] {logging_mixin.py:190} INFO - [2025-06-26T23:08:57.952+0000] {dag.py:4180} INFO - Setting next_dagrun for example_subdag_operator.section-2 to None, run_after=None
[2025-06-26T23:08:57.962+0000] {logging_mixin.py:190} INFO - [2025-06-26T23:08:57.961+0000] {dag.py:3239} INFO - Sync 2 DAGs
[2025-06-26T23:08:57.969+0000] {logging_mixin.py:190} INFO - [2025-06-26T23:08:57.969+0000] {dag.py:4180} INFO - Setting next_dagrun for example_subdag_operator.section-1 to None, run_after=None
[2025-06-26T23:08:57.970+0000] {logging_mixin.py:190} INFO - [2025-06-26T23:08:57.970+0000] {dag.py:4180} INFO - Setting next_dagrun for example_subdag_operator.section-2 to None, run_after=None
[2025-06-26T23:08:57.987+0000] {processor.py:208} INFO - Processing /home/airflow/.local/lib/python3.12/site-packages/airflow/example_dags/example_subdag_operator.py took 0.116 seconds
[2025-06-26T23:09:29.064+0000] {processor.py:186} INFO - Started process (PID=3250) to work on /home/airflow/.local/lib/python3.12/site-packages/airflow/example_dags/example_subdag_operator.py
[2025-06-26T23:09:29.066+0000] {processor.py:914} INFO - Processing file /home/airflow/.local/lib/python3.12/site-packages/airflow/example_dags/example_subdag_operator.py for tasks to queue
[2025-06-26T23:09:29.069+0000] {logging_mixin.py:190} INFO - [2025-06-26T23:09:29.068+0000] {dagbag.py:588} INFO - Filling up the DagBag from /home/airflow/.local/lib/python3.12/site-packages/airflow/example_dags/example_subdag_operator.py
[2025-06-26T23:09:29.092+0000] {processor.py:925} INFO - DAG(s) 'example_subdag_operator.section-1', 'example_subdag_operator.section-2', 'example_subdag_operator' retrieved from /home/airflow/.local/lib/python3.12/site-packages/airflow/example_dags/example_subdag_operator.py
[2025-06-26T23:09:29.105+0000] {logging_mixin.py:190} INFO - [2025-06-26T23:09:29.105+0000] {dag.py:3239} INFO - Sync 3 DAGs
[2025-06-26T23:09:29.125+0000] {logging_mixin.py:190} INFO - [2025-06-26T23:09:29.125+0000] {dag.py:4180} INFO - Setting next_dagrun for example_subdag_operator to 2022-01-01 00:00:00+00:00, run_after=2022-01-01 00:00:00+00:00
[2025-06-26T23:09:29.128+0000] {logging_mixin.py:190} INFO - [2025-06-26T23:09:29.128+0000] {dag.py:4180} INFO - Setting next_dagrun for example_subdag_operator.section-1 to None, run_after=None
[2025-06-26T23:09:29.130+0000] {logging_mixin.py:190} INFO - [2025-06-26T23:09:29.130+0000] {dag.py:4180} INFO - Setting next_dagrun for example_subdag_operator.section-2 to None, run_after=None
[2025-06-26T23:09:29.136+0000] {logging_mixin.py:190} INFO - [2025-06-26T23:09:29.136+0000] {dag.py:3239} INFO - Sync 2 DAGs
[2025-06-26T23:09:29.140+0000] {logging_mixin.py:190} INFO - [2025-06-26T23:09:29.140+0000] {dag.py:4180} INFO - Setting next_dagrun for example_subdag_operator.section-1 to None, run_after=None
[2025-06-26T23:09:29.141+0000] {logging_mixin.py:190} INFO - [2025-06-26T23:09:29.141+0000] {dag.py:4180} INFO - Setting next_dagrun for example_subdag_operator.section-2 to None, run_after=None
[2025-06-26T23:09:29.154+0000] {processor.py:208} INFO - Processing /home/airflow/.local/lib/python3.12/site-packages/airflow/example_dags/example_subdag_operator.py took 0.096 seconds
[2025-06-26T23:09:59.865+0000] {processor.py:186} INFO - Started process (PID=3312) to work on /home/airflow/.local/lib/python3.12/site-packages/airflow/example_dags/example_subdag_operator.py
[2025-06-26T23:09:59.866+0000] {processor.py:914} INFO - Processing file /home/airflow/.local/lib/python3.12/site-packages/airflow/example_dags/example_subdag_operator.py for tasks to queue
[2025-06-26T23:09:59.868+0000] {logging_mixin.py:190} INFO - [2025-06-26T23:09:59.867+0000] {dagbag.py:588} INFO - Filling up the DagBag from /home/airflow/.local/lib/python3.12/site-packages/airflow/example_dags/example_subdag_operator.py
[2025-06-26T23:09:59.890+0000] {processor.py:925} INFO - DAG(s) 'example_subdag_operator.section-1', 'example_subdag_operator.section-2', 'example_subdag_operator' retrieved from /home/airflow/.local/lib/python3.12/site-packages/airflow/example_dags/example_subdag_operator.py
[2025-06-26T23:09:59.901+0000] {logging_mixin.py:190} INFO - [2025-06-26T23:09:59.901+0000] {dag.py:3239} INFO - Sync 3 DAGs
[2025-06-26T23:09:59.920+0000] {logging_mixin.py:190} INFO - [2025-06-26T23:09:59.920+0000] {dag.py:4180} INFO - Setting next_dagrun for example_subdag_operator to 2022-01-01 00:00:00+00:00, run_after=2022-01-01 00:00:00+00:00
[2025-06-26T23:09:59.922+0000] {logging_mixin.py:190} INFO - [2025-06-26T23:09:59.922+0000] {dag.py:4180} INFO - Setting next_dagrun for example_subdag_operator.section-1 to None, run_after=None
[2025-06-26T23:09:59.924+0000] {logging_mixin.py:190} INFO - [2025-06-26T23:09:59.923+0000] {dag.py:4180} INFO - Setting next_dagrun for example_subdag_operator.section-2 to None, run_after=None
[2025-06-26T23:10:00.080+0000] {logging_mixin.py:190} INFO - [2025-06-26T23:10:00.080+0000] {dag.py:3239} INFO - Sync 2 DAGs
[2025-06-26T23:10:00.085+0000] {logging_mixin.py:190} INFO - [2025-06-26T23:10:00.085+0000] {dag.py:4180} INFO - Setting next_dagrun for example_subdag_operator.section-1 to None, run_after=None
[2025-06-26T23:10:00.086+0000] {logging_mixin.py:190} INFO - [2025-06-26T23:10:00.086+0000] {dag.py:4180} INFO - Setting next_dagrun for example_subdag_operator.section-2 to None, run_after=None
[2025-06-26T23:10:00.098+0000] {processor.py:208} INFO - Processing /home/airflow/.local/lib/python3.12/site-packages/airflow/example_dags/example_subdag_operator.py took 0.240 seconds
[2025-06-26T23:10:30.839+0000] {processor.py:186} INFO - Started process (PID=3374) to work on /home/airflow/.local/lib/python3.12/site-packages/airflow/example_dags/example_subdag_operator.py
[2025-06-26T23:10:30.840+0000] {processor.py:914} INFO - Processing file /home/airflow/.local/lib/python3.12/site-packages/airflow/example_dags/example_subdag_operator.py for tasks to queue
[2025-06-26T23:10:30.843+0000] {logging_mixin.py:190} INFO - [2025-06-26T23:10:30.843+0000] {dagbag.py:588} INFO - Filling up the DagBag from /home/airflow/.local/lib/python3.12/site-packages/airflow/example_dags/example_subdag_operator.py
[2025-06-26T23:10:30.867+0000] {processor.py:925} INFO - DAG(s) 'example_subdag_operator.section-1', 'example_subdag_operator.section-2', 'example_subdag_operator' retrieved from /home/airflow/.local/lib/python3.12/site-packages/airflow/example_dags/example_subdag_operator.py
[2025-06-26T23:10:30.879+0000] {logging_mixin.py:190} INFO - [2025-06-26T23:10:30.879+0000] {dag.py:3239} INFO - Sync 3 DAGs
[2025-06-26T23:10:30.898+0000] {logging_mixin.py:190} INFO - [2025-06-26T23:10:30.897+0000] {dag.py:4180} INFO - Setting next_dagrun for example_subdag_operator to 2022-01-01 00:00:00+00:00, run_after=2022-01-01 00:00:00+00:00
[2025-06-26T23:10:30.901+0000] {logging_mixin.py:190} INFO - [2025-06-26T23:10:30.900+0000] {dag.py:4180} INFO - Setting next_dagrun for example_subdag_operator.section-1 to None, run_after=None
[2025-06-26T23:10:30.902+0000] {logging_mixin.py:190} INFO - [2025-06-26T23:10:30.902+0000] {dag.py:4180} INFO - Setting next_dagrun for example_subdag_operator.section-2 to None, run_after=None
[2025-06-26T23:10:30.907+0000] {logging_mixin.py:190} INFO - [2025-06-26T23:10:30.907+0000] {dag.py:3239} INFO - Sync 2 DAGs
[2025-06-26T23:10:30.911+0000] {logging_mixin.py:190} INFO - [2025-06-26T23:10:30.911+0000] {dag.py:4180} INFO - Setting next_dagrun for example_subdag_operator.section-1 to None, run_after=None
[2025-06-26T23:10:30.912+0000] {logging_mixin.py:190} INFO - [2025-06-26T23:10:30.912+0000] {dag.py:4180} INFO - Setting next_dagrun for example_subdag_operator.section-2 to None, run_after=None
[2025-06-26T23:10:30.922+0000] {processor.py:208} INFO - Processing /home/airflow/.local/lib/python3.12/site-packages/airflow/example_dags/example_subdag_operator.py took 0.089 seconds
