[2025-06-26T22:43:35.191+0000] {processor.py:186} INFO - Started process (PID=100) to work on /home/airflow/.local/lib/python3.12/site-packages/airflow/example_dags/example_outlet_event_extra.py
[2025-06-26T22:43:35.193+0000] {processor.py:914} INFO - Processing file /home/airflow/.local/lib/python3.12/site-packages/airflow/example_dags/example_outlet_event_extra.py for tasks to queue
[2025-06-26T22:43:35.195+0000] {logging_mixin.py:190} INFO - [2025-06-26T22:43:35.195+0000] {dagbag.py:588} INFO - Filling up the DagBag from /home/airflow/.local/lib/python3.12/site-packages/airflow/example_dags/example_outlet_event_extra.py
[2025-06-26T22:43:35.326+0000] {processor.py:925} INFO - DAG(s) 'dataset_with_extra_from_classic_operator', 'dataset_with_extra_by_context', 'dataset_with_extra_by_yield' retrieved from /home/airflow/.local/lib/python3.12/site-packages/airflow/example_dags/example_outlet_event_extra.py
[2025-06-26T22:43:35.421+0000] {logging_mixin.py:190} INFO - [2025-06-26T22:43:35.421+0000] {override.py:1900} INFO - Created Permission View: can read on DAG:dataset_with_extra_from_classic_operator
[2025-06-26T22:43:35.432+0000] {logging_mixin.py:190} INFO - [2025-06-26T22:43:35.432+0000] {override.py:1900} INFO - Created Permission View: can edit on DAG:dataset_with_extra_from_classic_operator
[2025-06-26T22:43:35.440+0000] {logging_mixin.py:190} INFO - [2025-06-26T22:43:35.440+0000] {override.py:1900} INFO - Created Permission View: can delete on DAG:dataset_with_extra_from_classic_operator
[2025-06-26T22:43:35.453+0000] {logging_mixin.py:190} INFO - [2025-06-26T22:43:35.453+0000] {override.py:1900} INFO - Created Permission View: can read on DAG Run:dataset_with_extra_from_classic_operator
[2025-06-26T22:43:35.461+0000] {logging_mixin.py:190} INFO - [2025-06-26T22:43:35.461+0000] {override.py:1900} INFO - Created Permission View: can delete on DAG Run:dataset_with_extra_from_classic_operator
[2025-06-26T22:43:35.470+0000] {logging_mixin.py:190} INFO - [2025-06-26T22:43:35.470+0000] {override.py:1900} INFO - Created Permission View: menu access on DAG Run:dataset_with_extra_from_classic_operator
[2025-06-26T22:43:35.480+0000] {logging_mixin.py:190} INFO - [2025-06-26T22:43:35.479+0000] {override.py:1900} INFO - Created Permission View: can create on DAG Run:dataset_with_extra_from_classic_operator
[2025-06-26T22:43:35.501+0000] {logging_mixin.py:190} INFO - [2025-06-26T22:43:35.500+0000] {override.py:1900} INFO - Created Permission View: can read on DAG:dataset_with_extra_by_context
[2025-06-26T22:43:35.510+0000] {logging_mixin.py:190} INFO - [2025-06-26T22:43:35.510+0000] {override.py:1900} INFO - Created Permission View: can edit on DAG:dataset_with_extra_by_context
[2025-06-26T22:43:35.519+0000] {logging_mixin.py:190} INFO - [2025-06-26T22:43:35.518+0000] {override.py:1900} INFO - Created Permission View: can delete on DAG:dataset_with_extra_by_context
[2025-06-26T22:43:35.532+0000] {logging_mixin.py:190} INFO - [2025-06-26T22:43:35.531+0000] {override.py:1900} INFO - Created Permission View: can read on DAG Run:dataset_with_extra_by_context
[2025-06-26T22:43:35.541+0000] {logging_mixin.py:190} INFO - [2025-06-26T22:43:35.541+0000] {override.py:1900} INFO - Created Permission View: can delete on DAG Run:dataset_with_extra_by_context
[2025-06-26T22:43:35.549+0000] {logging_mixin.py:190} INFO - [2025-06-26T22:43:35.548+0000] {override.py:1900} INFO - Created Permission View: menu access on DAG Run:dataset_with_extra_by_context
[2025-06-26T22:43:35.557+0000] {logging_mixin.py:190} INFO - [2025-06-26T22:43:35.557+0000] {override.py:1900} INFO - Created Permission View: can create on DAG Run:dataset_with_extra_by_context
[2025-06-26T22:43:35.575+0000] {logging_mixin.py:190} INFO - [2025-06-26T22:43:35.574+0000] {override.py:1900} INFO - Created Permission View: can read on DAG:dataset_with_extra_by_yield
[2025-06-26T22:43:35.586+0000] {logging_mixin.py:190} INFO - [2025-06-26T22:43:35.586+0000] {override.py:1900} INFO - Created Permission View: can edit on DAG:dataset_with_extra_by_yield
[2025-06-26T22:43:35.595+0000] {logging_mixin.py:190} INFO - [2025-06-26T22:43:35.595+0000] {override.py:1900} INFO - Created Permission View: can delete on DAG:dataset_with_extra_by_yield
[2025-06-26T22:43:35.607+0000] {logging_mixin.py:190} INFO - [2025-06-26T22:43:35.606+0000] {override.py:1900} INFO - Created Permission View: can read on DAG Run:dataset_with_extra_by_yield
[2025-06-26T22:43:35.615+0000] {logging_mixin.py:190} INFO - [2025-06-26T22:43:35.614+0000] {override.py:1900} INFO - Created Permission View: can delete on DAG Run:dataset_with_extra_by_yield
[2025-06-26T22:43:35.624+0000] {logging_mixin.py:190} INFO - [2025-06-26T22:43:35.624+0000] {override.py:1900} INFO - Created Permission View: menu access on DAG Run:dataset_with_extra_by_yield
[2025-06-26T22:43:35.635+0000] {logging_mixin.py:190} INFO - [2025-06-26T22:43:35.635+0000] {override.py:1900} INFO - Created Permission View: can create on DAG Run:dataset_with_extra_by_yield
[2025-06-26T22:43:35.636+0000] {logging_mixin.py:190} INFO - [2025-06-26T22:43:35.636+0000] {dag.py:3239} INFO - Sync 3 DAGs
[2025-06-26T22:43:35.648+0000] {logging_mixin.py:190} INFO - [2025-06-26T22:43:35.648+0000] {dag.py:3262} INFO - Creating ORM DAG for dataset_with_extra_from_classic_operator
[2025-06-26T22:43:35.649+0000] {logging_mixin.py:190} INFO - [2025-06-26T22:43:35.649+0000] {dag.py:3262} INFO - Creating ORM DAG for dataset_with_extra_by_context
[2025-06-26T22:43:35.650+0000] {logging_mixin.py:190} INFO - [2025-06-26T22:43:35.650+0000] {dag.py:3262} INFO - Creating ORM DAG for dataset_with_extra_by_yield
[2025-06-26T22:43:35.658+0000] {logging_mixin.py:190} INFO - [2025-06-26T22:43:35.658+0000] {dag.py:4180} INFO - Setting next_dagrun for dataset_with_extra_by_context to 2025-06-25 00:00:00+00:00, run_after=2025-06-26 00:00:00+00:00
[2025-06-26T22:43:35.660+0000] {logging_mixin.py:190} INFO - [2025-06-26T22:43:35.660+0000] {dag.py:4180} INFO - Setting next_dagrun for dataset_with_extra_by_yield to 2025-06-25 00:00:00+00:00, run_after=2025-06-26 00:00:00+00:00
[2025-06-26T22:43:35.662+0000] {logging_mixin.py:190} INFO - [2025-06-26T22:43:35.661+0000] {dag.py:4180} INFO - Setting next_dagrun for dataset_with_extra_from_classic_operator to 2025-06-25 00:00:00+00:00, run_after=2025-06-26 00:00:00+00:00
[2025-06-26T22:43:35.687+0000] {processor.py:208} INFO - Processing /home/airflow/.local/lib/python3.12/site-packages/airflow/example_dags/example_outlet_event_extra.py took 0.501 seconds
[2025-06-26T22:44:06.010+0000] {processor.py:186} INFO - Started process (PID=162) to work on /home/airflow/.local/lib/python3.12/site-packages/airflow/example_dags/example_outlet_event_extra.py
[2025-06-26T22:44:06.011+0000] {processor.py:914} INFO - Processing file /home/airflow/.local/lib/python3.12/site-packages/airflow/example_dags/example_outlet_event_extra.py for tasks to queue
[2025-06-26T22:44:06.013+0000] {logging_mixin.py:190} INFO - [2025-06-26T22:44:06.013+0000] {dagbag.py:588} INFO - Filling up the DagBag from /home/airflow/.local/lib/python3.12/site-packages/airflow/example_dags/example_outlet_event_extra.py
[2025-06-26T22:44:06.137+0000] {processor.py:925} INFO - DAG(s) 'dataset_with_extra_from_classic_operator', 'dataset_with_extra_by_context', 'dataset_with_extra_by_yield' retrieved from /home/airflow/.local/lib/python3.12/site-packages/airflow/example_dags/example_outlet_event_extra.py
[2025-06-26T22:44:06.159+0000] {logging_mixin.py:190} INFO - [2025-06-26T22:44:06.159+0000] {dag.py:3239} INFO - Sync 3 DAGs
[2025-06-26T22:44:06.183+0000] {logging_mixin.py:190} INFO - [2025-06-26T22:44:06.183+0000] {dag.py:4180} INFO - Setting next_dagrun for dataset_with_extra_by_context to 2025-06-25 00:00:00+00:00, run_after=2025-06-26 00:00:00+00:00
[2025-06-26T22:44:06.188+0000] {logging_mixin.py:190} INFO - [2025-06-26T22:44:06.188+0000] {dag.py:4180} INFO - Setting next_dagrun for dataset_with_extra_by_yield to 2025-06-25 00:00:00+00:00, run_after=2025-06-26 00:00:00+00:00
[2025-06-26T22:44:06.190+0000] {logging_mixin.py:190} INFO - [2025-06-26T22:44:06.190+0000] {dag.py:4180} INFO - Setting next_dagrun for dataset_with_extra_from_classic_operator to 2025-06-25 00:00:00+00:00, run_after=2025-06-26 00:00:00+00:00
[2025-06-26T22:44:06.210+0000] {processor.py:208} INFO - Processing /home/airflow/.local/lib/python3.12/site-packages/airflow/example_dags/example_outlet_event_extra.py took 0.205 seconds
[2025-06-26T22:44:36.537+0000] {processor.py:186} INFO - Started process (PID=224) to work on /home/airflow/.local/lib/python3.12/site-packages/airflow/example_dags/example_outlet_event_extra.py
[2025-06-26T22:44:36.538+0000] {processor.py:914} INFO - Processing file /home/airflow/.local/lib/python3.12/site-packages/airflow/example_dags/example_outlet_event_extra.py for tasks to queue
[2025-06-26T22:44:36.541+0000] {logging_mixin.py:190} INFO - [2025-06-26T22:44:36.540+0000] {dagbag.py:588} INFO - Filling up the DagBag from /home/airflow/.local/lib/python3.12/site-packages/airflow/example_dags/example_outlet_event_extra.py
[2025-06-26T22:44:36.665+0000] {processor.py:925} INFO - DAG(s) 'dataset_with_extra_by_yield', 'dataset_with_extra_from_classic_operator', 'dataset_with_extra_by_context' retrieved from /home/airflow/.local/lib/python3.12/site-packages/airflow/example_dags/example_outlet_event_extra.py
[2025-06-26T22:44:36.690+0000] {logging_mixin.py:190} INFO - [2025-06-26T22:44:36.690+0000] {dag.py:3239} INFO - Sync 3 DAGs
[2025-06-26T22:44:36.714+0000] {logging_mixin.py:190} INFO - [2025-06-26T22:44:36.713+0000] {dag.py:4180} INFO - Setting next_dagrun for dataset_with_extra_by_context to 2025-06-25 00:00:00+00:00, run_after=2025-06-26 00:00:00+00:00
[2025-06-26T22:44:36.718+0000] {logging_mixin.py:190} INFO - [2025-06-26T22:44:36.718+0000] {dag.py:4180} INFO - Setting next_dagrun for dataset_with_extra_by_yield to 2025-06-25 00:00:00+00:00, run_after=2025-06-26 00:00:00+00:00
[2025-06-26T22:44:36.721+0000] {logging_mixin.py:190} INFO - [2025-06-26T22:44:36.721+0000] {dag.py:4180} INFO - Setting next_dagrun for dataset_with_extra_from_classic_operator to 2025-06-25 00:00:00+00:00, run_after=2025-06-26 00:00:00+00:00
[2025-06-26T22:44:36.742+0000] {processor.py:208} INFO - Processing /home/airflow/.local/lib/python3.12/site-packages/airflow/example_dags/example_outlet_event_extra.py took 0.210 seconds
[2025-06-26T22:45:06.925+0000] {processor.py:186} INFO - Started process (PID=286) to work on /home/airflow/.local/lib/python3.12/site-packages/airflow/example_dags/example_outlet_event_extra.py
[2025-06-26T22:45:06.926+0000] {processor.py:914} INFO - Processing file /home/airflow/.local/lib/python3.12/site-packages/airflow/example_dags/example_outlet_event_extra.py for tasks to queue
[2025-06-26T22:45:06.929+0000] {logging_mixin.py:190} INFO - [2025-06-26T22:45:06.929+0000] {dagbag.py:588} INFO - Filling up the DagBag from /home/airflow/.local/lib/python3.12/site-packages/airflow/example_dags/example_outlet_event_extra.py
[2025-06-26T22:45:07.052+0000] {processor.py:925} INFO - DAG(s) 'dataset_with_extra_by_yield', 'dataset_with_extra_from_classic_operator', 'dataset_with_extra_by_context' retrieved from /home/airflow/.local/lib/python3.12/site-packages/airflow/example_dags/example_outlet_event_extra.py
[2025-06-26T22:45:07.076+0000] {logging_mixin.py:190} INFO - [2025-06-26T22:45:07.075+0000] {dag.py:3239} INFO - Sync 3 DAGs
[2025-06-26T22:45:07.101+0000] {logging_mixin.py:190} INFO - [2025-06-26T22:45:07.100+0000] {dag.py:4180} INFO - Setting next_dagrun for dataset_with_extra_by_context to 2025-06-25 00:00:00+00:00, run_after=2025-06-26 00:00:00+00:00
[2025-06-26T22:45:07.106+0000] {logging_mixin.py:190} INFO - [2025-06-26T22:45:07.105+0000] {dag.py:4180} INFO - Setting next_dagrun for dataset_with_extra_by_yield to 2025-06-25 00:00:00+00:00, run_after=2025-06-26 00:00:00+00:00
[2025-06-26T22:45:07.108+0000] {logging_mixin.py:190} INFO - [2025-06-26T22:45:07.108+0000] {dag.py:4180} INFO - Setting next_dagrun for dataset_with_extra_from_classic_operator to 2025-06-25 00:00:00+00:00, run_after=2025-06-26 00:00:00+00:00
[2025-06-26T22:45:07.130+0000] {processor.py:208} INFO - Processing /home/airflow/.local/lib/python3.12/site-packages/airflow/example_dags/example_outlet_event_extra.py took 0.212 seconds
[2025-06-26T22:45:37.245+0000] {processor.py:186} INFO - Started process (PID=348) to work on /home/airflow/.local/lib/python3.12/site-packages/airflow/example_dags/example_outlet_event_extra.py
[2025-06-26T22:45:37.246+0000] {processor.py:914} INFO - Processing file /home/airflow/.local/lib/python3.12/site-packages/airflow/example_dags/example_outlet_event_extra.py for tasks to queue
[2025-06-26T22:45:37.248+0000] {logging_mixin.py:190} INFO - [2025-06-26T22:45:37.247+0000] {dagbag.py:588} INFO - Filling up the DagBag from /home/airflow/.local/lib/python3.12/site-packages/airflow/example_dags/example_outlet_event_extra.py
[2025-06-26T22:45:37.363+0000] {processor.py:925} INFO - DAG(s) 'dataset_with_extra_by_yield', 'dataset_with_extra_from_classic_operator', 'dataset_with_extra_by_context' retrieved from /home/airflow/.local/lib/python3.12/site-packages/airflow/example_dags/example_outlet_event_extra.py
[2025-06-26T22:45:37.384+0000] {logging_mixin.py:190} INFO - [2025-06-26T22:45:37.384+0000] {dag.py:3239} INFO - Sync 3 DAGs
[2025-06-26T22:45:37.405+0000] {logging_mixin.py:190} INFO - [2025-06-26T22:45:37.404+0000] {dag.py:4180} INFO - Setting next_dagrun for dataset_with_extra_by_context to 2025-06-25 00:00:00+00:00, run_after=2025-06-26 00:00:00+00:00
[2025-06-26T22:45:37.409+0000] {logging_mixin.py:190} INFO - [2025-06-26T22:45:37.409+0000] {dag.py:4180} INFO - Setting next_dagrun for dataset_with_extra_by_yield to 2025-06-25 00:00:00+00:00, run_after=2025-06-26 00:00:00+00:00
[2025-06-26T22:45:37.411+0000] {logging_mixin.py:190} INFO - [2025-06-26T22:45:37.411+0000] {dag.py:4180} INFO - Setting next_dagrun for dataset_with_extra_from_classic_operator to 2025-06-25 00:00:00+00:00, run_after=2025-06-26 00:00:00+00:00
[2025-06-26T22:45:37.433+0000] {processor.py:208} INFO - Processing /home/airflow/.local/lib/python3.12/site-packages/airflow/example_dags/example_outlet_event_extra.py took 0.194 seconds
[2025-06-26T22:46:07.751+0000] {processor.py:186} INFO - Started process (PID=411) to work on /home/airflow/.local/lib/python3.12/site-packages/airflow/example_dags/example_outlet_event_extra.py
[2025-06-26T22:46:07.752+0000] {processor.py:914} INFO - Processing file /home/airflow/.local/lib/python3.12/site-packages/airflow/example_dags/example_outlet_event_extra.py for tasks to queue
[2025-06-26T22:46:07.754+0000] {logging_mixin.py:190} INFO - [2025-06-26T22:46:07.754+0000] {dagbag.py:588} INFO - Filling up the DagBag from /home/airflow/.local/lib/python3.12/site-packages/airflow/example_dags/example_outlet_event_extra.py
[2025-06-26T22:46:07.875+0000] {processor.py:925} INFO - DAG(s) 'dataset_with_extra_from_classic_operator', 'dataset_with_extra_by_context', 'dataset_with_extra_by_yield' retrieved from /home/airflow/.local/lib/python3.12/site-packages/airflow/example_dags/example_outlet_event_extra.py
[2025-06-26T22:46:07.907+0000] {logging_mixin.py:190} INFO - [2025-06-26T22:46:07.906+0000] {dag.py:3239} INFO - Sync 3 DAGs
[2025-06-26T22:46:07.935+0000] {logging_mixin.py:190} INFO - [2025-06-26T22:46:07.935+0000] {dag.py:4180} INFO - Setting next_dagrun for dataset_with_extra_by_context to 2025-06-25 00:00:00+00:00, run_after=2025-06-26 00:00:00+00:00
[2025-06-26T22:46:07.941+0000] {logging_mixin.py:190} INFO - [2025-06-26T22:46:07.941+0000] {dag.py:4180} INFO - Setting next_dagrun for dataset_with_extra_by_yield to 2025-06-25 00:00:00+00:00, run_after=2025-06-26 00:00:00+00:00
[2025-06-26T22:46:07.945+0000] {logging_mixin.py:190} INFO - [2025-06-26T22:46:07.945+0000] {dag.py:4180} INFO - Setting next_dagrun for dataset_with_extra_from_classic_operator to 2025-06-25 00:00:00+00:00, run_after=2025-06-26 00:00:00+00:00
[2025-06-26T22:46:07.974+0000] {processor.py:208} INFO - Processing /home/airflow/.local/lib/python3.12/site-packages/airflow/example_dags/example_outlet_event_extra.py took 0.229 seconds
[2025-06-26T22:46:38.316+0000] {processor.py:186} INFO - Started process (PID=472) to work on /home/airflow/.local/lib/python3.12/site-packages/airflow/example_dags/example_outlet_event_extra.py
[2025-06-26T22:46:38.317+0000] {processor.py:914} INFO - Processing file /home/airflow/.local/lib/python3.12/site-packages/airflow/example_dags/example_outlet_event_extra.py for tasks to queue
[2025-06-26T22:46:38.320+0000] {logging_mixin.py:190} INFO - [2025-06-26T22:46:38.320+0000] {dagbag.py:588} INFO - Filling up the DagBag from /home/airflow/.local/lib/python3.12/site-packages/airflow/example_dags/example_outlet_event_extra.py
[2025-06-26T22:46:38.470+0000] {processor.py:925} INFO - DAG(s) 'dataset_with_extra_by_context', 'dataset_with_extra_from_classic_operator', 'dataset_with_extra_by_yield' retrieved from /home/airflow/.local/lib/python3.12/site-packages/airflow/example_dags/example_outlet_event_extra.py
[2025-06-26T22:46:38.508+0000] {logging_mixin.py:190} INFO - [2025-06-26T22:46:38.508+0000] {dag.py:3239} INFO - Sync 3 DAGs
[2025-06-26T22:46:38.539+0000] {logging_mixin.py:190} INFO - [2025-06-26T22:46:38.539+0000] {dag.py:4180} INFO - Setting next_dagrun for dataset_with_extra_by_context to 2025-06-25 00:00:00+00:00, run_after=2025-06-26 00:00:00+00:00
[2025-06-26T22:46:38.547+0000] {logging_mixin.py:190} INFO - [2025-06-26T22:46:38.546+0000] {dag.py:4180} INFO - Setting next_dagrun for dataset_with_extra_by_yield to 2025-06-25 00:00:00+00:00, run_after=2025-06-26 00:00:00+00:00
[2025-06-26T22:46:38.551+0000] {logging_mixin.py:190} INFO - [2025-06-26T22:46:38.551+0000] {dag.py:4180} INFO - Setting next_dagrun for dataset_with_extra_from_classic_operator to 2025-06-25 00:00:00+00:00, run_after=2025-06-26 00:00:00+00:00
[2025-06-26T22:46:38.584+0000] {processor.py:208} INFO - Processing /home/airflow/.local/lib/python3.12/site-packages/airflow/example_dags/example_outlet_event_extra.py took 0.274 seconds
[2025-06-26T22:47:08.689+0000] {processor.py:186} INFO - Started process (PID=534) to work on /home/airflow/.local/lib/python3.12/site-packages/airflow/example_dags/example_outlet_event_extra.py
[2025-06-26T22:47:08.690+0000] {processor.py:914} INFO - Processing file /home/airflow/.local/lib/python3.12/site-packages/airflow/example_dags/example_outlet_event_extra.py for tasks to queue
[2025-06-26T22:47:08.692+0000] {logging_mixin.py:190} INFO - [2025-06-26T22:47:08.692+0000] {dagbag.py:588} INFO - Filling up the DagBag from /home/airflow/.local/lib/python3.12/site-packages/airflow/example_dags/example_outlet_event_extra.py
[2025-06-26T22:47:08.827+0000] {processor.py:925} INFO - DAG(s) 'dataset_with_extra_by_context', 'dataset_with_extra_from_classic_operator', 'dataset_with_extra_by_yield' retrieved from /home/airflow/.local/lib/python3.12/site-packages/airflow/example_dags/example_outlet_event_extra.py
[2025-06-26T22:47:08.850+0000] {logging_mixin.py:190} INFO - [2025-06-26T22:47:08.849+0000] {dag.py:3239} INFO - Sync 3 DAGs
[2025-06-26T22:47:08.874+0000] {logging_mixin.py:190} INFO - [2025-06-26T22:47:08.873+0000] {dag.py:4180} INFO - Setting next_dagrun for dataset_with_extra_by_context to 2025-06-25 00:00:00+00:00, run_after=2025-06-26 00:00:00+00:00
[2025-06-26T22:47:08.878+0000] {logging_mixin.py:190} INFO - [2025-06-26T22:47:08.878+0000] {dag.py:4180} INFO - Setting next_dagrun for dataset_with_extra_by_yield to 2025-06-25 00:00:00+00:00, run_after=2025-06-26 00:00:00+00:00
[2025-06-26T22:47:08.880+0000] {logging_mixin.py:190} INFO - [2025-06-26T22:47:08.880+0000] {dag.py:4180} INFO - Setting next_dagrun for dataset_with_extra_from_classic_operator to 2025-06-25 00:00:00+00:00, run_after=2025-06-26 00:00:00+00:00
[2025-06-26T22:47:08.901+0000] {processor.py:208} INFO - Processing /home/airflow/.local/lib/python3.12/site-packages/airflow/example_dags/example_outlet_event_extra.py took 0.217 seconds
[2025-06-26T22:47:39.137+0000] {processor.py:186} INFO - Started process (PID=596) to work on /home/airflow/.local/lib/python3.12/site-packages/airflow/example_dags/example_outlet_event_extra.py
[2025-06-26T22:47:39.138+0000] {processor.py:914} INFO - Processing file /home/airflow/.local/lib/python3.12/site-packages/airflow/example_dags/example_outlet_event_extra.py for tasks to queue
[2025-06-26T22:47:39.140+0000] {logging_mixin.py:190} INFO - [2025-06-26T22:47:39.140+0000] {dagbag.py:588} INFO - Filling up the DagBag from /home/airflow/.local/lib/python3.12/site-packages/airflow/example_dags/example_outlet_event_extra.py
[2025-06-26T22:47:39.257+0000] {processor.py:925} INFO - DAG(s) 'dataset_with_extra_by_context', 'dataset_with_extra_by_yield', 'dataset_with_extra_from_classic_operator' retrieved from /home/airflow/.local/lib/python3.12/site-packages/airflow/example_dags/example_outlet_event_extra.py
[2025-06-26T22:47:39.280+0000] {logging_mixin.py:190} INFO - [2025-06-26T22:47:39.280+0000] {dag.py:3239} INFO - Sync 3 DAGs
[2025-06-26T22:47:39.300+0000] {logging_mixin.py:190} INFO - [2025-06-26T22:47:39.299+0000] {dag.py:4180} INFO - Setting next_dagrun for dataset_with_extra_by_context to 2025-06-25 00:00:00+00:00, run_after=2025-06-26 00:00:00+00:00
[2025-06-26T22:47:39.305+0000] {logging_mixin.py:190} INFO - [2025-06-26T22:47:39.304+0000] {dag.py:4180} INFO - Setting next_dagrun for dataset_with_extra_by_yield to 2025-06-25 00:00:00+00:00, run_after=2025-06-26 00:00:00+00:00
[2025-06-26T22:47:39.307+0000] {logging_mixin.py:190} INFO - [2025-06-26T22:47:39.307+0000] {dag.py:4180} INFO - Setting next_dagrun for dataset_with_extra_from_classic_operator to 2025-06-25 00:00:00+00:00, run_after=2025-06-26 00:00:00+00:00
[2025-06-26T22:47:39.327+0000] {processor.py:208} INFO - Processing /home/airflow/.local/lib/python3.12/site-packages/airflow/example_dags/example_outlet_event_extra.py took 0.195 seconds
[2025-06-26T22:48:09.461+0000] {processor.py:186} INFO - Started process (PID=658) to work on /home/airflow/.local/lib/python3.12/site-packages/airflow/example_dags/example_outlet_event_extra.py
[2025-06-26T22:48:09.463+0000] {processor.py:914} INFO - Processing file /home/airflow/.local/lib/python3.12/site-packages/airflow/example_dags/example_outlet_event_extra.py for tasks to queue
[2025-06-26T22:48:09.466+0000] {logging_mixin.py:190} INFO - [2025-06-26T22:48:09.465+0000] {dagbag.py:588} INFO - Filling up the DagBag from /home/airflow/.local/lib/python3.12/site-packages/airflow/example_dags/example_outlet_event_extra.py
[2025-06-26T22:48:09.591+0000] {processor.py:925} INFO - DAG(s) 'dataset_with_extra_from_classic_operator', 'dataset_with_extra_by_context', 'dataset_with_extra_by_yield' retrieved from /home/airflow/.local/lib/python3.12/site-packages/airflow/example_dags/example_outlet_event_extra.py
[2025-06-26T22:48:09.614+0000] {logging_mixin.py:190} INFO - [2025-06-26T22:48:09.614+0000] {dag.py:3239} INFO - Sync 3 DAGs
[2025-06-26T22:48:09.638+0000] {logging_mixin.py:190} INFO - [2025-06-26T22:48:09.637+0000] {dag.py:4180} INFO - Setting next_dagrun for dataset_with_extra_by_context to 2025-06-25 00:00:00+00:00, run_after=2025-06-26 00:00:00+00:00
[2025-06-26T22:48:09.641+0000] {logging_mixin.py:190} INFO - [2025-06-26T22:48:09.641+0000] {dag.py:4180} INFO - Setting next_dagrun for dataset_with_extra_by_yield to 2025-06-25 00:00:00+00:00, run_after=2025-06-26 00:00:00+00:00
[2025-06-26T22:48:09.643+0000] {logging_mixin.py:190} INFO - [2025-06-26T22:48:09.643+0000] {dag.py:4180} INFO - Setting next_dagrun for dataset_with_extra_from_classic_operator to 2025-06-25 00:00:00+00:00, run_after=2025-06-26 00:00:00+00:00
[2025-06-26T22:48:09.661+0000] {processor.py:208} INFO - Processing /home/airflow/.local/lib/python3.12/site-packages/airflow/example_dags/example_outlet_event_extra.py took 0.206 seconds
[2025-06-26T22:48:39.772+0000] {processor.py:186} INFO - Started process (PID=720) to work on /home/airflow/.local/lib/python3.12/site-packages/airflow/example_dags/example_outlet_event_extra.py
[2025-06-26T22:48:39.773+0000] {processor.py:914} INFO - Processing file /home/airflow/.local/lib/python3.12/site-packages/airflow/example_dags/example_outlet_event_extra.py for tasks to queue
[2025-06-26T22:48:39.776+0000] {logging_mixin.py:190} INFO - [2025-06-26T22:48:39.775+0000] {dagbag.py:588} INFO - Filling up the DagBag from /home/airflow/.local/lib/python3.12/site-packages/airflow/example_dags/example_outlet_event_extra.py
[2025-06-26T22:48:39.902+0000] {processor.py:925} INFO - DAG(s) 'dataset_with_extra_by_context', 'dataset_with_extra_from_classic_operator', 'dataset_with_extra_by_yield' retrieved from /home/airflow/.local/lib/python3.12/site-packages/airflow/example_dags/example_outlet_event_extra.py
[2025-06-26T22:48:39.926+0000] {logging_mixin.py:190} INFO - [2025-06-26T22:48:39.926+0000] {dag.py:3239} INFO - Sync 3 DAGs
[2025-06-26T22:48:39.950+0000] {logging_mixin.py:190} INFO - [2025-06-26T22:48:39.950+0000] {dag.py:4180} INFO - Setting next_dagrun for dataset_with_extra_by_context to 2025-06-25 00:00:00+00:00, run_after=2025-06-26 00:00:00+00:00
[2025-06-26T22:48:39.954+0000] {logging_mixin.py:190} INFO - [2025-06-26T22:48:39.954+0000] {dag.py:4180} INFO - Setting next_dagrun for dataset_with_extra_by_yield to 2025-06-25 00:00:00+00:00, run_after=2025-06-26 00:00:00+00:00
[2025-06-26T22:48:39.958+0000] {logging_mixin.py:190} INFO - [2025-06-26T22:48:39.958+0000] {dag.py:4180} INFO - Setting next_dagrun for dataset_with_extra_from_classic_operator to 2025-06-25 00:00:00+00:00, run_after=2025-06-26 00:00:00+00:00
[2025-06-26T22:48:39.981+0000] {processor.py:208} INFO - Processing /home/airflow/.local/lib/python3.12/site-packages/airflow/example_dags/example_outlet_event_extra.py took 0.214 seconds
[2025-06-26T22:49:10.086+0000] {processor.py:186} INFO - Started process (PID=782) to work on /home/airflow/.local/lib/python3.12/site-packages/airflow/example_dags/example_outlet_event_extra.py
[2025-06-26T22:49:10.087+0000] {processor.py:914} INFO - Processing file /home/airflow/.local/lib/python3.12/site-packages/airflow/example_dags/example_outlet_event_extra.py for tasks to queue
[2025-06-26T22:49:10.089+0000] {logging_mixin.py:190} INFO - [2025-06-26T22:49:10.089+0000] {dagbag.py:588} INFO - Filling up the DagBag from /home/airflow/.local/lib/python3.12/site-packages/airflow/example_dags/example_outlet_event_extra.py
[2025-06-26T22:49:10.220+0000] {processor.py:925} INFO - DAG(s) 'dataset_with_extra_by_context', 'dataset_with_extra_from_classic_operator', 'dataset_with_extra_by_yield' retrieved from /home/airflow/.local/lib/python3.12/site-packages/airflow/example_dags/example_outlet_event_extra.py
[2025-06-26T22:49:10.243+0000] {logging_mixin.py:190} INFO - [2025-06-26T22:49:10.243+0000] {dag.py:3239} INFO - Sync 3 DAGs
[2025-06-26T22:49:10.264+0000] {logging_mixin.py:190} INFO - [2025-06-26T22:49:10.264+0000] {dag.py:4180} INFO - Setting next_dagrun for dataset_with_extra_by_context to 2025-06-25 00:00:00+00:00, run_after=2025-06-26 00:00:00+00:00
[2025-06-26T22:49:10.268+0000] {logging_mixin.py:190} INFO - [2025-06-26T22:49:10.268+0000] {dag.py:4180} INFO - Setting next_dagrun for dataset_with_extra_by_yield to 2025-06-25 00:00:00+00:00, run_after=2025-06-26 00:00:00+00:00
[2025-06-26T22:49:10.271+0000] {logging_mixin.py:190} INFO - [2025-06-26T22:49:10.271+0000] {dag.py:4180} INFO - Setting next_dagrun for dataset_with_extra_from_classic_operator to 2025-06-25 00:00:00+00:00, run_after=2025-06-26 00:00:00+00:00
[2025-06-26T22:49:10.295+0000] {processor.py:208} INFO - Processing /home/airflow/.local/lib/python3.12/site-packages/airflow/example_dags/example_outlet_event_extra.py took 0.215 seconds
[2025-06-26T22:49:40.455+0000] {processor.py:186} INFO - Started process (PID=844) to work on /home/airflow/.local/lib/python3.12/site-packages/airflow/example_dags/example_outlet_event_extra.py
[2025-06-26T22:49:40.456+0000] {processor.py:914} INFO - Processing file /home/airflow/.local/lib/python3.12/site-packages/airflow/example_dags/example_outlet_event_extra.py for tasks to queue
[2025-06-26T22:49:40.459+0000] {logging_mixin.py:190} INFO - [2025-06-26T22:49:40.458+0000] {dagbag.py:588} INFO - Filling up the DagBag from /home/airflow/.local/lib/python3.12/site-packages/airflow/example_dags/example_outlet_event_extra.py
[2025-06-26T22:49:40.584+0000] {processor.py:925} INFO - DAG(s) 'dataset_with_extra_by_yield', 'dataset_with_extra_from_classic_operator', 'dataset_with_extra_by_context' retrieved from /home/airflow/.local/lib/python3.12/site-packages/airflow/example_dags/example_outlet_event_extra.py
[2025-06-26T22:49:40.606+0000] {logging_mixin.py:190} INFO - [2025-06-26T22:49:40.606+0000] {dag.py:3239} INFO - Sync 3 DAGs
[2025-06-26T22:49:40.629+0000] {logging_mixin.py:190} INFO - [2025-06-26T22:49:40.629+0000] {dag.py:4180} INFO - Setting next_dagrun for dataset_with_extra_by_context to 2025-06-25 00:00:00+00:00, run_after=2025-06-26 00:00:00+00:00
[2025-06-26T22:49:40.634+0000] {logging_mixin.py:190} INFO - [2025-06-26T22:49:40.634+0000] {dag.py:4180} INFO - Setting next_dagrun for dataset_with_extra_by_yield to 2025-06-25 00:00:00+00:00, run_after=2025-06-26 00:00:00+00:00
[2025-06-26T22:49:40.636+0000] {logging_mixin.py:190} INFO - [2025-06-26T22:49:40.636+0000] {dag.py:4180} INFO - Setting next_dagrun for dataset_with_extra_from_classic_operator to 2025-06-25 00:00:00+00:00, run_after=2025-06-26 00:00:00+00:00
[2025-06-26T22:49:40.657+0000] {processor.py:208} INFO - Processing /home/airflow/.local/lib/python3.12/site-packages/airflow/example_dags/example_outlet_event_extra.py took 0.207 seconds
[2025-06-26T22:50:10.907+0000] {processor.py:186} INFO - Started process (PID=906) to work on /home/airflow/.local/lib/python3.12/site-packages/airflow/example_dags/example_outlet_event_extra.py
[2025-06-26T22:50:10.909+0000] {processor.py:914} INFO - Processing file /home/airflow/.local/lib/python3.12/site-packages/airflow/example_dags/example_outlet_event_extra.py for tasks to queue
[2025-06-26T22:50:10.911+0000] {logging_mixin.py:190} INFO - [2025-06-26T22:50:10.911+0000] {dagbag.py:588} INFO - Filling up the DagBag from /home/airflow/.local/lib/python3.12/site-packages/airflow/example_dags/example_outlet_event_extra.py
[2025-06-26T22:50:11.030+0000] {processor.py:925} INFO - DAG(s) 'dataset_with_extra_by_context', 'dataset_with_extra_from_classic_operator', 'dataset_with_extra_by_yield' retrieved from /home/airflow/.local/lib/python3.12/site-packages/airflow/example_dags/example_outlet_event_extra.py
[2025-06-26T22:50:11.053+0000] {logging_mixin.py:190} INFO - [2025-06-26T22:50:11.053+0000] {dag.py:3239} INFO - Sync 3 DAGs
[2025-06-26T22:50:11.074+0000] {logging_mixin.py:190} INFO - [2025-06-26T22:50:11.074+0000] {dag.py:4180} INFO - Setting next_dagrun for dataset_with_extra_by_context to 2025-06-25 00:00:00+00:00, run_after=2025-06-26 00:00:00+00:00
[2025-06-26T22:50:11.079+0000] {logging_mixin.py:190} INFO - [2025-06-26T22:50:11.079+0000] {dag.py:4180} INFO - Setting next_dagrun for dataset_with_extra_by_yield to 2025-06-25 00:00:00+00:00, run_after=2025-06-26 00:00:00+00:00
[2025-06-26T22:50:11.082+0000] {logging_mixin.py:190} INFO - [2025-06-26T22:50:11.082+0000] {dag.py:4180} INFO - Setting next_dagrun for dataset_with_extra_from_classic_operator to 2025-06-25 00:00:00+00:00, run_after=2025-06-26 00:00:00+00:00
[2025-06-26T22:50:11.102+0000] {processor.py:208} INFO - Processing /home/airflow/.local/lib/python3.12/site-packages/airflow/example_dags/example_outlet_event_extra.py took 0.201 seconds
[2025-06-26T22:50:41.249+0000] {processor.py:186} INFO - Started process (PID=967) to work on /home/airflow/.local/lib/python3.12/site-packages/airflow/example_dags/example_outlet_event_extra.py
[2025-06-26T22:50:41.250+0000] {processor.py:914} INFO - Processing file /home/airflow/.local/lib/python3.12/site-packages/airflow/example_dags/example_outlet_event_extra.py for tasks to queue
[2025-06-26T22:50:41.253+0000] {logging_mixin.py:190} INFO - [2025-06-26T22:50:41.253+0000] {dagbag.py:588} INFO - Filling up the DagBag from /home/airflow/.local/lib/python3.12/site-packages/airflow/example_dags/example_outlet_event_extra.py
[2025-06-26T22:50:41.382+0000] {processor.py:925} INFO - DAG(s) 'dataset_with_extra_by_yield', 'dataset_with_extra_from_classic_operator', 'dataset_with_extra_by_context' retrieved from /home/airflow/.local/lib/python3.12/site-packages/airflow/example_dags/example_outlet_event_extra.py
[2025-06-26T22:50:41.407+0000] {logging_mixin.py:190} INFO - [2025-06-26T22:50:41.407+0000] {dag.py:3239} INFO - Sync 3 DAGs
[2025-06-26T22:50:41.429+0000] {logging_mixin.py:190} INFO - [2025-06-26T22:50:41.429+0000] {dag.py:4180} INFO - Setting next_dagrun for dataset_with_extra_by_context to 2025-06-25 00:00:00+00:00, run_after=2025-06-26 00:00:00+00:00
[2025-06-26T22:50:41.434+0000] {logging_mixin.py:190} INFO - [2025-06-26T22:50:41.434+0000] {dag.py:4180} INFO - Setting next_dagrun for dataset_with_extra_by_yield to 2025-06-25 00:00:00+00:00, run_after=2025-06-26 00:00:00+00:00
[2025-06-26T22:50:41.436+0000] {logging_mixin.py:190} INFO - [2025-06-26T22:50:41.436+0000] {dag.py:4180} INFO - Setting next_dagrun for dataset_with_extra_from_classic_operator to 2025-06-25 00:00:00+00:00, run_after=2025-06-26 00:00:00+00:00
[2025-06-26T22:50:41.464+0000] {processor.py:208} INFO - Processing /home/airflow/.local/lib/python3.12/site-packages/airflow/example_dags/example_outlet_event_extra.py took 0.221 seconds
[2025-06-26T22:51:11.837+0000] {processor.py:186} INFO - Started process (PID=1029) to work on /home/airflow/.local/lib/python3.12/site-packages/airflow/example_dags/example_outlet_event_extra.py
[2025-06-26T22:51:11.838+0000] {processor.py:914} INFO - Processing file /home/airflow/.local/lib/python3.12/site-packages/airflow/example_dags/example_outlet_event_extra.py for tasks to queue
[2025-06-26T22:51:11.840+0000] {logging_mixin.py:190} INFO - [2025-06-26T22:51:11.840+0000] {dagbag.py:588} INFO - Filling up the DagBag from /home/airflow/.local/lib/python3.12/site-packages/airflow/example_dags/example_outlet_event_extra.py
[2025-06-26T22:51:11.959+0000] {processor.py:925} INFO - DAG(s) 'dataset_with_extra_from_classic_operator', 'dataset_with_extra_by_yield', 'dataset_with_extra_by_context' retrieved from /home/airflow/.local/lib/python3.12/site-packages/airflow/example_dags/example_outlet_event_extra.py
[2025-06-26T22:51:11.979+0000] {logging_mixin.py:190} INFO - [2025-06-26T22:51:11.979+0000] {dag.py:3239} INFO - Sync 3 DAGs
[2025-06-26T22:51:12.000+0000] {logging_mixin.py:190} INFO - [2025-06-26T22:51:12.000+0000] {dag.py:4180} INFO - Setting next_dagrun for dataset_with_extra_by_context to 2025-06-25 00:00:00+00:00, run_after=2025-06-26 00:00:00+00:00
[2025-06-26T22:51:12.004+0000] {logging_mixin.py:190} INFO - [2025-06-26T22:51:12.004+0000] {dag.py:4180} INFO - Setting next_dagrun for dataset_with_extra_by_yield to 2025-06-25 00:00:00+00:00, run_after=2025-06-26 00:00:00+00:00
[2025-06-26T22:51:12.006+0000] {logging_mixin.py:190} INFO - [2025-06-26T22:51:12.006+0000] {dag.py:4180} INFO - Setting next_dagrun for dataset_with_extra_from_classic_operator to 2025-06-25 00:00:00+00:00, run_after=2025-06-26 00:00:00+00:00
[2025-06-26T22:51:12.024+0000] {processor.py:208} INFO - Processing /home/airflow/.local/lib/python3.12/site-packages/airflow/example_dags/example_outlet_event_extra.py took 0.192 seconds
[2025-06-26T22:51:42.219+0000] {processor.py:186} INFO - Started process (PID=1091) to work on /home/airflow/.local/lib/python3.12/site-packages/airflow/example_dags/example_outlet_event_extra.py
[2025-06-26T22:51:42.220+0000] {processor.py:914} INFO - Processing file /home/airflow/.local/lib/python3.12/site-packages/airflow/example_dags/example_outlet_event_extra.py for tasks to queue
[2025-06-26T22:51:42.222+0000] {logging_mixin.py:190} INFO - [2025-06-26T22:51:42.222+0000] {dagbag.py:588} INFO - Filling up the DagBag from /home/airflow/.local/lib/python3.12/site-packages/airflow/example_dags/example_outlet_event_extra.py
[2025-06-26T22:51:42.350+0000] {processor.py:925} INFO - DAG(s) 'dataset_with_extra_by_yield', 'dataset_with_extra_from_classic_operator', 'dataset_with_extra_by_context' retrieved from /home/airflow/.local/lib/python3.12/site-packages/airflow/example_dags/example_outlet_event_extra.py
[2025-06-26T22:51:42.375+0000] {logging_mixin.py:190} INFO - [2025-06-26T22:51:42.375+0000] {dag.py:3239} INFO - Sync 3 DAGs
[2025-06-26T22:51:42.397+0000] {logging_mixin.py:190} INFO - [2025-06-26T22:51:42.397+0000] {dag.py:4180} INFO - Setting next_dagrun for dataset_with_extra_by_context to 2025-06-25 00:00:00+00:00, run_after=2025-06-26 00:00:00+00:00
[2025-06-26T22:51:42.402+0000] {logging_mixin.py:190} INFO - [2025-06-26T22:51:42.401+0000] {dag.py:4180} INFO - Setting next_dagrun for dataset_with_extra_by_yield to 2025-06-25 00:00:00+00:00, run_after=2025-06-26 00:00:00+00:00
[2025-06-26T22:51:42.404+0000] {logging_mixin.py:190} INFO - [2025-06-26T22:51:42.404+0000] {dag.py:4180} INFO - Setting next_dagrun for dataset_with_extra_from_classic_operator to 2025-06-25 00:00:00+00:00, run_after=2025-06-26 00:00:00+00:00
[2025-06-26T22:51:42.426+0000] {processor.py:208} INFO - Processing /home/airflow/.local/lib/python3.12/site-packages/airflow/example_dags/example_outlet_event_extra.py took 0.213 seconds
[2025-06-26T22:52:12.535+0000] {processor.py:186} INFO - Started process (PID=1153) to work on /home/airflow/.local/lib/python3.12/site-packages/airflow/example_dags/example_outlet_event_extra.py
[2025-06-26T22:52:12.537+0000] {processor.py:914} INFO - Processing file /home/airflow/.local/lib/python3.12/site-packages/airflow/example_dags/example_outlet_event_extra.py for tasks to queue
[2025-06-26T22:52:12.539+0000] {logging_mixin.py:190} INFO - [2025-06-26T22:52:12.539+0000] {dagbag.py:588} INFO - Filling up the DagBag from /home/airflow/.local/lib/python3.12/site-packages/airflow/example_dags/example_outlet_event_extra.py
[2025-06-26T22:52:12.655+0000] {processor.py:925} INFO - DAG(s) 'dataset_with_extra_from_classic_operator', 'dataset_with_extra_by_yield', 'dataset_with_extra_by_context' retrieved from /home/airflow/.local/lib/python3.12/site-packages/airflow/example_dags/example_outlet_event_extra.py
[2025-06-26T22:52:12.677+0000] {logging_mixin.py:190} INFO - [2025-06-26T22:52:12.677+0000] {dag.py:3239} INFO - Sync 3 DAGs
[2025-06-26T22:52:12.699+0000] {logging_mixin.py:190} INFO - [2025-06-26T22:52:12.699+0000] {dag.py:4180} INFO - Setting next_dagrun for dataset_with_extra_by_context to 2025-06-25 00:00:00+00:00, run_after=2025-06-26 00:00:00+00:00
[2025-06-26T22:52:12.703+0000] {logging_mixin.py:190} INFO - [2025-06-26T22:52:12.703+0000] {dag.py:4180} INFO - Setting next_dagrun for dataset_with_extra_by_yield to 2025-06-25 00:00:00+00:00, run_after=2025-06-26 00:00:00+00:00
[2025-06-26T22:52:12.706+0000] {logging_mixin.py:190} INFO - [2025-06-26T22:52:12.706+0000] {dag.py:4180} INFO - Setting next_dagrun for dataset_with_extra_from_classic_operator to 2025-06-25 00:00:00+00:00, run_after=2025-06-26 00:00:00+00:00
[2025-06-26T22:52:12.728+0000] {processor.py:208} INFO - Processing /home/airflow/.local/lib/python3.12/site-packages/airflow/example_dags/example_outlet_event_extra.py took 0.198 seconds
[2025-06-26T22:52:43.405+0000] {processor.py:186} INFO - Started process (PID=1215) to work on /home/airflow/.local/lib/python3.12/site-packages/airflow/example_dags/example_outlet_event_extra.py
[2025-06-26T22:52:43.406+0000] {processor.py:914} INFO - Processing file /home/airflow/.local/lib/python3.12/site-packages/airflow/example_dags/example_outlet_event_extra.py for tasks to queue
[2025-06-26T22:52:43.409+0000] {logging_mixin.py:190} INFO - [2025-06-26T22:52:43.408+0000] {dagbag.py:588} INFO - Filling up the DagBag from /home/airflow/.local/lib/python3.12/site-packages/airflow/example_dags/example_outlet_event_extra.py
[2025-06-26T22:52:43.534+0000] {processor.py:925} INFO - DAG(s) 'dataset_with_extra_from_classic_operator', 'dataset_with_extra_by_context', 'dataset_with_extra_by_yield' retrieved from /home/airflow/.local/lib/python3.12/site-packages/airflow/example_dags/example_outlet_event_extra.py
[2025-06-26T22:52:43.559+0000] {logging_mixin.py:190} INFO - [2025-06-26T22:52:43.559+0000] {dag.py:3239} INFO - Sync 3 DAGs
[2025-06-26T22:52:43.585+0000] {logging_mixin.py:190} INFO - [2025-06-26T22:52:43.584+0000] {dag.py:4180} INFO - Setting next_dagrun for dataset_with_extra_by_context to 2025-06-25 00:00:00+00:00, run_after=2025-06-26 00:00:00+00:00
[2025-06-26T22:52:43.589+0000] {logging_mixin.py:190} INFO - [2025-06-26T22:52:43.589+0000] {dag.py:4180} INFO - Setting next_dagrun for dataset_with_extra_by_yield to 2025-06-25 00:00:00+00:00, run_after=2025-06-26 00:00:00+00:00
[2025-06-26T22:52:43.592+0000] {logging_mixin.py:190} INFO - [2025-06-26T22:52:43.591+0000] {dag.py:4180} INFO - Setting next_dagrun for dataset_with_extra_from_classic_operator to 2025-06-25 00:00:00+00:00, run_after=2025-06-26 00:00:00+00:00
[2025-06-26T22:52:43.613+0000] {processor.py:208} INFO - Processing /home/airflow/.local/lib/python3.12/site-packages/airflow/example_dags/example_outlet_event_extra.py took 0.215 seconds
[2025-06-26T22:53:13.869+0000] {processor.py:186} INFO - Started process (PID=1277) to work on /home/airflow/.local/lib/python3.12/site-packages/airflow/example_dags/example_outlet_event_extra.py
[2025-06-26T22:53:13.870+0000] {processor.py:914} INFO - Processing file /home/airflow/.local/lib/python3.12/site-packages/airflow/example_dags/example_outlet_event_extra.py for tasks to queue
[2025-06-26T22:53:13.873+0000] {logging_mixin.py:190} INFO - [2025-06-26T22:53:13.873+0000] {dagbag.py:588} INFO - Filling up the DagBag from /home/airflow/.local/lib/python3.12/site-packages/airflow/example_dags/example_outlet_event_extra.py
[2025-06-26T22:53:14.017+0000] {processor.py:925} INFO - DAG(s) 'dataset_with_extra_from_classic_operator', 'dataset_with_extra_by_yield', 'dataset_with_extra_by_context' retrieved from /home/airflow/.local/lib/python3.12/site-packages/airflow/example_dags/example_outlet_event_extra.py
[2025-06-26T22:53:14.051+0000] {logging_mixin.py:190} INFO - [2025-06-26T22:53:14.051+0000] {dag.py:3239} INFO - Sync 3 DAGs
[2025-06-26T22:53:14.077+0000] {logging_mixin.py:190} INFO - [2025-06-26T22:53:14.077+0000] {dag.py:4180} INFO - Setting next_dagrun for dataset_with_extra_by_context to 2025-06-25 00:00:00+00:00, run_after=2025-06-26 00:00:00+00:00
[2025-06-26T22:53:14.082+0000] {logging_mixin.py:190} INFO - [2025-06-26T22:53:14.082+0000] {dag.py:4180} INFO - Setting next_dagrun for dataset_with_extra_by_yield to 2025-06-25 00:00:00+00:00, run_after=2025-06-26 00:00:00+00:00
[2025-06-26T22:53:14.084+0000] {logging_mixin.py:190} INFO - [2025-06-26T22:53:14.084+0000] {dag.py:4180} INFO - Setting next_dagrun for dataset_with_extra_from_classic_operator to 2025-06-25 00:00:00+00:00, run_after=2025-06-26 00:00:00+00:00
[2025-06-26T22:53:14.110+0000] {processor.py:208} INFO - Processing /home/airflow/.local/lib/python3.12/site-packages/airflow/example_dags/example_outlet_event_extra.py took 0.247 seconds
[2025-06-26T22:53:44.198+0000] {processor.py:186} INFO - Started process (PID=1339) to work on /home/airflow/.local/lib/python3.12/site-packages/airflow/example_dags/example_outlet_event_extra.py
[2025-06-26T22:53:44.198+0000] {processor.py:914} INFO - Processing file /home/airflow/.local/lib/python3.12/site-packages/airflow/example_dags/example_outlet_event_extra.py for tasks to queue
[2025-06-26T22:53:44.201+0000] {logging_mixin.py:190} INFO - [2025-06-26T22:53:44.201+0000] {dagbag.py:588} INFO - Filling up the DagBag from /home/airflow/.local/lib/python3.12/site-packages/airflow/example_dags/example_outlet_event_extra.py
[2025-06-26T22:53:44.327+0000] {processor.py:925} INFO - DAG(s) 'dataset_with_extra_by_yield', 'dataset_with_extra_by_context', 'dataset_with_extra_from_classic_operator' retrieved from /home/airflow/.local/lib/python3.12/site-packages/airflow/example_dags/example_outlet_event_extra.py
[2025-06-26T22:53:44.350+0000] {logging_mixin.py:190} INFO - [2025-06-26T22:53:44.349+0000] {dag.py:3239} INFO - Sync 3 DAGs
[2025-06-26T22:53:44.370+0000] {logging_mixin.py:190} INFO - [2025-06-26T22:53:44.369+0000] {dag.py:4180} INFO - Setting next_dagrun for dataset_with_extra_by_context to 2025-06-25 00:00:00+00:00, run_after=2025-06-26 00:00:00+00:00
[2025-06-26T22:53:44.374+0000] {logging_mixin.py:190} INFO - [2025-06-26T22:53:44.374+0000] {dag.py:4180} INFO - Setting next_dagrun for dataset_with_extra_by_yield to 2025-06-25 00:00:00+00:00, run_after=2025-06-26 00:00:00+00:00
[2025-06-26T22:53:44.376+0000] {logging_mixin.py:190} INFO - [2025-06-26T22:53:44.376+0000] {dag.py:4180} INFO - Setting next_dagrun for dataset_with_extra_from_classic_operator to 2025-06-25 00:00:00+00:00, run_after=2025-06-26 00:00:00+00:00
[2025-06-26T22:53:44.398+0000] {processor.py:208} INFO - Processing /home/airflow/.local/lib/python3.12/site-packages/airflow/example_dags/example_outlet_event_extra.py took 0.206 seconds
[2025-06-26T22:54:14.600+0000] {processor.py:186} INFO - Started process (PID=1401) to work on /home/airflow/.local/lib/python3.12/site-packages/airflow/example_dags/example_outlet_event_extra.py
[2025-06-26T22:54:14.601+0000] {processor.py:914} INFO - Processing file /home/airflow/.local/lib/python3.12/site-packages/airflow/example_dags/example_outlet_event_extra.py for tasks to queue
[2025-06-26T22:54:14.604+0000] {logging_mixin.py:190} INFO - [2025-06-26T22:54:14.603+0000] {dagbag.py:588} INFO - Filling up the DagBag from /home/airflow/.local/lib/python3.12/site-packages/airflow/example_dags/example_outlet_event_extra.py
[2025-06-26T22:54:14.753+0000] {processor.py:925} INFO - DAG(s) 'dataset_with_extra_from_classic_operator', 'dataset_with_extra_by_yield', 'dataset_with_extra_by_context' retrieved from /home/airflow/.local/lib/python3.12/site-packages/airflow/example_dags/example_outlet_event_extra.py
[2025-06-26T22:54:14.778+0000] {logging_mixin.py:190} INFO - [2025-06-26T22:54:14.778+0000] {dag.py:3239} INFO - Sync 3 DAGs
[2025-06-26T22:54:14.801+0000] {logging_mixin.py:190} INFO - [2025-06-26T22:54:14.800+0000] {dag.py:4180} INFO - Setting next_dagrun for dataset_with_extra_by_context to 2025-06-25 00:00:00+00:00, run_after=2025-06-26 00:00:00+00:00
[2025-06-26T22:54:14.805+0000] {logging_mixin.py:190} INFO - [2025-06-26T22:54:14.805+0000] {dag.py:4180} INFO - Setting next_dagrun for dataset_with_extra_by_yield to 2025-06-25 00:00:00+00:00, run_after=2025-06-26 00:00:00+00:00
[2025-06-26T22:54:14.807+0000] {logging_mixin.py:190} INFO - [2025-06-26T22:54:14.807+0000] {dag.py:4180} INFO - Setting next_dagrun for dataset_with_extra_from_classic_operator to 2025-06-25 00:00:00+00:00, run_after=2025-06-26 00:00:00+00:00
[2025-06-26T22:54:14.829+0000] {processor.py:208} INFO - Processing /home/airflow/.local/lib/python3.12/site-packages/airflow/example_dags/example_outlet_event_extra.py took 0.234 seconds
[2025-06-26T22:54:45.064+0000] {processor.py:186} INFO - Started process (PID=1463) to work on /home/airflow/.local/lib/python3.12/site-packages/airflow/example_dags/example_outlet_event_extra.py
[2025-06-26T22:54:45.065+0000] {processor.py:914} INFO - Processing file /home/airflow/.local/lib/python3.12/site-packages/airflow/example_dags/example_outlet_event_extra.py for tasks to queue
[2025-06-26T22:54:45.068+0000] {logging_mixin.py:190} INFO - [2025-06-26T22:54:45.067+0000] {dagbag.py:588} INFO - Filling up the DagBag from /home/airflow/.local/lib/python3.12/site-packages/airflow/example_dags/example_outlet_event_extra.py
[2025-06-26T22:54:45.225+0000] {processor.py:925} INFO - DAG(s) 'dataset_with_extra_from_classic_operator', 'dataset_with_extra_by_yield', 'dataset_with_extra_by_context' retrieved from /home/airflow/.local/lib/python3.12/site-packages/airflow/example_dags/example_outlet_event_extra.py
[2025-06-26T22:54:45.265+0000] {logging_mixin.py:190} INFO - [2025-06-26T22:54:45.264+0000] {dag.py:3239} INFO - Sync 3 DAGs
[2025-06-26T22:54:45.303+0000] {logging_mixin.py:190} INFO - [2025-06-26T22:54:45.302+0000] {dag.py:4180} INFO - Setting next_dagrun for dataset_with_extra_by_context to 2025-06-25 00:00:00+00:00, run_after=2025-06-26 00:00:00+00:00
[2025-06-26T22:54:45.311+0000] {logging_mixin.py:190} INFO - [2025-06-26T22:54:45.310+0000] {dag.py:4180} INFO - Setting next_dagrun for dataset_with_extra_by_yield to 2025-06-25 00:00:00+00:00, run_after=2025-06-26 00:00:00+00:00
[2025-06-26T22:54:45.317+0000] {logging_mixin.py:190} INFO - [2025-06-26T22:54:45.317+0000] {dag.py:4180} INFO - Setting next_dagrun for dataset_with_extra_from_classic_operator to 2025-06-25 00:00:00+00:00, run_after=2025-06-26 00:00:00+00:00
[2025-06-26T22:54:45.351+0000] {processor.py:208} INFO - Processing /home/airflow/.local/lib/python3.12/site-packages/airflow/example_dags/example_outlet_event_extra.py took 0.294 seconds
[2025-06-26T22:55:15.565+0000] {processor.py:186} INFO - Started process (PID=1525) to work on /home/airflow/.local/lib/python3.12/site-packages/airflow/example_dags/example_outlet_event_extra.py
[2025-06-26T22:55:15.566+0000] {processor.py:914} INFO - Processing file /home/airflow/.local/lib/python3.12/site-packages/airflow/example_dags/example_outlet_event_extra.py for tasks to queue
[2025-06-26T22:55:15.568+0000] {logging_mixin.py:190} INFO - [2025-06-26T22:55:15.568+0000] {dagbag.py:588} INFO - Filling up the DagBag from /home/airflow/.local/lib/python3.12/site-packages/airflow/example_dags/example_outlet_event_extra.py
[2025-06-26T22:55:15.711+0000] {processor.py:925} INFO - DAG(s) 'dataset_with_extra_from_classic_operator', 'dataset_with_extra_by_context', 'dataset_with_extra_by_yield' retrieved from /home/airflow/.local/lib/python3.12/site-packages/airflow/example_dags/example_outlet_event_extra.py
[2025-06-26T22:55:15.747+0000] {logging_mixin.py:190} INFO - [2025-06-26T22:55:15.747+0000] {dag.py:3239} INFO - Sync 3 DAGs
[2025-06-26T22:55:15.773+0000] {logging_mixin.py:190} INFO - [2025-06-26T22:55:15.773+0000] {dag.py:4180} INFO - Setting next_dagrun for dataset_with_extra_by_context to 2025-06-25 00:00:00+00:00, run_after=2025-06-26 00:00:00+00:00
[2025-06-26T22:55:15.779+0000] {logging_mixin.py:190} INFO - [2025-06-26T22:55:15.779+0000] {dag.py:4180} INFO - Setting next_dagrun for dataset_with_extra_by_yield to 2025-06-25 00:00:00+00:00, run_after=2025-06-26 00:00:00+00:00
[2025-06-26T22:55:15.782+0000] {logging_mixin.py:190} INFO - [2025-06-26T22:55:15.781+0000] {dag.py:4180} INFO - Setting next_dagrun for dataset_with_extra_from_classic_operator to 2025-06-25 00:00:00+00:00, run_after=2025-06-26 00:00:00+00:00
[2025-06-26T22:55:15.806+0000] {processor.py:208} INFO - Processing /home/airflow/.local/lib/python3.12/site-packages/airflow/example_dags/example_outlet_event_extra.py took 0.246 seconds
[2025-06-26T22:55:45.928+0000] {processor.py:186} INFO - Started process (PID=1587) to work on /home/airflow/.local/lib/python3.12/site-packages/airflow/example_dags/example_outlet_event_extra.py
[2025-06-26T22:55:45.929+0000] {processor.py:914} INFO - Processing file /home/airflow/.local/lib/python3.12/site-packages/airflow/example_dags/example_outlet_event_extra.py for tasks to queue
[2025-06-26T22:55:45.931+0000] {logging_mixin.py:190} INFO - [2025-06-26T22:55:45.931+0000] {dagbag.py:588} INFO - Filling up the DagBag from /home/airflow/.local/lib/python3.12/site-packages/airflow/example_dags/example_outlet_event_extra.py
[2025-06-26T22:55:46.049+0000] {processor.py:925} INFO - DAG(s) 'dataset_with_extra_by_yield', 'dataset_with_extra_by_context', 'dataset_with_extra_from_classic_operator' retrieved from /home/airflow/.local/lib/python3.12/site-packages/airflow/example_dags/example_outlet_event_extra.py
[2025-06-26T22:55:46.073+0000] {logging_mixin.py:190} INFO - [2025-06-26T22:55:46.073+0000] {dag.py:3239} INFO - Sync 3 DAGs
[2025-06-26T22:55:46.092+0000] {logging_mixin.py:190} INFO - [2025-06-26T22:55:46.092+0000] {dag.py:4180} INFO - Setting next_dagrun for dataset_with_extra_by_context to 2025-06-25 00:00:00+00:00, run_after=2025-06-26 00:00:00+00:00
[2025-06-26T22:55:46.096+0000] {logging_mixin.py:190} INFO - [2025-06-26T22:55:46.096+0000] {dag.py:4180} INFO - Setting next_dagrun for dataset_with_extra_by_yield to 2025-06-25 00:00:00+00:00, run_after=2025-06-26 00:00:00+00:00
[2025-06-26T22:55:46.098+0000] {logging_mixin.py:190} INFO - [2025-06-26T22:55:46.098+0000] {dag.py:4180} INFO - Setting next_dagrun for dataset_with_extra_from_classic_operator to 2025-06-25 00:00:00+00:00, run_after=2025-06-26 00:00:00+00:00
[2025-06-26T22:55:46.121+0000] {processor.py:208} INFO - Processing /home/airflow/.local/lib/python3.12/site-packages/airflow/example_dags/example_outlet_event_extra.py took 0.199 seconds
[2025-06-26T22:56:16.182+0000] {processor.py:186} INFO - Started process (PID=1648) to work on /home/airflow/.local/lib/python3.12/site-packages/airflow/example_dags/example_outlet_event_extra.py
[2025-06-26T22:56:16.183+0000] {processor.py:914} INFO - Processing file /home/airflow/.local/lib/python3.12/site-packages/airflow/example_dags/example_outlet_event_extra.py for tasks to queue
[2025-06-26T22:56:16.185+0000] {logging_mixin.py:190} INFO - [2025-06-26T22:56:16.185+0000] {dagbag.py:588} INFO - Filling up the DagBag from /home/airflow/.local/lib/python3.12/site-packages/airflow/example_dags/example_outlet_event_extra.py
[2025-06-26T22:56:16.305+0000] {processor.py:925} INFO - DAG(s) 'dataset_with_extra_by_context', 'dataset_with_extra_by_yield', 'dataset_with_extra_from_classic_operator' retrieved from /home/airflow/.local/lib/python3.12/site-packages/airflow/example_dags/example_outlet_event_extra.py
[2025-06-26T22:56:16.334+0000] {logging_mixin.py:190} INFO - [2025-06-26T22:56:16.334+0000] {dag.py:3239} INFO - Sync 3 DAGs
[2025-06-26T22:56:16.358+0000] {logging_mixin.py:190} INFO - [2025-06-26T22:56:16.358+0000] {dag.py:4180} INFO - Setting next_dagrun for dataset_with_extra_by_context to 2025-06-25 00:00:00+00:00, run_after=2025-06-26 00:00:00+00:00
[2025-06-26T22:56:16.363+0000] {logging_mixin.py:190} INFO - [2025-06-26T22:56:16.363+0000] {dag.py:4180} INFO - Setting next_dagrun for dataset_with_extra_by_yield to 2025-06-25 00:00:00+00:00, run_after=2025-06-26 00:00:00+00:00
[2025-06-26T22:56:16.365+0000] {logging_mixin.py:190} INFO - [2025-06-26T22:56:16.365+0000] {dag.py:4180} INFO - Setting next_dagrun for dataset_with_extra_from_classic_operator to 2025-06-25 00:00:00+00:00, run_after=2025-06-26 00:00:00+00:00
[2025-06-26T22:56:16.386+0000] {processor.py:208} INFO - Processing /home/airflow/.local/lib/python3.12/site-packages/airflow/example_dags/example_outlet_event_extra.py took 0.209 seconds
[2025-06-26T22:56:47.092+0000] {processor.py:186} INFO - Started process (PID=1711) to work on /home/airflow/.local/lib/python3.12/site-packages/airflow/example_dags/example_outlet_event_extra.py
[2025-06-26T22:56:47.093+0000] {processor.py:914} INFO - Processing file /home/airflow/.local/lib/python3.12/site-packages/airflow/example_dags/example_outlet_event_extra.py for tasks to queue
[2025-06-26T22:56:47.095+0000] {logging_mixin.py:190} INFO - [2025-06-26T22:56:47.095+0000] {dagbag.py:588} INFO - Filling up the DagBag from /home/airflow/.local/lib/python3.12/site-packages/airflow/example_dags/example_outlet_event_extra.py
[2025-06-26T22:56:47.216+0000] {processor.py:925} INFO - DAG(s) 'dataset_with_extra_by_yield', 'dataset_with_extra_from_classic_operator', 'dataset_with_extra_by_context' retrieved from /home/airflow/.local/lib/python3.12/site-packages/airflow/example_dags/example_outlet_event_extra.py
[2025-06-26T22:56:47.246+0000] {logging_mixin.py:190} INFO - [2025-06-26T22:56:47.246+0000] {dag.py:3239} INFO - Sync 3 DAGs
[2025-06-26T22:56:47.269+0000] {logging_mixin.py:190} INFO - [2025-06-26T22:56:47.268+0000] {dag.py:4180} INFO - Setting next_dagrun for dataset_with_extra_by_context to 2025-06-25 00:00:00+00:00, run_after=2025-06-26 00:00:00+00:00
[2025-06-26T22:56:47.273+0000] {logging_mixin.py:190} INFO - [2025-06-26T22:56:47.273+0000] {dag.py:4180} INFO - Setting next_dagrun for dataset_with_extra_by_yield to 2025-06-25 00:00:00+00:00, run_after=2025-06-26 00:00:00+00:00
[2025-06-26T22:56:47.275+0000] {logging_mixin.py:190} INFO - [2025-06-26T22:56:47.275+0000] {dag.py:4180} INFO - Setting next_dagrun for dataset_with_extra_from_classic_operator to 2025-06-25 00:00:00+00:00, run_after=2025-06-26 00:00:00+00:00
[2025-06-26T22:56:47.302+0000] {processor.py:208} INFO - Processing /home/airflow/.local/lib/python3.12/site-packages/airflow/example_dags/example_outlet_event_extra.py took 0.215 seconds
[2025-06-26T22:57:17.383+0000] {processor.py:186} INFO - Started process (PID=1773) to work on /home/airflow/.local/lib/python3.12/site-packages/airflow/example_dags/example_outlet_event_extra.py
[2025-06-26T22:57:17.384+0000] {processor.py:914} INFO - Processing file /home/airflow/.local/lib/python3.12/site-packages/airflow/example_dags/example_outlet_event_extra.py for tasks to queue
[2025-06-26T22:57:17.387+0000] {logging_mixin.py:190} INFO - [2025-06-26T22:57:17.386+0000] {dagbag.py:588} INFO - Filling up the DagBag from /home/airflow/.local/lib/python3.12/site-packages/airflow/example_dags/example_outlet_event_extra.py
[2025-06-26T22:57:17.531+0000] {processor.py:925} INFO - DAG(s) 'dataset_with_extra_by_context', 'dataset_with_extra_by_yield', 'dataset_with_extra_from_classic_operator' retrieved from /home/airflow/.local/lib/python3.12/site-packages/airflow/example_dags/example_outlet_event_extra.py
[2025-06-26T22:57:17.571+0000] {logging_mixin.py:190} INFO - [2025-06-26T22:57:17.570+0000] {dag.py:3239} INFO - Sync 3 DAGs
[2025-06-26T22:57:17.602+0000] {logging_mixin.py:190} INFO - [2025-06-26T22:57:17.602+0000] {dag.py:4180} INFO - Setting next_dagrun for dataset_with_extra_by_context to 2025-06-25 00:00:00+00:00, run_after=2025-06-26 00:00:00+00:00
[2025-06-26T22:57:17.608+0000] {logging_mixin.py:190} INFO - [2025-06-26T22:57:17.607+0000] {dag.py:4180} INFO - Setting next_dagrun for dataset_with_extra_by_yield to 2025-06-25 00:00:00+00:00, run_after=2025-06-26 00:00:00+00:00
[2025-06-26T22:57:17.610+0000] {logging_mixin.py:190} INFO - [2025-06-26T22:57:17.610+0000] {dag.py:4180} INFO - Setting next_dagrun for dataset_with_extra_from_classic_operator to 2025-06-25 00:00:00+00:00, run_after=2025-06-26 00:00:00+00:00
[2025-06-26T22:57:17.632+0000] {processor.py:208} INFO - Processing /home/airflow/.local/lib/python3.12/site-packages/airflow/example_dags/example_outlet_event_extra.py took 0.254 seconds
[2025-06-26T22:57:47.934+0000] {processor.py:186} INFO - Started process (PID=1835) to work on /home/airflow/.local/lib/python3.12/site-packages/airflow/example_dags/example_outlet_event_extra.py
[2025-06-26T22:57:47.935+0000] {processor.py:914} INFO - Processing file /home/airflow/.local/lib/python3.12/site-packages/airflow/example_dags/example_outlet_event_extra.py for tasks to queue
[2025-06-26T22:57:47.937+0000] {logging_mixin.py:190} INFO - [2025-06-26T22:57:47.937+0000] {dagbag.py:588} INFO - Filling up the DagBag from /home/airflow/.local/lib/python3.12/site-packages/airflow/example_dags/example_outlet_event_extra.py
[2025-06-26T22:57:48.052+0000] {processor.py:925} INFO - DAG(s) 'dataset_with_extra_by_context', 'dataset_with_extra_by_yield', 'dataset_with_extra_from_classic_operator' retrieved from /home/airflow/.local/lib/python3.12/site-packages/airflow/example_dags/example_outlet_event_extra.py
[2025-06-26T22:57:48.078+0000] {logging_mixin.py:190} INFO - [2025-06-26T22:57:48.078+0000] {dag.py:3239} INFO - Sync 3 DAGs
[2025-06-26T22:57:48.104+0000] {logging_mixin.py:190} INFO - [2025-06-26T22:57:48.104+0000] {dag.py:4180} INFO - Setting next_dagrun for dataset_with_extra_by_context to 2025-06-25 00:00:00+00:00, run_after=2025-06-26 00:00:00+00:00
[2025-06-26T22:57:48.109+0000] {logging_mixin.py:190} INFO - [2025-06-26T22:57:48.109+0000] {dag.py:4180} INFO - Setting next_dagrun for dataset_with_extra_by_yield to 2025-06-25 00:00:00+00:00, run_after=2025-06-26 00:00:00+00:00
[2025-06-26T22:57:48.111+0000] {logging_mixin.py:190} INFO - [2025-06-26T22:57:48.111+0000] {dag.py:4180} INFO - Setting next_dagrun for dataset_with_extra_from_classic_operator to 2025-06-25 00:00:00+00:00, run_after=2025-06-26 00:00:00+00:00
[2025-06-26T22:57:48.331+0000] {processor.py:208} INFO - Processing /home/airflow/.local/lib/python3.12/site-packages/airflow/example_dags/example_outlet_event_extra.py took 0.402 seconds
[2025-06-26T22:58:18.420+0000] {processor.py:186} INFO - Started process (PID=1897) to work on /home/airflow/.local/lib/python3.12/site-packages/airflow/example_dags/example_outlet_event_extra.py
[2025-06-26T22:58:18.421+0000] {processor.py:914} INFO - Processing file /home/airflow/.local/lib/python3.12/site-packages/airflow/example_dags/example_outlet_event_extra.py for tasks to queue
[2025-06-26T22:58:18.423+0000] {logging_mixin.py:190} INFO - [2025-06-26T22:58:18.423+0000] {dagbag.py:588} INFO - Filling up the DagBag from /home/airflow/.local/lib/python3.12/site-packages/airflow/example_dags/example_outlet_event_extra.py
[2025-06-26T22:58:18.554+0000] {processor.py:925} INFO - DAG(s) 'dataset_with_extra_by_yield', 'dataset_with_extra_by_context', 'dataset_with_extra_from_classic_operator' retrieved from /home/airflow/.local/lib/python3.12/site-packages/airflow/example_dags/example_outlet_event_extra.py
[2025-06-26T22:58:18.583+0000] {logging_mixin.py:190} INFO - [2025-06-26T22:58:18.583+0000] {dag.py:3239} INFO - Sync 3 DAGs
[2025-06-26T22:58:18.609+0000] {logging_mixin.py:190} INFO - [2025-06-26T22:58:18.608+0000] {dag.py:4180} INFO - Setting next_dagrun for dataset_with_extra_by_context to 2025-06-25 00:00:00+00:00, run_after=2025-06-26 00:00:00+00:00
[2025-06-26T22:58:18.613+0000] {logging_mixin.py:190} INFO - [2025-06-26T22:58:18.613+0000] {dag.py:4180} INFO - Setting next_dagrun for dataset_with_extra_by_yield to 2025-06-25 00:00:00+00:00, run_after=2025-06-26 00:00:00+00:00
[2025-06-26T22:58:18.615+0000] {logging_mixin.py:190} INFO - [2025-06-26T22:58:18.615+0000] {dag.py:4180} INFO - Setting next_dagrun for dataset_with_extra_from_classic_operator to 2025-06-25 00:00:00+00:00, run_after=2025-06-26 00:00:00+00:00
[2025-06-26T22:58:18.639+0000] {processor.py:208} INFO - Processing /home/airflow/.local/lib/python3.12/site-packages/airflow/example_dags/example_outlet_event_extra.py took 0.224 seconds
[2025-06-26T22:58:48.816+0000] {processor.py:186} INFO - Started process (PID=1959) to work on /home/airflow/.local/lib/python3.12/site-packages/airflow/example_dags/example_outlet_event_extra.py
[2025-06-26T22:58:48.817+0000] {processor.py:914} INFO - Processing file /home/airflow/.local/lib/python3.12/site-packages/airflow/example_dags/example_outlet_event_extra.py for tasks to queue
[2025-06-26T22:58:48.819+0000] {logging_mixin.py:190} INFO - [2025-06-26T22:58:48.819+0000] {dagbag.py:588} INFO - Filling up the DagBag from /home/airflow/.local/lib/python3.12/site-packages/airflow/example_dags/example_outlet_event_extra.py
[2025-06-26T22:58:48.937+0000] {processor.py:925} INFO - DAG(s) 'dataset_with_extra_by_yield', 'dataset_with_extra_from_classic_operator', 'dataset_with_extra_by_context' retrieved from /home/airflow/.local/lib/python3.12/site-packages/airflow/example_dags/example_outlet_event_extra.py
[2025-06-26T22:58:48.967+0000] {logging_mixin.py:190} INFO - [2025-06-26T22:58:48.967+0000] {dag.py:3239} INFO - Sync 3 DAGs
[2025-06-26T22:58:48.996+0000] {logging_mixin.py:190} INFO - [2025-06-26T22:58:48.996+0000] {dag.py:4180} INFO - Setting next_dagrun for dataset_with_extra_by_context to 2025-06-25 00:00:00+00:00, run_after=2025-06-26 00:00:00+00:00
[2025-06-26T22:58:49.001+0000] {logging_mixin.py:190} INFO - [2025-06-26T22:58:49.000+0000] {dag.py:4180} INFO - Setting next_dagrun for dataset_with_extra_by_yield to 2025-06-25 00:00:00+00:00, run_after=2025-06-26 00:00:00+00:00
[2025-06-26T22:58:49.004+0000] {logging_mixin.py:190} INFO - [2025-06-26T22:58:49.004+0000] {dag.py:4180} INFO - Setting next_dagrun for dataset_with_extra_from_classic_operator to 2025-06-25 00:00:00+00:00, run_after=2025-06-26 00:00:00+00:00
[2025-06-26T22:58:49.034+0000] {processor.py:208} INFO - Processing /home/airflow/.local/lib/python3.12/site-packages/airflow/example_dags/example_outlet_event_extra.py took 0.223 seconds
[2025-06-26T22:59:19.113+0000] {processor.py:186} INFO - Started process (PID=2021) to work on /home/airflow/.local/lib/python3.12/site-packages/airflow/example_dags/example_outlet_event_extra.py
[2025-06-26T22:59:19.114+0000] {processor.py:914} INFO - Processing file /home/airflow/.local/lib/python3.12/site-packages/airflow/example_dags/example_outlet_event_extra.py for tasks to queue
[2025-06-26T22:59:19.117+0000] {logging_mixin.py:190} INFO - [2025-06-26T22:59:19.116+0000] {dagbag.py:588} INFO - Filling up the DagBag from /home/airflow/.local/lib/python3.12/site-packages/airflow/example_dags/example_outlet_event_extra.py
[2025-06-26T22:59:19.233+0000] {processor.py:925} INFO - DAG(s) 'dataset_with_extra_by_context', 'dataset_with_extra_by_yield', 'dataset_with_extra_from_classic_operator' retrieved from /home/airflow/.local/lib/python3.12/site-packages/airflow/example_dags/example_outlet_event_extra.py
[2025-06-26T22:59:19.260+0000] {logging_mixin.py:190} INFO - [2025-06-26T22:59:19.260+0000] {dag.py:3239} INFO - Sync 3 DAGs
[2025-06-26T22:59:19.500+0000] {logging_mixin.py:190} INFO - [2025-06-26T22:59:19.500+0000] {dag.py:4180} INFO - Setting next_dagrun for dataset_with_extra_by_context to 2025-06-25 00:00:00+00:00, run_after=2025-06-26 00:00:00+00:00
[2025-06-26T22:59:19.506+0000] {logging_mixin.py:190} INFO - [2025-06-26T22:59:19.506+0000] {dag.py:4180} INFO - Setting next_dagrun for dataset_with_extra_by_yield to 2025-06-25 00:00:00+00:00, run_after=2025-06-26 00:00:00+00:00
[2025-06-26T22:59:19.508+0000] {logging_mixin.py:190} INFO - [2025-06-26T22:59:19.508+0000] {dag.py:4180} INFO - Setting next_dagrun for dataset_with_extra_from_classic_operator to 2025-06-25 00:00:00+00:00, run_after=2025-06-26 00:00:00+00:00
[2025-06-26T22:59:19.534+0000] {processor.py:208} INFO - Processing /home/airflow/.local/lib/python3.12/site-packages/airflow/example_dags/example_outlet_event_extra.py took 0.425 seconds
[2025-06-26T22:59:49.696+0000] {processor.py:186} INFO - Started process (PID=2083) to work on /home/airflow/.local/lib/python3.12/site-packages/airflow/example_dags/example_outlet_event_extra.py
[2025-06-26T22:59:49.697+0000] {processor.py:914} INFO - Processing file /home/airflow/.local/lib/python3.12/site-packages/airflow/example_dags/example_outlet_event_extra.py for tasks to queue
[2025-06-26T22:59:49.700+0000] {logging_mixin.py:190} INFO - [2025-06-26T22:59:49.699+0000] {dagbag.py:588} INFO - Filling up the DagBag from /home/airflow/.local/lib/python3.12/site-packages/airflow/example_dags/example_outlet_event_extra.py
[2025-06-26T22:59:49.816+0000] {processor.py:925} INFO - DAG(s) 'dataset_with_extra_from_classic_operator', 'dataset_with_extra_by_context', 'dataset_with_extra_by_yield' retrieved from /home/airflow/.local/lib/python3.12/site-packages/airflow/example_dags/example_outlet_event_extra.py
[2025-06-26T22:59:49.842+0000] {logging_mixin.py:190} INFO - [2025-06-26T22:59:49.841+0000] {dag.py:3239} INFO - Sync 3 DAGs
[2025-06-26T22:59:49.864+0000] {logging_mixin.py:190} INFO - [2025-06-26T22:59:49.864+0000] {dag.py:4180} INFO - Setting next_dagrun for dataset_with_extra_by_context to 2025-06-25 00:00:00+00:00, run_after=2025-06-26 00:00:00+00:00
[2025-06-26T22:59:49.868+0000] {logging_mixin.py:190} INFO - [2025-06-26T22:59:49.868+0000] {dag.py:4180} INFO - Setting next_dagrun for dataset_with_extra_by_yield to 2025-06-25 00:00:00+00:00, run_after=2025-06-26 00:00:00+00:00
[2025-06-26T22:59:49.870+0000] {logging_mixin.py:190} INFO - [2025-06-26T22:59:49.870+0000] {dag.py:4180} INFO - Setting next_dagrun for dataset_with_extra_from_classic_operator to 2025-06-25 00:00:00+00:00, run_after=2025-06-26 00:00:00+00:00
[2025-06-26T22:59:50.084+0000] {processor.py:208} INFO - Processing /home/airflow/.local/lib/python3.12/site-packages/airflow/example_dags/example_outlet_event_extra.py took 0.393 seconds
[2025-06-26T23:00:20.232+0000] {processor.py:186} INFO - Started process (PID=2146) to work on /home/airflow/.local/lib/python3.12/site-packages/airflow/example_dags/example_outlet_event_extra.py
[2025-06-26T23:00:20.233+0000] {processor.py:914} INFO - Processing file /home/airflow/.local/lib/python3.12/site-packages/airflow/example_dags/example_outlet_event_extra.py for tasks to queue
[2025-06-26T23:00:20.235+0000] {logging_mixin.py:190} INFO - [2025-06-26T23:00:20.235+0000] {dagbag.py:588} INFO - Filling up the DagBag from /home/airflow/.local/lib/python3.12/site-packages/airflow/example_dags/example_outlet_event_extra.py
[2025-06-26T23:00:20.351+0000] {processor.py:925} INFO - DAG(s) 'dataset_with_extra_by_yield', 'dataset_with_extra_from_classic_operator', 'dataset_with_extra_by_context' retrieved from /home/airflow/.local/lib/python3.12/site-packages/airflow/example_dags/example_outlet_event_extra.py
[2025-06-26T23:00:20.375+0000] {logging_mixin.py:190} INFO - [2025-06-26T23:00:20.375+0000] {dag.py:3239} INFO - Sync 3 DAGs
[2025-06-26T23:00:20.394+0000] {logging_mixin.py:190} INFO - [2025-06-26T23:00:20.394+0000] {dag.py:4180} INFO - Setting next_dagrun for dataset_with_extra_by_context to 2025-06-25 00:00:00+00:00, run_after=2025-06-26 00:00:00+00:00
[2025-06-26T23:00:20.398+0000] {logging_mixin.py:190} INFO - [2025-06-26T23:00:20.398+0000] {dag.py:4180} INFO - Setting next_dagrun for dataset_with_extra_by_yield to 2025-06-25 00:00:00+00:00, run_after=2025-06-26 00:00:00+00:00
[2025-06-26T23:00:20.401+0000] {logging_mixin.py:190} INFO - [2025-06-26T23:00:20.401+0000] {dag.py:4180} INFO - Setting next_dagrun for dataset_with_extra_from_classic_operator to 2025-06-25 00:00:00+00:00, run_after=2025-06-26 00:00:00+00:00
[2025-06-26T23:00:20.426+0000] {processor.py:208} INFO - Processing /home/airflow/.local/lib/python3.12/site-packages/airflow/example_dags/example_outlet_event_extra.py took 0.198 seconds
[2025-06-26T23:00:50.871+0000] {processor.py:186} INFO - Started process (PID=2208) to work on /home/airflow/.local/lib/python3.12/site-packages/airflow/example_dags/example_outlet_event_extra.py
[2025-06-26T23:00:50.872+0000] {processor.py:914} INFO - Processing file /home/airflow/.local/lib/python3.12/site-packages/airflow/example_dags/example_outlet_event_extra.py for tasks to queue
[2025-06-26T23:00:50.874+0000] {logging_mixin.py:190} INFO - [2025-06-26T23:00:50.874+0000] {dagbag.py:588} INFO - Filling up the DagBag from /home/airflow/.local/lib/python3.12/site-packages/airflow/example_dags/example_outlet_event_extra.py
[2025-06-26T23:00:50.987+0000] {processor.py:925} INFO - DAG(s) 'dataset_with_extra_by_context', 'dataset_with_extra_by_yield', 'dataset_with_extra_from_classic_operator' retrieved from /home/airflow/.local/lib/python3.12/site-packages/airflow/example_dags/example_outlet_event_extra.py
[2025-06-26T23:00:51.189+0000] {logging_mixin.py:190} INFO - [2025-06-26T23:00:51.188+0000] {dag.py:3239} INFO - Sync 3 DAGs
[2025-06-26T23:00:51.208+0000] {logging_mixin.py:190} INFO - [2025-06-26T23:00:51.207+0000] {dag.py:4180} INFO - Setting next_dagrun for dataset_with_extra_by_context to 2025-06-25 00:00:00+00:00, run_after=2025-06-26 00:00:00+00:00
[2025-06-26T23:00:51.211+0000] {logging_mixin.py:190} INFO - [2025-06-26T23:00:51.211+0000] {dag.py:4180} INFO - Setting next_dagrun for dataset_with_extra_by_yield to 2025-06-25 00:00:00+00:00, run_after=2025-06-26 00:00:00+00:00
[2025-06-26T23:00:51.213+0000] {logging_mixin.py:190} INFO - [2025-06-26T23:00:51.213+0000] {dag.py:4180} INFO - Setting next_dagrun for dataset_with_extra_from_classic_operator to 2025-06-25 00:00:00+00:00, run_after=2025-06-26 00:00:00+00:00
[2025-06-26T23:00:51.232+0000] {processor.py:208} INFO - Processing /home/airflow/.local/lib/python3.12/site-packages/airflow/example_dags/example_outlet_event_extra.py took 0.367 seconds
[2025-06-26T23:01:21.311+0000] {processor.py:186} INFO - Started process (PID=2269) to work on /home/airflow/.local/lib/python3.12/site-packages/airflow/example_dags/example_outlet_event_extra.py
[2025-06-26T23:01:21.313+0000] {processor.py:914} INFO - Processing file /home/airflow/.local/lib/python3.12/site-packages/airflow/example_dags/example_outlet_event_extra.py for tasks to queue
[2025-06-26T23:01:21.315+0000] {logging_mixin.py:190} INFO - [2025-06-26T23:01:21.315+0000] {dagbag.py:588} INFO - Filling up the DagBag from /home/airflow/.local/lib/python3.12/site-packages/airflow/example_dags/example_outlet_event_extra.py
[2025-06-26T23:01:21.429+0000] {processor.py:925} INFO - DAG(s) 'dataset_with_extra_from_classic_operator', 'dataset_with_extra_by_yield', 'dataset_with_extra_by_context' retrieved from /home/airflow/.local/lib/python3.12/site-packages/airflow/example_dags/example_outlet_event_extra.py
[2025-06-26T23:01:21.452+0000] {logging_mixin.py:190} INFO - [2025-06-26T23:01:21.452+0000] {dag.py:3239} INFO - Sync 3 DAGs
[2025-06-26T23:01:21.624+0000] {logging_mixin.py:190} INFO - [2025-06-26T23:01:21.624+0000] {dag.py:4180} INFO - Setting next_dagrun for dataset_with_extra_by_context to 2025-06-25 00:00:00+00:00, run_after=2025-06-26 00:00:00+00:00
[2025-06-26T23:01:21.628+0000] {logging_mixin.py:190} INFO - [2025-06-26T23:01:21.628+0000] {dag.py:4180} INFO - Setting next_dagrun for dataset_with_extra_by_yield to 2025-06-25 00:00:00+00:00, run_after=2025-06-26 00:00:00+00:00
[2025-06-26T23:01:21.631+0000] {logging_mixin.py:190} INFO - [2025-06-26T23:01:21.631+0000] {dag.py:4180} INFO - Setting next_dagrun for dataset_with_extra_from_classic_operator to 2025-06-25 00:00:00+00:00, run_after=2025-06-26 00:00:00+00:00
[2025-06-26T23:01:21.647+0000] {processor.py:208} INFO - Processing /home/airflow/.local/lib/python3.12/site-packages/airflow/example_dags/example_outlet_event_extra.py took 0.342 seconds
[2025-06-26T23:01:52.530+0000] {processor.py:186} INFO - Started process (PID=2332) to work on /home/airflow/.local/lib/python3.12/site-packages/airflow/example_dags/example_outlet_event_extra.py
[2025-06-26T23:01:52.532+0000] {processor.py:914} INFO - Processing file /home/airflow/.local/lib/python3.12/site-packages/airflow/example_dags/example_outlet_event_extra.py for tasks to queue
[2025-06-26T23:01:52.536+0000] {logging_mixin.py:190} INFO - [2025-06-26T23:01:52.536+0000] {dagbag.py:588} INFO - Filling up the DagBag from /home/airflow/.local/lib/python3.12/site-packages/airflow/example_dags/example_outlet_event_extra.py
[2025-06-26T23:01:52.692+0000] {processor.py:925} INFO - DAG(s) 'dataset_with_extra_by_context', 'dataset_with_extra_from_classic_operator', 'dataset_with_extra_by_yield' retrieved from /home/airflow/.local/lib/python3.12/site-packages/airflow/example_dags/example_outlet_event_extra.py
[2025-06-26T23:01:52.718+0000] {logging_mixin.py:190} INFO - [2025-06-26T23:01:52.718+0000] {dag.py:3239} INFO - Sync 3 DAGs
[2025-06-26T23:01:52.741+0000] {logging_mixin.py:190} INFO - [2025-06-26T23:01:52.741+0000] {dag.py:4180} INFO - Setting next_dagrun for dataset_with_extra_by_context to 2025-06-25 00:00:00+00:00, run_after=2025-06-26 00:00:00+00:00
[2025-06-26T23:01:52.745+0000] {logging_mixin.py:190} INFO - [2025-06-26T23:01:52.745+0000] {dag.py:4180} INFO - Setting next_dagrun for dataset_with_extra_by_yield to 2025-06-25 00:00:00+00:00, run_after=2025-06-26 00:00:00+00:00
[2025-06-26T23:01:52.748+0000] {logging_mixin.py:190} INFO - [2025-06-26T23:01:52.748+0000] {dag.py:4180} INFO - Setting next_dagrun for dataset_with_extra_from_classic_operator to 2025-06-25 00:00:00+00:00, run_after=2025-06-26 00:00:00+00:00
[2025-06-26T23:01:52.955+0000] {processor.py:208} INFO - Processing /home/airflow/.local/lib/python3.12/site-packages/airflow/example_dags/example_outlet_event_extra.py took 0.435 seconds
[2025-06-26T23:02:23.135+0000] {processor.py:186} INFO - Started process (PID=2394) to work on /home/airflow/.local/lib/python3.12/site-packages/airflow/example_dags/example_outlet_event_extra.py
[2025-06-26T23:02:23.136+0000] {processor.py:914} INFO - Processing file /home/airflow/.local/lib/python3.12/site-packages/airflow/example_dags/example_outlet_event_extra.py for tasks to queue
[2025-06-26T23:02:23.139+0000] {logging_mixin.py:190} INFO - [2025-06-26T23:02:23.138+0000] {dagbag.py:588} INFO - Filling up the DagBag from /home/airflow/.local/lib/python3.12/site-packages/airflow/example_dags/example_outlet_event_extra.py
[2025-06-26T23:02:23.547+0000] {processor.py:925} INFO - DAG(s) 'dataset_with_extra_from_classic_operator', 'dataset_with_extra_by_context', 'dataset_with_extra_by_yield' retrieved from /home/airflow/.local/lib/python3.12/site-packages/airflow/example_dags/example_outlet_event_extra.py
[2025-06-26T23:02:23.569+0000] {logging_mixin.py:190} INFO - [2025-06-26T23:02:23.569+0000] {dag.py:3239} INFO - Sync 3 DAGs
[2025-06-26T23:02:23.591+0000] {logging_mixin.py:190} INFO - [2025-06-26T23:02:23.590+0000] {dag.py:4180} INFO - Setting next_dagrun for dataset_with_extra_by_context to 2025-06-25 00:00:00+00:00, run_after=2025-06-26 00:00:00+00:00
[2025-06-26T23:02:23.596+0000] {logging_mixin.py:190} INFO - [2025-06-26T23:02:23.596+0000] {dag.py:4180} INFO - Setting next_dagrun for dataset_with_extra_by_yield to 2025-06-25 00:00:00+00:00, run_after=2025-06-26 00:00:00+00:00
[2025-06-26T23:02:23.599+0000] {logging_mixin.py:190} INFO - [2025-06-26T23:02:23.599+0000] {dag.py:4180} INFO - Setting next_dagrun for dataset_with_extra_from_classic_operator to 2025-06-25 00:00:00+00:00, run_after=2025-06-26 00:00:00+00:00
[2025-06-26T23:02:23.626+0000] {processor.py:208} INFO - Processing /home/airflow/.local/lib/python3.12/site-packages/airflow/example_dags/example_outlet_event_extra.py took 0.498 seconds
[2025-06-26T23:02:54.126+0000] {processor.py:186} INFO - Started process (PID=2456) to work on /home/airflow/.local/lib/python3.12/site-packages/airflow/example_dags/example_outlet_event_extra.py
[2025-06-26T23:02:54.127+0000] {processor.py:914} INFO - Processing file /home/airflow/.local/lib/python3.12/site-packages/airflow/example_dags/example_outlet_event_extra.py for tasks to queue
[2025-06-26T23:02:54.129+0000] {logging_mixin.py:190} INFO - [2025-06-26T23:02:54.129+0000] {dagbag.py:588} INFO - Filling up the DagBag from /home/airflow/.local/lib/python3.12/site-packages/airflow/example_dags/example_outlet_event_extra.py
[2025-06-26T23:02:54.252+0000] {processor.py:925} INFO - DAG(s) 'dataset_with_extra_by_yield', 'dataset_with_extra_by_context', 'dataset_with_extra_from_classic_operator' retrieved from /home/airflow/.local/lib/python3.12/site-packages/airflow/example_dags/example_outlet_event_extra.py
[2025-06-26T23:02:54.527+0000] {logging_mixin.py:190} INFO - [2025-06-26T23:02:54.526+0000] {dag.py:3239} INFO - Sync 3 DAGs
[2025-06-26T23:02:54.554+0000] {logging_mixin.py:190} INFO - [2025-06-26T23:02:54.553+0000] {dag.py:4180} INFO - Setting next_dagrun for dataset_with_extra_by_context to 2025-06-25 00:00:00+00:00, run_after=2025-06-26 00:00:00+00:00
[2025-06-26T23:02:54.559+0000] {logging_mixin.py:190} INFO - [2025-06-26T23:02:54.559+0000] {dag.py:4180} INFO - Setting next_dagrun for dataset_with_extra_by_yield to 2025-06-25 00:00:00+00:00, run_after=2025-06-26 00:00:00+00:00
[2025-06-26T23:02:54.562+0000] {logging_mixin.py:190} INFO - [2025-06-26T23:02:54.562+0000] {dag.py:4180} INFO - Setting next_dagrun for dataset_with_extra_from_classic_operator to 2025-06-25 00:00:00+00:00, run_after=2025-06-26 00:00:00+00:00
[2025-06-26T23:02:54.584+0000] {processor.py:208} INFO - Processing /home/airflow/.local/lib/python3.12/site-packages/airflow/example_dags/example_outlet_event_extra.py took 0.465 seconds
[2025-06-26T23:03:24.955+0000] {processor.py:186} INFO - Started process (PID=2518) to work on /home/airflow/.local/lib/python3.12/site-packages/airflow/example_dags/example_outlet_event_extra.py
[2025-06-26T23:03:24.956+0000] {processor.py:914} INFO - Processing file /home/airflow/.local/lib/python3.12/site-packages/airflow/example_dags/example_outlet_event_extra.py for tasks to queue
[2025-06-26T23:03:24.959+0000] {logging_mixin.py:190} INFO - [2025-06-26T23:03:24.959+0000] {dagbag.py:588} INFO - Filling up the DagBag from /home/airflow/.local/lib/python3.12/site-packages/airflow/example_dags/example_outlet_event_extra.py
[2025-06-26T23:03:25.091+0000] {processor.py:925} INFO - DAG(s) 'dataset_with_extra_by_yield', 'dataset_with_extra_by_context', 'dataset_with_extra_from_classic_operator' retrieved from /home/airflow/.local/lib/python3.12/site-packages/airflow/example_dags/example_outlet_event_extra.py
[2025-06-26T23:03:25.123+0000] {logging_mixin.py:190} INFO - [2025-06-26T23:03:25.123+0000] {dag.py:3239} INFO - Sync 3 DAGs
[2025-06-26T23:03:25.375+0000] {logging_mixin.py:190} INFO - [2025-06-26T23:03:25.375+0000] {dag.py:4180} INFO - Setting next_dagrun for dataset_with_extra_by_context to 2025-06-25 00:00:00+00:00, run_after=2025-06-26 00:00:00+00:00
[2025-06-26T23:03:25.379+0000] {logging_mixin.py:190} INFO - [2025-06-26T23:03:25.379+0000] {dag.py:4180} INFO - Setting next_dagrun for dataset_with_extra_by_yield to 2025-06-25 00:00:00+00:00, run_after=2025-06-26 00:00:00+00:00
[2025-06-26T23:03:25.381+0000] {logging_mixin.py:190} INFO - [2025-06-26T23:03:25.381+0000] {dag.py:4180} INFO - Setting next_dagrun for dataset_with_extra_from_classic_operator to 2025-06-25 00:00:00+00:00, run_after=2025-06-26 00:00:00+00:00
[2025-06-26T23:03:25.401+0000] {processor.py:208} INFO - Processing /home/airflow/.local/lib/python3.12/site-packages/airflow/example_dags/example_outlet_event_extra.py took 0.453 seconds
[2025-06-26T23:03:56.185+0000] {processor.py:186} INFO - Started process (PID=2580) to work on /home/airflow/.local/lib/python3.12/site-packages/airflow/example_dags/example_outlet_event_extra.py
[2025-06-26T23:03:56.187+0000] {processor.py:914} INFO - Processing file /home/airflow/.local/lib/python3.12/site-packages/airflow/example_dags/example_outlet_event_extra.py for tasks to queue
[2025-06-26T23:03:56.190+0000] {logging_mixin.py:190} INFO - [2025-06-26T23:03:56.190+0000] {dagbag.py:588} INFO - Filling up the DagBag from /home/airflow/.local/lib/python3.12/site-packages/airflow/example_dags/example_outlet_event_extra.py
[2025-06-26T23:03:56.672+0000] {processor.py:925} INFO - DAG(s) 'dataset_with_extra_from_classic_operator', 'dataset_with_extra_by_context', 'dataset_with_extra_by_yield' retrieved from /home/airflow/.local/lib/python3.12/site-packages/airflow/example_dags/example_outlet_event_extra.py
[2025-06-26T23:03:56.700+0000] {logging_mixin.py:190} INFO - [2025-06-26T23:03:56.700+0000] {dag.py:3239} INFO - Sync 3 DAGs
[2025-06-26T23:03:56.730+0000] {logging_mixin.py:190} INFO - [2025-06-26T23:03:56.730+0000] {dag.py:4180} INFO - Setting next_dagrun for dataset_with_extra_by_context to 2025-06-25 00:00:00+00:00, run_after=2025-06-26 00:00:00+00:00
[2025-06-26T23:03:56.736+0000] {logging_mixin.py:190} INFO - [2025-06-26T23:03:56.735+0000] {dag.py:4180} INFO - Setting next_dagrun for dataset_with_extra_by_yield to 2025-06-25 00:00:00+00:00, run_after=2025-06-26 00:00:00+00:00
[2025-06-26T23:03:56.739+0000] {logging_mixin.py:190} INFO - [2025-06-26T23:03:56.739+0000] {dag.py:4180} INFO - Setting next_dagrun for dataset_with_extra_from_classic_operator to 2025-06-25 00:00:00+00:00, run_after=2025-06-26 00:00:00+00:00
[2025-06-26T23:03:56.766+0000] {processor.py:208} INFO - Processing /home/airflow/.local/lib/python3.12/site-packages/airflow/example_dags/example_outlet_event_extra.py took 0.591 seconds
[2025-06-26T23:04:27.369+0000] {processor.py:186} INFO - Started process (PID=2642) to work on /home/airflow/.local/lib/python3.12/site-packages/airflow/example_dags/example_outlet_event_extra.py
[2025-06-26T23:04:27.370+0000] {processor.py:914} INFO - Processing file /home/airflow/.local/lib/python3.12/site-packages/airflow/example_dags/example_outlet_event_extra.py for tasks to queue
[2025-06-26T23:04:27.372+0000] {logging_mixin.py:190} INFO - [2025-06-26T23:04:27.372+0000] {dagbag.py:588} INFO - Filling up the DagBag from /home/airflow/.local/lib/python3.12/site-packages/airflow/example_dags/example_outlet_event_extra.py
[2025-06-26T23:04:27.683+0000] {processor.py:925} INFO - DAG(s) 'dataset_with_extra_by_context', 'dataset_with_extra_by_yield', 'dataset_with_extra_from_classic_operator' retrieved from /home/airflow/.local/lib/python3.12/site-packages/airflow/example_dags/example_outlet_event_extra.py
[2025-06-26T23:04:27.709+0000] {logging_mixin.py:190} INFO - [2025-06-26T23:04:27.709+0000] {dag.py:3239} INFO - Sync 3 DAGs
[2025-06-26T23:04:27.730+0000] {logging_mixin.py:190} INFO - [2025-06-26T23:04:27.729+0000] {dag.py:4180} INFO - Setting next_dagrun for dataset_with_extra_by_context to 2025-06-25 00:00:00+00:00, run_after=2025-06-26 00:00:00+00:00
[2025-06-26T23:04:27.734+0000] {logging_mixin.py:190} INFO - [2025-06-26T23:04:27.733+0000] {dag.py:4180} INFO - Setting next_dagrun for dataset_with_extra_by_yield to 2025-06-25 00:00:00+00:00, run_after=2025-06-26 00:00:00+00:00
[2025-06-26T23:04:27.735+0000] {logging_mixin.py:190} INFO - [2025-06-26T23:04:27.735+0000] {dag.py:4180} INFO - Setting next_dagrun for dataset_with_extra_from_classic_operator to 2025-06-25 00:00:00+00:00, run_after=2025-06-26 00:00:00+00:00
[2025-06-26T23:04:27.757+0000] {processor.py:208} INFO - Processing /home/airflow/.local/lib/python3.12/site-packages/airflow/example_dags/example_outlet_event_extra.py took 0.393 seconds
[2025-06-26T23:04:57.859+0000] {processor.py:186} INFO - Started process (PID=2704) to work on /home/airflow/.local/lib/python3.12/site-packages/airflow/example_dags/example_outlet_event_extra.py
[2025-06-26T23:04:57.860+0000] {processor.py:914} INFO - Processing file /home/airflow/.local/lib/python3.12/site-packages/airflow/example_dags/example_outlet_event_extra.py for tasks to queue
[2025-06-26T23:04:57.862+0000] {logging_mixin.py:190} INFO - [2025-06-26T23:04:57.862+0000] {dagbag.py:588} INFO - Filling up the DagBag from /home/airflow/.local/lib/python3.12/site-packages/airflow/example_dags/example_outlet_event_extra.py
[2025-06-26T23:04:57.983+0000] {processor.py:925} INFO - DAG(s) 'dataset_with_extra_from_classic_operator', 'dataset_with_extra_by_yield', 'dataset_with_extra_by_context' retrieved from /home/airflow/.local/lib/python3.12/site-packages/airflow/example_dags/example_outlet_event_extra.py
[2025-06-26T23:04:58.197+0000] {logging_mixin.py:190} INFO - [2025-06-26T23:04:58.196+0000] {dag.py:3239} INFO - Sync 3 DAGs
[2025-06-26T23:04:58.216+0000] {logging_mixin.py:190} INFO - [2025-06-26T23:04:58.216+0000] {dag.py:4180} INFO - Setting next_dagrun for dataset_with_extra_by_context to 2025-06-25 00:00:00+00:00, run_after=2025-06-26 00:00:00+00:00
[2025-06-26T23:04:58.221+0000] {logging_mixin.py:190} INFO - [2025-06-26T23:04:58.221+0000] {dag.py:4180} INFO - Setting next_dagrun for dataset_with_extra_by_yield to 2025-06-25 00:00:00+00:00, run_after=2025-06-26 00:00:00+00:00
[2025-06-26T23:04:58.224+0000] {logging_mixin.py:190} INFO - [2025-06-26T23:04:58.224+0000] {dag.py:4180} INFO - Setting next_dagrun for dataset_with_extra_from_classic_operator to 2025-06-25 00:00:00+00:00, run_after=2025-06-26 00:00:00+00:00
[2025-06-26T23:04:58.249+0000] {processor.py:208} INFO - Processing /home/airflow/.local/lib/python3.12/site-packages/airflow/example_dags/example_outlet_event_extra.py took 0.395 seconds
[2025-06-26T23:05:29.119+0000] {processor.py:186} INFO - Started process (PID=2766) to work on /home/airflow/.local/lib/python3.12/site-packages/airflow/example_dags/example_outlet_event_extra.py
[2025-06-26T23:05:29.119+0000] {processor.py:914} INFO - Processing file /home/airflow/.local/lib/python3.12/site-packages/airflow/example_dags/example_outlet_event_extra.py for tasks to queue
[2025-06-26T23:05:29.121+0000] {logging_mixin.py:190} INFO - [2025-06-26T23:05:29.121+0000] {dagbag.py:588} INFO - Filling up the DagBag from /home/airflow/.local/lib/python3.12/site-packages/airflow/example_dags/example_outlet_event_extra.py
[2025-06-26T23:05:29.504+0000] {processor.py:925} INFO - DAG(s) 'dataset_with_extra_by_yield', 'dataset_with_extra_by_context', 'dataset_with_extra_from_classic_operator' retrieved from /home/airflow/.local/lib/python3.12/site-packages/airflow/example_dags/example_outlet_event_extra.py
[2025-06-26T23:05:29.530+0000] {logging_mixin.py:190} INFO - [2025-06-26T23:05:29.530+0000] {dag.py:3239} INFO - Sync 3 DAGs
[2025-06-26T23:05:29.555+0000] {logging_mixin.py:190} INFO - [2025-06-26T23:05:29.555+0000] {dag.py:4180} INFO - Setting next_dagrun for dataset_with_extra_by_context to 2025-06-25 00:00:00+00:00, run_after=2025-06-26 00:00:00+00:00
[2025-06-26T23:05:29.561+0000] {logging_mixin.py:190} INFO - [2025-06-26T23:05:29.561+0000] {dag.py:4180} INFO - Setting next_dagrun for dataset_with_extra_by_yield to 2025-06-25 00:00:00+00:00, run_after=2025-06-26 00:00:00+00:00
[2025-06-26T23:05:29.565+0000] {logging_mixin.py:190} INFO - [2025-06-26T23:05:29.565+0000] {dag.py:4180} INFO - Setting next_dagrun for dataset_with_extra_from_classic_operator to 2025-06-25 00:00:00+00:00, run_after=2025-06-26 00:00:00+00:00
[2025-06-26T23:05:29.591+0000] {processor.py:208} INFO - Processing /home/airflow/.local/lib/python3.12/site-packages/airflow/example_dags/example_outlet_event_extra.py took 0.477 seconds
[2025-06-26T23:06:00.178+0000] {processor.py:186} INFO - Started process (PID=2828) to work on /home/airflow/.local/lib/python3.12/site-packages/airflow/example_dags/example_outlet_event_extra.py
[2025-06-26T23:06:00.179+0000] {processor.py:914} INFO - Processing file /home/airflow/.local/lib/python3.12/site-packages/airflow/example_dags/example_outlet_event_extra.py for tasks to queue
[2025-06-26T23:06:00.181+0000] {logging_mixin.py:190} INFO - [2025-06-26T23:06:00.181+0000] {dagbag.py:588} INFO - Filling up the DagBag from /home/airflow/.local/lib/python3.12/site-packages/airflow/example_dags/example_outlet_event_extra.py
[2025-06-26T23:06:00.515+0000] {processor.py:925} INFO - DAG(s) 'dataset_with_extra_by_yield', 'dataset_with_extra_from_classic_operator', 'dataset_with_extra_by_context' retrieved from /home/airflow/.local/lib/python3.12/site-packages/airflow/example_dags/example_outlet_event_extra.py
[2025-06-26T23:06:00.536+0000] {logging_mixin.py:190} INFO - [2025-06-26T23:06:00.536+0000] {dag.py:3239} INFO - Sync 3 DAGs
[2025-06-26T23:06:00.554+0000] {logging_mixin.py:190} INFO - [2025-06-26T23:06:00.554+0000] {dag.py:4180} INFO - Setting next_dagrun for dataset_with_extra_by_context to 2025-06-25 00:00:00+00:00, run_after=2025-06-26 00:00:00+00:00
[2025-06-26T23:06:00.558+0000] {logging_mixin.py:190} INFO - [2025-06-26T23:06:00.558+0000] {dag.py:4180} INFO - Setting next_dagrun for dataset_with_extra_by_yield to 2025-06-25 00:00:00+00:00, run_after=2025-06-26 00:00:00+00:00
[2025-06-26T23:06:00.561+0000] {logging_mixin.py:190} INFO - [2025-06-26T23:06:00.561+0000] {dag.py:4180} INFO - Setting next_dagrun for dataset_with_extra_from_classic_operator to 2025-06-25 00:00:00+00:00, run_after=2025-06-26 00:00:00+00:00
[2025-06-26T23:06:00.580+0000] {processor.py:208} INFO - Processing /home/airflow/.local/lib/python3.12/site-packages/airflow/example_dags/example_outlet_event_extra.py took 0.407 seconds
[2025-06-26T23:06:30.994+0000] {processor.py:186} INFO - Started process (PID=2890) to work on /home/airflow/.local/lib/python3.12/site-packages/airflow/example_dags/example_outlet_event_extra.py
[2025-06-26T23:06:30.995+0000] {processor.py:914} INFO - Processing file /home/airflow/.local/lib/python3.12/site-packages/airflow/example_dags/example_outlet_event_extra.py for tasks to queue
[2025-06-26T23:06:30.997+0000] {logging_mixin.py:190} INFO - [2025-06-26T23:06:30.997+0000] {dagbag.py:588} INFO - Filling up the DagBag from /home/airflow/.local/lib/python3.12/site-packages/airflow/example_dags/example_outlet_event_extra.py
[2025-06-26T23:06:31.326+0000] {processor.py:925} INFO - DAG(s) 'dataset_with_extra_by_yield', 'dataset_with_extra_from_classic_operator', 'dataset_with_extra_by_context' retrieved from /home/airflow/.local/lib/python3.12/site-packages/airflow/example_dags/example_outlet_event_extra.py
[2025-06-26T23:06:31.348+0000] {logging_mixin.py:190} INFO - [2025-06-26T23:06:31.348+0000] {dag.py:3239} INFO - Sync 3 DAGs
[2025-06-26T23:06:31.367+0000] {logging_mixin.py:190} INFO - [2025-06-26T23:06:31.367+0000] {dag.py:4180} INFO - Setting next_dagrun for dataset_with_extra_by_context to 2025-06-25 00:00:00+00:00, run_after=2025-06-26 00:00:00+00:00
[2025-06-26T23:06:31.371+0000] {logging_mixin.py:190} INFO - [2025-06-26T23:06:31.371+0000] {dag.py:4180} INFO - Setting next_dagrun for dataset_with_extra_by_yield to 2025-06-25 00:00:00+00:00, run_after=2025-06-26 00:00:00+00:00
[2025-06-26T23:06:31.373+0000] {logging_mixin.py:190} INFO - [2025-06-26T23:06:31.373+0000] {dag.py:4180} INFO - Setting next_dagrun for dataset_with_extra_from_classic_operator to 2025-06-25 00:00:00+00:00, run_after=2025-06-26 00:00:00+00:00
[2025-06-26T23:06:31.395+0000] {processor.py:208} INFO - Processing /home/airflow/.local/lib/python3.12/site-packages/airflow/example_dags/example_outlet_event_extra.py took 0.405 seconds
[2025-06-26T23:07:01.845+0000] {processor.py:186} INFO - Started process (PID=2952) to work on /home/airflow/.local/lib/python3.12/site-packages/airflow/example_dags/example_outlet_event_extra.py
[2025-06-26T23:07:01.845+0000] {processor.py:914} INFO - Processing file /home/airflow/.local/lib/python3.12/site-packages/airflow/example_dags/example_outlet_event_extra.py for tasks to queue
[2025-06-26T23:07:01.848+0000] {logging_mixin.py:190} INFO - [2025-06-26T23:07:01.848+0000] {dagbag.py:588} INFO - Filling up the DagBag from /home/airflow/.local/lib/python3.12/site-packages/airflow/example_dags/example_outlet_event_extra.py
[2025-06-26T23:07:02.173+0000] {processor.py:925} INFO - DAG(s) 'dataset_with_extra_from_classic_operator', 'dataset_with_extra_by_yield', 'dataset_with_extra_by_context' retrieved from /home/airflow/.local/lib/python3.12/site-packages/airflow/example_dags/example_outlet_event_extra.py
[2025-06-26T23:07:02.197+0000] {logging_mixin.py:190} INFO - [2025-06-26T23:07:02.197+0000] {dag.py:3239} INFO - Sync 3 DAGs
[2025-06-26T23:07:02.222+0000] {logging_mixin.py:190} INFO - [2025-06-26T23:07:02.222+0000] {dag.py:4180} INFO - Setting next_dagrun for dataset_with_extra_by_context to 2025-06-25 00:00:00+00:00, run_after=2025-06-26 00:00:00+00:00
[2025-06-26T23:07:02.229+0000] {logging_mixin.py:190} INFO - [2025-06-26T23:07:02.228+0000] {dag.py:4180} INFO - Setting next_dagrun for dataset_with_extra_by_yield to 2025-06-25 00:00:00+00:00, run_after=2025-06-26 00:00:00+00:00
[2025-06-26T23:07:02.233+0000] {logging_mixin.py:190} INFO - [2025-06-26T23:07:02.232+0000] {dag.py:4180} INFO - Setting next_dagrun for dataset_with_extra_from_classic_operator to 2025-06-25 00:00:00+00:00, run_after=2025-06-26 00:00:00+00:00
[2025-06-26T23:07:02.264+0000] {processor.py:208} INFO - Processing /home/airflow/.local/lib/python3.12/site-packages/airflow/example_dags/example_outlet_event_extra.py took 0.425 seconds
[2025-06-26T23:07:32.687+0000] {processor.py:186} INFO - Started process (PID=3014) to work on /home/airflow/.local/lib/python3.12/site-packages/airflow/example_dags/example_outlet_event_extra.py
[2025-06-26T23:07:32.688+0000] {processor.py:914} INFO - Processing file /home/airflow/.local/lib/python3.12/site-packages/airflow/example_dags/example_outlet_event_extra.py for tasks to queue
[2025-06-26T23:07:32.690+0000] {logging_mixin.py:190} INFO - [2025-06-26T23:07:32.689+0000] {dagbag.py:588} INFO - Filling up the DagBag from /home/airflow/.local/lib/python3.12/site-packages/airflow/example_dags/example_outlet_event_extra.py
[2025-06-26T23:07:32.993+0000] {processor.py:925} INFO - DAG(s) 'dataset_with_extra_by_context', 'dataset_with_extra_by_yield', 'dataset_with_extra_from_classic_operator' retrieved from /home/airflow/.local/lib/python3.12/site-packages/airflow/example_dags/example_outlet_event_extra.py
[2025-06-26T23:07:33.014+0000] {logging_mixin.py:190} INFO - [2025-06-26T23:07:33.014+0000] {dag.py:3239} INFO - Sync 3 DAGs
[2025-06-26T23:07:33.032+0000] {logging_mixin.py:190} INFO - [2025-06-26T23:07:33.032+0000] {dag.py:4180} INFO - Setting next_dagrun for dataset_with_extra_by_context to 2025-06-25 00:00:00+00:00, run_after=2025-06-26 00:00:00+00:00
[2025-06-26T23:07:33.037+0000] {logging_mixin.py:190} INFO - [2025-06-26T23:07:33.037+0000] {dag.py:4180} INFO - Setting next_dagrun for dataset_with_extra_by_yield to 2025-06-25 00:00:00+00:00, run_after=2025-06-26 00:00:00+00:00
[2025-06-26T23:07:33.040+0000] {logging_mixin.py:190} INFO - [2025-06-26T23:07:33.039+0000] {dag.py:4180} INFO - Setting next_dagrun for dataset_with_extra_from_classic_operator to 2025-06-25 00:00:00+00:00, run_after=2025-06-26 00:00:00+00:00
[2025-06-26T23:07:33.063+0000] {processor.py:208} INFO - Processing /home/airflow/.local/lib/python3.12/site-packages/airflow/example_dags/example_outlet_event_extra.py took 0.381 seconds
[2025-06-26T23:08:03.851+0000] {processor.py:186} INFO - Started process (PID=3076) to work on /home/airflow/.local/lib/python3.12/site-packages/airflow/example_dags/example_outlet_event_extra.py
[2025-06-26T23:08:03.852+0000] {processor.py:914} INFO - Processing file /home/airflow/.local/lib/python3.12/site-packages/airflow/example_dags/example_outlet_event_extra.py for tasks to queue
[2025-06-26T23:08:03.854+0000] {logging_mixin.py:190} INFO - [2025-06-26T23:08:03.854+0000] {dagbag.py:588} INFO - Filling up the DagBag from /home/airflow/.local/lib/python3.12/site-packages/airflow/example_dags/example_outlet_event_extra.py
[2025-06-26T23:08:04.176+0000] {processor.py:925} INFO - DAG(s) 'dataset_with_extra_by_context', 'dataset_with_extra_from_classic_operator', 'dataset_with_extra_by_yield' retrieved from /home/airflow/.local/lib/python3.12/site-packages/airflow/example_dags/example_outlet_event_extra.py
[2025-06-26T23:08:04.198+0000] {logging_mixin.py:190} INFO - [2025-06-26T23:08:04.197+0000] {dag.py:3239} INFO - Sync 3 DAGs
[2025-06-26T23:08:04.216+0000] {logging_mixin.py:190} INFO - [2025-06-26T23:08:04.216+0000] {dag.py:4180} INFO - Setting next_dagrun for dataset_with_extra_by_context to 2025-06-25 00:00:00+00:00, run_after=2025-06-26 00:00:00+00:00
[2025-06-26T23:08:04.220+0000] {logging_mixin.py:190} INFO - [2025-06-26T23:08:04.220+0000] {dag.py:4180} INFO - Setting next_dagrun for dataset_with_extra_by_yield to 2025-06-25 00:00:00+00:00, run_after=2025-06-26 00:00:00+00:00
[2025-06-26T23:08:04.222+0000] {logging_mixin.py:190} INFO - [2025-06-26T23:08:04.222+0000] {dag.py:4180} INFO - Setting next_dagrun for dataset_with_extra_from_classic_operator to 2025-06-25 00:00:00+00:00, run_after=2025-06-26 00:00:00+00:00
[2025-06-26T23:08:04.244+0000] {processor.py:208} INFO - Processing /home/airflow/.local/lib/python3.12/site-packages/airflow/example_dags/example_outlet_event_extra.py took 0.399 seconds
[2025-06-26T23:08:34.630+0000] {processor.py:186} INFO - Started process (PID=3138) to work on /home/airflow/.local/lib/python3.12/site-packages/airflow/example_dags/example_outlet_event_extra.py
[2025-06-26T23:08:34.631+0000] {processor.py:914} INFO - Processing file /home/airflow/.local/lib/python3.12/site-packages/airflow/example_dags/example_outlet_event_extra.py for tasks to queue
[2025-06-26T23:08:34.633+0000] {logging_mixin.py:190} INFO - [2025-06-26T23:08:34.633+0000] {dagbag.py:588} INFO - Filling up the DagBag from /home/airflow/.local/lib/python3.12/site-packages/airflow/example_dags/example_outlet_event_extra.py
[2025-06-26T23:08:34.973+0000] {processor.py:925} INFO - DAG(s) 'dataset_with_extra_by_yield', 'dataset_with_extra_by_context', 'dataset_with_extra_from_classic_operator' retrieved from /home/airflow/.local/lib/python3.12/site-packages/airflow/example_dags/example_outlet_event_extra.py
[2025-06-26T23:08:34.994+0000] {logging_mixin.py:190} INFO - [2025-06-26T23:08:34.994+0000] {dag.py:3239} INFO - Sync 3 DAGs
[2025-06-26T23:08:35.016+0000] {logging_mixin.py:190} INFO - [2025-06-26T23:08:35.016+0000] {dag.py:4180} INFO - Setting next_dagrun for dataset_with_extra_by_context to 2025-06-25 00:00:00+00:00, run_after=2025-06-26 00:00:00+00:00
[2025-06-26T23:08:35.022+0000] {logging_mixin.py:190} INFO - [2025-06-26T23:08:35.022+0000] {dag.py:4180} INFO - Setting next_dagrun for dataset_with_extra_by_yield to 2025-06-25 00:00:00+00:00, run_after=2025-06-26 00:00:00+00:00
[2025-06-26T23:08:35.025+0000] {logging_mixin.py:190} INFO - [2025-06-26T23:08:35.025+0000] {dag.py:4180} INFO - Setting next_dagrun for dataset_with_extra_from_classic_operator to 2025-06-25 00:00:00+00:00, run_after=2025-06-26 00:00:00+00:00
[2025-06-26T23:08:35.049+0000] {processor.py:208} INFO - Processing /home/airflow/.local/lib/python3.12/site-packages/airflow/example_dags/example_outlet_event_extra.py took 0.424 seconds
[2025-06-26T23:09:05.605+0000] {processor.py:186} INFO - Started process (PID=3206) to work on /home/airflow/.local/lib/python3.12/site-packages/airflow/example_dags/example_outlet_event_extra.py
[2025-06-26T23:09:05.606+0000] {processor.py:914} INFO - Processing file /home/airflow/.local/lib/python3.12/site-packages/airflow/example_dags/example_outlet_event_extra.py for tasks to queue
[2025-06-26T23:09:05.608+0000] {logging_mixin.py:190} INFO - [2025-06-26T23:09:05.608+0000] {dagbag.py:588} INFO - Filling up the DagBag from /home/airflow/.local/lib/python3.12/site-packages/airflow/example_dags/example_outlet_event_extra.py
[2025-06-26T23:09:05.902+0000] {processor.py:925} INFO - DAG(s) 'dataset_with_extra_by_context', 'dataset_with_extra_by_yield', 'dataset_with_extra_from_classic_operator' retrieved from /home/airflow/.local/lib/python3.12/site-packages/airflow/example_dags/example_outlet_event_extra.py
[2025-06-26T23:09:05.925+0000] {logging_mixin.py:190} INFO - [2025-06-26T23:09:05.925+0000] {dag.py:3239} INFO - Sync 3 DAGs
[2025-06-26T23:09:05.946+0000] {logging_mixin.py:190} INFO - [2025-06-26T23:09:05.945+0000] {dag.py:4180} INFO - Setting next_dagrun for dataset_with_extra_by_context to 2025-06-25 00:00:00+00:00, run_after=2025-06-26 00:00:00+00:00
[2025-06-26T23:09:05.949+0000] {logging_mixin.py:190} INFO - [2025-06-26T23:09:05.949+0000] {dag.py:4180} INFO - Setting next_dagrun for dataset_with_extra_by_yield to 2025-06-25 00:00:00+00:00, run_after=2025-06-26 00:00:00+00:00
[2025-06-26T23:09:05.951+0000] {logging_mixin.py:190} INFO - [2025-06-26T23:09:05.951+0000] {dag.py:4180} INFO - Setting next_dagrun for dataset_with_extra_from_classic_operator to 2025-06-25 00:00:00+00:00, run_after=2025-06-26 00:00:00+00:00
[2025-06-26T23:09:05.973+0000] {processor.py:208} INFO - Processing /home/airflow/.local/lib/python3.12/site-packages/airflow/example_dags/example_outlet_event_extra.py took 0.374 seconds
[2025-06-26T23:09:36.711+0000] {processor.py:186} INFO - Started process (PID=3268) to work on /home/airflow/.local/lib/python3.12/site-packages/airflow/example_dags/example_outlet_event_extra.py
[2025-06-26T23:09:36.712+0000] {processor.py:914} INFO - Processing file /home/airflow/.local/lib/python3.12/site-packages/airflow/example_dags/example_outlet_event_extra.py for tasks to queue
[2025-06-26T23:09:36.714+0000] {logging_mixin.py:190} INFO - [2025-06-26T23:09:36.714+0000] {dagbag.py:588} INFO - Filling up the DagBag from /home/airflow/.local/lib/python3.12/site-packages/airflow/example_dags/example_outlet_event_extra.py
[2025-06-26T23:09:37.044+0000] {processor.py:925} INFO - DAG(s) 'dataset_with_extra_from_classic_operator', 'dataset_with_extra_by_context', 'dataset_with_extra_by_yield' retrieved from /home/airflow/.local/lib/python3.12/site-packages/airflow/example_dags/example_outlet_event_extra.py
[2025-06-26T23:09:37.064+0000] {logging_mixin.py:190} INFO - [2025-06-26T23:09:37.064+0000] {dag.py:3239} INFO - Sync 3 DAGs
[2025-06-26T23:09:37.084+0000] {logging_mixin.py:190} INFO - [2025-06-26T23:09:37.084+0000] {dag.py:4180} INFO - Setting next_dagrun for dataset_with_extra_by_context to 2025-06-25 00:00:00+00:00, run_after=2025-06-26 00:00:00+00:00
[2025-06-26T23:09:37.088+0000] {logging_mixin.py:190} INFO - [2025-06-26T23:09:37.088+0000] {dag.py:4180} INFO - Setting next_dagrun for dataset_with_extra_by_yield to 2025-06-25 00:00:00+00:00, run_after=2025-06-26 00:00:00+00:00
[2025-06-26T23:09:37.090+0000] {logging_mixin.py:190} INFO - [2025-06-26T23:09:37.090+0000] {dag.py:4180} INFO - Setting next_dagrun for dataset_with_extra_from_classic_operator to 2025-06-25 00:00:00+00:00, run_after=2025-06-26 00:00:00+00:00
[2025-06-26T23:09:37.110+0000] {processor.py:208} INFO - Processing /home/airflow/.local/lib/python3.12/site-packages/airflow/example_dags/example_outlet_event_extra.py took 0.404 seconds
[2025-06-26T23:10:07.716+0000] {processor.py:186} INFO - Started process (PID=3330) to work on /home/airflow/.local/lib/python3.12/site-packages/airflow/example_dags/example_outlet_event_extra.py
[2025-06-26T23:10:07.716+0000] {processor.py:914} INFO - Processing file /home/airflow/.local/lib/python3.12/site-packages/airflow/example_dags/example_outlet_event_extra.py for tasks to queue
[2025-06-26T23:10:07.719+0000] {logging_mixin.py:190} INFO - [2025-06-26T23:10:07.718+0000] {dagbag.py:588} INFO - Filling up the DagBag from /home/airflow/.local/lib/python3.12/site-packages/airflow/example_dags/example_outlet_event_extra.py
[2025-06-26T23:10:08.046+0000] {processor.py:925} INFO - DAG(s) 'dataset_with_extra_from_classic_operator', 'dataset_with_extra_by_yield', 'dataset_with_extra_by_context' retrieved from /home/airflow/.local/lib/python3.12/site-packages/airflow/example_dags/example_outlet_event_extra.py
[2025-06-26T23:10:08.071+0000] {logging_mixin.py:190} INFO - [2025-06-26T23:10:08.071+0000] {dag.py:3239} INFO - Sync 3 DAGs
[2025-06-26T23:10:08.096+0000] {logging_mixin.py:190} INFO - [2025-06-26T23:10:08.096+0000] {dag.py:4180} INFO - Setting next_dagrun for dataset_with_extra_by_context to 2025-06-25 00:00:00+00:00, run_after=2025-06-26 00:00:00+00:00
[2025-06-26T23:10:08.102+0000] {logging_mixin.py:190} INFO - [2025-06-26T23:10:08.102+0000] {dag.py:4180} INFO - Setting next_dagrun for dataset_with_extra_by_yield to 2025-06-25 00:00:00+00:00, run_after=2025-06-26 00:00:00+00:00
[2025-06-26T23:10:08.105+0000] {logging_mixin.py:190} INFO - [2025-06-26T23:10:08.105+0000] {dag.py:4180} INFO - Setting next_dagrun for dataset_with_extra_from_classic_operator to 2025-06-25 00:00:00+00:00, run_after=2025-06-26 00:00:00+00:00
[2025-06-26T23:10:08.131+0000] {processor.py:208} INFO - Processing /home/airflow/.local/lib/python3.12/site-packages/airflow/example_dags/example_outlet_event_extra.py took 0.421 seconds
